timestamp,tag,student,question,run,model,use_solution,use_reasoning,use_breakdown,use_guidelines,strictness,temperature,score,bonus
2026-05-19 14:07:19,L-E01_m-qwen2.5-coder-32b_sol1_gd1_rs0_bd1_str-neutral_t05_n5,1,1,1,Qwen/Qwen2.5-Coder-32B-Instruct,1,0,1,1,neutral,0.5,4.0,0.0
2026-05-19 14:07:27,L-E01_m-qwen2.5-coder-32b_sol1_gd1_rs0_bd1_str-neutral_t05_n5,1,1,2,Qwen/Qwen2.5-Coder-32B-Instruct,1,0,1,1,neutral,0.5,7.5,0.0
2026-05-19 14:07:34,L-E01_m-qwen2.5-coder-32b_sol1_gd1_rs0_bd1_str-neutral_t05_n5,1,1,3,Qwen/Qwen2.5-Coder-32B-Instruct,1,0,1,1,neutral,0.5,5.5,0.0
2026-05-19 14:07:42,L-E01_m-qwen2.5-coder-32b_sol1_gd1_rs0_bd1_str-neutral_t05_n5,1,1,4,Qwen/Qwen2.5-Coder-32B-Instruct,1,0,1,1,neutral,0.5,6.5,0.0
2026-05-19 14:07:56,L-E01_m-qwen2.5-coder-32b_sol1_gd1_rs0_bd1_str-neutral_t05_n5,1,1,5,Qwen/Qwen2.5-Coder-32B-Instruct,1,0,1,1,neutral,0.5,4.0,0.0
2026-05-19 14:08:04,L-E01_m-qwen2.5-coder-32b_sol1_gd1_rs0_bd1_str-neutral_t05_n5,1,2,1,Qwen/Qwen2.5-Coder-32B-Instruct,1,0,1,1,neutral,0.5,7.0,0.0
2026-05-19 14:08:11,L-E01_m-qwen2.5-coder-32b_sol1_gd1_rs0_bd1_str-neutral_t05_n5,1,2,2,Qwen/Qwen2.5-Coder-32B-Instruct,1,0,1,1,neutral,0.5,6.0,0.0
2026-05-19 14:08:19,L-E01_m-qwen2.5-coder-32b_sol1_gd1_rs0_bd1_str-neutral_t05_n5,1,2,3,Qwen/Qwen2.5-Coder-32B-Instruct,1,0,1,1,neutral,0.5,6.0,0.0
2026-05-19 14:08:26,L-E01_m-qwen2.5-coder-32b_sol1_gd1_rs0_bd1_str-neutral_t05_n5,1,2,4,Qwen/Qwen2.5-Coder-32B-Instruct,1,0,1,1,neutral,0.5,6.0,0.0
2026-05-19 14:08:33,L-E01_m-qwen2.5-coder-32b_sol1_gd1_rs0_bd1_str-neutral_t05_n5,1,2,5,Qwen/Qwen2.5-Coder-32B-Instruct,1,0,1,1,neutral,0.5,7.0,0.0
2026-05-19 14:08:44,L-E01_m-qwen2.5-coder-32b_sol1_gd1_rs0_bd1_str-neutral_t05_n5,1,3,1,Qwen/Qwen2.5-Coder-32B-Instruct,1,0,1,1,neutral,0.5,4.0,0.0
2026-05-19 14:08:49,L-E01_m-qwen2.5-coder-32b_sol1_gd1_rs0_bd1_str-neutral_t05_n5,1,3,2,Qwen/Qwen2.5-Coder-32B-Instruct,1,0,1,1,neutral,0.5,4.0,0.0
2026-05-19 14:08:55,L-E01_m-qwen2.5-coder-32b_sol1_gd1_rs0_bd1_str-neutral_t05_n5,1,3,3,Qwen/Qwen2.5-Coder-32B-Instruct,1,0,1,1,neutral,0.5,5.0,0.0
2026-05-19 14:09:01,L-E01_m-qwen2.5-coder-32b_sol1_gd1_rs0_bd1_str-neutral_t05_n5,1,3,4,Qwen/Qwen2.5-Coder-32B-Instruct,1,0,1,1,neutral,0.5,6.0,0.0
2026-05-19 14:09:06,L-E01_m-qwen2.5-coder-32b_sol1_gd1_rs0_bd1_str-neutral_t05_n5,1,3,5,Qwen/Qwen2.5-Coder-32B-Instruct,1,0,1,1,neutral,0.5,5.0,0.0
2026-05-19 14:09:13,L-E01_m-qwen2.5-coder-32b_sol1_gd1_rs0_bd1_str-neutral_t05_n5,2,1,1,Qwen/Qwen2.5-Coder-32B-Instruct,1,0,1,1,neutral,0.5,10.0,0.0
2026-05-19 14:09:21,L-E01_m-qwen2.5-coder-32b_sol1_gd1_rs0_bd1_str-neutral_t05_n5,2,1,2,Qwen/Qwen2.5-Coder-32B-Instruct,1,0,1,1,neutral,0.5,7.5,0.0
2026-05-19 14:09:33,L-E01_m-qwen2.5-coder-32b_sol1_gd1_rs0_bd1_str-neutral_t05_n5,2,1,3,Qwen/Qwen2.5-Coder-32B-Instruct,1,0,1,1,neutral,0.5,7.0,0.0
2026-05-19 14:09:40,L-E01_m-qwen2.5-coder-32b_sol1_gd1_rs0_bd1_str-neutral_t05_n5,2,1,4,Qwen/Qwen2.5-Coder-32B-Instruct,1,0,1,1,neutral,0.5,8.0,0.0
2026-05-19 14:09:48,L-E01_m-qwen2.5-coder-32b_sol1_gd1_rs0_bd1_str-neutral_t05_n5,2,1,5,Qwen/Qwen2.5-Coder-32B-Instruct,1,0,1,1,neutral,0.5,8.0,0.0
2026-05-19 14:09:59,L-E01_m-qwen2.5-coder-32b_sol1_gd1_rs0_bd1_str-neutral_t05_n5,2,2,1,Qwen/Qwen2.5-Coder-32B-Instruct,1,0,1,1,neutral,0.5,7.5,0.0
2026-05-19 14:10:06,L-E01_m-qwen2.5-coder-32b_sol1_gd1_rs0_bd1_str-neutral_t05_n5,2,2,2,Qwen/Qwen2.5-Coder-32B-Instruct,1,0,1,1,neutral,0.5,8.0,1.0
2026-05-19 14:10:15,L-E01_m-qwen2.5-coder-32b_sol1_gd1_rs0_bd1_str-neutral_t05_n5,2,2,3,Qwen/Qwen2.5-Coder-32B-Instruct,1,0,1,1,neutral,0.5,8.5,1.0
2026-05-19 14:10:22,L-E01_m-qwen2.5-coder-32b_sol1_gd1_rs0_bd1_str-neutral_t05_n5,2,2,4,Qwen/Qwen2.5-Coder-32B-Instruct,1,0,1,1,neutral,0.5,8.5,1.0
2026-05-19 14:10:29,L-E01_m-qwen2.5-coder-32b_sol1_gd1_rs0_bd1_str-neutral_t05_n5,2,2,5,Qwen/Qwen2.5-Coder-32B-Instruct,1,0,1,1,neutral,0.5,8.5,0.0
2026-05-19 14:10:36,L-E01_m-qwen2.5-coder-32b_sol1_gd1_rs0_bd1_str-neutral_t05_n5,2,3,1,Qwen/Qwen2.5-Coder-32B-Instruct,1,0,1,1,neutral,0.5,8.0,0.0
2026-05-19 14:10:42,L-E01_m-qwen2.5-coder-32b_sol1_gd1_rs0_bd1_str-neutral_t05_n5,2,3,2,Qwen/Qwen2.5-Coder-32B-Instruct,1,0,1,1,neutral,0.5,8.5,0.0
2026-05-19 14:10:47,L-E01_m-qwen2.5-coder-32b_sol1_gd1_rs0_bd1_str-neutral_t05_n5,2,3,3,Qwen/Qwen2.5-Coder-32B-Instruct,1,0,1,1,neutral,0.5,8.5,0.0
2026-05-19 14:10:55,L-E01_m-qwen2.5-coder-32b_sol1_gd1_rs0_bd1_str-neutral_t05_n5,2,3,4,Qwen/Qwen2.5-Coder-32B-Instruct,1,0,1,1,neutral,0.5,9.0,0.0
2026-05-19 14:11:05,L-E01_m-qwen2.5-coder-32b_sol1_gd1_rs0_bd1_str-neutral_t05_n5,2,3,5,Qwen/Qwen2.5-Coder-32B-Instruct,1,0,1,1,neutral,0.5,8.5,0.0
2026-05-19 14:11:12,L-E01_m-qwen2.5-coder-32b_sol1_gd1_rs0_bd1_str-neutral_t05_n5,3,1,1,Qwen/Qwen2.5-Coder-32B-Instruct,1,0,1,1,neutral,0.5,10.5,0.0
2026-05-19 14:11:20,L-E01_m-qwen2.5-coder-32b_sol1_gd1_rs0_bd1_str-neutral_t05_n5,3,1,2,Qwen/Qwen2.5-Coder-32B-Instruct,1,0,1,1,neutral,0.5,10.0,0.0
2026-05-19 14:11:27,L-E01_m-qwen2.5-coder-32b_sol1_gd1_rs0_bd1_str-neutral_t05_n5,3,1,3,Qwen/Qwen2.5-Coder-32B-Instruct,1,0,1,1,neutral,0.5,10.5,0.0
2026-05-19 14:11:35,L-E01_m-qwen2.5-coder-32b_sol1_gd1_rs0_bd1_str-neutral_t05_n5,3,1,4,Qwen/Qwen2.5-Coder-32B-Instruct,1,0,1,1,neutral,0.5,11.0,0.0
2026-05-19 14:11:43,L-E01_m-qwen2.5-coder-32b_sol1_gd1_rs0_bd1_str-neutral_t05_n5,3,1,5,Qwen/Qwen2.5-Coder-32B-Instruct,1,0,1,1,neutral,0.5,10.5,0.0
2026-05-19 14:11:53,L-E01_m-qwen2.5-coder-32b_sol1_gd1_rs0_bd1_str-neutral_t05_n5,3,2,1,Qwen/Qwen2.5-Coder-32B-Instruct,1,0,1,1,neutral,0.5,8.5,0.0
2026-05-19 14:12:03,L-E01_m-qwen2.5-coder-32b_sol1_gd1_rs0_bd1_str-neutral_t05_n5,3,2,2,Qwen/Qwen2.5-Coder-32B-Instruct,1,0,1,1,neutral,0.5,7.0,0.0
2026-05-19 14:12:11,L-E01_m-qwen2.5-coder-32b_sol1_gd1_rs0_bd1_str-neutral_t05_n5,3,2,3,Qwen/Qwen2.5-Coder-32B-Instruct,1,0,1,1,neutral,0.5,7.0,0.0
2026-05-19 14:12:23,L-E01_m-qwen2.5-coder-32b_sol1_gd1_rs0_bd1_str-neutral_t05_n5,3,2,4,Qwen/Qwen2.5-Coder-32B-Instruct,1,0,1,1,neutral,0.5,7.0,0.0
2026-05-19 14:12:33,L-E01_m-qwen2.5-coder-32b_sol1_gd1_rs0_bd1_str-neutral_t05_n5,3,2,5,Qwen/Qwen2.5-Coder-32B-Instruct,1,0,1,1,neutral,0.5,7.5,0.0
2026-05-19 14:12:39,L-E01_m-qwen2.5-coder-32b_sol1_gd1_rs0_bd1_str-neutral_t05_n5,3,3,1,Qwen/Qwen2.5-Coder-32B-Instruct,1,0,1,1,neutral,0.5,11.0,0.0
2026-05-19 14:12:47,L-E01_m-qwen2.5-coder-32b_sol1_gd1_rs0_bd1_str-neutral_t05_n5,3,3,2,Qwen/Qwen2.5-Coder-32B-Instruct,1,0,1,1,neutral,0.5,10.5,0.0
2026-05-19 14:12:52,L-E01_m-qwen2.5-coder-32b_sol1_gd1_rs0_bd1_str-neutral_t05_n5,3,3,3,Qwen/Qwen2.5-Coder-32B-Instruct,1,0,1,1,neutral,0.5,9.0,0.0
2026-05-19 14:12:58,L-E01_m-qwen2.5-coder-32b_sol1_gd1_rs0_bd1_str-neutral_t05_n5,3,3,4,Qwen/Qwen2.5-Coder-32B-Instruct,1,0,1,1,neutral,0.5,11.0,0.0
2026-05-19 14:13:06,L-E01_m-qwen2.5-coder-32b_sol1_gd1_rs0_bd1_str-neutral_t05_n5,3,3,5,Qwen/Qwen2.5-Coder-32B-Instruct,1,0,1,1,neutral,0.5,8.5,0.0
2026-05-19 14:13:18,L-E01_m-qwen2.5-coder-32b_sol1_gd1_rs0_bd1_str-neutral_t05_n5,4,1,1,Qwen/Qwen2.5-Coder-32B-Instruct,1,0,1,1,neutral,0.5,8.5,3.0
2026-05-19 14:13:26,L-E01_m-qwen2.5-coder-32b_sol1_gd1_rs0_bd1_str-neutral_t05_n5,4,1,2,Qwen/Qwen2.5-Coder-32B-Instruct,1,0,1,1,neutral,0.5,8.0,3.0
2026-05-19 14:13:37,L-E01_m-qwen2.5-coder-32b_sol1_gd1_rs0_bd1_str-neutral_t05_n5,4,1,3,Qwen/Qwen2.5-Coder-32B-Instruct,1,0,1,1,neutral,0.5,7.0,2.0
2026-05-19 14:13:44,L-E01_m-qwen2.5-coder-32b_sol1_gd1_rs0_bd1_str-neutral_t05_n5,4,1,4,Qwen/Qwen2.5-Coder-32B-Instruct,1,0,1,1,neutral,0.5,8.0,2.0
2026-05-19 14:13:53,L-E01_m-qwen2.5-coder-32b_sol1_gd1_rs0_bd1_str-neutral_t05_n5,4,1,5,Qwen/Qwen2.5-Coder-32B-Instruct,1,0,1,1,neutral,0.5,7.0,0.0
2026-05-19 14:14:00,L-E01_m-qwen2.5-coder-32b_sol1_gd1_rs0_bd1_str-neutral_t05_n5,4,2,1,Qwen/Qwen2.5-Coder-32B-Instruct,1,0,1,1,neutral,0.5,8.0,0.0
2026-05-19 14:14:07,L-E01_m-qwen2.5-coder-32b_sol1_gd1_rs0_bd1_str-neutral_t05_n5,4,2,2,Qwen/Qwen2.5-Coder-32B-Instruct,1,0,1,1,neutral,0.5,7.0,0.0
2026-05-19 14:14:16,L-E01_m-qwen2.5-coder-32b_sol1_gd1_rs0_bd1_str-neutral_t05_n5,4,2,3,Qwen/Qwen2.5-Coder-32B-Instruct,1,0,1,1,neutral,0.5,7.0,0.0
2026-05-19 14:14:23,L-E01_m-qwen2.5-coder-32b_sol1_gd1_rs0_bd1_str-neutral_t05_n5,4,2,4,Qwen/Qwen2.5-Coder-32B-Instruct,1,0,1,1,neutral,0.5,8.5,0.0
2026-05-19 14:14:30,L-E01_m-qwen2.5-coder-32b_sol1_gd1_rs0_bd1_str-neutral_t05_n5,4,2,5,Qwen/Qwen2.5-Coder-32B-Instruct,1,0,1,1,neutral,0.5,7.5,0.0
2026-05-19 14:14:40,L-E01_m-qwen2.5-coder-32b_sol1_gd1_rs0_bd1_str-neutral_t05_n5,4,3,1,Qwen/Qwen2.5-Coder-32B-Instruct,1,0,1,1,neutral,0.5,6.0,0.0
2026-05-19 14:14:45,L-E01_m-qwen2.5-coder-32b_sol1_gd1_rs0_bd1_str-neutral_t05_n5,4,3,2,Qwen/Qwen2.5-Coder-32B-Instruct,1,0,1,1,neutral,0.5,7.0,0.0
2026-05-19 14:14:51,L-E01_m-qwen2.5-coder-32b_sol1_gd1_rs0_bd1_str-neutral_t05_n5,4,3,3,Qwen/Qwen2.5-Coder-32B-Instruct,1,0,1,1,neutral,0.5,5.0,0.0
2026-05-19 14:14:58,L-E01_m-qwen2.5-coder-32b_sol1_gd1_rs0_bd1_str-neutral_t05_n5,4,3,4,Qwen/Qwen2.5-Coder-32B-Instruct,1,0,1,1,neutral,0.5,6.0,0.0
2026-05-19 14:15:09,L-E01_m-qwen2.5-coder-32b_sol1_gd1_rs0_bd1_str-neutral_t05_n5,4,3,5,Qwen/Qwen2.5-Coder-32B-Instruct,1,0,1,1,neutral,0.5,4.0,0.0
2026-05-19 14:15:12,L-E01_m-qwen2.5-coder-32b_sol1_gd1_rs0_bd1_str-neutral_t05_n5,4,4,1,Qwen/Qwen2.5-Coder-32B-Instruct,1,0,1,1,neutral,0.5,5.0,0.0
2026-05-19 14:15:15,L-E01_m-qwen2.5-coder-32b_sol1_gd1_rs0_bd1_str-neutral_t05_n5,4,4,2,Qwen/Qwen2.5-Coder-32B-Instruct,1,0,1,1,neutral,0.5,5.0,0.0
2026-05-19 14:15:18,L-E01_m-qwen2.5-coder-32b_sol1_gd1_rs0_bd1_str-neutral_t05_n5,4,4,3,Qwen/Qwen2.5-Coder-32B-Instruct,1,0,1,1,neutral,0.5,5.0,0.0
2026-05-19 14:15:20,L-E01_m-qwen2.5-coder-32b_sol1_gd1_rs0_bd1_str-neutral_t05_n5,4,4,4,Qwen/Qwen2.5-Coder-32B-Instruct,1,0,1,1,neutral,0.5,5.0,0.0
2026-05-19 14:15:23,L-E01_m-qwen2.5-coder-32b_sol1_gd1_rs0_bd1_str-neutral_t05_n5,4,4,5,Qwen/Qwen2.5-Coder-32B-Instruct,1,0,1,1,neutral,0.5,5.0,0.0
2026-05-19 14:15:32,L-E01_m-qwen2.5-coder-32b_sol1_gd1_rs0_bd1_str-neutral_t05_n5,5,1,1,Qwen/Qwen2.5-Coder-32B-Instruct,1,0,1,1,neutral,0.5,8.0,0.0
2026-05-19 14:15:40,L-E01_m-qwen2.5-coder-32b_sol1_gd1_rs0_bd1_str-neutral_t05_n5,5,1,2,Qwen/Qwen2.5-Coder-32B-Instruct,1,0,1,1,neutral,0.5,8.0,0.0
2026-05-19 14:15:48,L-E01_m-qwen2.5-coder-32b_sol1_gd1_rs0_bd1_str-neutral_t05_n5,5,1,3,Qwen/Qwen2.5-Coder-32B-Instruct,1,0,1,1,neutral,0.5,6.5,0.0
2026-05-19 14:15:55,L-E01_m-qwen2.5-coder-32b_sol1_gd1_rs0_bd1_str-neutral_t05_n5,5,1,4,Qwen/Qwen2.5-Coder-32B-Instruct,1,0,1,1,neutral,0.5,6.0,0.0
2026-05-19 14:16:07,L-E01_m-qwen2.5-coder-32b_sol1_gd1_rs0_bd1_str-neutral_t05_n5,5,1,5,Qwen/Qwen2.5-Coder-32B-Instruct,1,0,1,1,neutral,0.5,5.5,0.0
2026-05-19 14:16:14,L-E01_m-qwen2.5-coder-32b_sol1_gd1_rs0_bd1_str-neutral_t05_n5,5,2,1,Qwen/Qwen2.5-Coder-32B-Instruct,1,0,1,1,neutral,0.5,8.0,0.0
2026-05-19 14:16:24,L-E01_m-qwen2.5-coder-32b_sol1_gd1_rs0_bd1_str-neutral_t05_n5,5,2,2,Qwen/Qwen2.5-Coder-32B-Instruct,1,0,1,1,neutral,0.5,4.5,0.0
2026-05-19 14:16:31,L-E01_m-qwen2.5-coder-32b_sol1_gd1_rs0_bd1_str-neutral_t05_n5,5,2,3,Qwen/Qwen2.5-Coder-32B-Instruct,1,0,1,1,neutral,0.5,7.0,0.0
2026-05-19 14:16:38,L-E01_m-qwen2.5-coder-32b_sol1_gd1_rs0_bd1_str-neutral_t05_n5,5,2,4,Qwen/Qwen2.5-Coder-32B-Instruct,1,0,1,1,neutral,0.5,7.5,0.0
2026-05-19 14:16:49,L-E01_m-qwen2.5-coder-32b_sol1_gd1_rs0_bd1_str-neutral_t05_n5,5,2,5,Qwen/Qwen2.5-Coder-32B-Instruct,1,0,1,1,neutral,0.5,6.5,0.0
2026-05-19 14:16:57,L-E01_m-qwen2.5-coder-32b_sol1_gd1_rs0_bd1_str-neutral_t05_n5,5,3,1,Qwen/Qwen2.5-Coder-32B-Instruct,1,0,1,1,neutral,0.5,8.5,0.0
2026-05-19 14:17:06,L-E01_m-qwen2.5-coder-32b_sol1_gd1_rs0_bd1_str-neutral_t05_n5,5,3,2,Qwen/Qwen2.5-Coder-32B-Instruct,1,0,1,1,neutral,0.5,6.5,0.0
2026-05-19 14:17:11,L-E01_m-qwen2.5-coder-32b_sol1_gd1_rs0_bd1_str-neutral_t05_n5,5,3,3,Qwen/Qwen2.5-Coder-32B-Instruct,1,0,1,1,neutral,0.5,6.0,0.0
2026-05-19 14:17:16,L-E01_m-qwen2.5-coder-32b_sol1_gd1_rs0_bd1_str-neutral_t05_n5,5,3,4,Qwen/Qwen2.5-Coder-32B-Instruct,1,0,1,1,neutral,0.5,6.0,0.0
2026-05-19 14:17:24,L-E01_m-qwen2.5-coder-32b_sol1_gd1_rs0_bd1_str-neutral_t05_n5,5,3,5,Qwen/Qwen2.5-Coder-32B-Instruct,1,0,1,1,neutral,0.5,7.0,0.0
2026-05-19 14:17:37,L-E01_m-qwen2.5-coder-32b_sol1_gd1_rs0_bd1_str-neutral_t05_n5,6,1,1,Qwen/Qwen2.5-Coder-32B-Instruct,1,0,1,1,neutral,0.5,7.5,0.0
2026-05-19 14:17:44,L-E01_m-qwen2.5-coder-32b_sol1_gd1_rs0_bd1_str-neutral_t05_n5,6,1,2,Qwen/Qwen2.5-Coder-32B-Instruct,1,0,1,1,neutral,0.5,5.0,0.0
2026-05-19 14:17:55,L-E01_m-qwen2.5-coder-32b_sol1_gd1_rs0_bd1_str-neutral_t05_n5,6,1,3,Qwen/Qwen2.5-Coder-32B-Instruct,1,0,1,1,neutral,0.5,6.0,0.0
2026-05-19 14:18:06,L-E01_m-qwen2.5-coder-32b_sol1_gd1_rs0_bd1_str-neutral_t05_n5,6,1,4,Qwen/Qwen2.5-Coder-32B-Instruct,1,0,1,1,neutral,0.5,5.5,0.0
2026-05-19 14:18:17,L-E01_m-qwen2.5-coder-32b_sol1_gd1_rs0_bd1_str-neutral_t05_n5,6,1,5,Qwen/Qwen2.5-Coder-32B-Instruct,1,0,1,1,neutral,0.5,5.5,0.0
2026-05-19 14:18:24,L-E01_m-qwen2.5-coder-32b_sol1_gd1_rs0_bd1_str-neutral_t05_n5,6,2,1,Qwen/Qwen2.5-Coder-32B-Instruct,1,0,1,1,neutral,0.5,10.0,3.0
2026-05-19 14:18:31,L-E01_m-qwen2.5-coder-32b_sol1_gd1_rs0_bd1_str-neutral_t05_n5,6,2,2,Qwen/Qwen2.5-Coder-32B-Instruct,1,0,1,1,neutral,0.5,9.0,0.0
2026-05-19 14:18:37,L-E01_m-qwen2.5-coder-32b_sol1_gd1_rs0_bd1_str-neutral_t05_n5,6,2,3,Qwen/Qwen2.5-Coder-32B-Instruct,1,0,1,1,neutral,0.5,9.0,2.0
2026-05-19 14:18:44,L-E01_m-qwen2.5-coder-32b_sol1_gd1_rs0_bd1_str-neutral_t05_n5,6,2,4,Qwen/Qwen2.5-Coder-32B-Instruct,1,0,1,1,neutral,0.5,9.0,1.0
2026-05-19 14:18:50,L-E01_m-qwen2.5-coder-32b_sol1_gd1_rs0_bd1_str-neutral_t05_n5,6,2,5,Qwen/Qwen2.5-Coder-32B-Instruct,1,0,1,1,neutral,0.5,8.5,2.0
2026-05-19 14:18:58,L-E01_m-qwen2.5-coder-32b_sol1_gd1_rs0_bd1_str-neutral_t05_n5,6,3,1,Qwen/Qwen2.5-Coder-32B-Instruct,1,0,1,1,neutral,0.5,4.0,0.0
2026-05-19 14:19:06,L-E01_m-qwen2.5-coder-32b_sol1_gd1_rs0_bd1_str-neutral_t05_n5,6,3,2,Qwen/Qwen2.5-Coder-32B-Instruct,1,0,1,1,neutral,0.5,4.0,0.0
2026-05-19 14:19:11,L-E01_m-qwen2.5-coder-32b_sol1_gd1_rs0_bd1_str-neutral_t05_n5,6,3,3,Qwen/Qwen2.5-Coder-32B-Instruct,1,0,1,1,neutral,0.5,5.0,0.0
2026-05-19 14:19:17,L-E01_m-qwen2.5-coder-32b_sol1_gd1_rs0_bd1_str-neutral_t05_n5,6,3,4,Qwen/Qwen2.5-Coder-32B-Instruct,1,0,1,1,neutral,0.5,4.0,0.0
2026-05-19 14:19:27,L-E01_m-qwen2.5-coder-32b_sol1_gd1_rs0_bd1_str-neutral_t05_n5,6,3,5,Qwen/Qwen2.5-Coder-32B-Instruct,1,0,1,1,neutral,0.5,5.0,0.0
2026-05-19 14:19:30,L-E01_m-qwen2.5-coder-32b_sol1_gd1_rs0_bd1_str-neutral_t05_n5,6,4,1,Qwen/Qwen2.5-Coder-32B-Instruct,1,0,1,1,neutral,0.5,0.0,0.0
2026-05-19 14:19:33,L-E01_m-qwen2.5-coder-32b_sol1_gd1_rs0_bd1_str-neutral_t05_n5,6,4,2,Qwen/Qwen2.5-Coder-32B-Instruct,1,0,1,1,neutral,0.5,0.0,0.0
2026-05-19 14:19:36,L-E01_m-qwen2.5-coder-32b_sol1_gd1_rs0_bd1_str-neutral_t05_n5,6,4,3,Qwen/Qwen2.5-Coder-32B-Instruct,1,0,1,1,neutral,0.5,0.0,0.0
2026-05-19 14:19:38,L-E01_m-qwen2.5-coder-32b_sol1_gd1_rs0_bd1_str-neutral_t05_n5,6,4,4,Qwen/Qwen2.5-Coder-32B-Instruct,1,0,1,1,neutral,0.5,0.0,0.0
2026-05-19 14:19:41,L-E01_m-qwen2.5-coder-32b_sol1_gd1_rs0_bd1_str-neutral_t05_n5,6,4,5,Qwen/Qwen2.5-Coder-32B-Instruct,1,0,1,1,neutral,0.5,0.0,0.0
2026-05-19 14:19:49,L-E01_m-qwen2.5-coder-32b_sol1_gd1_rs0_bd1_str-neutral_t05_n5,7,1,1,Qwen/Qwen2.5-Coder-32B-Instruct,1,0,1,1,neutral,0.5,5.5,0.0
2026-05-19 14:19:58,L-E01_m-qwen2.5-coder-32b_sol1_gd1_rs0_bd1_str-neutral_t05_n5,7,1,2,Qwen/Qwen2.5-Coder-32B-Instruct,1,0,1,1,neutral,0.5,5.0,0.0
2026-05-19 14:20:05,L-E01_m-qwen2.5-coder-32b_sol1_gd1_rs0_bd1_str-neutral_t05_n5,7,1,3,Qwen/Qwen2.5-Coder-32B-Instruct,1,0,1,1,neutral,0.5,5.0,0.0
2026-05-19 14:20:15,L-E01_m-qwen2.5-coder-32b_sol1_gd1_rs0_bd1_str-neutral_t05_n5,7,1,4,Qwen/Qwen2.5-Coder-32B-Instruct,1,0,1,1,neutral,0.5,5.5,0.0
2026-05-19 14:20:23,L-E01_m-qwen2.5-coder-32b_sol1_gd1_rs0_bd1_str-neutral_t05_n5,7,1,5,Qwen/Qwen2.5-Coder-32B-Instruct,1,0,1,1,neutral,0.5,6.5,0.0
2026-05-19 14:20:33,L-E01_m-qwen2.5-coder-32b_sol1_gd1_rs0_bd1_str-neutral_t05_n5,7,2,1,Qwen/Qwen2.5-Coder-32B-Instruct,1,0,1,1,neutral,0.5,6.0,0.0
2026-05-19 14:20:43,L-E01_m-qwen2.5-coder-32b_sol1_gd1_rs0_bd1_str-neutral_t05_n5,7,2,2,Qwen/Qwen2.5-Coder-32B-Instruct,1,0,1,1,neutral,0.5,7.5,0.0
2026-05-19 14:20:53,L-E01_m-qwen2.5-coder-32b_sol1_gd1_rs0_bd1_str-neutral_t05_n5,7,2,3,Qwen/Qwen2.5-Coder-32B-Instruct,1,0,1,1,neutral,0.5,6.0,0.0
2026-05-19 14:21:04,L-E01_m-qwen2.5-coder-32b_sol1_gd1_rs0_bd1_str-neutral_t05_n5,7,2,4,Qwen/Qwen2.5-Coder-32B-Instruct,1,0,1,1,neutral,0.5,6.5,0.0
2026-05-19 14:21:11,L-E01_m-qwen2.5-coder-32b_sol1_gd1_rs0_bd1_str-neutral_t05_n5,7,2,5,Qwen/Qwen2.5-Coder-32B-Instruct,1,0,1,1,neutral,0.5,6.0,0.0
2026-05-19 14:21:16,L-E01_m-qwen2.5-coder-32b_sol1_gd1_rs0_bd1_str-neutral_t05_n5,7,3,1,Qwen/Qwen2.5-Coder-32B-Instruct,1,0,1,1,neutral,0.5,4.5,0.0
2026-05-19 14:21:22,L-E01_m-qwen2.5-coder-32b_sol1_gd1_rs0_bd1_str-neutral_t05_n5,7,3,2,Qwen/Qwen2.5-Coder-32B-Instruct,1,0,1,1,neutral,0.5,5.0,0.0
2026-05-19 14:21:31,L-E01_m-qwen2.5-coder-32b_sol1_gd1_rs0_bd1_str-neutral_t05_n5,7,3,3,Qwen/Qwen2.5-Coder-32B-Instruct,1,0,1,1,neutral,0.5,5.0,0.0
2026-05-19 14:21:40,L-E01_m-qwen2.5-coder-32b_sol1_gd1_rs0_bd1_str-neutral_t05_n5,7,3,4,Qwen/Qwen2.5-Coder-32B-Instruct,1,0,1,1,neutral,0.5,3.0,0.0
2026-05-19 14:21:46,L-E01_m-qwen2.5-coder-32b_sol1_gd1_rs0_bd1_str-neutral_t05_n5,7,3,5,Qwen/Qwen2.5-Coder-32B-Instruct,1,0,1,1,neutral,0.5,5.5,0.0
2026-05-19 14:21:58,L-E01_m-qwen2.5-coder-32b_sol1_gd1_rs0_bd1_str-neutral_t05_n5,8,1,1,Qwen/Qwen2.5-Coder-32B-Instruct,1,0,1,1,neutral,0.5,7.0,0.0
2026-05-19 14:22:06,L-E01_m-qwen2.5-coder-32b_sol1_gd1_rs0_bd1_str-neutral_t05_n5,8,1,2,Qwen/Qwen2.5-Coder-32B-Instruct,1,0,1,1,neutral,0.5,8.5,0.0
2026-05-19 14:22:13,L-E01_m-qwen2.5-coder-32b_sol1_gd1_rs0_bd1_str-neutral_t05_n5,8,1,3,Qwen/Qwen2.5-Coder-32B-Instruct,1,0,1,1,neutral,0.5,6.0,0.0
2026-05-19 14:22:20,L-E01_m-qwen2.5-coder-32b_sol1_gd1_rs0_bd1_str-neutral_t05_n5,8,1,4,Qwen/Qwen2.5-Coder-32B-Instruct,1,0,1,1,neutral,0.5,6.0,0.0
2026-05-19 14:22:28,L-E01_m-qwen2.5-coder-32b_sol1_gd1_rs0_bd1_str-neutral_t05_n5,8,1,5,Qwen/Qwen2.5-Coder-32B-Instruct,1,0,1,1,neutral,0.5,7.0,0.0
2026-05-19 14:22:36,L-E01_m-qwen2.5-coder-32b_sol1_gd1_rs0_bd1_str-neutral_t05_n5,8,2,1,Qwen/Qwen2.5-Coder-32B-Instruct,1,0,1,1,neutral,0.5,6.5,0.0
2026-05-19 14:22:43,L-E01_m-qwen2.5-coder-32b_sol1_gd1_rs0_bd1_str-neutral_t05_n5,8,2,2,Qwen/Qwen2.5-Coder-32B-Instruct,1,0,1,1,neutral,0.5,7.5,0.0
2026-05-19 14:22:53,L-E01_m-qwen2.5-coder-32b_sol1_gd1_rs0_bd1_str-neutral_t05_n5,8,2,3,Qwen/Qwen2.5-Coder-32B-Instruct,1,0,1,1,neutral,0.5,6.5,0.0
2026-05-19 14:23:00,L-E01_m-qwen2.5-coder-32b_sol1_gd1_rs0_bd1_str-neutral_t05_n5,8,2,4,Qwen/Qwen2.5-Coder-32B-Instruct,1,0,1,1,neutral,0.5,6.0,0.0
2026-05-19 14:23:12,L-E01_m-qwen2.5-coder-32b_sol1_gd1_rs0_bd1_str-neutral_t05_n5,8,2,5,Qwen/Qwen2.5-Coder-32B-Instruct,1,0,1,1,neutral,0.5,7.5,0.0
2026-05-19 14:23:19,L-E01_m-qwen2.5-coder-32b_sol1_gd1_rs0_bd1_str-neutral_t05_n5,8,3,1,Qwen/Qwen2.5-Coder-32B-Instruct,1,0,1,1,neutral,0.5,9.0,0.0
2026-05-19 14:23:32,L-E01_m-qwen2.5-coder-32b_sol1_gd1_rs0_bd1_str-neutral_t05_n5,8,3,2,Qwen/Qwen2.5-Coder-32B-Instruct,1,0,1,1,neutral,0.5,9.5,0.0
2026-05-19 14:23:39,L-E01_m-qwen2.5-coder-32b_sol1_gd1_rs0_bd1_str-neutral_t05_n5,8,3,3,Qwen/Qwen2.5-Coder-32B-Instruct,1,0,1,1,neutral,0.5,8.0,0.0
2026-05-19 14:23:45,L-E01_m-qwen2.5-coder-32b_sol1_gd1_rs0_bd1_str-neutral_t05_n5,8,3,4,Qwen/Qwen2.5-Coder-32B-Instruct,1,0,1,1,neutral,0.5,8.5,0.0
2026-05-19 14:23:50,L-E01_m-qwen2.5-coder-32b_sol1_gd1_rs0_bd1_str-neutral_t05_n5,8,3,5,Qwen/Qwen2.5-Coder-32B-Instruct,1,0,1,1,neutral,0.5,9.0,0.0
2026-05-19 14:24:02,L-E01_m-qwen2.5-coder-32b_sol1_gd1_rs0_bd1_str-neutral_t05_n5,9,1,1,Qwen/Qwen2.5-Coder-32B-Instruct,1,0,1,1,neutral,0.5,8.0,0.0
2026-05-19 14:24:10,L-E01_m-qwen2.5-coder-32b_sol1_gd1_rs0_bd1_str-neutral_t05_n5,9,1,2,Qwen/Qwen2.5-Coder-32B-Instruct,1,0,1,1,neutral,0.5,7.5,0.0
2026-05-19 14:24:18,L-E01_m-qwen2.5-coder-32b_sol1_gd1_rs0_bd1_str-neutral_t05_n5,9,1,3,Qwen/Qwen2.5-Coder-32B-Instruct,1,0,1,1,neutral,0.5,9.0,0.0
2026-05-19 14:24:27,L-E01_m-qwen2.5-coder-32b_sol1_gd1_rs0_bd1_str-neutral_t05_n5,9,1,4,Qwen/Qwen2.5-Coder-32B-Instruct,1,0,1,1,neutral,0.5,8.5,0.0
2026-05-19 14:24:35,L-E01_m-qwen2.5-coder-32b_sol1_gd1_rs0_bd1_str-neutral_t05_n5,9,1,5,Qwen/Qwen2.5-Coder-32B-Instruct,1,0,1,1,neutral,0.5,8.5,0.0
2026-05-19 14:24:45,L-E01_m-qwen2.5-coder-32b_sol1_gd1_rs0_bd1_str-neutral_t05_n5,9,2,1,Qwen/Qwen2.5-Coder-32B-Instruct,1,0,1,1,neutral,0.5,8.5,0.0
2026-05-19 14:24:55,L-E01_m-qwen2.5-coder-32b_sol1_gd1_rs0_bd1_str-neutral_t05_n5,9,2,2,Qwen/Qwen2.5-Coder-32B-Instruct,1,0,1,1,neutral,0.5,7.5,0.0
2026-05-19 14:25:03,L-E01_m-qwen2.5-coder-32b_sol1_gd1_rs0_bd1_str-neutral_t05_n5,9,2,3,Qwen/Qwen2.5-Coder-32B-Instruct,1,0,1,1,neutral,0.5,8.0,0.0
2026-05-19 14:25:14,L-E01_m-qwen2.5-coder-32b_sol1_gd1_rs0_bd1_str-neutral_t05_n5,9,2,4,Qwen/Qwen2.5-Coder-32B-Instruct,1,0,1,1,neutral,0.5,8.0,0.0
2026-05-19 14:25:21,L-E01_m-qwen2.5-coder-32b_sol1_gd1_rs0_bd1_str-neutral_t05_n5,9,2,5,Qwen/Qwen2.5-Coder-32B-Instruct,1,0,1,1,neutral,0.5,8.5,0.0
2026-05-19 14:25:27,L-E01_m-qwen2.5-coder-32b_sol1_gd1_rs0_bd1_str-neutral_t05_n5,9,3,1,Qwen/Qwen2.5-Coder-32B-Instruct,1,0,1,1,neutral,0.5,9.0,0.0
2026-05-19 14:25:35,L-E01_m-qwen2.5-coder-32b_sol1_gd1_rs0_bd1_str-neutral_t05_n5,9,3,2,Qwen/Qwen2.5-Coder-32B-Instruct,1,0,1,1,neutral,0.5,10.5,0.0
2026-05-19 14:25:41,L-E01_m-qwen2.5-coder-32b_sol1_gd1_rs0_bd1_str-neutral_t05_n5,9,3,3,Qwen/Qwen2.5-Coder-32B-Instruct,1,0,1,1,neutral,0.5,9.0,0.0
2026-05-19 14:25:46,L-E01_m-qwen2.5-coder-32b_sol1_gd1_rs0_bd1_str-neutral_t05_n5,9,3,4,Qwen/Qwen2.5-Coder-32B-Instruct,1,0,1,1,neutral,0.5,8.5,0.0
2026-05-19 14:25:53,L-E01_m-qwen2.5-coder-32b_sol1_gd1_rs0_bd1_str-neutral_t05_n5,9,3,5,Qwen/Qwen2.5-Coder-32B-Instruct,1,0,1,1,neutral,0.5,9.0,0.0
2026-05-19 14:26:02,L-E01_m-qwen2.5-coder-32b_sol1_gd1_rs0_bd1_str-neutral_t05_n5,10,1,1,Qwen/Qwen2.5-Coder-32B-Instruct,1,0,1,1,neutral,0.5,8.5,0.0
2026-05-19 14:26:10,L-E01_m-qwen2.5-coder-32b_sol1_gd1_rs0_bd1_str-neutral_t05_n5,10,1,2,Qwen/Qwen2.5-Coder-32B-Instruct,1,0,1,1,neutral,0.5,8.0,0.0
2026-05-19 14:26:22,L-E01_m-qwen2.5-coder-32b_sol1_gd1_rs0_bd1_str-neutral_t05_n5,10,1,3,Qwen/Qwen2.5-Coder-32B-Instruct,1,0,1,1,neutral,0.5,7.5,0.0
2026-05-19 14:26:30,L-E01_m-qwen2.5-coder-32b_sol1_gd1_rs0_bd1_str-neutral_t05_n5,10,1,4,Qwen/Qwen2.5-Coder-32B-Instruct,1,0,1,1,neutral,0.5,8.0,0.0
2026-05-19 14:26:38,L-E01_m-qwen2.5-coder-32b_sol1_gd1_rs0_bd1_str-neutral_t05_n5,10,1,5,Qwen/Qwen2.5-Coder-32B-Instruct,1,0,1,1,neutral,0.5,8.0,0.0
2026-05-19 14:26:45,L-E01_m-qwen2.5-coder-32b_sol1_gd1_rs0_bd1_str-neutral_t05_n5,10,2,1,Qwen/Qwen2.5-Coder-32B-Instruct,1,0,1,1,neutral,0.5,8.0,0.0
2026-05-19 14:26:54,L-E01_m-qwen2.5-coder-32b_sol1_gd1_rs0_bd1_str-neutral_t05_n5,10,2,2,Qwen/Qwen2.5-Coder-32B-Instruct,1,0,1,1,neutral,0.5,8.5,0.0
2026-05-19 14:27:03,L-E01_m-qwen2.5-coder-32b_sol1_gd1_rs0_bd1_str-neutral_t05_n5,10,2,3,Qwen/Qwen2.5-Coder-32B-Instruct,1,0,1,1,neutral,0.5,8.5,0.0
2026-05-19 14:27:11,L-E01_m-qwen2.5-coder-32b_sol1_gd1_rs0_bd1_str-neutral_t05_n5,10,2,4,Qwen/Qwen2.5-Coder-32B-Instruct,1,0,1,1,neutral,0.5,7.5,0.0
2026-05-19 14:27:20,L-E01_m-qwen2.5-coder-32b_sol1_gd1_rs0_bd1_str-neutral_t05_n5,10,2,5,Qwen/Qwen2.5-Coder-32B-Instruct,1,0,1,1,neutral,0.5,8.0,0.0
2026-05-19 14:27:27,L-E01_m-qwen2.5-coder-32b_sol1_gd1_rs0_bd1_str-neutral_t05_n5,10,3,1,Qwen/Qwen2.5-Coder-32B-Instruct,1,0,1,1,neutral,0.5,7.5,0.0
2026-05-19 14:27:33,L-E01_m-qwen2.5-coder-32b_sol1_gd1_rs0_bd1_str-neutral_t05_n5,10,3,2,Qwen/Qwen2.5-Coder-32B-Instruct,1,0,1,1,neutral,0.5,7.0,0.0
2026-05-19 14:27:41,L-E01_m-qwen2.5-coder-32b_sol1_gd1_rs0_bd1_str-neutral_t05_n5,10,3,3,Qwen/Qwen2.5-Coder-32B-Instruct,1,0,1,1,neutral,0.5,7.5,0.0
2026-05-19 14:27:49,L-E01_m-qwen2.5-coder-32b_sol1_gd1_rs0_bd1_str-neutral_t05_n5,10,3,4,Qwen/Qwen2.5-Coder-32B-Instruct,1,0,1,1,neutral,0.5,8.0,0.0
2026-05-19 14:27:55,L-E01_m-qwen2.5-coder-32b_sol1_gd1_rs0_bd1_str-neutral_t05_n5,10,3,5,Qwen/Qwen2.5-Coder-32B-Instruct,1,0,1,1,neutral,0.5,7.5,0.0
2026-05-19 14:28:03,L-E01_m-qwen2.5-coder-32b_sol1_gd1_rs0_bd1_str-neutral_t05_n5,11,1,1,Qwen/Qwen2.5-Coder-32B-Instruct,1,0,1,1,neutral,0.5,7.0,0.0
2026-05-19 14:28:11,L-E01_m-qwen2.5-coder-32b_sol1_gd1_rs0_bd1_str-neutral_t05_n5,11,1,2,Qwen/Qwen2.5-Coder-32B-Instruct,1,0,1,1,neutral,0.5,5.5,0.0
2026-05-19 14:28:19,L-E01_m-qwen2.5-coder-32b_sol1_gd1_rs0_bd1_str-neutral_t05_n5,11,1,3,Qwen/Qwen2.5-Coder-32B-Instruct,1,0,1,1,neutral,0.5,6.0,0.0
2026-05-19 14:28:27,L-E01_m-qwen2.5-coder-32b_sol1_gd1_rs0_bd1_str-neutral_t05_n5,11,1,4,Qwen/Qwen2.5-Coder-32B-Instruct,1,0,1,1,neutral,0.5,6.5,0.0
2026-05-19 14:28:35,L-E01_m-qwen2.5-coder-32b_sol1_gd1_rs0_bd1_str-neutral_t05_n5,11,1,5,Qwen/Qwen2.5-Coder-32B-Instruct,1,0,1,1,neutral,0.5,7.0,0.0
2026-05-19 14:28:45,L-E01_m-qwen2.5-coder-32b_sol1_gd1_rs0_bd1_str-neutral_t05_n5,11,2,1,Qwen/Qwen2.5-Coder-32B-Instruct,1,0,1,1,neutral,0.5,7.0,0.0
2026-05-19 14:28:55,L-E01_m-qwen2.5-coder-32b_sol1_gd1_rs0_bd1_str-neutral_t05_n5,11,2,2,Qwen/Qwen2.5-Coder-32B-Instruct,1,0,1,1,neutral,0.5,7.0,0.0
2026-05-19 14:29:03,L-E01_m-qwen2.5-coder-32b_sol1_gd1_rs0_bd1_str-neutral_t05_n5,11,2,3,Qwen/Qwen2.5-Coder-32B-Instruct,1,0,1,1,neutral,0.5,6.5,0.0
2026-05-19 14:29:09,L-E01_m-qwen2.5-coder-32b_sol1_gd1_rs0_bd1_str-neutral_t05_n5,11,2,4,Qwen/Qwen2.5-Coder-32B-Instruct,1,0,1,1,neutral,0.5,6.0,0.0
2026-05-19 14:29:16,L-E01_m-qwen2.5-coder-32b_sol1_gd1_rs0_bd1_str-neutral_t05_n5,11,2,5,Qwen/Qwen2.5-Coder-32B-Instruct,1,0,1,1,neutral,0.5,7.0,0.0
2026-05-19 14:29:25,L-E01_m-qwen2.5-coder-32b_sol1_gd1_rs0_bd1_str-neutral_t05_n5,11,3,1,Qwen/Qwen2.5-Coder-32B-Instruct,1,0,1,1,neutral,0.5,7.5,0.0
2026-05-19 14:29:32,L-E01_m-qwen2.5-coder-32b_sol1_gd1_rs0_bd1_str-neutral_t05_n5,11,3,2,Qwen/Qwen2.5-Coder-32B-Instruct,1,0,1,1,neutral,0.5,7.5,0.0
2026-05-19 14:29:37,L-E01_m-qwen2.5-coder-32b_sol1_gd1_rs0_bd1_str-neutral_t05_n5,11,3,3,Qwen/Qwen2.5-Coder-32B-Instruct,1,0,1,1,neutral,0.5,8.5,0.0
2026-05-19 14:29:43,L-E01_m-qwen2.5-coder-32b_sol1_gd1_rs0_bd1_str-neutral_t05_n5,11,3,4,Qwen/Qwen2.5-Coder-32B-Instruct,1,0,1,1,neutral,0.5,8.0,0.0
2026-05-19 14:29:48,L-E01_m-qwen2.5-coder-32b_sol1_gd1_rs0_bd1_str-neutral_t05_n5,11,3,5,Qwen/Qwen2.5-Coder-32B-Instruct,1,0,1,1,neutral,0.5,7.5,0.0
2026-05-19 14:29:56,L-E01_m-qwen2.5-coder-32b_sol1_gd1_rs0_bd1_str-neutral_t05_n5,12,1,1,Qwen/Qwen2.5-Coder-32B-Instruct,1,0,1,1,neutral,0.5,8.0,3.0
2026-05-19 14:30:04,L-E01_m-qwen2.5-coder-32b_sol1_gd1_rs0_bd1_str-neutral_t05_n5,12,1,2,Qwen/Qwen2.5-Coder-32B-Instruct,1,0,1,1,neutral,0.5,8.0,0.0
2026-05-19 14:30:12,L-E01_m-qwen2.5-coder-32b_sol1_gd1_rs0_bd1_str-neutral_t05_n5,12,1,3,Qwen/Qwen2.5-Coder-32B-Instruct,1,0,1,1,neutral,0.5,5.0,0.0
2026-05-19 14:30:19,L-E01_m-qwen2.5-coder-32b_sol1_gd1_rs0_bd1_str-neutral_t05_n5,12,1,4,Qwen/Qwen2.5-Coder-32B-Instruct,1,0,1,1,neutral,0.5,8.5,0.0
2026-05-19 14:30:27,L-E01_m-qwen2.5-coder-32b_sol1_gd1_rs0_bd1_str-neutral_t05_n5,12,1,5,Qwen/Qwen2.5-Coder-32B-Instruct,1,0,1,1,neutral,0.5,8.5,3.0
2026-05-19 14:30:34,L-E01_m-qwen2.5-coder-32b_sol1_gd1_rs0_bd1_str-neutral_t05_n5,12,2,1,Qwen/Qwen2.5-Coder-32B-Instruct,1,0,1,1,neutral,0.5,7.5,0.0
2026-05-19 14:30:42,L-E01_m-qwen2.5-coder-32b_sol1_gd1_rs0_bd1_str-neutral_t05_n5,12,2,2,Qwen/Qwen2.5-Coder-32B-Instruct,1,0,1,1,neutral,0.5,8.0,0.0
2026-05-19 14:30:48,L-E01_m-qwen2.5-coder-32b_sol1_gd1_rs0_bd1_str-neutral_t05_n5,12,2,3,Qwen/Qwen2.5-Coder-32B-Instruct,1,0,1,1,neutral,0.5,8.5,0.0
2026-05-19 14:30:55,L-E01_m-qwen2.5-coder-32b_sol1_gd1_rs0_bd1_str-neutral_t05_n5,12,2,4,Qwen/Qwen2.5-Coder-32B-Instruct,1,0,1,1,neutral,0.5,8.5,0.0
2026-05-19 14:31:03,L-E01_m-qwen2.5-coder-32b_sol1_gd1_rs0_bd1_str-neutral_t05_n5,12,2,5,Qwen/Qwen2.5-Coder-32B-Instruct,1,0,1,1,neutral,0.5,8.5,0.0
2026-05-19 14:31:13,L-E01_m-qwen2.5-coder-32b_sol1_gd1_rs0_bd1_str-neutral_t05_n5,12,3,1,Qwen/Qwen2.5-Coder-32B-Instruct,1,0,1,1,neutral,0.5,7.0,0.0
2026-05-19 14:31:18,L-E01_m-qwen2.5-coder-32b_sol1_gd1_rs0_bd1_str-neutral_t05_n5,12,3,2,Qwen/Qwen2.5-Coder-32B-Instruct,1,0,1,1,neutral,0.5,10.5,0.0
2026-05-19 14:31:24,L-E01_m-qwen2.5-coder-32b_sol1_gd1_rs0_bd1_str-neutral_t05_n5,12,3,3,Qwen/Qwen2.5-Coder-32B-Instruct,1,0,1,1,neutral,0.5,8.5,0.0
2026-05-19 14:31:32,L-E01_m-qwen2.5-coder-32b_sol1_gd1_rs0_bd1_str-neutral_t05_n5,12,3,4,Qwen/Qwen2.5-Coder-32B-Instruct,1,0,1,1,neutral,0.5,8.5,0.0
2026-05-19 14:31:42,L-E01_m-qwen2.5-coder-32b_sol1_gd1_rs0_bd1_str-neutral_t05_n5,12,3,5,Qwen/Qwen2.5-Coder-32B-Instruct,1,0,1,1,neutral,0.5,8.5,0.0
2026-05-19 14:31:50,L-E01_m-qwen2.5-coder-32b_sol1_gd1_rs0_bd1_str-neutral_t05_n5,13,1,1,Qwen/Qwen2.5-Coder-32B-Instruct,1,0,1,1,neutral,0.5,3.5,0.0
2026-05-19 14:32:02,L-E01_m-qwen2.5-coder-32b_sol1_gd1_rs0_bd1_str-neutral_t05_n5,13,1,2,Qwen/Qwen2.5-Coder-32B-Instruct,1,0,1,1,neutral,0.5,5.5,0.0
2026-05-19 14:32:11,L-E01_m-qwen2.5-coder-32b_sol1_gd1_rs0_bd1_str-neutral_t05_n5,13,1,3,Qwen/Qwen2.5-Coder-32B-Instruct,1,0,1,1,neutral,0.5,4.0,0.0
2026-05-19 14:32:22,L-E01_m-qwen2.5-coder-32b_sol1_gd1_rs0_bd1_str-neutral_t05_n5,13,1,4,Qwen/Qwen2.5-Coder-32B-Instruct,1,0,1,1,neutral,0.5,6.0,0.0
2026-05-19 14:32:31,L-E01_m-qwen2.5-coder-32b_sol1_gd1_rs0_bd1_str-neutral_t05_n5,13,1,5,Qwen/Qwen2.5-Coder-32B-Instruct,1,0,1,1,neutral,0.5,5.5,0.0
2026-05-19 14:32:41,L-E01_m-qwen2.5-coder-32b_sol1_gd1_rs0_bd1_str-neutral_t05_n5,13,2,1,Qwen/Qwen2.5-Coder-32B-Instruct,1,0,1,1,neutral,0.5,3.5,0.0
2026-05-19 14:32:48,L-E01_m-qwen2.5-coder-32b_sol1_gd1_rs0_bd1_str-neutral_t05_n5,13,2,2,Qwen/Qwen2.5-Coder-32B-Instruct,1,0,1,1,neutral,0.5,1.5,0.0
2026-05-19 14:32:57,L-E01_m-qwen2.5-coder-32b_sol1_gd1_rs0_bd1_str-neutral_t05_n5,13,2,3,Qwen/Qwen2.5-Coder-32B-Instruct,1,0,1,1,neutral,0.5,2.0,0.0
2026-05-19 14:33:06,L-E01_m-qwen2.5-coder-32b_sol1_gd1_rs0_bd1_str-neutral_t05_n5,13,2,4,Qwen/Qwen2.5-Coder-32B-Instruct,1,0,1,1,neutral,0.5,3.5,0.0
2026-05-19 14:33:12,L-E01_m-qwen2.5-coder-32b_sol1_gd1_rs0_bd1_str-neutral_t05_n5,13,2,5,Qwen/Qwen2.5-Coder-32B-Instruct,1,0,1,1,neutral,0.5,3.0,0.0
2026-05-19 14:33:21,L-E01_m-qwen2.5-coder-32b_sol1_gd1_rs0_bd1_str-neutral_t05_n5,13,3,1,Qwen/Qwen2.5-Coder-32B-Instruct,1,0,1,1,neutral,0.5,2.0,0.0
2026-05-19 14:33:27,L-E01_m-qwen2.5-coder-32b_sol1_gd1_rs0_bd1_str-neutral_t05_n5,13,3,2,Qwen/Qwen2.5-Coder-32B-Instruct,1,0,1,1,neutral,0.5,1.5,0.0
2026-05-19 14:33:36,L-E01_m-qwen2.5-coder-32b_sol1_gd1_rs0_bd1_str-neutral_t05_n5,13,3,3,Qwen/Qwen2.5-Coder-32B-Instruct,1,0,1,1,neutral,0.5,0.5,0.0
2026-05-19 14:33:45,L-E01_m-qwen2.5-coder-32b_sol1_gd1_rs0_bd1_str-neutral_t05_n5,13,3,4,Qwen/Qwen2.5-Coder-32B-Instruct,1,0,1,1,neutral,0.5,1.5,0.0
2026-05-19 14:33:50,L-E01_m-qwen2.5-coder-32b_sol1_gd1_rs0_bd1_str-neutral_t05_n5,13,3,5,Qwen/Qwen2.5-Coder-32B-Instruct,1,0,1,1,neutral,0.5,1.5,0.0
2026-05-19 14:34:04,L-E01_m-qwen2.5-coder-32b_sol1_gd1_rs0_bd1_str-neutral_t05_n5,14,1,1,Qwen/Qwen2.5-Coder-32B-Instruct,1,0,1,1,neutral,0.5,10.5,3.0
2026-05-19 14:34:11,L-E01_m-qwen2.5-coder-32b_sol1_gd1_rs0_bd1_str-neutral_t05_n5,14,1,2,Qwen/Qwen2.5-Coder-32B-Instruct,1,0,1,1,neutral,0.5,11.5,3.0
2026-05-19 14:34:18,L-E01_m-qwen2.5-coder-32b_sol1_gd1_rs0_bd1_str-neutral_t05_n5,14,1,3,Qwen/Qwen2.5-Coder-32B-Instruct,1,0,1,1,neutral,0.5,10.5,4.0
2026-05-19 14:34:26,L-E01_m-qwen2.5-coder-32b_sol1_gd1_rs0_bd1_str-neutral_t05_n5,14,1,4,Qwen/Qwen2.5-Coder-32B-Instruct,1,0,1,1,neutral,0.5,11.5,4.0
2026-05-19 14:34:35,L-E01_m-qwen2.5-coder-32b_sol1_gd1_rs0_bd1_str-neutral_t05_n5,14,1,5,Qwen/Qwen2.5-Coder-32B-Instruct,1,0,1,1,neutral,0.5,11.0,4.0
2026-05-19 14:34:42,L-E01_m-qwen2.5-coder-32b_sol1_gd1_rs0_bd1_str-neutral_t05_n5,14,2,1,Qwen/Qwen2.5-Coder-32B-Instruct,1,0,1,1,neutral,0.5,8.5,3.0
2026-05-19 14:34:50,L-E01_m-qwen2.5-coder-32b_sol1_gd1_rs0_bd1_str-neutral_t05_n5,14,2,2,Qwen/Qwen2.5-Coder-32B-Instruct,1,0,1,1,neutral,0.5,8.5,1.0
2026-05-19 14:34:57,L-E01_m-qwen2.5-coder-32b_sol1_gd1_rs0_bd1_str-neutral_t05_n5,14,2,3,Qwen/Qwen2.5-Coder-32B-Instruct,1,0,1,1,neutral,0.5,9.0,1.0
2026-05-19 14:35:04,L-E01_m-qwen2.5-coder-32b_sol1_gd1_rs0_bd1_str-neutral_t05_n5,14,2,4,Qwen/Qwen2.5-Coder-32B-Instruct,1,0,1,1,neutral,0.5,9.5,3.0
2026-05-19 14:35:13,L-E01_m-qwen2.5-coder-32b_sol1_gd1_rs0_bd1_str-neutral_t05_n5,14,2,5,Qwen/Qwen2.5-Coder-32B-Instruct,1,0,1,1,neutral,0.5,9.5,4.0
2026-05-19 14:35:19,L-E01_m-qwen2.5-coder-32b_sol1_gd1_rs0_bd1_str-neutral_t05_n5,14,3,1,Qwen/Qwen2.5-Coder-32B-Instruct,1,0,1,1,neutral,0.5,10.0,0.0
2026-05-19 14:35:27,L-E01_m-qwen2.5-coder-32b_sol1_gd1_rs0_bd1_str-neutral_t05_n5,14,3,2,Qwen/Qwen2.5-Coder-32B-Instruct,1,0,1,1,neutral,0.5,8.5,0.0
2026-05-19 14:35:33,L-E01_m-qwen2.5-coder-32b_sol1_gd1_rs0_bd1_str-neutral_t05_n5,14,3,3,Qwen/Qwen2.5-Coder-32B-Instruct,1,0,1,1,neutral,0.5,9.0,0.0
2026-05-19 14:35:41,L-E01_m-qwen2.5-coder-32b_sol1_gd1_rs0_bd1_str-neutral_t05_n5,14,3,4,Qwen/Qwen2.5-Coder-32B-Instruct,1,0,1,1,neutral,0.5,8.0,0.0
2026-05-19 14:35:51,L-E01_m-qwen2.5-coder-32b_sol1_gd1_rs0_bd1_str-neutral_t05_n5,14,3,5,Qwen/Qwen2.5-Coder-32B-Instruct,1,0,1,1,neutral,0.5,7.5,0.0
2026-05-19 14:36:00,L-E01_m-qwen2.5-coder-32b_sol1_gd1_rs0_bd1_str-neutral_t05_n5,15,1,1,Qwen/Qwen2.5-Coder-32B-Instruct,1,0,1,1,neutral,0.5,2.0,0.0
2026-05-19 14:36:09,L-E01_m-qwen2.5-coder-32b_sol1_gd1_rs0_bd1_str-neutral_t05_n5,15,1,2,Qwen/Qwen2.5-Coder-32B-Instruct,1,0,1,1,neutral,0.5,2.5,0.0
2026-05-19 14:36:24,L-E01_m-qwen2.5-coder-32b_sol1_gd1_rs0_bd1_str-neutral_t05_n5,15,1,3,Qwen/Qwen2.5-Coder-32B-Instruct,1,0,1,1,neutral,0.5,0.0,0.0
2026-05-19 14:36:32,L-E01_m-qwen2.5-coder-32b_sol1_gd1_rs0_bd1_str-neutral_t05_n5,15,1,4,Qwen/Qwen2.5-Coder-32B-Instruct,1,0,1,1,neutral,0.5,4.0,0.0
2026-05-19 14:36:39,L-E01_m-qwen2.5-coder-32b_sol1_gd1_rs0_bd1_str-neutral_t05_n5,15,1,5,Qwen/Qwen2.5-Coder-32B-Instruct,1,0,1,1,neutral,0.5,4.0,0.0
2026-05-19 14:36:51,L-E01_m-qwen2.5-coder-32b_sol1_gd1_rs0_bd1_str-neutral_t05_n5,15,2,1,Qwen/Qwen2.5-Coder-32B-Instruct,1,0,1,1,neutral,0.5,6.5,0.0
2026-05-19 14:36:59,L-E01_m-qwen2.5-coder-32b_sol1_gd1_rs0_bd1_str-neutral_t05_n5,15,2,2,Qwen/Qwen2.5-Coder-32B-Instruct,1,0,1,1,neutral,0.5,6.0,0.0
2026-05-19 14:37:09,L-E01_m-qwen2.5-coder-32b_sol1_gd1_rs0_bd1_str-neutral_t05_n5,15,2,3,Qwen/Qwen2.5-Coder-32B-Instruct,1,0,1,1,neutral,0.5,7.0,0.0
2026-05-19 14:37:16,L-E01_m-qwen2.5-coder-32b_sol1_gd1_rs0_bd1_str-neutral_t05_n5,15,2,4,Qwen/Qwen2.5-Coder-32B-Instruct,1,0,1,1,neutral,0.5,5.0,0.0
2026-05-19 14:37:27,L-E01_m-qwen2.5-coder-32b_sol1_gd1_rs0_bd1_str-neutral_t05_n5,15,2,5,Qwen/Qwen2.5-Coder-32B-Instruct,1,0,1,1,neutral,0.5,6.5,0.0
2026-05-19 14:37:32,L-E01_m-qwen2.5-coder-32b_sol1_gd1_rs0_bd1_str-neutral_t05_n5,15,3,1,Qwen/Qwen2.5-Coder-32B-Instruct,1,0,1,1,neutral,0.5,5.0,0.0
2026-05-19 14:37:41,L-E01_m-qwen2.5-coder-32b_sol1_gd1_rs0_bd1_str-neutral_t05_n5,15,3,2,Qwen/Qwen2.5-Coder-32B-Instruct,1,0,1,1,neutral,0.5,4.0,0.0
2026-05-19 14:37:50,L-E01_m-qwen2.5-coder-32b_sol1_gd1_rs0_bd1_str-neutral_t05_n5,15,3,3,Qwen/Qwen2.5-Coder-32B-Instruct,1,0,1,1,neutral,0.5,4.5,0.0
2026-05-19 14:38:00,L-E01_m-qwen2.5-coder-32b_sol1_gd1_rs0_bd1_str-neutral_t05_n5,15,3,4,Qwen/Qwen2.5-Coder-32B-Instruct,1,0,1,1,neutral,0.5,4.0,0.0
2026-05-19 14:38:14,L-E01_m-qwen2.5-coder-32b_sol1_gd1_rs0_bd1_str-neutral_t05_n5,15,3,5,Qwen/Qwen2.5-Coder-32B-Instruct,1,0,1,1,neutral,0.5,3.0,0.0
2026-05-19 14:38:25,L-E01_m-qwen2.5-coder-32b_sol1_gd1_rs0_bd1_str-neutral_t05_n5,16,1,1,Qwen/Qwen2.5-Coder-32B-Instruct,1,0,1,1,neutral,0.5,7.5,0.0
2026-05-19 14:38:38,L-E01_m-qwen2.5-coder-32b_sol1_gd1_rs0_bd1_str-neutral_t05_n5,16,1,2,Qwen/Qwen2.5-Coder-32B-Instruct,1,0,1,1,neutral,0.5,7.5,0.0
2026-05-19 14:38:46,L-E01_m-qwen2.5-coder-32b_sol1_gd1_rs0_bd1_str-neutral_t05_n5,16,1,3,Qwen/Qwen2.5-Coder-32B-Instruct,1,0,1,1,neutral,0.5,4.0,0.0
2026-05-19 14:38:58,L-E01_m-qwen2.5-coder-32b_sol1_gd1_rs0_bd1_str-neutral_t05_n5,16,1,4,Qwen/Qwen2.5-Coder-32B-Instruct,1,0,1,1,neutral,0.5,6.0,0.0
2026-05-19 14:39:06,L-E01_m-qwen2.5-coder-32b_sol1_gd1_rs0_bd1_str-neutral_t05_n5,16,1,5,Qwen/Qwen2.5-Coder-32B-Instruct,1,0,1,1,neutral,0.5,7.5,0.0
2026-05-19 14:39:16,L-E01_m-qwen2.5-coder-32b_sol1_gd1_rs0_bd1_str-neutral_t05_n5,16,2,1,Qwen/Qwen2.5-Coder-32B-Instruct,1,0,1,1,neutral,0.5,5.5,0.0
2026-05-19 14:39:22,L-E01_m-qwen2.5-coder-32b_sol1_gd1_rs0_bd1_str-neutral_t05_n5,16,2,2,Qwen/Qwen2.5-Coder-32B-Instruct,1,0,1,1,neutral,0.5,6.0,0.0
2026-05-19 14:39:28,L-E01_m-qwen2.5-coder-32b_sol1_gd1_rs0_bd1_str-neutral_t05_n5,16,2,3,Qwen/Qwen2.5-Coder-32B-Instruct,1,0,1,1,neutral,0.5,6.0,0.0
2026-05-19 14:39:35,L-E01_m-qwen2.5-coder-32b_sol1_gd1_rs0_bd1_str-neutral_t05_n5,16,2,4,Qwen/Qwen2.5-Coder-32B-Instruct,1,0,1,1,neutral,0.5,4.0,0.0
2026-05-19 14:39:41,L-E01_m-qwen2.5-coder-32b_sol1_gd1_rs0_bd1_str-neutral_t05_n5,16,2,5,Qwen/Qwen2.5-Coder-32B-Instruct,1,0,1,1,neutral,0.5,5.0,0.0
2026-05-19 14:39:51,L-E01_m-qwen2.5-coder-32b_sol1_gd1_rs0_bd1_str-neutral_t05_n5,16,3,1,Qwen/Qwen2.5-Coder-32B-Instruct,1,0,1,1,neutral,0.5,6.5,0.0
2026-05-19 14:39:56,L-E01_m-qwen2.5-coder-32b_sol1_gd1_rs0_bd1_str-neutral_t05_n5,16,3,2,Qwen/Qwen2.5-Coder-32B-Instruct,1,0,1,1,neutral,0.5,4.0,0.0
2026-05-19 14:40:04,L-E01_m-qwen2.5-coder-32b_sol1_gd1_rs0_bd1_str-neutral_t05_n5,16,3,3,Qwen/Qwen2.5-Coder-32B-Instruct,1,0,1,1,neutral,0.5,5.0,0.0
2026-05-19 14:40:13,L-E01_m-qwen2.5-coder-32b_sol1_gd1_rs0_bd1_str-neutral_t05_n5,16,3,4,Qwen/Qwen2.5-Coder-32B-Instruct,1,0,1,1,neutral,0.5,5.0,0.0
2026-05-19 14:40:21,L-E01_m-qwen2.5-coder-32b_sol1_gd1_rs0_bd1_str-neutral_t05_n5,16,3,5,Qwen/Qwen2.5-Coder-32B-Instruct,1,0,1,1,neutral,0.5,7.0,0.0
2026-05-19 14:40:28,L-E01_m-qwen2.5-coder-32b_sol1_gd1_rs0_bd1_str-neutral_t05_n5,17,1,1,Qwen/Qwen2.5-Coder-32B-Instruct,1,0,1,1,neutral,0.5,4.5,0.0
2026-05-19 14:40:37,L-E01_m-qwen2.5-coder-32b_sol1_gd1_rs0_bd1_str-neutral_t05_n5,17,1,2,Qwen/Qwen2.5-Coder-32B-Instruct,1,0,1,1,neutral,0.5,4.0,0.0
2026-05-19 14:40:49,L-E01_m-qwen2.5-coder-32b_sol1_gd1_rs0_bd1_str-neutral_t05_n5,17,1,3,Qwen/Qwen2.5-Coder-32B-Instruct,1,0,1,1,neutral,0.5,6.0,0.0
2026-05-19 14:40:57,L-E01_m-qwen2.5-coder-32b_sol1_gd1_rs0_bd1_str-neutral_t05_n5,17,1,4,Qwen/Qwen2.5-Coder-32B-Instruct,1,0,1,1,neutral,0.5,2.0,0.0
2026-05-19 14:41:05,L-E01_m-qwen2.5-coder-32b_sol1_gd1_rs0_bd1_str-neutral_t05_n5,17,1,5,Qwen/Qwen2.5-Coder-32B-Instruct,1,0,1,1,neutral,0.5,5.5,0.0
2026-05-19 14:41:15,L-E01_m-qwen2.5-coder-32b_sol1_gd1_rs0_bd1_str-neutral_t05_n5,17,2,1,Qwen/Qwen2.5-Coder-32B-Instruct,1,0,1,1,neutral,0.5,5.0,0.0
2026-05-19 14:41:23,L-E01_m-qwen2.5-coder-32b_sol1_gd1_rs0_bd1_str-neutral_t05_n5,17,2,2,Qwen/Qwen2.5-Coder-32B-Instruct,1,0,1,1,neutral,0.5,5.0,0.0
2026-05-19 14:41:33,L-E01_m-qwen2.5-coder-32b_sol1_gd1_rs0_bd1_str-neutral_t05_n5,17,2,3,Qwen/Qwen2.5-Coder-32B-Instruct,1,0,1,1,neutral,0.5,5.5,0.0
2026-05-19 14:41:43,L-E01_m-qwen2.5-coder-32b_sol1_gd1_rs0_bd1_str-neutral_t05_n5,17,2,4,Qwen/Qwen2.5-Coder-32B-Instruct,1,0,1,1,neutral,0.5,5.0,0.0
2026-05-19 14:41:53,L-E01_m-qwen2.5-coder-32b_sol1_gd1_rs0_bd1_str-neutral_t05_n5,17,2,5,Qwen/Qwen2.5-Coder-32B-Instruct,1,0,1,1,neutral,0.5,4.5,0.0
2026-05-19 14:41:59,L-E01_m-qwen2.5-coder-32b_sol1_gd1_rs0_bd1_str-neutral_t05_n5,17,3,1,Qwen/Qwen2.5-Coder-32B-Instruct,1,0,1,1,neutral,0.5,4.0,0.0
2026-05-19 14:42:07,L-E01_m-qwen2.5-coder-32b_sol1_gd1_rs0_bd1_str-neutral_t05_n5,17,3,2,Qwen/Qwen2.5-Coder-32B-Instruct,1,0,1,1,neutral,0.5,3.0,0.0
2026-05-19 14:42:17,L-E01_m-qwen2.5-coder-32b_sol1_gd1_rs0_bd1_str-neutral_t05_n5,17,3,3,Qwen/Qwen2.5-Coder-32B-Instruct,1,0,1,1,neutral,0.5,2.0,0.0
2026-05-19 14:42:27,L-E01_m-qwen2.5-coder-32b_sol1_gd1_rs0_bd1_str-neutral_t05_n5,17,3,4,Qwen/Qwen2.5-Coder-32B-Instruct,1,0,1,1,neutral,0.5,4.0,0.0
2026-05-19 14:42:36,L-E01_m-qwen2.5-coder-32b_sol1_gd1_rs0_bd1_str-neutral_t05_n5,17,3,5,Qwen/Qwen2.5-Coder-32B-Instruct,1,0,1,1,neutral,0.5,3.0,0.0
2026-05-19 14:42:45,L-E01_m-qwen2.5-coder-32b_sol1_gd1_rs0_bd1_str-neutral_t05_n5,18,1,1,Qwen/Qwen2.5-Coder-32B-Instruct,1,0,1,1,neutral,0.5,6.5,0.0
2026-05-19 14:42:53,L-E01_m-qwen2.5-coder-32b_sol1_gd1_rs0_bd1_str-neutral_t05_n5,18,1,2,Qwen/Qwen2.5-Coder-32B-Instruct,1,0,1,1,neutral,0.5,4.5,0.0
2026-05-19 14:43:01,L-E01_m-qwen2.5-coder-32b_sol1_gd1_rs0_bd1_str-neutral_t05_n5,18,1,3,Qwen/Qwen2.5-Coder-32B-Instruct,1,0,1,1,neutral,0.5,4.5,0.0
2026-05-19 14:43:10,L-E01_m-qwen2.5-coder-32b_sol1_gd1_rs0_bd1_str-neutral_t05_n5,18,1,4,Qwen/Qwen2.5-Coder-32B-Instruct,1,0,1,1,neutral,0.5,6.5,0.0
2026-05-19 14:43:17,L-E01_m-qwen2.5-coder-32b_sol1_gd1_rs0_bd1_str-neutral_t05_n5,18,1,5,Qwen/Qwen2.5-Coder-32B-Instruct,1,0,1,1,neutral,0.5,5.5,0.0
2026-05-19 14:43:24,L-E01_m-qwen2.5-coder-32b_sol1_gd1_rs0_bd1_str-neutral_t05_n5,18,2,1,Qwen/Qwen2.5-Coder-32B-Instruct,1,0,1,1,neutral,0.5,5.0,0.0
2026-05-19 14:43:30,L-E01_m-qwen2.5-coder-32b_sol1_gd1_rs0_bd1_str-neutral_t05_n5,18,2,2,Qwen/Qwen2.5-Coder-32B-Instruct,1,0,1,1,neutral,0.5,5.0,0.0
2026-05-19 14:43:40,L-E01_m-qwen2.5-coder-32b_sol1_gd1_rs0_bd1_str-neutral_t05_n5,18,2,3,Qwen/Qwen2.5-Coder-32B-Instruct,1,0,1,1,neutral,0.5,5.5,0.0
2026-05-19 14:43:49,L-E01_m-qwen2.5-coder-32b_sol1_gd1_rs0_bd1_str-neutral_t05_n5,18,2,4,Qwen/Qwen2.5-Coder-32B-Instruct,1,0,1,1,neutral,0.5,7.0,0.0
2026-05-19 14:43:59,L-E01_m-qwen2.5-coder-32b_sol1_gd1_rs0_bd1_str-neutral_t05_n5,18,2,5,Qwen/Qwen2.5-Coder-32B-Instruct,1,0,1,1,neutral,0.5,7.5,0.0
2026-05-19 14:44:04,L-E01_m-qwen2.5-coder-32b_sol1_gd1_rs0_bd1_str-neutral_t05_n5,18,3,1,Qwen/Qwen2.5-Coder-32B-Instruct,1,0,1,1,neutral,0.5,6.0,0.0
2026-05-19 14:44:13,L-E01_m-qwen2.5-coder-32b_sol1_gd1_rs0_bd1_str-neutral_t05_n5,18,3,2,Qwen/Qwen2.5-Coder-32B-Instruct,1,0,1,1,neutral,0.5,6.0,0.0
2026-05-19 14:44:21,L-E01_m-qwen2.5-coder-32b_sol1_gd1_rs0_bd1_str-neutral_t05_n5,18,3,3,Qwen/Qwen2.5-Coder-32B-Instruct,1,0,1,1,neutral,0.5,7.0,0.0
2026-05-19 14:44:29,L-E01_m-qwen2.5-coder-32b_sol1_gd1_rs0_bd1_str-neutral_t05_n5,18,3,4,Qwen/Qwen2.5-Coder-32B-Instruct,1,0,1,1,neutral,0.5,8.0,0.0
2026-05-19 14:44:35,L-E01_m-qwen2.5-coder-32b_sol1_gd1_rs0_bd1_str-neutral_t05_n5,18,3,5,Qwen/Qwen2.5-Coder-32B-Instruct,1,0,1,1,neutral,0.5,6.0,0.0
2026-05-19 14:44:38,L-E01_m-qwen2.5-coder-32b_sol1_gd1_rs0_bd1_str-neutral_t05_n5,18,4,1,Qwen/Qwen2.5-Coder-32B-Instruct,1,0,1,1,neutral,0.5,0.0,0.0
2026-05-19 14:44:41,L-E01_m-qwen2.5-coder-32b_sol1_gd1_rs0_bd1_str-neutral_t05_n5,18,4,2,Qwen/Qwen2.5-Coder-32B-Instruct,1,0,1,1,neutral,0.5,0.0,0.0
2026-05-19 14:44:45,L-E01_m-qwen2.5-coder-32b_sol1_gd1_rs0_bd1_str-neutral_t05_n5,18,4,3,Qwen/Qwen2.5-Coder-32B-Instruct,1,0,1,1,neutral,0.5,0.0,0.0
2026-05-19 14:44:49,L-E01_m-qwen2.5-coder-32b_sol1_gd1_rs0_bd1_str-neutral_t05_n5,18,4,4,Qwen/Qwen2.5-Coder-32B-Instruct,1,0,1,1,neutral,0.5,0.0,0.0
2026-05-19 14:44:52,L-E01_m-qwen2.5-coder-32b_sol1_gd1_rs0_bd1_str-neutral_t05_n5,18,4,5,Qwen/Qwen2.5-Coder-32B-Instruct,1,0,1,1,neutral,0.5,0.0,0.0
2026-05-19 14:45:00,L-E01_m-qwen2.5-coder-32b_sol1_gd1_rs0_bd1_str-neutral_t05_n5,19,1,1,Qwen/Qwen2.5-Coder-32B-Instruct,1,0,1,1,neutral,0.5,3.5,0.0
2026-05-19 14:45:08,L-E01_m-qwen2.5-coder-32b_sol1_gd1_rs0_bd1_str-neutral_t05_n5,19,1,2,Qwen/Qwen2.5-Coder-32B-Instruct,1,0,1,1,neutral,0.5,3.5,0.0
2026-05-19 14:45:16,L-E01_m-qwen2.5-coder-32b_sol1_gd1_rs0_bd1_str-neutral_t05_n5,19,1,3,Qwen/Qwen2.5-Coder-32B-Instruct,1,0,1,1,neutral,0.5,6.5,0.0
2026-05-19 14:45:28,L-E01_m-qwen2.5-coder-32b_sol1_gd1_rs0_bd1_str-neutral_t05_n5,19,1,4,Qwen/Qwen2.5-Coder-32B-Instruct,1,0,1,1,neutral,0.5,4.5,0.0
2026-05-19 14:45:35,L-E01_m-qwen2.5-coder-32b_sol1_gd1_rs0_bd1_str-neutral_t05_n5,19,1,5,Qwen/Qwen2.5-Coder-32B-Instruct,1,0,1,1,neutral,0.5,3.5,0.0
2026-05-19 14:45:44,L-E01_m-qwen2.5-coder-32b_sol1_gd1_rs0_bd1_str-neutral_t05_n5,19,2,1,Qwen/Qwen2.5-Coder-32B-Instruct,1,0,1,1,neutral,0.5,3.0,0.0
2026-05-19 14:45:55,L-E01_m-qwen2.5-coder-32b_sol1_gd1_rs0_bd1_str-neutral_t05_n5,19,2,2,Qwen/Qwen2.5-Coder-32B-Instruct,1,0,1,1,neutral,0.5,2.5,0.0
2026-05-19 14:46:06,L-E01_m-qwen2.5-coder-32b_sol1_gd1_rs0_bd1_str-neutral_t05_n5,19,2,3,Qwen/Qwen2.5-Coder-32B-Instruct,1,0,1,1,neutral,0.5,2.5,0.0
2026-05-19 14:46:13,L-E01_m-qwen2.5-coder-32b_sol1_gd1_rs0_bd1_str-neutral_t05_n5,19,2,4,Qwen/Qwen2.5-Coder-32B-Instruct,1,0,1,1,neutral,0.5,2.0,0.0
2026-05-19 14:46:20,L-E01_m-qwen2.5-coder-32b_sol1_gd1_rs0_bd1_str-neutral_t05_n5,19,2,5,Qwen/Qwen2.5-Coder-32B-Instruct,1,0,1,1,neutral,0.5,2.0,0.0
2026-05-19 14:46:30,L-E01_m-qwen2.5-coder-32b_sol1_gd1_rs0_bd1_str-neutral_t05_n5,19,3,1,Qwen/Qwen2.5-Coder-32B-Instruct,1,0,1,1,neutral,0.5,8.5,0.0
2026-05-19 14:46:38,L-E01_m-qwen2.5-coder-32b_sol1_gd1_rs0_bd1_str-neutral_t05_n5,19,3,2,Qwen/Qwen2.5-Coder-32B-Instruct,1,0,1,1,neutral,0.5,7.5,0.0
2026-05-19 14:46:47,L-E01_m-qwen2.5-coder-32b_sol1_gd1_rs0_bd1_str-neutral_t05_n5,19,3,3,Qwen/Qwen2.5-Coder-32B-Instruct,1,0,1,1,neutral,0.5,8.0,0.0
2026-05-19 14:46:54,L-E01_m-qwen2.5-coder-32b_sol1_gd1_rs0_bd1_str-neutral_t05_n5,19,3,4,Qwen/Qwen2.5-Coder-32B-Instruct,1,0,1,1,neutral,0.5,7.5,0.0
2026-05-19 14:47:00,L-E01_m-qwen2.5-coder-32b_sol1_gd1_rs0_bd1_str-neutral_t05_n5,19,3,5,Qwen/Qwen2.5-Coder-32B-Instruct,1,0,1,1,neutral,0.5,8.5,0.0
2026-05-19 14:47:03,L-E01_m-qwen2.5-coder-32b_sol1_gd1_rs0_bd1_str-neutral_t05_n5,19,4,1,Qwen/Qwen2.5-Coder-32B-Instruct,1,0,1,1,neutral,0.5,0.0,0.0
2026-05-19 14:47:07,L-E01_m-qwen2.5-coder-32b_sol1_gd1_rs0_bd1_str-neutral_t05_n5,19,4,2,Qwen/Qwen2.5-Coder-32B-Instruct,1,0,1,1,neutral,0.5,0.0,0.0
2026-05-19 14:47:11,L-E01_m-qwen2.5-coder-32b_sol1_gd1_rs0_bd1_str-neutral_t05_n5,19,4,3,Qwen/Qwen2.5-Coder-32B-Instruct,1,0,1,1,neutral,0.5,0.0,0.0
2026-05-19 14:47:16,L-E01_m-qwen2.5-coder-32b_sol1_gd1_rs0_bd1_str-neutral_t05_n5,19,4,4,Qwen/Qwen2.5-Coder-32B-Instruct,1,0,1,1,neutral,0.5,0.0,0.0
2026-05-19 14:47:20,L-E01_m-qwen2.5-coder-32b_sol1_gd1_rs0_bd1_str-neutral_t05_n5,19,4,5,Qwen/Qwen2.5-Coder-32B-Instruct,1,0,1,1,neutral,0.5,0.0,0.0
2026-05-19 14:47:32,L-E01_m-qwen2.5-coder-32b_sol1_gd1_rs0_bd1_str-neutral_t05_n5,20,1,1,Qwen/Qwen2.5-Coder-32B-Instruct,1,0,1,1,neutral,0.5,6.0,0.0
2026-05-19 14:47:40,L-E01_m-qwen2.5-coder-32b_sol1_gd1_rs0_bd1_str-neutral_t05_n5,20,1,2,Qwen/Qwen2.5-Coder-32B-Instruct,1,0,1,1,neutral,0.5,5.5,0.0
2026-05-19 14:47:53,L-E01_m-qwen2.5-coder-32b_sol1_gd1_rs0_bd1_str-neutral_t05_n5,20,1,3,Qwen/Qwen2.5-Coder-32B-Instruct,1,0,1,1,neutral,0.5,4.0,0.0
2026-05-19 14:48:01,L-E01_m-qwen2.5-coder-32b_sol1_gd1_rs0_bd1_str-neutral_t05_n5,20,1,4,Qwen/Qwen2.5-Coder-32B-Instruct,1,0,1,1,neutral,0.5,5.5,0.0
2026-05-19 14:48:10,L-E01_m-qwen2.5-coder-32b_sol1_gd1_rs0_bd1_str-neutral_t05_n5,20,1,5,Qwen/Qwen2.5-Coder-32B-Instruct,1,0,1,1,neutral,0.5,6.0,0.0
2026-05-19 14:48:17,L-E01_m-qwen2.5-coder-32b_sol1_gd1_rs0_bd1_str-neutral_t05_n5,20,2,1,Qwen/Qwen2.5-Coder-32B-Instruct,1,0,1,1,neutral,0.5,6.0,0.0
2026-05-19 14:48:24,L-E01_m-qwen2.5-coder-32b_sol1_gd1_rs0_bd1_str-neutral_t05_n5,20,2,2,Qwen/Qwen2.5-Coder-32B-Instruct,1,0,1,1,neutral,0.5,5.0,0.0
2026-05-19 14:48:32,L-E01_m-qwen2.5-coder-32b_sol1_gd1_rs0_bd1_str-neutral_t05_n5,20,2,3,Qwen/Qwen2.5-Coder-32B-Instruct,1,0,1,1,neutral,0.5,3.0,0.0
2026-05-19 14:48:39,L-E01_m-qwen2.5-coder-32b_sol1_gd1_rs0_bd1_str-neutral_t05_n5,20,2,4,Qwen/Qwen2.5-Coder-32B-Instruct,1,0,1,1,neutral,0.5,5.5,0.0
2026-05-19 14:48:45,L-E01_m-qwen2.5-coder-32b_sol1_gd1_rs0_bd1_str-neutral_t05_n5,20,2,5,Qwen/Qwen2.5-Coder-32B-Instruct,1,0,1,1,neutral,0.5,5.0,0.0
2026-05-19 14:48:51,L-E01_m-qwen2.5-coder-32b_sol1_gd1_rs0_bd1_str-neutral_t05_n5,20,3,1,Qwen/Qwen2.5-Coder-32B-Instruct,1,0,1,1,neutral,0.5,7.0,0.0
2026-05-19 14:48:56,L-E01_m-qwen2.5-coder-32b_sol1_gd1_rs0_bd1_str-neutral_t05_n5,20,3,2,Qwen/Qwen2.5-Coder-32B-Instruct,1,0,1,1,neutral,0.5,5.0,0.0
2026-05-19 14:49:02,L-E01_m-qwen2.5-coder-32b_sol1_gd1_rs0_bd1_str-neutral_t05_n5,20,3,3,Qwen/Qwen2.5-Coder-32B-Instruct,1,0,1,1,neutral,0.5,6.0,0.0
2026-05-19 14:49:08,L-E01_m-qwen2.5-coder-32b_sol1_gd1_rs0_bd1_str-neutral_t05_n5,20,3,4,Qwen/Qwen2.5-Coder-32B-Instruct,1,0,1,1,neutral,0.5,6.0,0.0
2026-05-19 14:49:13,L-E01_m-qwen2.5-coder-32b_sol1_gd1_rs0_bd1_str-neutral_t05_n5,20,3,5,Qwen/Qwen2.5-Coder-32B-Instruct,1,0,1,1,neutral,0.5,6.0,0.0
2026-05-19 14:49:21,L-E01_m-qwen2.5-coder-32b_sol1_gd1_rs0_bd1_str-neutral_t05_n5,21,1,1,Qwen/Qwen2.5-Coder-32B-Instruct,1,0,1,1,neutral,0.5,5.5,0.0
2026-05-19 14:49:29,L-E01_m-qwen2.5-coder-32b_sol1_gd1_rs0_bd1_str-neutral_t05_n5,21,1,2,Qwen/Qwen2.5-Coder-32B-Instruct,1,0,1,1,neutral,0.5,4.0,0.0
2026-05-19 14:49:37,L-E01_m-qwen2.5-coder-32b_sol1_gd1_rs0_bd1_str-neutral_t05_n5,21,1,3,Qwen/Qwen2.5-Coder-32B-Instruct,1,0,1,1,neutral,0.5,6.0,0.0
2026-05-19 14:49:46,L-E01_m-qwen2.5-coder-32b_sol1_gd1_rs0_bd1_str-neutral_t05_n5,21,1,4,Qwen/Qwen2.5-Coder-32B-Instruct,1,0,1,1,neutral,0.5,6.5,0.0
2026-05-19 14:50:00,L-E01_m-qwen2.5-coder-32b_sol1_gd1_rs0_bd1_str-neutral_t05_n5,21,1,5,Qwen/Qwen2.5-Coder-32B-Instruct,1,0,1,1,neutral,0.5,2.5,0.0
2026-05-19 14:50:07,L-E01_m-qwen2.5-coder-32b_sol1_gd1_rs0_bd1_str-neutral_t05_n5,21,2,1,Qwen/Qwen2.5-Coder-32B-Instruct,1,0,1,1,neutral,0.5,7.0,0.0
2026-05-19 14:50:14,L-E01_m-qwen2.5-coder-32b_sol1_gd1_rs0_bd1_str-neutral_t05_n5,21,2,2,Qwen/Qwen2.5-Coder-32B-Instruct,1,0,1,1,neutral,0.5,6.0,0.0
2026-05-19 14:50:22,L-E01_m-qwen2.5-coder-32b_sol1_gd1_rs0_bd1_str-neutral_t05_n5,21,2,3,Qwen/Qwen2.5-Coder-32B-Instruct,1,0,1,1,neutral,0.5,5.0,0.0
2026-05-19 14:50:31,L-E01_m-qwen2.5-coder-32b_sol1_gd1_rs0_bd1_str-neutral_t05_n5,21,2,4,Qwen/Qwen2.5-Coder-32B-Instruct,1,0,1,1,neutral,0.5,5.0,0.0
2026-05-19 14:50:38,L-E01_m-qwen2.5-coder-32b_sol1_gd1_rs0_bd1_str-neutral_t05_n5,21,2,5,Qwen/Qwen2.5-Coder-32B-Instruct,1,0,1,1,neutral,0.5,7.0,0.0
2026-05-19 14:50:47,L-E01_m-qwen2.5-coder-32b_sol1_gd1_rs0_bd1_str-neutral_t05_n5,21,3,1,Qwen/Qwen2.5-Coder-32B-Instruct,1,0,1,1,neutral,0.5,2.5,0.0
2026-05-19 14:50:56,L-E01_m-qwen2.5-coder-32b_sol1_gd1_rs0_bd1_str-neutral_t05_n5,21,3,2,Qwen/Qwen2.5-Coder-32B-Instruct,1,0,1,1,neutral,0.5,3.0,0.0
2026-05-19 14:51:01,L-E01_m-qwen2.5-coder-32b_sol1_gd1_rs0_bd1_str-neutral_t05_n5,21,3,3,Qwen/Qwen2.5-Coder-32B-Instruct,1,0,1,1,neutral,0.5,4.0,0.0
2026-05-19 14:51:07,L-E01_m-qwen2.5-coder-32b_sol1_gd1_rs0_bd1_str-neutral_t05_n5,21,3,4,Qwen/Qwen2.5-Coder-32B-Instruct,1,0,1,1,neutral,0.5,0.5,0.0
2026-05-19 14:51:17,L-E01_m-qwen2.5-coder-32b_sol1_gd1_rs0_bd1_str-neutral_t05_n5,21,3,5,Qwen/Qwen2.5-Coder-32B-Instruct,1,0,1,1,neutral,0.5,2.0,0.0
2026-05-19 14:51:19,L-E01_m-qwen2.5-coder-32b_sol1_gd1_rs0_bd1_str-neutral_t05_n5,21,4,1,Qwen/Qwen2.5-Coder-32B-Instruct,1,0,1,1,neutral,0.5,0.0,0.0
2026-05-19 14:51:23,L-E01_m-qwen2.5-coder-32b_sol1_gd1_rs0_bd1_str-neutral_t05_n5,21,4,2,Qwen/Qwen2.5-Coder-32B-Instruct,1,0,1,1,neutral,0.5,0.0,0.0
2026-05-19 14:51:26,L-E01_m-qwen2.5-coder-32b_sol1_gd1_rs0_bd1_str-neutral_t05_n5,21,4,3,Qwen/Qwen2.5-Coder-32B-Instruct,1,0,1,1,neutral,0.5,0.0,0.0
2026-05-19 14:51:29,L-E01_m-qwen2.5-coder-32b_sol1_gd1_rs0_bd1_str-neutral_t05_n5,21,4,4,Qwen/Qwen2.5-Coder-32B-Instruct,1,0,1,1,neutral,0.5,0.0,0.0
2026-05-19 14:51:32,L-E01_m-qwen2.5-coder-32b_sol1_gd1_rs0_bd1_str-neutral_t05_n5,21,4,5,Qwen/Qwen2.5-Coder-32B-Instruct,1,0,1,1,neutral,0.5,0.0,0.0
2026-05-19 14:51:39,L-E01_m-qwen2.5-coder-32b_sol1_gd1_rs0_bd1_str-neutral_t05_n5,22,1,1,Qwen/Qwen2.5-Coder-32B-Instruct,1,0,1,1,neutral,0.5,5.0,0.0
2026-05-19 14:51:48,L-E01_m-qwen2.5-coder-32b_sol1_gd1_rs0_bd1_str-neutral_t05_n5,22,1,2,Qwen/Qwen2.5-Coder-32B-Instruct,1,0,1,1,neutral,0.5,2.0,0.0
2026-05-19 14:51:56,L-E01_m-qwen2.5-coder-32b_sol1_gd1_rs0_bd1_str-neutral_t05_n5,22,1,3,Qwen/Qwen2.5-Coder-32B-Instruct,1,0,1,1,neutral,0.5,1.5,0.0
2026-05-19 14:52:03,L-E01_m-qwen2.5-coder-32b_sol1_gd1_rs0_bd1_str-neutral_t05_n5,22,1,4,Qwen/Qwen2.5-Coder-32B-Instruct,1,0,1,1,neutral,0.5,0.0,0.0
2026-05-19 14:52:15,L-E01_m-qwen2.5-coder-32b_sol1_gd1_rs0_bd1_str-neutral_t05_n5,22,1,5,Qwen/Qwen2.5-Coder-32B-Instruct,1,0,1,1,neutral,0.5,4.5,0.0
2026-05-19 14:52:25,L-E01_m-qwen2.5-coder-32b_sol1_gd1_rs0_bd1_str-neutral_t05_n5,22,2,1,Qwen/Qwen2.5-Coder-32B-Instruct,1,0,1,1,neutral,0.5,5.0,0.0
2026-05-19 14:52:33,L-E01_m-qwen2.5-coder-32b_sol1_gd1_rs0_bd1_str-neutral_t05_n5,22,2,2,Qwen/Qwen2.5-Coder-32B-Instruct,1,0,1,1,neutral,0.5,5.5,0.0
2026-05-19 14:52:40,L-E01_m-qwen2.5-coder-32b_sol1_gd1_rs0_bd1_str-neutral_t05_n5,22,2,3,Qwen/Qwen2.5-Coder-32B-Instruct,1,0,1,1,neutral,0.5,6.5,0.0
2026-05-19 14:52:47,L-E01_m-qwen2.5-coder-32b_sol1_gd1_rs0_bd1_str-neutral_t05_n5,22,2,4,Qwen/Qwen2.5-Coder-32B-Instruct,1,0,1,1,neutral,0.5,4.5,0.0
2026-05-19 14:52:54,L-E01_m-qwen2.5-coder-32b_sol1_gd1_rs0_bd1_str-neutral_t05_n5,22,2,5,Qwen/Qwen2.5-Coder-32B-Instruct,1,0,1,1,neutral,0.5,6.0,0.0
2026-05-19 14:53:03,L-E01_m-qwen2.5-coder-32b_sol1_gd1_rs0_bd1_str-neutral_t05_n5,22,3,1,Qwen/Qwen2.5-Coder-32B-Instruct,1,0,1,1,neutral,0.5,3.5,0.0
2026-05-19 14:53:11,L-E01_m-qwen2.5-coder-32b_sol1_gd1_rs0_bd1_str-neutral_t05_n5,22,3,2,Qwen/Qwen2.5-Coder-32B-Instruct,1,0,1,1,neutral,0.5,4.0,0.0
2026-05-19 14:53:21,L-E01_m-qwen2.5-coder-32b_sol1_gd1_rs0_bd1_str-neutral_t05_n5,22,3,3,Qwen/Qwen2.5-Coder-32B-Instruct,1,0,1,1,neutral,0.5,2.5,0.0
2026-05-19 14:53:26,L-E01_m-qwen2.5-coder-32b_sol1_gd1_rs0_bd1_str-neutral_t05_n5,22,3,4,Qwen/Qwen2.5-Coder-32B-Instruct,1,0,1,1,neutral,0.5,5.0,0.0
2026-05-19 14:53:32,L-E01_m-qwen2.5-coder-32b_sol1_gd1_rs0_bd1_str-neutral_t05_n5,22,3,5,Qwen/Qwen2.5-Coder-32B-Instruct,1,0,1,1,neutral,0.5,4.0,0.0
2026-05-19 14:53:39,L-E01_m-qwen2.5-coder-32b_sol1_gd1_rs0_bd1_str-neutral_t05_n5,23,1,1,Qwen/Qwen2.5-Coder-32B-Instruct,1,0,1,1,neutral,0.5,8.0,0.0
2026-05-19 14:53:52,L-E01_m-qwen2.5-coder-32b_sol1_gd1_rs0_bd1_str-neutral_t05_n5,23,1,2,Qwen/Qwen2.5-Coder-32B-Instruct,1,0,1,1,neutral,0.5,7.5,0.0
2026-05-19 14:54:06,L-E01_m-qwen2.5-coder-32b_sol1_gd1_rs0_bd1_str-neutral_t05_n5,23,1,3,Qwen/Qwen2.5-Coder-32B-Instruct,1,0,1,1,neutral,0.5,7.5,0.0
2026-05-19 14:54:13,L-E01_m-qwen2.5-coder-32b_sol1_gd1_rs0_bd1_str-neutral_t05_n5,23,1,4,Qwen/Qwen2.5-Coder-32B-Instruct,1,0,1,1,neutral,0.5,8.5,0.0
2026-05-19 14:54:20,L-E01_m-qwen2.5-coder-32b_sol1_gd1_rs0_bd1_str-neutral_t05_n5,23,1,5,Qwen/Qwen2.5-Coder-32B-Instruct,1,0,1,1,neutral,0.5,8.0,0.0
2026-05-19 14:54:28,L-E01_m-qwen2.5-coder-32b_sol1_gd1_rs0_bd1_str-neutral_t05_n5,23,2,1,Qwen/Qwen2.5-Coder-32B-Instruct,1,0,1,1,neutral,0.5,7.0,0.0
2026-05-19 14:54:38,L-E01_m-qwen2.5-coder-32b_sol1_gd1_rs0_bd1_str-neutral_t05_n5,23,2,2,Qwen/Qwen2.5-Coder-32B-Instruct,1,0,1,1,neutral,0.5,6.0,0.0
2026-05-19 14:54:45,L-E01_m-qwen2.5-coder-32b_sol1_gd1_rs0_bd1_str-neutral_t05_n5,23,2,3,Qwen/Qwen2.5-Coder-32B-Instruct,1,0,1,1,neutral,0.5,7.0,0.0
2026-05-19 14:54:52,L-E01_m-qwen2.5-coder-32b_sol1_gd1_rs0_bd1_str-neutral_t05_n5,23,2,4,Qwen/Qwen2.5-Coder-32B-Instruct,1,0,1,1,neutral,0.5,8.0,0.0
2026-05-19 14:55:01,L-E01_m-qwen2.5-coder-32b_sol1_gd1_rs0_bd1_str-neutral_t05_n5,23,2,5,Qwen/Qwen2.5-Coder-32B-Instruct,1,0,1,1,neutral,0.5,7.0,0.0
2026-05-19 14:55:07,L-E01_m-qwen2.5-coder-32b_sol1_gd1_rs0_bd1_str-neutral_t05_n5,23,3,1,Qwen/Qwen2.5-Coder-32B-Instruct,1,0,1,1,neutral,0.5,8.5,0.0
2026-05-19 14:55:17,L-E01_m-qwen2.5-coder-32b_sol1_gd1_rs0_bd1_str-neutral_t05_n5,23,3,2,Qwen/Qwen2.5-Coder-32B-Instruct,1,0,1,1,neutral,0.5,7.0,0.0
2026-05-19 14:55:25,L-E01_m-qwen2.5-coder-32b_sol1_gd1_rs0_bd1_str-neutral_t05_n5,23,3,3,Qwen/Qwen2.5-Coder-32B-Instruct,1,0,1,1,neutral,0.5,8.0,0.0
2026-05-19 14:55:33,L-E01_m-qwen2.5-coder-32b_sol1_gd1_rs0_bd1_str-neutral_t05_n5,23,3,4,Qwen/Qwen2.5-Coder-32B-Instruct,1,0,1,1,neutral,0.5,8.5,0.0
2026-05-19 14:55:41,L-E01_m-qwen2.5-coder-32b_sol1_gd1_rs0_bd1_str-neutral_t05_n5,23,3,5,Qwen/Qwen2.5-Coder-32B-Instruct,1,0,1,1,neutral,0.5,8.0,0.0
2026-05-19 14:55:49,L-E01_m-qwen2.5-coder-32b_sol1_gd1_rs0_bd1_str-neutral_t05_n5,24,1,1,Qwen/Qwen2.5-Coder-32B-Instruct,1,0,1,1,neutral,0.5,8.5,0.0
2026-05-19 14:55:57,L-E01_m-qwen2.5-coder-32b_sol1_gd1_rs0_bd1_str-neutral_t05_n5,24,1,2,Qwen/Qwen2.5-Coder-32B-Instruct,1,0,1,1,neutral,0.5,9.0,0.0
2026-05-19 14:56:04,L-E01_m-qwen2.5-coder-32b_sol1_gd1_rs0_bd1_str-neutral_t05_n5,24,1,3,Qwen/Qwen2.5-Coder-32B-Instruct,1,0,1,1,neutral,0.5,8.5,0.0
2026-05-19 14:56:13,L-E01_m-qwen2.5-coder-32b_sol1_gd1_rs0_bd1_str-neutral_t05_n5,24,1,4,Qwen/Qwen2.5-Coder-32B-Instruct,1,0,1,1,neutral,0.5,8.5,0.0
2026-05-19 14:56:20,L-E01_m-qwen2.5-coder-32b_sol1_gd1_rs0_bd1_str-neutral_t05_n5,24,1,5,Qwen/Qwen2.5-Coder-32B-Instruct,1,0,1,1,neutral,0.5,8.5,0.0
2026-05-19 14:56:30,L-E01_m-qwen2.5-coder-32b_sol1_gd1_rs0_bd1_str-neutral_t05_n5,24,2,1,Qwen/Qwen2.5-Coder-32B-Instruct,1,0,1,1,neutral,0.5,7.5,0.0
2026-05-19 14:56:40,L-E01_m-qwen2.5-coder-32b_sol1_gd1_rs0_bd1_str-neutral_t05_n5,24,2,2,Qwen/Qwen2.5-Coder-32B-Instruct,1,0,1,1,neutral,0.5,7.5,0.0
2026-05-19 14:56:46,L-E01_m-qwen2.5-coder-32b_sol1_gd1_rs0_bd1_str-neutral_t05_n5,24,2,3,Qwen/Qwen2.5-Coder-32B-Instruct,1,0,1,1,neutral,0.5,7.5,0.0
2026-05-19 14:56:52,L-E01_m-qwen2.5-coder-32b_sol1_gd1_rs0_bd1_str-neutral_t05_n5,24,2,4,Qwen/Qwen2.5-Coder-32B-Instruct,1,0,1,1,neutral,0.5,7.0,0.0
2026-05-19 14:57:02,L-E01_m-qwen2.5-coder-32b_sol1_gd1_rs0_bd1_str-neutral_t05_n5,24,2,5,Qwen/Qwen2.5-Coder-32B-Instruct,1,0,1,1,neutral,0.5,7.0,0.0
2026-05-19 14:57:10,L-E01_m-qwen2.5-coder-32b_sol1_gd1_rs0_bd1_str-neutral_t05_n5,24,3,1,Qwen/Qwen2.5-Coder-32B-Instruct,1,0,1,1,neutral,0.5,8.5,0.0
2026-05-19 14:57:15,L-E01_m-qwen2.5-coder-32b_sol1_gd1_rs0_bd1_str-neutral_t05_n5,24,3,2,Qwen/Qwen2.5-Coder-32B-Instruct,1,0,1,1,neutral,0.5,8.0,0.0
2026-05-19 14:57:21,L-E01_m-qwen2.5-coder-32b_sol1_gd1_rs0_bd1_str-neutral_t05_n5,24,3,3,Qwen/Qwen2.5-Coder-32B-Instruct,1,0,1,1,neutral,0.5,8.0,0.0
2026-05-19 14:57:26,L-E01_m-qwen2.5-coder-32b_sol1_gd1_rs0_bd1_str-neutral_t05_n5,24,3,4,Qwen/Qwen2.5-Coder-32B-Instruct,1,0,1,1,neutral,0.5,8.0,0.0
2026-05-19 14:57:32,L-E01_m-qwen2.5-coder-32b_sol1_gd1_rs0_bd1_str-neutral_t05_n5,24,3,5,Qwen/Qwen2.5-Coder-32B-Instruct,1,0,1,1,neutral,0.5,8.0,0.0
2026-05-19 14:57:40,L-E01_m-qwen2.5-coder-32b_sol1_gd1_rs0_bd1_str-neutral_t05_n5,25,1,1,Qwen/Qwen2.5-Coder-32B-Instruct,1,0,1,1,neutral,0.5,7.0,0.0
2026-05-19 14:57:47,L-E01_m-qwen2.5-coder-32b_sol1_gd1_rs0_bd1_str-neutral_t05_n5,25,1,2,Qwen/Qwen2.5-Coder-32B-Instruct,1,0,1,1,neutral,0.5,6.5,0.0
2026-05-19 14:57:55,L-E01_m-qwen2.5-coder-32b_sol1_gd1_rs0_bd1_str-neutral_t05_n5,25,1,3,Qwen/Qwen2.5-Coder-32B-Instruct,1,0,1,1,neutral,0.5,8.5,0.0
2026-05-19 14:58:03,L-E01_m-qwen2.5-coder-32b_sol1_gd1_rs0_bd1_str-neutral_t05_n5,25,1,4,Qwen/Qwen2.5-Coder-32B-Instruct,1,0,1,1,neutral,0.5,6.0,0.0
2026-05-19 14:58:12,L-E01_m-qwen2.5-coder-32b_sol1_gd1_rs0_bd1_str-neutral_t05_n5,25,1,5,Qwen/Qwen2.5-Coder-32B-Instruct,1,0,1,1,neutral,0.5,5.5,0.0
2026-05-19 14:58:19,L-E01_m-qwen2.5-coder-32b_sol1_gd1_rs0_bd1_str-neutral_t05_n5,25,2,1,Qwen/Qwen2.5-Coder-32B-Instruct,1,0,1,1,neutral,0.5,8.0,1.0
2026-05-19 14:58:26,L-E01_m-qwen2.5-coder-32b_sol1_gd1_rs0_bd1_str-neutral_t05_n5,25,2,2,Qwen/Qwen2.5-Coder-32B-Instruct,1,0,1,1,neutral,0.5,8.0,1.0
2026-05-19 14:58:36,L-E01_m-qwen2.5-coder-32b_sol1_gd1_rs0_bd1_str-neutral_t05_n5,25,2,3,Qwen/Qwen2.5-Coder-32B-Instruct,1,0,1,1,neutral,0.5,7.5,0.0
2026-05-19 14:58:43,L-E01_m-qwen2.5-coder-32b_sol1_gd1_rs0_bd1_str-neutral_t05_n5,25,2,4,Qwen/Qwen2.5-Coder-32B-Instruct,1,0,1,1,neutral,0.5,8.5,1.0
2026-05-19 14:58:50,L-E01_m-qwen2.5-coder-32b_sol1_gd1_rs0_bd1_str-neutral_t05_n5,25,2,5,Qwen/Qwen2.5-Coder-32B-Instruct,1,0,1,1,neutral,0.5,8.0,0.0
2026-05-19 14:58:56,L-E01_m-qwen2.5-coder-32b_sol1_gd1_rs0_bd1_str-neutral_t05_n5,25,3,1,Qwen/Qwen2.5-Coder-32B-Instruct,1,0,1,1,neutral,0.5,10.5,0.0
2026-05-19 14:59:01,L-E01_m-qwen2.5-coder-32b_sol1_gd1_rs0_bd1_str-neutral_t05_n5,25,3,2,Qwen/Qwen2.5-Coder-32B-Instruct,1,0,1,1,neutral,0.5,9.0,0.0
2026-05-19 14:59:09,L-E01_m-qwen2.5-coder-32b_sol1_gd1_rs0_bd1_str-neutral_t05_n5,25,3,3,Qwen/Qwen2.5-Coder-32B-Instruct,1,0,1,1,neutral,0.5,8.0,0.0
2026-05-19 14:59:15,L-E01_m-qwen2.5-coder-32b_sol1_gd1_rs0_bd1_str-neutral_t05_n5,25,3,4,Qwen/Qwen2.5-Coder-32B-Instruct,1,0,1,1,neutral,0.5,8.0,0.0
2026-05-19 14:59:21,L-E01_m-qwen2.5-coder-32b_sol1_gd1_rs0_bd1_str-neutral_t05_n5,25,3,5,Qwen/Qwen2.5-Coder-32B-Instruct,1,0,1,1,neutral,0.5,8.5,0.0
2026-05-19 14:59:29,L-E01_m-qwen2.5-coder-32b_sol1_gd1_rs0_bd1_str-neutral_t05_n5,26,1,1,Qwen/Qwen2.5-Coder-32B-Instruct,1,0,1,1,neutral,0.5,6.5,0.0
2026-05-19 14:59:38,L-E01_m-qwen2.5-coder-32b_sol1_gd1_rs0_bd1_str-neutral_t05_n5,26,1,2,Qwen/Qwen2.5-Coder-32B-Instruct,1,0,1,1,neutral,0.5,6.0,0.0
2026-05-19 14:59:46,L-E01_m-qwen2.5-coder-32b_sol1_gd1_rs0_bd1_str-neutral_t05_n5,26,1,3,Qwen/Qwen2.5-Coder-32B-Instruct,1,0,1,1,neutral,0.5,7.0,0.0
2026-05-19 14:59:54,L-E01_m-qwen2.5-coder-32b_sol1_gd1_rs0_bd1_str-neutral_t05_n5,26,1,4,Qwen/Qwen2.5-Coder-32B-Instruct,1,0,1,1,neutral,0.5,6.5,0.0
2026-05-19 15:00:01,L-E01_m-qwen2.5-coder-32b_sol1_gd1_rs0_bd1_str-neutral_t05_n5,26,1,5,Qwen/Qwen2.5-Coder-32B-Instruct,1,0,1,1,neutral,0.5,7.5,0.0
2026-05-19 15:00:09,L-E01_m-qwen2.5-coder-32b_sol1_gd1_rs0_bd1_str-neutral_t05_n5,26,2,1,Qwen/Qwen2.5-Coder-32B-Instruct,1,0,1,1,neutral,0.5,7.0,0.0
2026-05-19 15:00:16,L-E01_m-qwen2.5-coder-32b_sol1_gd1_rs0_bd1_str-neutral_t05_n5,26,2,2,Qwen/Qwen2.5-Coder-32B-Instruct,1,0,1,1,neutral,0.5,6.5,0.0
2026-05-19 15:00:23,L-E01_m-qwen2.5-coder-32b_sol1_gd1_rs0_bd1_str-neutral_t05_n5,26,2,3,Qwen/Qwen2.5-Coder-32B-Instruct,1,0,1,1,neutral,0.5,5.0,0.0
2026-05-19 15:00:30,L-E01_m-qwen2.5-coder-32b_sol1_gd1_rs0_bd1_str-neutral_t05_n5,26,2,4,Qwen/Qwen2.5-Coder-32B-Instruct,1,0,1,1,neutral,0.5,6.0,0.0
2026-05-19 15:00:37,L-E01_m-qwen2.5-coder-32b_sol1_gd1_rs0_bd1_str-neutral_t05_n5,26,2,5,Qwen/Qwen2.5-Coder-32B-Instruct,1,0,1,1,neutral,0.5,7.0,0.0
2026-05-19 15:00:44,L-E01_m-qwen2.5-coder-32b_sol1_gd1_rs0_bd1_str-neutral_t05_n5,26,3,1,Qwen/Qwen2.5-Coder-32B-Instruct,1,0,1,1,neutral,0.5,6.5,0.0
2026-05-19 15:00:50,L-E01_m-qwen2.5-coder-32b_sol1_gd1_rs0_bd1_str-neutral_t05_n5,26,3,2,Qwen/Qwen2.5-Coder-32B-Instruct,1,0,1,1,neutral,0.5,4.0,0.0
2026-05-19 15:00:57,L-E01_m-qwen2.5-coder-32b_sol1_gd1_rs0_bd1_str-neutral_t05_n5,26,3,3,Qwen/Qwen2.5-Coder-32B-Instruct,1,0,1,1,neutral,0.5,5.5,0.0
2026-05-19 15:01:03,L-E01_m-qwen2.5-coder-32b_sol1_gd1_rs0_bd1_str-neutral_t05_n5,26,3,4,Qwen/Qwen2.5-Coder-32B-Instruct,1,0,1,1,neutral,0.5,6.0,0.0
2026-05-19 15:01:09,L-E01_m-qwen2.5-coder-32b_sol1_gd1_rs0_bd1_str-neutral_t05_n5,26,3,5,Qwen/Qwen2.5-Coder-32B-Instruct,1,0,1,1,neutral,0.5,5.0,0.0
2026-05-19 15:01:17,L-E01_m-qwen2.5-coder-32b_sol1_gd1_rs0_bd1_str-neutral_t05_n5,27,1,1,Qwen/Qwen2.5-Coder-32B-Instruct,1,0,1,1,neutral,0.5,9.0,1.0
2026-05-19 15:01:25,L-E01_m-qwen2.5-coder-32b_sol1_gd1_rs0_bd1_str-neutral_t05_n5,27,1,2,Qwen/Qwen2.5-Coder-32B-Instruct,1,0,1,1,neutral,0.5,8.5,3.0
2026-05-19 15:01:33,L-E01_m-qwen2.5-coder-32b_sol1_gd1_rs0_bd1_str-neutral_t05_n5,27,1,3,Qwen/Qwen2.5-Coder-32B-Instruct,1,0,1,1,neutral,0.5,9.0,3.0
2026-05-19 15:01:40,L-E01_m-qwen2.5-coder-32b_sol1_gd1_rs0_bd1_str-neutral_t05_n5,27,1,4,Qwen/Qwen2.5-Coder-32B-Instruct,1,0,1,1,neutral,0.5,10.0,2.0
2026-05-19 15:01:52,L-E01_m-qwen2.5-coder-32b_sol1_gd1_rs0_bd1_str-neutral_t05_n5,27,1,5,Qwen/Qwen2.5-Coder-32B-Instruct,1,0,1,1,neutral,0.5,8.5,0.0
2026-05-19 15:01:59,L-E01_m-qwen2.5-coder-32b_sol1_gd1_rs0_bd1_str-neutral_t05_n5,27,2,1,Qwen/Qwen2.5-Coder-32B-Instruct,1,0,1,1,neutral,0.5,7.0,0.0
2026-05-19 15:02:06,L-E01_m-qwen2.5-coder-32b_sol1_gd1_rs0_bd1_str-neutral_t05_n5,27,2,2,Qwen/Qwen2.5-Coder-32B-Instruct,1,0,1,1,neutral,0.5,7.0,0.0
2026-05-19 15:02:14,L-E01_m-qwen2.5-coder-32b_sol1_gd1_rs0_bd1_str-neutral_t05_n5,27,2,3,Qwen/Qwen2.5-Coder-32B-Instruct,1,0,1,1,neutral,0.5,7.0,0.0
2026-05-19 15:02:21,L-E01_m-qwen2.5-coder-32b_sol1_gd1_rs0_bd1_str-neutral_t05_n5,27,2,4,Qwen/Qwen2.5-Coder-32B-Instruct,1,0,1,1,neutral,0.5,8.0,0.0
2026-05-19 15:02:27,L-E01_m-qwen2.5-coder-32b_sol1_gd1_rs0_bd1_str-neutral_t05_n5,27,2,5,Qwen/Qwen2.5-Coder-32B-Instruct,1,0,1,1,neutral,0.5,8.5,0.0
2026-05-19 15:02:34,L-E01_m-qwen2.5-coder-32b_sol1_gd1_rs0_bd1_str-neutral_t05_n5,27,3,1,Qwen/Qwen2.5-Coder-32B-Instruct,1,0,1,1,neutral,0.5,7.0,0.0
2026-05-19 15:02:42,L-E01_m-qwen2.5-coder-32b_sol1_gd1_rs0_bd1_str-neutral_t05_n5,27,3,2,Qwen/Qwen2.5-Coder-32B-Instruct,1,0,1,1,neutral,0.5,7.0,0.0
2026-05-19 15:02:48,L-E01_m-qwen2.5-coder-32b_sol1_gd1_rs0_bd1_str-neutral_t05_n5,27,3,3,Qwen/Qwen2.5-Coder-32B-Instruct,1,0,1,1,neutral,0.5,8.5,0.0
2026-05-19 15:02:56,L-E01_m-qwen2.5-coder-32b_sol1_gd1_rs0_bd1_str-neutral_t05_n5,27,3,4,Qwen/Qwen2.5-Coder-32B-Instruct,1,0,1,1,neutral,0.5,7.0,0.0
2026-05-19 15:03:03,L-E01_m-qwen2.5-coder-32b_sol1_gd1_rs0_bd1_str-neutral_t05_n5,27,3,5,Qwen/Qwen2.5-Coder-32B-Instruct,1,0,1,1,neutral,0.5,7.5,0.0
2026-05-19 15:03:06,L-E01_m-qwen2.5-coder-32b_sol1_gd1_rs0_bd1_str-neutral_t05_n5,27,4,1,Qwen/Qwen2.5-Coder-32B-Instruct,1,0,1,1,neutral,0.5,0.0,0.0
2026-05-19 15:03:09,L-E01_m-qwen2.5-coder-32b_sol1_gd1_rs0_bd1_str-neutral_t05_n5,27,4,2,Qwen/Qwen2.5-Coder-32B-Instruct,1,0,1,1,neutral,0.5,0.0,0.0
2026-05-19 15:03:13,L-E01_m-qwen2.5-coder-32b_sol1_gd1_rs0_bd1_str-neutral_t05_n5,27,4,3,Qwen/Qwen2.5-Coder-32B-Instruct,1,0,1,1,neutral,0.5,0.0,0.0
2026-05-19 15:03:16,L-E01_m-qwen2.5-coder-32b_sol1_gd1_rs0_bd1_str-neutral_t05_n5,27,4,4,Qwen/Qwen2.5-Coder-32B-Instruct,1,0,1,1,neutral,0.5,0.0,0.0
2026-05-19 15:03:19,L-E01_m-qwen2.5-coder-32b_sol1_gd1_rs0_bd1_str-neutral_t05_n5,27,4,5,Qwen/Qwen2.5-Coder-32B-Instruct,1,0,1,1,neutral,0.5,0.0,0.0
2026-05-19 15:03:28,L-E01_m-qwen2.5-coder-32b_sol1_gd1_rs0_bd1_str-neutral_t05_n5,28,1,1,Qwen/Qwen2.5-Coder-32B-Instruct,1,0,1,1,neutral,0.5,7.5,0.0
2026-05-19 15:03:36,L-E01_m-qwen2.5-coder-32b_sol1_gd1_rs0_bd1_str-neutral_t05_n5,28,1,2,Qwen/Qwen2.5-Coder-32B-Instruct,1,0,1,1,neutral,0.5,8.0,2.0
2026-05-19 15:03:44,L-E01_m-qwen2.5-coder-32b_sol1_gd1_rs0_bd1_str-neutral_t05_n5,28,1,3,Qwen/Qwen2.5-Coder-32B-Instruct,1,0,1,1,neutral,0.5,8.0,1.0
2026-05-19 15:03:52,L-E01_m-qwen2.5-coder-32b_sol1_gd1_rs0_bd1_str-neutral_t05_n5,28,1,4,Qwen/Qwen2.5-Coder-32B-Instruct,1,0,1,1,neutral,0.5,8.5,3.0
2026-05-19 15:04:00,L-E01_m-qwen2.5-coder-32b_sol1_gd1_rs0_bd1_str-neutral_t05_n5,28,1,5,Qwen/Qwen2.5-Coder-32B-Instruct,1,0,1,1,neutral,0.5,8.0,0.0
2026-05-19 15:04:08,L-E01_m-qwen2.5-coder-32b_sol1_gd1_rs0_bd1_str-neutral_t05_n5,28,2,1,Qwen/Qwen2.5-Coder-32B-Instruct,1,0,1,1,neutral,0.5,6.5,0.0
2026-05-19 15:04:17,L-E01_m-qwen2.5-coder-32b_sol1_gd1_rs0_bd1_str-neutral_t05_n5,28,2,2,Qwen/Qwen2.5-Coder-32B-Instruct,1,0,1,1,neutral,0.5,7.0,0.0
2026-05-19 15:04:25,L-E01_m-qwen2.5-coder-32b_sol1_gd1_rs0_bd1_str-neutral_t05_n5,28,2,3,Qwen/Qwen2.5-Coder-32B-Instruct,1,0,1,1,neutral,0.5,7.0,0.0
2026-05-19 15:04:32,L-E01_m-qwen2.5-coder-32b_sol1_gd1_rs0_bd1_str-neutral_t05_n5,28,2,4,Qwen/Qwen2.5-Coder-32B-Instruct,1,0,1,1,neutral,0.5,9.0,0.0
2026-05-19 15:04:39,L-E01_m-qwen2.5-coder-32b_sol1_gd1_rs0_bd1_str-neutral_t05_n5,28,2,5,Qwen/Qwen2.5-Coder-32B-Instruct,1,0,1,1,neutral,0.5,6.0,0.0
2026-05-19 15:04:45,L-E01_m-qwen2.5-coder-32b_sol1_gd1_rs0_bd1_str-neutral_t05_n5,28,3,1,Qwen/Qwen2.5-Coder-32B-Instruct,1,0,1,1,neutral,0.5,8.0,0.0
2026-05-19 15:04:51,L-E01_m-qwen2.5-coder-32b_sol1_gd1_rs0_bd1_str-neutral_t05_n5,28,3,2,Qwen/Qwen2.5-Coder-32B-Instruct,1,0,1,1,neutral,0.5,6.5,0.0
2026-05-19 15:04:56,L-E01_m-qwen2.5-coder-32b_sol1_gd1_rs0_bd1_str-neutral_t05_n5,28,3,3,Qwen/Qwen2.5-Coder-32B-Instruct,1,0,1,1,neutral,0.5,6.0,0.0
2026-05-19 15:05:01,L-E01_m-qwen2.5-coder-32b_sol1_gd1_rs0_bd1_str-neutral_t05_n5,28,3,4,Qwen/Qwen2.5-Coder-32B-Instruct,1,0,1,1,neutral,0.5,7.0,0.0
2026-05-19 15:05:07,L-E01_m-qwen2.5-coder-32b_sol1_gd1_rs0_bd1_str-neutral_t05_n5,28,3,5,Qwen/Qwen2.5-Coder-32B-Instruct,1,0,1,1,neutral,0.5,4.5,0.0
2026-05-19 15:05:15,L-E01_m-qwen2.5-coder-32b_sol1_gd1_rs0_bd1_str-neutral_t05_n5,29,1,1,Qwen/Qwen2.5-Coder-32B-Instruct,1,0,1,1,neutral,0.5,7.0,0.0
2026-05-19 15:05:24,L-E01_m-qwen2.5-coder-32b_sol1_gd1_rs0_bd1_str-neutral_t05_n5,29,1,2,Qwen/Qwen2.5-Coder-32B-Instruct,1,0,1,1,neutral,0.5,7.0,0.0
2026-05-19 15:05:31,L-E01_m-qwen2.5-coder-32b_sol1_gd1_rs0_bd1_str-neutral_t05_n5,29,1,3,Qwen/Qwen2.5-Coder-32B-Instruct,1,0,1,1,neutral,0.5,7.0,0.0
2026-05-19 15:05:39,L-E01_m-qwen2.5-coder-32b_sol1_gd1_rs0_bd1_str-neutral_t05_n5,29,1,4,Qwen/Qwen2.5-Coder-32B-Instruct,1,0,1,1,neutral,0.5,7.5,0.0
2026-05-19 15:05:48,L-E01_m-qwen2.5-coder-32b_sol1_gd1_rs0_bd1_str-neutral_t05_n5,29,1,5,Qwen/Qwen2.5-Coder-32B-Instruct,1,0,1,1,neutral,0.5,5.5,0.0
2026-05-19 15:05:55,L-E01_m-qwen2.5-coder-32b_sol1_gd1_rs0_bd1_str-neutral_t05_n5,29,2,1,Qwen/Qwen2.5-Coder-32B-Instruct,1,0,1,1,neutral,0.5,6.5,0.0
2026-05-19 15:06:02,L-E01_m-qwen2.5-coder-32b_sol1_gd1_rs0_bd1_str-neutral_t05_n5,29,2,2,Qwen/Qwen2.5-Coder-32B-Instruct,1,0,1,1,neutral,0.5,6.5,0.0
2026-05-19 15:06:09,L-E01_m-qwen2.5-coder-32b_sol1_gd1_rs0_bd1_str-neutral_t05_n5,29,2,3,Qwen/Qwen2.5-Coder-32B-Instruct,1,0,1,1,neutral,0.5,6.5,0.0
2026-05-19 15:06:16,L-E01_m-qwen2.5-coder-32b_sol1_gd1_rs0_bd1_str-neutral_t05_n5,29,2,4,Qwen/Qwen2.5-Coder-32B-Instruct,1,0,1,1,neutral,0.5,6.0,0.0
2026-05-19 15:06:23,L-E01_m-qwen2.5-coder-32b_sol1_gd1_rs0_bd1_str-neutral_t05_n5,29,2,5,Qwen/Qwen2.5-Coder-32B-Instruct,1,0,1,1,neutral,0.5,5.0,0.0
2026-05-19 15:06:29,L-E01_m-qwen2.5-coder-32b_sol1_gd1_rs0_bd1_str-neutral_t05_n5,29,3,1,Qwen/Qwen2.5-Coder-32B-Instruct,1,0,1,1,neutral,0.5,8.0,0.0
2026-05-19 15:06:35,L-E01_m-qwen2.5-coder-32b_sol1_gd1_rs0_bd1_str-neutral_t05_n5,29,3,2,Qwen/Qwen2.5-Coder-32B-Instruct,1,0,1,1,neutral,0.5,10.5,0.0
2026-05-19 15:06:42,L-E01_m-qwen2.5-coder-32b_sol1_gd1_rs0_bd1_str-neutral_t05_n5,29,3,3,Qwen/Qwen2.5-Coder-32B-Instruct,1,0,1,1,neutral,0.5,10.5,0.0
2026-05-19 15:06:50,L-E01_m-qwen2.5-coder-32b_sol1_gd1_rs0_bd1_str-neutral_t05_n5,29,3,4,Qwen/Qwen2.5-Coder-32B-Instruct,1,0,1,1,neutral,0.5,10.0,0.0
2026-05-19 15:06:55,L-E01_m-qwen2.5-coder-32b_sol1_gd1_rs0_bd1_str-neutral_t05_n5,29,3,5,Qwen/Qwen2.5-Coder-32B-Instruct,1,0,1,1,neutral,0.5,9.0,0.0
2026-05-19 15:06:59,L-E01_m-qwen2.5-coder-32b_sol1_gd1_rs0_bd1_str-neutral_t05_n5,29,4,1,Qwen/Qwen2.5-Coder-32B-Instruct,1,0,1,1,neutral,0.5,0.0,0.0
2026-05-19 15:07:01,L-E01_m-qwen2.5-coder-32b_sol1_gd1_rs0_bd1_str-neutral_t05_n5,29,4,2,Qwen/Qwen2.5-Coder-32B-Instruct,1,0,1,1,neutral,0.5,0.0,0.0
2026-05-19 15:07:04,L-E01_m-qwen2.5-coder-32b_sol1_gd1_rs0_bd1_str-neutral_t05_n5,29,4,3,Qwen/Qwen2.5-Coder-32B-Instruct,1,0,1,1,neutral,0.5,0.0,0.0
2026-05-19 15:07:08,L-E01_m-qwen2.5-coder-32b_sol1_gd1_rs0_bd1_str-neutral_t05_n5,29,4,4,Qwen/Qwen2.5-Coder-32B-Instruct,1,0,1,1,neutral,0.5,0.0,0.0
2026-05-19 15:07:12,L-E01_m-qwen2.5-coder-32b_sol1_gd1_rs0_bd1_str-neutral_t05_n5,29,4,5,Qwen/Qwen2.5-Coder-32B-Instruct,1,0,1,1,neutral,0.5,0.0,0.0
2026-05-19 15:07:21,L-E01_m-qwen2.5-coder-32b_sol1_gd1_rs0_bd1_str-neutral_t05_n5,30,1,1,Qwen/Qwen2.5-Coder-32B-Instruct,1,0,1,1,neutral,0.5,6.0,0.0
2026-05-19 15:07:28,L-E01_m-qwen2.5-coder-32b_sol1_gd1_rs0_bd1_str-neutral_t05_n5,30,1,2,Qwen/Qwen2.5-Coder-32B-Instruct,1,0,1,1,neutral,0.5,5.0,0.0
2026-05-19 15:07:37,L-E01_m-qwen2.5-coder-32b_sol1_gd1_rs0_bd1_str-neutral_t05_n5,30,1,3,Qwen/Qwen2.5-Coder-32B-Instruct,1,0,1,1,neutral,0.5,5.0,0.0
2026-05-19 15:07:44,L-E01_m-qwen2.5-coder-32b_sol1_gd1_rs0_bd1_str-neutral_t05_n5,30,1,4,Qwen/Qwen2.5-Coder-32B-Instruct,1,0,1,1,neutral,0.5,6.0,0.0
2026-05-19 15:07:56,L-E01_m-qwen2.5-coder-32b_sol1_gd1_rs0_bd1_str-neutral_t05_n5,30,1,5,Qwen/Qwen2.5-Coder-32B-Instruct,1,0,1,1,neutral,0.5,2.5,0.0
2026-05-19 15:08:06,L-E01_m-qwen2.5-coder-32b_sol1_gd1_rs0_bd1_str-neutral_t05_n5,30,2,1,Qwen/Qwen2.5-Coder-32B-Instruct,1,0,1,1,neutral,0.5,2.5,0.0
2026-05-19 15:08:18,L-E01_m-qwen2.5-coder-32b_sol1_gd1_rs0_bd1_str-neutral_t05_n5,30,2,2,Qwen/Qwen2.5-Coder-32B-Instruct,1,0,1,1,neutral,0.5,4.0,0.0
2026-05-19 15:08:28,L-E01_m-qwen2.5-coder-32b_sol1_gd1_rs0_bd1_str-neutral_t05_n5,30,2,3,Qwen/Qwen2.5-Coder-32B-Instruct,1,0,1,1,neutral,0.5,3.5,0.0
2026-05-19 15:08:38,L-E01_m-qwen2.5-coder-32b_sol1_gd1_rs0_bd1_str-neutral_t05_n5,30,2,4,Qwen/Qwen2.5-Coder-32B-Instruct,1,0,1,1,neutral,0.5,3.0,0.0
2026-05-19 15:08:45,L-E01_m-qwen2.5-coder-32b_sol1_gd1_rs0_bd1_str-neutral_t05_n5,30,2,5,Qwen/Qwen2.5-Coder-32B-Instruct,1,0,1,1,neutral,0.5,2.5,0.0
2026-05-19 15:08:54,L-E01_m-qwen2.5-coder-32b_sol1_gd1_rs0_bd1_str-neutral_t05_n5,30,3,1,Qwen/Qwen2.5-Coder-32B-Instruct,1,0,1,1,neutral,0.5,7.0,0.0
2026-05-19 15:09:00,L-E01_m-qwen2.5-coder-32b_sol1_gd1_rs0_bd1_str-neutral_t05_n5,30,3,2,Qwen/Qwen2.5-Coder-32B-Instruct,1,0,1,1,neutral,0.5,5.5,0.0
2026-05-19 15:09:05,L-E01_m-qwen2.5-coder-32b_sol1_gd1_rs0_bd1_str-neutral_t05_n5,30,3,3,Qwen/Qwen2.5-Coder-32B-Instruct,1,0,1,1,neutral,0.5,6.5,0.0
2026-05-19 15:09:13,L-E01_m-qwen2.5-coder-32b_sol1_gd1_rs0_bd1_str-neutral_t05_n5,30,3,4,Qwen/Qwen2.5-Coder-32B-Instruct,1,0,1,1,neutral,0.5,5.5,0.0
2026-05-19 15:09:21,L-E01_m-qwen2.5-coder-32b_sol1_gd1_rs0_bd1_str-neutral_t05_n5,30,3,5,Qwen/Qwen2.5-Coder-32B-Instruct,1,0,1,1,neutral,0.5,8.5,0.0
2026-05-19 15:09:30,L-E01_m-qwen2.5-coder-32b_sol1_gd1_rs0_bd1_str-neutral_t05_n5,31,1,1,Qwen/Qwen2.5-Coder-32B-Instruct,1,0,1,1,neutral,0.5,2.0,0.0
2026-05-19 15:09:42,L-E01_m-qwen2.5-coder-32b_sol1_gd1_rs0_bd1_str-neutral_t05_n5,31,1,2,Qwen/Qwen2.5-Coder-32B-Instruct,1,0,1,1,neutral,0.5,0.0,0.0
2026-05-19 15:09:50,L-E01_m-qwen2.5-coder-32b_sol1_gd1_rs0_bd1_str-neutral_t05_n5,31,1,3,Qwen/Qwen2.5-Coder-32B-Instruct,1,0,1,1,neutral,0.5,2.0,0.0
2026-05-19 15:10:00,L-E01_m-qwen2.5-coder-32b_sol1_gd1_rs0_bd1_str-neutral_t05_n5,31,1,4,Qwen/Qwen2.5-Coder-32B-Instruct,1,0,1,1,neutral,0.5,2.0,0.0
2026-05-19 15:10:08,L-E01_m-qwen2.5-coder-32b_sol1_gd1_rs0_bd1_str-neutral_t05_n5,31,1,5,Qwen/Qwen2.5-Coder-32B-Instruct,1,0,1,1,neutral,0.5,3.0,0.0
2026-05-19 15:10:20,L-E01_m-qwen2.5-coder-32b_sol1_gd1_rs0_bd1_str-neutral_t05_n5,31,2,1,Qwen/Qwen2.5-Coder-32B-Instruct,1,0,1,1,neutral,0.5,3.0,0.0
2026-05-19 15:10:28,L-E01_m-qwen2.5-coder-32b_sol1_gd1_rs0_bd1_str-neutral_t05_n5,31,2,2,Qwen/Qwen2.5-Coder-32B-Instruct,1,0,1,1,neutral,0.5,4.0,0.0
2026-05-19 15:10:38,L-E01_m-qwen2.5-coder-32b_sol1_gd1_rs0_bd1_str-neutral_t05_n5,31,2,3,Qwen/Qwen2.5-Coder-32B-Instruct,1,0,1,1,neutral,0.5,3.0,0.0
2026-05-19 15:10:47,L-E01_m-qwen2.5-coder-32b_sol1_gd1_rs0_bd1_str-neutral_t05_n5,31,2,4,Qwen/Qwen2.5-Coder-32B-Instruct,1,0,1,1,neutral,0.5,6.5,0.0
2026-05-19 15:10:55,L-E01_m-qwen2.5-coder-32b_sol1_gd1_rs0_bd1_str-neutral_t05_n5,31,2,5,Qwen/Qwen2.5-Coder-32B-Instruct,1,0,1,1,neutral,0.5,4.5,0.0
2026-05-19 15:11:01,L-E01_m-qwen2.5-coder-32b_sol1_gd1_rs0_bd1_str-neutral_t05_n5,31,3,1,Qwen/Qwen2.5-Coder-32B-Instruct,1,0,1,1,neutral,0.5,5.0,0.0
2026-05-19 15:11:10,L-E01_m-qwen2.5-coder-32b_sol1_gd1_rs0_bd1_str-neutral_t05_n5,31,3,2,Qwen/Qwen2.5-Coder-32B-Instruct,1,0,1,1,neutral,0.5,4.0,0.0
2026-05-19 15:11:21,L-E01_m-qwen2.5-coder-32b_sol1_gd1_rs0_bd1_str-neutral_t05_n5,31,3,3,Qwen/Qwen2.5-Coder-32B-Instruct,1,0,1,1,neutral,0.5,4.0,0.0
2026-05-19 15:11:30,L-E01_m-qwen2.5-coder-32b_sol1_gd1_rs0_bd1_str-neutral_t05_n5,31,3,4,Qwen/Qwen2.5-Coder-32B-Instruct,1,0,1,1,neutral,0.5,3.0,0.0
2026-05-19 15:11:36,L-E01_m-qwen2.5-coder-32b_sol1_gd1_rs0_bd1_str-neutral_t05_n5,31,3,5,Qwen/Qwen2.5-Coder-32B-Instruct,1,0,1,1,neutral,0.5,3.0,0.0
2026-05-19 15:11:40,L-E01_m-qwen2.5-coder-32b_sol1_gd1_rs0_bd1_str-neutral_t05_n5,31,4,1,Qwen/Qwen2.5-Coder-32B-Instruct,1,0,1,1,neutral,0.5,0.0,0.0
2026-05-19 15:11:43,L-E01_m-qwen2.5-coder-32b_sol1_gd1_rs0_bd1_str-neutral_t05_n5,31,4,2,Qwen/Qwen2.5-Coder-32B-Instruct,1,0,1,1,neutral,0.5,0.0,0.0
2026-05-19 15:11:47,L-E01_m-qwen2.5-coder-32b_sol1_gd1_rs0_bd1_str-neutral_t05_n5,31,4,3,Qwen/Qwen2.5-Coder-32B-Instruct,1,0,1,1,neutral,0.5,0.0,0.0
2026-05-19 15:11:51,L-E01_m-qwen2.5-coder-32b_sol1_gd1_rs0_bd1_str-neutral_t05_n5,31,4,4,Qwen/Qwen2.5-Coder-32B-Instruct,1,0,1,1,neutral,0.5,0.0,0.0
2026-05-19 15:11:54,L-E01_m-qwen2.5-coder-32b_sol1_gd1_rs0_bd1_str-neutral_t05_n5,31,4,5,Qwen/Qwen2.5-Coder-32B-Instruct,1,0,1,1,neutral,0.5,0.0,0.0
2026-05-19 15:12:09,L-E01_m-qwen2.5-coder-32b_sol1_gd1_rs0_bd1_str-neutral_t05_n5,32,1,1,Qwen/Qwen2.5-Coder-32B-Instruct,1,0,1,1,neutral,0.5,7.5,0.0
2026-05-19 15:12:17,L-E01_m-qwen2.5-coder-32b_sol1_gd1_rs0_bd1_str-neutral_t05_n5,32,1,2,Qwen/Qwen2.5-Coder-32B-Instruct,1,0,1,1,neutral,0.5,7.5,1.0
2026-05-19 15:12:25,L-E01_m-qwen2.5-coder-32b_sol1_gd1_rs0_bd1_str-neutral_t05_n5,32,1,3,Qwen/Qwen2.5-Coder-32B-Instruct,1,0,1,1,neutral,0.5,9.5,1.0
2026-05-19 15:12:33,L-E01_m-qwen2.5-coder-32b_sol1_gd1_rs0_bd1_str-neutral_t05_n5,32,1,4,Qwen/Qwen2.5-Coder-32B-Instruct,1,0,1,1,neutral,0.5,8.0,1.0
2026-05-19 15:12:40,L-E01_m-qwen2.5-coder-32b_sol1_gd1_rs0_bd1_str-neutral_t05_n5,32,1,5,Qwen/Qwen2.5-Coder-32B-Instruct,1,0,1,1,neutral,0.5,9.5,0.0
2026-05-19 15:12:47,L-E01_m-qwen2.5-coder-32b_sol1_gd1_rs0_bd1_str-neutral_t05_n5,32,2,1,Qwen/Qwen2.5-Coder-32B-Instruct,1,0,1,1,neutral,0.5,7.5,0.0
2026-05-19 15:12:57,L-E01_m-qwen2.5-coder-32b_sol1_gd1_rs0_bd1_str-neutral_t05_n5,32,2,2,Qwen/Qwen2.5-Coder-32B-Instruct,1,0,1,1,neutral,0.5,8.0,0.0
2026-05-19 15:13:03,L-E01_m-qwen2.5-coder-32b_sol1_gd1_rs0_bd1_str-neutral_t05_n5,32,2,3,Qwen/Qwen2.5-Coder-32B-Instruct,1,0,1,1,neutral,0.5,6.0,0.0
2026-05-19 15:13:12,L-E01_m-qwen2.5-coder-32b_sol1_gd1_rs0_bd1_str-neutral_t05_n5,32,2,4,Qwen/Qwen2.5-Coder-32B-Instruct,1,0,1,1,neutral,0.5,7.5,0.0
2026-05-19 15:13:19,L-E01_m-qwen2.5-coder-32b_sol1_gd1_rs0_bd1_str-neutral_t05_n5,32,2,5,Qwen/Qwen2.5-Coder-32B-Instruct,1,0,1,1,neutral,0.5,7.0,0.0
2026-05-19 15:13:25,L-E01_m-qwen2.5-coder-32b_sol1_gd1_rs0_bd1_str-neutral_t05_n5,32,3,1,Qwen/Qwen2.5-Coder-32B-Instruct,1,0,1,1,neutral,0.5,8.0,0.0
2026-05-19 15:13:30,L-E01_m-qwen2.5-coder-32b_sol1_gd1_rs0_bd1_str-neutral_t05_n5,32,3,2,Qwen/Qwen2.5-Coder-32B-Instruct,1,0,1,1,neutral,0.5,9.0,0.0
2026-05-19 15:13:36,L-E01_m-qwen2.5-coder-32b_sol1_gd1_rs0_bd1_str-neutral_t05_n5,32,3,3,Qwen/Qwen2.5-Coder-32B-Instruct,1,0,1,1,neutral,0.5,9.0,0.0
2026-05-19 15:13:43,L-E01_m-qwen2.5-coder-32b_sol1_gd1_rs0_bd1_str-neutral_t05_n5,32,3,4,Qwen/Qwen2.5-Coder-32B-Instruct,1,0,1,1,neutral,0.5,10.5,0.0
2026-05-19 15:13:48,L-E01_m-qwen2.5-coder-32b_sol1_gd1_rs0_bd1_str-neutral_t05_n5,32,3,5,Qwen/Qwen2.5-Coder-32B-Instruct,1,0,1,1,neutral,0.5,10.5,0.0
2026-05-19 15:13:51,L-E01_m-qwen2.5-coder-32b_sol1_gd1_rs0_bd1_str-neutral_t05_n5,32,4,1,Qwen/Qwen2.5-Coder-32B-Instruct,1,0,1,1,neutral,0.5,0.0,0.0
2026-05-19 15:13:54,L-E01_m-qwen2.5-coder-32b_sol1_gd1_rs0_bd1_str-neutral_t05_n5,32,4,2,Qwen/Qwen2.5-Coder-32B-Instruct,1,0,1,1,neutral,0.5,0.0,0.0
2026-05-19 15:13:57,L-E01_m-qwen2.5-coder-32b_sol1_gd1_rs0_bd1_str-neutral_t05_n5,32,4,3,Qwen/Qwen2.5-Coder-32B-Instruct,1,0,1,1,neutral,0.5,0.0,0.0
2026-05-19 15:14:01,L-E01_m-qwen2.5-coder-32b_sol1_gd1_rs0_bd1_str-neutral_t05_n5,32,4,4,Qwen/Qwen2.5-Coder-32B-Instruct,1,0,1,1,neutral,0.5,0.0,0.0
2026-05-19 15:14:03,L-E01_m-qwen2.5-coder-32b_sol1_gd1_rs0_bd1_str-neutral_t05_n5,32,4,5,Qwen/Qwen2.5-Coder-32B-Instruct,1,0,1,1,neutral,0.5,0.0,0.0
2026-05-19 15:14:11,L-E01_m-qwen2.5-coder-32b_sol1_gd1_rs0_bd1_str-neutral_t05_n5,33,1,1,Qwen/Qwen2.5-Coder-32B-Instruct,1,0,1,1,neutral,0.5,5.0,0.0
2026-05-19 15:14:23,L-E01_m-qwen2.5-coder-32b_sol1_gd1_rs0_bd1_str-neutral_t05_n5,33,1,2,Qwen/Qwen2.5-Coder-32B-Instruct,1,0,1,1,neutral,0.5,4.0,0.0
2026-05-19 15:14:31,L-E01_m-qwen2.5-coder-32b_sol1_gd1_rs0_bd1_str-neutral_t05_n5,33,1,3,Qwen/Qwen2.5-Coder-32B-Instruct,1,0,1,1,neutral,0.5,3.0,0.0
2026-05-19 15:14:44,L-E01_m-qwen2.5-coder-32b_sol1_gd1_rs0_bd1_str-neutral_t05_n5,33,1,4,Qwen/Qwen2.5-Coder-32B-Instruct,1,0,1,1,neutral,0.5,4.5,0.0
2026-05-19 15:14:53,L-E01_m-qwen2.5-coder-32b_sol1_gd1_rs0_bd1_str-neutral_t05_n5,33,1,5,Qwen/Qwen2.5-Coder-32B-Instruct,1,0,1,1,neutral,0.5,4.5,0.0
2026-05-19 15:15:00,L-E01_m-qwen2.5-coder-32b_sol1_gd1_rs0_bd1_str-neutral_t05_n5,33,2,1,Qwen/Qwen2.5-Coder-32B-Instruct,1,0,1,1,neutral,0.5,4.0,0.0
2026-05-19 15:15:07,L-E01_m-qwen2.5-coder-32b_sol1_gd1_rs0_bd1_str-neutral_t05_n5,33,2,2,Qwen/Qwen2.5-Coder-32B-Instruct,1,0,1,1,neutral,0.5,4.5,0.0
2026-05-19 15:15:14,L-E01_m-qwen2.5-coder-32b_sol1_gd1_rs0_bd1_str-neutral_t05_n5,33,2,3,Qwen/Qwen2.5-Coder-32B-Instruct,1,0,1,1,neutral,0.5,4.0,0.0
2026-05-19 15:15:21,L-E01_m-qwen2.5-coder-32b_sol1_gd1_rs0_bd1_str-neutral_t05_n5,33,2,4,Qwen/Qwen2.5-Coder-32B-Instruct,1,0,1,1,neutral,0.5,3.5,0.0
2026-05-19 15:15:31,L-E01_m-qwen2.5-coder-32b_sol1_gd1_rs0_bd1_str-neutral_t05_n5,33,2,5,Qwen/Qwen2.5-Coder-32B-Instruct,1,0,1,1,neutral,0.5,5.0,0.0
2026-05-19 15:15:40,L-E01_m-qwen2.5-coder-32b_sol1_gd1_rs0_bd1_str-neutral_t05_n5,33,3,1,Qwen/Qwen2.5-Coder-32B-Instruct,1,0,1,1,neutral,0.5,2.0,0.0
2026-05-19 15:15:46,L-E01_m-qwen2.5-coder-32b_sol1_gd1_rs0_bd1_str-neutral_t05_n5,33,3,2,Qwen/Qwen2.5-Coder-32B-Instruct,1,0,1,1,neutral,0.5,4.0,0.0
2026-05-19 15:15:55,L-E01_m-qwen2.5-coder-32b_sol1_gd1_rs0_bd1_str-neutral_t05_n5,33,3,3,Qwen/Qwen2.5-Coder-32B-Instruct,1,0,1,1,neutral,0.5,2.5,0.0
2026-05-19 15:16:01,L-E01_m-qwen2.5-coder-32b_sol1_gd1_rs0_bd1_str-neutral_t05_n5,33,3,4,Qwen/Qwen2.5-Coder-32B-Instruct,1,0,1,1,neutral,0.5,3.0,0.0
2026-05-19 15:16:06,L-E01_m-qwen2.5-coder-32b_sol1_gd1_rs0_bd1_str-neutral_t05_n5,33,3,5,Qwen/Qwen2.5-Coder-32B-Instruct,1,0,1,1,neutral,0.5,4.0,0.0
2026-05-19 15:16:11,L-E01_m-qwen2.5-coder-32b_sol1_gd1_rs0_bd1_str-neutral_t05_n5,33,4,1,Qwen/Qwen2.5-Coder-32B-Instruct,1,0,1,1,neutral,0.5,0.0,0.0
2026-05-19 15:16:14,L-E01_m-qwen2.5-coder-32b_sol1_gd1_rs0_bd1_str-neutral_t05_n5,33,4,2,Qwen/Qwen2.5-Coder-32B-Instruct,1,0,1,1,neutral,0.5,0.0,0.0
2026-05-19 15:16:17,L-E01_m-qwen2.5-coder-32b_sol1_gd1_rs0_bd1_str-neutral_t05_n5,33,4,3,Qwen/Qwen2.5-Coder-32B-Instruct,1,0,1,1,neutral,0.5,0.0,0.0
2026-05-19 15:16:20,L-E01_m-qwen2.5-coder-32b_sol1_gd1_rs0_bd1_str-neutral_t05_n5,33,4,4,Qwen/Qwen2.5-Coder-32B-Instruct,1,0,1,1,neutral,0.5,0.0,0.0
2026-05-19 15:16:24,L-E01_m-qwen2.5-coder-32b_sol1_gd1_rs0_bd1_str-neutral_t05_n5,33,4,5,Qwen/Qwen2.5-Coder-32B-Instruct,1,0,1,1,neutral,0.5,0.0,0.0
2026-05-19 15:16:31,L-E01_m-qwen2.5-coder-32b_sol1_gd1_rs0_bd1_str-neutral_t05_n5,34,1,1,Qwen/Qwen2.5-Coder-32B-Instruct,1,0,1,1,neutral,0.5,7.5,0.0
2026-05-19 15:16:39,L-E01_m-qwen2.5-coder-32b_sol1_gd1_rs0_bd1_str-neutral_t05_n5,34,1,2,Qwen/Qwen2.5-Coder-32B-Instruct,1,0,1,1,neutral,0.5,7.5,0.0
2026-05-19 15:16:50,L-E01_m-qwen2.5-coder-32b_sol1_gd1_rs0_bd1_str-neutral_t05_n5,34,1,3,Qwen/Qwen2.5-Coder-32B-Instruct,1,0,1,1,neutral,0.5,7.5,0.0
2026-05-19 15:16:58,L-E01_m-qwen2.5-coder-32b_sol1_gd1_rs0_bd1_str-neutral_t05_n5,34,1,4,Qwen/Qwen2.5-Coder-32B-Instruct,1,0,1,1,neutral,0.5,8.5,0.0
2026-05-19 15:17:05,L-E01_m-qwen2.5-coder-32b_sol1_gd1_rs0_bd1_str-neutral_t05_n5,34,1,5,Qwen/Qwen2.5-Coder-32B-Instruct,1,0,1,1,neutral,0.5,8.0,0.0
2026-05-19 15:17:11,L-E01_m-qwen2.5-coder-32b_sol1_gd1_rs0_bd1_str-neutral_t05_n5,34,2,1,Qwen/Qwen2.5-Coder-32B-Instruct,1,0,1,1,neutral,0.5,6.5,0.0
2026-05-19 15:17:18,L-E01_m-qwen2.5-coder-32b_sol1_gd1_rs0_bd1_str-neutral_t05_n5,34,2,2,Qwen/Qwen2.5-Coder-32B-Instruct,1,0,1,1,neutral,0.5,6.5,0.0
2026-05-19 15:17:28,L-E01_m-qwen2.5-coder-32b_sol1_gd1_rs0_bd1_str-neutral_t05_n5,34,2,3,Qwen/Qwen2.5-Coder-32B-Instruct,1,0,1,1,neutral,0.5,6.0,0.0
2026-05-19 15:17:38,L-E01_m-qwen2.5-coder-32b_sol1_gd1_rs0_bd1_str-neutral_t05_n5,34,2,4,Qwen/Qwen2.5-Coder-32B-Instruct,1,0,1,1,neutral,0.5,7.0,0.0
2026-05-19 15:17:45,L-E01_m-qwen2.5-coder-32b_sol1_gd1_rs0_bd1_str-neutral_t05_n5,34,2,5,Qwen/Qwen2.5-Coder-32B-Instruct,1,0,1,1,neutral,0.5,7.0,0.0
2026-05-19 15:17:54,L-E01_m-qwen2.5-coder-32b_sol1_gd1_rs0_bd1_str-neutral_t05_n5,34,3,1,Qwen/Qwen2.5-Coder-32B-Instruct,1,0,1,1,neutral,0.5,2.0,0.0
2026-05-19 15:18:01,L-E01_m-qwen2.5-coder-32b_sol1_gd1_rs0_bd1_str-neutral_t05_n5,34,3,2,Qwen/Qwen2.5-Coder-32B-Instruct,1,0,1,1,neutral,0.5,1.5,0.0
2026-05-19 15:18:07,L-E01_m-qwen2.5-coder-32b_sol1_gd1_rs0_bd1_str-neutral_t05_n5,34,3,3,Qwen/Qwen2.5-Coder-32B-Instruct,1,0,1,1,neutral,0.5,1.5,0.0
2026-05-19 15:18:15,L-E01_m-qwen2.5-coder-32b_sol1_gd1_rs0_bd1_str-neutral_t05_n5,34,3,4,Qwen/Qwen2.5-Coder-32B-Instruct,1,0,1,1,neutral,0.5,1.5,0.0
2026-05-19 15:18:24,L-E01_m-qwen2.5-coder-32b_sol1_gd1_rs0_bd1_str-neutral_t05_n5,34,3,5,Qwen/Qwen2.5-Coder-32B-Instruct,1,0,1,1,neutral,0.5,2.0,0.0
2026-05-19 15:18:28,L-E01_m-qwen2.5-coder-32b_sol1_gd1_rs0_bd1_str-neutral_t05_n5,34,4,1,Qwen/Qwen2.5-Coder-32B-Instruct,1,0,1,1,neutral,0.5,0.0,0.0
2026-05-19 15:18:30,L-E01_m-qwen2.5-coder-32b_sol1_gd1_rs0_bd1_str-neutral_t05_n5,34,4,2,Qwen/Qwen2.5-Coder-32B-Instruct,1,0,1,1,neutral,0.5,0.0,0.0
2026-05-19 15:18:34,L-E01_m-qwen2.5-coder-32b_sol1_gd1_rs0_bd1_str-neutral_t05_n5,34,4,3,Qwen/Qwen2.5-Coder-32B-Instruct,1,0,1,1,neutral,0.5,0.0,0.0
2026-05-19 15:18:36,L-E01_m-qwen2.5-coder-32b_sol1_gd1_rs0_bd1_str-neutral_t05_n5,34,4,4,Qwen/Qwen2.5-Coder-32B-Instruct,1,0,1,1,neutral,0.5,0.0,0.0
2026-05-19 15:18:39,L-E01_m-qwen2.5-coder-32b_sol1_gd1_rs0_bd1_str-neutral_t05_n5,34,4,5,Qwen/Qwen2.5-Coder-32B-Instruct,1,0,1,1,neutral,0.5,0.0,0.0
2026-05-19 15:18:47,L-E01_m-qwen2.5-coder-32b_sol1_gd1_rs0_bd1_str-neutral_t05_n5,35,1,1,Qwen/Qwen2.5-Coder-32B-Instruct,1,0,1,1,neutral,0.5,4.0,0.0
2026-05-19 15:18:56,L-E01_m-qwen2.5-coder-32b_sol1_gd1_rs0_bd1_str-neutral_t05_n5,35,1,2,Qwen/Qwen2.5-Coder-32B-Instruct,1,0,1,1,neutral,0.5,4.0,0.0
2026-05-19 15:19:05,L-E01_m-qwen2.5-coder-32b_sol1_gd1_rs0_bd1_str-neutral_t05_n5,35,1,3,Qwen/Qwen2.5-Coder-32B-Instruct,1,0,1,1,neutral,0.5,8.0,0.0
2026-05-19 15:19:13,L-E01_m-qwen2.5-coder-32b_sol1_gd1_rs0_bd1_str-neutral_t05_n5,35,1,4,Qwen/Qwen2.5-Coder-32B-Instruct,1,0,1,1,neutral,0.5,3.5,0.0
2026-05-19 15:19:26,L-E01_m-qwen2.5-coder-32b_sol1_gd1_rs0_bd1_str-neutral_t05_n5,35,1,5,Qwen/Qwen2.5-Coder-32B-Instruct,1,0,1,1,neutral,0.5,3.5,0.0
2026-05-19 15:19:35,L-E01_m-qwen2.5-coder-32b_sol1_gd1_rs0_bd1_str-neutral_t05_n5,35,2,1,Qwen/Qwen2.5-Coder-32B-Instruct,1,0,1,1,neutral,0.5,6.0,0.0
2026-05-19 15:19:43,L-E01_m-qwen2.5-coder-32b_sol1_gd1_rs0_bd1_str-neutral_t05_n5,35,2,2,Qwen/Qwen2.5-Coder-32B-Instruct,1,0,1,1,neutral,0.5,6.0,0.0
2026-05-19 15:19:52,L-E01_m-qwen2.5-coder-32b_sol1_gd1_rs0_bd1_str-neutral_t05_n5,35,2,3,Qwen/Qwen2.5-Coder-32B-Instruct,1,0,1,1,neutral,0.5,6.5,0.0
2026-05-19 15:20:00,L-E01_m-qwen2.5-coder-32b_sol1_gd1_rs0_bd1_str-neutral_t05_n5,35,2,4,Qwen/Qwen2.5-Coder-32B-Instruct,1,0,1,1,neutral,0.5,6.0,0.0
2026-05-19 15:20:07,L-E01_m-qwen2.5-coder-32b_sol1_gd1_rs0_bd1_str-neutral_t05_n5,35,2,5,Qwen/Qwen2.5-Coder-32B-Instruct,1,0,1,1,neutral,0.5,7.0,0.0
2026-05-19 15:20:15,L-E01_m-qwen2.5-coder-32b_sol1_gd1_rs0_bd1_str-neutral_t05_n5,35,3,1,Qwen/Qwen2.5-Coder-32B-Instruct,1,0,1,1,neutral,0.5,6.0,0.0
2026-05-19 15:20:21,L-E01_m-qwen2.5-coder-32b_sol1_gd1_rs0_bd1_str-neutral_t05_n5,35,3,2,Qwen/Qwen2.5-Coder-32B-Instruct,1,0,1,1,neutral,0.5,7.5,0.0
2026-05-19 15:20:26,L-E01_m-qwen2.5-coder-32b_sol1_gd1_rs0_bd1_str-neutral_t05_n5,35,3,3,Qwen/Qwen2.5-Coder-32B-Instruct,1,0,1,1,neutral,0.5,8.0,0.0
2026-05-19 15:20:32,L-E01_m-qwen2.5-coder-32b_sol1_gd1_rs0_bd1_str-neutral_t05_n5,35,3,4,Qwen/Qwen2.5-Coder-32B-Instruct,1,0,1,1,neutral,0.5,8.0,0.0
2026-05-19 15:20:38,L-E01_m-qwen2.5-coder-32b_sol1_gd1_rs0_bd1_str-neutral_t05_n5,35,3,5,Qwen/Qwen2.5-Coder-32B-Instruct,1,0,1,1,neutral,0.5,7.0,0.0
2026-05-19 15:20:46,L-E01_m-qwen2.5-coder-32b_sol1_gd1_rs0_bd1_str-neutral_t05_n5,36,1,1,Qwen/Qwen2.5-Coder-32B-Instruct,1,0,1,1,neutral,0.5,4.5,0.0
2026-05-19 15:20:58,L-E01_m-qwen2.5-coder-32b_sol1_gd1_rs0_bd1_str-neutral_t05_n5,36,1,2,Qwen/Qwen2.5-Coder-32B-Instruct,1,0,1,1,neutral,0.5,2.5,0.0
2026-05-19 15:21:06,L-E01_m-qwen2.5-coder-32b_sol1_gd1_rs0_bd1_str-neutral_t05_n5,36,1,3,Qwen/Qwen2.5-Coder-32B-Instruct,1,0,1,1,neutral,0.5,3.5,0.0
2026-05-19 15:21:14,L-E01_m-qwen2.5-coder-32b_sol1_gd1_rs0_bd1_str-neutral_t05_n5,36,1,4,Qwen/Qwen2.5-Coder-32B-Instruct,1,0,1,1,neutral,0.5,5.5,0.0
2026-05-19 15:21:26,L-E01_m-qwen2.5-coder-32b_sol1_gd1_rs0_bd1_str-neutral_t05_n5,36,1,5,Qwen/Qwen2.5-Coder-32B-Instruct,1,0,1,1,neutral,0.5,7.0,0.0
2026-05-19 15:21:34,L-E01_m-qwen2.5-coder-32b_sol1_gd1_rs0_bd1_str-neutral_t05_n5,36,2,1,Qwen/Qwen2.5-Coder-32B-Instruct,1,0,1,1,neutral,0.5,4.0,0.0
2026-05-19 15:21:41,L-E01_m-qwen2.5-coder-32b_sol1_gd1_rs0_bd1_str-neutral_t05_n5,36,2,2,Qwen/Qwen2.5-Coder-32B-Instruct,1,0,1,1,neutral,0.5,6.0,0.0
2026-05-19 15:21:48,L-E01_m-qwen2.5-coder-32b_sol1_gd1_rs0_bd1_str-neutral_t05_n5,36,2,3,Qwen/Qwen2.5-Coder-32B-Instruct,1,0,1,1,neutral,0.5,4.0,0.0
2026-05-19 15:21:59,L-E01_m-qwen2.5-coder-32b_sol1_gd1_rs0_bd1_str-neutral_t05_n5,36,2,4,Qwen/Qwen2.5-Coder-32B-Instruct,1,0,1,1,neutral,0.5,3.5,0.0
2026-05-19 15:22:06,L-E01_m-qwen2.5-coder-32b_sol1_gd1_rs0_bd1_str-neutral_t05_n5,36,2,5,Qwen/Qwen2.5-Coder-32B-Instruct,1,0,1,1,neutral,0.5,6.5,0.0
2026-05-19 15:22:13,L-E01_m-qwen2.5-coder-32b_sol1_gd1_rs0_bd1_str-neutral_t05_n5,36,3,1,Qwen/Qwen2.5-Coder-32B-Instruct,1,0,1,1,neutral,0.5,8.0,0.0
2026-05-19 15:22:19,L-E01_m-qwen2.5-coder-32b_sol1_gd1_rs0_bd1_str-neutral_t05_n5,36,3,2,Qwen/Qwen2.5-Coder-32B-Instruct,1,0,1,1,neutral,0.5,7.5,0.0
2026-05-19 15:22:24,L-E01_m-qwen2.5-coder-32b_sol1_gd1_rs0_bd1_str-neutral_t05_n5,36,3,3,Qwen/Qwen2.5-Coder-32B-Instruct,1,0,1,1,neutral,0.5,8.5,0.0
2026-05-19 15:22:30,L-E01_m-qwen2.5-coder-32b_sol1_gd1_rs0_bd1_str-neutral_t05_n5,36,3,4,Qwen/Qwen2.5-Coder-32B-Instruct,1,0,1,1,neutral,0.5,8.0,0.0
2026-05-19 15:22:39,L-E01_m-qwen2.5-coder-32b_sol1_gd1_rs0_bd1_str-neutral_t05_n5,36,3,5,Qwen/Qwen2.5-Coder-32B-Instruct,1,0,1,1,neutral,0.5,7.5,0.0
2026-05-19 15:22:47,L-E01_m-qwen2.5-coder-32b_sol1_gd1_rs0_bd1_str-neutral_t05_n5,37,1,1,Qwen/Qwen2.5-Coder-32B-Instruct,1,0,1,1,neutral,0.5,2.5,0.0
2026-05-19 15:22:54,L-E01_m-qwen2.5-coder-32b_sol1_gd1_rs0_bd1_str-neutral_t05_n5,37,1,2,Qwen/Qwen2.5-Coder-32B-Instruct,1,0,1,1,neutral,0.5,4.0,0.0
2026-05-19 15:23:02,L-E01_m-qwen2.5-coder-32b_sol1_gd1_rs0_bd1_str-neutral_t05_n5,37,1,3,Qwen/Qwen2.5-Coder-32B-Instruct,1,0,1,1,neutral,0.5,4.5,0.0
2026-05-19 15:23:13,L-E01_m-qwen2.5-coder-32b_sol1_gd1_rs0_bd1_str-neutral_t05_n5,37,1,4,Qwen/Qwen2.5-Coder-32B-Instruct,1,0,1,1,neutral,0.5,5.5,0.0
2026-05-19 15:23:25,L-E01_m-qwen2.5-coder-32b_sol1_gd1_rs0_bd1_str-neutral_t05_n5,37,1,5,Qwen/Qwen2.5-Coder-32B-Instruct,1,0,1,1,neutral,0.5,5.5,0.0
2026-05-19 15:23:34,L-E01_m-qwen2.5-coder-32b_sol1_gd1_rs0_bd1_str-neutral_t05_n5,37,2,1,Qwen/Qwen2.5-Coder-32B-Instruct,1,0,1,1,neutral,0.5,4.5,0.0
2026-05-19 15:23:45,L-E01_m-qwen2.5-coder-32b_sol1_gd1_rs0_bd1_str-neutral_t05_n5,37,2,2,Qwen/Qwen2.5-Coder-32B-Instruct,1,0,1,1,neutral,0.5,5.0,0.0
2026-05-19 15:23:52,L-E01_m-qwen2.5-coder-32b_sol1_gd1_rs0_bd1_str-neutral_t05_n5,37,2,3,Qwen/Qwen2.5-Coder-32B-Instruct,1,0,1,1,neutral,0.5,4.0,0.0
2026-05-19 15:23:59,L-E01_m-qwen2.5-coder-32b_sol1_gd1_rs0_bd1_str-neutral_t05_n5,37,2,4,Qwen/Qwen2.5-Coder-32B-Instruct,1,0,1,1,neutral,0.5,4.0,0.0
2026-05-19 15:24:08,L-E01_m-qwen2.5-coder-32b_sol1_gd1_rs0_bd1_str-neutral_t05_n5,37,2,5,Qwen/Qwen2.5-Coder-32B-Instruct,1,0,1,1,neutral,0.5,5.0,0.0
2026-05-19 15:24:18,L-E01_m-qwen2.5-coder-32b_sol1_gd1_rs0_bd1_str-neutral_t05_n5,37,3,1,Qwen/Qwen2.5-Coder-32B-Instruct,1,0,1,1,neutral,0.5,2.5,0.0
2026-05-19 15:24:23,L-E01_m-qwen2.5-coder-32b_sol1_gd1_rs0_bd1_str-neutral_t05_n5,37,3,2,Qwen/Qwen2.5-Coder-32B-Instruct,1,0,1,1,neutral,0.5,2.0,0.0
2026-05-19 15:24:28,L-E01_m-qwen2.5-coder-32b_sol1_gd1_rs0_bd1_str-neutral_t05_n5,37,3,3,Qwen/Qwen2.5-Coder-32B-Instruct,1,0,1,1,neutral,0.5,3.0,0.0
2026-05-19 15:24:37,L-E01_m-qwen2.5-coder-32b_sol1_gd1_rs0_bd1_str-neutral_t05_n5,37,3,4,Qwen/Qwen2.5-Coder-32B-Instruct,1,0,1,1,neutral,0.5,2.0,0.0
2026-05-19 15:24:42,L-E01_m-qwen2.5-coder-32b_sol1_gd1_rs0_bd1_str-neutral_t05_n5,37,3,5,Qwen/Qwen2.5-Coder-32B-Instruct,1,0,1,1,neutral,0.5,3.0,0.0
2026-05-19 15:24:50,L-E01_m-qwen2.5-coder-32b_sol1_gd1_rs0_bd1_str-neutral_t05_n5,38,1,1,Qwen/Qwen2.5-Coder-32B-Instruct,1,0,1,1,neutral,0.5,10.0,4.0
2026-05-19 15:24:58,L-E01_m-qwen2.5-coder-32b_sol1_gd1_rs0_bd1_str-neutral_t05_n5,38,1,2,Qwen/Qwen2.5-Coder-32B-Instruct,1,0,1,1,neutral,0.5,10.5,4.0
2026-05-19 15:25:06,L-E01_m-qwen2.5-coder-32b_sol1_gd1_rs0_bd1_str-neutral_t05_n5,38,1,3,Qwen/Qwen2.5-Coder-32B-Instruct,1,0,1,1,neutral,0.5,10.5,3.0
2026-05-19 15:25:14,L-E01_m-qwen2.5-coder-32b_sol1_gd1_rs0_bd1_str-neutral_t05_n5,38,1,4,Qwen/Qwen2.5-Coder-32B-Instruct,1,0,1,1,neutral,0.5,10.0,4.0
2026-05-19 15:25:23,L-E01_m-qwen2.5-coder-32b_sol1_gd1_rs0_bd1_str-neutral_t05_n5,38,1,5,Qwen/Qwen2.5-Coder-32B-Instruct,1,0,1,1,neutral,0.5,11.0,4.0
2026-05-19 15:25:33,L-E01_m-qwen2.5-coder-32b_sol1_gd1_rs0_bd1_str-neutral_t05_n5,38,2,1,Qwen/Qwen2.5-Coder-32B-Instruct,1,0,1,1,neutral,0.5,8.0,0.0
2026-05-19 15:25:42,L-E01_m-qwen2.5-coder-32b_sol1_gd1_rs0_bd1_str-neutral_t05_n5,38,2,2,Qwen/Qwen2.5-Coder-32B-Instruct,1,0,1,1,neutral,0.5,6.5,0.0
2026-05-19 15:25:49,L-E01_m-qwen2.5-coder-32b_sol1_gd1_rs0_bd1_str-neutral_t05_n5,38,2,3,Qwen/Qwen2.5-Coder-32B-Instruct,1,0,1,1,neutral,0.5,8.5,0.0
2026-05-19 15:25:56,L-E01_m-qwen2.5-coder-32b_sol1_gd1_rs0_bd1_str-neutral_t05_n5,38,2,4,Qwen/Qwen2.5-Coder-32B-Instruct,1,0,1,1,neutral,0.5,8.5,0.0
2026-05-19 15:26:03,L-E01_m-qwen2.5-coder-32b_sol1_gd1_rs0_bd1_str-neutral_t05_n5,38,2,5,Qwen/Qwen2.5-Coder-32B-Instruct,1,0,1,1,neutral,0.5,7.5,0.0
2026-05-19 15:26:09,L-E01_m-qwen2.5-coder-32b_sol1_gd1_rs0_bd1_str-neutral_t05_n5,38,3,1,Qwen/Qwen2.5-Coder-32B-Instruct,1,0,1,1,neutral,0.5,10.0,0.0
2026-05-19 15:26:15,L-E01_m-qwen2.5-coder-32b_sol1_gd1_rs0_bd1_str-neutral_t05_n5,38,3,2,Qwen/Qwen2.5-Coder-32B-Instruct,1,0,1,1,neutral,0.5,10.5,0.0
2026-05-19 15:26:24,L-E01_m-qwen2.5-coder-32b_sol1_gd1_rs0_bd1_str-neutral_t05_n5,38,3,3,Qwen/Qwen2.5-Coder-32B-Instruct,1,0,1,1,neutral,0.5,10.0,0.0
2026-05-19 15:26:31,L-E01_m-qwen2.5-coder-32b_sol1_gd1_rs0_bd1_str-neutral_t05_n5,38,3,4,Qwen/Qwen2.5-Coder-32B-Instruct,1,0,1,1,neutral,0.5,8.0,0.0
2026-05-19 15:26:36,L-E01_m-qwen2.5-coder-32b_sol1_gd1_rs0_bd1_str-neutral_t05_n5,38,3,5,Qwen/Qwen2.5-Coder-32B-Instruct,1,0,1,1,neutral,0.5,9.0,0.0
2026-05-19 15:26:45,L-E01_m-qwen2.5-coder-32b_sol1_gd1_rs0_bd1_str-neutral_t05_n5,39,1,1,Qwen/Qwen2.5-Coder-32B-Instruct,1,0,1,1,neutral,0.5,11.0,3.0
2026-05-19 15:26:53,L-E01_m-qwen2.5-coder-32b_sol1_gd1_rs0_bd1_str-neutral_t05_n5,39,1,2,Qwen/Qwen2.5-Coder-32B-Instruct,1,0,1,1,neutral,0.5,10.5,3.0
2026-05-19 15:27:01,L-E01_m-qwen2.5-coder-32b_sol1_gd1_rs0_bd1_str-neutral_t05_n5,39,1,3,Qwen/Qwen2.5-Coder-32B-Instruct,1,0,1,1,neutral,0.5,11.0,3.0
2026-05-19 15:27:09,L-E01_m-qwen2.5-coder-32b_sol1_gd1_rs0_bd1_str-neutral_t05_n5,39,1,4,Qwen/Qwen2.5-Coder-32B-Instruct,1,0,1,1,neutral,0.5,9.0,4.0
2026-05-19 15:27:18,L-E01_m-qwen2.5-coder-32b_sol1_gd1_rs0_bd1_str-neutral_t05_n5,39,1,5,Qwen/Qwen2.5-Coder-32B-Instruct,1,0,1,1,neutral,0.5,11.0,3.0
2026-05-19 15:27:27,L-E01_m-qwen2.5-coder-32b_sol1_gd1_rs0_bd1_str-neutral_t05_n5,39,2,1,Qwen/Qwen2.5-Coder-32B-Instruct,1,0,1,1,neutral,0.5,8.5,2.0
2026-05-19 15:27:34,L-E01_m-qwen2.5-coder-32b_sol1_gd1_rs0_bd1_str-neutral_t05_n5,39,2,2,Qwen/Qwen2.5-Coder-32B-Instruct,1,0,1,1,neutral,0.5,8.5,1.0
2026-05-19 15:27:42,L-E01_m-qwen2.5-coder-32b_sol1_gd1_rs0_bd1_str-neutral_t05_n5,39,2,3,Qwen/Qwen2.5-Coder-32B-Instruct,1,0,1,1,neutral,0.5,9.5,3.0
2026-05-19 15:27:51,L-E01_m-qwen2.5-coder-32b_sol1_gd1_rs0_bd1_str-neutral_t05_n5,39,2,4,Qwen/Qwen2.5-Coder-32B-Instruct,1,0,1,1,neutral,0.5,9.0,3.0
2026-05-19 15:27:57,L-E01_m-qwen2.5-coder-32b_sol1_gd1_rs0_bd1_str-neutral_t05_n5,39,2,5,Qwen/Qwen2.5-Coder-32B-Instruct,1,0,1,1,neutral,0.5,8.5,3.0
2026-05-19 15:28:04,L-E01_m-qwen2.5-coder-32b_sol1_gd1_rs0_bd1_str-neutral_t05_n5,39,3,1,Qwen/Qwen2.5-Coder-32B-Instruct,1,0,1,1,neutral,0.5,9.0,0.0
2026-05-19 15:28:11,L-E01_m-qwen2.5-coder-32b_sol1_gd1_rs0_bd1_str-neutral_t05_n5,39,3,2,Qwen/Qwen2.5-Coder-32B-Instruct,1,0,1,1,neutral,0.5,8.0,0.0
2026-05-19 15:28:17,L-E01_m-qwen2.5-coder-32b_sol1_gd1_rs0_bd1_str-neutral_t05_n5,39,3,3,Qwen/Qwen2.5-Coder-32B-Instruct,1,0,1,1,neutral,0.5,7.5,0.0
2026-05-19 15:28:22,L-E01_m-qwen2.5-coder-32b_sol1_gd1_rs0_bd1_str-neutral_t05_n5,39,3,4,Qwen/Qwen2.5-Coder-32B-Instruct,1,0,1,1,neutral,0.5,8.0,0.0
2026-05-19 15:28:30,L-E01_m-qwen2.5-coder-32b_sol1_gd1_rs0_bd1_str-neutral_t05_n5,39,3,5,Qwen/Qwen2.5-Coder-32B-Instruct,1,0,1,1,neutral,0.5,8.0,0.0
2026-05-19 15:28:33,L-E01_m-qwen2.5-coder-32b_sol1_gd1_rs0_bd1_str-neutral_t05_n5,39,4,1,Qwen/Qwen2.5-Coder-32B-Instruct,1,0,1,1,neutral,0.5,5.0,0.0
2026-05-19 15:28:36,L-E01_m-qwen2.5-coder-32b_sol1_gd1_rs0_bd1_str-neutral_t05_n5,39,4,2,Qwen/Qwen2.5-Coder-32B-Instruct,1,0,1,1,neutral,0.5,5.0,0.0
2026-05-19 15:28:38,L-E01_m-qwen2.5-coder-32b_sol1_gd1_rs0_bd1_str-neutral_t05_n5,39,4,3,Qwen/Qwen2.5-Coder-32B-Instruct,1,0,1,1,neutral,0.5,5.0,0.0
2026-05-19 15:28:41,L-E01_m-qwen2.5-coder-32b_sol1_gd1_rs0_bd1_str-neutral_t05_n5,39,4,4,Qwen/Qwen2.5-Coder-32B-Instruct,1,0,1,1,neutral,0.5,5.0,0.0
2026-05-19 15:28:44,L-E01_m-qwen2.5-coder-32b_sol1_gd1_rs0_bd1_str-neutral_t05_n5,39,4,5,Qwen/Qwen2.5-Coder-32B-Instruct,1,0,1,1,neutral,0.5,5.0,0.0
2026-05-19 15:28:52,L-E01_m-qwen2.5-coder-32b_sol1_gd1_rs0_bd1_str-neutral_t05_n5,40,1,1,Qwen/Qwen2.5-Coder-32B-Instruct,1,0,1,1,neutral,0.5,6.5,0.0
2026-05-19 15:29:00,L-E01_m-qwen2.5-coder-32b_sol1_gd1_rs0_bd1_str-neutral_t05_n5,40,1,2,Qwen/Qwen2.5-Coder-32B-Instruct,1,0,1,1,neutral,0.5,8.5,0.0
2026-05-19 15:29:08,L-E01_m-qwen2.5-coder-32b_sol1_gd1_rs0_bd1_str-neutral_t05_n5,40,1,3,Qwen/Qwen2.5-Coder-32B-Instruct,1,0,1,1,neutral,0.5,4.0,0.0
2026-05-19 15:29:16,L-E01_m-qwen2.5-coder-32b_sol1_gd1_rs0_bd1_str-neutral_t05_n5,40,1,4,Qwen/Qwen2.5-Coder-32B-Instruct,1,0,1,1,neutral,0.5,5.0,0.0
2026-05-19 15:29:24,L-E01_m-qwen2.5-coder-32b_sol1_gd1_rs0_bd1_str-neutral_t05_n5,40,1,5,Qwen/Qwen2.5-Coder-32B-Instruct,1,0,1,1,neutral,0.5,6.5,0.0
2026-05-19 15:29:32,L-E01_m-qwen2.5-coder-32b_sol1_gd1_rs0_bd1_str-neutral_t05_n5,40,2,1,Qwen/Qwen2.5-Coder-32B-Instruct,1,0,1,1,neutral,0.5,7.5,0.0
2026-05-19 15:29:41,L-E01_m-qwen2.5-coder-32b_sol1_gd1_rs0_bd1_str-neutral_t05_n5,40,2,2,Qwen/Qwen2.5-Coder-32B-Instruct,1,0,1,1,neutral,0.5,7.5,0.0
2026-05-19 15:29:50,L-E01_m-qwen2.5-coder-32b_sol1_gd1_rs0_bd1_str-neutral_t05_n5,40,2,3,Qwen/Qwen2.5-Coder-32B-Instruct,1,0,1,1,neutral,0.5,6.5,0.0
2026-05-19 15:29:56,L-E01_m-qwen2.5-coder-32b_sol1_gd1_rs0_bd1_str-neutral_t05_n5,40,2,4,Qwen/Qwen2.5-Coder-32B-Instruct,1,0,1,1,neutral,0.5,6.0,0.0
2026-05-19 15:30:02,L-E01_m-qwen2.5-coder-32b_sol1_gd1_rs0_bd1_str-neutral_t05_n5,40,2,5,Qwen/Qwen2.5-Coder-32B-Instruct,1,0,1,1,neutral,0.5,6.5,0.0
2026-05-19 15:30:10,L-E01_m-qwen2.5-coder-32b_sol1_gd1_rs0_bd1_str-neutral_t05_n5,40,3,1,Qwen/Qwen2.5-Coder-32B-Instruct,1,0,1,1,neutral,0.5,7.0,0.0
2026-05-19 15:30:16,L-E01_m-qwen2.5-coder-32b_sol1_gd1_rs0_bd1_str-neutral_t05_n5,40,3,2,Qwen/Qwen2.5-Coder-32B-Instruct,1,0,1,1,neutral,0.5,5.0,0.0
2026-05-19 15:30:26,L-E01_m-qwen2.5-coder-32b_sol1_gd1_rs0_bd1_str-neutral_t05_n5,40,3,3,Qwen/Qwen2.5-Coder-32B-Instruct,1,0,1,1,neutral,0.5,6.5,0.0
2026-05-19 15:30:32,L-E01_m-qwen2.5-coder-32b_sol1_gd1_rs0_bd1_str-neutral_t05_n5,40,3,4,Qwen/Qwen2.5-Coder-32B-Instruct,1,0,1,1,neutral,0.5,5.0,0.0
2026-05-19 15:30:37,L-E01_m-qwen2.5-coder-32b_sol1_gd1_rs0_bd1_str-neutral_t05_n5,40,3,5,Qwen/Qwen2.5-Coder-32B-Instruct,1,0,1,1,neutral,0.5,5.0,0.0
2026-05-19 15:30:41,L-E01_m-qwen2.5-coder-32b_sol1_gd1_rs0_bd1_str-neutral_t05_n5,40,4,1,Qwen/Qwen2.5-Coder-32B-Instruct,1,0,1,1,neutral,0.5,0.0,0.0
2026-05-19 15:30:44,L-E01_m-qwen2.5-coder-32b_sol1_gd1_rs0_bd1_str-neutral_t05_n5,40,4,2,Qwen/Qwen2.5-Coder-32B-Instruct,1,0,1,1,neutral,0.5,0.0,0.0
2026-05-19 15:30:47,L-E01_m-qwen2.5-coder-32b_sol1_gd1_rs0_bd1_str-neutral_t05_n5,40,4,3,Qwen/Qwen2.5-Coder-32B-Instruct,1,0,1,1,neutral,0.5,0.0,0.0
2026-05-19 15:30:50,L-E01_m-qwen2.5-coder-32b_sol1_gd1_rs0_bd1_str-neutral_t05_n5,40,4,4,Qwen/Qwen2.5-Coder-32B-Instruct,1,0,1,1,neutral,0.5,0.0,0.0
2026-05-19 15:30:53,L-E01_m-qwen2.5-coder-32b_sol1_gd1_rs0_bd1_str-neutral_t05_n5,40,4,5,Qwen/Qwen2.5-Coder-32B-Instruct,1,0,1,1,neutral,0.5,0.0,0.0
2026-05-19 15:31:01,L-E01_m-qwen2.5-coder-32b_sol1_gd1_rs0_bd1_str-neutral_t05_n5,41,1,1,Qwen/Qwen2.5-Coder-32B-Instruct,1,0,1,1,neutral,0.5,8.0,0.0
2026-05-19 15:31:09,L-E01_m-qwen2.5-coder-32b_sol1_gd1_rs0_bd1_str-neutral_t05_n5,41,1,2,Qwen/Qwen2.5-Coder-32B-Instruct,1,0,1,1,neutral,0.5,7.0,0.0
2026-05-19 15:31:17,L-E01_m-qwen2.5-coder-32b_sol1_gd1_rs0_bd1_str-neutral_t05_n5,41,1,3,Qwen/Qwen2.5-Coder-32B-Instruct,1,0,1,1,neutral,0.5,7.5,0.0
2026-05-19 15:31:25,L-E01_m-qwen2.5-coder-32b_sol1_gd1_rs0_bd1_str-neutral_t05_n5,41,1,4,Qwen/Qwen2.5-Coder-32B-Instruct,1,0,1,1,neutral,0.5,8.5,0.0
2026-05-19 15:31:36,L-E01_m-qwen2.5-coder-32b_sol1_gd1_rs0_bd1_str-neutral_t05_n5,41,1,5,Qwen/Qwen2.5-Coder-32B-Instruct,1,0,1,1,neutral,0.5,8.0,0.0
2026-05-19 15:31:46,L-E01_m-qwen2.5-coder-32b_sol1_gd1_rs0_bd1_str-neutral_t05_n5,41,2,1,Qwen/Qwen2.5-Coder-32B-Instruct,1,0,1,1,neutral,0.5,7.5,0.0
2026-05-19 15:31:56,L-E01_m-qwen2.5-coder-32b_sol1_gd1_rs0_bd1_str-neutral_t05_n5,41,2,2,Qwen/Qwen2.5-Coder-32B-Instruct,1,0,1,1,neutral,0.5,7.5,0.0
2026-05-19 15:32:02,L-E01_m-qwen2.5-coder-32b_sol1_gd1_rs0_bd1_str-neutral_t05_n5,41,2,3,Qwen/Qwen2.5-Coder-32B-Instruct,1,0,1,1,neutral,0.5,7.5,0.0
2026-05-19 15:32:10,L-E01_m-qwen2.5-coder-32b_sol1_gd1_rs0_bd1_str-neutral_t05_n5,41,2,4,Qwen/Qwen2.5-Coder-32B-Instruct,1,0,1,1,neutral,0.5,9.0,0.0
2026-05-19 15:32:17,L-E01_m-qwen2.5-coder-32b_sol1_gd1_rs0_bd1_str-neutral_t05_n5,41,2,5,Qwen/Qwen2.5-Coder-32B-Instruct,1,0,1,1,neutral,0.5,8.0,0.0
2026-05-19 15:32:22,L-E01_m-qwen2.5-coder-32b_sol1_gd1_rs0_bd1_str-neutral_t05_n5,41,3,1,Qwen/Qwen2.5-Coder-32B-Instruct,1,0,1,1,neutral,0.5,8.5,0.0
2026-05-19 15:32:28,L-E01_m-qwen2.5-coder-32b_sol1_gd1_rs0_bd1_str-neutral_t05_n5,41,3,2,Qwen/Qwen2.5-Coder-32B-Instruct,1,0,1,1,neutral,0.5,9.0,0.0
2026-05-19 15:32:37,L-E01_m-qwen2.5-coder-32b_sol1_gd1_rs0_bd1_str-neutral_t05_n5,41,3,3,Qwen/Qwen2.5-Coder-32B-Instruct,1,0,1,1,neutral,0.5,8.5,0.0
2026-05-19 15:32:42,L-E01_m-qwen2.5-coder-32b_sol1_gd1_rs0_bd1_str-neutral_t05_n5,41,3,4,Qwen/Qwen2.5-Coder-32B-Instruct,1,0,1,1,neutral,0.5,8.0,0.0
2026-05-19 15:32:48,L-E01_m-qwen2.5-coder-32b_sol1_gd1_rs0_bd1_str-neutral_t05_n5,41,3,5,Qwen/Qwen2.5-Coder-32B-Instruct,1,0,1,1,neutral,0.5,9.0,0.0
2026-05-19 15:32:56,L-E01_m-qwen2.5-coder-32b_sol1_gd1_rs0_bd1_str-neutral_t05_n5,42,1,1,Qwen/Qwen2.5-Coder-32B-Instruct,1,0,1,1,neutral,0.5,4.5,0.0
2026-05-19 15:33:04,L-E01_m-qwen2.5-coder-32b_sol1_gd1_rs0_bd1_str-neutral_t05_n5,42,1,2,Qwen/Qwen2.5-Coder-32B-Instruct,1,0,1,1,neutral,0.5,5.0,0.0
2026-05-19 15:33:12,L-E01_m-qwen2.5-coder-32b_sol1_gd1_rs0_bd1_str-neutral_t05_n5,42,1,3,Qwen/Qwen2.5-Coder-32B-Instruct,1,0,1,1,neutral,0.5,4.5,0.0
2026-05-19 15:33:20,L-E01_m-qwen2.5-coder-32b_sol1_gd1_rs0_bd1_str-neutral_t05_n5,42,1,4,Qwen/Qwen2.5-Coder-32B-Instruct,1,0,1,1,neutral,0.5,4.5,0.0
2026-05-19 15:33:27,L-E01_m-qwen2.5-coder-32b_sol1_gd1_rs0_bd1_str-neutral_t05_n5,42,1,5,Qwen/Qwen2.5-Coder-32B-Instruct,1,0,1,1,neutral,0.5,4.0,0.0
2026-05-19 15:33:35,L-E01_m-qwen2.5-coder-32b_sol1_gd1_rs0_bd1_str-neutral_t05_n5,42,2,1,Qwen/Qwen2.5-Coder-32B-Instruct,1,0,1,1,neutral,0.5,8.0,0.0
2026-05-19 15:33:46,L-E01_m-qwen2.5-coder-32b_sol1_gd1_rs0_bd1_str-neutral_t05_n5,42,2,2,Qwen/Qwen2.5-Coder-32B-Instruct,1,0,1,1,neutral,0.5,6.0,0.0
2026-05-19 15:33:53,L-E01_m-qwen2.5-coder-32b_sol1_gd1_rs0_bd1_str-neutral_t05_n5,42,2,3,Qwen/Qwen2.5-Coder-32B-Instruct,1,0,1,1,neutral,0.5,7.0,0.0
2026-05-19 15:34:00,L-E01_m-qwen2.5-coder-32b_sol1_gd1_rs0_bd1_str-neutral_t05_n5,42,2,4,Qwen/Qwen2.5-Coder-32B-Instruct,1,0,1,1,neutral,0.5,7.5,0.0
2026-05-19 15:34:07,L-E01_m-qwen2.5-coder-32b_sol1_gd1_rs0_bd1_str-neutral_t05_n5,42,2,5,Qwen/Qwen2.5-Coder-32B-Instruct,1,0,1,1,neutral,0.5,6.0,0.0
2026-05-19 15:34:14,L-E01_m-qwen2.5-coder-32b_sol1_gd1_rs0_bd1_str-neutral_t05_n5,42,3,1,Qwen/Qwen2.5-Coder-32B-Instruct,1,0,1,1,neutral,0.5,8.5,0.0
2026-05-19 15:34:22,L-E01_m-qwen2.5-coder-32b_sol1_gd1_rs0_bd1_str-neutral_t05_n5,42,3,2,Qwen/Qwen2.5-Coder-32B-Instruct,1,0,1,1,neutral,0.5,8.0,0.0
2026-05-19 15:34:30,L-E01_m-qwen2.5-coder-32b_sol1_gd1_rs0_bd1_str-neutral_t05_n5,42,3,3,Qwen/Qwen2.5-Coder-32B-Instruct,1,0,1,1,neutral,0.5,8.5,0.0
2026-05-19 15:34:38,L-E01_m-qwen2.5-coder-32b_sol1_gd1_rs0_bd1_str-neutral_t05_n5,42,3,4,Qwen/Qwen2.5-Coder-32B-Instruct,1,0,1,1,neutral,0.5,9.0,0.0
2026-05-19 15:34:45,L-E01_m-qwen2.5-coder-32b_sol1_gd1_rs0_bd1_str-neutral_t05_n5,42,3,5,Qwen/Qwen2.5-Coder-32B-Instruct,1,0,1,1,neutral,0.5,7.5,0.0
2026-05-19 15:34:53,L-E01_m-qwen2.5-coder-32b_sol1_gd1_rs0_bd1_str-neutral_t05_n5,43,1,1,Qwen/Qwen2.5-Coder-32B-Instruct,1,0,1,1,neutral,0.5,5.5,0.0
2026-05-19 15:35:01,L-E01_m-qwen2.5-coder-32b_sol1_gd1_rs0_bd1_str-neutral_t05_n5,43,1,2,Qwen/Qwen2.5-Coder-32B-Instruct,1,0,1,1,neutral,0.5,6.5,0.0
2026-05-19 15:35:09,L-E01_m-qwen2.5-coder-32b_sol1_gd1_rs0_bd1_str-neutral_t05_n5,43,1,3,Qwen/Qwen2.5-Coder-32B-Instruct,1,0,1,1,neutral,0.5,7.0,0.0
2026-05-19 15:35:23,L-E01_m-qwen2.5-coder-32b_sol1_gd1_rs0_bd1_str-neutral_t05_n5,43,1,4,Qwen/Qwen2.5-Coder-32B-Instruct,1,0,1,1,neutral,0.5,6.0,0.0
2026-05-19 15:35:30,L-E01_m-qwen2.5-coder-32b_sol1_gd1_rs0_bd1_str-neutral_t05_n5,43,1,5,Qwen/Qwen2.5-Coder-32B-Instruct,1,0,1,1,neutral,0.5,4.0,0.0
2026-05-19 15:35:38,L-E01_m-qwen2.5-coder-32b_sol1_gd1_rs0_bd1_str-neutral_t05_n5,43,2,1,Qwen/Qwen2.5-Coder-32B-Instruct,1,0,1,1,neutral,0.5,6.0,0.0
2026-05-19 15:35:45,L-E01_m-qwen2.5-coder-32b_sol1_gd1_rs0_bd1_str-neutral_t05_n5,43,2,2,Qwen/Qwen2.5-Coder-32B-Instruct,1,0,1,1,neutral,0.5,7.0,0.0
2026-05-19 15:35:52,L-E01_m-qwen2.5-coder-32b_sol1_gd1_rs0_bd1_str-neutral_t05_n5,43,2,3,Qwen/Qwen2.5-Coder-32B-Instruct,1,0,1,1,neutral,0.5,6.0,0.0
2026-05-19 15:35:59,L-E01_m-qwen2.5-coder-32b_sol1_gd1_rs0_bd1_str-neutral_t05_n5,43,2,4,Qwen/Qwen2.5-Coder-32B-Instruct,1,0,1,1,neutral,0.5,5.5,0.0
2026-05-19 15:36:06,L-E01_m-qwen2.5-coder-32b_sol1_gd1_rs0_bd1_str-neutral_t05_n5,43,2,5,Qwen/Qwen2.5-Coder-32B-Instruct,1,0,1,1,neutral,0.5,6.5,0.0
2026-05-19 15:36:15,L-E01_m-qwen2.5-coder-32b_sol1_gd1_rs0_bd1_str-neutral_t05_n5,43,3,1,Qwen/Qwen2.5-Coder-32B-Instruct,1,0,1,1,neutral,0.5,6.5,0.0
2026-05-19 15:36:20,L-E01_m-qwen2.5-coder-32b_sol1_gd1_rs0_bd1_str-neutral_t05_n5,43,3,2,Qwen/Qwen2.5-Coder-32B-Instruct,1,0,1,1,neutral,0.5,7.0,0.0
2026-05-19 15:36:26,L-E01_m-qwen2.5-coder-32b_sol1_gd1_rs0_bd1_str-neutral_t05_n5,43,3,3,Qwen/Qwen2.5-Coder-32B-Instruct,1,0,1,1,neutral,0.5,7.0,0.0
2026-05-19 15:36:31,L-E01_m-qwen2.5-coder-32b_sol1_gd1_rs0_bd1_str-neutral_t05_n5,43,3,4,Qwen/Qwen2.5-Coder-32B-Instruct,1,0,1,1,neutral,0.5,7.0,0.0
2026-05-19 15:36:36,L-E01_m-qwen2.5-coder-32b_sol1_gd1_rs0_bd1_str-neutral_t05_n5,43,3,5,Qwen/Qwen2.5-Coder-32B-Instruct,1,0,1,1,neutral,0.5,5.0,0.0
2026-05-19 15:36:44,L-E01_m-qwen2.5-coder-32b_sol1_gd1_rs0_bd1_str-neutral_t05_n5,44,1,1,Qwen/Qwen2.5-Coder-32B-Instruct,1,0,1,1,neutral,0.5,8.0,0.0
2026-05-19 15:36:52,L-E01_m-qwen2.5-coder-32b_sol1_gd1_rs0_bd1_str-neutral_t05_n5,44,1,2,Qwen/Qwen2.5-Coder-32B-Instruct,1,0,1,1,neutral,0.5,5.5,0.0
2026-05-19 15:37:00,L-E01_m-qwen2.5-coder-32b_sol1_gd1_rs0_bd1_str-neutral_t05_n5,44,1,3,Qwen/Qwen2.5-Coder-32B-Instruct,1,0,1,1,neutral,0.5,8.0,0.0
2026-05-19 15:37:11,L-E01_m-qwen2.5-coder-32b_sol1_gd1_rs0_bd1_str-neutral_t05_n5,44,1,4,Qwen/Qwen2.5-Coder-32B-Instruct,1,0,1,1,neutral,0.5,6.5,0.0
2026-05-19 15:37:18,L-E01_m-qwen2.5-coder-32b_sol1_gd1_rs0_bd1_str-neutral_t05_n5,44,1,5,Qwen/Qwen2.5-Coder-32B-Instruct,1,0,1,1,neutral,0.5,7.5,0.0
2026-05-19 15:37:27,L-E01_m-qwen2.5-coder-32b_sol1_gd1_rs0_bd1_str-neutral_t05_n5,44,2,1,Qwen/Qwen2.5-Coder-32B-Instruct,1,0,1,1,neutral,0.5,8.0,0.0
2026-05-19 15:37:34,L-E01_m-qwen2.5-coder-32b_sol1_gd1_rs0_bd1_str-neutral_t05_n5,44,2,2,Qwen/Qwen2.5-Coder-32B-Instruct,1,0,1,1,neutral,0.5,8.5,0.0
2026-05-19 15:37:41,L-E01_m-qwen2.5-coder-32b_sol1_gd1_rs0_bd1_str-neutral_t05_n5,44,2,3,Qwen/Qwen2.5-Coder-32B-Instruct,1,0,1,1,neutral,0.5,10.0,0.0
2026-05-19 15:37:48,L-E01_m-qwen2.5-coder-32b_sol1_gd1_rs0_bd1_str-neutral_t05_n5,44,2,4,Qwen/Qwen2.5-Coder-32B-Instruct,1,0,1,1,neutral,0.5,8.0,0.0
2026-05-19 15:37:55,L-E01_m-qwen2.5-coder-32b_sol1_gd1_rs0_bd1_str-neutral_t05_n5,44,2,5,Qwen/Qwen2.5-Coder-32B-Instruct,1,0,1,1,neutral,0.5,10.0,3.0
2026-05-19 15:38:03,L-E01_m-qwen2.5-coder-32b_sol1_gd1_rs0_bd1_str-neutral_t05_n5,44,3,1,Qwen/Qwen2.5-Coder-32B-Instruct,1,0,1,1,neutral,0.5,8.5,0.0
2026-05-19 15:38:08,L-E01_m-qwen2.5-coder-32b_sol1_gd1_rs0_bd1_str-neutral_t05_n5,44,3,2,Qwen/Qwen2.5-Coder-32B-Instruct,1,0,1,1,neutral,0.5,8.5,0.0
2026-05-19 15:38:14,L-E01_m-qwen2.5-coder-32b_sol1_gd1_rs0_bd1_str-neutral_t05_n5,44,3,3,Qwen/Qwen2.5-Coder-32B-Instruct,1,0,1,1,neutral,0.5,7.5,0.0
2026-05-19 15:38:24,L-E01_m-qwen2.5-coder-32b_sol1_gd1_rs0_bd1_str-neutral_t05_n5,44,3,4,Qwen/Qwen2.5-Coder-32B-Instruct,1,0,1,1,neutral,0.5,8.5,0.0
2026-05-19 15:38:29,L-E01_m-qwen2.5-coder-32b_sol1_gd1_rs0_bd1_str-neutral_t05_n5,44,3,5,Qwen/Qwen2.5-Coder-32B-Instruct,1,0,1,1,neutral,0.5,8.5,0.0
2026-05-19 15:38:41,L-E01_m-qwen2.5-coder-32b_sol1_gd1_rs0_bd1_str-neutral_t05_n5,45,1,1,Qwen/Qwen2.5-Coder-32B-Instruct,1,0,1,1,neutral,0.5,4.0,0.0
2026-05-19 15:38:52,L-E01_m-qwen2.5-coder-32b_sol1_gd1_rs0_bd1_str-neutral_t05_n5,45,1,2,Qwen/Qwen2.5-Coder-32B-Instruct,1,0,1,1,neutral,0.5,7.5,0.0
2026-05-19 15:39:01,L-E01_m-qwen2.5-coder-32b_sol1_gd1_rs0_bd1_str-neutral_t05_n5,45,1,3,Qwen/Qwen2.5-Coder-32B-Instruct,1,0,1,1,neutral,0.5,7.0,0.0
2026-05-19 15:39:11,L-E01_m-qwen2.5-coder-32b_sol1_gd1_rs0_bd1_str-neutral_t05_n5,45,1,4,Qwen/Qwen2.5-Coder-32B-Instruct,1,0,1,1,neutral,0.5,4.5,0.0
2026-05-19 15:39:22,L-E01_m-qwen2.5-coder-32b_sol1_gd1_rs0_bd1_str-neutral_t05_n5,45,1,5,Qwen/Qwen2.5-Coder-32B-Instruct,1,0,1,1,neutral,0.5,4.5,0.0
2026-05-19 15:39:30,L-E01_m-qwen2.5-coder-32b_sol1_gd1_rs0_bd1_str-neutral_t05_n5,45,2,1,Qwen/Qwen2.5-Coder-32B-Instruct,1,0,1,1,neutral,0.5,6.0,0.0
2026-05-19 15:39:37,L-E01_m-qwen2.5-coder-32b_sol1_gd1_rs0_bd1_str-neutral_t05_n5,45,2,2,Qwen/Qwen2.5-Coder-32B-Instruct,1,0,1,1,neutral,0.5,5.0,0.0
2026-05-19 15:39:44,L-E01_m-qwen2.5-coder-32b_sol1_gd1_rs0_bd1_str-neutral_t05_n5,45,2,3,Qwen/Qwen2.5-Coder-32B-Instruct,1,0,1,1,neutral,0.5,5.0,0.0
2026-05-19 15:39:51,L-E01_m-qwen2.5-coder-32b_sol1_gd1_rs0_bd1_str-neutral_t05_n5,45,2,4,Qwen/Qwen2.5-Coder-32B-Instruct,1,0,1,1,neutral,0.5,5.0,0.0
2026-05-19 15:39:59,L-E01_m-qwen2.5-coder-32b_sol1_gd1_rs0_bd1_str-neutral_t05_n5,45,2,5,Qwen/Qwen2.5-Coder-32B-Instruct,1,0,1,1,neutral,0.5,4.0,0.0
2026-05-19 15:40:08,L-E01_m-qwen2.5-coder-32b_sol1_gd1_rs0_bd1_str-neutral_t05_n5,45,3,1,Qwen/Qwen2.5-Coder-32B-Instruct,1,0,1,1,neutral,0.5,3.5,0.0
2026-05-19 15:40:18,L-E01_m-qwen2.5-coder-32b_sol1_gd1_rs0_bd1_str-neutral_t05_n5,45,3,2,Qwen/Qwen2.5-Coder-32B-Instruct,1,0,1,1,neutral,0.5,2.0,0.0
2026-05-19 15:40:26,L-E01_m-qwen2.5-coder-32b_sol1_gd1_rs0_bd1_str-neutral_t05_n5,45,3,3,Qwen/Qwen2.5-Coder-32B-Instruct,1,0,1,1,neutral,0.5,5.0,0.0
2026-05-19 15:40:31,L-E01_m-qwen2.5-coder-32b_sol1_gd1_rs0_bd1_str-neutral_t05_n5,45,3,4,Qwen/Qwen2.5-Coder-32B-Instruct,1,0,1,1,neutral,0.5,4.0,0.0
2026-05-19 15:40:39,L-E01_m-qwen2.5-coder-32b_sol1_gd1_rs0_bd1_str-neutral_t05_n5,45,3,5,Qwen/Qwen2.5-Coder-32B-Instruct,1,0,1,1,neutral,0.5,2.5,0.0
2026-05-19 15:40:47,L-E01_m-qwen2.5-coder-32b_sol1_gd1_rs0_bd1_str-neutral_t05_n5,46,1,1,Qwen/Qwen2.5-Coder-32B-Instruct,1,0,1,1,neutral,0.5,4.5,0.0
2026-05-19 15:40:56,L-E01_m-qwen2.5-coder-32b_sol1_gd1_rs0_bd1_str-neutral_t05_n5,46,1,2,Qwen/Qwen2.5-Coder-32B-Instruct,1,0,1,1,neutral,0.5,3.0,0.0
2026-05-19 15:41:04,L-E01_m-qwen2.5-coder-32b_sol1_gd1_rs0_bd1_str-neutral_t05_n5,46,1,3,Qwen/Qwen2.5-Coder-32B-Instruct,1,0,1,1,neutral,0.5,3.5,0.0
2026-05-19 15:41:15,L-E01_m-qwen2.5-coder-32b_sol1_gd1_rs0_bd1_str-neutral_t05_n5,46,1,4,Qwen/Qwen2.5-Coder-32B-Instruct,1,0,1,1,neutral,0.5,5.0,0.0
2026-05-19 15:41:23,L-E01_m-qwen2.5-coder-32b_sol1_gd1_rs0_bd1_str-neutral_t05_n5,46,1,5,Qwen/Qwen2.5-Coder-32B-Instruct,1,0,1,1,neutral,0.5,3.0,0.0
2026-05-19 15:41:33,L-E01_m-qwen2.5-coder-32b_sol1_gd1_rs0_bd1_str-neutral_t05_n5,46,2,1,Qwen/Qwen2.5-Coder-32B-Instruct,1,0,1,1,neutral,0.5,7.5,0.0
2026-05-19 15:41:41,L-E01_m-qwen2.5-coder-32b_sol1_gd1_rs0_bd1_str-neutral_t05_n5,46,2,2,Qwen/Qwen2.5-Coder-32B-Instruct,1,0,1,1,neutral,0.5,7.0,0.0
2026-05-19 15:41:48,L-E01_m-qwen2.5-coder-32b_sol1_gd1_rs0_bd1_str-neutral_t05_n5,46,2,3,Qwen/Qwen2.5-Coder-32B-Instruct,1,0,1,1,neutral,0.5,7.0,0.0
2026-05-19 15:41:58,L-E01_m-qwen2.5-coder-32b_sol1_gd1_rs0_bd1_str-neutral_t05_n5,46,2,4,Qwen/Qwen2.5-Coder-32B-Instruct,1,0,1,1,neutral,0.5,7.0,0.0
2026-05-19 15:42:06,L-E01_m-qwen2.5-coder-32b_sol1_gd1_rs0_bd1_str-neutral_t05_n5,46,2,5,Qwen/Qwen2.5-Coder-32B-Instruct,1,0,1,1,neutral,0.5,7.0,0.0
2026-05-19 15:42:15,L-E01_m-qwen2.5-coder-32b_sol1_gd1_rs0_bd1_str-neutral_t05_n5,46,3,1,Qwen/Qwen2.5-Coder-32B-Instruct,1,0,1,1,neutral,0.5,3.0,0.0
2026-05-19 15:42:24,L-E01_m-qwen2.5-coder-32b_sol1_gd1_rs0_bd1_str-neutral_t05_n5,46,3,2,Qwen/Qwen2.5-Coder-32B-Instruct,1,0,1,1,neutral,0.5,3.5,0.0
2026-05-19 15:42:32,L-E01_m-qwen2.5-coder-32b_sol1_gd1_rs0_bd1_str-neutral_t05_n5,46,3,3,Qwen/Qwen2.5-Coder-32B-Instruct,1,0,1,1,neutral,0.5,3.0,0.0
2026-05-19 15:42:37,L-E01_m-qwen2.5-coder-32b_sol1_gd1_rs0_bd1_str-neutral_t05_n5,46,3,4,Qwen/Qwen2.5-Coder-32B-Instruct,1,0,1,1,neutral,0.5,2.5,0.0
2026-05-19 15:42:46,L-E01_m-qwen2.5-coder-32b_sol1_gd1_rs0_bd1_str-neutral_t05_n5,46,3,5,Qwen/Qwen2.5-Coder-32B-Instruct,1,0,1,1,neutral,0.5,4.0,0.0
2026-05-19 15:42:58,L-E01_m-qwen2.5-coder-32b_sol1_gd1_rs0_bd1_str-neutral_t05_n5,47,1,1,Qwen/Qwen2.5-Coder-32B-Instruct,1,0,1,1,neutral,0.5,8.0,0.0
2026-05-19 15:43:06,L-E01_m-qwen2.5-coder-32b_sol1_gd1_rs0_bd1_str-neutral_t05_n5,47,1,2,Qwen/Qwen2.5-Coder-32B-Instruct,1,0,1,1,neutral,0.5,6.5,0.0
2026-05-19 15:43:14,L-E01_m-qwen2.5-coder-32b_sol1_gd1_rs0_bd1_str-neutral_t05_n5,47,1,3,Qwen/Qwen2.5-Coder-32B-Instruct,1,0,1,1,neutral,0.5,9.0,0.0
2026-05-19 15:43:22,L-E01_m-qwen2.5-coder-32b_sol1_gd1_rs0_bd1_str-neutral_t05_n5,47,1,4,Qwen/Qwen2.5-Coder-32B-Instruct,1,0,1,1,neutral,0.5,8.5,0.0
2026-05-19 15:43:30,L-E01_m-qwen2.5-coder-32b_sol1_gd1_rs0_bd1_str-neutral_t05_n5,47,1,5,Qwen/Qwen2.5-Coder-32B-Instruct,1,0,1,1,neutral,0.5,8.0,0.0
2026-05-19 15:43:39,L-E01_m-qwen2.5-coder-32b_sol1_gd1_rs0_bd1_str-neutral_t05_n5,47,2,1,Qwen/Qwen2.5-Coder-32B-Instruct,1,0,1,1,neutral,0.5,7.0,0.0
2026-05-19 15:43:49,L-E01_m-qwen2.5-coder-32b_sol1_gd1_rs0_bd1_str-neutral_t05_n5,47,2,2,Qwen/Qwen2.5-Coder-32B-Instruct,1,0,1,1,neutral,0.5,6.0,0.0
2026-05-19 15:43:56,L-E01_m-qwen2.5-coder-32b_sol1_gd1_rs0_bd1_str-neutral_t05_n5,47,2,3,Qwen/Qwen2.5-Coder-32B-Instruct,1,0,1,1,neutral,0.5,8.5,3.0
2026-05-19 15:44:03,L-E01_m-qwen2.5-coder-32b_sol1_gd1_rs0_bd1_str-neutral_t05_n5,47,2,4,Qwen/Qwen2.5-Coder-32B-Instruct,1,0,1,1,neutral,0.5,5.0,0.0
2026-05-19 15:44:15,L-E01_m-qwen2.5-coder-32b_sol1_gd1_rs0_bd1_str-neutral_t05_n5,47,2,5,Qwen/Qwen2.5-Coder-32B-Instruct,1,0,1,1,neutral,0.5,8.5,0.0
2026-05-19 15:44:22,L-E01_m-qwen2.5-coder-32b_sol1_gd1_rs0_bd1_str-neutral_t05_n5,47,3,1,Qwen/Qwen2.5-Coder-32B-Instruct,1,0,1,1,neutral,0.5,0.5,0.0
2026-05-19 15:44:27,L-E01_m-qwen2.5-coder-32b_sol1_gd1_rs0_bd1_str-neutral_t05_n5,47,3,2,Qwen/Qwen2.5-Coder-32B-Instruct,1,0,1,1,neutral,0.5,0.0,0.0
2026-05-19 15:44:32,L-E01_m-qwen2.5-coder-32b_sol1_gd1_rs0_bd1_str-neutral_t05_n5,47,3,3,Qwen/Qwen2.5-Coder-32B-Instruct,1,0,1,1,neutral,0.5,0.0,0.0
2026-05-19 15:44:37,L-E01_m-qwen2.5-coder-32b_sol1_gd1_rs0_bd1_str-neutral_t05_n5,47,3,4,Qwen/Qwen2.5-Coder-32B-Instruct,1,0,1,1,neutral,0.5,0.5,0.0
2026-05-19 15:44:44,L-E01_m-qwen2.5-coder-32b_sol1_gd1_rs0_bd1_str-neutral_t05_n5,47,3,5,Qwen/Qwen2.5-Coder-32B-Instruct,1,0,1,1,neutral,0.5,0.5,0.0
2026-05-19 15:44:52,L-E01_m-qwen2.5-coder-32b_sol1_gd1_rs0_bd1_str-neutral_t05_n5,48,1,1,Qwen/Qwen2.5-Coder-32B-Instruct,1,0,1,1,neutral,0.5,7.0,0.0
2026-05-19 15:44:59,L-E01_m-qwen2.5-coder-32b_sol1_gd1_rs0_bd1_str-neutral_t05_n5,48,1,2,Qwen/Qwen2.5-Coder-32B-Instruct,1,0,1,1,neutral,0.5,7.5,0.0
2026-05-19 15:45:08,L-E01_m-qwen2.5-coder-32b_sol1_gd1_rs0_bd1_str-neutral_t05_n5,48,1,3,Qwen/Qwen2.5-Coder-32B-Instruct,1,0,1,1,neutral,0.5,8.0,0.0
2026-05-19 15:45:16,L-E01_m-qwen2.5-coder-32b_sol1_gd1_rs0_bd1_str-neutral_t05_n5,48,1,4,Qwen/Qwen2.5-Coder-32B-Instruct,1,0,1,1,neutral,0.5,7.0,0.0
2026-05-19 15:45:24,L-E01_m-qwen2.5-coder-32b_sol1_gd1_rs0_bd1_str-neutral_t05_n5,48,1,5,Qwen/Qwen2.5-Coder-32B-Instruct,1,0,1,1,neutral,0.5,8.5,0.0
2026-05-19 15:45:30,L-E01_m-qwen2.5-coder-32b_sol1_gd1_rs0_bd1_str-neutral_t05_n5,48,2,1,Qwen/Qwen2.5-Coder-32B-Instruct,1,0,1,1,neutral,0.5,4.0,0.0
2026-05-19 15:45:37,L-E01_m-qwen2.5-coder-32b_sol1_gd1_rs0_bd1_str-neutral_t05_n5,48,2,2,Qwen/Qwen2.5-Coder-32B-Instruct,1,0,1,1,neutral,0.5,6.0,0.0
2026-05-19 15:45:44,L-E01_m-qwen2.5-coder-32b_sol1_gd1_rs0_bd1_str-neutral_t05_n5,48,2,3,Qwen/Qwen2.5-Coder-32B-Instruct,1,0,1,1,neutral,0.5,3.5,0.0
2026-05-19 15:45:52,L-E01_m-qwen2.5-coder-32b_sol1_gd1_rs0_bd1_str-neutral_t05_n5,48,2,4,Qwen/Qwen2.5-Coder-32B-Instruct,1,0,1,1,neutral,0.5,4.0,0.0
2026-05-19 15:45:59,L-E01_m-qwen2.5-coder-32b_sol1_gd1_rs0_bd1_str-neutral_t05_n5,48,2,5,Qwen/Qwen2.5-Coder-32B-Instruct,1,0,1,1,neutral,0.5,4.0,0.0
2026-05-19 15:46:08,L-E01_m-qwen2.5-coder-32b_sol1_gd1_rs0_bd1_str-neutral_t05_n5,48,3,1,Qwen/Qwen2.5-Coder-32B-Instruct,1,0,1,1,neutral,0.5,8.0,0.0
2026-05-19 15:46:14,L-E01_m-qwen2.5-coder-32b_sol1_gd1_rs0_bd1_str-neutral_t05_n5,48,3,2,Qwen/Qwen2.5-Coder-32B-Instruct,1,0,1,1,neutral,0.5,8.5,0.0
2026-05-19 15:46:24,L-E01_m-qwen2.5-coder-32b_sol1_gd1_rs0_bd1_str-neutral_t05_n5,48,3,3,Qwen/Qwen2.5-Coder-32B-Instruct,1,0,1,1,neutral,0.5,9.5,0.0
2026-05-19 15:46:31,L-E01_m-qwen2.5-coder-32b_sol1_gd1_rs0_bd1_str-neutral_t05_n5,48,3,4,Qwen/Qwen2.5-Coder-32B-Instruct,1,0,1,1,neutral,0.5,8.0,0.0
2026-05-19 15:46:36,L-E01_m-qwen2.5-coder-32b_sol1_gd1_rs0_bd1_str-neutral_t05_n5,48,3,5,Qwen/Qwen2.5-Coder-32B-Instruct,1,0,1,1,neutral,0.5,9.0,0.0
2026-05-19 15:46:47,L-E01_m-qwen2.5-coder-32b_sol1_gd1_rs0_bd1_str-neutral_t05_n5,49,1,1,Qwen/Qwen2.5-Coder-32B-Instruct,1,0,1,1,neutral,0.5,5.0,0.0
2026-05-19 15:46:56,L-E01_m-qwen2.5-coder-32b_sol1_gd1_rs0_bd1_str-neutral_t05_n5,49,1,2,Qwen/Qwen2.5-Coder-32B-Instruct,1,0,1,1,neutral,0.5,6.5,0.0
2026-05-19 15:47:03,L-E01_m-qwen2.5-coder-32b_sol1_gd1_rs0_bd1_str-neutral_t05_n5,49,1,3,Qwen/Qwen2.5-Coder-32B-Instruct,1,0,1,1,neutral,0.5,6.5,0.0
2026-05-19 15:47:11,L-E01_m-qwen2.5-coder-32b_sol1_gd1_rs0_bd1_str-neutral_t05_n5,49,1,4,Qwen/Qwen2.5-Coder-32B-Instruct,1,0,1,1,neutral,0.5,7.5,0.0
2026-05-19 15:47:22,L-E01_m-qwen2.5-coder-32b_sol1_gd1_rs0_bd1_str-neutral_t05_n5,49,1,5,Qwen/Qwen2.5-Coder-32B-Instruct,1,0,1,1,neutral,0.5,6.5,0.0
2026-05-19 15:47:29,L-E01_m-qwen2.5-coder-32b_sol1_gd1_rs0_bd1_str-neutral_t05_n5,49,2,1,Qwen/Qwen2.5-Coder-32B-Instruct,1,0,1,1,neutral,0.5,0.0,0.0
2026-05-19 15:47:35,L-E01_m-qwen2.5-coder-32b_sol1_gd1_rs0_bd1_str-neutral_t05_n5,49,2,2,Qwen/Qwen2.5-Coder-32B-Instruct,1,0,1,1,neutral,0.5,0.25,0.0
2026-05-19 15:47:45,L-E01_m-qwen2.5-coder-32b_sol1_gd1_rs0_bd1_str-neutral_t05_n5,49,2,3,Qwen/Qwen2.5-Coder-32B-Instruct,1,0,1,1,neutral,0.5,0.5,0.0
2026-05-19 15:47:55,L-E01_m-qwen2.5-coder-32b_sol1_gd1_rs0_bd1_str-neutral_t05_n5,49,2,4,Qwen/Qwen2.5-Coder-32B-Instruct,1,0,1,1,neutral,0.5,1.0,0.0
2026-05-19 15:48:02,L-E01_m-qwen2.5-coder-32b_sol1_gd1_rs0_bd1_str-neutral_t05_n5,49,2,5,Qwen/Qwen2.5-Coder-32B-Instruct,1,0,1,1,neutral,0.5,0.0,0.0
2026-05-19 15:48:08,L-E01_m-qwen2.5-coder-32b_sol1_gd1_rs0_bd1_str-neutral_t05_n5,49,3,1,Qwen/Qwen2.5-Coder-32B-Instruct,1,0,1,1,neutral,0.5,6.0,0.0
2026-05-19 15:48:17,L-E01_m-qwen2.5-coder-32b_sol1_gd1_rs0_bd1_str-neutral_t05_n5,49,3,2,Qwen/Qwen2.5-Coder-32B-Instruct,1,0,1,1,neutral,0.5,5.0,0.0
2026-05-19 15:48:27,L-E01_m-qwen2.5-coder-32b_sol1_gd1_rs0_bd1_str-neutral_t05_n5,49,3,3,Qwen/Qwen2.5-Coder-32B-Instruct,1,0,1,1,neutral,0.5,4.0,0.0
2026-05-19 15:48:34,L-E01_m-qwen2.5-coder-32b_sol1_gd1_rs0_bd1_str-neutral_t05_n5,49,3,4,Qwen/Qwen2.5-Coder-32B-Instruct,1,0,1,1,neutral,0.5,4.5,0.0
2026-05-19 15:48:43,L-E01_m-qwen2.5-coder-32b_sol1_gd1_rs0_bd1_str-neutral_t05_n5,49,3,5,Qwen/Qwen2.5-Coder-32B-Instruct,1,0,1,1,neutral,0.5,4.5,0.0
2026-05-19 15:48:51,L-E01_m-qwen2.5-coder-32b_sol1_gd1_rs0_bd1_str-neutral_t05_n5,50,1,1,Qwen/Qwen2.5-Coder-32B-Instruct,1,0,1,1,neutral,0.5,5.0,0.0
2026-05-19 15:48:59,L-E01_m-qwen2.5-coder-32b_sol1_gd1_rs0_bd1_str-neutral_t05_n5,50,1,2,Qwen/Qwen2.5-Coder-32B-Instruct,1,0,1,1,neutral,0.5,4.0,0.0
2026-05-19 15:49:07,L-E01_m-qwen2.5-coder-32b_sol1_gd1_rs0_bd1_str-neutral_t05_n5,50,1,3,Qwen/Qwen2.5-Coder-32B-Instruct,1,0,1,1,neutral,0.5,5.0,0.0
2026-05-19 15:49:15,L-E01_m-qwen2.5-coder-32b_sol1_gd1_rs0_bd1_str-neutral_t05_n5,50,1,4,Qwen/Qwen2.5-Coder-32B-Instruct,1,0,1,1,neutral,0.5,5.5,0.0
2026-05-19 15:49:23,L-E01_m-qwen2.5-coder-32b_sol1_gd1_rs0_bd1_str-neutral_t05_n5,50,1,5,Qwen/Qwen2.5-Coder-32B-Instruct,1,0,1,1,neutral,0.5,5.5,0.0
2026-05-19 15:49:31,L-E01_m-qwen2.5-coder-32b_sol1_gd1_rs0_bd1_str-neutral_t05_n5,50,2,1,Qwen/Qwen2.5-Coder-32B-Instruct,1,0,1,1,neutral,0.5,8.5,0.0
2026-05-19 15:49:40,L-E01_m-qwen2.5-coder-32b_sol1_gd1_rs0_bd1_str-neutral_t05_n5,50,2,2,Qwen/Qwen2.5-Coder-32B-Instruct,1,0,1,1,neutral,0.5,6.0,0.0
2026-05-19 15:49:48,L-E01_m-qwen2.5-coder-32b_sol1_gd1_rs0_bd1_str-neutral_t05_n5,50,2,3,Qwen/Qwen2.5-Coder-32B-Instruct,1,0,1,1,neutral,0.5,7.5,0.0
2026-05-19 15:49:58,L-E01_m-qwen2.5-coder-32b_sol1_gd1_rs0_bd1_str-neutral_t05_n5,50,2,4,Qwen/Qwen2.5-Coder-32B-Instruct,1,0,1,1,neutral,0.5,6.0,0.0
2026-05-19 15:50:07,L-E01_m-qwen2.5-coder-32b_sol1_gd1_rs0_bd1_str-neutral_t05_n5,50,2,5,Qwen/Qwen2.5-Coder-32B-Instruct,1,0,1,1,neutral,0.5,6.0,0.0
2026-05-19 15:50:13,L-E01_m-qwen2.5-coder-32b_sol1_gd1_rs0_bd1_str-neutral_t05_n5,50,3,1,Qwen/Qwen2.5-Coder-32B-Instruct,1,0,1,1,neutral,0.5,8.5,0.0
2026-05-19 15:50:23,L-E01_m-qwen2.5-coder-32b_sol1_gd1_rs0_bd1_str-neutral_t05_n5,50,3,2,Qwen/Qwen2.5-Coder-32B-Instruct,1,0,1,1,neutral,0.5,8.0,0.0
2026-05-19 15:50:32,L-E01_m-qwen2.5-coder-32b_sol1_gd1_rs0_bd1_str-neutral_t05_n5,50,3,3,Qwen/Qwen2.5-Coder-32B-Instruct,1,0,1,1,neutral,0.5,8.0,0.0
2026-05-19 15:50:38,L-E01_m-qwen2.5-coder-32b_sol1_gd1_rs0_bd1_str-neutral_t05_n5,50,3,4,Qwen/Qwen2.5-Coder-32B-Instruct,1,0,1,1,neutral,0.5,8.5,0.0
2026-05-19 15:50:43,L-E01_m-qwen2.5-coder-32b_sol1_gd1_rs0_bd1_str-neutral_t05_n5,50,3,5,Qwen/Qwen2.5-Coder-32B-Instruct,1,0,1,1,neutral,0.5,8.0,0.0
