timestamp,tag,student,question,run,model,use_solution,use_reasoning,use_breakdown,use_guidelines,strictness,temperature,score,bonus
2026-07-17 03:07:29,L-J01_m-glm-4.5-air_sol1_gd1_rs0_bd1_str-neutral_t00_n1,1,1,1,zai-org/GLM-4.5-Air,1,0,1,1,neutral,0.0,7.5,0.0
2026-07-17 03:07:34,L-J01_m-glm-4.5-air_sol1_gd1_rs0_bd1_str-neutral_t00_n1,1,2,1,zai-org/GLM-4.5-Air,1,0,1,1,neutral,0.0,5.5,0.0
2026-07-17 03:07:39,L-J01_m-glm-4.5-air_sol1_gd1_rs0_bd1_str-neutral_t00_n1,1,3,1,zai-org/GLM-4.5-Air,1,0,1,1,neutral,0.0,2.5,0.0
2026-07-17 03:07:45,L-J01_m-glm-4.5-air_sol1_gd1_rs0_bd1_str-neutral_t00_n1,2,1,1,zai-org/GLM-4.5-Air,1,0,1,1,neutral,0.0,10.5,0.0
2026-07-17 03:07:50,L-J01_m-glm-4.5-air_sol1_gd1_rs0_bd1_str-neutral_t00_n1,2,2,1,zai-org/GLM-4.5-Air,1,0,1,1,neutral,0.0,8.5,0.0
2026-07-17 03:07:54,L-J01_m-glm-4.5-air_sol1_gd1_rs0_bd1_str-neutral_t00_n1,2,3,1,zai-org/GLM-4.5-Air,1,0,1,1,neutral,0.0,10.5,0.0
2026-07-17 03:08:00,L-J01_m-glm-4.5-air_sol1_gd1_rs0_bd1_str-neutral_t00_n1,3,1,1,zai-org/GLM-4.5-Air,1,0,1,1,neutral,0.0,11.5,0.0
2026-07-17 03:08:05,L-J01_m-glm-4.5-air_sol1_gd1_rs0_bd1_str-neutral_t00_n1,3,2,1,zai-org/GLM-4.5-Air,1,0,1,1,neutral,0.0,5.5,0.0
2026-07-17 03:08:09,L-J01_m-glm-4.5-air_sol1_gd1_rs0_bd1_str-neutral_t00_n1,3,3,1,zai-org/GLM-4.5-Air,1,0,1,1,neutral,0.0,10.5,0.0
2026-07-17 03:08:15,L-J01_m-glm-4.5-air_sol1_gd1_rs0_bd1_str-neutral_t00_n1,4,1,1,zai-org/GLM-4.5-Air,1,0,1,1,neutral,0.0,9.5,4.0
2026-07-17 03:08:21,L-J01_m-glm-4.5-air_sol1_gd1_rs0_bd1_str-neutral_t00_n1,4,2,1,zai-org/GLM-4.5-Air,1,0,1,1,neutral,0.0,8.5,0.0
2026-07-17 03:08:25,L-J01_m-glm-4.5-air_sol1_gd1_rs0_bd1_str-neutral_t00_n1,4,3,1,zai-org/GLM-4.5-Air,1,0,1,1,neutral,0.0,5.5,0.0
2026-07-17 03:08:27,L-J01_m-glm-4.5-air_sol1_gd1_rs0_bd1_str-neutral_t00_n1,4,4,1,zai-org/GLM-4.5-Air,1,0,1,1,neutral,0.0,0.0,5.0
2026-07-17 03:08:33,L-J01_m-glm-4.5-air_sol1_gd1_rs0_bd1_str-neutral_t00_n1,5,1,1,zai-org/GLM-4.5-Air,1,0,1,1,neutral,0.0,5.5,0.0
2026-07-17 03:08:38,L-J01_m-glm-4.5-air_sol1_gd1_rs0_bd1_str-neutral_t00_n1,5,2,1,zai-org/GLM-4.5-Air,1,0,1,1,neutral,0.0,7.5,0.0
2026-07-17 03:08:43,L-J01_m-glm-4.5-air_sol1_gd1_rs0_bd1_str-neutral_t00_n1,5,3,1,zai-org/GLM-4.5-Air,1,0,1,1,neutral,0.0,7.5,0.0
2026-07-17 03:08:49,L-J01_m-glm-4.5-air_sol1_gd1_rs0_bd1_str-neutral_t00_n1,6,1,1,zai-org/GLM-4.5-Air,1,0,1,1,neutral,0.0,5.5,0.0
2026-07-17 03:08:54,L-J01_m-glm-4.5-air_sol1_gd1_rs0_bd1_str-neutral_t00_n1,6,2,1,zai-org/GLM-4.5-Air,1,0,1,1,neutral,0.0,10.5,3.0
2026-07-17 03:08:58,L-J01_m-glm-4.5-air_sol1_gd1_rs0_bd1_str-neutral_t00_n1,6,3,1,zai-org/GLM-4.5-Air,1,0,1,1,neutral,0.0,5.5,0.0
2026-07-17 03:09:00,L-J01_m-glm-4.5-air_sol1_gd1_rs0_bd1_str-neutral_t00_n1,6,4,1,zai-org/GLM-4.5-Air,1,0,1,1,neutral,0.0,0.0,0.0
2026-07-17 03:09:06,L-J01_m-glm-4.5-air_sol1_gd1_rs0_bd1_str-neutral_t00_n1,7,1,1,zai-org/GLM-4.5-Air,1,0,1,1,neutral,0.0,8.5,0.0
2026-07-17 03:09:11,L-J01_m-glm-4.5-air_sol1_gd1_rs0_bd1_str-neutral_t00_n1,7,2,1,zai-org/GLM-4.5-Air,1,0,1,1,neutral,0.0,5.5,0.0
2026-07-17 03:09:15,L-J01_m-glm-4.5-air_sol1_gd1_rs0_bd1_str-neutral_t00_n1,7,3,1,zai-org/GLM-4.5-Air,1,0,1,1,neutral,0.0,5.5,0.0
2026-07-17 03:09:22,L-J01_m-glm-4.5-air_sol1_gd1_rs0_bd1_str-neutral_t00_n1,8,1,1,zai-org/GLM-4.5-Air,1,0,1,1,neutral,0.0,7.5,0.0
2026-07-17 03:09:27,L-J01_m-glm-4.5-air_sol1_gd1_rs0_bd1_str-neutral_t00_n1,8,2,1,zai-org/GLM-4.5-Air,1,0,1,1,neutral,0.0,7.5,0.0
2026-07-17 03:09:31,L-J01_m-glm-4.5-air_sol1_gd1_rs0_bd1_str-neutral_t00_n1,8,3,1,zai-org/GLM-4.5-Air,1,0,1,1,neutral,0.0,10.5,0.0
2026-07-17 03:09:37,L-J01_m-glm-4.5-air_sol1_gd1_rs0_bd1_str-neutral_t00_n1,9,1,1,zai-org/GLM-4.5-Air,1,0,1,1,neutral,0.0,8.5,0.0
2026-07-17 03:09:42,L-J01_m-glm-4.5-air_sol1_gd1_rs0_bd1_str-neutral_t00_n1,9,2,1,zai-org/GLM-4.5-Air,1,0,1,1,neutral,0.0,9.5,0.0
2026-07-17 03:09:46,L-J01_m-glm-4.5-air_sol1_gd1_rs0_bd1_str-neutral_t00_n1,9,3,1,zai-org/GLM-4.5-Air,1,0,1,1,neutral,0.0,10.5,0.0
2026-07-17 03:09:52,L-J01_m-glm-4.5-air_sol1_gd1_rs0_bd1_str-neutral_t00_n1,10,1,1,zai-org/GLM-4.5-Air,1,0,1,1,neutral,0.0,7.5,0.0
2026-07-17 03:09:57,L-J01_m-glm-4.5-air_sol1_gd1_rs0_bd1_str-neutral_t00_n1,10,2,1,zai-org/GLM-4.5-Air,1,0,1,1,neutral,0.0,8.5,0.0
2026-07-17 03:10:01,L-J01_m-glm-4.5-air_sol1_gd1_rs0_bd1_str-neutral_t00_n1,10,3,1,zai-org/GLM-4.5-Air,1,0,1,1,neutral,0.0,8.5,0.0
2026-07-17 03:10:07,L-J01_m-glm-4.5-air_sol1_gd1_rs0_bd1_str-neutral_t00_n1,11,1,1,zai-org/GLM-4.5-Air,1,0,1,1,neutral,0.0,8.5,0.0
2026-07-17 03:10:12,L-J01_m-glm-4.5-air_sol1_gd1_rs0_bd1_str-neutral_t00_n1,11,2,1,zai-org/GLM-4.5-Air,1,0,1,1,neutral,0.0,5.5,0.0
2026-07-17 03:10:16,L-J01_m-glm-4.5-air_sol1_gd1_rs0_bd1_str-neutral_t00_n1,11,3,1,zai-org/GLM-4.5-Air,1,0,1,1,neutral,0.0,10.5,0.0
2026-07-17 03:10:23,L-J01_m-glm-4.5-air_sol1_gd1_rs0_bd1_str-neutral_t00_n1,12,1,1,zai-org/GLM-4.5-Air,1,0,1,1,neutral,0.0,10.5,4.0
2026-07-17 03:10:28,L-J01_m-glm-4.5-air_sol1_gd1_rs0_bd1_str-neutral_t00_n1,12,2,1,zai-org/GLM-4.5-Air,1,0,1,1,neutral,0.0,8.5,0.0
2026-07-17 03:10:33,L-J01_m-glm-4.5-air_sol1_gd1_rs0_bd1_str-neutral_t00_n1,12,3,1,zai-org/GLM-4.5-Air,1,0,1,1,neutral,0.0,10.5,0.0
2026-07-17 03:10:40,L-J01_m-glm-4.5-air_sol1_gd1_rs0_bd1_str-neutral_t00_n1,13,1,1,zai-org/GLM-4.5-Air,1,0,1,1,neutral,0.0,0.0,0.0
2026-07-17 03:10:48,L-J01_m-glm-4.5-air_sol1_gd1_rs0_bd1_str-neutral_t00_n1,13,2,1,zai-org/GLM-4.5-Air,1,0,1,1,neutral,0.0,0.0,0.0
2026-07-17 03:10:52,L-J01_m-glm-4.5-air_sol1_gd1_rs0_bd1_str-neutral_t00_n1,13,3,1,zai-org/GLM-4.5-Air,1,0,1,1,neutral,0.0,0.0,0.0
2026-07-17 03:10:58,L-J01_m-glm-4.5-air_sol1_gd1_rs0_bd1_str-neutral_t00_n1,14,1,1,zai-org/GLM-4.5-Air,1,0,1,1,neutral,0.0,12.0,4.0
2026-07-17 03:11:04,L-J01_m-glm-4.5-air_sol1_gd1_rs0_bd1_str-neutral_t00_n1,14,2,1,zai-org/GLM-4.5-Air,1,0,1,1,neutral,0.0,10.5,4.0
2026-07-17 03:11:08,L-J01_m-glm-4.5-air_sol1_gd1_rs0_bd1_str-neutral_t00_n1,14,3,1,zai-org/GLM-4.5-Air,1,0,1,1,neutral,0.0,10.5,0.0
2026-07-17 03:11:15,L-J01_m-glm-4.5-air_sol1_gd1_rs0_bd1_str-neutral_t00_n1,15,1,1,zai-org/GLM-4.5-Air,1,0,1,1,neutral,0.0,0.0,0.0
2026-07-17 03:11:20,L-J01_m-glm-4.5-air_sol1_gd1_rs0_bd1_str-neutral_t00_n1,15,2,1,zai-org/GLM-4.5-Air,1,0,1,1,neutral,0.0,5.5,0.0
2026-07-17 03:11:25,L-J01_m-glm-4.5-air_sol1_gd1_rs0_bd1_str-neutral_t00_n1,15,3,1,zai-org/GLM-4.5-Air,1,0,1,1,neutral,0.0,3.5,0.0
2026-07-17 03:11:31,L-J01_m-glm-4.5-air_sol1_gd1_rs0_bd1_str-neutral_t00_n1,16,1,1,zai-org/GLM-4.5-Air,1,0,1,1,neutral,0.0,5.5,0.0
2026-07-17 03:11:36,L-J01_m-glm-4.5-air_sol1_gd1_rs0_bd1_str-neutral_t00_n1,16,2,1,zai-org/GLM-4.5-Air,1,0,1,1,neutral,0.0,7.5,0.0
2026-07-17 03:11:40,L-J01_m-glm-4.5-air_sol1_gd1_rs0_bd1_str-neutral_t00_n1,16,3,1,zai-org/GLM-4.5-Air,1,0,1,1,neutral,0.0,4.5,0.0
2026-07-17 03:11:46,L-J01_m-glm-4.5-air_sol1_gd1_rs0_bd1_str-neutral_t00_n1,17,1,1,zai-org/GLM-4.5-Air,1,0,1,1,neutral,0.0,5.5,0.0
2026-07-17 03:11:51,L-J01_m-glm-4.5-air_sol1_gd1_rs0_bd1_str-neutral_t00_n1,17,2,1,zai-org/GLM-4.5-Air,1,0,1,1,neutral,0.0,5.5,0.0
2026-07-17 03:11:55,L-J01_m-glm-4.5-air_sol1_gd1_rs0_bd1_str-neutral_t00_n1,17,3,1,zai-org/GLM-4.5-Air,1,0,1,1,neutral,0.0,0.0,0.0
2026-07-17 03:12:01,L-J01_m-glm-4.5-air_sol1_gd1_rs0_bd1_str-neutral_t00_n1,18,1,1,zai-org/GLM-4.5-Air,1,0,1,1,neutral,0.0,7.5,0.0
2026-07-17 03:12:06,L-J01_m-glm-4.5-air_sol1_gd1_rs0_bd1_str-neutral_t00_n1,18,2,1,zai-org/GLM-4.5-Air,1,0,1,1,neutral,0.0,5.5,0.0
2026-07-17 03:12:11,L-J01_m-glm-4.5-air_sol1_gd1_rs0_bd1_str-neutral_t00_n1,18,3,1,zai-org/GLM-4.5-Air,1,0,1,1,neutral,0.0,8.5,0.0
2026-07-17 03:12:13,L-J01_m-glm-4.5-air_sol1_gd1_rs0_bd1_str-neutral_t00_n1,18,4,1,zai-org/GLM-4.5-Air,1,0,1,1,neutral,0.0,0.0,0.0
2026-07-17 03:12:19,L-J01_m-glm-4.5-air_sol1_gd1_rs0_bd1_str-neutral_t00_n1,19,1,1,zai-org/GLM-4.5-Air,1,0,1,1,neutral,0.0,0.0,0.0
2026-07-17 03:12:27,L-J01_m-glm-4.5-air_sol1_gd1_rs0_bd1_str-neutral_t00_n1,19,2,1,zai-org/GLM-4.5-Air,1,0,1,1,neutral,0.0,0.0,0.0
2026-07-17 03:12:31,L-J01_m-glm-4.5-air_sol1_gd1_rs0_bd1_str-neutral_t00_n1,19,3,1,zai-org/GLM-4.5-Air,1,0,1,1,neutral,0.0,9.5,0.0
2026-07-17 03:12:34,L-J01_m-glm-4.5-air_sol1_gd1_rs0_bd1_str-neutral_t00_n1,19,4,1,zai-org/GLM-4.5-Air,1,0,1,1,neutral,0.0,0.0,0.0
2026-07-17 03:12:39,L-J01_m-glm-4.5-air_sol1_gd1_rs0_bd1_str-neutral_t00_n1,20,1,1,zai-org/GLM-4.5-Air,1,0,1,1,neutral,0.0,8.5,0.0
2026-07-17 03:12:44,L-J01_m-glm-4.5-air_sol1_gd1_rs0_bd1_str-neutral_t00_n1,20,2,1,zai-org/GLM-4.5-Air,1,0,1,1,neutral,0.0,5.5,0.0
2026-07-17 03:12:49,L-J01_m-glm-4.5-air_sol1_gd1_rs0_bd1_str-neutral_t00_n1,20,3,1,zai-org/GLM-4.5-Air,1,0,1,1,neutral,0.0,7.5,0.0
2026-07-17 03:12:55,L-J01_m-glm-4.5-air_sol1_gd1_rs0_bd1_str-neutral_t00_n1,21,1,1,zai-org/GLM-4.5-Air,1,0,1,1,neutral,0.0,3.5,0.0
2026-07-17 03:13:00,L-J01_m-glm-4.5-air_sol1_gd1_rs0_bd1_str-neutral_t00_n1,21,2,1,zai-org/GLM-4.5-Air,1,0,1,1,neutral,0.0,5.5,0.0
2026-07-17 03:13:04,L-J01_m-glm-4.5-air_sol1_gd1_rs0_bd1_str-neutral_t00_n1,21,3,1,zai-org/GLM-4.5-Air,1,0,1,1,neutral,0.0,2.5,0.0
2026-07-17 03:13:06,L-J01_m-glm-4.5-air_sol1_gd1_rs0_bd1_str-neutral_t00_n1,21,4,1,zai-org/GLM-4.5-Air,1,0,1,1,neutral,0.0,0.0,0.0
2026-07-17 03:13:14,L-J01_m-glm-4.5-air_sol1_gd1_rs0_bd1_str-neutral_t00_n1,22,1,1,zai-org/GLM-4.5-Air,1,0,1,1,neutral,0.0,0.0,0.0
2026-07-17 03:13:19,L-J01_m-glm-4.5-air_sol1_gd1_rs0_bd1_str-neutral_t00_n1,22,2,1,zai-org/GLM-4.5-Air,1,0,1,1,neutral,0.0,5.5,0.0
2026-07-17 03:13:23,L-J01_m-glm-4.5-air_sol1_gd1_rs0_bd1_str-neutral_t00_n1,22,3,1,zai-org/GLM-4.5-Air,1,0,1,1,neutral,0.0,3.5,0.0
2026-07-17 03:13:29,L-J01_m-glm-4.5-air_sol1_gd1_rs0_bd1_str-neutral_t00_n1,23,1,1,zai-org/GLM-4.5-Air,1,0,1,1,neutral,0.0,9.5,0.0
2026-07-17 03:13:34,L-J01_m-glm-4.5-air_sol1_gd1_rs0_bd1_str-neutral_t00_n1,23,2,1,zai-org/GLM-4.5-Air,1,0,1,1,neutral,0.0,8.5,0.0
2026-07-17 03:13:38,L-J01_m-glm-4.5-air_sol1_gd1_rs0_bd1_str-neutral_t00_n1,23,3,1,zai-org/GLM-4.5-Air,1,0,1,1,neutral,0.0,10.5,0.0
2026-07-17 03:13:44,L-J01_m-glm-4.5-air_sol1_gd1_rs0_bd1_str-neutral_t00_n1,24,1,1,zai-org/GLM-4.5-Air,1,0,1,1,neutral,0.0,10.5,0.0
2026-07-17 03:13:49,L-J01_m-glm-4.5-air_sol1_gd1_rs0_bd1_str-neutral_t00_n1,24,2,1,zai-org/GLM-4.5-Air,1,0,1,1,neutral,0.0,7.5,0.0
2026-07-17 03:13:53,L-J01_m-glm-4.5-air_sol1_gd1_rs0_bd1_str-neutral_t00_n1,24,3,1,zai-org/GLM-4.5-Air,1,0,1,1,neutral,0.0,10.5,0.0
2026-07-17 03:13:59,L-J01_m-glm-4.5-air_sol1_gd1_rs0_bd1_str-neutral_t00_n1,25,1,1,zai-org/GLM-4.5-Air,1,0,1,1,neutral,0.0,9.5,0.0
2026-07-17 03:14:05,L-J01_m-glm-4.5-air_sol1_gd1_rs0_bd1_str-neutral_t00_n1,25,2,1,zai-org/GLM-4.5-Air,1,0,1,1,neutral,0.0,7.5,0.0
2026-07-17 03:14:09,L-J01_m-glm-4.5-air_sol1_gd1_rs0_bd1_str-neutral_t00_n1,25,3,1,zai-org/GLM-4.5-Air,1,0,1,1,neutral,0.0,10.5,0.0
2026-07-17 03:14:15,L-J01_m-glm-4.5-air_sol1_gd1_rs0_bd1_str-neutral_t00_n1,26,1,1,zai-org/GLM-4.5-Air,1,0,1,1,neutral,0.0,7.5,0.0
2026-07-17 03:14:20,L-J01_m-glm-4.5-air_sol1_gd1_rs0_bd1_str-neutral_t00_n1,26,2,1,zai-org/GLM-4.5-Air,1,0,1,1,neutral,0.0,7.5,0.0
2026-07-17 03:14:24,L-J01_m-glm-4.5-air_sol1_gd1_rs0_bd1_str-neutral_t00_n1,26,3,1,zai-org/GLM-4.5-Air,1,0,1,1,neutral,0.0,8.5,0.0
2026-07-17 03:14:30,L-J01_m-glm-4.5-air_sol1_gd1_rs0_bd1_str-neutral_t00_n1,27,1,1,zai-org/GLM-4.5-Air,1,0,1,1,neutral,0.0,10.5,0.0
2026-07-17 03:14:35,L-J01_m-glm-4.5-air_sol1_gd1_rs0_bd1_str-neutral_t00_n1,27,2,1,zai-org/GLM-4.5-Air,1,0,1,1,neutral,0.0,9.5,0.0
2026-07-17 03:14:40,L-J01_m-glm-4.5-air_sol1_gd1_rs0_bd1_str-neutral_t00_n1,27,3,1,zai-org/GLM-4.5-Air,1,0,1,1,neutral,0.0,9.5,0.0
2026-07-17 03:14:42,L-J01_m-glm-4.5-air_sol1_gd1_rs0_bd1_str-neutral_t00_n1,27,4,1,zai-org/GLM-4.5-Air,1,0,1,1,neutral,0.0,0.0,0.0
2026-07-17 03:14:48,L-J01_m-glm-4.5-air_sol1_gd1_rs0_bd1_str-neutral_t00_n1,28,1,1,zai-org/GLM-4.5-Air,1,0,1,1,neutral,0.0,9.5,4.0
2026-07-17 03:14:54,L-J01_m-glm-4.5-air_sol1_gd1_rs0_bd1_str-neutral_t00_n1,28,2,1,zai-org/GLM-4.5-Air,1,0,1,1,neutral,0.0,5.5,0.0
2026-07-17 03:14:58,L-J01_m-glm-4.5-air_sol1_gd1_rs0_bd1_str-neutral_t00_n1,28,3,1,zai-org/GLM-4.5-Air,1,0,1,1,neutral,0.0,7.5,0.0
2026-07-17 03:15:04,L-J01_m-glm-4.5-air_sol1_gd1_rs0_bd1_str-neutral_t00_n1,29,1,1,zai-org/GLM-4.5-Air,1,0,1,1,neutral,0.0,7.5,0.0
2026-07-17 03:15:09,L-J01_m-glm-4.5-air_sol1_gd1_rs0_bd1_str-neutral_t00_n1,29,2,1,zai-org/GLM-4.5-Air,1,0,1,1,neutral,0.0,7.5,0.0
2026-07-17 03:15:14,L-J01_m-glm-4.5-air_sol1_gd1_rs0_bd1_str-neutral_t00_n1,29,3,1,zai-org/GLM-4.5-Air,1,0,1,1,neutral,0.0,10.5,0.0
2026-07-17 03:15:16,L-J01_m-glm-4.5-air_sol1_gd1_rs0_bd1_str-neutral_t00_n1,29,4,1,zai-org/GLM-4.5-Air,1,0,1,1,neutral,0.0,0.0,0.0
2026-07-17 03:15:22,L-J01_m-glm-4.5-air_sol1_gd1_rs0_bd1_str-neutral_t00_n1,30,1,1,zai-org/GLM-4.5-Air,1,0,1,1,neutral,0.0,1.5,0.0
2026-07-17 03:15:33,L-J01_m-glm-4.5-air_sol1_gd1_rs0_bd1_str-neutral_t00_n1,30,2,1,zai-org/GLM-4.5-Air,1,0,1,1,neutral,0.0,0.0,0.0
2026-07-17 03:15:37,L-J01_m-glm-4.5-air_sol1_gd1_rs0_bd1_str-neutral_t00_n1,30,3,1,zai-org/GLM-4.5-Air,1,0,1,1,neutral,0.0,5.5,0.0
2026-07-17 03:15:43,L-J01_m-glm-4.5-air_sol1_gd1_rs0_bd1_str-neutral_t00_n1,31,1,1,zai-org/GLM-4.5-Air,1,0,1,1,neutral,0.0,0.0,0.0
2026-07-17 03:15:52,L-J01_m-glm-4.5-air_sol1_gd1_rs0_bd1_str-neutral_t00_n1,31,2,1,zai-org/GLM-4.5-Air,1,0,1,1,neutral,0.0,0.0,0.0
2026-07-17 03:15:56,L-J01_m-glm-4.5-air_sol1_gd1_rs0_bd1_str-neutral_t00_n1,31,3,1,zai-org/GLM-4.5-Air,1,0,1,1,neutral,0.0,3.5,0.0
2026-07-17 03:15:59,L-J01_m-glm-4.5-air_sol1_gd1_rs0_bd1_str-neutral_t00_n1,31,4,1,zai-org/GLM-4.5-Air,1,0,1,1,neutral,0.0,0.0,0.0
2026-07-17 03:16:04,L-J01_m-glm-4.5-air_sol1_gd1_rs0_bd1_str-neutral_t00_n1,32,1,1,zai-org/GLM-4.5-Air,1,0,1,1,neutral,0.0,9.5,0.0
2026-07-17 03:16:09,L-J01_m-glm-4.5-air_sol1_gd1_rs0_bd1_str-neutral_t00_n1,32,2,1,zai-org/GLM-4.5-Air,1,0,1,1,neutral,0.0,7.5,0.0
2026-07-17 03:16:14,L-J01_m-glm-4.5-air_sol1_gd1_rs0_bd1_str-neutral_t00_n1,32,3,1,zai-org/GLM-4.5-Air,1,0,1,1,neutral,0.0,10.5,0.0
2026-07-17 03:16:16,L-J01_m-glm-4.5-air_sol1_gd1_rs0_bd1_str-neutral_t00_n1,32,4,1,zai-org/GLM-4.5-Air,1,0,1,1,neutral,0.0,0.0,0.0
2026-07-17 03:16:22,L-J01_m-glm-4.5-air_sol1_gd1_rs0_bd1_str-neutral_t00_n1,33,1,1,zai-org/GLM-4.5-Air,1,0,1,1,neutral,0.0,1.5,0.0
2026-07-17 03:16:27,L-J01_m-glm-4.5-air_sol1_gd1_rs0_bd1_str-neutral_t00_n1,33,2,1,zai-org/GLM-4.5-Air,1,0,1,1,neutral,0.0,3.5,0.0
2026-07-17 03:16:32,L-J01_m-glm-4.5-air_sol1_gd1_rs0_bd1_str-neutral_t00_n1,33,3,1,zai-org/GLM-4.5-Air,1,0,1,1,neutral,0.0,3.5,0.0
2026-07-17 03:16:34,L-J01_m-glm-4.5-air_sol1_gd1_rs0_bd1_str-neutral_t00_n1,33,4,1,zai-org/GLM-4.5-Air,1,0,1,1,neutral,0.0,0.0,0.0
2026-07-17 03:16:40,L-J01_m-glm-4.5-air_sol1_gd1_rs0_bd1_str-neutral_t00_n1,34,1,1,zai-org/GLM-4.5-Air,1,0,1,1,neutral,0.0,8.5,0.0
2026-07-17 03:16:46,L-J01_m-glm-4.5-air_sol1_gd1_rs0_bd1_str-neutral_t00_n1,34,2,1,zai-org/GLM-4.5-Air,1,0,1,1,neutral,0.0,5.5,0.0
2026-07-17 03:16:50,L-J01_m-glm-4.5-air_sol1_gd1_rs0_bd1_str-neutral_t00_n1,34,3,1,zai-org/GLM-4.5-Air,1,0,1,1,neutral,0.0,1.5,0.0
2026-07-17 03:16:52,L-J01_m-glm-4.5-air_sol1_gd1_rs0_bd1_str-neutral_t00_n1,34,4,1,zai-org/GLM-4.5-Air,1,0,1,1,neutral,0.0,0.0,0.0
2026-07-17 03:16:58,L-J01_m-glm-4.5-air_sol1_gd1_rs0_bd1_str-neutral_t00_n1,35,1,1,zai-org/GLM-4.5-Air,1,0,1,1,neutral,0.0,0.0,0.0
2026-07-17 03:17:03,L-J01_m-glm-4.5-air_sol1_gd1_rs0_bd1_str-neutral_t00_n1,35,2,1,zai-org/GLM-4.5-Air,1,0,1,1,neutral,0.0,7.5,0.0
2026-07-17 03:17:07,L-J01_m-glm-4.5-air_sol1_gd1_rs0_bd1_str-neutral_t00_n1,35,3,1,zai-org/GLM-4.5-Air,1,0,1,1,neutral,0.0,7.5,0.0
2026-07-17 03:17:14,L-J01_m-glm-4.5-air_sol1_gd1_rs0_bd1_str-neutral_t00_n1,36,1,1,zai-org/GLM-4.5-Air,1,0,1,1,neutral,0.0,5.5,0.0
2026-07-17 03:17:19,L-J01_m-glm-4.5-air_sol1_gd1_rs0_bd1_str-neutral_t00_n1,36,2,1,zai-org/GLM-4.5-Air,1,0,1,1,neutral,0.0,5.5,0.0
2026-07-17 03:17:24,L-J01_m-glm-4.5-air_sol1_gd1_rs0_bd1_str-neutral_t00_n1,36,3,1,zai-org/GLM-4.5-Air,1,0,1,1,neutral,0.0,7.5,0.0
2026-07-17 03:17:30,L-J01_m-glm-4.5-air_sol1_gd1_rs0_bd1_str-neutral_t00_n1,37,1,1,zai-org/GLM-4.5-Air,1,0,1,1,neutral,0.0,5.5,0.0
2026-07-17 03:17:35,L-J01_m-glm-4.5-air_sol1_gd1_rs0_bd1_str-neutral_t00_n1,37,2,1,zai-org/GLM-4.5-Air,1,0,1,1,neutral,0.0,2.5,0.0
2026-07-17 03:17:40,L-J01_m-glm-4.5-air_sol1_gd1_rs0_bd1_str-neutral_t00_n1,37,3,1,zai-org/GLM-4.5-Air,1,0,1,1,neutral,0.0,1.5,0.0
2026-07-17 03:17:46,L-J01_m-glm-4.5-air_sol1_gd1_rs0_bd1_str-neutral_t00_n1,38,1,1,zai-org/GLM-4.5-Air,1,0,1,1,neutral,0.0,12.0,4.0
2026-07-17 03:17:51,L-J01_m-glm-4.5-air_sol1_gd1_rs0_bd1_str-neutral_t00_n1,38,2,1,zai-org/GLM-4.5-Air,1,0,1,1,neutral,0.0,8.5,0.0
2026-07-17 03:17:55,L-J01_m-glm-4.5-air_sol1_gd1_rs0_bd1_str-neutral_t00_n1,38,3,1,zai-org/GLM-4.5-Air,1,0,1,1,neutral,0.0,10.5,0.0
2026-07-17 03:18:01,L-J01_m-glm-4.5-air_sol1_gd1_rs0_bd1_str-neutral_t00_n1,39,1,1,zai-org/GLM-4.5-Air,1,0,1,1,neutral,0.0,11.5,4.0
2026-07-17 03:18:08,L-J01_m-glm-4.5-air_sol1_gd1_rs0_bd1_str-neutral_t00_n1,39,2,1,zai-org/GLM-4.5-Air,1,0,1,1,neutral,0.0,10.5,4.0
2026-07-17 03:18:12,L-J01_m-glm-4.5-air_sol1_gd1_rs0_bd1_str-neutral_t00_n1,39,3,1,zai-org/GLM-4.5-Air,1,0,1,1,neutral,0.0,10.5,0.0
2026-07-17 03:18:14,L-J01_m-glm-4.5-air_sol1_gd1_rs0_bd1_str-neutral_t00_n1,39,4,1,zai-org/GLM-4.5-Air,1,0,1,1,neutral,0.0,0.0,5.0
2026-07-17 03:18:20,L-J01_m-glm-4.5-air_sol1_gd1_rs0_bd1_str-neutral_t00_n1,40,1,1,zai-org/GLM-4.5-Air,1,0,1,1,neutral,0.0,7.5,0.0
2026-07-17 03:18:26,L-J01_m-glm-4.5-air_sol1_gd1_rs0_bd1_str-neutral_t00_n1,40,2,1,zai-org/GLM-4.5-Air,1,0,1,1,neutral,0.0,8.5,0.0
2026-07-17 03:18:30,L-J01_m-glm-4.5-air_sol1_gd1_rs0_bd1_str-neutral_t00_n1,40,3,1,zai-org/GLM-4.5-Air,1,0,1,1,neutral,0.0,7.5,0.0
2026-07-17 03:18:33,L-J01_m-glm-4.5-air_sol1_gd1_rs0_bd1_str-neutral_t00_n1,40,4,1,zai-org/GLM-4.5-Air,1,0,1,1,neutral,0.0,0.0,0.0
2026-07-17 03:18:38,L-J01_m-glm-4.5-air_sol1_gd1_rs0_bd1_str-neutral_t00_n1,41,1,1,zai-org/GLM-4.5-Air,1,0,1,1,neutral,0.0,8.5,0.0
2026-07-17 03:18:43,L-J01_m-glm-4.5-air_sol1_gd1_rs0_bd1_str-neutral_t00_n1,41,2,1,zai-org/GLM-4.5-Air,1,0,1,1,neutral,0.0,9.5,0.0
2026-07-17 03:18:47,L-J01_m-glm-4.5-air_sol1_gd1_rs0_bd1_str-neutral_t00_n1,41,3,1,zai-org/GLM-4.5-Air,1,0,1,1,neutral,0.0,10.5,0.0
2026-07-17 03:18:54,L-J01_m-glm-4.5-air_sol1_gd1_rs0_bd1_str-neutral_t00_n1,42,1,1,zai-org/GLM-4.5-Air,1,0,1,1,neutral,0.0,3.5,0.0
2026-07-17 03:18:59,L-J01_m-glm-4.5-air_sol1_gd1_rs0_bd1_str-neutral_t00_n1,42,2,1,zai-org/GLM-4.5-Air,1,0,1,1,neutral,0.0,7.5,0.0
2026-07-17 03:19:04,L-J01_m-glm-4.5-air_sol1_gd1_rs0_bd1_str-neutral_t00_n1,42,3,1,zai-org/GLM-4.5-Air,1,0,1,1,neutral,0.0,9.5,0.0
2026-07-17 03:19:10,L-J01_m-glm-4.5-air_sol1_gd1_rs0_bd1_str-neutral_t00_n1,43,1,1,zai-org/GLM-4.5-Air,1,0,1,1,neutral,0.0,7.5,0.0
2026-07-17 03:19:15,L-J01_m-glm-4.5-air_sol1_gd1_rs0_bd1_str-neutral_t00_n1,43,2,1,zai-org/GLM-4.5-Air,1,0,1,1,neutral,0.0,7.5,0.0
2026-07-17 03:19:19,L-J01_m-glm-4.5-air_sol1_gd1_rs0_bd1_str-neutral_t00_n1,43,3,1,zai-org/GLM-4.5-Air,1,0,1,1,neutral,0.0,7.5,0.0
2026-07-17 03:19:25,L-J01_m-glm-4.5-air_sol1_gd1_rs0_bd1_str-neutral_t00_n1,44,1,1,zai-org/GLM-4.5-Air,1,0,1,1,neutral,0.0,9.5,0.0
2026-07-17 03:19:31,L-J01_m-glm-4.5-air_sol1_gd1_rs0_bd1_str-neutral_t00_n1,44,2,1,zai-org/GLM-4.5-Air,1,0,1,1,neutral,0.0,10.5,0.0
2026-07-17 03:19:35,L-J01_m-glm-4.5-air_sol1_gd1_rs0_bd1_str-neutral_t00_n1,44,3,1,zai-org/GLM-4.5-Air,1,0,1,1,neutral,0.0,7.5,0.0
2026-07-17 03:19:41,L-J01_m-glm-4.5-air_sol1_gd1_rs0_bd1_str-neutral_t00_n1,45,1,1,zai-org/GLM-4.5-Air,1,0,1,1,neutral,0.0,5.5,0.0
2026-07-17 03:19:46,L-J01_m-glm-4.5-air_sol1_gd1_rs0_bd1_str-neutral_t00_n1,45,2,1,zai-org/GLM-4.5-Air,1,0,1,1,neutral,0.0,5.5,0.0
2026-07-17 03:19:51,L-J01_m-glm-4.5-air_sol1_gd1_rs0_bd1_str-neutral_t00_n1,45,3,1,zai-org/GLM-4.5-Air,1,0,1,1,neutral,0.0,3.5,0.0
2026-07-17 03:19:57,L-J01_m-glm-4.5-air_sol1_gd1_rs0_bd1_str-neutral_t00_n1,46,1,1,zai-org/GLM-4.5-Air,1,0,1,1,neutral,0.0,5.5,0.0
2026-07-17 03:20:02,L-J01_m-glm-4.5-air_sol1_gd1_rs0_bd1_str-neutral_t00_n1,46,2,1,zai-org/GLM-4.5-Air,1,0,1,1,neutral,0.0,7.5,0.0
2026-07-17 03:20:06,L-J01_m-glm-4.5-air_sol1_gd1_rs0_bd1_str-neutral_t00_n1,46,3,1,zai-org/GLM-4.5-Air,1,0,1,1,neutral,0.0,2.5,0.0
2026-07-17 03:20:12,L-J01_m-glm-4.5-air_sol1_gd1_rs0_bd1_str-neutral_t00_n1,47,1,1,zai-org/GLM-4.5-Air,1,0,1,1,neutral,0.0,11.5,0.0
2026-07-17 03:20:18,L-J01_m-glm-4.5-air_sol1_gd1_rs0_bd1_str-neutral_t00_n1,47,2,1,zai-org/GLM-4.5-Air,1,0,1,1,neutral,0.0,8.5,0.0
2026-07-17 03:20:22,L-J01_m-glm-4.5-air_sol1_gd1_rs0_bd1_str-neutral_t00_n1,47,3,1,zai-org/GLM-4.5-Air,1,0,1,1,neutral,0.0,0.0,0.0
2026-07-17 03:20:28,L-J01_m-glm-4.5-air_sol1_gd1_rs0_bd1_str-neutral_t00_n1,48,1,1,zai-org/GLM-4.5-Air,1,0,1,1,neutral,0.0,9.5,0.0
2026-07-17 03:20:33,L-J01_m-glm-4.5-air_sol1_gd1_rs0_bd1_str-neutral_t00_n1,48,2,1,zai-org/GLM-4.5-Air,1,0,1,1,neutral,0.0,2.5,0.0
2026-07-17 03:20:37,L-J01_m-glm-4.5-air_sol1_gd1_rs0_bd1_str-neutral_t00_n1,48,3,1,zai-org/GLM-4.5-Air,1,0,1,1,neutral,0.0,10.5,0.0
2026-07-17 03:20:43,L-J01_m-glm-4.5-air_sol1_gd1_rs0_bd1_str-neutral_t00_n1,49,1,1,zai-org/GLM-4.5-Air,1,0,1,1,neutral,0.0,5.5,0.0
2026-07-17 03:20:49,L-J01_m-glm-4.5-air_sol1_gd1_rs0_bd1_str-neutral_t00_n1,49,2,1,zai-org/GLM-4.5-Air,1,0,1,1,neutral,0.0,0.0,0.0
2026-07-17 03:20:54,L-J01_m-glm-4.5-air_sol1_gd1_rs0_bd1_str-neutral_t00_n1,49,3,1,zai-org/GLM-4.5-Air,1,0,1,1,neutral,0.0,4.5,0.0
2026-07-17 03:21:00,L-J01_m-glm-4.5-air_sol1_gd1_rs0_bd1_str-neutral_t00_n1,50,1,1,zai-org/GLM-4.5-Air,1,0,1,1,neutral,0.0,5.5,0.0
2026-07-17 03:21:05,L-J01_m-glm-4.5-air_sol1_gd1_rs0_bd1_str-neutral_t00_n1,50,2,1,zai-org/GLM-4.5-Air,1,0,1,1,neutral,0.0,5.5,0.0
2026-07-17 03:21:09,L-J01_m-glm-4.5-air_sol1_gd1_rs0_bd1_str-neutral_t00_n1,50,3,1,zai-org/GLM-4.5-Air,1,0,1,1,neutral,0.0,9.5,0.0
2026-07-17 03:21:15,L-J01_m-glm-4.5-air_sol1_gd1_rs0_bd1_str-neutral_t00_n1,51,1,1,zai-org/GLM-4.5-Air,1,0,1,1,neutral,0.0,8.5,0.0
2026-07-17 03:21:21,L-J01_m-glm-4.5-air_sol1_gd1_rs0_bd1_str-neutral_t00_n1,51,2,1,zai-org/GLM-4.5-Air,1,0,1,1,neutral,0.0,7.5,0.0
2026-07-17 03:21:25,L-J01_m-glm-4.5-air_sol1_gd1_rs0_bd1_str-neutral_t00_n1,51,3,1,zai-org/GLM-4.5-Air,1,0,1,1,neutral,0.0,9.5,0.0
2026-07-17 03:21:31,L-J01_m-glm-4.5-air_sol1_gd1_rs0_bd1_str-neutral_t00_n1,52,1,1,zai-org/GLM-4.5-Air,1,0,1,1,neutral,0.0,5.5,0.0
2026-07-17 03:21:36,L-J01_m-glm-4.5-air_sol1_gd1_rs0_bd1_str-neutral_t00_n1,52,2,1,zai-org/GLM-4.5-Air,1,0,1,1,neutral,0.0,5.5,0.0
2026-07-17 03:21:41,L-J01_m-glm-4.5-air_sol1_gd1_rs0_bd1_str-neutral_t00_n1,52,3,1,zai-org/GLM-4.5-Air,1,0,1,1,neutral,0.0,5.5,0.0
2026-07-17 03:21:48,L-J01_m-glm-4.5-air_sol1_gd1_rs0_bd1_str-neutral_t00_n1,53,1,1,zai-org/GLM-4.5-Air,1,0,1,1,neutral,0.0,0.0,0.0
2026-07-17 03:21:54,L-J01_m-glm-4.5-air_sol1_gd1_rs0_bd1_str-neutral_t00_n1,53,2,1,zai-org/GLM-4.5-Air,1,0,1,1,neutral,0.0,8.5,0.0
2026-07-17 03:21:58,L-J01_m-glm-4.5-air_sol1_gd1_rs0_bd1_str-neutral_t00_n1,53,3,1,zai-org/GLM-4.5-Air,1,0,1,1,neutral,0.0,3.5,0.0
2026-07-17 03:22:04,L-J01_m-glm-4.5-air_sol1_gd1_rs0_bd1_str-neutral_t00_n1,54,1,1,zai-org/GLM-4.5-Air,1,0,1,1,neutral,0.0,9.5,0.0
2026-07-17 03:22:09,L-J01_m-glm-4.5-air_sol1_gd1_rs0_bd1_str-neutral_t00_n1,54,2,1,zai-org/GLM-4.5-Air,1,0,1,1,neutral,0.0,7.5,0.0
2026-07-17 03:22:13,L-J01_m-glm-4.5-air_sol1_gd1_rs0_bd1_str-neutral_t00_n1,54,3,1,zai-org/GLM-4.5-Air,1,0,1,1,neutral,0.0,9.5,0.0
2026-07-17 03:22:19,L-J01_m-glm-4.5-air_sol1_gd1_rs0_bd1_str-neutral_t00_n1,55,1,1,zai-org/GLM-4.5-Air,1,0,1,1,neutral,0.0,10.5,0.0
2026-07-17 03:22:24,L-J01_m-glm-4.5-air_sol1_gd1_rs0_bd1_str-neutral_t00_n1,55,2,1,zai-org/GLM-4.5-Air,1,0,1,1,neutral,0.0,7.5,0.0
2026-07-17 03:22:28,L-J01_m-glm-4.5-air_sol1_gd1_rs0_bd1_str-neutral_t00_n1,55,3,1,zai-org/GLM-4.5-Air,1,0,1,1,neutral,0.0,10.5,0.0
2026-07-17 03:22:34,L-J01_m-glm-4.5-air_sol1_gd1_rs0_bd1_str-neutral_t00_n1,56,1,1,zai-org/GLM-4.5-Air,1,0,1,1,neutral,0.0,1.5,0.0
2026-07-17 03:22:39,L-J01_m-glm-4.5-air_sol1_gd1_rs0_bd1_str-neutral_t00_n1,56,2,1,zai-org/GLM-4.5-Air,1,0,1,1,neutral,0.0,5.5,0.0
2026-07-17 03:22:44,L-J01_m-glm-4.5-air_sol1_gd1_rs0_bd1_str-neutral_t00_n1,56,3,1,zai-org/GLM-4.5-Air,1,0,1,1,neutral,0.0,5.5,0.0
2026-07-17 03:22:50,L-J01_m-glm-4.5-air_sol1_gd1_rs0_bd1_str-neutral_t00_n1,57,1,1,zai-org/GLM-4.5-Air,1,0,1,1,neutral,0.0,5.5,0.0
2026-07-17 03:22:55,L-J01_m-glm-4.5-air_sol1_gd1_rs0_bd1_str-neutral_t00_n1,57,2,1,zai-org/GLM-4.5-Air,1,0,1,1,neutral,0.0,5.5,0.0
2026-07-17 03:23:00,L-J01_m-glm-4.5-air_sol1_gd1_rs0_bd1_str-neutral_t00_n1,57,3,1,zai-org/GLM-4.5-Air,1,0,1,1,neutral,0.0,7.5,0.0
2026-07-17 03:23:06,L-J01_m-glm-4.5-air_sol1_gd1_rs0_bd1_str-neutral_t00_n1,58,1,1,zai-org/GLM-4.5-Air,1,0,1,1,neutral,0.0,11.5,0.0
2026-07-17 03:23:11,L-J01_m-glm-4.5-air_sol1_gd1_rs0_bd1_str-neutral_t00_n1,58,2,1,zai-org/GLM-4.5-Air,1,0,1,1,neutral,0.0,8.5,0.0
2026-07-17 03:23:16,L-J01_m-glm-4.5-air_sol1_gd1_rs0_bd1_str-neutral_t00_n1,58,3,1,zai-org/GLM-4.5-Air,1,0,1,1,neutral,0.0,5.5,0.0
2026-07-17 03:23:21,L-J01_m-glm-4.5-air_sol1_gd1_rs0_bd1_str-neutral_t00_n1,59,1,1,zai-org/GLM-4.5-Air,1,0,1,1,neutral,0.0,9.5,0.0
2026-07-17 03:23:26,L-J01_m-glm-4.5-air_sol1_gd1_rs0_bd1_str-neutral_t00_n1,59,2,1,zai-org/GLM-4.5-Air,1,0,1,1,neutral,0.0,7.5,0.0
2026-07-17 03:23:31,L-J01_m-glm-4.5-air_sol1_gd1_rs0_bd1_str-neutral_t00_n1,59,3,1,zai-org/GLM-4.5-Air,1,0,1,1,neutral,0.0,0.0,0.0
2026-07-17 03:23:33,L-J01_m-glm-4.5-air_sol1_gd1_rs0_bd1_str-neutral_t00_n1,59,4,1,zai-org/GLM-4.5-Air,1,0,1,1,neutral,0.0,0.0,0.0
2026-07-17 03:23:39,L-J01_m-glm-4.5-air_sol1_gd1_rs0_bd1_str-neutral_t00_n1,60,1,1,zai-org/GLM-4.5-Air,1,0,1,1,neutral,0.0,7.5,0.0
2026-07-17 03:23:47,L-J01_m-glm-4.5-air_sol1_gd1_rs0_bd1_str-neutral_t00_n1,60,2,1,zai-org/GLM-4.5-Air,1,0,1,1,neutral,0.0,0.0,0.0
2026-07-17 03:23:52,L-J01_m-glm-4.5-air_sol1_gd1_rs0_bd1_str-neutral_t00_n1,60,3,1,zai-org/GLM-4.5-Air,1,0,1,1,neutral,0.0,5.5,0.0
2026-07-17 03:23:57,L-J01_m-glm-4.5-air_sol1_gd1_rs0_bd1_str-neutral_t00_n1,61,1,1,zai-org/GLM-4.5-Air,1,0,1,1,neutral,0.0,8.5,0.0
2026-07-17 03:24:03,L-J01_m-glm-4.5-air_sol1_gd1_rs0_bd1_str-neutral_t00_n1,61,2,1,zai-org/GLM-4.5-Air,1,0,1,1,neutral,0.0,8.5,0.0
2026-07-17 03:24:07,L-J01_m-glm-4.5-air_sol1_gd1_rs0_bd1_str-neutral_t00_n1,61,3,1,zai-org/GLM-4.5-Air,1,0,1,1,neutral,0.0,7.5,0.0
2026-07-17 03:24:10,L-J01_m-glm-4.5-air_sol1_gd1_rs0_bd1_str-neutral_t00_n1,61,4,1,zai-org/GLM-4.5-Air,1,0,1,1,neutral,0.0,0.0,0.0
2026-07-17 03:24:15,L-J01_m-glm-4.5-air_sol1_gd1_rs0_bd1_str-neutral_t00_n1,62,1,1,zai-org/GLM-4.5-Air,1,0,1,1,neutral,0.0,9.5,0.0
2026-07-17 03:24:21,L-J01_m-glm-4.5-air_sol1_gd1_rs0_bd1_str-neutral_t00_n1,62,2,1,zai-org/GLM-4.5-Air,1,0,1,1,neutral,0.0,8.5,0.0
2026-07-17 03:24:25,L-J01_m-glm-4.5-air_sol1_gd1_rs0_bd1_str-neutral_t00_n1,62,3,1,zai-org/GLM-4.5-Air,1,0,1,1,neutral,0.0,10.5,0.0
2026-07-17 03:24:28,L-J01_m-glm-4.5-air_sol1_gd1_rs0_bd1_str-neutral_t00_n1,62,4,1,zai-org/GLM-4.5-Air,1,0,1,1,neutral,0.0,0.0,0.0
2026-07-17 03:24:34,L-J01_m-glm-4.5-air_sol1_gd1_rs0_bd1_str-neutral_t00_n1,63,1,1,zai-org/GLM-4.5-Air,1,0,1,1,neutral,0.0,3.5,0.0
2026-07-17 03:24:39,L-J01_m-glm-4.5-air_sol1_gd1_rs0_bd1_str-neutral_t00_n1,63,2,1,zai-org/GLM-4.5-Air,1,0,1,1,neutral,0.0,8.5,0.0
2026-07-17 03:24:43,L-J01_m-glm-4.5-air_sol1_gd1_rs0_bd1_str-neutral_t00_n1,63,3,1,zai-org/GLM-4.5-Air,1,0,1,1,neutral,0.0,10.5,0.0
2026-07-17 03:24:49,L-J01_m-glm-4.5-air_sol1_gd1_rs0_bd1_str-neutral_t00_n1,64,1,1,zai-org/GLM-4.5-Air,1,0,1,1,neutral,0.0,7.5,0.0
2026-07-17 03:24:55,L-J01_m-glm-4.5-air_sol1_gd1_rs0_bd1_str-neutral_t00_n1,64,2,1,zai-org/GLM-4.5-Air,1,0,1,1,neutral,0.0,5.5,0.0
2026-07-17 03:24:59,L-J01_m-glm-4.5-air_sol1_gd1_rs0_bd1_str-neutral_t00_n1,64,3,1,zai-org/GLM-4.5-Air,1,0,1,1,neutral,0.0,3.5,0.0
2026-07-17 03:25:06,L-J01_m-glm-4.5-air_sol1_gd1_rs0_bd1_str-neutral_t00_n1,65,1,1,zai-org/GLM-4.5-Air,1,0,1,1,neutral,0.0,5.5,0.0
2026-07-17 03:25:11,L-J01_m-glm-4.5-air_sol1_gd1_rs0_bd1_str-neutral_t00_n1,65,2,1,zai-org/GLM-4.5-Air,1,0,1,1,neutral,0.0,8.5,0.0
2026-07-17 03:25:15,L-J01_m-glm-4.5-air_sol1_gd1_rs0_bd1_str-neutral_t00_n1,65,3,1,zai-org/GLM-4.5-Air,1,0,1,1,neutral,0.0,10.5,0.0
2026-07-17 03:25:20,L-J01_m-glm-4.5-air_sol1_gd1_rs0_bd1_str-neutral_t00_n1,66,1,1,zai-org/GLM-4.5-Air,1,0,1,1,neutral,0.0,9.5,0.0
2026-07-17 03:25:26,L-J01_m-glm-4.5-air_sol1_gd1_rs0_bd1_str-neutral_t00_n1,66,2,1,zai-org/GLM-4.5-Air,1,0,1,1,neutral,0.0,7.5,0.0
2026-07-17 03:25:30,L-J01_m-glm-4.5-air_sol1_gd1_rs0_bd1_str-neutral_t00_n1,66,3,1,zai-org/GLM-4.5-Air,1,0,1,1,neutral,0.0,0.0,0.0
2026-07-17 03:25:36,L-J01_m-glm-4.5-air_sol1_gd1_rs0_bd1_str-neutral_t00_n1,67,1,1,zai-org/GLM-4.5-Air,1,0,1,1,neutral,0.0,5.5,0.0
2026-07-17 03:25:41,L-J01_m-glm-4.5-air_sol1_gd1_rs0_bd1_str-neutral_t00_n1,67,2,1,zai-org/GLM-4.5-Air,1,0,1,1,neutral,0.0,5.5,0.0
2026-07-17 03:25:45,L-J01_m-glm-4.5-air_sol1_gd1_rs0_bd1_str-neutral_t00_n1,67,3,1,zai-org/GLM-4.5-Air,1,0,1,1,neutral,0.0,10.5,0.0
2026-07-17 03:25:52,L-J01_m-glm-4.5-air_sol1_gd1_rs0_bd1_str-neutral_t00_n1,68,1,1,zai-org/GLM-4.5-Air,1,0,1,1,neutral,0.0,7.5,0.0
2026-07-17 03:25:57,L-J01_m-glm-4.5-air_sol1_gd1_rs0_bd1_str-neutral_t00_n1,68,2,1,zai-org/GLM-4.5-Air,1,0,1,1,neutral,0.0,8.5,0.0
2026-07-17 03:26:01,L-J01_m-glm-4.5-air_sol1_gd1_rs0_bd1_str-neutral_t00_n1,68,3,1,zai-org/GLM-4.5-Air,1,0,1,1,neutral,0.0,7.5,0.0
2026-07-17 03:26:07,L-J01_m-glm-4.5-air_sol1_gd1_rs0_bd1_str-neutral_t00_n1,69,1,1,zai-org/GLM-4.5-Air,1,0,1,1,neutral,0.0,10.5,0.0
2026-07-17 03:26:12,L-J01_m-glm-4.5-air_sol1_gd1_rs0_bd1_str-neutral_t00_n1,69,2,1,zai-org/GLM-4.5-Air,1,0,1,1,neutral,0.0,8.5,0.0
2026-07-17 03:26:17,L-J01_m-glm-4.5-air_sol1_gd1_rs0_bd1_str-neutral_t00_n1,69,3,1,zai-org/GLM-4.5-Air,1,0,1,1,neutral,0.0,10.5,0.0
2026-07-17 03:26:23,L-J01_m-glm-4.5-air_sol1_gd1_rs0_bd1_str-neutral_t00_n1,70,1,1,zai-org/GLM-4.5-Air,1,0,1,1,neutral,0.0,5.5,0.0
2026-07-17 03:26:28,L-J01_m-glm-4.5-air_sol1_gd1_rs0_bd1_str-neutral_t00_n1,70,2,1,zai-org/GLM-4.5-Air,1,0,1,1,neutral,0.0,8.5,0.0
2026-07-17 03:26:33,L-J01_m-glm-4.5-air_sol1_gd1_rs0_bd1_str-neutral_t00_n1,70,3,1,zai-org/GLM-4.5-Air,1,0,1,1,neutral,0.0,5.5,0.0
2026-07-17 03:26:39,L-J01_m-glm-4.5-air_sol1_gd1_rs0_bd1_str-neutral_t00_n1,71,1,1,zai-org/GLM-4.5-Air,1,0,1,1,neutral,0.0,9.5,0.0
2026-07-17 03:26:44,L-J01_m-glm-4.5-air_sol1_gd1_rs0_bd1_str-neutral_t00_n1,71,2,1,zai-org/GLM-4.5-Air,1,0,1,1,neutral,0.0,7.5,0.0
2026-07-17 03:26:48,L-J01_m-glm-4.5-air_sol1_gd1_rs0_bd1_str-neutral_t00_n1,71,3,1,zai-org/GLM-4.5-Air,1,0,1,1,neutral,0.0,10.5,0.0
2026-07-17 03:26:50,L-J01_m-glm-4.5-air_sol1_gd1_rs0_bd1_str-neutral_t00_n1,71,4,1,zai-org/GLM-4.5-Air,1,0,1,1,neutral,0.0,0.0,0.0
2026-07-17 03:26:56,L-J01_m-glm-4.5-air_sol1_gd1_rs0_bd1_str-neutral_t00_n1,72,1,1,zai-org/GLM-4.5-Air,1,0,1,1,neutral,0.0,7.5,0.0
2026-07-17 03:27:01,L-J01_m-glm-4.5-air_sol1_gd1_rs0_bd1_str-neutral_t00_n1,72,2,1,zai-org/GLM-4.5-Air,1,0,1,1,neutral,0.0,8.5,0.0
2026-07-17 03:27:06,L-J01_m-glm-4.5-air_sol1_gd1_rs0_bd1_str-neutral_t00_n1,72,3,1,zai-org/GLM-4.5-Air,1,0,1,1,neutral,0.0,5.5,0.0
2026-07-17 03:27:12,L-J01_m-glm-4.5-air_sol1_gd1_rs0_bd1_str-neutral_t00_n1,73,1,1,zai-org/GLM-4.5-Air,1,0,1,1,neutral,0.0,5.5,0.0
2026-07-17 03:27:18,L-J01_m-glm-4.5-air_sol1_gd1_rs0_bd1_str-neutral_t00_n1,73,2,1,zai-org/GLM-4.5-Air,1,0,1,1,neutral,0.0,4.5,0.0
2026-07-17 03:27:23,L-J01_m-glm-4.5-air_sol1_gd1_rs0_bd1_str-neutral_t00_n1,73,3,1,zai-org/GLM-4.5-Air,1,0,1,1,neutral,0.0,4.5,0.0
2026-07-17 03:27:29,L-J01_m-glm-4.5-air_sol1_gd1_rs0_bd1_str-neutral_t00_n1,74,1,1,zai-org/GLM-4.5-Air,1,0,1,1,neutral,0.0,0.0,0.0
2026-07-17 03:27:34,L-J01_m-glm-4.5-air_sol1_gd1_rs0_bd1_str-neutral_t00_n1,74,2,1,zai-org/GLM-4.5-Air,1,0,1,1,neutral,0.0,5.5,0.0
2026-07-17 03:27:39,L-J01_m-glm-4.5-air_sol1_gd1_rs0_bd1_str-neutral_t00_n1,74,3,1,zai-org/GLM-4.5-Air,1,0,1,1,neutral,0.0,4.5,0.0
2026-07-17 03:27:41,L-J01_m-glm-4.5-air_sol1_gd1_rs0_bd1_str-neutral_t00_n1,74,4,1,zai-org/GLM-4.5-Air,1,0,1,1,neutral,0.0,0.0,5.0
2026-07-17 03:27:46,L-J01_m-glm-4.5-air_sol1_gd1_rs0_bd1_str-neutral_t00_n1,75,1,1,zai-org/GLM-4.5-Air,1,0,1,1,neutral,0.0,9.5,0.0
2026-07-17 03:27:52,L-J01_m-glm-4.5-air_sol1_gd1_rs0_bd1_str-neutral_t00_n1,75,2,1,zai-org/GLM-4.5-Air,1,0,1,1,neutral,0.0,10.5,4.0
2026-07-17 03:27:56,L-J01_m-glm-4.5-air_sol1_gd1_rs0_bd1_str-neutral_t00_n1,75,3,1,zai-org/GLM-4.5-Air,1,0,1,1,neutral,0.0,10.5,0.0
2026-07-17 03:28:02,L-J01_m-glm-4.5-air_sol1_gd1_rs0_bd1_str-neutral_t00_n1,76,1,1,zai-org/GLM-4.5-Air,1,0,1,1,neutral,0.0,11.5,4.0
2026-07-17 03:28:07,L-J01_m-glm-4.5-air_sol1_gd1_rs0_bd1_str-neutral_t00_n1,76,2,1,zai-org/GLM-4.5-Air,1,0,1,1,neutral,0.0,8.5,0.0
2026-07-17 03:28:11,L-J01_m-glm-4.5-air_sol1_gd1_rs0_bd1_str-neutral_t00_n1,76,3,1,zai-org/GLM-4.5-Air,1,0,1,1,neutral,0.0,9.5,0.0
2026-07-17 03:28:14,L-J01_m-glm-4.5-air_sol1_gd1_rs0_bd1_str-neutral_t00_n1,76,4,1,zai-org/GLM-4.5-Air,1,0,1,1,neutral,0.0,0.0,5.0
2026-07-17 03:28:20,L-J01_m-glm-4.5-air_sol1_gd1_rs0_bd1_str-neutral_t00_n1,77,1,1,zai-org/GLM-4.5-Air,1,0,1,1,neutral,0.0,8.5,0.0
2026-07-17 03:28:25,L-J01_m-glm-4.5-air_sol1_gd1_rs0_bd1_str-neutral_t00_n1,77,2,1,zai-org/GLM-4.5-Air,1,0,1,1,neutral,0.0,7.5,0.0
2026-07-17 03:28:29,L-J01_m-glm-4.5-air_sol1_gd1_rs0_bd1_str-neutral_t00_n1,77,3,1,zai-org/GLM-4.5-Air,1,0,1,1,neutral,0.0,9.5,0.0
2026-07-17 03:28:35,L-J01_m-glm-4.5-air_sol1_gd1_rs0_bd1_str-neutral_t00_n1,78,1,1,zai-org/GLM-4.5-Air,1,0,1,1,neutral,0.0,7.5,0.0
2026-07-17 03:28:41,L-J01_m-glm-4.5-air_sol1_gd1_rs0_bd1_str-neutral_t00_n1,78,2,1,zai-org/GLM-4.5-Air,1,0,1,1,neutral,0.0,5.5,0.0
2026-07-17 03:28:45,L-J01_m-glm-4.5-air_sol1_gd1_rs0_bd1_str-neutral_t00_n1,78,3,1,zai-org/GLM-4.5-Air,1,0,1,1,neutral,0.0,7.5,0.0
2026-07-17 03:28:51,L-J01_m-glm-4.5-air_sol1_gd1_rs0_bd1_str-neutral_t00_n1,79,1,1,zai-org/GLM-4.5-Air,1,0,1,1,neutral,0.0,10.5,0.0
2026-07-17 03:28:58,L-J01_m-glm-4.5-air_sol1_gd1_rs0_bd1_str-neutral_t00_n1,79,2,1,zai-org/GLM-4.5-Air,1,0,1,1,neutral,0.0,10.5,3.0
2026-07-17 03:29:02,L-J01_m-glm-4.5-air_sol1_gd1_rs0_bd1_str-neutral_t00_n1,79,3,1,zai-org/GLM-4.5-Air,1,0,1,1,neutral,0.0,10.5,0.0
2026-07-17 03:29:04,L-J01_m-glm-4.5-air_sol1_gd1_rs0_bd1_str-neutral_t00_n1,79,4,1,zai-org/GLM-4.5-Air,1,0,1,1,neutral,0.0,0.0,5.0
2026-07-17 03:29:10,L-J01_m-glm-4.5-air_sol1_gd1_rs0_bd1_str-neutral_t00_n1,80,1,1,zai-org/GLM-4.5-Air,1,0,1,1,neutral,0.0,11.5,4.0
2026-07-17 03:29:15,L-J01_m-glm-4.5-air_sol1_gd1_rs0_bd1_str-neutral_t00_n1,80,2,1,zai-org/GLM-4.5-Air,1,0,1,1,neutral,0.0,8.5,0.0
2026-07-17 03:29:19,L-J01_m-glm-4.5-air_sol1_gd1_rs0_bd1_str-neutral_t00_n1,80,3,1,zai-org/GLM-4.5-Air,1,0,1,1,neutral,0.0,12.0,0.0
2026-07-17 03:29:22,L-J01_m-glm-4.5-air_sol1_gd1_rs0_bd1_str-neutral_t00_n1,80,4,1,zai-org/GLM-4.5-Air,1,0,1,1,neutral,0.0,0.0,5.0
2026-07-17 03:29:27,L-J01_m-glm-4.5-air_sol1_gd1_rs0_bd1_str-neutral_t00_n1,81,1,1,zai-org/GLM-4.5-Air,1,0,1,1,neutral,0.0,10.5,0.0
2026-07-17 03:29:33,L-J01_m-glm-4.5-air_sol1_gd1_rs0_bd1_str-neutral_t00_n1,81,2,1,zai-org/GLM-4.5-Air,1,0,1,1,neutral,0.0,8.5,0.0
2026-07-17 03:29:37,L-J01_m-glm-4.5-air_sol1_gd1_rs0_bd1_str-neutral_t00_n1,81,3,1,zai-org/GLM-4.5-Air,1,0,1,1,neutral,0.0,9.5,0.0
2026-07-17 03:29:39,L-J01_m-glm-4.5-air_sol1_gd1_rs0_bd1_str-neutral_t00_n1,81,4,1,zai-org/GLM-4.5-Air,1,0,1,1,neutral,0.0,0.0,0.0
2026-07-17 03:29:45,L-J01_m-glm-4.5-air_sol1_gd1_rs0_bd1_str-neutral_t00_n1,82,1,1,zai-org/GLM-4.5-Air,1,0,1,1,neutral,0.0,9.5,0.0
2026-07-17 03:29:50,L-J01_m-glm-4.5-air_sol1_gd1_rs0_bd1_str-neutral_t00_n1,82,2,1,zai-org/GLM-4.5-Air,1,0,1,1,neutral,0.0,8.5,0.0
2026-07-17 03:29:54,L-J01_m-glm-4.5-air_sol1_gd1_rs0_bd1_str-neutral_t00_n1,82,3,1,zai-org/GLM-4.5-Air,1,0,1,1,neutral,0.0,10.5,0.0
2026-07-17 03:30:00,L-J01_m-glm-4.5-air_sol1_gd1_rs0_bd1_str-neutral_t00_n1,83,1,1,zai-org/GLM-4.5-Air,1,0,1,1,neutral,0.0,9.5,0.0
2026-07-17 03:30:05,L-J01_m-glm-4.5-air_sol1_gd1_rs0_bd1_str-neutral_t00_n1,83,2,1,zai-org/GLM-4.5-Air,1,0,1,1,neutral,0.0,8.5,0.0
2026-07-17 03:30:09,L-J01_m-glm-4.5-air_sol1_gd1_rs0_bd1_str-neutral_t00_n1,83,3,1,zai-org/GLM-4.5-Air,1,0,1,1,neutral,0.0,8.5,0.0
2026-07-17 03:30:12,L-J01_m-glm-4.5-air_sol1_gd1_rs0_bd1_str-neutral_t00_n1,83,4,1,zai-org/GLM-4.5-Air,1,0,1,1,neutral,0.0,0.0,0.0
2026-07-17 03:30:18,L-J01_m-glm-4.5-air_sol1_gd1_rs0_bd1_str-neutral_t00_n1,84,1,1,zai-org/GLM-4.5-Air,1,0,1,1,neutral,0.0,11.5,0.0
2026-07-17 03:30:23,L-J01_m-glm-4.5-air_sol1_gd1_rs0_bd1_str-neutral_t00_n1,84,2,1,zai-org/GLM-4.5-Air,1,0,1,1,neutral,0.0,7.5,0.0
2026-07-17 03:30:27,L-J01_m-glm-4.5-air_sol1_gd1_rs0_bd1_str-neutral_t00_n1,84,3,1,zai-org/GLM-4.5-Air,1,0,1,1,neutral,0.0,9.5,0.0
2026-07-17 03:30:30,L-J01_m-glm-4.5-air_sol1_gd1_rs0_bd1_str-neutral_t00_n1,84,4,1,zai-org/GLM-4.5-Air,1,0,1,1,neutral,0.0,0.0,5.0
2026-07-17 03:30:36,L-J01_m-glm-4.5-air_sol1_gd1_rs0_bd1_str-neutral_t00_n1,85,1,1,zai-org/GLM-4.5-Air,1,0,1,1,neutral,0.0,11.5,4.0
2026-07-17 03:30:42,L-J01_m-glm-4.5-air_sol1_gd1_rs0_bd1_str-neutral_t00_n1,85,2,1,zai-org/GLM-4.5-Air,1,0,1,1,neutral,0.0,10.5,3.0
2026-07-17 03:30:46,L-J01_m-glm-4.5-air_sol1_gd1_rs0_bd1_str-neutral_t00_n1,85,3,1,zai-org/GLM-4.5-Air,1,0,1,1,neutral,0.0,10.5,0.0
2026-07-17 03:30:52,L-J01_m-glm-4.5-air_sol1_gd1_rs0_bd1_str-neutral_t00_n1,86,1,1,zai-org/GLM-4.5-Air,1,0,1,1,neutral,0.0,9.5,0.0
2026-07-17 03:30:57,L-J01_m-glm-4.5-air_sol1_gd1_rs0_bd1_str-neutral_t00_n1,86,2,1,zai-org/GLM-4.5-Air,1,0,1,1,neutral,0.0,8.5,0.0
2026-07-17 03:31:01,L-J01_m-glm-4.5-air_sol1_gd1_rs0_bd1_str-neutral_t00_n1,86,3,1,zai-org/GLM-4.5-Air,1,0,1,1,neutral,0.0,9.5,0.0
2026-07-17 03:31:07,L-J01_m-glm-4.5-air_sol1_gd1_rs0_bd1_str-neutral_t00_n1,87,1,1,zai-org/GLM-4.5-Air,1,0,1,1,neutral,0.0,8.5,4.0
2026-07-17 03:31:12,L-J01_m-glm-4.5-air_sol1_gd1_rs0_bd1_str-neutral_t00_n1,87,2,1,zai-org/GLM-4.5-Air,1,0,1,1,neutral,0.0,9.5,0.0
2026-07-17 03:31:16,L-J01_m-glm-4.5-air_sol1_gd1_rs0_bd1_str-neutral_t00_n1,87,3,1,zai-org/GLM-4.5-Air,1,0,1,1,neutral,0.0,7.5,0.0
2026-07-17 03:31:19,L-J01_m-glm-4.5-air_sol1_gd1_rs0_bd1_str-neutral_t00_n1,87,4,1,zai-org/GLM-4.5-Air,1,0,1,1,neutral,0.0,0.0,5.0
2026-07-17 03:31:25,L-J01_m-glm-4.5-air_sol1_gd1_rs0_bd1_str-neutral_t00_n1,88,1,1,zai-org/GLM-4.5-Air,1,0,1,1,neutral,0.0,10.5,0.0
2026-07-17 03:31:30,L-J01_m-glm-4.5-air_sol1_gd1_rs0_bd1_str-neutral_t00_n1,88,2,1,zai-org/GLM-4.5-Air,1,0,1,1,neutral,0.0,8.5,0.0
2026-07-17 03:31:34,L-J01_m-glm-4.5-air_sol1_gd1_rs0_bd1_str-neutral_t00_n1,88,3,1,zai-org/GLM-4.5-Air,1,0,1,1,neutral,0.0,10.5,0.0
2026-07-17 03:31:40,L-J01_m-glm-4.5-air_sol1_gd1_rs0_bd1_str-neutral_t00_n1,89,1,1,zai-org/GLM-4.5-Air,1,0,1,1,neutral,0.0,5.5,0.0
2026-07-17 03:31:46,L-J01_m-glm-4.5-air_sol1_gd1_rs0_bd1_str-neutral_t00_n1,89,2,1,zai-org/GLM-4.5-Air,1,0,1,1,neutral,0.0,7.5,0.0
2026-07-17 03:31:50,L-J01_m-glm-4.5-air_sol1_gd1_rs0_bd1_str-neutral_t00_n1,89,3,1,zai-org/GLM-4.5-Air,1,0,1,1,neutral,0.0,7.5,0.0
2026-07-17 03:31:56,L-J01_m-glm-4.5-air_sol1_gd1_rs0_bd1_str-neutral_t00_n1,90,1,1,zai-org/GLM-4.5-Air,1,0,1,1,neutral,0.0,9.5,0.0
2026-07-17 03:32:01,L-J01_m-glm-4.5-air_sol1_gd1_rs0_bd1_str-neutral_t00_n1,90,2,1,zai-org/GLM-4.5-Air,1,0,1,1,neutral,0.0,7.5,0.0
2026-07-17 03:32:05,L-J01_m-glm-4.5-air_sol1_gd1_rs0_bd1_str-neutral_t00_n1,90,3,1,zai-org/GLM-4.5-Air,1,0,1,1,neutral,0.0,10.5,0.0
2026-07-17 03:32:08,L-J01_m-glm-4.5-air_sol1_gd1_rs0_bd1_str-neutral_t00_n1,90,4,1,zai-org/GLM-4.5-Air,1,0,1,1,neutral,0.0,0.0,0.0
2026-07-17 03:32:14,L-J01_m-glm-4.5-air_sol1_gd1_rs0_bd1_str-neutral_t00_n1,91,1,1,zai-org/GLM-4.5-Air,1,0,1,1,neutral,0.0,8.5,0.0
2026-07-17 03:32:19,L-J01_m-glm-4.5-air_sol1_gd1_rs0_bd1_str-neutral_t00_n1,91,2,1,zai-org/GLM-4.5-Air,1,0,1,1,neutral,0.0,8.5,0.0
2026-07-17 03:32:23,L-J01_m-glm-4.5-air_sol1_gd1_rs0_bd1_str-neutral_t00_n1,91,3,1,zai-org/GLM-4.5-Air,1,0,1,1,neutral,0.0,5.5,0.0
2026-07-17 03:32:25,L-J01_m-glm-4.5-air_sol1_gd1_rs0_bd1_str-neutral_t00_n1,91,4,1,zai-org/GLM-4.5-Air,1,0,1,1,neutral,0.0,0.0,0.0
2026-07-17 03:32:32,L-J01_m-glm-4.5-air_sol1_gd1_rs0_bd1_str-neutral_t00_n1,92,1,1,zai-org/GLM-4.5-Air,1,0,1,1,neutral,0.0,7.5,0.0
2026-07-17 03:32:37,L-J01_m-glm-4.5-air_sol1_gd1_rs0_bd1_str-neutral_t00_n1,92,2,1,zai-org/GLM-4.5-Air,1,0,1,1,neutral,0.0,8.5,0.0
2026-07-17 03:32:41,L-J01_m-glm-4.5-air_sol1_gd1_rs0_bd1_str-neutral_t00_n1,92,3,1,zai-org/GLM-4.5-Air,1,0,1,1,neutral,0.0,10.5,0.0
2026-07-17 03:32:47,L-J01_m-glm-4.5-air_sol1_gd1_rs0_bd1_str-neutral_t00_n1,93,1,1,zai-org/GLM-4.5-Air,1,0,1,1,neutral,0.0,9.5,0.0
2026-07-17 03:32:52,L-J01_m-glm-4.5-air_sol1_gd1_rs0_bd1_str-neutral_t00_n1,93,2,1,zai-org/GLM-4.5-Air,1,0,1,1,neutral,0.0,7.5,0.0
2026-07-17 03:32:56,L-J01_m-glm-4.5-air_sol1_gd1_rs0_bd1_str-neutral_t00_n1,93,3,1,zai-org/GLM-4.5-Air,1,0,1,1,neutral,0.0,10.5,0.0
2026-07-17 03:33:02,L-J01_m-glm-4.5-air_sol1_gd1_rs0_bd1_str-neutral_t00_n1,94,1,1,zai-org/GLM-4.5-Air,1,0,1,1,neutral,0.0,10.5,0.0
2026-07-17 03:33:07,L-J01_m-glm-4.5-air_sol1_gd1_rs0_bd1_str-neutral_t00_n1,94,2,1,zai-org/GLM-4.5-Air,1,0,1,1,neutral,0.0,5.5,0.0
2026-07-17 03:33:12,L-J01_m-glm-4.5-air_sol1_gd1_rs0_bd1_str-neutral_t00_n1,94,3,1,zai-org/GLM-4.5-Air,1,0,1,1,neutral,0.0,10.5,0.0
2026-07-17 03:33:18,L-J01_m-glm-4.5-air_sol1_gd1_rs0_bd1_str-neutral_t00_n1,95,1,1,zai-org/GLM-4.5-Air,1,0,1,1,neutral,0.0,7.5,0.0
2026-07-17 03:33:23,L-J01_m-glm-4.5-air_sol1_gd1_rs0_bd1_str-neutral_t00_n1,95,2,1,zai-org/GLM-4.5-Air,1,0,1,1,neutral,0.0,5.5,0.0
2026-07-17 03:33:27,L-J01_m-glm-4.5-air_sol1_gd1_rs0_bd1_str-neutral_t00_n1,95,3,1,zai-org/GLM-4.5-Air,1,0,1,1,neutral,0.0,9.5,0.0
2026-07-17 03:33:30,L-J01_m-glm-4.5-air_sol1_gd1_rs0_bd1_str-neutral_t00_n1,95,4,1,zai-org/GLM-4.5-Air,1,0,1,1,neutral,0.0,0.0,0.0
2026-07-17 03:33:36,L-J01_m-glm-4.5-air_sol1_gd1_rs0_bd1_str-neutral_t00_n1,96,1,1,zai-org/GLM-4.5-Air,1,0,1,1,neutral,0.0,1.5,0.0
2026-07-17 03:33:41,L-J01_m-glm-4.5-air_sol1_gd1_rs0_bd1_str-neutral_t00_n1,96,2,1,zai-org/GLM-4.5-Air,1,0,1,1,neutral,0.0,0.0,0.0
2026-07-17 03:33:45,L-J01_m-glm-4.5-air_sol1_gd1_rs0_bd1_str-neutral_t00_n1,96,3,1,zai-org/GLM-4.5-Air,1,0,1,1,neutral,0.0,4.5,0.0
2026-07-17 03:33:51,L-J01_m-glm-4.5-air_sol1_gd1_rs0_bd1_str-neutral_t00_n1,97,1,1,zai-org/GLM-4.5-Air,1,0,1,1,neutral,0.0,8.5,0.0
2026-07-17 03:33:57,L-J01_m-glm-4.5-air_sol1_gd1_rs0_bd1_str-neutral_t00_n1,97,2,1,zai-org/GLM-4.5-Air,1,0,1,1,neutral,0.0,8.5,0.0
2026-07-17 03:34:01,L-J01_m-glm-4.5-air_sol1_gd1_rs0_bd1_str-neutral_t00_n1,97,3,1,zai-org/GLM-4.5-Air,1,0,1,1,neutral,0.0,10.5,0.0
2026-07-17 03:34:07,L-J01_m-glm-4.5-air_sol1_gd1_rs0_bd1_str-neutral_t00_n1,98,1,1,zai-org/GLM-4.5-Air,1,0,1,1,neutral,0.0,5.5,0.0
2026-07-17 03:34:15,L-J01_m-glm-4.5-air_sol1_gd1_rs0_bd1_str-neutral_t00_n1,98,2,1,zai-org/GLM-4.5-Air,1,0,1,1,neutral,0.0,0.0,0.0
2026-07-17 03:34:19,L-J01_m-glm-4.5-air_sol1_gd1_rs0_bd1_str-neutral_t00_n1,98,3,1,zai-org/GLM-4.5-Air,1,0,1,1,neutral,0.0,1.5,0.0
2026-07-17 03:34:22,L-J01_m-glm-4.5-air_sol1_gd1_rs0_bd1_str-neutral_t00_n1,98,4,1,zai-org/GLM-4.5-Air,1,0,1,1,neutral,0.0,0.0,0.0
2026-07-17 03:34:27,L-J01_m-glm-4.5-air_sol1_gd1_rs0_bd1_str-neutral_t00_n1,99,1,1,zai-org/GLM-4.5-Air,1,0,1,1,neutral,0.0,11.5,4.0
2026-07-17 03:34:32,L-J01_m-glm-4.5-air_sol1_gd1_rs0_bd1_str-neutral_t00_n1,99,2,1,zai-org/GLM-4.5-Air,1,0,1,1,neutral,0.0,8.5,0.0
2026-07-17 03:34:37,L-J01_m-glm-4.5-air_sol1_gd1_rs0_bd1_str-neutral_t00_n1,99,3,1,zai-org/GLM-4.5-Air,1,0,1,1,neutral,0.0,2.5,0.0
2026-07-17 03:34:39,L-J01_m-glm-4.5-air_sol1_gd1_rs0_bd1_str-neutral_t00_n1,99,4,1,zai-org/GLM-4.5-Air,1,0,1,1,neutral,0.0,0.0,5.0
2026-07-17 03:34:45,L-J01_m-glm-4.5-air_sol1_gd1_rs0_bd1_str-neutral_t00_n1,100,1,1,zai-org/GLM-4.5-Air,1,0,1,1,neutral,0.0,7.5,0.0
2026-07-17 03:34:51,L-J01_m-glm-4.5-air_sol1_gd1_rs0_bd1_str-neutral_t00_n1,100,2,1,zai-org/GLM-4.5-Air,1,0,1,1,neutral,0.0,7.5,0.0
2026-07-17 03:34:55,L-J01_m-glm-4.5-air_sol1_gd1_rs0_bd1_str-neutral_t00_n1,100,3,1,zai-org/GLM-4.5-Air,1,0,1,1,neutral,0.0,9.5,0.0
2026-07-17 03:34:57,L-J01_m-glm-4.5-air_sol1_gd1_rs0_bd1_str-neutral_t00_n1,100,4,1,zai-org/GLM-4.5-Air,1,0,1,1,neutral,0.0,0.0,0.0
2026-07-17 03:35:03,L-J01_m-glm-4.5-air_sol1_gd1_rs0_bd1_str-neutral_t00_n1,101,1,1,zai-org/GLM-4.5-Air,1,0,1,1,neutral,0.0,7.5,0.0
2026-07-17 03:35:08,L-J01_m-glm-4.5-air_sol1_gd1_rs0_bd1_str-neutral_t00_n1,101,2,1,zai-org/GLM-4.5-Air,1,0,1,1,neutral,0.0,2.5,0.0
2026-07-17 03:35:12,L-J01_m-glm-4.5-air_sol1_gd1_rs0_bd1_str-neutral_t00_n1,101,3,1,zai-org/GLM-4.5-Air,1,0,1,1,neutral,0.0,9.5,0.0
2026-07-17 03:35:18,L-J01_m-glm-4.5-air_sol1_gd1_rs0_bd1_str-neutral_t00_n1,102,1,1,zai-org/GLM-4.5-Air,1,0,1,1,neutral,0.0,5.5,0.0
2026-07-17 03:35:24,L-J01_m-glm-4.5-air_sol1_gd1_rs0_bd1_str-neutral_t00_n1,102,2,1,zai-org/GLM-4.5-Air,1,0,1,1,neutral,0.0,7.5,0.0
2026-07-17 03:35:28,L-J01_m-glm-4.5-air_sol1_gd1_rs0_bd1_str-neutral_t00_n1,102,3,1,zai-org/GLM-4.5-Air,1,0,1,1,neutral,0.0,5.5,0.0
2026-07-17 03:35:34,L-J01_m-glm-4.5-air_sol1_gd1_rs0_bd1_str-neutral_t00_n1,103,1,1,zai-org/GLM-4.5-Air,1,0,1,1,neutral,0.0,12.0,4.0
2026-07-17 03:35:40,L-J01_m-glm-4.5-air_sol1_gd1_rs0_bd1_str-neutral_t00_n1,103,2,1,zai-org/GLM-4.5-Air,1,0,1,1,neutral,0.0,9.5,0.0
2026-07-17 03:35:44,L-J01_m-glm-4.5-air_sol1_gd1_rs0_bd1_str-neutral_t00_n1,103,3,1,zai-org/GLM-4.5-Air,1,0,1,1,neutral,0.0,8.5,0.0
2026-07-17 03:35:46,L-J01_m-glm-4.5-air_sol1_gd1_rs0_bd1_str-neutral_t00_n1,103,4,1,zai-org/GLM-4.5-Air,1,0,1,1,neutral,0.0,0.0,5.0
2026-07-17 03:35:52,L-J01_m-glm-4.5-air_sol1_gd1_rs0_bd1_str-neutral_t00_n1,104,1,1,zai-org/GLM-4.5-Air,1,0,1,1,neutral,0.0,11.5,4.0
2026-07-17 03:35:58,L-J01_m-glm-4.5-air_sol1_gd1_rs0_bd1_str-neutral_t00_n1,104,2,1,zai-org/GLM-4.5-Air,1,0,1,1,neutral,0.0,10.5,3.0
2026-07-17 03:36:02,L-J01_m-glm-4.5-air_sol1_gd1_rs0_bd1_str-neutral_t00_n1,104,3,1,zai-org/GLM-4.5-Air,1,0,1,1,neutral,0.0,10.5,0.0
2026-07-17 03:36:09,L-J01_m-glm-4.5-air_sol1_gd1_rs0_bd1_str-neutral_t00_n1,105,1,1,zai-org/GLM-4.5-Air,1,0,1,1,neutral,0.0,0.0,0.0
2026-07-17 03:36:14,L-J01_m-glm-4.5-air_sol1_gd1_rs0_bd1_str-neutral_t00_n1,105,2,1,zai-org/GLM-4.5-Air,1,0,1,1,neutral,0.0,2.5,0.0
2026-07-17 03:36:18,L-J01_m-glm-4.5-air_sol1_gd1_rs0_bd1_str-neutral_t00_n1,105,3,1,zai-org/GLM-4.5-Air,1,0,1,1,neutral,0.0,0.0,0.0
2026-07-17 03:36:24,L-J01_m-glm-4.5-air_sol1_gd1_rs0_bd1_str-neutral_t00_n1,106,1,1,zai-org/GLM-4.5-Air,1,0,1,1,neutral,0.0,11.5,4.0
2026-07-17 03:36:30,L-J01_m-glm-4.5-air_sol1_gd1_rs0_bd1_str-neutral_t00_n1,106,2,1,zai-org/GLM-4.5-Air,1,0,1,1,neutral,0.0,9.5,0.0
2026-07-17 03:36:34,L-J01_m-glm-4.5-air_sol1_gd1_rs0_bd1_str-neutral_t00_n1,106,3,1,zai-org/GLM-4.5-Air,1,0,1,1,neutral,0.0,9.5,0.0
2026-07-17 03:36:37,L-J01_m-glm-4.5-air_sol1_gd1_rs0_bd1_str-neutral_t00_n1,106,4,1,zai-org/GLM-4.5-Air,1,0,1,1,neutral,0.0,0.0,5.0
2026-07-17 03:36:43,L-J01_m-glm-4.5-air_sol1_gd1_rs0_bd1_str-neutral_t00_n1,107,1,1,zai-org/GLM-4.5-Air,1,0,1,1,neutral,0.0,7.5,0.0
2026-07-17 03:36:48,L-J01_m-glm-4.5-air_sol1_gd1_rs0_bd1_str-neutral_t00_n1,107,2,1,zai-org/GLM-4.5-Air,1,0,1,1,neutral,0.0,5.5,0.0
2026-07-17 03:36:53,L-J01_m-glm-4.5-air_sol1_gd1_rs0_bd1_str-neutral_t00_n1,107,3,1,zai-org/GLM-4.5-Air,1,0,1,1,neutral,0.0,3.5,0.0
2026-07-17 03:36:58,L-J01_m-glm-4.5-air_sol1_gd1_rs0_bd1_str-neutral_t00_n1,108,1,1,zai-org/GLM-4.5-Air,1,0,1,1,neutral,0.0,8.5,0.0
2026-07-17 03:37:04,L-J01_m-glm-4.5-air_sol1_gd1_rs0_bd1_str-neutral_t00_n1,108,2,1,zai-org/GLM-4.5-Air,1,0,1,1,neutral,0.0,5.5,0.0
2026-07-17 03:37:08,L-J01_m-glm-4.5-air_sol1_gd1_rs0_bd1_str-neutral_t00_n1,108,3,1,zai-org/GLM-4.5-Air,1,0,1,1,neutral,0.0,9.5,0.0
2026-07-17 03:37:11,L-J01_m-glm-4.5-air_sol1_gd1_rs0_bd1_str-neutral_t00_n1,108,4,1,zai-org/GLM-4.5-Air,1,0,1,1,neutral,0.0,0.0,5.0
2026-07-17 03:37:17,L-J01_m-glm-4.5-air_sol1_gd1_rs0_bd1_str-neutral_t00_n1,109,1,1,zai-org/GLM-4.5-Air,1,0,1,1,neutral,0.0,11.5,4.0
2026-07-17 03:37:22,L-J01_m-glm-4.5-air_sol1_gd1_rs0_bd1_str-neutral_t00_n1,109,2,1,zai-org/GLM-4.5-Air,1,0,1,1,neutral,0.0,10.5,0.0
2026-07-17 03:37:26,L-J01_m-glm-4.5-air_sol1_gd1_rs0_bd1_str-neutral_t00_n1,109,3,1,zai-org/GLM-4.5-Air,1,0,1,1,neutral,0.0,10.5,0.0
2026-07-17 03:37:29,L-J01_m-glm-4.5-air_sol1_gd1_rs0_bd1_str-neutral_t00_n1,109,4,1,zai-org/GLM-4.5-Air,1,0,1,1,neutral,0.0,0.0,5.0
2026-07-17 03:37:34,L-J01_m-glm-4.5-air_sol1_gd1_rs0_bd1_str-neutral_t00_n1,110,1,1,zai-org/GLM-4.5-Air,1,0,1,1,neutral,0.0,8.5,0.0
2026-07-17 03:37:40,L-J01_m-glm-4.5-air_sol1_gd1_rs0_bd1_str-neutral_t00_n1,110,2,1,zai-org/GLM-4.5-Air,1,0,1,1,neutral,0.0,7.5,0.0
2026-07-17 03:37:44,L-J01_m-glm-4.5-air_sol1_gd1_rs0_bd1_str-neutral_t00_n1,110,3,1,zai-org/GLM-4.5-Air,1,0,1,1,neutral,0.0,8.5,0.0
2026-07-17 03:37:50,L-J01_m-glm-4.5-air_sol1_gd1_rs0_bd1_str-neutral_t00_n1,111,1,1,zai-org/GLM-4.5-Air,1,0,1,1,neutral,0.0,7.5,0.0
2026-07-17 03:37:55,L-J01_m-glm-4.5-air_sol1_gd1_rs0_bd1_str-neutral_t00_n1,111,2,1,zai-org/GLM-4.5-Air,1,0,1,1,neutral,0.0,5.5,0.0
2026-07-17 03:38:00,L-J01_m-glm-4.5-air_sol1_gd1_rs0_bd1_str-neutral_t00_n1,111,3,1,zai-org/GLM-4.5-Air,1,0,1,1,neutral,0.0,7.5,0.0
2026-07-17 03:38:06,L-J01_m-glm-4.5-air_sol1_gd1_rs0_bd1_str-neutral_t00_n1,112,1,1,zai-org/GLM-4.5-Air,1,0,1,1,neutral,0.0,7.5,0.0
2026-07-17 03:38:11,L-J01_m-glm-4.5-air_sol1_gd1_rs0_bd1_str-neutral_t00_n1,112,2,1,zai-org/GLM-4.5-Air,1,0,1,1,neutral,0.0,5.5,0.0
2026-07-17 03:38:16,L-J01_m-glm-4.5-air_sol1_gd1_rs0_bd1_str-neutral_t00_n1,112,3,1,zai-org/GLM-4.5-Air,1,0,1,1,neutral,0.0,7.5,0.0
2026-07-17 03:38:22,L-J01_m-glm-4.5-air_sol1_gd1_rs0_bd1_str-neutral_t00_n1,113,1,1,zai-org/GLM-4.5-Air,1,0,1,1,neutral,0.0,5.5,0.0
2026-07-17 03:38:28,L-J01_m-glm-4.5-air_sol1_gd1_rs0_bd1_str-neutral_t00_n1,113,2,1,zai-org/GLM-4.5-Air,1,0,1,1,neutral,0.0,8.5,0.0
2026-07-17 03:38:32,L-J01_m-glm-4.5-air_sol1_gd1_rs0_bd1_str-neutral_t00_n1,113,3,1,zai-org/GLM-4.5-Air,1,0,1,1,neutral,0.0,2.5,0.0
2026-07-17 03:38:38,L-J01_m-glm-4.5-air_sol1_gd1_rs0_bd1_str-neutral_t00_n1,114,1,1,zai-org/GLM-4.5-Air,1,0,1,1,neutral,0.0,9.5,0.0
2026-07-17 03:38:43,L-J01_m-glm-4.5-air_sol1_gd1_rs0_bd1_str-neutral_t00_n1,114,2,1,zai-org/GLM-4.5-Air,1,0,1,1,neutral,0.0,7.5,0.0
2026-07-17 03:38:47,L-J01_m-glm-4.5-air_sol1_gd1_rs0_bd1_str-neutral_t00_n1,114,3,1,zai-org/GLM-4.5-Air,1,0,1,1,neutral,0.0,3.5,0.0
2026-07-17 03:38:54,L-J01_m-glm-4.5-air_sol1_gd1_rs0_bd1_str-neutral_t00_n1,115,1,1,zai-org/GLM-4.5-Air,1,0,1,1,neutral,0.0,7.5,0.0
2026-07-17 03:38:59,L-J01_m-glm-4.5-air_sol1_gd1_rs0_bd1_str-neutral_t00_n1,115,2,1,zai-org/GLM-4.5-Air,1,0,1,1,neutral,0.0,5.5,0.0
2026-07-17 03:39:03,L-J01_m-glm-4.5-air_sol1_gd1_rs0_bd1_str-neutral_t00_n1,115,3,1,zai-org/GLM-4.5-Air,1,0,1,1,neutral,0.0,10.5,0.0
2026-07-17 03:39:10,L-J01_m-glm-4.5-air_sol1_gd1_rs0_bd1_str-neutral_t00_n1,116,1,1,zai-org/GLM-4.5-Air,1,0,1,1,neutral,0.0,0.0,0.0
2026-07-17 03:39:15,L-J01_m-glm-4.5-air_sol1_gd1_rs0_bd1_str-neutral_t00_n1,116,2,1,zai-org/GLM-4.5-Air,1,0,1,1,neutral,0.0,3.5,0.0
2026-07-17 03:39:19,L-J01_m-glm-4.5-air_sol1_gd1_rs0_bd1_str-neutral_t00_n1,116,3,1,zai-org/GLM-4.5-Air,1,0,1,1,neutral,0.0,5.5,0.0
2026-07-17 03:39:25,L-J01_m-glm-4.5-air_sol1_gd1_rs0_bd1_str-neutral_t00_n1,117,1,1,zai-org/GLM-4.5-Air,1,0,1,1,neutral,0.0,5.5,0.0
2026-07-17 03:39:30,L-J01_m-glm-4.5-air_sol1_gd1_rs0_bd1_str-neutral_t00_n1,117,2,1,zai-org/GLM-4.5-Air,1,0,1,1,neutral,0.0,8.5,0.0
2026-07-17 03:39:34,L-J01_m-glm-4.5-air_sol1_gd1_rs0_bd1_str-neutral_t00_n1,117,3,1,zai-org/GLM-4.5-Air,1,0,1,1,neutral,0.0,10.5,0.0
2026-07-17 03:39:40,L-J01_m-glm-4.5-air_sol1_gd1_rs0_bd1_str-neutral_t00_n1,118,1,1,zai-org/GLM-4.5-Air,1,0,1,1,neutral,0.0,11.5,4.0
2026-07-17 03:39:46,L-J01_m-glm-4.5-air_sol1_gd1_rs0_bd1_str-neutral_t00_n1,118,2,1,zai-org/GLM-4.5-Air,1,0,1,1,neutral,0.0,7.5,0.0
2026-07-17 03:39:50,L-J01_m-glm-4.5-air_sol1_gd1_rs0_bd1_str-neutral_t00_n1,118,3,1,zai-org/GLM-4.5-Air,1,0,1,1,neutral,0.0,10.5,0.0
2026-07-17 03:39:52,L-J01_m-glm-4.5-air_sol1_gd1_rs0_bd1_str-neutral_t00_n1,118,4,1,zai-org/GLM-4.5-Air,1,0,1,1,neutral,0.0,0.0,5.0
2026-07-17 03:39:58,L-J01_m-glm-4.5-air_sol1_gd1_rs0_bd1_str-neutral_t00_n1,119,1,1,zai-org/GLM-4.5-Air,1,0,1,1,neutral,0.0,8.5,0.0
2026-07-17 03:40:04,L-J01_m-glm-4.5-air_sol1_gd1_rs0_bd1_str-neutral_t00_n1,119,2,1,zai-org/GLM-4.5-Air,1,0,1,1,neutral,0.0,8.5,0.0
2026-07-17 03:40:08,L-J01_m-glm-4.5-air_sol1_gd1_rs0_bd1_str-neutral_t00_n1,119,3,1,zai-org/GLM-4.5-Air,1,0,1,1,neutral,0.0,10.5,0.0
2026-07-17 03:40:11,L-J01_m-glm-4.5-air_sol1_gd1_rs0_bd1_str-neutral_t00_n1,119,4,1,zai-org/GLM-4.5-Air,1,0,1,1,neutral,0.0,0.0,0.0
2026-07-17 03:40:17,L-J01_m-glm-4.5-air_sol1_gd1_rs0_bd1_str-neutral_t00_n1,120,1,1,zai-org/GLM-4.5-Air,1,0,1,1,neutral,0.0,7.5,0.0
2026-07-17 03:40:22,L-J01_m-glm-4.5-air_sol1_gd1_rs0_bd1_str-neutral_t00_n1,120,2,1,zai-org/GLM-4.5-Air,1,0,1,1,neutral,0.0,7.5,0.0
2026-07-17 03:40:27,L-J01_m-glm-4.5-air_sol1_gd1_rs0_bd1_str-neutral_t00_n1,120,3,1,zai-org/GLM-4.5-Air,1,0,1,1,neutral,0.0,5.5,0.0
2026-07-17 03:40:29,L-J01_m-glm-4.5-air_sol1_gd1_rs0_bd1_str-neutral_t00_n1,120,4,1,zai-org/GLM-4.5-Air,1,0,1,1,neutral,0.0,0.0,0.0
2026-07-17 03:40:34,L-J01_m-glm-4.5-air_sol1_gd1_rs0_bd1_str-neutral_t00_n1,121,1,1,zai-org/GLM-4.5-Air,1,0,1,1,neutral,0.0,9.5,0.0
2026-07-17 03:40:40,L-J01_m-glm-4.5-air_sol1_gd1_rs0_bd1_str-neutral_t00_n1,121,2,1,zai-org/GLM-4.5-Air,1,0,1,1,neutral,0.0,8.5,0.0
2026-07-17 03:40:44,L-J01_m-glm-4.5-air_sol1_gd1_rs0_bd1_str-neutral_t00_n1,121,3,1,zai-org/GLM-4.5-Air,1,0,1,1,neutral,0.0,11.5,0.0
2026-07-17 03:40:51,L-J01_m-glm-4.5-air_sol1_gd1_rs0_bd1_str-neutral_t00_n1,122,1,1,zai-org/GLM-4.5-Air,1,0,1,1,neutral,0.0,5.5,0.0
2026-07-17 03:40:57,L-J01_m-glm-4.5-air_sol1_gd1_rs0_bd1_str-neutral_t00_n1,122,2,1,zai-org/GLM-4.5-Air,1,0,1,1,neutral,0.0,7.5,0.0
2026-07-17 03:41:01,L-J01_m-glm-4.5-air_sol1_gd1_rs0_bd1_str-neutral_t00_n1,122,3,1,zai-org/GLM-4.5-Air,1,0,1,1,neutral,0.0,9.5,0.0
2026-07-17 03:41:07,L-J01_m-glm-4.5-air_sol1_gd1_rs0_bd1_str-neutral_t00_n1,123,1,1,zai-org/GLM-4.5-Air,1,0,1,1,neutral,0.0,10.5,0.0
2026-07-17 03:41:12,L-J01_m-glm-4.5-air_sol1_gd1_rs0_bd1_str-neutral_t00_n1,123,2,1,zai-org/GLM-4.5-Air,1,0,1,1,neutral,0.0,5.5,0.0
2026-07-17 03:41:16,L-J01_m-glm-4.5-air_sol1_gd1_rs0_bd1_str-neutral_t00_n1,123,3,1,zai-org/GLM-4.5-Air,1,0,1,1,neutral,0.0,8.5,0.0
2026-07-17 03:41:22,L-J01_m-glm-4.5-air_sol1_gd1_rs0_bd1_str-neutral_t00_n1,124,1,1,zai-org/GLM-4.5-Air,1,0,1,1,neutral,0.0,0.0,0.0
2026-07-17 03:41:28,L-J01_m-glm-4.5-air_sol1_gd1_rs0_bd1_str-neutral_t00_n1,124,2,1,zai-org/GLM-4.5-Air,1,0,1,1,neutral,0.0,5.5,0.0
2026-07-17 03:41:32,L-J01_m-glm-4.5-air_sol1_gd1_rs0_bd1_str-neutral_t00_n1,124,3,1,zai-org/GLM-4.5-Air,1,0,1,1,neutral,0.0,5.5,0.0
2026-07-17 03:41:38,L-J01_m-glm-4.5-air_sol1_gd1_rs0_bd1_str-neutral_t00_n1,125,1,1,zai-org/GLM-4.5-Air,1,0,1,1,neutral,0.0,5.5,0.0
2026-07-17 03:41:44,L-J01_m-glm-4.5-air_sol1_gd1_rs0_bd1_str-neutral_t00_n1,125,2,1,zai-org/GLM-4.5-Air,1,0,1,1,neutral,0.0,7.5,0.0
2026-07-17 03:41:48,L-J01_m-glm-4.5-air_sol1_gd1_rs0_bd1_str-neutral_t00_n1,125,3,1,zai-org/GLM-4.5-Air,1,0,1,1,neutral,0.0,5.5,0.0
2026-07-17 03:41:54,L-J01_m-glm-4.5-air_sol1_gd1_rs0_bd1_str-neutral_t00_n1,126,1,1,zai-org/GLM-4.5-Air,1,0,1,1,neutral,0.0,10.5,0.0
2026-07-17 03:41:59,L-J01_m-glm-4.5-air_sol1_gd1_rs0_bd1_str-neutral_t00_n1,126,2,1,zai-org/GLM-4.5-Air,1,0,1,1,neutral,0.0,8.5,0.0
2026-07-17 03:42:03,L-J01_m-glm-4.5-air_sol1_gd1_rs0_bd1_str-neutral_t00_n1,126,3,1,zai-org/GLM-4.5-Air,1,0,1,1,neutral,0.0,5.5,0.0
2026-07-17 03:42:09,L-J01_m-glm-4.5-air_sol1_gd1_rs0_bd1_str-neutral_t00_n1,127,1,1,zai-org/GLM-4.5-Air,1,0,1,1,neutral,0.0,10.5,0.0
2026-07-17 03:42:14,L-J01_m-glm-4.5-air_sol1_gd1_rs0_bd1_str-neutral_t00_n1,127,2,1,zai-org/GLM-4.5-Air,1,0,1,1,neutral,0.0,5.5,0.0
2026-07-17 03:42:19,L-J01_m-glm-4.5-air_sol1_gd1_rs0_bd1_str-neutral_t00_n1,127,3,1,zai-org/GLM-4.5-Air,1,0,1,1,neutral,0.0,1.5,0.0
2026-07-17 03:42:21,L-J01_m-glm-4.5-air_sol1_gd1_rs0_bd1_str-neutral_t00_n1,127,4,1,zai-org/GLM-4.5-Air,1,0,1,1,neutral,0.0,0.0,0.0
2026-07-17 03:42:27,L-J01_m-glm-4.5-air_sol1_gd1_rs0_bd1_str-neutral_t00_n1,128,1,1,zai-org/GLM-4.5-Air,1,0,1,1,neutral,0.0,5.5,0.0
2026-07-17 03:42:32,L-J01_m-glm-4.5-air_sol1_gd1_rs0_bd1_str-neutral_t00_n1,128,2,1,zai-org/GLM-4.5-Air,1,0,1,1,neutral,0.0,7.5,0.0
2026-07-17 03:42:37,L-J01_m-glm-4.5-air_sol1_gd1_rs0_bd1_str-neutral_t00_n1,128,3,1,zai-org/GLM-4.5-Air,1,0,1,1,neutral,0.0,3.5,0.0
2026-07-17 03:42:43,L-J01_m-glm-4.5-air_sol1_gd1_rs0_bd1_str-neutral_t00_n1,129,1,1,zai-org/GLM-4.5-Air,1,0,1,1,neutral,0.0,11.5,4.0
2026-07-17 03:42:48,L-J01_m-glm-4.5-air_sol1_gd1_rs0_bd1_str-neutral_t00_n1,129,2,1,zai-org/GLM-4.5-Air,1,0,1,1,neutral,0.0,8.5,0.0
2026-07-17 03:42:53,L-J01_m-glm-4.5-air_sol1_gd1_rs0_bd1_str-neutral_t00_n1,129,3,1,zai-org/GLM-4.5-Air,1,0,1,1,neutral,0.0,7.5,0.0
2026-07-17 03:42:55,L-J01_m-glm-4.5-air_sol1_gd1_rs0_bd1_str-neutral_t00_n1,129,4,1,zai-org/GLM-4.5-Air,1,0,1,1,neutral,0.0,0.0,5.0
2026-07-17 03:43:01,L-J01_m-glm-4.5-air_sol1_gd1_rs0_bd1_str-neutral_t00_n1,130,1,1,zai-org/GLM-4.5-Air,1,0,1,1,neutral,0.0,10.5,0.0
2026-07-17 03:43:06,L-J01_m-glm-4.5-air_sol1_gd1_rs0_bd1_str-neutral_t00_n1,130,2,1,zai-org/GLM-4.5-Air,1,0,1,1,neutral,0.0,7.5,0.0
2026-07-17 03:43:11,L-J01_m-glm-4.5-air_sol1_gd1_rs0_bd1_str-neutral_t00_n1,130,3,1,zai-org/GLM-4.5-Air,1,0,1,1,neutral,0.0,10.5,0.0
2026-07-17 03:43:13,L-J01_m-glm-4.5-air_sol1_gd1_rs0_bd1_str-neutral_t00_n1,130,4,1,zai-org/GLM-4.5-Air,1,0,1,1,neutral,0.0,0.0,5.0
2026-07-17 03:43:19,L-J01_m-glm-4.5-air_sol1_gd1_rs0_bd1_str-neutral_t00_n1,131,1,1,zai-org/GLM-4.5-Air,1,0,1,1,neutral,0.0,9.5,0.0
2026-07-17 03:43:24,L-J01_m-glm-4.5-air_sol1_gd1_rs0_bd1_str-neutral_t00_n1,131,2,1,zai-org/GLM-4.5-Air,1,0,1,1,neutral,0.0,7.5,0.0
2026-07-17 03:43:28,L-J01_m-glm-4.5-air_sol1_gd1_rs0_bd1_str-neutral_t00_n1,131,3,1,zai-org/GLM-4.5-Air,1,0,1,1,neutral,0.0,10.5,0.0
2026-07-17 03:43:34,L-J01_m-glm-4.5-air_sol1_gd1_rs0_bd1_str-neutral_t00_n1,132,1,1,zai-org/GLM-4.5-Air,1,0,1,1,neutral,0.0,11.5,4.0
2026-07-17 03:43:39,L-J01_m-glm-4.5-air_sol1_gd1_rs0_bd1_str-neutral_t00_n1,132,2,1,zai-org/GLM-4.5-Air,1,0,1,1,neutral,0.0,8.5,0.0
2026-07-17 03:43:43,L-J01_m-glm-4.5-air_sol1_gd1_rs0_bd1_str-neutral_t00_n1,132,3,1,zai-org/GLM-4.5-Air,1,0,1,1,neutral,0.0,10.5,0.0
2026-07-17 03:43:46,L-J01_m-glm-4.5-air_sol1_gd1_rs0_bd1_str-neutral_t00_n1,132,4,1,zai-org/GLM-4.5-Air,1,0,1,1,neutral,0.0,0.0,5.0
2026-07-17 03:43:51,L-J01_m-glm-4.5-air_sol1_gd1_rs0_bd1_str-neutral_t00_n1,133,1,1,zai-org/GLM-4.5-Air,1,0,1,1,neutral,0.0,5.5,0.0
2026-07-17 03:43:56,L-J01_m-glm-4.5-air_sol1_gd1_rs0_bd1_str-neutral_t00_n1,133,2,1,zai-org/GLM-4.5-Air,1,0,1,1,neutral,0.0,5.5,0.0
2026-07-17 03:44:01,L-J01_m-glm-4.5-air_sol1_gd1_rs0_bd1_str-neutral_t00_n1,133,3,1,zai-org/GLM-4.5-Air,1,0,1,1,neutral,0.0,10.5,0.0
2026-07-17 03:44:07,L-J01_m-glm-4.5-air_sol1_gd1_rs0_bd1_str-neutral_t00_n1,134,1,1,zai-org/GLM-4.5-Air,1,0,1,1,neutral,0.0,5.5,0.0
2026-07-17 03:44:12,L-J01_m-glm-4.5-air_sol1_gd1_rs0_bd1_str-neutral_t00_n1,134,2,1,zai-org/GLM-4.5-Air,1,0,1,1,neutral,0.0,3.5,0.0
2026-07-17 03:44:16,L-J01_m-glm-4.5-air_sol1_gd1_rs0_bd1_str-neutral_t00_n1,134,3,1,zai-org/GLM-4.5-Air,1,0,1,1,neutral,0.0,0.0,0.0
2026-07-17 03:44:25,L-J01_m-glm-4.5-air_sol1_gd1_rs0_bd1_str-neutral_t00_n1,135,1,1,zai-org/GLM-4.5-Air,1,0,1,1,neutral,0.0,1.5,0.0
2026-07-17 03:44:30,L-J01_m-glm-4.5-air_sol1_gd1_rs0_bd1_str-neutral_t00_n1,135,2,1,zai-org/GLM-4.5-Air,1,0,1,1,neutral,0.0,5.5,0.0
2026-07-17 03:44:35,L-J01_m-glm-4.5-air_sol1_gd1_rs0_bd1_str-neutral_t00_n1,135,3,1,zai-org/GLM-4.5-Air,1,0,1,1,neutral,0.0,3.5,0.0
2026-07-17 03:44:41,L-J01_m-glm-4.5-air_sol1_gd1_rs0_bd1_str-neutral_t00_n1,136,1,1,zai-org/GLM-4.5-Air,1,0,1,1,neutral,0.0,5.5,0.0
2026-07-17 03:44:46,L-J01_m-glm-4.5-air_sol1_gd1_rs0_bd1_str-neutral_t00_n1,136,2,1,zai-org/GLM-4.5-Air,1,0,1,1,neutral,0.0,7.5,0.0
2026-07-17 03:44:51,L-J01_m-glm-4.5-air_sol1_gd1_rs0_bd1_str-neutral_t00_n1,136,3,1,zai-org/GLM-4.5-Air,1,0,1,1,neutral,0.0,5.5,0.0
2026-07-17 03:44:53,L-J01_m-glm-4.5-air_sol1_gd1_rs0_bd1_str-neutral_t00_n1,136,4,1,zai-org/GLM-4.5-Air,1,0,1,1,neutral,0.0,0.0,0.0
2026-07-17 03:44:59,L-J01_m-glm-4.5-air_sol1_gd1_rs0_bd1_str-neutral_t00_n1,137,1,1,zai-org/GLM-4.5-Air,1,0,1,1,neutral,0.0,0.0,0.0
2026-07-17 03:45:07,L-J01_m-glm-4.5-air_sol1_gd1_rs0_bd1_str-neutral_t00_n1,137,2,1,zai-org/GLM-4.5-Air,1,0,1,1,neutral,0.0,0.0,0.0
2026-07-17 03:45:11,L-J01_m-glm-4.5-air_sol1_gd1_rs0_bd1_str-neutral_t00_n1,137,3,1,zai-org/GLM-4.5-Air,1,0,1,1,neutral,0.0,2.5,0.0
2026-07-17 03:45:17,L-J01_m-glm-4.5-air_sol1_gd1_rs0_bd1_str-neutral_t00_n1,138,1,1,zai-org/GLM-4.5-Air,1,0,1,1,neutral,0.0,9.5,0.0
2026-07-17 03:45:22,L-J01_m-glm-4.5-air_sol1_gd1_rs0_bd1_str-neutral_t00_n1,138,2,1,zai-org/GLM-4.5-Air,1,0,1,1,neutral,0.0,10.5,0.0
2026-07-17 03:45:26,L-J01_m-glm-4.5-air_sol1_gd1_rs0_bd1_str-neutral_t00_n1,138,3,1,zai-org/GLM-4.5-Air,1,0,1,1,neutral,0.0,10.5,0.0
2026-07-17 03:45:32,L-J01_m-glm-4.5-air_sol1_gd1_rs0_bd1_str-neutral_t00_n1,139,1,1,zai-org/GLM-4.5-Air,1,0,1,1,neutral,0.0,0.0,0.0
2026-07-17 03:45:38,L-J01_m-glm-4.5-air_sol1_gd1_rs0_bd1_str-neutral_t00_n1,139,2,1,zai-org/GLM-4.5-Air,1,0,1,1,neutral,0.0,5.5,0.0
2026-07-17 03:45:42,L-J01_m-glm-4.5-air_sol1_gd1_rs0_bd1_str-neutral_t00_n1,139,3,1,zai-org/GLM-4.5-Air,1,0,1,1,neutral,0.0,7.5,0.0
2026-07-17 03:45:48,L-J01_m-glm-4.5-air_sol1_gd1_rs0_bd1_str-neutral_t00_n1,140,1,1,zai-org/GLM-4.5-Air,1,0,1,1,neutral,0.0,8.5,0.0
2026-07-17 03:45:53,L-J01_m-glm-4.5-air_sol1_gd1_rs0_bd1_str-neutral_t00_n1,140,2,1,zai-org/GLM-4.5-Air,1,0,1,1,neutral,0.0,7.5,0.0
2026-07-17 03:45:58,L-J01_m-glm-4.5-air_sol1_gd1_rs0_bd1_str-neutral_t00_n1,140,3,1,zai-org/GLM-4.5-Air,1,0,1,1,neutral,0.0,3.5,0.0
2026-07-17 03:46:00,L-J01_m-glm-4.5-air_sol1_gd1_rs0_bd1_str-neutral_t00_n1,140,4,1,zai-org/GLM-4.5-Air,1,0,1,1,neutral,0.0,0.0,0.0
2026-07-17 03:46:06,L-J01_m-glm-4.5-air_sol1_gd1_rs0_bd1_str-neutral_t00_n1,141,1,1,zai-org/GLM-4.5-Air,1,0,1,1,neutral,0.0,12.0,4.0
2026-07-17 03:46:12,L-J01_m-glm-4.5-air_sol1_gd1_rs0_bd1_str-neutral_t00_n1,141,2,1,zai-org/GLM-4.5-Air,1,0,1,1,neutral,0.0,10.5,0.0
2026-07-17 03:46:16,L-J01_m-glm-4.5-air_sol1_gd1_rs0_bd1_str-neutral_t00_n1,141,3,1,zai-org/GLM-4.5-Air,1,0,1,1,neutral,0.0,9.5,0.0
2026-07-17 03:46:18,L-J01_m-glm-4.5-air_sol1_gd1_rs0_bd1_str-neutral_t00_n1,141,4,1,zai-org/GLM-4.5-Air,1,0,1,1,neutral,0.0,0.0,5.0
2026-07-17 03:46:24,L-J01_m-glm-4.5-air_sol1_gd1_rs0_bd1_str-neutral_t00_n1,142,1,1,zai-org/GLM-4.5-Air,1,0,1,1,neutral,0.0,0.0,0.0
2026-07-17 03:46:29,L-J01_m-glm-4.5-air_sol1_gd1_rs0_bd1_str-neutral_t00_n1,142,2,1,zai-org/GLM-4.5-Air,1,0,1,1,neutral,0.0,2.5,0.0
2026-07-17 03:46:34,L-J01_m-glm-4.5-air_sol1_gd1_rs0_bd1_str-neutral_t00_n1,142,3,1,zai-org/GLM-4.5-Air,1,0,1,1,neutral,0.0,8.5,0.0
2026-07-17 03:46:40,L-J01_m-glm-4.5-air_sol1_gd1_rs0_bd1_str-neutral_t00_n1,143,1,1,zai-org/GLM-4.5-Air,1,0,1,1,neutral,0.0,10.5,0.0
2026-07-17 03:46:45,L-J01_m-glm-4.5-air_sol1_gd1_rs0_bd1_str-neutral_t00_n1,143,2,1,zai-org/GLM-4.5-Air,1,0,1,1,neutral,0.0,8.5,0.0
2026-07-17 03:46:49,L-J01_m-glm-4.5-air_sol1_gd1_rs0_bd1_str-neutral_t00_n1,143,3,1,zai-org/GLM-4.5-Air,1,0,1,1,neutral,0.0,9.5,0.0
2026-07-17 03:46:51,L-J01_m-glm-4.5-air_sol1_gd1_rs0_bd1_str-neutral_t00_n1,143,4,1,zai-org/GLM-4.5-Air,1,0,1,1,neutral,0.0,0.0,0.0
2026-07-17 03:46:57,L-J01_m-glm-4.5-air_sol1_gd1_rs0_bd1_str-neutral_t00_n1,144,1,1,zai-org/GLM-4.5-Air,1,0,1,1,neutral,0.0,5.5,0.0
2026-07-17 03:47:03,L-J01_m-glm-4.5-air_sol1_gd1_rs0_bd1_str-neutral_t00_n1,144,2,1,zai-org/GLM-4.5-Air,1,0,1,1,neutral,0.0,5.5,0.0
2026-07-17 03:47:07,L-J01_m-glm-4.5-air_sol1_gd1_rs0_bd1_str-neutral_t00_n1,144,3,1,zai-org/GLM-4.5-Air,1,0,1,1,neutral,0.0,7.5,0.0
2026-07-17 03:47:13,L-J01_m-glm-4.5-air_sol1_gd1_rs0_bd1_str-neutral_t00_n1,145,1,1,zai-org/GLM-4.5-Air,1,0,1,1,neutral,0.0,7.5,0.0
2026-07-17 03:47:18,L-J01_m-glm-4.5-air_sol1_gd1_rs0_bd1_str-neutral_t00_n1,145,2,1,zai-org/GLM-4.5-Air,1,0,1,1,neutral,0.0,8.5,0.0
2026-07-17 03:47:22,L-J01_m-glm-4.5-air_sol1_gd1_rs0_bd1_str-neutral_t00_n1,145,3,1,zai-org/GLM-4.5-Air,1,0,1,1,neutral,0.0,10.5,0.0
2026-07-17 03:47:25,L-J01_m-glm-4.5-air_sol1_gd1_rs0_bd1_str-neutral_t00_n1,145,4,1,zai-org/GLM-4.5-Air,1,0,1,1,neutral,0.0,0.0,0.0
2026-07-17 03:47:30,L-J01_m-glm-4.5-air_sol1_gd1_rs0_bd1_str-neutral_t00_n1,146,1,1,zai-org/GLM-4.5-Air,1,0,1,1,neutral,0.0,9.5,0.0
2026-07-17 03:47:36,L-J01_m-glm-4.5-air_sol1_gd1_rs0_bd1_str-neutral_t00_n1,146,2,1,zai-org/GLM-4.5-Air,1,0,1,1,neutral,0.0,8.5,0.0
2026-07-17 03:47:40,L-J01_m-glm-4.5-air_sol1_gd1_rs0_bd1_str-neutral_t00_n1,146,3,1,zai-org/GLM-4.5-Air,1,0,1,1,neutral,0.0,7.5,0.0
2026-07-17 03:47:46,L-J01_m-glm-4.5-air_sol1_gd1_rs0_bd1_str-neutral_t00_n1,147,1,1,zai-org/GLM-4.5-Air,1,0,1,1,neutral,0.0,2.5,0.0
2026-07-17 03:47:51,L-J01_m-glm-4.5-air_sol1_gd1_rs0_bd1_str-neutral_t00_n1,147,2,1,zai-org/GLM-4.5-Air,1,0,1,1,neutral,0.0,7.5,0.0
2026-07-17 03:47:55,L-J01_m-glm-4.5-air_sol1_gd1_rs0_bd1_str-neutral_t00_n1,147,3,1,zai-org/GLM-4.5-Air,1,0,1,1,neutral,0.0,3.5,0.0
2026-07-17 03:48:01,L-J01_m-glm-4.5-air_sol1_gd1_rs0_bd1_str-neutral_t00_n1,148,1,1,zai-org/GLM-4.5-Air,1,0,1,1,neutral,0.0,0.0,0.0
2026-07-17 03:48:06,L-J01_m-glm-4.5-air_sol1_gd1_rs0_bd1_str-neutral_t00_n1,148,2,1,zai-org/GLM-4.5-Air,1,0,1,1,neutral,0.0,8.5,0.0
2026-07-17 03:48:11,L-J01_m-glm-4.5-air_sol1_gd1_rs0_bd1_str-neutral_t00_n1,148,3,1,zai-org/GLM-4.5-Air,1,0,1,1,neutral,0.0,3.5,0.0
2026-07-17 03:48:17,L-J01_m-glm-4.5-air_sol1_gd1_rs0_bd1_str-neutral_t00_n1,149,1,1,zai-org/GLM-4.5-Air,1,0,1,1,neutral,0.0,7.5,0.0
2026-07-17 03:48:25,L-J01_m-glm-4.5-air_sol1_gd1_rs0_bd1_str-neutral_t00_n1,149,2,1,zai-org/GLM-4.5-Air,1,0,1,1,neutral,0.0,0.0,0.0
2026-07-17 03:48:29,L-J01_m-glm-4.5-air_sol1_gd1_rs0_bd1_str-neutral_t00_n1,149,3,1,zai-org/GLM-4.5-Air,1,0,1,1,neutral,0.0,0.0,0.0
2026-07-17 03:48:35,L-J01_m-glm-4.5-air_sol1_gd1_rs0_bd1_str-neutral_t00_n1,150,1,1,zai-org/GLM-4.5-Air,1,0,1,1,neutral,0.0,7.5,0.0
2026-07-17 03:48:40,L-J01_m-glm-4.5-air_sol1_gd1_rs0_bd1_str-neutral_t00_n1,150,2,1,zai-org/GLM-4.5-Air,1,0,1,1,neutral,0.0,7.5,0.0
2026-07-17 03:48:45,L-J01_m-glm-4.5-air_sol1_gd1_rs0_bd1_str-neutral_t00_n1,150,3,1,zai-org/GLM-4.5-Air,1,0,1,1,neutral,0.0,9.5,0.0
2026-07-17 03:48:51,L-J01_m-glm-4.5-air_sol1_gd1_rs0_bd1_str-neutral_t00_n1,151,1,1,zai-org/GLM-4.5-Air,1,0,1,1,neutral,0.0,12.0,0.0
2026-07-17 03:48:57,L-J01_m-glm-4.5-air_sol1_gd1_rs0_bd1_str-neutral_t00_n1,152,1,1,zai-org/GLM-4.5-Air,1,0,1,1,neutral,0.0,9.5,0.0
2026-07-17 03:49:02,L-J01_m-glm-4.5-air_sol1_gd1_rs0_bd1_str-neutral_t00_n1,152,2,1,zai-org/GLM-4.5-Air,1,0,1,1,neutral,0.0,9.5,0.0
2026-07-17 03:49:06,L-J01_m-glm-4.5-air_sol1_gd1_rs0_bd1_str-neutral_t00_n1,152,3,1,zai-org/GLM-4.5-Air,1,0,1,1,neutral,0.0,10.5,0.0
2026-07-17 03:49:12,L-J01_m-glm-4.5-air_sol1_gd1_rs0_bd1_str-neutral_t00_n1,153,1,1,zai-org/GLM-4.5-Air,1,0,1,1,neutral,0.0,5.5,0.0
2026-07-17 03:49:18,L-J01_m-glm-4.5-air_sol1_gd1_rs0_bd1_str-neutral_t00_n1,153,2,1,zai-org/GLM-4.5-Air,1,0,1,1,neutral,0.0,5.5,0.0
2026-07-17 03:49:22,L-J01_m-glm-4.5-air_sol1_gd1_rs0_bd1_str-neutral_t00_n1,153,3,1,zai-org/GLM-4.5-Air,1,0,1,1,neutral,0.0,2.5,0.0
2026-07-17 03:49:28,L-J01_m-glm-4.5-air_sol1_gd1_rs0_bd1_str-neutral_t00_n1,154,1,1,zai-org/GLM-4.5-Air,1,0,1,1,neutral,0.0,7.5,0.0
2026-07-17 03:49:33,L-J01_m-glm-4.5-air_sol1_gd1_rs0_bd1_str-neutral_t00_n1,154,2,1,zai-org/GLM-4.5-Air,1,0,1,1,neutral,0.0,5.5,0.0
2026-07-17 03:49:42,L-J01_m-glm-4.5-air_sol1_gd1_rs0_bd1_str-neutral_t00_n1,154,3,1,zai-org/GLM-4.5-Air,1,0,1,1,neutral,0.0,8.5,0.0
2026-07-17 03:49:45,L-J01_m-glm-4.5-air_sol1_gd1_rs0_bd1_str-neutral_t00_n1,154,4,1,zai-org/GLM-4.5-Air,1,0,1,1,neutral,0.0,0.0,5.0
2026-07-17 03:49:50,L-J01_m-glm-4.5-air_sol1_gd1_rs0_bd1_str-neutral_t00_n1,155,1,1,zai-org/GLM-4.5-Air,1,0,1,1,neutral,0.0,9.5,0.0
2026-07-17 03:49:56,L-J01_m-glm-4.5-air_sol1_gd1_rs0_bd1_str-neutral_t00_n1,155,2,1,zai-org/GLM-4.5-Air,1,0,1,1,neutral,0.0,5.5,0.0
2026-07-17 03:50:00,L-J01_m-glm-4.5-air_sol1_gd1_rs0_bd1_str-neutral_t00_n1,155,3,1,zai-org/GLM-4.5-Air,1,0,1,1,neutral,0.0,9.5,0.0
2026-07-17 03:50:06,L-J01_m-glm-4.5-air_sol1_gd1_rs0_bd1_str-neutral_t00_n1,156,1,1,zai-org/GLM-4.5-Air,1,0,1,1,neutral,0.0,7.5,0.0
2026-07-17 03:50:12,L-J01_m-glm-4.5-air_sol1_gd1_rs0_bd1_str-neutral_t00_n1,156,2,1,zai-org/GLM-4.5-Air,1,0,1,1,neutral,0.0,7.5,0.0
2026-07-17 03:50:16,L-J01_m-glm-4.5-air_sol1_gd1_rs0_bd1_str-neutral_t00_n1,156,3,1,zai-org/GLM-4.5-Air,1,0,1,1,neutral,0.0,10.5,0.0
2026-07-17 03:50:22,L-J01_m-glm-4.5-air_sol1_gd1_rs0_bd1_str-neutral_t00_n1,157,1,1,zai-org/GLM-4.5-Air,1,0,1,1,neutral,0.0,11.5,0.0
2026-07-17 03:50:27,L-J01_m-glm-4.5-air_sol1_gd1_rs0_bd1_str-neutral_t00_n1,157,2,1,zai-org/GLM-4.5-Air,1,0,1,1,neutral,0.0,5.5,0.0
2026-07-17 03:50:32,L-J01_m-glm-4.5-air_sol1_gd1_rs0_bd1_str-neutral_t00_n1,157,3,1,zai-org/GLM-4.5-Air,1,0,1,1,neutral,0.0,10.5,0.0
2026-07-17 03:50:34,L-J01_m-glm-4.5-air_sol1_gd1_rs0_bd1_str-neutral_t00_n1,157,4,1,zai-org/GLM-4.5-Air,1,0,1,1,neutral,0.0,0.0,5.0
2026-07-17 03:50:40,L-J01_m-glm-4.5-air_sol1_gd1_rs0_bd1_str-neutral_t00_n1,158,1,1,zai-org/GLM-4.5-Air,1,0,1,1,neutral,0.0,5.5,0.0
2026-07-17 03:50:46,L-J01_m-glm-4.5-air_sol1_gd1_rs0_bd1_str-neutral_t00_n1,158,2,1,zai-org/GLM-4.5-Air,1,0,1,1,neutral,0.0,3.5,0.0
2026-07-17 03:50:50,L-J01_m-glm-4.5-air_sol1_gd1_rs0_bd1_str-neutral_t00_n1,158,3,1,zai-org/GLM-4.5-Air,1,0,1,1,neutral,0.0,8.5,0.0
2026-07-17 03:50:56,L-J01_m-glm-4.5-air_sol1_gd1_rs0_bd1_str-neutral_t00_n1,159,1,1,zai-org/GLM-4.5-Air,1,0,1,1,neutral,0.0,5.5,0.0
2026-07-17 03:51:01,L-J01_m-glm-4.5-air_sol1_gd1_rs0_bd1_str-neutral_t00_n1,159,2,1,zai-org/GLM-4.5-Air,1,0,1,1,neutral,0.0,5.5,0.0
2026-07-17 03:51:05,L-J01_m-glm-4.5-air_sol1_gd1_rs0_bd1_str-neutral_t00_n1,159,3,1,zai-org/GLM-4.5-Air,1,0,1,1,neutral,0.0,3.5,0.0
2026-07-17 03:51:11,L-J01_m-glm-4.5-air_sol1_gd1_rs0_bd1_str-neutral_t00_n1,160,1,1,zai-org/GLM-4.5-Air,1,0,1,1,neutral,0.0,9.5,0.0
2026-07-17 03:51:16,L-J01_m-glm-4.5-air_sol1_gd1_rs0_bd1_str-neutral_t00_n1,160,2,1,zai-org/GLM-4.5-Air,1,0,1,1,neutral,0.0,8.5,0.0
2026-07-17 03:51:20,L-J01_m-glm-4.5-air_sol1_gd1_rs0_bd1_str-neutral_t00_n1,160,3,1,zai-org/GLM-4.5-Air,1,0,1,1,neutral,0.0,8.5,0.0
2026-07-17 03:51:28,L-J01_m-glm-4.5-air_sol1_gd1_rs0_bd1_str-neutral_t00_n1,161,1,1,zai-org/GLM-4.5-Air,1,0,1,1,neutral,0.0,0.0,0.0
2026-07-17 03:51:33,L-J01_m-glm-4.5-air_sol1_gd1_rs0_bd1_str-neutral_t00_n1,161,2,1,zai-org/GLM-4.5-Air,1,0,1,1,neutral,0.0,7.5,0.0
2026-07-17 03:51:37,L-J01_m-glm-4.5-air_sol1_gd1_rs0_bd1_str-neutral_t00_n1,161,3,1,zai-org/GLM-4.5-Air,1,0,1,1,neutral,0.0,8.5,0.0
2026-07-17 03:51:44,L-J01_m-glm-4.5-air_sol1_gd1_rs0_bd1_str-neutral_t00_n1,162,1,1,zai-org/GLM-4.5-Air,1,0,1,1,neutral,0.0,5.5,0.0
2026-07-17 03:51:49,L-J01_m-glm-4.5-air_sol1_gd1_rs0_bd1_str-neutral_t00_n1,162,2,1,zai-org/GLM-4.5-Air,1,0,1,1,neutral,0.0,5.5,0.0
2026-07-17 03:51:54,L-J01_m-glm-4.5-air_sol1_gd1_rs0_bd1_str-neutral_t00_n1,162,3,1,zai-org/GLM-4.5-Air,1,0,1,1,neutral,0.0,6.5,0.0
2026-07-17 03:51:56,L-J01_m-glm-4.5-air_sol1_gd1_rs0_bd1_str-neutral_t00_n1,162,4,1,zai-org/GLM-4.5-Air,1,0,1,1,neutral,0.0,0.0,0.0
2026-07-17 03:52:02,L-J01_m-glm-4.5-air_sol1_gd1_rs0_bd1_str-neutral_t00_n1,163,1,1,zai-org/GLM-4.5-Air,1,0,1,1,neutral,0.0,5.5,0.0
2026-07-17 03:52:07,L-J01_m-glm-4.5-air_sol1_gd1_rs0_bd1_str-neutral_t00_n1,163,2,1,zai-org/GLM-4.5-Air,1,0,1,1,neutral,0.0,5.5,0.0
2026-07-17 03:52:11,L-J01_m-glm-4.5-air_sol1_gd1_rs0_bd1_str-neutral_t00_n1,163,3,1,zai-org/GLM-4.5-Air,1,0,1,1,neutral,0.0,10.5,0.0
2026-07-17 03:52:17,L-J01_m-glm-4.5-air_sol1_gd1_rs0_bd1_str-neutral_t00_n1,164,1,1,zai-org/GLM-4.5-Air,1,0,1,1,neutral,0.0,11.5,4.0
2026-07-17 03:52:23,L-J01_m-glm-4.5-air_sol1_gd1_rs0_bd1_str-neutral_t00_n1,164,2,1,zai-org/GLM-4.5-Air,1,0,1,1,neutral,0.0,7.5,0.0
2026-07-17 03:52:27,L-J01_m-glm-4.5-air_sol1_gd1_rs0_bd1_str-neutral_t00_n1,164,3,1,zai-org/GLM-4.5-Air,1,0,1,1,neutral,0.0,10.5,0.0
2026-07-17 03:52:30,L-J01_m-glm-4.5-air_sol1_gd1_rs0_bd1_str-neutral_t00_n1,164,4,1,zai-org/GLM-4.5-Air,1,0,1,1,neutral,0.0,0.0,5.0
2026-07-17 03:52:35,L-J01_m-glm-4.5-air_sol1_gd1_rs0_bd1_str-neutral_t00_n1,165,1,1,zai-org/GLM-4.5-Air,1,0,1,1,neutral,0.0,10.5,0.0
2026-07-17 03:52:40,L-J01_m-glm-4.5-air_sol1_gd1_rs0_bd1_str-neutral_t00_n1,165,2,1,zai-org/GLM-4.5-Air,1,0,1,1,neutral,0.0,8.5,0.0
2026-07-17 03:52:44,L-J01_m-glm-4.5-air_sol1_gd1_rs0_bd1_str-neutral_t00_n1,165,3,1,zai-org/GLM-4.5-Air,1,0,1,1,neutral,0.0,10.5,0.0
2026-07-17 03:52:47,L-J01_m-glm-4.5-air_sol1_gd1_rs0_bd1_str-neutral_t00_n1,165,4,1,zai-org/GLM-4.5-Air,1,0,1,1,neutral,0.0,0.0,0.0
2026-07-17 03:52:52,L-J01_m-glm-4.5-air_sol1_gd1_rs0_bd1_str-neutral_t00_n1,166,1,1,zai-org/GLM-4.5-Air,1,0,1,1,neutral,0.0,9.5,0.0
2026-07-17 03:52:58,L-J01_m-glm-4.5-air_sol1_gd1_rs0_bd1_str-neutral_t00_n1,166,2,1,zai-org/GLM-4.5-Air,1,0,1,1,neutral,0.0,7.5,0.0
2026-07-17 03:53:02,L-J01_m-glm-4.5-air_sol1_gd1_rs0_bd1_str-neutral_t00_n1,166,3,1,zai-org/GLM-4.5-Air,1,0,1,1,neutral,0.0,10.5,0.0
2026-07-17 03:53:08,L-J01_m-glm-4.5-air_sol1_gd1_rs0_bd1_str-neutral_t00_n1,167,1,1,zai-org/GLM-4.5-Air,1,0,1,1,neutral,0.0,1.5,0.0
2026-07-17 03:53:13,L-J01_m-glm-4.5-air_sol1_gd1_rs0_bd1_str-neutral_t00_n1,167,2,1,zai-org/GLM-4.5-Air,1,0,1,1,neutral,0.0,5.5,0.0
2026-07-17 03:53:18,L-J01_m-glm-4.5-air_sol1_gd1_rs0_bd1_str-neutral_t00_n1,167,3,1,zai-org/GLM-4.5-Air,1,0,1,1,neutral,0.0,0.0,0.0
2026-07-17 03:53:24,L-J01_m-glm-4.5-air_sol1_gd1_rs0_bd1_str-neutral_t00_n1,168,1,1,zai-org/GLM-4.5-Air,1,0,1,1,neutral,0.0,5.5,0.0
2026-07-17 03:53:29,L-J01_m-glm-4.5-air_sol1_gd1_rs0_bd1_str-neutral_t00_n1,168,2,1,zai-org/GLM-4.5-Air,1,0,1,1,neutral,0.0,8.5,0.0
2026-07-17 03:53:33,L-J01_m-glm-4.5-air_sol1_gd1_rs0_bd1_str-neutral_t00_n1,168,3,1,zai-org/GLM-4.5-Air,1,0,1,1,neutral,0.0,9.5,0.0
2026-07-17 03:53:39,L-J01_m-glm-4.5-air_sol1_gd1_rs0_bd1_str-neutral_t00_n1,169,1,1,zai-org/GLM-4.5-Air,1,0,1,1,neutral,0.0,10.5,0.0
2026-07-17 03:53:44,L-J01_m-glm-4.5-air_sol1_gd1_rs0_bd1_str-neutral_t00_n1,169,2,1,zai-org/GLM-4.5-Air,1,0,1,1,neutral,0.0,7.5,0.0
2026-07-17 03:53:49,L-J01_m-glm-4.5-air_sol1_gd1_rs0_bd1_str-neutral_t00_n1,169,3,1,zai-org/GLM-4.5-Air,1,0,1,1,neutral,0.0,8.5,0.0
2026-07-17 03:53:51,L-J01_m-glm-4.5-air_sol1_gd1_rs0_bd1_str-neutral_t00_n1,169,4,1,zai-org/GLM-4.5-Air,1,0,1,1,neutral,0.0,0.0,0.0
2026-07-17 03:53:57,L-J01_m-glm-4.5-air_sol1_gd1_rs0_bd1_str-neutral_t00_n1,170,1,1,zai-org/GLM-4.5-Air,1,0,1,1,neutral,0.0,10.5,0.0
2026-07-17 03:54:02,L-J01_m-glm-4.5-air_sol1_gd1_rs0_bd1_str-neutral_t00_n1,170,2,1,zai-org/GLM-4.5-Air,1,0,1,1,neutral,0.0,8.5,0.0
2026-07-17 03:54:06,L-J01_m-glm-4.5-air_sol1_gd1_rs0_bd1_str-neutral_t00_n1,170,3,1,zai-org/GLM-4.5-Air,1,0,1,1,neutral,0.0,5.5,0.0
2026-07-17 03:54:09,L-J01_m-glm-4.5-air_sol1_gd1_rs0_bd1_str-neutral_t00_n1,170,4,1,zai-org/GLM-4.5-Air,1,0,1,1,neutral,0.0,0.0,0.0
2026-07-17 03:54:14,L-J01_m-glm-4.5-air_sol1_gd1_rs0_bd1_str-neutral_t00_n1,171,1,1,zai-org/GLM-4.5-Air,1,0,1,1,neutral,0.0,10.5,4.0
2026-07-17 03:54:20,L-J01_m-glm-4.5-air_sol1_gd1_rs0_bd1_str-neutral_t00_n1,171,2,1,zai-org/GLM-4.5-Air,1,0,1,1,neutral,0.0,7.5,0.0
2026-07-17 03:54:24,L-J01_m-glm-4.5-air_sol1_gd1_rs0_bd1_str-neutral_t00_n1,171,3,1,zai-org/GLM-4.5-Air,1,0,1,1,neutral,0.0,8.5,0.0
2026-07-17 03:54:26,L-J01_m-glm-4.5-air_sol1_gd1_rs0_bd1_str-neutral_t00_n1,171,4,1,zai-org/GLM-4.5-Air,1,0,1,1,neutral,0.0,0.0,5.0
2026-07-17 03:54:32,L-J01_m-glm-4.5-air_sol1_gd1_rs0_bd1_str-neutral_t00_n1,172,1,1,zai-org/GLM-4.5-Air,1,0,1,1,neutral,0.0,10.5,0.0
2026-07-17 03:54:37,L-J01_m-glm-4.5-air_sol1_gd1_rs0_bd1_str-neutral_t00_n1,172,2,1,zai-org/GLM-4.5-Air,1,0,1,1,neutral,0.0,5.5,0.0
2026-07-17 03:54:46,L-J01_m-glm-4.5-air_sol1_gd1_rs0_bd1_str-neutral_t00_n1,172,3,1,zai-org/GLM-4.5-Air,1,0,1,1,neutral,0.0,7.5,0.0
2026-07-17 03:54:52,L-J01_m-glm-4.5-air_sol1_gd1_rs0_bd1_str-neutral_t00_n1,173,1,1,zai-org/GLM-4.5-Air,1,0,1,1,neutral,0.0,9.5,0.0
2026-07-17 03:54:57,L-J01_m-glm-4.5-air_sol1_gd1_rs0_bd1_str-neutral_t00_n1,173,2,1,zai-org/GLM-4.5-Air,1,0,1,1,neutral,0.0,7.5,0.0
2026-07-17 03:55:02,L-J01_m-glm-4.5-air_sol1_gd1_rs0_bd1_str-neutral_t00_n1,173,3,1,zai-org/GLM-4.5-Air,1,0,1,1,neutral,0.0,9.5,0.0
2026-07-17 03:55:08,L-J01_m-glm-4.5-air_sol1_gd1_rs0_bd1_str-neutral_t00_n1,174,1,1,zai-org/GLM-4.5-Air,1,0,1,1,neutral,0.0,0.0,0.0
2026-07-17 03:55:13,L-J01_m-glm-4.5-air_sol1_gd1_rs0_bd1_str-neutral_t00_n1,174,2,1,zai-org/GLM-4.5-Air,1,0,1,1,neutral,0.0,3.5,0.0
2026-07-17 03:55:18,L-J01_m-glm-4.5-air_sol1_gd1_rs0_bd1_str-neutral_t00_n1,174,3,1,zai-org/GLM-4.5-Air,1,0,1,1,neutral,0.0,5.5,0.0
2026-07-17 03:55:23,L-J01_m-glm-4.5-air_sol1_gd1_rs0_bd1_str-neutral_t00_n1,175,1,1,zai-org/GLM-4.5-Air,1,0,1,1,neutral,0.0,10.5,0.0
2026-07-17 03:55:29,L-J01_m-glm-4.5-air_sol1_gd1_rs0_bd1_str-neutral_t00_n1,175,2,1,zai-org/GLM-4.5-Air,1,0,1,1,neutral,0.0,8.5,0.0
2026-07-17 03:55:33,L-J01_m-glm-4.5-air_sol1_gd1_rs0_bd1_str-neutral_t00_n1,175,3,1,zai-org/GLM-4.5-Air,1,0,1,1,neutral,0.0,10.5,0.0
2026-07-17 03:55:39,L-J01_m-glm-4.5-air_sol1_gd1_rs0_bd1_str-neutral_t00_n1,176,1,1,zai-org/GLM-4.5-Air,1,0,1,1,neutral,0.0,5.5,0.0
2026-07-17 03:55:44,L-J01_m-glm-4.5-air_sol1_gd1_rs0_bd1_str-neutral_t00_n1,176,2,1,zai-org/GLM-4.5-Air,1,0,1,1,neutral,0.0,7.5,0.0
2026-07-17 03:55:52,L-J01_m-glm-4.5-air_sol1_gd1_rs0_bd1_str-neutral_t00_n1,176,3,1,zai-org/GLM-4.5-Air,1,0,1,1,neutral,0.0,7.5,0.0
2026-07-17 03:55:58,L-J01_m-glm-4.5-air_sol1_gd1_rs0_bd1_str-neutral_t00_n1,177,1,1,zai-org/GLM-4.5-Air,1,0,1,1,neutral,0.0,10.5,4.0
2026-07-17 03:56:03,L-J01_m-glm-4.5-air_sol1_gd1_rs0_bd1_str-neutral_t00_n1,177,2,1,zai-org/GLM-4.5-Air,1,0,1,1,neutral,0.0,10.5,0.0
2026-07-17 03:56:07,L-J01_m-glm-4.5-air_sol1_gd1_rs0_bd1_str-neutral_t00_n1,177,3,1,zai-org/GLM-4.5-Air,1,0,1,1,neutral,0.0,10.5,0.0
2026-07-17 03:56:10,L-J01_m-glm-4.5-air_sol1_gd1_rs0_bd1_str-neutral_t00_n1,177,4,1,zai-org/GLM-4.5-Air,1,0,1,1,neutral,0.0,0.0,0.0
2026-07-17 03:56:16,L-J01_m-glm-4.5-air_sol1_gd1_rs0_bd1_str-neutral_t00_n1,178,1,1,zai-org/GLM-4.5-Air,1,0,1,1,neutral,0.0,5.5,0.0
2026-07-17 03:56:22,L-J01_m-glm-4.5-air_sol1_gd1_rs0_bd1_str-neutral_t00_n1,178,2,1,zai-org/GLM-4.5-Air,1,0,1,1,neutral,0.0,8.5,0.0
2026-07-17 03:56:26,L-J01_m-glm-4.5-air_sol1_gd1_rs0_bd1_str-neutral_t00_n1,178,3,1,zai-org/GLM-4.5-Air,1,0,1,1,neutral,0.0,10.5,0.0
2026-07-17 03:56:28,L-J01_m-glm-4.5-air_sol1_gd1_rs0_bd1_str-neutral_t00_n1,178,4,1,zai-org/GLM-4.5-Air,1,0,1,1,neutral,0.0,0.0,0.0
2026-07-17 03:56:34,L-J01_m-glm-4.5-air_sol1_gd1_rs0_bd1_str-neutral_t00_n1,179,1,1,zai-org/GLM-4.5-Air,1,0,1,1,neutral,0.0,0.0,0.0
2026-07-17 03:56:46,L-J01_m-glm-4.5-air_sol1_gd1_rs0_bd1_str-neutral_t00_n1,179,2,1,zai-org/GLM-4.5-Air,1,0,1,1,neutral,0.0,0.0,0.0
2026-07-17 03:56:50,L-J01_m-glm-4.5-air_sol1_gd1_rs0_bd1_str-neutral_t00_n1,179,3,1,zai-org/GLM-4.5-Air,1,0,1,1,neutral,0.0,5.5,0.0
2026-07-17 03:56:56,L-J01_m-glm-4.5-air_sol1_gd1_rs0_bd1_str-neutral_t00_n1,180,1,1,zai-org/GLM-4.5-Air,1,0,1,1,neutral,0.0,8.5,0.0
2026-07-17 03:57:02,L-J01_m-glm-4.5-air_sol1_gd1_rs0_bd1_str-neutral_t00_n1,180,2,1,zai-org/GLM-4.5-Air,1,0,1,1,neutral,0.0,5.5,0.0
2026-07-17 03:57:06,L-J01_m-glm-4.5-air_sol1_gd1_rs0_bd1_str-neutral_t00_n1,180,3,1,zai-org/GLM-4.5-Air,1,0,1,1,neutral,0.0,7.5,0.0
2026-07-17 03:57:14,L-J01_m-glm-4.5-air_sol1_gd1_rs0_bd1_str-neutral_t00_n1,181,1,1,zai-org/GLM-4.5-Air,1,0,1,1,neutral,0.0,0.0,0.0
2026-07-17 03:57:23,L-J01_m-glm-4.5-air_sol1_gd1_rs0_bd1_str-neutral_t00_n1,181,2,1,zai-org/GLM-4.5-Air,1,0,1,1,neutral,0.0,0.0,0.0
2026-07-17 03:57:27,L-J01_m-glm-4.5-air_sol1_gd1_rs0_bd1_str-neutral_t00_n1,181,3,1,zai-org/GLM-4.5-Air,1,0,1,1,neutral,0.0,3.5,0.0
2026-07-17 03:57:33,L-J01_m-glm-4.5-air_sol1_gd1_rs0_bd1_str-neutral_t00_n1,182,1,1,zai-org/GLM-4.5-Air,1,0,1,1,neutral,0.0,9.5,0.0
2026-07-17 03:57:39,L-J01_m-glm-4.5-air_sol1_gd1_rs0_bd1_str-neutral_t00_n1,182,2,1,zai-org/GLM-4.5-Air,1,0,1,1,neutral,0.0,10.5,3.0
2026-07-17 03:57:43,L-J01_m-glm-4.5-air_sol1_gd1_rs0_bd1_str-neutral_t00_n1,182,3,1,zai-org/GLM-4.5-Air,1,0,1,1,neutral,0.0,5.5,0.0
2026-07-17 03:57:46,L-J01_m-glm-4.5-air_sol1_gd1_rs0_bd1_str-neutral_t00_n1,182,4,1,zai-org/GLM-4.5-Air,1,0,1,1,neutral,0.0,0.0,5.0
2026-07-17 03:57:52,L-J01_m-glm-4.5-air_sol1_gd1_rs0_bd1_str-neutral_t00_n1,183,1,1,zai-org/GLM-4.5-Air,1,0,1,1,neutral,0.0,10.5,0.0
2026-07-17 03:57:57,L-J01_m-glm-4.5-air_sol1_gd1_rs0_bd1_str-neutral_t00_n1,183,2,1,zai-org/GLM-4.5-Air,1,0,1,1,neutral,0.0,8.5,0.0
2026-07-17 03:58:01,L-J01_m-glm-4.5-air_sol1_gd1_rs0_bd1_str-neutral_t00_n1,183,3,1,zai-org/GLM-4.5-Air,1,0,1,1,neutral,0.0,10.5,0.0
2026-07-17 03:58:03,L-J01_m-glm-4.5-air_sol1_gd1_rs0_bd1_str-neutral_t00_n1,183,4,1,zai-org/GLM-4.5-Air,1,0,1,1,neutral,0.0,0.0,0.0
2026-07-17 03:58:09,L-J01_m-glm-4.5-air_sol1_gd1_rs0_bd1_str-neutral_t00_n1,184,1,1,zai-org/GLM-4.5-Air,1,0,1,1,neutral,0.0,7.5,0.0
2026-07-17 03:58:14,L-J01_m-glm-4.5-air_sol1_gd1_rs0_bd1_str-neutral_t00_n1,184,2,1,zai-org/GLM-4.5-Air,1,0,1,1,neutral,0.0,5.5,0.0
2026-07-17 03:58:18,L-J01_m-glm-4.5-air_sol1_gd1_rs0_bd1_str-neutral_t00_n1,184,3,1,zai-org/GLM-4.5-Air,1,0,1,1,neutral,0.0,10.5,0.0
2026-07-17 03:58:24,L-J01_m-glm-4.5-air_sol1_gd1_rs0_bd1_str-neutral_t00_n1,185,1,1,zai-org/GLM-4.5-Air,1,0,1,1,neutral,0.0,8.5,0.0
2026-07-17 03:58:29,L-J01_m-glm-4.5-air_sol1_gd1_rs0_bd1_str-neutral_t00_n1,185,2,1,zai-org/GLM-4.5-Air,1,0,1,1,neutral,0.0,8.5,0.0
2026-07-17 03:58:34,L-J01_m-glm-4.5-air_sol1_gd1_rs0_bd1_str-neutral_t00_n1,185,3,1,zai-org/GLM-4.5-Air,1,0,1,1,neutral,0.0,10.5,0.0
2026-07-17 03:58:39,L-J01_m-glm-4.5-air_sol1_gd1_rs0_bd1_str-neutral_t00_n1,186,1,1,zai-org/GLM-4.5-Air,1,0,1,1,neutral,0.0,10.5,0.0
2026-07-17 03:58:44,L-J01_m-glm-4.5-air_sol1_gd1_rs0_bd1_str-neutral_t00_n1,186,2,1,zai-org/GLM-4.5-Air,1,0,1,1,neutral,0.0,8.5,0.0
2026-07-17 03:58:49,L-J01_m-glm-4.5-air_sol1_gd1_rs0_bd1_str-neutral_t00_n1,186,3,1,zai-org/GLM-4.5-Air,1,0,1,1,neutral,0.0,3.5,0.0
2026-07-17 03:58:55,L-J01_m-glm-4.5-air_sol1_gd1_rs0_bd1_str-neutral_t00_n1,187,1,1,zai-org/GLM-4.5-Air,1,0,1,1,neutral,0.0,5.5,0.0
2026-07-17 03:59:00,L-J01_m-glm-4.5-air_sol1_gd1_rs0_bd1_str-neutral_t00_n1,187,2,1,zai-org/GLM-4.5-Air,1,0,1,1,neutral,0.0,5.5,0.0
2026-07-17 03:59:04,L-J01_m-glm-4.5-air_sol1_gd1_rs0_bd1_str-neutral_t00_n1,187,3,1,zai-org/GLM-4.5-Air,1,0,1,1,neutral,0.0,2.5,0.0
2026-07-17 03:59:10,L-J01_m-glm-4.5-air_sol1_gd1_rs0_bd1_str-neutral_t00_n1,188,1,1,zai-org/GLM-4.5-Air,1,0,1,1,neutral,0.0,9.5,0.0
2026-07-17 03:59:16,L-J01_m-glm-4.5-air_sol1_gd1_rs0_bd1_str-neutral_t00_n1,188,2,1,zai-org/GLM-4.5-Air,1,0,1,1,neutral,0.0,8.5,0.0
2026-07-17 03:59:20,L-J01_m-glm-4.5-air_sol1_gd1_rs0_bd1_str-neutral_t00_n1,188,3,1,zai-org/GLM-4.5-Air,1,0,1,1,neutral,0.0,9.5,0.0
2026-07-17 03:59:26,L-J01_m-glm-4.5-air_sol1_gd1_rs0_bd1_str-neutral_t00_n1,189,1,1,zai-org/GLM-4.5-Air,1,0,1,1,neutral,0.0,11.5,4.0
2026-07-17 03:59:32,L-J01_m-glm-4.5-air_sol1_gd1_rs0_bd1_str-neutral_t00_n1,189,2,1,zai-org/GLM-4.5-Air,1,0,1,1,neutral,0.0,7.5,0.0
2026-07-17 03:59:36,L-J01_m-glm-4.5-air_sol1_gd1_rs0_bd1_str-neutral_t00_n1,189,3,1,zai-org/GLM-4.5-Air,1,0,1,1,neutral,0.0,0.0,0.0
2026-07-17 03:59:41,L-J01_m-glm-4.5-air_sol1_gd1_rs0_bd1_str-neutral_t00_n1,190,1,1,zai-org/GLM-4.5-Air,1,0,1,1,neutral,0.0,10.5,0.0
2026-07-17 03:59:47,L-J01_m-glm-4.5-air_sol1_gd1_rs0_bd1_str-neutral_t00_n1,190,2,1,zai-org/GLM-4.5-Air,1,0,1,1,neutral,0.0,9.5,0.0
2026-07-17 03:59:51,L-J01_m-glm-4.5-air_sol1_gd1_rs0_bd1_str-neutral_t00_n1,190,3,1,zai-org/GLM-4.5-Air,1,0,1,1,neutral,0.0,10.5,0.0
2026-07-17 03:59:57,L-J01_m-glm-4.5-air_sol1_gd1_rs0_bd1_str-neutral_t00_n1,191,1,1,zai-org/GLM-4.5-Air,1,0,1,1,neutral,0.0,10.5,0.0
2026-07-17 04:00:03,L-J01_m-glm-4.5-air_sol1_gd1_rs0_bd1_str-neutral_t00_n1,191,2,1,zai-org/GLM-4.5-Air,1,0,1,1,neutral,0.0,8.5,0.0
2026-07-17 04:00:07,L-J01_m-glm-4.5-air_sol1_gd1_rs0_bd1_str-neutral_t00_n1,191,3,1,zai-org/GLM-4.5-Air,1,0,1,1,neutral,0.0,2.5,0.0
2026-07-17 04:00:09,L-J01_m-glm-4.5-air_sol1_gd1_rs0_bd1_str-neutral_t00_n1,191,4,1,zai-org/GLM-4.5-Air,1,0,1,1,neutral,0.0,0.0,0.0
2026-07-17 04:00:15,L-J01_m-glm-4.5-air_sol1_gd1_rs0_bd1_str-neutral_t00_n1,192,1,1,zai-org/GLM-4.5-Air,1,0,1,1,neutral,0.0,7.5,0.0
2026-07-17 04:00:20,L-J01_m-glm-4.5-air_sol1_gd1_rs0_bd1_str-neutral_t00_n1,192,2,1,zai-org/GLM-4.5-Air,1,0,1,1,neutral,0.0,7.5,0.0
2026-07-17 04:00:25,L-J01_m-glm-4.5-air_sol1_gd1_rs0_bd1_str-neutral_t00_n1,192,3,1,zai-org/GLM-4.5-Air,1,0,1,1,neutral,0.0,10.5,0.0
2026-07-17 04:00:31,L-J01_m-glm-4.5-air_sol1_gd1_rs0_bd1_str-neutral_t00_n1,193,1,1,zai-org/GLM-4.5-Air,1,0,1,1,neutral,0.0,10.5,0.0
2026-07-17 04:00:36,L-J01_m-glm-4.5-air_sol1_gd1_rs0_bd1_str-neutral_t00_n1,193,2,1,zai-org/GLM-4.5-Air,1,0,1,1,neutral,0.0,7.5,0.0
2026-07-17 04:00:40,L-J01_m-glm-4.5-air_sol1_gd1_rs0_bd1_str-neutral_t00_n1,193,3,1,zai-org/GLM-4.5-Air,1,0,1,1,neutral,0.0,7.5,0.0
2026-07-17 04:00:46,L-J01_m-glm-4.5-air_sol1_gd1_rs0_bd1_str-neutral_t00_n1,194,1,1,zai-org/GLM-4.5-Air,1,0,1,1,neutral,0.0,10.5,0.0
2026-07-17 04:00:51,L-J01_m-glm-4.5-air_sol1_gd1_rs0_bd1_str-neutral_t00_n1,194,2,1,zai-org/GLM-4.5-Air,1,0,1,1,neutral,0.0,5.5,0.0
2026-07-17 04:00:55,L-J01_m-glm-4.5-air_sol1_gd1_rs0_bd1_str-neutral_t00_n1,194,3,1,zai-org/GLM-4.5-Air,1,0,1,1,neutral,0.0,1.5,0.0
2026-07-17 04:01:01,L-J01_m-glm-4.5-air_sol1_gd1_rs0_bd1_str-neutral_t00_n1,195,1,1,zai-org/GLM-4.5-Air,1,0,1,1,neutral,0.0,10.5,0.0
2026-07-17 04:01:06,L-J01_m-glm-4.5-air_sol1_gd1_rs0_bd1_str-neutral_t00_n1,195,2,1,zai-org/GLM-4.5-Air,1,0,1,1,neutral,0.0,9.5,0.0
2026-07-17 04:01:10,L-J01_m-glm-4.5-air_sol1_gd1_rs0_bd1_str-neutral_t00_n1,195,3,1,zai-org/GLM-4.5-Air,1,0,1,1,neutral,0.0,10.5,0.0
2026-07-17 04:01:13,L-J01_m-glm-4.5-air_sol1_gd1_rs0_bd1_str-neutral_t00_n1,195,4,1,zai-org/GLM-4.5-Air,1,0,1,1,neutral,0.0,0.0,0.0
2026-07-17 04:01:20,L-J01_m-glm-4.5-air_sol1_gd1_rs0_bd1_str-neutral_t00_n1,196,1,1,zai-org/GLM-4.5-Air,1,0,1,1,neutral,0.0,0.0,0.0
2026-07-17 04:01:25,L-J01_m-glm-4.5-air_sol1_gd1_rs0_bd1_str-neutral_t00_n1,196,2,1,zai-org/GLM-4.5-Air,1,0,1,1,neutral,0.0,5.5,0.0
2026-07-17 04:01:29,L-J01_m-glm-4.5-air_sol1_gd1_rs0_bd1_str-neutral_t00_n1,196,3,1,zai-org/GLM-4.5-Air,1,0,1,1,neutral,0.0,3.5,0.0
2026-07-17 04:01:35,L-J01_m-glm-4.5-air_sol1_gd1_rs0_bd1_str-neutral_t00_n1,197,1,1,zai-org/GLM-4.5-Air,1,0,1,1,neutral,0.0,7.5,0.0
2026-07-17 04:01:41,L-J01_m-glm-4.5-air_sol1_gd1_rs0_bd1_str-neutral_t00_n1,197,2,1,zai-org/GLM-4.5-Air,1,0,1,1,neutral,0.0,5.5,0.0
2026-07-17 04:01:45,L-J01_m-glm-4.5-air_sol1_gd1_rs0_bd1_str-neutral_t00_n1,197,3,1,zai-org/GLM-4.5-Air,1,0,1,1,neutral,0.0,7.5,0.0
2026-07-17 04:01:51,L-J01_m-glm-4.5-air_sol1_gd1_rs0_bd1_str-neutral_t00_n1,198,1,1,zai-org/GLM-4.5-Air,1,0,1,1,neutral,0.0,5.5,0.0
2026-07-17 04:01:56,L-J01_m-glm-4.5-air_sol1_gd1_rs0_bd1_str-neutral_t00_n1,198,2,1,zai-org/GLM-4.5-Air,1,0,1,1,neutral,0.0,7.5,0.0
2026-07-17 04:02:01,L-J01_m-glm-4.5-air_sol1_gd1_rs0_bd1_str-neutral_t00_n1,198,3,1,zai-org/GLM-4.5-Air,1,0,1,1,neutral,0.0,10.5,0.0
2026-07-17 04:02:07,L-J01_m-glm-4.5-air_sol1_gd1_rs0_bd1_str-neutral_t00_n1,199,1,1,zai-org/GLM-4.5-Air,1,0,1,1,neutral,0.0,7.5,0.0
2026-07-17 04:02:17,L-J01_m-glm-4.5-air_sol1_gd1_rs0_bd1_str-neutral_t00_n1,199,2,1,zai-org/GLM-4.5-Air,1,0,1,1,neutral,0.0,0.0,0.0
2026-07-17 04:02:21,L-J01_m-glm-4.5-air_sol1_gd1_rs0_bd1_str-neutral_t00_n1,199,3,1,zai-org/GLM-4.5-Air,1,0,1,1,neutral,0.0,9.5,0.0
2026-07-17 04:02:27,L-J01_m-glm-4.5-air_sol1_gd1_rs0_bd1_str-neutral_t00_n1,200,1,1,zai-org/GLM-4.5-Air,1,0,1,1,neutral,0.0,0.0,0.0
2026-07-17 04:02:39,L-J01_m-glm-4.5-air_sol1_gd1_rs0_bd1_str-neutral_t00_n1,200,2,1,zai-org/GLM-4.5-Air,1,0,1,1,neutral,0.0,0.0,0.0
2026-07-17 04:02:43,L-J01_m-glm-4.5-air_sol1_gd1_rs0_bd1_str-neutral_t00_n1,200,3,1,zai-org/GLM-4.5-Air,1,0,1,1,neutral,0.0,2.5,0.0
2026-07-17 04:02:46,L-J01_m-glm-4.5-air_sol1_gd1_rs0_bd1_str-neutral_t00_n1,200,4,1,zai-org/GLM-4.5-Air,1,0,1,1,neutral,0.0,0.0,0.0
2026-07-17 04:02:52,L-J01_m-glm-4.5-air_sol1_gd1_rs0_bd1_str-neutral_t00_n1,201,1,1,zai-org/GLM-4.5-Air,1,0,1,1,neutral,0.0,5.5,0.0
2026-07-17 04:02:57,L-J01_m-glm-4.5-air_sol1_gd1_rs0_bd1_str-neutral_t00_n1,201,2,1,zai-org/GLM-4.5-Air,1,0,1,1,neutral,0.0,5.5,0.0
2026-07-17 04:03:01,L-J01_m-glm-4.5-air_sol1_gd1_rs0_bd1_str-neutral_t00_n1,201,3,1,zai-org/GLM-4.5-Air,1,0,1,1,neutral,0.0,5.5,0.0
2026-07-17 04:03:07,L-J01_m-glm-4.5-air_sol1_gd1_rs0_bd1_str-neutral_t00_n1,202,1,1,zai-org/GLM-4.5-Air,1,0,1,1,neutral,0.0,10.5,0.0
2026-07-17 04:03:12,L-J01_m-glm-4.5-air_sol1_gd1_rs0_bd1_str-neutral_t00_n1,202,2,1,zai-org/GLM-4.5-Air,1,0,1,1,neutral,0.0,5.5,0.0
2026-07-17 04:03:16,L-J01_m-glm-4.5-air_sol1_gd1_rs0_bd1_str-neutral_t00_n1,202,3,1,zai-org/GLM-4.5-Air,1,0,1,1,neutral,0.0,5.5,0.0
2026-07-17 04:03:23,L-J01_m-glm-4.5-air_sol1_gd1_rs0_bd1_str-neutral_t00_n1,203,1,1,zai-org/GLM-4.5-Air,1,0,1,1,neutral,0.0,11.5,4.0
2026-07-17 04:03:28,L-J01_m-glm-4.5-air_sol1_gd1_rs0_bd1_str-neutral_t00_n1,203,2,1,zai-org/GLM-4.5-Air,1,0,1,1,neutral,0.0,10.5,3.0
2026-07-17 04:03:32,L-J01_m-glm-4.5-air_sol1_gd1_rs0_bd1_str-neutral_t00_n1,203,3,1,zai-org/GLM-4.5-Air,1,0,1,1,neutral,0.0,10.5,0.0
2026-07-17 04:03:34,L-J01_m-glm-4.5-air_sol1_gd1_rs0_bd1_str-neutral_t00_n1,203,4,1,zai-org/GLM-4.5-Air,1,0,1,1,neutral,0.0,0.0,5.0
2026-07-17 04:03:40,L-J01_m-glm-4.5-air_sol1_gd1_rs0_bd1_str-neutral_t00_n1,204,1,1,zai-org/GLM-4.5-Air,1,0,1,1,neutral,0.0,10.5,0.0
2026-07-17 04:03:45,L-J01_m-glm-4.5-air_sol1_gd1_rs0_bd1_str-neutral_t00_n1,204,2,1,zai-org/GLM-4.5-Air,1,0,1,1,neutral,0.0,8.5,0.0
2026-07-17 04:03:50,L-J01_m-glm-4.5-air_sol1_gd1_rs0_bd1_str-neutral_t00_n1,204,3,1,zai-org/GLM-4.5-Air,1,0,1,1,neutral,0.0,7.5,0.0
2026-07-17 04:03:56,L-J01_m-glm-4.5-air_sol1_gd1_rs0_bd1_str-neutral_t00_n1,205,1,1,zai-org/GLM-4.5-Air,1,0,1,1,neutral,0.0,2.5,0.0
2026-07-17 04:04:01,L-J01_m-glm-4.5-air_sol1_gd1_rs0_bd1_str-neutral_t00_n1,205,2,1,zai-org/GLM-4.5-Air,1,0,1,1,neutral,0.0,5.5,0.0
2026-07-17 04:04:05,L-J01_m-glm-4.5-air_sol1_gd1_rs0_bd1_str-neutral_t00_n1,205,3,1,zai-org/GLM-4.5-Air,1,0,1,1,neutral,0.0,4.5,0.0
2026-07-17 04:04:11,L-J01_m-glm-4.5-air_sol1_gd1_rs0_bd1_str-neutral_t00_n1,206,1,1,zai-org/GLM-4.5-Air,1,0,1,1,neutral,0.0,10.5,4.0
2026-07-17 04:04:16,L-J01_m-glm-4.5-air_sol1_gd1_rs0_bd1_str-neutral_t00_n1,206,2,1,zai-org/GLM-4.5-Air,1,0,1,1,neutral,0.0,8.5,0.0
2026-07-17 04:04:21,L-J01_m-glm-4.5-air_sol1_gd1_rs0_bd1_str-neutral_t00_n1,206,3,1,zai-org/GLM-4.5-Air,1,0,1,1,neutral,0.0,10.5,0.0
2026-07-17 04:04:23,L-J01_m-glm-4.5-air_sol1_gd1_rs0_bd1_str-neutral_t00_n1,206,4,1,zai-org/GLM-4.5-Air,1,0,1,1,neutral,0.0,0.0,0.0
2026-07-17 04:04:29,L-J01_m-glm-4.5-air_sol1_gd1_rs0_bd1_str-neutral_t00_n1,207,1,1,zai-org/GLM-4.5-Air,1,0,1,1,neutral,0.0,11.5,4.0
2026-07-17 04:04:34,L-J01_m-glm-4.5-air_sol1_gd1_rs0_bd1_str-neutral_t00_n1,207,2,1,zai-org/GLM-4.5-Air,1,0,1,1,neutral,0.0,10.5,4.0
2026-07-17 04:04:38,L-J01_m-glm-4.5-air_sol1_gd1_rs0_bd1_str-neutral_t00_n1,207,3,1,zai-org/GLM-4.5-Air,1,0,1,1,neutral,0.0,10.5,0.0
2026-07-17 04:04:41,L-J01_m-glm-4.5-air_sol1_gd1_rs0_bd1_str-neutral_t00_n1,207,4,1,zai-org/GLM-4.5-Air,1,0,1,1,neutral,0.0,0.0,0.0
2026-07-17 04:04:47,L-J01_m-glm-4.5-air_sol1_gd1_rs0_bd1_str-neutral_t00_n1,208,1,1,zai-org/GLM-4.5-Air,1,0,1,1,neutral,0.0,10.5,0.0
2026-07-17 04:04:52,L-J01_m-glm-4.5-air_sol1_gd1_rs0_bd1_str-neutral_t00_n1,208,2,1,zai-org/GLM-4.5-Air,1,0,1,1,neutral,0.0,8.5,0.0
2026-07-17 04:04:56,L-J01_m-glm-4.5-air_sol1_gd1_rs0_bd1_str-neutral_t00_n1,208,3,1,zai-org/GLM-4.5-Air,1,0,1,1,neutral,0.0,10.5,0.0
2026-07-17 04:04:59,L-J01_m-glm-4.5-air_sol1_gd1_rs0_bd1_str-neutral_t00_n1,208,4,1,zai-org/GLM-4.5-Air,1,0,1,1,neutral,0.0,0.0,0.0
2026-07-17 04:05:05,L-J01_m-glm-4.5-air_sol1_gd1_rs0_bd1_str-neutral_t00_n1,209,1,1,zai-org/GLM-4.5-Air,1,0,1,1,neutral,0.0,7.5,0.0
2026-07-17 04:05:10,L-J01_m-glm-4.5-air_sol1_gd1_rs0_bd1_str-neutral_t00_n1,209,2,1,zai-org/GLM-4.5-Air,1,0,1,1,neutral,0.0,7.5,0.0
2026-07-17 04:05:14,L-J01_m-glm-4.5-air_sol1_gd1_rs0_bd1_str-neutral_t00_n1,209,3,1,zai-org/GLM-4.5-Air,1,0,1,1,neutral,0.0,5.5,0.0
2026-07-17 04:05:20,L-J01_m-glm-4.5-air_sol1_gd1_rs0_bd1_str-neutral_t00_n1,210,1,1,zai-org/GLM-4.5-Air,1,0,1,1,neutral,0.0,10.5,0.0
2026-07-17 04:05:25,L-J01_m-glm-4.5-air_sol1_gd1_rs0_bd1_str-neutral_t00_n1,210,2,1,zai-org/GLM-4.5-Air,1,0,1,1,neutral,0.0,8.5,0.0
2026-07-17 04:05:29,L-J01_m-glm-4.5-air_sol1_gd1_rs0_bd1_str-neutral_t00_n1,210,3,1,zai-org/GLM-4.5-Air,1,0,1,1,neutral,0.0,3.5,0.0
2026-07-17 04:05:32,L-J01_m-glm-4.5-air_sol1_gd1_rs0_bd1_str-neutral_t00_n1,210,4,1,zai-org/GLM-4.5-Air,1,0,1,1,neutral,0.0,0.0,5.0
2026-07-17 04:05:38,L-J01_m-glm-4.5-air_sol1_gd1_rs0_bd1_str-neutral_t00_n1,211,1,1,zai-org/GLM-4.5-Air,1,0,1,1,neutral,0.0,2.5,0.0
2026-07-17 04:05:43,L-J01_m-glm-4.5-air_sol1_gd1_rs0_bd1_str-neutral_t00_n1,211,2,1,zai-org/GLM-4.5-Air,1,0,1,1,neutral,0.0,5.5,0.0
2026-07-17 04:05:47,L-J01_m-glm-4.5-air_sol1_gd1_rs0_bd1_str-neutral_t00_n1,211,3,1,zai-org/GLM-4.5-Air,1,0,1,1,neutral,0.0,9.5,0.0
2026-07-17 04:05:53,L-J01_m-glm-4.5-air_sol1_gd1_rs0_bd1_str-neutral_t00_n1,212,1,1,zai-org/GLM-4.5-Air,1,0,1,1,neutral,0.0,10.5,4.0
2026-07-17 04:06:00,L-J01_m-glm-4.5-air_sol1_gd1_rs0_bd1_str-neutral_t00_n1,212,2,1,zai-org/GLM-4.5-Air,1,0,1,1,neutral,0.0,7.5,0.0
2026-07-17 04:06:04,L-J01_m-glm-4.5-air_sol1_gd1_rs0_bd1_str-neutral_t00_n1,212,3,1,zai-org/GLM-4.5-Air,1,0,1,1,neutral,0.0,10.5,0.0
2026-07-17 04:06:11,L-J01_m-glm-4.5-air_sol1_gd1_rs0_bd1_str-neutral_t00_n1,213,1,1,zai-org/GLM-4.5-Air,1,0,1,1,neutral,0.0,11.5,4.0
2026-07-17 04:06:16,L-J01_m-glm-4.5-air_sol1_gd1_rs0_bd1_str-neutral_t00_n1,213,2,1,zai-org/GLM-4.5-Air,1,0,1,1,neutral,0.0,9.5,0.0
2026-07-17 04:06:20,L-J01_m-glm-4.5-air_sol1_gd1_rs0_bd1_str-neutral_t00_n1,213,3,1,zai-org/GLM-4.5-Air,1,0,1,1,neutral,0.0,9.5,0.0
2026-07-17 04:06:23,L-J01_m-glm-4.5-air_sol1_gd1_rs0_bd1_str-neutral_t00_n1,213,4,1,zai-org/GLM-4.5-Air,1,0,1,1,neutral,0.0,0.0,5.0
2026-07-17 04:06:28,L-J01_m-glm-4.5-air_sol1_gd1_rs0_bd1_str-neutral_t00_n1,214,1,1,zai-org/GLM-4.5-Air,1,0,1,1,neutral,0.0,4.5,0.0
2026-07-17 04:06:34,L-J01_m-glm-4.5-air_sol1_gd1_rs0_bd1_str-neutral_t00_n1,214,2,1,zai-org/GLM-4.5-Air,1,0,1,1,neutral,0.0,5.5,0.0
2026-07-17 04:06:38,L-J01_m-glm-4.5-air_sol1_gd1_rs0_bd1_str-neutral_t00_n1,214,3,1,zai-org/GLM-4.5-Air,1,0,1,1,neutral,0.0,5.5,0.0
2026-07-17 04:06:44,L-J01_m-glm-4.5-air_sol1_gd1_rs0_bd1_str-neutral_t00_n1,215,1,1,zai-org/GLM-4.5-Air,1,0,1,1,neutral,0.0,0.0,0.0
2026-07-17 04:06:50,L-J01_m-glm-4.5-air_sol1_gd1_rs0_bd1_str-neutral_t00_n1,215,2,1,zai-org/GLM-4.5-Air,1,0,1,1,neutral,0.0,5.5,0.0
2026-07-17 04:06:54,L-J01_m-glm-4.5-air_sol1_gd1_rs0_bd1_str-neutral_t00_n1,215,3,1,zai-org/GLM-4.5-Air,1,0,1,1,neutral,0.0,5.5,0.0
2026-07-17 04:07:00,L-J01_m-glm-4.5-air_sol1_gd1_rs0_bd1_str-neutral_t00_n1,216,1,1,zai-org/GLM-4.5-Air,1,0,1,1,neutral,0.0,3.5,0.0
2026-07-17 04:07:06,L-J01_m-glm-4.5-air_sol1_gd1_rs0_bd1_str-neutral_t00_n1,216,2,1,zai-org/GLM-4.5-Air,1,0,1,1,neutral,0.0,7.5,0.0
2026-07-17 04:07:11,L-J01_m-glm-4.5-air_sol1_gd1_rs0_bd1_str-neutral_t00_n1,216,3,1,zai-org/GLM-4.5-Air,1,0,1,1,neutral,0.0,7.5,0.0
2026-07-17 04:07:17,L-J01_m-glm-4.5-air_sol1_gd1_rs0_bd1_str-neutral_t00_n1,217,1,1,zai-org/GLM-4.5-Air,1,0,1,1,neutral,0.0,8.5,0.0
2026-07-17 04:07:22,L-J01_m-glm-4.5-air_sol1_gd1_rs0_bd1_str-neutral_t00_n1,217,2,1,zai-org/GLM-4.5-Air,1,0,1,1,neutral,0.0,8.5,0.0
2026-07-17 04:07:27,L-J01_m-glm-4.5-air_sol1_gd1_rs0_bd1_str-neutral_t00_n1,217,3,1,zai-org/GLM-4.5-Air,1,0,1,1,neutral,0.0,10.5,0.0
2026-07-17 04:07:33,L-J01_m-glm-4.5-air_sol1_gd1_rs0_bd1_str-neutral_t00_n1,218,1,1,zai-org/GLM-4.5-Air,1,0,1,1,neutral,0.0,9.5,0.0
2026-07-17 04:07:38,L-J01_m-glm-4.5-air_sol1_gd1_rs0_bd1_str-neutral_t00_n1,218,2,1,zai-org/GLM-4.5-Air,1,0,1,1,neutral,0.0,5.5,0.0
2026-07-17 04:07:42,L-J01_m-glm-4.5-air_sol1_gd1_rs0_bd1_str-neutral_t00_n1,218,3,1,zai-org/GLM-4.5-Air,1,0,1,1,neutral,0.0,8.5,0.0
2026-07-17 04:07:48,L-J01_m-glm-4.5-air_sol1_gd1_rs0_bd1_str-neutral_t00_n1,219,1,1,zai-org/GLM-4.5-Air,1,0,1,1,neutral,0.0,10.5,4.0
2026-07-17 04:07:53,L-J01_m-glm-4.5-air_sol1_gd1_rs0_bd1_str-neutral_t00_n1,219,2,1,zai-org/GLM-4.5-Air,1,0,1,1,neutral,0.0,8.5,0.0
2026-07-17 04:07:58,L-J01_m-glm-4.5-air_sol1_gd1_rs0_bd1_str-neutral_t00_n1,219,3,1,zai-org/GLM-4.5-Air,1,0,1,1,neutral,0.0,10.5,0.0
2026-07-17 04:08:00,L-J01_m-glm-4.5-air_sol1_gd1_rs0_bd1_str-neutral_t00_n1,219,4,1,zai-org/GLM-4.5-Air,1,0,1,1,neutral,0.0,0.0,0.0
2026-07-17 04:08:06,L-J01_m-glm-4.5-air_sol1_gd1_rs0_bd1_str-neutral_t00_n1,220,1,1,zai-org/GLM-4.5-Air,1,0,1,1,neutral,0.0,7.5,0.0
2026-07-17 04:08:12,L-J01_m-glm-4.5-air_sol1_gd1_rs0_bd1_str-neutral_t00_n1,220,2,1,zai-org/GLM-4.5-Air,1,0,1,1,neutral,0.0,0.0,0.0
2026-07-17 04:08:16,L-J01_m-glm-4.5-air_sol1_gd1_rs0_bd1_str-neutral_t00_n1,220,3,1,zai-org/GLM-4.5-Air,1,0,1,1,neutral,0.0,0.0,0.0
2026-07-17 04:08:22,L-J01_m-glm-4.5-air_sol1_gd1_rs0_bd1_str-neutral_t00_n1,221,1,1,zai-org/GLM-4.5-Air,1,0,1,1,neutral,0.0,8.5,0.0
2026-07-17 04:08:27,L-J01_m-glm-4.5-air_sol1_gd1_rs0_bd1_str-neutral_t00_n1,221,2,1,zai-org/GLM-4.5-Air,1,0,1,1,neutral,0.0,7.5,0.0
2026-07-17 04:08:32,L-J01_m-glm-4.5-air_sol1_gd1_rs0_bd1_str-neutral_t00_n1,221,3,1,zai-org/GLM-4.5-Air,1,0,1,1,neutral,0.0,5.5,0.0
2026-07-17 04:08:37,L-J01_m-glm-4.5-air_sol1_gd1_rs0_bd1_str-neutral_t00_n1,222,1,1,zai-org/GLM-4.5-Air,1,0,1,1,neutral,0.0,7.5,0.0
2026-07-17 04:08:43,L-J01_m-glm-4.5-air_sol1_gd1_rs0_bd1_str-neutral_t00_n1,222,2,1,zai-org/GLM-4.5-Air,1,0,1,1,neutral,0.0,7.5,0.0
2026-07-17 04:08:47,L-J01_m-glm-4.5-air_sol1_gd1_rs0_bd1_str-neutral_t00_n1,222,3,1,zai-org/GLM-4.5-Air,1,0,1,1,neutral,0.0,4.5,0.0
2026-07-17 04:08:49,L-J01_m-glm-4.5-air_sol1_gd1_rs0_bd1_str-neutral_t00_n1,222,4,1,zai-org/GLM-4.5-Air,1,0,1,1,neutral,0.0,0.0,0.0
2026-07-17 04:08:55,L-J01_m-glm-4.5-air_sol1_gd1_rs0_bd1_str-neutral_t00_n1,223,1,1,zai-org/GLM-4.5-Air,1,0,1,1,neutral,0.0,5.5,0.0
2026-07-17 04:09:01,L-J01_m-glm-4.5-air_sol1_gd1_rs0_bd1_str-neutral_t00_n1,223,2,1,zai-org/GLM-4.5-Air,1,0,1,1,neutral,0.0,5.5,0.0
2026-07-17 04:09:05,L-J01_m-glm-4.5-air_sol1_gd1_rs0_bd1_str-neutral_t00_n1,223,3,1,zai-org/GLM-4.5-Air,1,0,1,1,neutral,0.0,0.0,0.0
2026-07-17 04:09:11,L-J01_m-glm-4.5-air_sol1_gd1_rs0_bd1_str-neutral_t00_n1,224,1,1,zai-org/GLM-4.5-Air,1,0,1,1,neutral,0.0,7.5,0.0
2026-07-17 04:09:16,L-J01_m-glm-4.5-air_sol1_gd1_rs0_bd1_str-neutral_t00_n1,224,2,1,zai-org/GLM-4.5-Air,1,0,1,1,neutral,0.0,8.5,0.0
2026-07-17 04:09:20,L-J01_m-glm-4.5-air_sol1_gd1_rs0_bd1_str-neutral_t00_n1,224,3,1,zai-org/GLM-4.5-Air,1,0,1,1,neutral,0.0,5.5,0.0
2026-07-17 04:09:26,L-J01_m-glm-4.5-air_sol1_gd1_rs0_bd1_str-neutral_t00_n1,225,1,1,zai-org/GLM-4.5-Air,1,0,1,1,neutral,0.0,9.5,0.0
2026-07-17 04:09:31,L-J01_m-glm-4.5-air_sol1_gd1_rs0_bd1_str-neutral_t00_n1,225,2,1,zai-org/GLM-4.5-Air,1,0,1,1,neutral,0.0,7.5,0.0
2026-07-17 04:09:36,L-J01_m-glm-4.5-air_sol1_gd1_rs0_bd1_str-neutral_t00_n1,225,3,1,zai-org/GLM-4.5-Air,1,0,1,1,neutral,0.0,3.5,0.0
2026-07-17 04:09:42,L-J01_m-glm-4.5-air_sol1_gd1_rs0_bd1_str-neutral_t00_n1,226,1,1,zai-org/GLM-4.5-Air,1,0,1,1,neutral,0.0,7.5,0.0
2026-07-17 04:09:47,L-J01_m-glm-4.5-air_sol1_gd1_rs0_bd1_str-neutral_t00_n1,226,2,1,zai-org/GLM-4.5-Air,1,0,1,1,neutral,0.0,5.5,0.0
2026-07-17 04:09:51,L-J01_m-glm-4.5-air_sol1_gd1_rs0_bd1_str-neutral_t00_n1,226,3,1,zai-org/GLM-4.5-Air,1,0,1,1,neutral,0.0,5.5,0.0
2026-07-17 04:09:57,L-J01_m-glm-4.5-air_sol1_gd1_rs0_bd1_str-neutral_t00_n1,227,1,1,zai-org/GLM-4.5-Air,1,0,1,1,neutral,0.0,7.5,0.0
2026-07-17 04:10:02,L-J01_m-glm-4.5-air_sol1_gd1_rs0_bd1_str-neutral_t00_n1,227,2,1,zai-org/GLM-4.5-Air,1,0,1,1,neutral,0.0,7.5,0.0
2026-07-17 04:10:06,L-J01_m-glm-4.5-air_sol1_gd1_rs0_bd1_str-neutral_t00_n1,227,3,1,zai-org/GLM-4.5-Air,1,0,1,1,neutral,0.0,2.5,0.0
2026-07-17 04:10:12,L-J01_m-glm-4.5-air_sol1_gd1_rs0_bd1_str-neutral_t00_n1,228,1,1,zai-org/GLM-4.5-Air,1,0,1,1,neutral,0.0,10.5,0.0
2026-07-17 04:10:17,L-J01_m-glm-4.5-air_sol1_gd1_rs0_bd1_str-neutral_t00_n1,228,2,1,zai-org/GLM-4.5-Air,1,0,1,1,neutral,0.0,7.5,0.0
2026-07-17 04:10:21,L-J01_m-glm-4.5-air_sol1_gd1_rs0_bd1_str-neutral_t00_n1,228,3,1,zai-org/GLM-4.5-Air,1,0,1,1,neutral,0.0,10.5,0.0
2026-07-17 04:10:27,L-J01_m-glm-4.5-air_sol1_gd1_rs0_bd1_str-neutral_t00_n1,229,1,1,zai-org/GLM-4.5-Air,1,0,1,1,neutral,0.0,11.5,0.0
2026-07-17 04:10:32,L-J01_m-glm-4.5-air_sol1_gd1_rs0_bd1_str-neutral_t00_n1,229,2,1,zai-org/GLM-4.5-Air,1,0,1,1,neutral,0.0,9.5,0.0
2026-07-17 04:10:37,L-J01_m-glm-4.5-air_sol1_gd1_rs0_bd1_str-neutral_t00_n1,229,3,1,zai-org/GLM-4.5-Air,1,0,1,1,neutral,0.0,10.5,0.0
2026-07-17 04:10:39,L-J01_m-glm-4.5-air_sol1_gd1_rs0_bd1_str-neutral_t00_n1,229,4,1,zai-org/GLM-4.5-Air,1,0,1,1,neutral,0.0,0.0,0.0
2026-07-17 04:10:45,L-J01_m-glm-4.5-air_sol1_gd1_rs0_bd1_str-neutral_t00_n1,230,1,1,zai-org/GLM-4.5-Air,1,0,1,1,neutral,0.0,10.5,0.0
2026-07-17 04:10:50,L-J01_m-glm-4.5-air_sol1_gd1_rs0_bd1_str-neutral_t00_n1,230,2,1,zai-org/GLM-4.5-Air,1,0,1,1,neutral,0.0,8.5,0.0
2026-07-17 04:10:54,L-J01_m-glm-4.5-air_sol1_gd1_rs0_bd1_str-neutral_t00_n1,230,3,1,zai-org/GLM-4.5-Air,1,0,1,1,neutral,0.0,9.5,0.0
2026-07-17 04:10:56,L-J01_m-glm-4.5-air_sol1_gd1_rs0_bd1_str-neutral_t00_n1,230,4,1,zai-org/GLM-4.5-Air,1,0,1,1,neutral,0.0,0.0,0.0
2026-07-17 04:11:02,L-J01_m-glm-4.5-air_sol1_gd1_rs0_bd1_str-neutral_t00_n1,231,1,1,zai-org/GLM-4.5-Air,1,0,1,1,neutral,0.0,10.5,0.0
2026-07-17 04:11:07,L-J01_m-glm-4.5-air_sol1_gd1_rs0_bd1_str-neutral_t00_n1,231,2,1,zai-org/GLM-4.5-Air,1,0,1,1,neutral,0.0,7.5,0.0
2026-07-17 04:11:12,L-J01_m-glm-4.5-air_sol1_gd1_rs0_bd1_str-neutral_t00_n1,231,3,1,zai-org/GLM-4.5-Air,1,0,1,1,neutral,0.0,5.5,0.0
2026-07-17 04:11:18,L-J01_m-glm-4.5-air_sol1_gd1_rs0_bd1_str-neutral_t00_n1,232,1,1,zai-org/GLM-4.5-Air,1,0,1,1,neutral,0.0,7.5,0.0
2026-07-17 04:11:23,L-J01_m-glm-4.5-air_sol1_gd1_rs0_bd1_str-neutral_t00_n1,232,2,1,zai-org/GLM-4.5-Air,1,0,1,1,neutral,0.0,5.5,0.0
2026-07-17 04:11:27,L-J01_m-glm-4.5-air_sol1_gd1_rs0_bd1_str-neutral_t00_n1,232,3,1,zai-org/GLM-4.5-Air,1,0,1,1,neutral,0.0,8.5,0.0
2026-07-17 04:11:33,L-J01_m-glm-4.5-air_sol1_gd1_rs0_bd1_str-neutral_t00_n1,233,1,1,zai-org/GLM-4.5-Air,1,0,1,1,neutral,0.0,5.5,0.0
2026-07-17 04:11:38,L-J01_m-glm-4.5-air_sol1_gd1_rs0_bd1_str-neutral_t00_n1,233,2,1,zai-org/GLM-4.5-Air,1,0,1,1,neutral,0.0,8.5,0.0
2026-07-17 04:11:46,L-J01_m-glm-4.5-air_sol1_gd1_rs0_bd1_str-neutral_t00_n1,233,3,1,zai-org/GLM-4.5-Air,1,0,1,1,neutral,0.0,7.5,0.0
2026-07-17 04:11:52,L-J01_m-glm-4.5-air_sol1_gd1_rs0_bd1_str-neutral_t00_n1,234,1,1,zai-org/GLM-4.5-Air,1,0,1,1,neutral,0.0,3.5,0.0
2026-07-17 04:11:57,L-J01_m-glm-4.5-air_sol1_gd1_rs0_bd1_str-neutral_t00_n1,234,2,1,zai-org/GLM-4.5-Air,1,0,1,1,neutral,0.0,7.5,0.0
2026-07-17 04:12:01,L-J01_m-glm-4.5-air_sol1_gd1_rs0_bd1_str-neutral_t00_n1,234,3,1,zai-org/GLM-4.5-Air,1,0,1,1,neutral,0.0,4.5,0.0
2026-07-17 04:12:07,L-J01_m-glm-4.5-air_sol1_gd1_rs0_bd1_str-neutral_t00_n1,235,1,1,zai-org/GLM-4.5-Air,1,0,1,1,neutral,0.0,8.5,0.0
2026-07-17 04:12:12,L-J01_m-glm-4.5-air_sol1_gd1_rs0_bd1_str-neutral_t00_n1,235,2,1,zai-org/GLM-4.5-Air,1,0,1,1,neutral,0.0,8.5,0.0
2026-07-17 04:12:17,L-J01_m-glm-4.5-air_sol1_gd1_rs0_bd1_str-neutral_t00_n1,235,3,1,zai-org/GLM-4.5-Air,1,0,1,1,neutral,0.0,5.5,0.0
2026-07-17 04:12:23,L-J01_m-glm-4.5-air_sol1_gd1_rs0_bd1_str-neutral_t00_n1,236,1,1,zai-org/GLM-4.5-Air,1,0,1,1,neutral,0.0,9.5,4.0
2026-07-17 04:12:28,L-J01_m-glm-4.5-air_sol1_gd1_rs0_bd1_str-neutral_t00_n1,236,2,1,zai-org/GLM-4.5-Air,1,0,1,1,neutral,0.0,0.0,0.0
2026-07-17 04:12:33,L-J01_m-glm-4.5-air_sol1_gd1_rs0_bd1_str-neutral_t00_n1,236,3,1,zai-org/GLM-4.5-Air,1,0,1,1,neutral,0.0,10.5,0.0
2026-07-17 04:12:35,L-J01_m-glm-4.5-air_sol1_gd1_rs0_bd1_str-neutral_t00_n1,236,4,1,zai-org/GLM-4.5-Air,1,0,1,1,neutral,0.0,0.0,5.0
2026-07-17 04:12:41,L-J01_m-glm-4.5-air_sol1_gd1_rs0_bd1_str-neutral_t00_n1,237,1,1,zai-org/GLM-4.5-Air,1,0,1,1,neutral,0.0,10.5,0.0
2026-07-17 04:12:46,L-J01_m-glm-4.5-air_sol1_gd1_rs0_bd1_str-neutral_t00_n1,237,2,1,zai-org/GLM-4.5-Air,1,0,1,1,neutral,0.0,9.5,0.0
2026-07-17 04:12:50,L-J01_m-glm-4.5-air_sol1_gd1_rs0_bd1_str-neutral_t00_n1,237,3,1,zai-org/GLM-4.5-Air,1,0,1,1,neutral,0.0,10.5,0.0
2026-07-17 04:12:56,L-J01_m-glm-4.5-air_sol1_gd1_rs0_bd1_str-neutral_t00_n1,238,1,1,zai-org/GLM-4.5-Air,1,0,1,1,neutral,0.0,7.5,0.0
2026-07-17 04:13:01,L-J01_m-glm-4.5-air_sol1_gd1_rs0_bd1_str-neutral_t00_n1,238,2,1,zai-org/GLM-4.5-Air,1,0,1,1,neutral,0.0,7.5,0.0
2026-07-17 04:13:06,L-J01_m-glm-4.5-air_sol1_gd1_rs0_bd1_str-neutral_t00_n1,238,3,1,zai-org/GLM-4.5-Air,1,0,1,1,neutral,0.0,5.5,0.0
2026-07-17 04:13:11,L-J01_m-glm-4.5-air_sol1_gd1_rs0_bd1_str-neutral_t00_n1,239,1,1,zai-org/GLM-4.5-Air,1,0,1,1,neutral,0.0,7.5,0.0
2026-07-17 04:13:17,L-J01_m-glm-4.5-air_sol1_gd1_rs0_bd1_str-neutral_t00_n1,239,2,1,zai-org/GLM-4.5-Air,1,0,1,1,neutral,0.0,7.5,0.0
2026-07-17 04:13:21,L-J01_m-glm-4.5-air_sol1_gd1_rs0_bd1_str-neutral_t00_n1,239,3,1,zai-org/GLM-4.5-Air,1,0,1,1,neutral,0.0,4.5,0.0
2026-07-17 04:13:23,L-J01_m-glm-4.5-air_sol1_gd1_rs0_bd1_str-neutral_t00_n1,239,4,1,zai-org/GLM-4.5-Air,1,0,1,1,neutral,0.0,0.0,0.0
2026-07-17 04:13:34,L-J01_m-glm-4.5-air_sol1_gd1_rs0_bd1_str-neutral_t00_n1,240,1,1,zai-org/GLM-4.5-Air,1,0,1,1,neutral,0.0,5.5,0.0
2026-07-17 04:13:39,L-J01_m-glm-4.5-air_sol1_gd1_rs0_bd1_str-neutral_t00_n1,240,2,1,zai-org/GLM-4.5-Air,1,0,1,1,neutral,0.0,9.5,0.0
2026-07-17 04:13:43,L-J01_m-glm-4.5-air_sol1_gd1_rs0_bd1_str-neutral_t00_n1,240,3,1,zai-org/GLM-4.5-Air,1,0,1,1,neutral,0.0,10.5,0.0
2026-07-17 04:13:45,L-J01_m-glm-4.5-air_sol1_gd1_rs0_bd1_str-neutral_t00_n1,240,4,1,zai-org/GLM-4.5-Air,1,0,1,1,neutral,0.0,0.0,0.0
2026-07-17 04:13:51,L-J01_m-glm-4.5-air_sol1_gd1_rs0_bd1_str-neutral_t00_n1,241,1,1,zai-org/GLM-4.5-Air,1,0,1,1,neutral,0.0,0.0,0.0
2026-07-17 04:13:57,L-J01_m-glm-4.5-air_sol1_gd1_rs0_bd1_str-neutral_t00_n1,241,2,1,zai-org/GLM-4.5-Air,1,0,1,1,neutral,0.0,5.5,0.0
2026-07-17 04:14:01,L-J01_m-glm-4.5-air_sol1_gd1_rs0_bd1_str-neutral_t00_n1,241,3,1,zai-org/GLM-4.5-Air,1,0,1,1,neutral,0.0,1.5,0.0
2026-07-17 04:14:07,L-J01_m-glm-4.5-air_sol1_gd1_rs0_bd1_str-neutral_t00_n1,242,1,1,zai-org/GLM-4.5-Air,1,0,1,1,neutral,0.0,8.5,0.0
2026-07-17 04:14:12,L-J01_m-glm-4.5-air_sol1_gd1_rs0_bd1_str-neutral_t00_n1,242,2,1,zai-org/GLM-4.5-Air,1,0,1,1,neutral,0.0,9.5,0.0
2026-07-17 04:14:16,L-J01_m-glm-4.5-air_sol1_gd1_rs0_bd1_str-neutral_t00_n1,242,3,1,zai-org/GLM-4.5-Air,1,0,1,1,neutral,0.0,10.5,0.0
2026-07-17 04:14:19,L-J01_m-glm-4.5-air_sol1_gd1_rs0_bd1_str-neutral_t00_n1,242,4,1,zai-org/GLM-4.5-Air,1,0,1,1,neutral,0.0,0.0,0.0
2026-07-17 04:14:24,L-J01_m-glm-4.5-air_sol1_gd1_rs0_bd1_str-neutral_t00_n1,243,1,1,zai-org/GLM-4.5-Air,1,0,1,1,neutral,0.0,7.5,0.0
2026-07-17 04:14:30,L-J01_m-glm-4.5-air_sol1_gd1_rs0_bd1_str-neutral_t00_n1,243,2,1,zai-org/GLM-4.5-Air,1,0,1,1,neutral,0.0,5.5,0.0
2026-07-17 04:14:35,L-J01_m-glm-4.5-air_sol1_gd1_rs0_bd1_str-neutral_t00_n1,243,3,1,zai-org/GLM-4.5-Air,1,0,1,1,neutral,0.0,5.5,0.0
2026-07-17 04:14:43,L-J01_m-glm-4.5-air_sol1_gd1_rs0_bd1_str-neutral_t00_n1,244,1,1,zai-org/GLM-4.5-Air,1,0,1,1,neutral,0.0,0.0,0.0
2026-07-17 04:14:50,L-J01_m-glm-4.5-air_sol1_gd1_rs0_bd1_str-neutral_t00_n1,244,2,1,zai-org/GLM-4.5-Air,1,0,1,1,neutral,0.0,0.0,0.0
2026-07-17 04:14:55,L-J01_m-glm-4.5-air_sol1_gd1_rs0_bd1_str-neutral_t00_n1,244,3,1,zai-org/GLM-4.5-Air,1,0,1,1,neutral,0.0,0.0,0.0
2026-07-17 04:15:02,L-J01_m-glm-4.5-air_sol1_gd1_rs0_bd1_str-neutral_t00_n1,245,1,1,zai-org/GLM-4.5-Air,1,0,1,1,neutral,0.0,5.5,0.0
2026-07-17 04:15:07,L-J01_m-glm-4.5-air_sol1_gd1_rs0_bd1_str-neutral_t00_n1,245,2,1,zai-org/GLM-4.5-Air,1,0,1,1,neutral,0.0,7.5,0.0
2026-07-17 04:15:11,L-J01_m-glm-4.5-air_sol1_gd1_rs0_bd1_str-neutral_t00_n1,245,3,1,zai-org/GLM-4.5-Air,1,0,1,1,neutral,0.0,5.5,0.0
2026-07-17 04:15:17,L-J01_m-glm-4.5-air_sol1_gd1_rs0_bd1_str-neutral_t00_n1,246,1,1,zai-org/GLM-4.5-Air,1,0,1,1,neutral,0.0,8.5,0.0
2026-07-17 04:15:22,L-J01_m-glm-4.5-air_sol1_gd1_rs0_bd1_str-neutral_t00_n1,246,2,1,zai-org/GLM-4.5-Air,1,0,1,1,neutral,0.0,8.5,0.0
2026-07-17 04:15:26,L-J01_m-glm-4.5-air_sol1_gd1_rs0_bd1_str-neutral_t00_n1,246,3,1,zai-org/GLM-4.5-Air,1,0,1,1,neutral,0.0,5.5,0.0
2026-07-17 04:15:32,L-J01_m-glm-4.5-air_sol1_gd1_rs0_bd1_str-neutral_t00_n1,247,1,1,zai-org/GLM-4.5-Air,1,0,1,1,neutral,0.0,8.5,0.0
2026-07-17 04:15:38,L-J01_m-glm-4.5-air_sol1_gd1_rs0_bd1_str-neutral_t00_n1,247,2,1,zai-org/GLM-4.5-Air,1,0,1,1,neutral,0.0,8.5,0.0
2026-07-17 04:15:46,L-J01_m-glm-4.5-air_sol1_gd1_rs0_bd1_str-neutral_t00_n1,247,3,1,zai-org/GLM-4.5-Air,1,0,1,1,neutral,0.0,7.5,0.0
2026-07-17 04:15:52,L-J01_m-glm-4.5-air_sol1_gd1_rs0_bd1_str-neutral_t00_n1,248,1,1,zai-org/GLM-4.5-Air,1,0,1,1,neutral,0.0,8.5,0.0
2026-07-17 04:15:57,L-J01_m-glm-4.5-air_sol1_gd1_rs0_bd1_str-neutral_t00_n1,248,2,1,zai-org/GLM-4.5-Air,1,0,1,1,neutral,0.0,5.5,0.0
2026-07-17 04:16:01,L-J01_m-glm-4.5-air_sol1_gd1_rs0_bd1_str-neutral_t00_n1,248,3,1,zai-org/GLM-4.5-Air,1,0,1,1,neutral,0.0,0.0,0.0
2026-07-17 04:16:09,L-J01_m-glm-4.5-air_sol1_gd1_rs0_bd1_str-neutral_t00_n1,249,1,1,zai-org/GLM-4.5-Air,1,0,1,1,neutral,0.0,0.0,0.0
2026-07-17 04:16:14,L-J01_m-glm-4.5-air_sol1_gd1_rs0_bd1_str-neutral_t00_n1,249,2,1,zai-org/GLM-4.5-Air,1,0,1,1,neutral,0.0,7.5,0.0
2026-07-17 04:16:18,L-J01_m-glm-4.5-air_sol1_gd1_rs0_bd1_str-neutral_t00_n1,249,3,1,zai-org/GLM-4.5-Air,1,0,1,1,neutral,0.0,4.5,0.0
2026-07-17 04:16:24,L-J01_m-glm-4.5-air_sol1_gd1_rs0_bd1_str-neutral_t00_n1,250,1,1,zai-org/GLM-4.5-Air,1,0,1,1,neutral,0.0,10.5,0.0
2026-07-17 04:16:29,L-J01_m-glm-4.5-air_sol1_gd1_rs0_bd1_str-neutral_t00_n1,250,2,1,zai-org/GLM-4.5-Air,1,0,1,1,neutral,0.0,8.5,0.0
2026-07-17 04:16:33,L-J01_m-glm-4.5-air_sol1_gd1_rs0_bd1_str-neutral_t00_n1,250,3,1,zai-org/GLM-4.5-Air,1,0,1,1,neutral,0.0,0.0,0.0
2026-07-17 04:16:36,L-J01_m-glm-4.5-air_sol1_gd1_rs0_bd1_str-neutral_t00_n1,250,4,1,zai-org/GLM-4.5-Air,1,0,1,1,neutral,0.0,0.0,0.0
2026-07-17 04:16:43,L-J01_m-glm-4.5-air_sol1_gd1_rs0_bd1_str-neutral_t00_n1,251,1,1,zai-org/GLM-4.5-Air,1,0,1,1,neutral,0.0,0.0,0.0
2026-07-17 04:16:49,L-J01_m-glm-4.5-air_sol1_gd1_rs0_bd1_str-neutral_t00_n1,251,2,1,zai-org/GLM-4.5-Air,1,0,1,1,neutral,0.0,5.5,0.0
2026-07-17 04:16:53,L-J01_m-glm-4.5-air_sol1_gd1_rs0_bd1_str-neutral_t00_n1,251,3,1,zai-org/GLM-4.5-Air,1,0,1,1,neutral,0.0,0.0,0.0
2026-07-17 04:16:59,L-J01_m-glm-4.5-air_sol1_gd1_rs0_bd1_str-neutral_t00_n1,252,1,1,zai-org/GLM-4.5-Air,1,0,1,1,neutral,0.0,9.5,0.0
2026-07-17 04:17:04,L-J01_m-glm-4.5-air_sol1_gd1_rs0_bd1_str-neutral_t00_n1,252,2,1,zai-org/GLM-4.5-Air,1,0,1,1,neutral,0.0,7.5,0.0
2026-07-17 04:17:09,L-J01_m-glm-4.5-air_sol1_gd1_rs0_bd1_str-neutral_t00_n1,252,3,1,zai-org/GLM-4.5-Air,1,0,1,1,neutral,0.0,10.5,0.0
2026-07-17 04:17:15,L-J01_m-glm-4.5-air_sol1_gd1_rs0_bd1_str-neutral_t00_n1,253,1,1,zai-org/GLM-4.5-Air,1,0,1,1,neutral,0.0,4.5,0.0
2026-07-17 04:17:26,L-J01_m-glm-4.5-air_sol1_gd1_rs0_bd1_str-neutral_t00_n1,253,2,1,zai-org/GLM-4.5-Air,1,0,1,1,neutral,0.0,0.0,0.0
2026-07-17 04:17:31,L-J01_m-glm-4.5-air_sol1_gd1_rs0_bd1_str-neutral_t00_n1,253,3,1,zai-org/GLM-4.5-Air,1,0,1,1,neutral,0.0,7.5,0.0
2026-07-17 04:17:40,L-J01_m-glm-4.5-air_sol1_gd1_rs0_bd1_str-neutral_t00_n1,254,1,1,zai-org/GLM-4.5-Air,1,0,1,1,neutral,0.0,1.5,0.0
2026-07-17 04:17:45,L-J01_m-glm-4.5-air_sol1_gd1_rs0_bd1_str-neutral_t00_n1,254,2,1,zai-org/GLM-4.5-Air,1,0,1,1,neutral,0.0,0.0,0.0
2026-07-17 04:17:49,L-J01_m-glm-4.5-air_sol1_gd1_rs0_bd1_str-neutral_t00_n1,254,3,1,zai-org/GLM-4.5-Air,1,0,1,1,neutral,0.0,0.0,0.0
2026-07-17 04:17:51,L-J01_m-glm-4.5-air_sol1_gd1_rs0_bd1_str-neutral_t00_n1,254,4,1,zai-org/GLM-4.5-Air,1,0,1,1,neutral,0.0,0.0,0.0
2026-07-17 04:17:57,L-J01_m-glm-4.5-air_sol1_gd1_rs0_bd1_str-neutral_t00_n1,255,1,1,zai-org/GLM-4.5-Air,1,0,1,1,neutral,0.0,11.0,0.0
2026-07-17 04:18:02,L-J01_m-glm-4.5-air_sol1_gd1_rs0_bd1_str-neutral_t00_n1,255,2,1,zai-org/GLM-4.5-Air,1,0,1,1,neutral,0.0,8.5,0.0
2026-07-17 04:18:06,L-J01_m-glm-4.5-air_sol1_gd1_rs0_bd1_str-neutral_t00_n1,255,3,1,zai-org/GLM-4.5-Air,1,0,1,1,neutral,0.0,8.5,0.0
2026-07-17 04:18:12,L-J01_m-glm-4.5-air_sol1_gd1_rs0_bd1_str-neutral_t00_n1,256,1,1,zai-org/GLM-4.5-Air,1,0,1,1,neutral,0.0,10.5,0.0
2026-07-17 04:18:18,L-J01_m-glm-4.5-air_sol1_gd1_rs0_bd1_str-neutral_t00_n1,256,2,1,zai-org/GLM-4.5-Air,1,0,1,1,neutral,0.0,8.5,0.0
2026-07-17 04:18:22,L-J01_m-glm-4.5-air_sol1_gd1_rs0_bd1_str-neutral_t00_n1,256,3,1,zai-org/GLM-4.5-Air,1,0,1,1,neutral,0.0,10.5,0.0
2026-07-17 04:18:25,L-J01_m-glm-4.5-air_sol1_gd1_rs0_bd1_str-neutral_t00_n1,256,4,1,zai-org/GLM-4.5-Air,1,0,1,1,neutral,0.0,0.0,5.0
2026-07-17 04:18:30,L-J01_m-glm-4.5-air_sol1_gd1_rs0_bd1_str-neutral_t00_n1,257,1,1,zai-org/GLM-4.5-Air,1,0,1,1,neutral,0.0,7.5,0.0
2026-07-17 04:18:36,L-J01_m-glm-4.5-air_sol1_gd1_rs0_bd1_str-neutral_t00_n1,257,2,1,zai-org/GLM-4.5-Air,1,0,1,1,neutral,0.0,3.5,0.0
2026-07-17 04:18:40,L-J01_m-glm-4.5-air_sol1_gd1_rs0_bd1_str-neutral_t00_n1,257,3,1,zai-org/GLM-4.5-Air,1,0,1,1,neutral,0.0,1.5,0.0
2026-07-17 04:18:46,L-J01_m-glm-4.5-air_sol1_gd1_rs0_bd1_str-neutral_t00_n1,258,1,1,zai-org/GLM-4.5-Air,1,0,1,1,neutral,0.0,8.5,0.0
2026-07-17 04:18:51,L-J01_m-glm-4.5-air_sol1_gd1_rs0_bd1_str-neutral_t00_n1,258,2,1,zai-org/GLM-4.5-Air,1,0,1,1,neutral,0.0,5.5,0.0
2026-07-17 04:18:56,L-J01_m-glm-4.5-air_sol1_gd1_rs0_bd1_str-neutral_t00_n1,258,3,1,zai-org/GLM-4.5-Air,1,0,1,1,neutral,0.0,8.5,0.0
2026-07-17 04:18:58,L-J01_m-glm-4.5-air_sol1_gd1_rs0_bd1_str-neutral_t00_n1,258,4,1,zai-org/GLM-4.5-Air,1,0,1,1,neutral,0.0,0.0,0.0
2026-07-17 04:19:04,L-J01_m-glm-4.5-air_sol1_gd1_rs0_bd1_str-neutral_t00_n1,259,1,1,zai-org/GLM-4.5-Air,1,0,1,1,neutral,0.0,8.5,0.0
2026-07-17 04:19:09,L-J01_m-glm-4.5-air_sol1_gd1_rs0_bd1_str-neutral_t00_n1,259,2,1,zai-org/GLM-4.5-Air,1,0,1,1,neutral,0.0,5.5,0.0
2026-07-17 04:19:15,L-J01_m-glm-4.5-air_sol1_gd1_rs0_bd1_str-neutral_t00_n1,259,3,1,zai-org/GLM-4.5-Air,1,0,1,1,neutral,0.0,7.5,0.0
2026-07-17 04:19:17,L-J01_m-glm-4.5-air_sol1_gd1_rs0_bd1_str-neutral_t00_n1,259,4,1,zai-org/GLM-4.5-Air,1,0,1,1,neutral,0.0,0.0,0.0
2026-07-17 04:19:32,L-J01_m-glm-4.5-air_sol1_gd1_rs0_bd1_str-neutral_t00_n1,260,1,1,zai-org/GLM-4.5-Air,1,0,1,1,neutral,0.0,0.0,0.0
2026-07-17 04:19:37,L-J01_m-glm-4.5-air_sol1_gd1_rs0_bd1_str-neutral_t00_n1,260,2,1,zai-org/GLM-4.5-Air,1,0,1,1,neutral,0.0,5.5,0.0
2026-07-17 04:19:41,L-J01_m-glm-4.5-air_sol1_gd1_rs0_bd1_str-neutral_t00_n1,260,3,1,zai-org/GLM-4.5-Air,1,0,1,1,neutral,0.0,3.5,0.0
2026-07-17 04:19:44,L-J01_m-glm-4.5-air_sol1_gd1_rs0_bd1_str-neutral_t00_n1,260,4,1,zai-org/GLM-4.5-Air,1,0,1,1,neutral,0.0,0.0,0.0
2026-07-17 04:19:50,L-J01_m-glm-4.5-air_sol1_gd1_rs0_bd1_str-neutral_t00_n1,261,1,1,zai-org/GLM-4.5-Air,1,0,1,1,neutral,0.0,8.5,0.0
2026-07-17 04:19:55,L-J01_m-glm-4.5-air_sol1_gd1_rs0_bd1_str-neutral_t00_n1,261,2,1,zai-org/GLM-4.5-Air,1,0,1,1,neutral,0.0,7.5,0.0
2026-07-17 04:20:00,L-J01_m-glm-4.5-air_sol1_gd1_rs0_bd1_str-neutral_t00_n1,261,3,1,zai-org/GLM-4.5-Air,1,0,1,1,neutral,0.0,5.5,0.0
2026-07-17 04:20:06,L-J01_m-glm-4.5-air_sol1_gd1_rs0_bd1_str-neutral_t00_n1,262,1,1,zai-org/GLM-4.5-Air,1,0,1,1,neutral,0.0,11.5,0.0
2026-07-17 04:20:11,L-J01_m-glm-4.5-air_sol1_gd1_rs0_bd1_str-neutral_t00_n1,262,2,1,zai-org/GLM-4.5-Air,1,0,1,1,neutral,0.0,10.5,0.0
2026-07-17 04:20:16,L-J01_m-glm-4.5-air_sol1_gd1_rs0_bd1_str-neutral_t00_n1,262,3,1,zai-org/GLM-4.5-Air,1,0,1,1,neutral,0.0,9.5,0.0
2026-07-17 04:20:18,L-J01_m-glm-4.5-air_sol1_gd1_rs0_bd1_str-neutral_t00_n1,262,4,1,zai-org/GLM-4.5-Air,1,0,1,1,neutral,0.0,0.0,5.0
2026-07-17 04:20:24,L-J01_m-glm-4.5-air_sol1_gd1_rs0_bd1_str-neutral_t00_n1,263,1,1,zai-org/GLM-4.5-Air,1,0,1,1,neutral,0.0,8.5,0.0
2026-07-17 04:20:29,L-J01_m-glm-4.5-air_sol1_gd1_rs0_bd1_str-neutral_t00_n1,263,2,1,zai-org/GLM-4.5-Air,1,0,1,1,neutral,0.0,7.5,0.0
2026-07-17 04:20:34,L-J01_m-glm-4.5-air_sol1_gd1_rs0_bd1_str-neutral_t00_n1,263,3,1,zai-org/GLM-4.5-Air,1,0,1,1,neutral,0.0,4.5,0.0
2026-07-17 04:20:36,L-J01_m-glm-4.5-air_sol1_gd1_rs0_bd1_str-neutral_t00_n1,263,4,1,zai-org/GLM-4.5-Air,1,0,1,1,neutral,0.0,0.0,0.0
2026-07-17 04:20:42,L-J01_m-glm-4.5-air_sol1_gd1_rs0_bd1_str-neutral_t00_n1,264,1,1,zai-org/GLM-4.5-Air,1,0,1,1,neutral,0.0,1.5,0.0
2026-07-17 04:20:47,L-J01_m-glm-4.5-air_sol1_gd1_rs0_bd1_str-neutral_t00_n1,264,2,1,zai-org/GLM-4.5-Air,1,0,1,1,neutral,0.0,7.5,0.0
2026-07-17 04:20:51,L-J01_m-glm-4.5-air_sol1_gd1_rs0_bd1_str-neutral_t00_n1,264,3,1,zai-org/GLM-4.5-Air,1,0,1,1,neutral,0.0,9.5,0.0
2026-07-17 04:20:57,L-J01_m-glm-4.5-air_sol1_gd1_rs0_bd1_str-neutral_t00_n1,265,1,1,zai-org/GLM-4.5-Air,1,0,1,1,neutral,0.0,8.5,0.0
2026-07-17 04:21:02,L-J01_m-glm-4.5-air_sol1_gd1_rs0_bd1_str-neutral_t00_n1,265,2,1,zai-org/GLM-4.5-Air,1,0,1,1,neutral,0.0,8.5,0.0
2026-07-17 04:21:07,L-J01_m-glm-4.5-air_sol1_gd1_rs0_bd1_str-neutral_t00_n1,265,3,1,zai-org/GLM-4.5-Air,1,0,1,1,neutral,0.0,10.5,0.0
2026-07-17 04:21:13,L-J01_m-glm-4.5-air_sol1_gd1_rs0_bd1_str-neutral_t00_n1,266,1,1,zai-org/GLM-4.5-Air,1,0,1,1,neutral,0.0,5.5,0.0
2026-07-17 04:21:19,L-J01_m-glm-4.5-air_sol1_gd1_rs0_bd1_str-neutral_t00_n1,267,1,1,zai-org/GLM-4.5-Air,1,0,1,1,neutral,0.0,10.5,0.0
2026-07-17 04:21:25,L-J01_m-glm-4.5-air_sol1_gd1_rs0_bd1_str-neutral_t00_n1,267,2,1,zai-org/GLM-4.5-Air,1,0,1,1,neutral,0.0,7.5,0.0
2026-07-17 04:21:29,L-J01_m-glm-4.5-air_sol1_gd1_rs0_bd1_str-neutral_t00_n1,267,3,1,zai-org/GLM-4.5-Air,1,0,1,1,neutral,0.0,10.5,0.0
2026-07-17 04:21:35,L-J01_m-glm-4.5-air_sol1_gd1_rs0_bd1_str-neutral_t00_n1,268,1,1,zai-org/GLM-4.5-Air,1,0,1,1,neutral,0.0,5.5,0.0
2026-07-17 04:21:45,L-J01_m-glm-4.5-air_sol1_gd1_rs0_bd1_str-neutral_t00_n1,268,2,1,zai-org/GLM-4.5-Air,1,0,1,1,neutral,0.0,0.0,0.0
2026-07-17 04:21:50,L-J01_m-glm-4.5-air_sol1_gd1_rs0_bd1_str-neutral_t00_n1,268,3,1,zai-org/GLM-4.5-Air,1,0,1,1,neutral,0.0,9.5,0.0
2026-07-17 04:21:56,L-J01_m-glm-4.5-air_sol1_gd1_rs0_bd1_str-neutral_t00_n1,269,1,1,zai-org/GLM-4.5-Air,1,0,1,1,neutral,0.0,8.5,0.0
2026-07-17 04:22:02,L-J01_m-glm-4.5-air_sol1_gd1_rs0_bd1_str-neutral_t00_n1,269,2,1,zai-org/GLM-4.5-Air,1,0,1,1,neutral,0.0,8.5,0.0
2026-07-17 04:22:06,L-J01_m-glm-4.5-air_sol1_gd1_rs0_bd1_str-neutral_t00_n1,269,3,1,zai-org/GLM-4.5-Air,1,0,1,1,neutral,0.0,5.5,0.0
2026-07-17 04:22:12,L-J01_m-glm-4.5-air_sol1_gd1_rs0_bd1_str-neutral_t00_n1,270,1,1,zai-org/GLM-4.5-Air,1,0,1,1,neutral,0.0,12.0,4.0
2026-07-17 04:22:17,L-J01_m-glm-4.5-air_sol1_gd1_rs0_bd1_str-neutral_t00_n1,270,2,1,zai-org/GLM-4.5-Air,1,0,1,1,neutral,0.0,10.5,4.0
2026-07-17 04:22:21,L-J01_m-glm-4.5-air_sol1_gd1_rs0_bd1_str-neutral_t00_n1,270,3,1,zai-org/GLM-4.5-Air,1,0,1,1,neutral,0.0,10.5,0.0
2026-07-17 04:22:24,L-J01_m-glm-4.5-air_sol1_gd1_rs0_bd1_str-neutral_t00_n1,270,4,1,zai-org/GLM-4.5-Air,1,0,1,1,neutral,0.0,0.0,5.0
2026-07-17 04:22:30,L-J01_m-glm-4.5-air_sol1_gd1_rs0_bd1_str-neutral_t00_n1,271,1,1,zai-org/GLM-4.5-Air,1,0,1,1,neutral,0.0,12.0,4.0
2026-07-17 04:22:35,L-J01_m-glm-4.5-air_sol1_gd1_rs0_bd1_str-neutral_t00_n1,271,2,1,zai-org/GLM-4.5-Air,1,0,1,1,neutral,0.0,9.5,0.0
2026-07-17 04:22:39,L-J01_m-glm-4.5-air_sol1_gd1_rs0_bd1_str-neutral_t00_n1,271,3,1,zai-org/GLM-4.5-Air,1,0,1,1,neutral,0.0,9.5,0.0
2026-07-17 04:22:42,L-J01_m-glm-4.5-air_sol1_gd1_rs0_bd1_str-neutral_t00_n1,271,4,1,zai-org/GLM-4.5-Air,1,0,1,1,neutral,0.0,0.0,5.0
2026-07-17 04:22:48,L-J01_m-glm-4.5-air_sol1_gd1_rs0_bd1_str-neutral_t00_n1,272,1,1,zai-org/GLM-4.5-Air,1,0,1,1,neutral,0.0,0.0,0.0
2026-07-17 04:22:53,L-J01_m-glm-4.5-air_sol1_gd1_rs0_bd1_str-neutral_t00_n1,272,2,1,zai-org/GLM-4.5-Air,1,0,1,1,neutral,0.0,2.5,0.0
2026-07-17 04:22:57,L-J01_m-glm-4.5-air_sol1_gd1_rs0_bd1_str-neutral_t00_n1,272,3,1,zai-org/GLM-4.5-Air,1,0,1,1,neutral,0.0,7.5,0.0
2026-07-17 04:22:59,L-J01_m-glm-4.5-air_sol1_gd1_rs0_bd1_str-neutral_t00_n1,272,4,1,zai-org/GLM-4.5-Air,1,0,1,1,neutral,0.0,0.0,0.0
2026-07-17 04:23:05,L-J01_m-glm-4.5-air_sol1_gd1_rs0_bd1_str-neutral_t00_n1,273,1,1,zai-org/GLM-4.5-Air,1,0,1,1,neutral,0.0,5.5,0.0
2026-07-17 04:23:11,L-J01_m-glm-4.5-air_sol1_gd1_rs0_bd1_str-neutral_t00_n1,273,2,1,zai-org/GLM-4.5-Air,1,0,1,1,neutral,0.0,0.0,0.0
2026-07-17 04:23:15,L-J01_m-glm-4.5-air_sol1_gd1_rs0_bd1_str-neutral_t00_n1,273,3,1,zai-org/GLM-4.5-Air,1,0,1,1,neutral,0.0,1.5,0.0
2026-07-17 04:23:21,L-J01_m-glm-4.5-air_sol1_gd1_rs0_bd1_str-neutral_t00_n1,274,1,1,zai-org/GLM-4.5-Air,1,0,1,1,neutral,0.0,8.5,0.0
2026-07-17 04:23:26,L-J01_m-glm-4.5-air_sol1_gd1_rs0_bd1_str-neutral_t00_n1,274,2,1,zai-org/GLM-4.5-Air,1,0,1,1,neutral,0.0,9.5,0.0
2026-07-17 04:23:30,L-J01_m-glm-4.5-air_sol1_gd1_rs0_bd1_str-neutral_t00_n1,274,3,1,zai-org/GLM-4.5-Air,1,0,1,1,neutral,0.0,3.5,0.0
2026-07-17 04:23:36,L-J01_m-glm-4.5-air_sol1_gd1_rs0_bd1_str-neutral_t00_n1,275,1,1,zai-org/GLM-4.5-Air,1,0,1,1,neutral,0.0,10.5,0.0
2026-07-17 04:23:42,L-J01_m-glm-4.5-air_sol1_gd1_rs0_bd1_str-neutral_t00_n1,275,2,1,zai-org/GLM-4.5-Air,1,0,1,1,neutral,0.0,8.5,0.0
2026-07-17 04:23:46,L-J01_m-glm-4.5-air_sol1_gd1_rs0_bd1_str-neutral_t00_n1,275,3,1,zai-org/GLM-4.5-Air,1,0,1,1,neutral,0.0,3.5,0.0
2026-07-17 04:23:52,L-J01_m-glm-4.5-air_sol1_gd1_rs0_bd1_str-neutral_t00_n1,276,1,1,zai-org/GLM-4.5-Air,1,0,1,1,neutral,0.0,7.5,0.0
2026-07-17 04:23:58,L-J01_m-glm-4.5-air_sol1_gd1_rs0_bd1_str-neutral_t00_n1,276,2,1,zai-org/GLM-4.5-Air,1,0,1,1,neutral,0.0,5.5,0.0
2026-07-17 04:24:02,L-J01_m-glm-4.5-air_sol1_gd1_rs0_bd1_str-neutral_t00_n1,276,3,1,zai-org/GLM-4.5-Air,1,0,1,1,neutral,0.0,8.5,0.0
2026-07-17 04:24:09,L-J01_m-glm-4.5-air_sol1_gd1_rs0_bd1_str-neutral_t00_n1,277,1,1,zai-org/GLM-4.5-Air,1,0,1,1,neutral,0.0,0.0,0.0
2026-07-17 04:24:14,L-J01_m-glm-4.5-air_sol1_gd1_rs0_bd1_str-neutral_t00_n1,277,2,1,zai-org/GLM-4.5-Air,1,0,1,1,neutral,0.0,5.5,0.0
2026-07-17 04:24:18,L-J01_m-glm-4.5-air_sol1_gd1_rs0_bd1_str-neutral_t00_n1,277,3,1,zai-org/GLM-4.5-Air,1,0,1,1,neutral,0.0,0.0,0.0
2026-07-17 04:24:25,L-J01_m-glm-4.5-air_sol1_gd1_rs0_bd1_str-neutral_t00_n1,278,1,1,zai-org/GLM-4.5-Air,1,0,1,1,neutral,0.0,7.5,0.0
2026-07-17 04:24:30,L-J01_m-glm-4.5-air_sol1_gd1_rs0_bd1_str-neutral_t00_n1,278,2,1,zai-org/GLM-4.5-Air,1,0,1,1,neutral,0.0,5.5,0.0
2026-07-17 04:24:34,L-J01_m-glm-4.5-air_sol1_gd1_rs0_bd1_str-neutral_t00_n1,278,3,1,zai-org/GLM-4.5-Air,1,0,1,1,neutral,0.0,10.5,0.0
2026-07-17 04:24:36,L-J01_m-glm-4.5-air_sol1_gd1_rs0_bd1_str-neutral_t00_n1,278,4,1,zai-org/GLM-4.5-Air,1,0,1,1,neutral,0.0,0.0,0.0
2026-07-17 04:24:42,L-J01_m-glm-4.5-air_sol1_gd1_rs0_bd1_str-neutral_t00_n1,279,1,1,zai-org/GLM-4.5-Air,1,0,1,1,neutral,0.0,5.5,0.0
2026-07-17 04:24:50,L-J01_m-glm-4.5-air_sol1_gd1_rs0_bd1_str-neutral_t00_n1,279,2,1,zai-org/GLM-4.5-Air,1,0,1,1,neutral,0.0,0.0,0.0
2026-07-17 04:24:56,L-J01_m-glm-4.5-air_sol1_gd1_rs0_bd1_str-neutral_t00_n1,279,3,1,zai-org/GLM-4.5-Air,1,0,1,1,neutral,0.0,7.5,0.0
2026-07-17 04:25:02,L-J01_m-glm-4.5-air_sol1_gd1_rs0_bd1_str-neutral_t00_n1,280,1,1,zai-org/GLM-4.5-Air,1,0,1,1,neutral,0.0,0.0,0.0
2026-07-17 04:25:07,L-J01_m-glm-4.5-air_sol1_gd1_rs0_bd1_str-neutral_t00_n1,280,2,1,zai-org/GLM-4.5-Air,1,0,1,1,neutral,0.0,7.5,0.0
2026-07-17 04:25:11,L-J01_m-glm-4.5-air_sol1_gd1_rs0_bd1_str-neutral_t00_n1,280,3,1,zai-org/GLM-4.5-Air,1,0,1,1,neutral,0.0,5.5,0.0
2026-07-17 04:25:17,L-J01_m-glm-4.5-air_sol1_gd1_rs0_bd1_str-neutral_t00_n1,281,1,1,zai-org/GLM-4.5-Air,1,0,1,1,neutral,0.0,12.0,4.0
2026-07-17 04:25:23,L-J01_m-glm-4.5-air_sol1_gd1_rs0_bd1_str-neutral_t00_n1,281,2,1,zai-org/GLM-4.5-Air,1,0,1,1,neutral,0.0,10.5,0.0
2026-07-17 04:25:27,L-J01_m-glm-4.5-air_sol1_gd1_rs0_bd1_str-neutral_t00_n1,281,3,1,zai-org/GLM-4.5-Air,1,0,1,1,neutral,0.0,9.5,0.0
2026-07-17 04:25:29,L-J01_m-glm-4.5-air_sol1_gd1_rs0_bd1_str-neutral_t00_n1,281,4,1,zai-org/GLM-4.5-Air,1,0,1,1,neutral,0.0,0.0,5.0
2026-07-17 04:25:35,L-J01_m-glm-4.5-air_sol1_gd1_rs0_bd1_str-neutral_t00_n1,282,1,1,zai-org/GLM-4.5-Air,1,0,1,1,neutral,0.0,9.5,0.0
2026-07-17 04:25:40,L-J01_m-glm-4.5-air_sol1_gd1_rs0_bd1_str-neutral_t00_n1,282,2,1,zai-org/GLM-4.5-Air,1,0,1,1,neutral,0.0,3.5,0.0
2026-07-17 04:25:45,L-J01_m-glm-4.5-air_sol1_gd1_rs0_bd1_str-neutral_t00_n1,282,3,1,zai-org/GLM-4.5-Air,1,0,1,1,neutral,0.0,0.0,0.0
2026-07-17 04:25:51,L-J01_m-glm-4.5-air_sol1_gd1_rs0_bd1_str-neutral_t00_n1,283,1,1,zai-org/GLM-4.5-Air,1,0,1,1,neutral,0.0,5.5,0.0
2026-07-17 04:25:56,L-J01_m-glm-4.5-air_sol1_gd1_rs0_bd1_str-neutral_t00_n1,283,2,1,zai-org/GLM-4.5-Air,1,0,1,1,neutral,0.0,9.5,0.0
2026-07-17 04:26:00,L-J01_m-glm-4.5-air_sol1_gd1_rs0_bd1_str-neutral_t00_n1,283,3,1,zai-org/GLM-4.5-Air,1,0,1,1,neutral,0.0,4.5,0.0
2026-07-17 04:26:06,L-J01_m-glm-4.5-air_sol1_gd1_rs0_bd1_str-neutral_t00_n1,284,1,1,zai-org/GLM-4.5-Air,1,0,1,1,neutral,0.0,8.5,0.0
2026-07-17 04:26:12,L-J01_m-glm-4.5-air_sol1_gd1_rs0_bd1_str-neutral_t00_n1,284,2,1,zai-org/GLM-4.5-Air,1,0,1,1,neutral,0.0,8.5,0.0
2026-07-17 04:26:16,L-J01_m-glm-4.5-air_sol1_gd1_rs0_bd1_str-neutral_t00_n1,284,3,1,zai-org/GLM-4.5-Air,1,0,1,1,neutral,0.0,9.5,0.0
2026-07-17 04:26:18,L-J01_m-glm-4.5-air_sol1_gd1_rs0_bd1_str-neutral_t00_n1,284,4,1,zai-org/GLM-4.5-Air,1,0,1,1,neutral,0.0,0.0,0.0
2026-07-17 04:26:24,L-J01_m-glm-4.5-air_sol1_gd1_rs0_bd1_str-neutral_t00_n1,285,1,1,zai-org/GLM-4.5-Air,1,0,1,1,neutral,0.0,7.5,0.0
2026-07-17 04:26:29,L-J01_m-glm-4.5-air_sol1_gd1_rs0_bd1_str-neutral_t00_n1,285,2,1,zai-org/GLM-4.5-Air,1,0,1,1,neutral,0.0,7.5,0.0
2026-07-17 04:26:33,L-J01_m-glm-4.5-air_sol1_gd1_rs0_bd1_str-neutral_t00_n1,285,3,1,zai-org/GLM-4.5-Air,1,0,1,1,neutral,0.0,5.5,0.0
2026-07-17 04:26:39,L-J01_m-glm-4.5-air_sol1_gd1_rs0_bd1_str-neutral_t00_n1,286,1,1,zai-org/GLM-4.5-Air,1,0,1,1,neutral,0.0,7.5,0.0
2026-07-17 04:26:44,L-J01_m-glm-4.5-air_sol1_gd1_rs0_bd1_str-neutral_t00_n1,286,2,1,zai-org/GLM-4.5-Air,1,0,1,1,neutral,0.0,7.5,0.0
2026-07-17 04:26:48,L-J01_m-glm-4.5-air_sol1_gd1_rs0_bd1_str-neutral_t00_n1,286,3,1,zai-org/GLM-4.5-Air,1,0,1,1,neutral,0.0,3.5,0.0
2026-07-17 04:26:55,L-J01_m-glm-4.5-air_sol1_gd1_rs0_bd1_str-neutral_t00_n1,287,1,1,zai-org/GLM-4.5-Air,1,0,1,1,neutral,0.0,8.5,0.0
2026-07-17 04:27:00,L-J01_m-glm-4.5-air_sol1_gd1_rs0_bd1_str-neutral_t00_n1,287,2,1,zai-org/GLM-4.5-Air,1,0,1,1,neutral,0.0,5.5,0.0
2026-07-17 04:27:08,L-J01_m-glm-4.5-air_sol1_gd1_rs0_bd1_str-neutral_t00_n1,287,3,1,zai-org/GLM-4.5-Air,1,0,1,1,neutral,0.0,7.5,0.0
2026-07-17 04:27:14,L-J01_m-glm-4.5-air_sol1_gd1_rs0_bd1_str-neutral_t00_n1,288,1,1,zai-org/GLM-4.5-Air,1,0,1,1,neutral,0.0,5.5,0.0
2026-07-17 04:27:25,L-J01_m-glm-4.5-air_sol1_gd1_rs0_bd1_str-neutral_t00_n1,288,2,1,zai-org/GLM-4.5-Air,1,0,1,1,neutral,0.0,0.0,0.0
2026-07-17 04:27:30,L-J01_m-glm-4.5-air_sol1_gd1_rs0_bd1_str-neutral_t00_n1,288,3,1,zai-org/GLM-4.5-Air,1,0,1,1,neutral,0.0,5.5,0.0
2026-07-17 04:27:36,L-J01_m-glm-4.5-air_sol1_gd1_rs0_bd1_str-neutral_t00_n1,289,1,1,zai-org/GLM-4.5-Air,1,0,1,1,neutral,0.0,5.5,0.0
2026-07-17 04:27:44,L-J01_m-glm-4.5-air_sol1_gd1_rs0_bd1_str-neutral_t00_n1,289,2,1,zai-org/GLM-4.5-Air,1,0,1,1,neutral,0.0,0.0,0.0
2026-07-17 04:27:48,L-J01_m-glm-4.5-air_sol1_gd1_rs0_bd1_str-neutral_t00_n1,289,3,1,zai-org/GLM-4.5-Air,1,0,1,1,neutral,0.0,5.5,0.0
2026-07-17 04:27:51,L-J01_m-glm-4.5-air_sol1_gd1_rs0_bd1_str-neutral_t00_n1,289,4,1,zai-org/GLM-4.5-Air,1,0,1,1,neutral,0.0,0.0,0.0
2026-07-17 04:27:56,L-J01_m-glm-4.5-air_sol1_gd1_rs0_bd1_str-neutral_t00_n1,290,1,1,zai-org/GLM-4.5-Air,1,0,1,1,neutral,0.0,5.5,0.0
2026-07-17 04:28:02,L-J01_m-glm-4.5-air_sol1_gd1_rs0_bd1_str-neutral_t00_n1,290,2,1,zai-org/GLM-4.5-Air,1,0,1,1,neutral,0.0,8.5,0.0
2026-07-17 04:28:06,L-J01_m-glm-4.5-air_sol1_gd1_rs0_bd1_str-neutral_t00_n1,290,3,1,zai-org/GLM-4.5-Air,1,0,1,1,neutral,0.0,3.5,0.0
2026-07-17 04:28:13,L-J01_m-glm-4.5-air_sol1_gd1_rs0_bd1_str-neutral_t00_n1,291,1,1,zai-org/GLM-4.5-Air,1,0,1,1,neutral,0.0,0.0,0.0
2026-07-17 04:28:18,L-J01_m-glm-4.5-air_sol1_gd1_rs0_bd1_str-neutral_t00_n1,291,2,1,zai-org/GLM-4.5-Air,1,0,1,1,neutral,0.0,7.5,0.0
2026-07-17 04:28:23,L-J01_m-glm-4.5-air_sol1_gd1_rs0_bd1_str-neutral_t00_n1,291,3,1,zai-org/GLM-4.5-Air,1,0,1,1,neutral,0.0,3.5,0.0
2026-07-17 04:28:29,L-J01_m-glm-4.5-air_sol1_gd1_rs0_bd1_str-neutral_t00_n1,292,1,1,zai-org/GLM-4.5-Air,1,0,1,1,neutral,0.0,10.5,4.0
2026-07-17 04:28:35,L-J01_m-glm-4.5-air_sol1_gd1_rs0_bd1_str-neutral_t00_n1,292,2,1,zai-org/GLM-4.5-Air,1,0,1,1,neutral,0.0,8.5,0.0
2026-07-17 04:28:39,L-J01_m-glm-4.5-air_sol1_gd1_rs0_bd1_str-neutral_t00_n1,292,3,1,zai-org/GLM-4.5-Air,1,0,1,1,neutral,0.0,10.5,0.0
2026-07-17 04:28:41,L-J01_m-glm-4.5-air_sol1_gd1_rs0_bd1_str-neutral_t00_n1,292,4,1,zai-org/GLM-4.5-Air,1,0,1,1,neutral,0.0,0.0,0.0
2026-07-17 04:28:47,L-J01_m-glm-4.5-air_sol1_gd1_rs0_bd1_str-neutral_t00_n1,293,1,1,zai-org/GLM-4.5-Air,1,0,1,1,neutral,0.0,9.5,0.0
2026-07-17 04:28:52,L-J01_m-glm-4.5-air_sol1_gd1_rs0_bd1_str-neutral_t00_n1,293,2,1,zai-org/GLM-4.5-Air,1,0,1,1,neutral,0.0,7.5,0.0
2026-07-17 04:28:57,L-J01_m-glm-4.5-air_sol1_gd1_rs0_bd1_str-neutral_t00_n1,293,3,1,zai-org/GLM-4.5-Air,1,0,1,1,neutral,0.0,9.5,0.0
2026-07-17 04:29:02,L-J01_m-glm-4.5-air_sol1_gd1_rs0_bd1_str-neutral_t00_n1,294,1,1,zai-org/GLM-4.5-Air,1,0,1,1,neutral,0.0,7.5,0.0
2026-07-17 04:29:08,L-J01_m-glm-4.5-air_sol1_gd1_rs0_bd1_str-neutral_t00_n1,294,2,1,zai-org/GLM-4.5-Air,1,0,1,1,neutral,0.0,8.5,0.0
2026-07-17 04:29:12,L-J01_m-glm-4.5-air_sol1_gd1_rs0_bd1_str-neutral_t00_n1,294,3,1,zai-org/GLM-4.5-Air,1,0,1,1,neutral,0.0,10.5,0.0
2026-07-17 04:29:18,L-J01_m-glm-4.5-air_sol1_gd1_rs0_bd1_str-neutral_t00_n1,295,1,1,zai-org/GLM-4.5-Air,1,0,1,1,neutral,0.0,9.5,0.0
2026-07-17 04:29:23,L-J01_m-glm-4.5-air_sol1_gd1_rs0_bd1_str-neutral_t00_n1,295,2,1,zai-org/GLM-4.5-Air,1,0,1,1,neutral,0.0,5.5,0.0
2026-07-17 04:29:27,L-J01_m-glm-4.5-air_sol1_gd1_rs0_bd1_str-neutral_t00_n1,295,3,1,zai-org/GLM-4.5-Air,1,0,1,1,neutral,0.0,4.5,0.0
2026-07-17 04:29:34,L-J01_m-glm-4.5-air_sol1_gd1_rs0_bd1_str-neutral_t00_n1,296,1,1,zai-org/GLM-4.5-Air,1,0,1,1,neutral,0.0,5.5,0.0
2026-07-17 04:29:39,L-J01_m-glm-4.5-air_sol1_gd1_rs0_bd1_str-neutral_t00_n1,296,2,1,zai-org/GLM-4.5-Air,1,0,1,1,neutral,0.0,2.5,0.0
2026-07-17 04:29:45,L-J01_m-glm-4.5-air_sol1_gd1_rs0_bd1_str-neutral_t00_n1,296,3,1,zai-org/GLM-4.5-Air,1,0,1,1,neutral,0.0,7.5,0.0
2026-07-17 04:29:47,L-J01_m-glm-4.5-air_sol1_gd1_rs0_bd1_str-neutral_t00_n1,296,4,1,zai-org/GLM-4.5-Air,1,0,1,1,neutral,0.0,0.0,5.0
2026-07-17 04:29:53,L-J01_m-glm-4.5-air_sol1_gd1_rs0_bd1_str-neutral_t00_n1,297,1,1,zai-org/GLM-4.5-Air,1,0,1,1,neutral,0.0,7.5,0.0
2026-07-17 04:29:59,L-J01_m-glm-4.5-air_sol1_gd1_rs0_bd1_str-neutral_t00_n1,297,2,1,zai-org/GLM-4.5-Air,1,0,1,1,neutral,0.0,5.5,0.0
2026-07-17 04:30:03,L-J01_m-glm-4.5-air_sol1_gd1_rs0_bd1_str-neutral_t00_n1,297,3,1,zai-org/GLM-4.5-Air,1,0,1,1,neutral,0.0,10.5,0.0
2026-07-17 04:30:06,L-J01_m-glm-4.5-air_sol1_gd1_rs0_bd1_str-neutral_t00_n1,297,4,1,zai-org/GLM-4.5-Air,1,0,1,1,neutral,0.0,0.0,0.0
2026-07-17 04:30:13,L-J01_m-glm-4.5-air_sol1_gd1_rs0_bd1_str-neutral_t00_n1,298,1,1,zai-org/GLM-4.5-Air,1,0,1,1,neutral,0.0,0.0,0.0
2026-07-17 04:30:21,L-J01_m-glm-4.5-air_sol1_gd1_rs0_bd1_str-neutral_t00_n1,298,2,1,zai-org/GLM-4.5-Air,1,0,1,1,neutral,0.0,0.0,0.0
2026-07-17 04:30:25,L-J01_m-glm-4.5-air_sol1_gd1_rs0_bd1_str-neutral_t00_n1,298,3,1,zai-org/GLM-4.5-Air,1,0,1,1,neutral,0.0,0.0,0.0
2026-07-17 04:30:27,L-J01_m-glm-4.5-air_sol1_gd1_rs0_bd1_str-neutral_t00_n1,298,4,1,zai-org/GLM-4.5-Air,1,0,1,1,neutral,0.0,0.0,0.0
2026-07-17 04:30:35,L-J01_m-glm-4.5-air_sol1_gd1_rs0_bd1_str-neutral_t00_n1,299,1,1,zai-org/GLM-4.5-Air,1,0,1,1,neutral,0.0,0.0,0.0
2026-07-17 04:30:44,L-J01_m-glm-4.5-air_sol1_gd1_rs0_bd1_str-neutral_t00_n1,299,2,1,zai-org/GLM-4.5-Air,1,0,1,1,neutral,0.0,0.0,0.0
2026-07-17 04:30:48,L-J01_m-glm-4.5-air_sol1_gd1_rs0_bd1_str-neutral_t00_n1,299,3,1,zai-org/GLM-4.5-Air,1,0,1,1,neutral,0.0,3.5,0.0
2026-07-17 04:30:54,L-J01_m-glm-4.5-air_sol1_gd1_rs0_bd1_str-neutral_t00_n1,300,1,1,zai-org/GLM-4.5-Air,1,0,1,1,neutral,0.0,7.5,0.0
2026-07-17 04:31:00,L-J01_m-glm-4.5-air_sol1_gd1_rs0_bd1_str-neutral_t00_n1,300,2,1,zai-org/GLM-4.5-Air,1,0,1,1,neutral,0.0,7.5,0.0
2026-07-17 04:31:04,L-J01_m-glm-4.5-air_sol1_gd1_rs0_bd1_str-neutral_t00_n1,300,3,1,zai-org/GLM-4.5-Air,1,0,1,1,neutral,0.0,7.5,0.0
2026-07-17 04:31:06,L-J01_m-glm-4.5-air_sol1_gd1_rs0_bd1_str-neutral_t00_n1,300,4,1,zai-org/GLM-4.5-Air,1,0,1,1,neutral,0.0,0.0,0.0
2026-07-17 04:31:12,L-J01_m-glm-4.5-air_sol1_gd1_rs0_bd1_str-neutral_t00_n1,301,1,1,zai-org/GLM-4.5-Air,1,0,1,1,neutral,0.0,3.5,0.0
2026-07-17 04:31:18,L-J01_m-glm-4.5-air_sol1_gd1_rs0_bd1_str-neutral_t00_n1,301,2,1,zai-org/GLM-4.5-Air,1,0,1,1,neutral,0.0,8.5,0.0
2026-07-17 04:31:24,L-J01_m-glm-4.5-air_sol1_gd1_rs0_bd1_str-neutral_t00_n1,302,1,1,zai-org/GLM-4.5-Air,1,0,1,1,neutral,0.0,5.5,0.0
2026-07-17 04:31:29,L-J01_m-glm-4.5-air_sol1_gd1_rs0_bd1_str-neutral_t00_n1,302,2,1,zai-org/GLM-4.5-Air,1,0,1,1,neutral,0.0,8.5,0.0
2026-07-17 04:31:34,L-J01_m-glm-4.5-air_sol1_gd1_rs0_bd1_str-neutral_t00_n1,302,3,1,zai-org/GLM-4.5-Air,1,0,1,1,neutral,0.0,10.5,0.0
2026-07-17 04:31:36,L-J01_m-glm-4.5-air_sol1_gd1_rs0_bd1_str-neutral_t00_n1,302,4,1,zai-org/GLM-4.5-Air,1,0,1,1,neutral,0.0,0.0,0.0
2026-07-17 04:31:42,L-J01_m-glm-4.5-air_sol1_gd1_rs0_bd1_str-neutral_t00_n1,303,1,1,zai-org/GLM-4.5-Air,1,0,1,1,neutral,0.0,10.5,0.0
2026-07-17 04:31:47,L-J01_m-glm-4.5-air_sol1_gd1_rs0_bd1_str-neutral_t00_n1,303,2,1,zai-org/GLM-4.5-Air,1,0,1,1,neutral,0.0,7.5,0.0
2026-07-17 04:31:51,L-J01_m-glm-4.5-air_sol1_gd1_rs0_bd1_str-neutral_t00_n1,303,3,1,zai-org/GLM-4.5-Air,1,0,1,1,neutral,0.0,10.5,0.0
2026-07-17 04:31:58,L-J01_m-glm-4.5-air_sol1_gd1_rs0_bd1_str-neutral_t00_n1,304,1,1,zai-org/GLM-4.5-Air,1,0,1,1,neutral,0.0,1.5,0.0
2026-07-17 04:32:04,L-J01_m-glm-4.5-air_sol1_gd1_rs0_bd1_str-neutral_t00_n1,304,2,1,zai-org/GLM-4.5-Air,1,0,1,1,neutral,0.0,0.0,0.0
2026-07-17 04:32:10,L-J01_m-glm-4.5-air_sol1_gd1_rs0_bd1_str-neutral_t00_n1,304,3,1,zai-org/GLM-4.5-Air,1,0,1,1,neutral,0.0,7.5,0.0
2026-07-17 04:32:16,L-J01_m-glm-4.5-air_sol1_gd1_rs0_bd1_str-neutral_t00_n1,305,1,1,zai-org/GLM-4.5-Air,1,0,1,1,neutral,0.0,5.5,0.0
2026-07-17 04:32:21,L-J01_m-glm-4.5-air_sol1_gd1_rs0_bd1_str-neutral_t00_n1,305,2,1,zai-org/GLM-4.5-Air,1,0,1,1,neutral,0.0,2.5,0.0
2026-07-17 04:32:25,L-J01_m-glm-4.5-air_sol1_gd1_rs0_bd1_str-neutral_t00_n1,305,3,1,zai-org/GLM-4.5-Air,1,0,1,1,neutral,0.0,1.5,0.0
2026-07-17 04:32:31,L-J01_m-glm-4.5-air_sol1_gd1_rs0_bd1_str-neutral_t00_n1,306,1,1,zai-org/GLM-4.5-Air,1,0,1,1,neutral,0.0,0.0,0.0
2026-07-17 04:32:36,L-J01_m-glm-4.5-air_sol1_gd1_rs0_bd1_str-neutral_t00_n1,306,2,1,zai-org/GLM-4.5-Air,1,0,1,1,neutral,0.0,3.5,0.0
2026-07-17 04:32:41,L-J01_m-glm-4.5-air_sol1_gd1_rs0_bd1_str-neutral_t00_n1,306,3,1,zai-org/GLM-4.5-Air,1,0,1,1,neutral,0.0,5.5,0.0
2026-07-17 04:32:47,L-J01_m-glm-4.5-air_sol1_gd1_rs0_bd1_str-neutral_t00_n1,307,1,1,zai-org/GLM-4.5-Air,1,0,1,1,neutral,0.0,3.5,0.0
2026-07-17 04:32:53,L-J01_m-glm-4.5-air_sol1_gd1_rs0_bd1_str-neutral_t00_n1,307,2,1,zai-org/GLM-4.5-Air,1,0,1,1,neutral,0.0,7.5,0.0
2026-07-17 04:32:57,L-J01_m-glm-4.5-air_sol1_gd1_rs0_bd1_str-neutral_t00_n1,307,3,1,zai-org/GLM-4.5-Air,1,0,1,1,neutral,0.0,5.5,0.0
2026-07-17 04:33:00,L-J01_m-glm-4.5-air_sol1_gd1_rs0_bd1_str-neutral_t00_n1,307,4,1,zai-org/GLM-4.5-Air,1,0,1,1,neutral,0.0,0.0,0.0
2026-07-17 04:33:05,L-J01_m-glm-4.5-air_sol1_gd1_rs0_bd1_str-neutral_t00_n1,308,1,1,zai-org/GLM-4.5-Air,1,0,1,1,neutral,0.0,8.5,0.0
2026-07-17 04:33:11,L-J01_m-glm-4.5-air_sol1_gd1_rs0_bd1_str-neutral_t00_n1,308,2,1,zai-org/GLM-4.5-Air,1,0,1,1,neutral,0.0,10.5,0.0
2026-07-17 04:33:17,L-J01_m-glm-4.5-air_sol1_gd1_rs0_bd1_str-neutral_t00_n1,309,1,1,zai-org/GLM-4.5-Air,1,0,1,1,neutral,0.0,9.5,0.0
2026-07-17 04:33:22,L-J01_m-glm-4.5-air_sol1_gd1_rs0_bd1_str-neutral_t00_n1,309,2,1,zai-org/GLM-4.5-Air,1,0,1,1,neutral,0.0,10.5,0.0
2026-07-17 04:33:26,L-J01_m-glm-4.5-air_sol1_gd1_rs0_bd1_str-neutral_t00_n1,309,3,1,zai-org/GLM-4.5-Air,1,0,1,1,neutral,0.0,9.5,0.0
2026-07-17 04:33:32,L-J01_m-glm-4.5-air_sol1_gd1_rs0_bd1_str-neutral_t00_n1,310,1,1,zai-org/GLM-4.5-Air,1,0,1,1,neutral,0.0,3.5,0.0
2026-07-17 04:33:38,L-J01_m-glm-4.5-air_sol1_gd1_rs0_bd1_str-neutral_t00_n1,310,2,1,zai-org/GLM-4.5-Air,1,0,1,1,neutral,0.0,8.5,0.0
2026-07-17 04:33:42,L-J01_m-glm-4.5-air_sol1_gd1_rs0_bd1_str-neutral_t00_n1,310,3,1,zai-org/GLM-4.5-Air,1,0,1,1,neutral,0.0,7.5,0.0
2026-07-17 04:33:48,L-J01_m-glm-4.5-air_sol1_gd1_rs0_bd1_str-neutral_t00_n1,311,1,1,zai-org/GLM-4.5-Air,1,0,1,1,neutral,0.0,3.5,0.0
2026-07-17 04:33:54,L-J01_m-glm-4.5-air_sol1_gd1_rs0_bd1_str-neutral_t00_n1,311,2,1,zai-org/GLM-4.5-Air,1,0,1,1,neutral,0.0,8.5,0.0
2026-07-17 04:33:58,L-J01_m-glm-4.5-air_sol1_gd1_rs0_bd1_str-neutral_t00_n1,311,3,1,zai-org/GLM-4.5-Air,1,0,1,1,neutral,0.0,8.5,0.0
2026-07-17 04:34:04,L-J01_m-glm-4.5-air_sol1_gd1_rs0_bd1_str-neutral_t00_n1,312,1,1,zai-org/GLM-4.5-Air,1,0,1,1,neutral,0.0,8.5,0.0
2026-07-17 04:34:09,L-J01_m-glm-4.5-air_sol1_gd1_rs0_bd1_str-neutral_t00_n1,312,2,1,zai-org/GLM-4.5-Air,1,0,1,1,neutral,0.0,7.5,0.0
2026-07-17 04:34:13,L-J01_m-glm-4.5-air_sol1_gd1_rs0_bd1_str-neutral_t00_n1,312,3,1,zai-org/GLM-4.5-Air,1,0,1,1,neutral,0.0,10.5,0.0
2026-07-17 04:34:19,L-J01_m-glm-4.5-air_sol1_gd1_rs0_bd1_str-neutral_t00_n1,313,1,1,zai-org/GLM-4.5-Air,1,0,1,1,neutral,0.0,8.5,0.0
2026-07-17 04:34:25,L-J01_m-glm-4.5-air_sol1_gd1_rs0_bd1_str-neutral_t00_n1,313,2,1,zai-org/GLM-4.5-Air,1,0,1,1,neutral,0.0,5.5,0.0
2026-07-17 04:34:29,L-J01_m-glm-4.5-air_sol1_gd1_rs0_bd1_str-neutral_t00_n1,313,3,1,zai-org/GLM-4.5-Air,1,0,1,1,neutral,0.0,10.5,0.0
2026-07-17 04:34:35,L-J01_m-glm-4.5-air_sol1_gd1_rs0_bd1_str-neutral_t00_n1,314,1,1,zai-org/GLM-4.5-Air,1,0,1,1,neutral,0.0,1.5,0.0
2026-07-17 04:34:40,L-J01_m-glm-4.5-air_sol1_gd1_rs0_bd1_str-neutral_t00_n1,314,2,1,zai-org/GLM-4.5-Air,1,0,1,1,neutral,0.0,5.5,0.0
2026-07-17 04:34:45,L-J01_m-glm-4.5-air_sol1_gd1_rs0_bd1_str-neutral_t00_n1,314,3,1,zai-org/GLM-4.5-Air,1,0,1,1,neutral,0.0,3.5,0.0
2026-07-17 04:34:51,L-J01_m-glm-4.5-air_sol1_gd1_rs0_bd1_str-neutral_t00_n1,315,1,1,zai-org/GLM-4.5-Air,1,0,1,1,neutral,0.0,7.5,0.0
2026-07-17 04:34:57,L-J01_m-glm-4.5-air_sol1_gd1_rs0_bd1_str-neutral_t00_n1,315,2,1,zai-org/GLM-4.5-Air,1,0,1,1,neutral,0.0,7.5,0.0
2026-07-17 04:35:01,L-J01_m-glm-4.5-air_sol1_gd1_rs0_bd1_str-neutral_t00_n1,315,3,1,zai-org/GLM-4.5-Air,1,0,1,1,neutral,0.0,4.5,0.0
2026-07-17 04:35:07,L-J01_m-glm-4.5-air_sol1_gd1_rs0_bd1_str-neutral_t00_n1,316,1,1,zai-org/GLM-4.5-Air,1,0,1,1,neutral,0.0,11.5,0.0
2026-07-17 04:35:12,L-J01_m-glm-4.5-air_sol1_gd1_rs0_bd1_str-neutral_t00_n1,316,2,1,zai-org/GLM-4.5-Air,1,0,1,1,neutral,0.0,10.5,3.0
2026-07-17 04:35:16,L-J01_m-glm-4.5-air_sol1_gd1_rs0_bd1_str-neutral_t00_n1,316,3,1,zai-org/GLM-4.5-Air,1,0,1,1,neutral,0.0,10.5,0.0
2026-07-17 04:35:22,L-J01_m-glm-4.5-air_sol1_gd1_rs0_bd1_str-neutral_t00_n1,317,1,1,zai-org/GLM-4.5-Air,1,0,1,1,neutral,0.0,10.5,0.0
2026-07-17 04:35:27,L-J01_m-glm-4.5-air_sol1_gd1_rs0_bd1_str-neutral_t00_n1,317,2,1,zai-org/GLM-4.5-Air,1,0,1,1,neutral,0.0,5.5,0.0
2026-07-17 04:35:31,L-J01_m-glm-4.5-air_sol1_gd1_rs0_bd1_str-neutral_t00_n1,317,3,1,zai-org/GLM-4.5-Air,1,0,1,1,neutral,0.0,9.5,0.0
2026-07-17 04:35:38,L-J01_m-glm-4.5-air_sol1_gd1_rs0_bd1_str-neutral_t00_n1,318,1,1,zai-org/GLM-4.5-Air,1,0,1,1,neutral,0.0,8.5,0.0
2026-07-17 04:35:43,L-J01_m-glm-4.5-air_sol1_gd1_rs0_bd1_str-neutral_t00_n1,318,2,1,zai-org/GLM-4.5-Air,1,0,1,1,neutral,0.0,8.5,0.0
2026-07-17 04:35:47,L-J01_m-glm-4.5-air_sol1_gd1_rs0_bd1_str-neutral_t00_n1,318,3,1,zai-org/GLM-4.5-Air,1,0,1,1,neutral,0.0,8.5,0.0
2026-07-17 04:35:50,L-J01_m-glm-4.5-air_sol1_gd1_rs0_bd1_str-neutral_t00_n1,318,4,1,zai-org/GLM-4.5-Air,1,0,1,1,neutral,0.0,0.0,0.0
2026-07-17 04:35:56,L-J01_m-glm-4.5-air_sol1_gd1_rs0_bd1_str-neutral_t00_n1,319,1,1,zai-org/GLM-4.5-Air,1,0,1,1,neutral,0.0,0.0,0.0
2026-07-17 04:36:02,L-J01_m-glm-4.5-air_sol1_gd1_rs0_bd1_str-neutral_t00_n1,319,2,1,zai-org/GLM-4.5-Air,1,0,1,1,neutral,0.0,5.5,0.0
2026-07-17 04:36:07,L-J01_m-glm-4.5-air_sol1_gd1_rs0_bd1_str-neutral_t00_n1,319,3,1,zai-org/GLM-4.5-Air,1,0,1,1,neutral,0.0,9.5,0.0
2026-07-17 04:36:13,L-J01_m-glm-4.5-air_sol1_gd1_rs0_bd1_str-neutral_t00_n1,320,1,1,zai-org/GLM-4.5-Air,1,0,1,1,neutral,0.0,7.5,0.0
2026-07-17 04:36:18,L-J01_m-glm-4.5-air_sol1_gd1_rs0_bd1_str-neutral_t00_n1,320,2,1,zai-org/GLM-4.5-Air,1,0,1,1,neutral,0.0,7.5,0.0
2026-07-17 04:36:22,L-J01_m-glm-4.5-air_sol1_gd1_rs0_bd1_str-neutral_t00_n1,320,3,1,zai-org/GLM-4.5-Air,1,0,1,1,neutral,0.0,9.5,0.0
2026-07-17 04:36:28,L-J01_m-glm-4.5-air_sol1_gd1_rs0_bd1_str-neutral_t00_n1,321,1,1,zai-org/GLM-4.5-Air,1,0,1,1,neutral,0.0,5.5,0.0
2026-07-17 04:36:34,L-J01_m-glm-4.5-air_sol1_gd1_rs0_bd1_str-neutral_t00_n1,321,2,1,zai-org/GLM-4.5-Air,1,0,1,1,neutral,0.0,5.5,0.0
2026-07-17 04:36:38,L-J01_m-glm-4.5-air_sol1_gd1_rs0_bd1_str-neutral_t00_n1,321,3,1,zai-org/GLM-4.5-Air,1,0,1,1,neutral,0.0,7.5,0.0
2026-07-17 04:36:45,L-J01_m-glm-4.5-air_sol1_gd1_rs0_bd1_str-neutral_t00_n1,322,1,1,zai-org/GLM-4.5-Air,1,0,1,1,neutral,0.0,5.5,0.0
2026-07-17 04:36:50,L-J01_m-glm-4.5-air_sol1_gd1_rs0_bd1_str-neutral_t00_n1,322,2,1,zai-org/GLM-4.5-Air,1,0,1,1,neutral,0.0,8.5,0.0
2026-07-17 04:36:54,L-J01_m-glm-4.5-air_sol1_gd1_rs0_bd1_str-neutral_t00_n1,322,3,1,zai-org/GLM-4.5-Air,1,0,1,1,neutral,0.0,7.5,0.0
2026-07-17 04:36:57,L-J01_m-glm-4.5-air_sol1_gd1_rs0_bd1_str-neutral_t00_n1,322,4,1,zai-org/GLM-4.5-Air,1,0,1,1,neutral,0.0,0.0,0.0
2026-07-17 04:37:03,L-J01_m-glm-4.5-air_sol1_gd1_rs0_bd1_str-neutral_t00_n1,323,1,1,zai-org/GLM-4.5-Air,1,0,1,1,neutral,0.0,9.5,0.0
2026-07-17 04:37:08,L-J01_m-glm-4.5-air_sol1_gd1_rs0_bd1_str-neutral_t00_n1,323,2,1,zai-org/GLM-4.5-Air,1,0,1,1,neutral,0.0,8.5,0.0
2026-07-17 04:37:13,L-J01_m-glm-4.5-air_sol1_gd1_rs0_bd1_str-neutral_t00_n1,323,3,1,zai-org/GLM-4.5-Air,1,0,1,1,neutral,0.0,10.5,0.0
2026-07-17 04:37:19,L-J01_m-glm-4.5-air_sol1_gd1_rs0_bd1_str-neutral_t00_n1,324,1,1,zai-org/GLM-4.5-Air,1,0,1,1,neutral,0.0,0.0,0.0
2026-07-17 04:37:24,L-J01_m-glm-4.5-air_sol1_gd1_rs0_bd1_str-neutral_t00_n1,324,2,1,zai-org/GLM-4.5-Air,1,0,1,1,neutral,0.0,5.5,0.0
2026-07-17 04:37:29,L-J01_m-glm-4.5-air_sol1_gd1_rs0_bd1_str-neutral_t00_n1,324,3,1,zai-org/GLM-4.5-Air,1,0,1,1,neutral,0.0,10.5,0.0
2026-07-17 04:37:35,L-J01_m-glm-4.5-air_sol1_gd1_rs0_bd1_str-neutral_t00_n1,325,1,1,zai-org/GLM-4.5-Air,1,0,1,1,neutral,0.0,5.5,0.0
2026-07-17 04:37:40,L-J01_m-glm-4.5-air_sol1_gd1_rs0_bd1_str-neutral_t00_n1,325,2,1,zai-org/GLM-4.5-Air,1,0,1,1,neutral,0.0,3.5,0.0
2026-07-17 04:37:44,L-J01_m-glm-4.5-air_sol1_gd1_rs0_bd1_str-neutral_t00_n1,325,3,1,zai-org/GLM-4.5-Air,1,0,1,1,neutral,0.0,8.5,0.0
2026-07-17 04:37:51,L-J01_m-glm-4.5-air_sol1_gd1_rs0_bd1_str-neutral_t00_n1,326,1,1,zai-org/GLM-4.5-Air,1,0,1,1,neutral,0.0,0.0,0.0
2026-07-17 04:37:56,L-J01_m-glm-4.5-air_sol1_gd1_rs0_bd1_str-neutral_t00_n1,326,2,1,zai-org/GLM-4.5-Air,1,0,1,1,neutral,0.0,5.5,0.0
2026-07-17 04:38:00,L-J01_m-glm-4.5-air_sol1_gd1_rs0_bd1_str-neutral_t00_n1,326,3,1,zai-org/GLM-4.5-Air,1,0,1,1,neutral,0.0,3.5,0.0
2026-07-17 04:38:03,L-J01_m-glm-4.5-air_sol1_gd1_rs0_bd1_str-neutral_t00_n1,326,4,1,zai-org/GLM-4.5-Air,1,0,1,1,neutral,0.0,0.0,0.0
2026-07-17 04:38:08,L-J01_m-glm-4.5-air_sol1_gd1_rs0_bd1_str-neutral_t00_n1,327,1,1,zai-org/GLM-4.5-Air,1,0,1,1,neutral,0.0,1.5,0.0
2026-07-17 04:38:14,L-J01_m-glm-4.5-air_sol1_gd1_rs0_bd1_str-neutral_t00_n1,327,2,1,zai-org/GLM-4.5-Air,1,0,1,1,neutral,0.0,5.5,0.0
2026-07-17 04:38:18,L-J01_m-glm-4.5-air_sol1_gd1_rs0_bd1_str-neutral_t00_n1,327,3,1,zai-org/GLM-4.5-Air,1,0,1,1,neutral,0.0,5.5,0.0
2026-07-17 04:38:21,L-J01_m-glm-4.5-air_sol1_gd1_rs0_bd1_str-neutral_t00_n1,327,4,1,zai-org/GLM-4.5-Air,1,0,1,1,neutral,0.0,0.0,0.0
2026-07-17 04:38:27,L-J01_m-glm-4.5-air_sol1_gd1_rs0_bd1_str-neutral_t00_n1,328,1,1,zai-org/GLM-4.5-Air,1,0,1,1,neutral,0.0,7.5,0.0
2026-07-17 04:38:32,L-J01_m-glm-4.5-air_sol1_gd1_rs0_bd1_str-neutral_t00_n1,328,2,1,zai-org/GLM-4.5-Air,1,0,1,1,neutral,0.0,8.5,0.0
2026-07-17 04:38:36,L-J01_m-glm-4.5-air_sol1_gd1_rs0_bd1_str-neutral_t00_n1,328,3,1,zai-org/GLM-4.5-Air,1,0,1,1,neutral,0.0,5.5,0.0
2026-07-17 04:38:42,L-J01_m-glm-4.5-air_sol1_gd1_rs0_bd1_str-neutral_t00_n1,329,1,1,zai-org/GLM-4.5-Air,1,0,1,1,neutral,0.0,9.5,0.0
2026-07-17 04:38:48,L-J01_m-glm-4.5-air_sol1_gd1_rs0_bd1_str-neutral_t00_n1,329,2,1,zai-org/GLM-4.5-Air,1,0,1,1,neutral,0.0,5.5,0.0
2026-07-17 04:38:52,L-J01_m-glm-4.5-air_sol1_gd1_rs0_bd1_str-neutral_t00_n1,329,3,1,zai-org/GLM-4.5-Air,1,0,1,1,neutral,0.0,10.5,0.0
2026-07-17 04:38:55,L-J01_m-glm-4.5-air_sol1_gd1_rs0_bd1_str-neutral_t00_n1,329,4,1,zai-org/GLM-4.5-Air,1,0,1,1,neutral,0.0,0.0,5.0
2026-07-17 04:39:00,L-J01_m-glm-4.5-air_sol1_gd1_rs0_bd1_str-neutral_t00_n1,330,1,1,zai-org/GLM-4.5-Air,1,0,1,1,neutral,0.0,9.5,0.0
2026-07-17 04:39:05,L-J01_m-glm-4.5-air_sol1_gd1_rs0_bd1_str-neutral_t00_n1,330,2,1,zai-org/GLM-4.5-Air,1,0,1,1,neutral,0.0,5.5,0.0
2026-07-17 04:39:09,L-J01_m-glm-4.5-air_sol1_gd1_rs0_bd1_str-neutral_t00_n1,330,3,1,zai-org/GLM-4.5-Air,1,0,1,1,neutral,0.0,0.0,0.0
2026-07-17 04:39:15,L-J01_m-glm-4.5-air_sol1_gd1_rs0_bd1_str-neutral_t00_n1,331,1,1,zai-org/GLM-4.5-Air,1,0,1,1,neutral,0.0,10.5,0.0
2026-07-17 04:39:20,L-J01_m-glm-4.5-air_sol1_gd1_rs0_bd1_str-neutral_t00_n1,331,2,1,zai-org/GLM-4.5-Air,1,0,1,1,neutral,0.0,5.5,0.0
2026-07-17 04:39:25,L-J01_m-glm-4.5-air_sol1_gd1_rs0_bd1_str-neutral_t00_n1,331,3,1,zai-org/GLM-4.5-Air,1,0,1,1,neutral,0.0,5.5,0.0
2026-07-17 04:39:27,L-J01_m-glm-4.5-air_sol1_gd1_rs0_bd1_str-neutral_t00_n1,331,4,1,zai-org/GLM-4.5-Air,1,0,1,1,neutral,0.0,0.0,0.0
2026-07-17 04:39:33,L-J01_m-glm-4.5-air_sol1_gd1_rs0_bd1_str-neutral_t00_n1,332,1,1,zai-org/GLM-4.5-Air,1,0,1,1,neutral,0.0,5.5,0.0
2026-07-17 04:39:39,L-J01_m-glm-4.5-air_sol1_gd1_rs0_bd1_str-neutral_t00_n1,332,2,1,zai-org/GLM-4.5-Air,1,0,1,1,neutral,0.0,5.5,0.0
2026-07-17 04:39:43,L-J01_m-glm-4.5-air_sol1_gd1_rs0_bd1_str-neutral_t00_n1,332,3,1,zai-org/GLM-4.5-Air,1,0,1,1,neutral,0.0,9.5,0.0
2026-07-17 04:39:50,L-J01_m-glm-4.5-air_sol1_gd1_rs0_bd1_str-neutral_t00_n1,333,1,1,zai-org/GLM-4.5-Air,1,0,1,1,neutral,0.0,0.0,0.0
2026-07-17 04:39:58,L-J01_m-glm-4.5-air_sol1_gd1_rs0_bd1_str-neutral_t00_n1,333,2,1,zai-org/GLM-4.5-Air,1,0,1,1,neutral,0.0,0.0,0.0
2026-07-17 04:40:02,L-J01_m-glm-4.5-air_sol1_gd1_rs0_bd1_str-neutral_t00_n1,333,3,1,zai-org/GLM-4.5-Air,1,0,1,1,neutral,0.0,0.0,0.0
2026-07-17 04:40:08,L-J01_m-glm-4.5-air_sol1_gd1_rs0_bd1_str-neutral_t00_n1,334,1,1,zai-org/GLM-4.5-Air,1,0,1,1,neutral,0.0,10.5,0.0
2026-07-17 04:40:13,L-J01_m-glm-4.5-air_sol1_gd1_rs0_bd1_str-neutral_t00_n1,334,2,1,zai-org/GLM-4.5-Air,1,0,1,1,neutral,0.0,5.5,0.0
2026-07-17 04:40:18,L-J01_m-glm-4.5-air_sol1_gd1_rs0_bd1_str-neutral_t00_n1,334,3,1,zai-org/GLM-4.5-Air,1,0,1,1,neutral,0.0,5.5,0.0
2026-07-17 04:40:24,L-J01_m-glm-4.5-air_sol1_gd1_rs0_bd1_str-neutral_t00_n1,335,1,1,zai-org/GLM-4.5-Air,1,0,1,1,neutral,0.0,10.5,0.0
2026-07-17 04:40:29,L-J01_m-glm-4.5-air_sol1_gd1_rs0_bd1_str-neutral_t00_n1,335,2,1,zai-org/GLM-4.5-Air,1,0,1,1,neutral,0.0,8.5,0.0
2026-07-17 04:40:33,L-J01_m-glm-4.5-air_sol1_gd1_rs0_bd1_str-neutral_t00_n1,335,3,1,zai-org/GLM-4.5-Air,1,0,1,1,neutral,0.0,2.5,0.0
2026-07-17 04:40:39,L-J01_m-glm-4.5-air_sol1_gd1_rs0_bd1_str-neutral_t00_n1,336,1,1,zai-org/GLM-4.5-Air,1,0,1,1,neutral,0.0,8.5,0.0
2026-07-17 04:40:45,L-J01_m-glm-4.5-air_sol1_gd1_rs0_bd1_str-neutral_t00_n1,336,2,1,zai-org/GLM-4.5-Air,1,0,1,1,neutral,0.0,5.5,0.0
2026-07-17 04:40:49,L-J01_m-glm-4.5-air_sol1_gd1_rs0_bd1_str-neutral_t00_n1,336,3,1,zai-org/GLM-4.5-Air,1,0,1,1,neutral,0.0,10.5,0.0
2026-07-17 04:40:52,L-J01_m-glm-4.5-air_sol1_gd1_rs0_bd1_str-neutral_t00_n1,336,4,1,zai-org/GLM-4.5-Air,1,0,1,1,neutral,0.0,0.0,0.0
2026-07-17 04:40:58,L-J01_m-glm-4.5-air_sol1_gd1_rs0_bd1_str-neutral_t00_n1,337,1,1,zai-org/GLM-4.5-Air,1,0,1,1,neutral,0.0,7.5,0.0
2026-07-17 04:41:03,L-J01_m-glm-4.5-air_sol1_gd1_rs0_bd1_str-neutral_t00_n1,337,2,1,zai-org/GLM-4.5-Air,1,0,1,1,neutral,0.0,8.5,0.0
2026-07-17 04:41:07,L-J01_m-glm-4.5-air_sol1_gd1_rs0_bd1_str-neutral_t00_n1,337,3,1,zai-org/GLM-4.5-Air,1,0,1,1,neutral,0.0,0.0,0.0
2026-07-17 04:41:09,L-J01_m-glm-4.5-air_sol1_gd1_rs0_bd1_str-neutral_t00_n1,337,4,1,zai-org/GLM-4.5-Air,1,0,1,1,neutral,0.0,0.0,0.0
2026-07-17 04:41:19,L-J01_m-glm-4.5-air_sol1_gd1_rs0_bd1_str-neutral_t00_n1,338,1,1,zai-org/GLM-4.5-Air,1,0,1,1,neutral,0.0,5.5,0.0
2026-07-17 04:41:24,L-J01_m-glm-4.5-air_sol1_gd1_rs0_bd1_str-neutral_t00_n1,338,2,1,zai-org/GLM-4.5-Air,1,0,1,1,neutral,0.0,8.5,0.0
2026-07-17 04:41:29,L-J01_m-glm-4.5-air_sol1_gd1_rs0_bd1_str-neutral_t00_n1,338,3,1,zai-org/GLM-4.5-Air,1,0,1,1,neutral,0.0,3.5,0.0
2026-07-17 04:41:31,L-J01_m-glm-4.5-air_sol1_gd1_rs0_bd1_str-neutral_t00_n1,338,4,1,zai-org/GLM-4.5-Air,1,0,1,1,neutral,0.0,0.0,0.0
2026-07-17 04:41:37,L-J01_m-glm-4.5-air_sol1_gd1_rs0_bd1_str-neutral_t00_n1,339,1,1,zai-org/GLM-4.5-Air,1,0,1,1,neutral,0.0,5.5,0.0
2026-07-17 04:41:42,L-J01_m-glm-4.5-air_sol1_gd1_rs0_bd1_str-neutral_t00_n1,339,2,1,zai-org/GLM-4.5-Air,1,0,1,1,neutral,0.0,8.5,0.0
2026-07-17 04:41:47,L-J01_m-glm-4.5-air_sol1_gd1_rs0_bd1_str-neutral_t00_n1,339,3,1,zai-org/GLM-4.5-Air,1,0,1,1,neutral,0.0,8.5,0.0
2026-07-17 04:41:53,L-J01_m-glm-4.5-air_sol1_gd1_rs0_bd1_str-neutral_t00_n1,340,1,1,zai-org/GLM-4.5-Air,1,0,1,1,neutral,0.0,9.5,0.0
2026-07-17 04:41:58,L-J01_m-glm-4.5-air_sol1_gd1_rs0_bd1_str-neutral_t00_n1,340,2,1,zai-org/GLM-4.5-Air,1,0,1,1,neutral,0.0,8.5,0.0
2026-07-17 04:42:02,L-J01_m-glm-4.5-air_sol1_gd1_rs0_bd1_str-neutral_t00_n1,340,3,1,zai-org/GLM-4.5-Air,1,0,1,1,neutral,0.0,9.5,0.0
2026-07-17 04:42:08,L-J01_m-glm-4.5-air_sol1_gd1_rs0_bd1_str-neutral_t00_n1,341,1,1,zai-org/GLM-4.5-Air,1,0,1,1,neutral,0.0,5.5,0.0
2026-07-17 04:42:13,L-J01_m-glm-4.5-air_sol1_gd1_rs0_bd1_str-neutral_t00_n1,341,2,1,zai-org/GLM-4.5-Air,1,0,1,1,neutral,0.0,3.5,0.0
2026-07-17 04:42:19,L-J01_m-glm-4.5-air_sol1_gd1_rs0_bd1_str-neutral_t00_n1,341,3,1,zai-org/GLM-4.5-Air,1,0,1,1,neutral,0.0,5.5,0.0
2026-07-17 04:42:25,L-J01_m-glm-4.5-air_sol1_gd1_rs0_bd1_str-neutral_t00_n1,342,1,1,zai-org/GLM-4.5-Air,1,0,1,1,neutral,0.0,5.5,0.0
2026-07-17 04:42:30,L-J01_m-glm-4.5-air_sol1_gd1_rs0_bd1_str-neutral_t00_n1,342,2,1,zai-org/GLM-4.5-Air,1,0,1,1,neutral,0.0,1.5,0.0
2026-07-17 04:42:35,L-J01_m-glm-4.5-air_sol1_gd1_rs0_bd1_str-neutral_t00_n1,342,3,1,zai-org/GLM-4.5-Air,1,0,1,1,neutral,0.0,2.5,0.0
2026-07-17 04:42:40,L-J01_m-glm-4.5-air_sol1_gd1_rs0_bd1_str-neutral_t00_n1,343,1,1,zai-org/GLM-4.5-Air,1,0,1,1,neutral,0.0,8.5,0.0
2026-07-17 04:42:46,L-J01_m-glm-4.5-air_sol1_gd1_rs0_bd1_str-neutral_t00_n1,343,2,1,zai-org/GLM-4.5-Air,1,0,1,1,neutral,0.0,9.5,0.0
2026-07-17 04:42:50,L-J01_m-glm-4.5-air_sol1_gd1_rs0_bd1_str-neutral_t00_n1,343,3,1,zai-org/GLM-4.5-Air,1,0,1,1,neutral,0.0,5.5,0.0
2026-07-17 04:42:52,L-J01_m-glm-4.5-air_sol1_gd1_rs0_bd1_str-neutral_t00_n1,343,4,1,zai-org/GLM-4.5-Air,1,0,1,1,neutral,0.0,0.0,5.0
2026-07-17 04:42:58,L-J01_m-glm-4.5-air_sol1_gd1_rs0_bd1_str-neutral_t00_n1,344,1,1,zai-org/GLM-4.5-Air,1,0,1,1,neutral,0.0,5.5,0.0
2026-07-17 04:43:04,L-J01_m-glm-4.5-air_sol1_gd1_rs0_bd1_str-neutral_t00_n1,344,2,1,zai-org/GLM-4.5-Air,1,0,1,1,neutral,0.0,7.5,0.0
2026-07-17 04:43:08,L-J01_m-glm-4.5-air_sol1_gd1_rs0_bd1_str-neutral_t00_n1,344,3,1,zai-org/GLM-4.5-Air,1,0,1,1,neutral,0.0,5.5,0.0
2026-07-17 04:43:10,L-J01_m-glm-4.5-air_sol1_gd1_rs0_bd1_str-neutral_t00_n1,344,4,1,zai-org/GLM-4.5-Air,1,0,1,1,neutral,0.0,0.0,0.0
2026-07-17 04:43:16,L-J01_m-glm-4.5-air_sol1_gd1_rs0_bd1_str-neutral_t00_n1,345,1,1,zai-org/GLM-4.5-Air,1,0,1,1,neutral,0.0,3.5,0.0
2026-07-17 04:43:21,L-J01_m-glm-4.5-air_sol1_gd1_rs0_bd1_str-neutral_t00_n1,345,2,1,zai-org/GLM-4.5-Air,1,0,1,1,neutral,0.0,3.5,0.0
2026-07-17 04:43:26,L-J01_m-glm-4.5-air_sol1_gd1_rs0_bd1_str-neutral_t00_n1,345,3,1,zai-org/GLM-4.5-Air,1,0,1,1,neutral,0.0,7.5,0.0
2026-07-17 04:43:31,L-J01_m-glm-4.5-air_sol1_gd1_rs0_bd1_str-neutral_t00_n1,346,1,1,zai-org/GLM-4.5-Air,1,0,1,1,neutral,0.0,7.5,0.0
2026-07-17 04:43:37,L-J01_m-glm-4.5-air_sol1_gd1_rs0_bd1_str-neutral_t00_n1,346,2,1,zai-org/GLM-4.5-Air,1,0,1,1,neutral,0.0,5.5,0.0
2026-07-17 04:43:41,L-J01_m-glm-4.5-air_sol1_gd1_rs0_bd1_str-neutral_t00_n1,346,3,1,zai-org/GLM-4.5-Air,1,0,1,1,neutral,0.0,4.5,0.0
2026-07-17 04:43:43,L-J01_m-glm-4.5-air_sol1_gd1_rs0_bd1_str-neutral_t00_n1,346,4,1,zai-org/GLM-4.5-Air,1,0,1,1,neutral,0.0,0.0,0.0
2026-07-17 04:43:49,L-J01_m-glm-4.5-air_sol1_gd1_rs0_bd1_str-neutral_t00_n1,347,1,1,zai-org/GLM-4.5-Air,1,0,1,1,neutral,0.0,10.5,4.0
2026-07-17 04:43:54,L-J01_m-glm-4.5-air_sol1_gd1_rs0_bd1_str-neutral_t00_n1,347,2,1,zai-org/GLM-4.5-Air,1,0,1,1,neutral,0.0,7.5,0.0
2026-07-17 04:43:59,L-J01_m-glm-4.5-air_sol1_gd1_rs0_bd1_str-neutral_t00_n1,347,3,1,zai-org/GLM-4.5-Air,1,0,1,1,neutral,0.0,10.5,0.0
2026-07-17 04:44:01,L-J01_m-glm-4.5-air_sol1_gd1_rs0_bd1_str-neutral_t00_n1,347,4,1,zai-org/GLM-4.5-Air,1,0,1,1,neutral,0.0,0.0,0.0
2026-07-17 04:44:07,L-J01_m-glm-4.5-air_sol1_gd1_rs0_bd1_str-neutral_t00_n1,348,1,1,zai-org/GLM-4.5-Air,1,0,1,1,neutral,0.0,1.5,0.0
2026-07-17 04:44:12,L-J01_m-glm-4.5-air_sol1_gd1_rs0_bd1_str-neutral_t00_n1,348,2,1,zai-org/GLM-4.5-Air,1,0,1,1,neutral,0.0,8.5,0.0
2026-07-17 04:44:16,L-J01_m-glm-4.5-air_sol1_gd1_rs0_bd1_str-neutral_t00_n1,348,3,1,zai-org/GLM-4.5-Air,1,0,1,1,neutral,0.0,10.5,0.0
2026-07-17 04:44:22,L-J01_m-glm-4.5-air_sol1_gd1_rs0_bd1_str-neutral_t00_n1,349,1,1,zai-org/GLM-4.5-Air,1,0,1,1,neutral,0.0,10.5,0.0
2026-07-17 04:44:27,L-J01_m-glm-4.5-air_sol1_gd1_rs0_bd1_str-neutral_t00_n1,349,2,1,zai-org/GLM-4.5-Air,1,0,1,1,neutral,0.0,10.5,0.0
2026-07-17 04:44:31,L-J01_m-glm-4.5-air_sol1_gd1_rs0_bd1_str-neutral_t00_n1,349,3,1,zai-org/GLM-4.5-Air,1,0,1,1,neutral,0.0,0.0,0.0
2026-07-17 04:44:33,L-J01_m-glm-4.5-air_sol1_gd1_rs0_bd1_str-neutral_t00_n1,349,4,1,zai-org/GLM-4.5-Air,1,0,1,1,neutral,0.0,0.0,0.0
2026-07-17 04:44:39,L-J01_m-glm-4.5-air_sol1_gd1_rs0_bd1_str-neutral_t00_n1,350,1,1,zai-org/GLM-4.5-Air,1,0,1,1,neutral,0.0,7.5,0.0
2026-07-17 04:44:45,L-J01_m-glm-4.5-air_sol1_gd1_rs0_bd1_str-neutral_t00_n1,350,2,1,zai-org/GLM-4.5-Air,1,0,1,1,neutral,0.0,7.5,0.0
2026-07-17 04:44:49,L-J01_m-glm-4.5-air_sol1_gd1_rs0_bd1_str-neutral_t00_n1,350,3,1,zai-org/GLM-4.5-Air,1,0,1,1,neutral,0.0,10.5,0.0
2026-07-17 04:44:52,L-J01_m-glm-4.5-air_sol1_gd1_rs0_bd1_str-neutral_t00_n1,350,4,1,zai-org/GLM-4.5-Air,1,0,1,1,neutral,0.0,0.0,0.0
2026-07-17 04:44:58,L-J01_m-glm-4.5-air_sol1_gd1_rs0_bd1_str-neutral_t00_n1,351,1,1,zai-org/GLM-4.5-Air,1,0,1,1,neutral,0.0,9.5,0.0
2026-07-17 04:45:03,L-J01_m-glm-4.5-air_sol1_gd1_rs0_bd1_str-neutral_t00_n1,351,2,1,zai-org/GLM-4.5-Air,1,0,1,1,neutral,0.0,10.5,4.0
2026-07-17 04:45:08,L-J01_m-glm-4.5-air_sol1_gd1_rs0_bd1_str-neutral_t00_n1,351,3,1,zai-org/GLM-4.5-Air,1,0,1,1,neutral,0.0,8.5,0.0
2026-07-17 04:45:10,L-J01_m-glm-4.5-air_sol1_gd1_rs0_bd1_str-neutral_t00_n1,351,4,1,zai-org/GLM-4.5-Air,1,0,1,1,neutral,0.0,0.0,5.0
2026-07-17 04:45:17,L-J01_m-glm-4.5-air_sol1_gd1_rs0_bd1_str-neutral_t00_n1,352,1,1,zai-org/GLM-4.5-Air,1,0,1,1,neutral,0.0,0.0,0.0
2026-07-17 04:45:23,L-J01_m-glm-4.5-air_sol1_gd1_rs0_bd1_str-neutral_t00_n1,352,2,1,zai-org/GLM-4.5-Air,1,0,1,1,neutral,0.0,8.5,0.0
2026-07-17 04:45:27,L-J01_m-glm-4.5-air_sol1_gd1_rs0_bd1_str-neutral_t00_n1,352,3,1,zai-org/GLM-4.5-Air,1,0,1,1,neutral,0.0,5.5,0.0
2026-07-17 04:45:33,L-J01_m-glm-4.5-air_sol1_gd1_rs0_bd1_str-neutral_t00_n1,353,1,1,zai-org/GLM-4.5-Air,1,0,1,1,neutral,0.0,10.5,0.0
2026-07-17 04:45:38,L-J01_m-glm-4.5-air_sol1_gd1_rs0_bd1_str-neutral_t00_n1,353,2,1,zai-org/GLM-4.5-Air,1,0,1,1,neutral,0.0,7.5,0.0
2026-07-17 04:45:42,L-J01_m-glm-4.5-air_sol1_gd1_rs0_bd1_str-neutral_t00_n1,353,3,1,zai-org/GLM-4.5-Air,1,0,1,1,neutral,0.0,10.5,0.0
2026-07-17 04:45:49,L-J01_m-glm-4.5-air_sol1_gd1_rs0_bd1_str-neutral_t00_n1,354,1,1,zai-org/GLM-4.5-Air,1,0,1,1,neutral,0.0,5.5,0.0
2026-07-17 04:45:54,L-J01_m-glm-4.5-air_sol1_gd1_rs0_bd1_str-neutral_t00_n1,354,2,1,zai-org/GLM-4.5-Air,1,0,1,1,neutral,0.0,7.5,0.0
2026-07-17 04:45:58,L-J01_m-glm-4.5-air_sol1_gd1_rs0_bd1_str-neutral_t00_n1,354,3,1,zai-org/GLM-4.5-Air,1,0,1,1,neutral,0.0,7.5,0.0
2026-07-17 04:46:04,L-J01_m-glm-4.5-air_sol1_gd1_rs0_bd1_str-neutral_t00_n1,355,1,1,zai-org/GLM-4.5-Air,1,0,1,1,neutral,0.0,5.5,0.0
2026-07-17 04:46:10,L-J01_m-glm-4.5-air_sol1_gd1_rs0_bd1_str-neutral_t00_n1,355,2,1,zai-org/GLM-4.5-Air,1,0,1,1,neutral,0.0,5.5,0.0
2026-07-17 04:46:14,L-J01_m-glm-4.5-air_sol1_gd1_rs0_bd1_str-neutral_t00_n1,355,3,1,zai-org/GLM-4.5-Air,1,0,1,1,neutral,0.0,5.5,0.0
2026-07-17 04:46:17,L-J01_m-glm-4.5-air_sol1_gd1_rs0_bd1_str-neutral_t00_n1,355,4,1,zai-org/GLM-4.5-Air,1,0,1,1,neutral,0.0,0.0,0.0
2026-07-17 04:46:23,L-J01_m-glm-4.5-air_sol1_gd1_rs0_bd1_str-neutral_t00_n1,356,1,1,zai-org/GLM-4.5-Air,1,0,1,1,neutral,0.0,1.5,0.0
2026-07-17 04:46:28,L-J01_m-glm-4.5-air_sol1_gd1_rs0_bd1_str-neutral_t00_n1,356,2,1,zai-org/GLM-4.5-Air,1,0,1,1,neutral,0.0,5.5,0.0
2026-07-17 04:46:32,L-J01_m-glm-4.5-air_sol1_gd1_rs0_bd1_str-neutral_t00_n1,356,3,1,zai-org/GLM-4.5-Air,1,0,1,1,neutral,0.0,0.0,0.0
2026-07-17 04:46:38,L-J01_m-glm-4.5-air_sol1_gd1_rs0_bd1_str-neutral_t00_n1,357,1,1,zai-org/GLM-4.5-Air,1,0,1,1,neutral,0.0,8.5,0.0
2026-07-17 04:46:43,L-J01_m-glm-4.5-air_sol1_gd1_rs0_bd1_str-neutral_t00_n1,357,2,1,zai-org/GLM-4.5-Air,1,0,1,1,neutral,0.0,9.5,0.0
2026-07-17 04:46:47,L-J01_m-glm-4.5-air_sol1_gd1_rs0_bd1_str-neutral_t00_n1,357,3,1,zai-org/GLM-4.5-Air,1,0,1,1,neutral,0.0,10.5,0.0
2026-07-17 04:46:53,L-J01_m-glm-4.5-air_sol1_gd1_rs0_bd1_str-neutral_t00_n1,358,1,1,zai-org/GLM-4.5-Air,1,0,1,1,neutral,0.0,10.5,0.0
2026-07-17 04:46:59,L-J01_m-glm-4.5-air_sol1_gd1_rs0_bd1_str-neutral_t00_n1,358,2,1,zai-org/GLM-4.5-Air,1,0,1,1,neutral,0.0,10.5,0.0
2026-07-17 04:47:03,L-J01_m-glm-4.5-air_sol1_gd1_rs0_bd1_str-neutral_t00_n1,358,3,1,zai-org/GLM-4.5-Air,1,0,1,1,neutral,0.0,7.5,0.0
2026-07-17 04:47:05,L-J01_m-glm-4.5-air_sol1_gd1_rs0_bd1_str-neutral_t00_n1,358,4,1,zai-org/GLM-4.5-Air,1,0,1,1,neutral,0.0,0.0,5.0
2026-07-17 04:47:11,L-J01_m-glm-4.5-air_sol1_gd1_rs0_bd1_str-neutral_t00_n1,359,1,1,zai-org/GLM-4.5-Air,1,0,1,1,neutral,0.0,5.5,0.0
2026-07-17 04:47:16,L-J01_m-glm-4.5-air_sol1_gd1_rs0_bd1_str-neutral_t00_n1,359,2,1,zai-org/GLM-4.5-Air,1,0,1,1,neutral,0.0,5.5,0.0
2026-07-17 04:47:23,L-J01_m-glm-4.5-air_sol1_gd1_rs0_bd1_str-neutral_t00_n1,360,1,1,zai-org/GLM-4.5-Air,1,0,1,1,neutral,0.0,5.5,0.0
2026-07-17 04:47:28,L-J01_m-glm-4.5-air_sol1_gd1_rs0_bd1_str-neutral_t00_n1,360,2,1,zai-org/GLM-4.5-Air,1,0,1,1,neutral,0.0,7.5,0.0
2026-07-17 04:47:32,L-J01_m-glm-4.5-air_sol1_gd1_rs0_bd1_str-neutral_t00_n1,360,3,1,zai-org/GLM-4.5-Air,1,0,1,1,neutral,0.0,10.5,0.0
2026-07-17 04:47:39,L-J01_m-glm-4.5-air_sol1_gd1_rs0_bd1_str-neutral_t00_n1,361,1,1,zai-org/GLM-4.5-Air,1,0,1,1,neutral,0.0,9.5,0.0
2026-07-17 04:47:44,L-J01_m-glm-4.5-air_sol1_gd1_rs0_bd1_str-neutral_t00_n1,361,2,1,zai-org/GLM-4.5-Air,1,0,1,1,neutral,0.0,7.5,0.0
2026-07-17 04:47:48,L-J01_m-glm-4.5-air_sol1_gd1_rs0_bd1_str-neutral_t00_n1,361,3,1,zai-org/GLM-4.5-Air,1,0,1,1,neutral,0.0,0.0,0.0
2026-07-17 04:47:54,L-J01_m-glm-4.5-air_sol1_gd1_rs0_bd1_str-neutral_t00_n1,362,1,1,zai-org/GLM-4.5-Air,1,0,1,1,neutral,0.0,8.5,0.0
2026-07-17 04:47:59,L-J01_m-glm-4.5-air_sol1_gd1_rs0_bd1_str-neutral_t00_n1,362,2,1,zai-org/GLM-4.5-Air,1,0,1,1,neutral,0.0,9.5,0.0
2026-07-17 04:48:04,L-J01_m-glm-4.5-air_sol1_gd1_rs0_bd1_str-neutral_t00_n1,362,3,1,zai-org/GLM-4.5-Air,1,0,1,1,neutral,0.0,5.5,0.0
2026-07-17 04:48:10,L-J01_m-glm-4.5-air_sol1_gd1_rs0_bd1_str-neutral_t00_n1,363,1,1,zai-org/GLM-4.5-Air,1,0,1,1,neutral,0.0,8.5,0.0
2026-07-17 04:48:15,L-J01_m-glm-4.5-air_sol1_gd1_rs0_bd1_str-neutral_t00_n1,363,2,1,zai-org/GLM-4.5-Air,1,0,1,1,neutral,0.0,8.5,0.0
2026-07-17 04:48:19,L-J01_m-glm-4.5-air_sol1_gd1_rs0_bd1_str-neutral_t00_n1,363,3,1,zai-org/GLM-4.5-Air,1,0,1,1,neutral,0.0,10.5,0.0
2026-07-17 04:48:25,L-J01_m-glm-4.5-air_sol1_gd1_rs0_bd1_str-neutral_t00_n1,364,1,1,zai-org/GLM-4.5-Air,1,0,1,1,neutral,0.0,0.0,0.0
2026-07-17 04:48:31,L-J01_m-glm-4.5-air_sol1_gd1_rs0_bd1_str-neutral_t00_n1,364,2,1,zai-org/GLM-4.5-Air,1,0,1,1,neutral,0.0,7.5,0.0
2026-07-17 04:48:35,L-J01_m-glm-4.5-air_sol1_gd1_rs0_bd1_str-neutral_t00_n1,364,3,1,zai-org/GLM-4.5-Air,1,0,1,1,neutral,0.0,4.5,0.0
2026-07-17 04:48:42,L-J01_m-glm-4.5-air_sol1_gd1_rs0_bd1_str-neutral_t00_n1,365,1,1,zai-org/GLM-4.5-Air,1,0,1,1,neutral,0.0,1.5,0.0
2026-07-17 04:48:47,L-J01_m-glm-4.5-air_sol1_gd1_rs0_bd1_str-neutral_t00_n1,365,2,1,zai-org/GLM-4.5-Air,1,0,1,1,neutral,0.0,5.5,0.0
2026-07-17 04:48:51,L-J01_m-glm-4.5-air_sol1_gd1_rs0_bd1_str-neutral_t00_n1,365,3,1,zai-org/GLM-4.5-Air,1,0,1,1,neutral,0.0,7.5,0.0
2026-07-17 04:48:54,L-J01_m-glm-4.5-air_sol1_gd1_rs0_bd1_str-neutral_t00_n1,365,4,1,zai-org/GLM-4.5-Air,1,0,1,1,neutral,0.0,0.0,5.0
2026-07-17 04:49:00,L-J01_m-glm-4.5-air_sol1_gd1_rs0_bd1_str-neutral_t00_n1,366,1,1,zai-org/GLM-4.5-Air,1,0,1,1,neutral,0.0,9.5,0.0
2026-07-17 04:49:05,L-J01_m-glm-4.5-air_sol1_gd1_rs0_bd1_str-neutral_t00_n1,366,2,1,zai-org/GLM-4.5-Air,1,0,1,1,neutral,0.0,9.5,0.0
2026-07-17 04:49:09,L-J01_m-glm-4.5-air_sol1_gd1_rs0_bd1_str-neutral_t00_n1,366,3,1,zai-org/GLM-4.5-Air,1,0,1,1,neutral,0.0,3.5,0.0
2026-07-17 04:49:15,L-J01_m-glm-4.5-air_sol1_gd1_rs0_bd1_str-neutral_t00_n1,367,1,1,zai-org/GLM-4.5-Air,1,0,1,1,neutral,0.0,10.5,0.0
2026-07-17 04:49:20,L-J01_m-glm-4.5-air_sol1_gd1_rs0_bd1_str-neutral_t00_n1,367,2,1,zai-org/GLM-4.5-Air,1,0,1,1,neutral,0.0,8.5,0.0
2026-07-17 04:49:24,L-J01_m-glm-4.5-air_sol1_gd1_rs0_bd1_str-neutral_t00_n1,367,3,1,zai-org/GLM-4.5-Air,1,0,1,1,neutral,0.0,5.5,0.0
2026-07-17 04:49:27,L-J01_m-glm-4.5-air_sol1_gd1_rs0_bd1_str-neutral_t00_n1,367,4,1,zai-org/GLM-4.5-Air,1,0,1,1,neutral,0.0,0.0,0.0
2026-07-17 04:49:32,L-J01_m-glm-4.5-air_sol1_gd1_rs0_bd1_str-neutral_t00_n1,368,1,1,zai-org/GLM-4.5-Air,1,0,1,1,neutral,0.0,10.5,0.0
2026-07-17 04:49:38,L-J01_m-glm-4.5-air_sol1_gd1_rs0_bd1_str-neutral_t00_n1,368,2,1,zai-org/GLM-4.5-Air,1,0,1,1,neutral,0.0,8.5,0.0
2026-07-17 04:49:42,L-J01_m-glm-4.5-air_sol1_gd1_rs0_bd1_str-neutral_t00_n1,368,3,1,zai-org/GLM-4.5-Air,1,0,1,1,neutral,0.0,7.5,0.0
2026-07-17 04:49:48,L-J01_m-glm-4.5-air_sol1_gd1_rs0_bd1_str-neutral_t00_n1,369,1,1,zai-org/GLM-4.5-Air,1,0,1,1,neutral,0.0,11.5,4.0
2026-07-17 04:49:54,L-J01_m-glm-4.5-air_sol1_gd1_rs0_bd1_str-neutral_t00_n1,369,2,1,zai-org/GLM-4.5-Air,1,0,1,1,neutral,0.0,10.5,4.0
2026-07-17 04:49:58,L-J01_m-glm-4.5-air_sol1_gd1_rs0_bd1_str-neutral_t00_n1,369,3,1,zai-org/GLM-4.5-Air,1,0,1,1,neutral,0.0,10.5,0.0
2026-07-17 04:50:00,L-J01_m-glm-4.5-air_sol1_gd1_rs0_bd1_str-neutral_t00_n1,369,4,1,zai-org/GLM-4.5-Air,1,0,1,1,neutral,0.0,0.0,5.0
2026-07-17 04:50:06,L-J01_m-glm-4.5-air_sol1_gd1_rs0_bd1_str-neutral_t00_n1,370,1,1,zai-org/GLM-4.5-Air,1,0,1,1,neutral,0.0,10.5,0.0
2026-07-17 04:50:11,L-J01_m-glm-4.5-air_sol1_gd1_rs0_bd1_str-neutral_t00_n1,370,2,1,zai-org/GLM-4.5-Air,1,0,1,1,neutral,0.0,8.5,0.0
2026-07-17 04:50:16,L-J01_m-glm-4.5-air_sol1_gd1_rs0_bd1_str-neutral_t00_n1,370,3,1,zai-org/GLM-4.5-Air,1,0,1,1,neutral,0.0,8.5,0.0
2026-07-17 04:50:22,L-J01_m-glm-4.5-air_sol1_gd1_rs0_bd1_str-neutral_t00_n1,371,1,1,zai-org/GLM-4.5-Air,1,0,1,1,neutral,0.0,7.5,0.0
2026-07-17 04:50:27,L-J01_m-glm-4.5-air_sol1_gd1_rs0_bd1_str-neutral_t00_n1,371,2,1,zai-org/GLM-4.5-Air,1,0,1,1,neutral,0.0,5.5,0.0
2026-07-17 04:50:32,L-J01_m-glm-4.5-air_sol1_gd1_rs0_bd1_str-neutral_t00_n1,371,3,1,zai-org/GLM-4.5-Air,1,0,1,1,neutral,0.0,2.5,0.0
2026-07-17 04:50:38,L-J01_m-glm-4.5-air_sol1_gd1_rs0_bd1_str-neutral_t00_n1,372,1,1,zai-org/GLM-4.5-Air,1,0,1,1,neutral,0.0,9.5,0.0
2026-07-17 04:50:43,L-J01_m-glm-4.5-air_sol1_gd1_rs0_bd1_str-neutral_t00_n1,372,2,1,zai-org/GLM-4.5-Air,1,0,1,1,neutral,0.0,10.5,0.0
2026-07-17 04:50:47,L-J01_m-glm-4.5-air_sol1_gd1_rs0_bd1_str-neutral_t00_n1,372,3,1,zai-org/GLM-4.5-Air,1,0,1,1,neutral,0.0,5.5,0.0
2026-07-17 04:50:54,L-J01_m-glm-4.5-air_sol1_gd1_rs0_bd1_str-neutral_t00_n1,373,1,1,zai-org/GLM-4.5-Air,1,0,1,1,neutral,0.0,5.5,0.0
2026-07-17 04:50:59,L-J01_m-glm-4.5-air_sol1_gd1_rs0_bd1_str-neutral_t00_n1,373,2,1,zai-org/GLM-4.5-Air,1,0,1,1,neutral,0.0,8.5,0.0
2026-07-17 04:51:03,L-J01_m-glm-4.5-air_sol1_gd1_rs0_bd1_str-neutral_t00_n1,373,3,1,zai-org/GLM-4.5-Air,1,0,1,1,neutral,0.0,10.5,0.0
2026-07-17 04:51:09,L-J01_m-glm-4.5-air_sol1_gd1_rs0_bd1_str-neutral_t00_n1,374,1,1,zai-org/GLM-4.5-Air,1,0,1,1,neutral,0.0,7.5,0.0
2026-07-17 04:51:14,L-J01_m-glm-4.5-air_sol1_gd1_rs0_bd1_str-neutral_t00_n1,374,2,1,zai-org/GLM-4.5-Air,1,0,1,1,neutral,0.0,7.5,0.0
2026-07-17 04:51:20,L-J01_m-glm-4.5-air_sol1_gd1_rs0_bd1_str-neutral_t00_n1,374,3,1,zai-org/GLM-4.5-Air,1,0,1,1,neutral,0.0,0.0,0.0
2026-07-17 04:51:22,L-J01_m-glm-4.5-air_sol1_gd1_rs0_bd1_str-neutral_t00_n1,374,4,1,zai-org/GLM-4.5-Air,1,0,1,1,neutral,0.0,0.0,0.0
2026-07-17 04:51:28,L-J01_m-glm-4.5-air_sol1_gd1_rs0_bd1_str-neutral_t00_n1,375,1,1,zai-org/GLM-4.5-Air,1,0,1,1,neutral,0.0,7.5,0.0
2026-07-17 04:51:33,L-J01_m-glm-4.5-air_sol1_gd1_rs0_bd1_str-neutral_t00_n1,375,2,1,zai-org/GLM-4.5-Air,1,0,1,1,neutral,0.0,7.5,0.0
2026-07-17 04:51:38,L-J01_m-glm-4.5-air_sol1_gd1_rs0_bd1_str-neutral_t00_n1,375,3,1,zai-org/GLM-4.5-Air,1,0,1,1,neutral,0.0,5.5,0.0
2026-07-17 04:51:44,L-J01_m-glm-4.5-air_sol1_gd1_rs0_bd1_str-neutral_t00_n1,376,1,1,zai-org/GLM-4.5-Air,1,0,1,1,neutral,0.0,5.5,0.0
2026-07-17 04:51:49,L-J01_m-glm-4.5-air_sol1_gd1_rs0_bd1_str-neutral_t00_n1,376,2,1,zai-org/GLM-4.5-Air,1,0,1,1,neutral,0.0,8.5,0.0
2026-07-17 04:51:54,L-J01_m-glm-4.5-air_sol1_gd1_rs0_bd1_str-neutral_t00_n1,376,3,1,zai-org/GLM-4.5-Air,1,0,1,1,neutral,0.0,9.5,0.0
2026-07-17 04:51:59,L-J01_m-glm-4.5-air_sol1_gd1_rs0_bd1_str-neutral_t00_n1,377,1,1,zai-org/GLM-4.5-Air,1,0,1,1,neutral,0.0,8.5,0.0
2026-07-17 04:52:05,L-J01_m-glm-4.5-air_sol1_gd1_rs0_bd1_str-neutral_t00_n1,377,2,1,zai-org/GLM-4.5-Air,1,0,1,1,neutral,0.0,5.5,0.0
2026-07-17 04:52:13,L-J01_m-glm-4.5-air_sol1_gd1_rs0_bd1_str-neutral_t00_n1,377,3,1,zai-org/GLM-4.5-Air,1,0,1,1,neutral,0.0,7.5,0.0
2026-07-17 04:52:19,L-J01_m-glm-4.5-air_sol1_gd1_rs0_bd1_str-neutral_t00_n1,378,1,1,zai-org/GLM-4.5-Air,1,0,1,1,neutral,0.0,8.5,0.0
2026-07-17 04:52:24,L-J01_m-glm-4.5-air_sol1_gd1_rs0_bd1_str-neutral_t00_n1,378,2,1,zai-org/GLM-4.5-Air,1,0,1,1,neutral,0.0,8.5,0.0
2026-07-17 04:52:29,L-J01_m-glm-4.5-air_sol1_gd1_rs0_bd1_str-neutral_t00_n1,378,3,1,zai-org/GLM-4.5-Air,1,0,1,1,neutral,0.0,9.5,0.0
2026-07-17 04:52:31,L-J01_m-glm-4.5-air_sol1_gd1_rs0_bd1_str-neutral_t00_n1,378,4,1,zai-org/GLM-4.5-Air,1,0,1,1,neutral,0.0,0.0,0.0
2026-07-17 04:52:37,L-J01_m-glm-4.5-air_sol1_gd1_rs0_bd1_str-neutral_t00_n1,379,1,1,zai-org/GLM-4.5-Air,1,0,1,1,neutral,0.0,10.5,0.0
2026-07-17 04:52:42,L-J01_m-glm-4.5-air_sol1_gd1_rs0_bd1_str-neutral_t00_n1,379,2,1,zai-org/GLM-4.5-Air,1,0,1,1,neutral,0.0,8.5,0.0
2026-07-17 04:52:47,L-J01_m-glm-4.5-air_sol1_gd1_rs0_bd1_str-neutral_t00_n1,379,3,1,zai-org/GLM-4.5-Air,1,0,1,1,neutral,0.0,9.5,0.0
2026-07-17 04:52:49,L-J01_m-glm-4.5-air_sol1_gd1_rs0_bd1_str-neutral_t00_n1,379,4,1,zai-org/GLM-4.5-Air,1,0,1,1,neutral,0.0,0.0,0.0
2026-07-17 04:52:55,L-J01_m-glm-4.5-air_sol1_gd1_rs0_bd1_str-neutral_t00_n1,380,1,1,zai-org/GLM-4.5-Air,1,0,1,1,neutral,0.0,10.5,0.0
2026-07-17 04:53:00,L-J01_m-glm-4.5-air_sol1_gd1_rs0_bd1_str-neutral_t00_n1,380,2,1,zai-org/GLM-4.5-Air,1,0,1,1,neutral,0.0,8.5,0.0
2026-07-17 04:53:04,L-J01_m-glm-4.5-air_sol1_gd1_rs0_bd1_str-neutral_t00_n1,380,3,1,zai-org/GLM-4.5-Air,1,0,1,1,neutral,0.0,10.5,0.0
2026-07-17 04:53:07,L-J01_m-glm-4.5-air_sol1_gd1_rs0_bd1_str-neutral_t00_n1,380,4,1,zai-org/GLM-4.5-Air,1,0,1,1,neutral,0.0,0.0,0.0
2026-07-17 04:53:13,L-J01_m-glm-4.5-air_sol1_gd1_rs0_bd1_str-neutral_t00_n1,381,1,1,zai-org/GLM-4.5-Air,1,0,1,1,neutral,0.0,7.5,0.0
2026-07-17 04:53:18,L-J01_m-glm-4.5-air_sol1_gd1_rs0_bd1_str-neutral_t00_n1,381,2,1,zai-org/GLM-4.5-Air,1,0,1,1,neutral,0.0,8.5,0.0
2026-07-17 04:53:22,L-J01_m-glm-4.5-air_sol1_gd1_rs0_bd1_str-neutral_t00_n1,381,3,1,zai-org/GLM-4.5-Air,1,0,1,1,neutral,0.0,10.5,0.0
2026-07-17 04:53:28,L-J01_m-glm-4.5-air_sol1_gd1_rs0_bd1_str-neutral_t00_n1,382,1,1,zai-org/GLM-4.5-Air,1,0,1,1,neutral,0.0,9.5,0.0
2026-07-17 04:53:34,L-J01_m-glm-4.5-air_sol1_gd1_rs0_bd1_str-neutral_t00_n1,382,2,1,zai-org/GLM-4.5-Air,1,0,1,1,neutral,0.0,5.5,0.0
2026-07-17 04:53:38,L-J01_m-glm-4.5-air_sol1_gd1_rs0_bd1_str-neutral_t00_n1,382,3,1,zai-org/GLM-4.5-Air,1,0,1,1,neutral,0.0,5.5,0.0
2026-07-17 04:53:44,L-J01_m-glm-4.5-air_sol1_gd1_rs0_bd1_str-neutral_t00_n1,383,1,1,zai-org/GLM-4.5-Air,1,0,1,1,neutral,0.0,8.5,0.0
2026-07-17 04:53:50,L-J01_m-glm-4.5-air_sol1_gd1_rs0_bd1_str-neutral_t00_n1,383,2,1,zai-org/GLM-4.5-Air,1,0,1,1,neutral,0.0,5.5,0.0
2026-07-17 04:53:54,L-J01_m-glm-4.5-air_sol1_gd1_rs0_bd1_str-neutral_t00_n1,383,3,1,zai-org/GLM-4.5-Air,1,0,1,1,neutral,0.0,7.5,0.0
2026-07-17 04:54:00,L-J01_m-glm-4.5-air_sol1_gd1_rs0_bd1_str-neutral_t00_n1,384,1,1,zai-org/GLM-4.5-Air,1,0,1,1,neutral,0.0,1.5,0.0
2026-07-17 04:54:05,L-J01_m-glm-4.5-air_sol1_gd1_rs0_bd1_str-neutral_t00_n1,384,2,1,zai-org/GLM-4.5-Air,1,0,1,1,neutral,0.0,3.5,0.0
2026-07-17 04:54:10,L-J01_m-glm-4.5-air_sol1_gd1_rs0_bd1_str-neutral_t00_n1,384,3,1,zai-org/GLM-4.5-Air,1,0,1,1,neutral,0.0,5.5,0.0
2026-07-17 04:54:16,L-J01_m-glm-4.5-air_sol1_gd1_rs0_bd1_str-neutral_t00_n1,385,1,1,zai-org/GLM-4.5-Air,1,0,1,1,neutral,0.0,0.0,0.0
2026-07-17 04:54:21,L-J01_m-glm-4.5-air_sol1_gd1_rs0_bd1_str-neutral_t00_n1,385,2,1,zai-org/GLM-4.5-Air,1,0,1,1,neutral,0.0,5.5,0.0
2026-07-17 04:54:26,L-J01_m-glm-4.5-air_sol1_gd1_rs0_bd1_str-neutral_t00_n1,385,3,1,zai-org/GLM-4.5-Air,1,0,1,1,neutral,0.0,5.5,0.0
2026-07-17 04:54:32,L-J01_m-glm-4.5-air_sol1_gd1_rs0_bd1_str-neutral_t00_n1,386,1,1,zai-org/GLM-4.5-Air,1,0,1,1,neutral,0.0,10.5,4.0
2026-07-17 04:54:37,L-J01_m-glm-4.5-air_sol1_gd1_rs0_bd1_str-neutral_t00_n1,386,2,1,zai-org/GLM-4.5-Air,1,0,1,1,neutral,0.0,8.5,0.0
2026-07-17 04:54:42,L-J01_m-glm-4.5-air_sol1_gd1_rs0_bd1_str-neutral_t00_n1,386,3,1,zai-org/GLM-4.5-Air,1,0,1,1,neutral,0.0,7.5,0.0
2026-07-17 04:54:48,L-J01_m-glm-4.5-air_sol1_gd1_rs0_bd1_str-neutral_t00_n1,387,1,1,zai-org/GLM-4.5-Air,1,0,1,1,neutral,0.0,12.0,4.0
2026-07-17 04:54:53,L-J01_m-glm-4.5-air_sol1_gd1_rs0_bd1_str-neutral_t00_n1,387,2,1,zai-org/GLM-4.5-Air,1,0,1,1,neutral,0.0,9.5,3.0
2026-07-17 04:54:58,L-J01_m-glm-4.5-air_sol1_gd1_rs0_bd1_str-neutral_t00_n1,387,3,1,zai-org/GLM-4.5-Air,1,0,1,1,neutral,0.0,10.5,0.0
2026-07-17 04:55:05,L-J01_m-glm-4.5-air_sol1_gd1_rs0_bd1_str-neutral_t00_n1,388,1,1,zai-org/GLM-4.5-Air,1,0,1,1,neutral,0.0,0.0,0.0
2026-07-17 04:55:11,L-J01_m-glm-4.5-air_sol1_gd1_rs0_bd1_str-neutral_t00_n1,388,2,1,zai-org/GLM-4.5-Air,1,0,1,1,neutral,0.0,5.5,0.0
2026-07-17 04:55:15,L-J01_m-glm-4.5-air_sol1_gd1_rs0_bd1_str-neutral_t00_n1,388,3,1,zai-org/GLM-4.5-Air,1,0,1,1,neutral,0.0,4.5,0.0
2026-07-17 04:55:21,L-J01_m-glm-4.5-air_sol1_gd1_rs0_bd1_str-neutral_t00_n1,389,1,1,zai-org/GLM-4.5-Air,1,0,1,1,neutral,0.0,10.5,4.0
2026-07-17 04:55:27,L-J01_m-glm-4.5-air_sol1_gd1_rs0_bd1_str-neutral_t00_n1,389,2,1,zai-org/GLM-4.5-Air,1,0,1,1,neutral,0.0,7.5,0.0
2026-07-17 04:55:31,L-J01_m-glm-4.5-air_sol1_gd1_rs0_bd1_str-neutral_t00_n1,389,3,1,zai-org/GLM-4.5-Air,1,0,1,1,neutral,0.0,7.5,0.0
2026-07-17 04:55:34,L-J01_m-glm-4.5-air_sol1_gd1_rs0_bd1_str-neutral_t00_n1,389,4,1,zai-org/GLM-4.5-Air,1,0,1,1,neutral,0.0,0.0,5.0
2026-07-17 04:55:39,L-J01_m-glm-4.5-air_sol1_gd1_rs0_bd1_str-neutral_t00_n1,390,1,1,zai-org/GLM-4.5-Air,1,0,1,1,neutral,0.0,9.5,0.0
2026-07-17 04:55:44,L-J01_m-glm-4.5-air_sol1_gd1_rs0_bd1_str-neutral_t00_n1,390,2,1,zai-org/GLM-4.5-Air,1,0,1,1,neutral,0.0,10.5,0.0
2026-07-17 04:55:48,L-J01_m-glm-4.5-air_sol1_gd1_rs0_bd1_str-neutral_t00_n1,390,3,1,zai-org/GLM-4.5-Air,1,0,1,1,neutral,0.0,7.5,0.0
2026-07-17 04:55:51,L-J01_m-glm-4.5-air_sol1_gd1_rs0_bd1_str-neutral_t00_n1,390,4,1,zai-org/GLM-4.5-Air,1,0,1,1,neutral,0.0,0.0,0.0
2026-07-17 04:55:57,L-J01_m-glm-4.5-air_sol1_gd1_rs0_bd1_str-neutral_t00_n1,391,1,1,zai-org/GLM-4.5-Air,1,0,1,1,neutral,0.0,5.5,0.0
2026-07-17 04:56:02,L-J01_m-glm-4.5-air_sol1_gd1_rs0_bd1_str-neutral_t00_n1,391,2,1,zai-org/GLM-4.5-Air,1,0,1,1,neutral,0.0,7.5,0.0
2026-07-17 04:56:06,L-J01_m-glm-4.5-air_sol1_gd1_rs0_bd1_str-neutral_t00_n1,391,3,1,zai-org/GLM-4.5-Air,1,0,1,1,neutral,0.0,8.5,0.0
2026-07-17 04:56:09,L-J01_m-glm-4.5-air_sol1_gd1_rs0_bd1_str-neutral_t00_n1,391,4,1,zai-org/GLM-4.5-Air,1,0,1,1,neutral,0.0,0.0,0.0
2026-07-17 04:56:14,L-J01_m-glm-4.5-air_sol1_gd1_rs0_bd1_str-neutral_t00_n1,392,1,1,zai-org/GLM-4.5-Air,1,0,1,1,neutral,0.0,5.5,0.0
2026-07-17 04:56:19,L-J01_m-glm-4.5-air_sol1_gd1_rs0_bd1_str-neutral_t00_n1,392,2,1,zai-org/GLM-4.5-Air,1,0,1,1,neutral,0.0,9.5,0.0
2026-07-17 04:56:24,L-J01_m-glm-4.5-air_sol1_gd1_rs0_bd1_str-neutral_t00_n1,392,3,1,zai-org/GLM-4.5-Air,1,0,1,1,neutral,0.0,2.5,0.0
2026-07-17 04:56:30,L-J01_m-glm-4.5-air_sol1_gd1_rs0_bd1_str-neutral_t00_n1,393,1,1,zai-org/GLM-4.5-Air,1,0,1,1,neutral,0.0,5.5,0.0
2026-07-17 04:56:35,L-J01_m-glm-4.5-air_sol1_gd1_rs0_bd1_str-neutral_t00_n1,393,2,1,zai-org/GLM-4.5-Air,1,0,1,1,neutral,0.0,5.5,0.0
2026-07-17 04:56:39,L-J01_m-glm-4.5-air_sol1_gd1_rs0_bd1_str-neutral_t00_n1,393,3,1,zai-org/GLM-4.5-Air,1,0,1,1,neutral,0.0,7.5,0.0
2026-07-17 04:56:47,L-J01_m-glm-4.5-air_sol1_gd1_rs0_bd1_str-neutral_t00_n1,394,1,1,zai-org/GLM-4.5-Air,1,0,1,1,neutral,0.0,0.0,0.0
2026-07-17 04:56:52,L-J01_m-glm-4.5-air_sol1_gd1_rs0_bd1_str-neutral_t00_n1,394,2,1,zai-org/GLM-4.5-Air,1,0,1,1,neutral,0.0,8.5,0.0
2026-07-17 04:56:57,L-J01_m-glm-4.5-air_sol1_gd1_rs0_bd1_str-neutral_t00_n1,394,3,1,zai-org/GLM-4.5-Air,1,0,1,1,neutral,0.0,5.5,0.0
2026-07-17 04:57:03,L-J01_m-glm-4.5-air_sol1_gd1_rs0_bd1_str-neutral_t00_n1,395,1,1,zai-org/GLM-4.5-Air,1,0,1,1,neutral,0.0,8.5,0.0
2026-07-17 04:57:08,L-J01_m-glm-4.5-air_sol1_gd1_rs0_bd1_str-neutral_t00_n1,395,2,1,zai-org/GLM-4.5-Air,1,0,1,1,neutral,0.0,8.5,0.0
2026-07-17 04:57:13,L-J01_m-glm-4.5-air_sol1_gd1_rs0_bd1_str-neutral_t00_n1,395,3,1,zai-org/GLM-4.5-Air,1,0,1,1,neutral,0.0,10.5,0.0
2026-07-17 04:57:20,L-J01_m-glm-4.5-air_sol1_gd1_rs0_bd1_str-neutral_t00_n1,396,1,1,zai-org/GLM-4.5-Air,1,0,1,1,neutral,0.0,0.0,0.0
2026-07-17 04:57:25,L-J01_m-glm-4.5-air_sol1_gd1_rs0_bd1_str-neutral_t00_n1,396,2,1,zai-org/GLM-4.5-Air,1,0,1,1,neutral,0.0,5.5,0.0
2026-07-17 04:57:30,L-J01_m-glm-4.5-air_sol1_gd1_rs0_bd1_str-neutral_t00_n1,396,3,1,zai-org/GLM-4.5-Air,1,0,1,1,neutral,0.0,5.5,0.0
2026-07-17 04:57:36,L-J01_m-glm-4.5-air_sol1_gd1_rs0_bd1_str-neutral_t00_n1,397,1,1,zai-org/GLM-4.5-Air,1,0,1,1,neutral,0.0,5.5,0.0
2026-07-17 04:57:41,L-J01_m-glm-4.5-air_sol1_gd1_rs0_bd1_str-neutral_t00_n1,397,2,1,zai-org/GLM-4.5-Air,1,0,1,1,neutral,0.0,8.5,0.0
2026-07-17 04:57:46,L-J01_m-glm-4.5-air_sol1_gd1_rs0_bd1_str-neutral_t00_n1,397,3,1,zai-org/GLM-4.5-Air,1,0,1,1,neutral,0.0,4.5,0.0
2026-07-17 04:57:52,L-J01_m-glm-4.5-air_sol1_gd1_rs0_bd1_str-neutral_t00_n1,398,1,1,zai-org/GLM-4.5-Air,1,0,1,1,neutral,0.0,7.5,0.0
2026-07-17 04:57:57,L-J01_m-glm-4.5-air_sol1_gd1_rs0_bd1_str-neutral_t00_n1,398,2,1,zai-org/GLM-4.5-Air,1,0,1,1,neutral,0.0,3.5,0.0
2026-07-17 04:58:02,L-J01_m-glm-4.5-air_sol1_gd1_rs0_bd1_str-neutral_t00_n1,398,3,1,zai-org/GLM-4.5-Air,1,0,1,1,neutral,0.0,4.5,0.0
2026-07-17 04:58:08,L-J01_m-glm-4.5-air_sol1_gd1_rs0_bd1_str-neutral_t00_n1,399,1,1,zai-org/GLM-4.5-Air,1,0,1,1,neutral,0.0,10.5,0.0
2026-07-17 04:58:14,L-J01_m-glm-4.5-air_sol1_gd1_rs0_bd1_str-neutral_t00_n1,399,2,1,zai-org/GLM-4.5-Air,1,0,1,1,neutral,0.0,0.0,0.0
2026-07-17 04:58:18,L-J01_m-glm-4.5-air_sol1_gd1_rs0_bd1_str-neutral_t00_n1,399,3,1,zai-org/GLM-4.5-Air,1,0,1,1,neutral,0.0,10.5,0.0
2026-07-17 04:58:24,L-J01_m-glm-4.5-air_sol1_gd1_rs0_bd1_str-neutral_t00_n1,400,1,1,zai-org/GLM-4.5-Air,1,0,1,1,neutral,0.0,7.5,0.0
2026-07-17 04:58:29,L-J01_m-glm-4.5-air_sol1_gd1_rs0_bd1_str-neutral_t00_n1,400,2,1,zai-org/GLM-4.5-Air,1,0,1,1,neutral,0.0,7.5,0.0
2026-07-17 04:58:33,L-J01_m-glm-4.5-air_sol1_gd1_rs0_bd1_str-neutral_t00_n1,400,3,1,zai-org/GLM-4.5-Air,1,0,1,1,neutral,0.0,10.5,0.0
2026-07-17 04:58:36,L-J01_m-glm-4.5-air_sol1_gd1_rs0_bd1_str-neutral_t00_n1,400,4,1,zai-org/GLM-4.5-Air,1,0,1,1,neutral,0.0,0.0,0.0
2026-07-17 04:58:42,L-J01_m-glm-4.5-air_sol1_gd1_rs0_bd1_str-neutral_t00_n1,401,1,1,zai-org/GLM-4.5-Air,1,0,1,1,neutral,0.0,10.5,4.0
2026-07-17 04:58:47,L-J01_m-glm-4.5-air_sol1_gd1_rs0_bd1_str-neutral_t00_n1,401,2,1,zai-org/GLM-4.5-Air,1,0,1,1,neutral,0.0,5.5,0.0
2026-07-17 04:58:52,L-J01_m-glm-4.5-air_sol1_gd1_rs0_bd1_str-neutral_t00_n1,401,3,1,zai-org/GLM-4.5-Air,1,0,1,1,neutral,0.0,2.5,0.0
2026-07-17 04:58:58,L-J01_m-glm-4.5-air_sol1_gd1_rs0_bd1_str-neutral_t00_n1,402,1,1,zai-org/GLM-4.5-Air,1,0,1,1,neutral,0.0,7.5,0.0
2026-07-17 04:59:03,L-J01_m-glm-4.5-air_sol1_gd1_rs0_bd1_str-neutral_t00_n1,402,2,1,zai-org/GLM-4.5-Air,1,0,1,1,neutral,0.0,7.5,0.0
2026-07-17 04:59:07,L-J01_m-glm-4.5-air_sol1_gd1_rs0_bd1_str-neutral_t00_n1,402,3,1,zai-org/GLM-4.5-Air,1,0,1,1,neutral,0.0,5.5,0.0
2026-07-17 04:59:10,L-J01_m-glm-4.5-air_sol1_gd1_rs0_bd1_str-neutral_t00_n1,402,4,1,zai-org/GLM-4.5-Air,1,0,1,1,neutral,0.0,0.0,0.0
2026-07-17 04:59:16,L-J01_m-glm-4.5-air_sol1_gd1_rs0_bd1_str-neutral_t00_n1,403,1,1,zai-org/GLM-4.5-Air,1,0,1,1,neutral,0.0,1.5,0.0
2026-07-17 04:59:22,L-J01_m-glm-4.5-air_sol1_gd1_rs0_bd1_str-neutral_t00_n1,403,2,1,zai-org/GLM-4.5-Air,1,0,1,1,neutral,0.0,2.5,0.0
2026-07-17 04:59:26,L-J01_m-glm-4.5-air_sol1_gd1_rs0_bd1_str-neutral_t00_n1,403,3,1,zai-org/GLM-4.5-Air,1,0,1,1,neutral,0.0,5.5,0.0
2026-07-17 04:59:32,L-J01_m-glm-4.5-air_sol1_gd1_rs0_bd1_str-neutral_t00_n1,404,1,1,zai-org/GLM-4.5-Air,1,0,1,1,neutral,0.0,9.5,0.0
2026-07-17 04:59:37,L-J01_m-glm-4.5-air_sol1_gd1_rs0_bd1_str-neutral_t00_n1,404,2,1,zai-org/GLM-4.5-Air,1,0,1,1,neutral,0.0,10.5,3.0
2026-07-17 04:59:42,L-J01_m-glm-4.5-air_sol1_gd1_rs0_bd1_str-neutral_t00_n1,404,3,1,zai-org/GLM-4.5-Air,1,0,1,1,neutral,0.0,10.5,0.0
2026-07-17 04:59:48,L-J01_m-glm-4.5-air_sol1_gd1_rs0_bd1_str-neutral_t00_n1,405,1,1,zai-org/GLM-4.5-Air,1,0,1,1,neutral,0.0,10.5,0.0
2026-07-17 04:59:53,L-J01_m-glm-4.5-air_sol1_gd1_rs0_bd1_str-neutral_t00_n1,405,2,1,zai-org/GLM-4.5-Air,1,0,1,1,neutral,0.0,8.5,0.0
2026-07-17 04:59:57,L-J01_m-glm-4.5-air_sol1_gd1_rs0_bd1_str-neutral_t00_n1,405,3,1,zai-org/GLM-4.5-Air,1,0,1,1,neutral,0.0,10.5,0.0
2026-07-17 05:00:00,L-J01_m-glm-4.5-air_sol1_gd1_rs0_bd1_str-neutral_t00_n1,405,4,1,zai-org/GLM-4.5-Air,1,0,1,1,neutral,0.0,0.0,0.0
2026-07-17 05:00:05,L-J01_m-glm-4.5-air_sol1_gd1_rs0_bd1_str-neutral_t00_n1,406,1,1,zai-org/GLM-4.5-Air,1,0,1,1,neutral,0.0,10.5,0.0
2026-07-17 05:00:11,L-J01_m-glm-4.5-air_sol1_gd1_rs0_bd1_str-neutral_t00_n1,406,2,1,zai-org/GLM-4.5-Air,1,0,1,1,neutral,0.0,8.5,0.0
2026-07-17 05:00:15,L-J01_m-glm-4.5-air_sol1_gd1_rs0_bd1_str-neutral_t00_n1,406,3,1,zai-org/GLM-4.5-Air,1,0,1,1,neutral,0.0,10.5,0.0
2026-07-17 05:00:21,L-J01_m-glm-4.5-air_sol1_gd1_rs0_bd1_str-neutral_t00_n1,407,1,1,zai-org/GLM-4.5-Air,1,0,1,1,neutral,0.0,5.5,0.0
2026-07-17 05:00:28,L-J01_m-glm-4.5-air_sol1_gd1_rs0_bd1_str-neutral_t00_n1,407,2,1,zai-org/GLM-4.5-Air,1,0,1,1,neutral,0.0,0.0,0.0
2026-07-17 05:00:32,L-J01_m-glm-4.5-air_sol1_gd1_rs0_bd1_str-neutral_t00_n1,407,3,1,zai-org/GLM-4.5-Air,1,0,1,1,neutral,0.0,5.5,0.0
2026-07-17 05:00:38,L-J01_m-glm-4.5-air_sol1_gd1_rs0_bd1_str-neutral_t00_n1,408,1,1,zai-org/GLM-4.5-Air,1,0,1,1,neutral,0.0,10.5,0.0
2026-07-17 05:00:44,L-J01_m-glm-4.5-air_sol1_gd1_rs0_bd1_str-neutral_t00_n1,408,2,1,zai-org/GLM-4.5-Air,1,0,1,1,neutral,0.0,8.5,0.0
2026-07-17 05:00:48,L-J01_m-glm-4.5-air_sol1_gd1_rs0_bd1_str-neutral_t00_n1,408,3,1,zai-org/GLM-4.5-Air,1,0,1,1,neutral,0.0,8.5,0.0
2026-07-17 05:00:54,L-J01_m-glm-4.5-air_sol1_gd1_rs0_bd1_str-neutral_t00_n1,409,1,1,zai-org/GLM-4.5-Air,1,0,1,1,neutral,0.0,3.5,0.0
2026-07-17 05:01:00,L-J01_m-glm-4.5-air_sol1_gd1_rs0_bd1_str-neutral_t00_n1,409,2,1,zai-org/GLM-4.5-Air,1,0,1,1,neutral,0.0,8.5,0.0
2026-07-17 05:01:04,L-J01_m-glm-4.5-air_sol1_gd1_rs0_bd1_str-neutral_t00_n1,409,3,1,zai-org/GLM-4.5-Air,1,0,1,1,neutral,0.0,7.5,0.0
2026-07-17 05:01:10,L-J01_m-glm-4.5-air_sol1_gd1_rs0_bd1_str-neutral_t00_n1,410,1,1,zai-org/GLM-4.5-Air,1,0,1,1,neutral,0.0,5.5,0.0
2026-07-17 05:01:16,L-J01_m-glm-4.5-air_sol1_gd1_rs0_bd1_str-neutral_t00_n1,410,2,1,zai-org/GLM-4.5-Air,1,0,1,1,neutral,0.0,7.5,0.0
2026-07-17 05:01:20,L-J01_m-glm-4.5-air_sol1_gd1_rs0_bd1_str-neutral_t00_n1,410,3,1,zai-org/GLM-4.5-Air,1,0,1,1,neutral,0.0,9.5,0.0
2026-07-17 05:01:26,L-J01_m-glm-4.5-air_sol1_gd1_rs0_bd1_str-neutral_t00_n1,411,1,1,zai-org/GLM-4.5-Air,1,0,1,1,neutral,0.0,10.5,0.0
2026-07-17 05:01:31,L-J01_m-glm-4.5-air_sol1_gd1_rs0_bd1_str-neutral_t00_n1,411,2,1,zai-org/GLM-4.5-Air,1,0,1,1,neutral,0.0,8.5,0.0
2026-07-17 05:01:35,L-J01_m-glm-4.5-air_sol1_gd1_rs0_bd1_str-neutral_t00_n1,411,3,1,zai-org/GLM-4.5-Air,1,0,1,1,neutral,0.0,9.5,0.0
2026-07-17 05:01:42,L-J01_m-glm-4.5-air_sol1_gd1_rs0_bd1_str-neutral_t00_n1,412,1,1,zai-org/GLM-4.5-Air,1,0,1,1,neutral,0.0,5.5,0.0
2026-07-17 05:01:47,L-J01_m-glm-4.5-air_sol1_gd1_rs0_bd1_str-neutral_t00_n1,412,2,1,zai-org/GLM-4.5-Air,1,0,1,1,neutral,0.0,8.5,0.0
2026-07-17 05:01:51,L-J01_m-glm-4.5-air_sol1_gd1_rs0_bd1_str-neutral_t00_n1,412,3,1,zai-org/GLM-4.5-Air,1,0,1,1,neutral,0.0,5.5,0.0
2026-07-17 05:01:57,L-J01_m-glm-4.5-air_sol1_gd1_rs0_bd1_str-neutral_t00_n1,413,1,1,zai-org/GLM-4.5-Air,1,0,1,1,neutral,0.0,1.5,0.0
2026-07-17 05:02:02,L-J01_m-glm-4.5-air_sol1_gd1_rs0_bd1_str-neutral_t00_n1,413,2,1,zai-org/GLM-4.5-Air,1,0,1,1,neutral,0.0,7.5,0.0
2026-07-17 05:02:07,L-J01_m-glm-4.5-air_sol1_gd1_rs0_bd1_str-neutral_t00_n1,413,3,1,zai-org/GLM-4.5-Air,1,0,1,1,neutral,0.0,10.5,0.0
2026-07-17 05:02:13,L-J01_m-glm-4.5-air_sol1_gd1_rs0_bd1_str-neutral_t00_n1,414,1,1,zai-org/GLM-4.5-Air,1,0,1,1,neutral,0.0,0.0,0.0
2026-07-17 05:02:19,L-J01_m-glm-4.5-air_sol1_gd1_rs0_bd1_str-neutral_t00_n1,414,2,1,zai-org/GLM-4.5-Air,1,0,1,1,neutral,0.0,2.5,0.0
2026-07-17 05:02:23,L-J01_m-glm-4.5-air_sol1_gd1_rs0_bd1_str-neutral_t00_n1,414,3,1,zai-org/GLM-4.5-Air,1,0,1,1,neutral,0.0,9.5,0.0
2026-07-17 05:02:29,L-J01_m-glm-4.5-air_sol1_gd1_rs0_bd1_str-neutral_t00_n1,415,1,1,zai-org/GLM-4.5-Air,1,0,1,1,neutral,0.0,10.5,0.0
2026-07-17 05:02:35,L-J01_m-glm-4.5-air_sol1_gd1_rs0_bd1_str-neutral_t00_n1,415,2,1,zai-org/GLM-4.5-Air,1,0,1,1,neutral,0.0,5.5,0.0
2026-07-17 05:02:39,L-J01_m-glm-4.5-air_sol1_gd1_rs0_bd1_str-neutral_t00_n1,415,3,1,zai-org/GLM-4.5-Air,1,0,1,1,neutral,0.0,10.5,0.0
2026-07-17 05:02:41,L-J01_m-glm-4.5-air_sol1_gd1_rs0_bd1_str-neutral_t00_n1,415,4,1,zai-org/GLM-4.5-Air,1,0,1,1,neutral,0.0,0.0,0.0
2026-07-17 05:02:47,L-J01_m-glm-4.5-air_sol1_gd1_rs0_bd1_str-neutral_t00_n1,416,1,1,zai-org/GLM-4.5-Air,1,0,1,1,neutral,0.0,11.5,4.0
2026-07-17 05:02:53,L-J01_m-glm-4.5-air_sol1_gd1_rs0_bd1_str-neutral_t00_n1,416,2,1,zai-org/GLM-4.5-Air,1,0,1,1,neutral,0.0,9.5,0.0
2026-07-17 05:02:57,L-J01_m-glm-4.5-air_sol1_gd1_rs0_bd1_str-neutral_t00_n1,416,3,1,zai-org/GLM-4.5-Air,1,0,1,1,neutral,0.0,2.0,0.0
2026-07-17 05:03:03,L-J01_m-glm-4.5-air_sol1_gd1_rs0_bd1_str-neutral_t00_n1,417,1,1,zai-org/GLM-4.5-Air,1,0,1,1,neutral,0.0,10.5,0.0
2026-07-17 05:03:08,L-J01_m-glm-4.5-air_sol1_gd1_rs0_bd1_str-neutral_t00_n1,417,2,1,zai-org/GLM-4.5-Air,1,0,1,1,neutral,0.0,9.5,0.0
2026-07-17 05:03:12,L-J01_m-glm-4.5-air_sol1_gd1_rs0_bd1_str-neutral_t00_n1,417,3,1,zai-org/GLM-4.5-Air,1,0,1,1,neutral,0.0,10.5,0.0
2026-07-17 05:03:18,L-J01_m-glm-4.5-air_sol1_gd1_rs0_bd1_str-neutral_t00_n1,418,1,1,zai-org/GLM-4.5-Air,1,0,1,1,neutral,0.0,10.5,0.0
2026-07-17 05:03:24,L-J01_m-glm-4.5-air_sol1_gd1_rs0_bd1_str-neutral_t00_n1,418,2,1,zai-org/GLM-4.5-Air,1,0,1,1,neutral,0.0,5.5,0.0
2026-07-17 05:03:28,L-J01_m-glm-4.5-air_sol1_gd1_rs0_bd1_str-neutral_t00_n1,418,3,1,zai-org/GLM-4.5-Air,1,0,1,1,neutral,0.0,7.5,0.0
2026-07-17 05:03:34,L-J01_m-glm-4.5-air_sol1_gd1_rs0_bd1_str-neutral_t00_n1,419,1,1,zai-org/GLM-4.5-Air,1,0,1,1,neutral,0.0,5.5,0.0
2026-07-17 05:03:39,L-J01_m-glm-4.5-air_sol1_gd1_rs0_bd1_str-neutral_t00_n1,419,2,1,zai-org/GLM-4.5-Air,1,0,1,1,neutral,0.0,8.5,0.0
2026-07-17 05:03:44,L-J01_m-glm-4.5-air_sol1_gd1_rs0_bd1_str-neutral_t00_n1,419,3,1,zai-org/GLM-4.5-Air,1,0,1,1,neutral,0.0,5.5,0.0
2026-07-17 05:03:50,L-J01_m-glm-4.5-air_sol1_gd1_rs0_bd1_str-neutral_t00_n1,420,1,1,zai-org/GLM-4.5-Air,1,0,1,1,neutral,0.0,10.5,0.0
2026-07-17 05:03:55,L-J01_m-glm-4.5-air_sol1_gd1_rs0_bd1_str-neutral_t00_n1,420,2,1,zai-org/GLM-4.5-Air,1,0,1,1,neutral,0.0,9.5,0.0
2026-07-17 05:04:00,L-J01_m-glm-4.5-air_sol1_gd1_rs0_bd1_str-neutral_t00_n1,420,3,1,zai-org/GLM-4.5-Air,1,0,1,1,neutral,0.0,5.5,0.0
2026-07-17 05:04:09,L-J01_m-glm-4.5-air_sol1_gd1_rs0_bd1_str-neutral_t00_n1,421,1,1,zai-org/GLM-4.5-Air,1,0,1,1,neutral,0.0,0.0,0.0
2026-07-17 05:04:15,L-J01_m-glm-4.5-air_sol1_gd1_rs0_bd1_str-neutral_t00_n1,421,2,1,zai-org/GLM-4.5-Air,1,0,1,1,neutral,0.0,5.5,0.0
2026-07-17 05:04:19,L-J01_m-glm-4.5-air_sol1_gd1_rs0_bd1_str-neutral_t00_n1,421,3,1,zai-org/GLM-4.5-Air,1,0,1,1,neutral,0.0,2.5,0.0
2026-07-17 05:04:27,L-J01_m-glm-4.5-air_sol1_gd1_rs0_bd1_str-neutral_t00_n1,422,1,1,zai-org/GLM-4.5-Air,1,0,1,1,neutral,0.0,0.0,0.0
2026-07-17 05:04:32,L-J01_m-glm-4.5-air_sol1_gd1_rs0_bd1_str-neutral_t00_n1,422,2,1,zai-org/GLM-4.5-Air,1,0,1,1,neutral,0.0,2.5,0.0
2026-07-17 05:04:37,L-J01_m-glm-4.5-air_sol1_gd1_rs0_bd1_str-neutral_t00_n1,422,3,1,zai-org/GLM-4.5-Air,1,0,1,1,neutral,0.0,5.5,0.0
2026-07-17 05:04:48,L-J01_m-glm-4.5-air_sol1_gd1_rs0_bd1_str-neutral_t00_n1,423,1,1,zai-org/GLM-4.5-Air,1,0,1,1,neutral,0.0,10.5,4.0
2026-07-17 05:04:53,L-J01_m-glm-4.5-air_sol1_gd1_rs0_bd1_str-neutral_t00_n1,423,2,1,zai-org/GLM-4.5-Air,1,0,1,1,neutral,0.0,10.5,0.0
2026-07-17 05:04:58,L-J01_m-glm-4.5-air_sol1_gd1_rs0_bd1_str-neutral_t00_n1,423,3,1,zai-org/GLM-4.5-Air,1,0,1,1,neutral,0.0,8.5,0.0
2026-07-17 05:05:00,L-J01_m-glm-4.5-air_sol1_gd1_rs0_bd1_str-neutral_t00_n1,423,4,1,zai-org/GLM-4.5-Air,1,0,1,1,neutral,0.0,0.0,5.0
2026-07-17 05:05:06,L-J01_m-glm-4.5-air_sol1_gd1_rs0_bd1_str-neutral_t00_n1,424,1,1,zai-org/GLM-4.5-Air,1,0,1,1,neutral,0.0,9.5,0.0
2026-07-17 05:05:12,L-J01_m-glm-4.5-air_sol1_gd1_rs0_bd1_str-neutral_t00_n1,424,2,1,zai-org/GLM-4.5-Air,1,0,1,1,neutral,0.0,5.5,0.0
2026-07-17 05:05:16,L-J01_m-glm-4.5-air_sol1_gd1_rs0_bd1_str-neutral_t00_n1,424,3,1,zai-org/GLM-4.5-Air,1,0,1,1,neutral,0.0,10.5,0.0
2026-07-17 05:05:18,L-J01_m-glm-4.5-air_sol1_gd1_rs0_bd1_str-neutral_t00_n1,424,4,1,zai-org/GLM-4.5-Air,1,0,1,1,neutral,0.0,0.0,5.0
2026-07-17 05:05:25,L-J01_m-glm-4.5-air_sol1_gd1_rs0_bd1_str-neutral_t00_n1,425,1,1,zai-org/GLM-4.5-Air,1,0,1,1,neutral,0.0,3.5,0.0
2026-07-17 05:05:30,L-J01_m-glm-4.5-air_sol1_gd1_rs0_bd1_str-neutral_t00_n1,425,2,1,zai-org/GLM-4.5-Air,1,0,1,1,neutral,0.0,5.5,0.0
2026-07-17 05:05:34,L-J01_m-glm-4.5-air_sol1_gd1_rs0_bd1_str-neutral_t00_n1,425,3,1,zai-org/GLM-4.5-Air,1,0,1,1,neutral,0.0,7.5,0.0
2026-07-17 05:05:40,L-J01_m-glm-4.5-air_sol1_gd1_rs0_bd1_str-neutral_t00_n1,426,1,1,zai-org/GLM-4.5-Air,1,0,1,1,neutral,0.0,7.5,0.0
2026-07-17 05:05:46,L-J01_m-glm-4.5-air_sol1_gd1_rs0_bd1_str-neutral_t00_n1,426,2,1,zai-org/GLM-4.5-Air,1,0,1,1,neutral,0.0,8.5,0.0
2026-07-17 05:05:50,L-J01_m-glm-4.5-air_sol1_gd1_rs0_bd1_str-neutral_t00_n1,426,3,1,zai-org/GLM-4.5-Air,1,0,1,1,neutral,0.0,10.5,0.0
2026-07-17 05:05:52,L-J01_m-glm-4.5-air_sol1_gd1_rs0_bd1_str-neutral_t00_n1,426,4,1,zai-org/GLM-4.5-Air,1,0,1,1,neutral,0.0,0.0,0.0
2026-07-17 05:05:58,L-J01_m-glm-4.5-air_sol1_gd1_rs0_bd1_str-neutral_t00_n1,427,1,1,zai-org/GLM-4.5-Air,1,0,1,1,neutral,0.0,9.5,0.0
2026-07-17 05:06:04,L-J01_m-glm-4.5-air_sol1_gd1_rs0_bd1_str-neutral_t00_n1,427,2,1,zai-org/GLM-4.5-Air,1,0,1,1,neutral,0.0,8.5,0.0
2026-07-17 05:06:08,L-J01_m-glm-4.5-air_sol1_gd1_rs0_bd1_str-neutral_t00_n1,427,3,1,zai-org/GLM-4.5-Air,1,0,1,1,neutral,0.0,7.5,0.0
2026-07-17 05:06:14,L-J01_m-glm-4.5-air_sol1_gd1_rs0_bd1_str-neutral_t00_n1,428,1,1,zai-org/GLM-4.5-Air,1,0,1,1,neutral,0.0,7.5,0.0
2026-07-17 05:06:19,L-J01_m-glm-4.5-air_sol1_gd1_rs0_bd1_str-neutral_t00_n1,428,2,1,zai-org/GLM-4.5-Air,1,0,1,1,neutral,0.0,8.5,0.0
2026-07-17 05:06:23,L-J01_m-glm-4.5-air_sol1_gd1_rs0_bd1_str-neutral_t00_n1,428,3,1,zai-org/GLM-4.5-Air,1,0,1,1,neutral,0.0,10.5,0.0
2026-07-17 05:06:29,L-J01_m-glm-4.5-air_sol1_gd1_rs0_bd1_str-neutral_t00_n1,429,1,1,zai-org/GLM-4.5-Air,1,0,1,1,neutral,0.0,8.5,0.0
2026-07-17 05:06:35,L-J01_m-glm-4.5-air_sol1_gd1_rs0_bd1_str-neutral_t00_n1,429,2,1,zai-org/GLM-4.5-Air,1,0,1,1,neutral,0.0,5.5,0.0
2026-07-17 05:06:39,L-J01_m-glm-4.5-air_sol1_gd1_rs0_bd1_str-neutral_t00_n1,429,3,1,zai-org/GLM-4.5-Air,1,0,1,1,neutral,0.0,4.5,0.0
2026-07-17 05:06:45,L-J01_m-glm-4.5-air_sol1_gd1_rs0_bd1_str-neutral_t00_n1,430,1,1,zai-org/GLM-4.5-Air,1,0,1,1,neutral,0.0,10.5,0.0
2026-07-17 05:06:51,L-J01_m-glm-4.5-air_sol1_gd1_rs0_bd1_str-neutral_t00_n1,430,2,1,zai-org/GLM-4.5-Air,1,0,1,1,neutral,0.0,8.5,0.0
2026-07-17 05:06:55,L-J01_m-glm-4.5-air_sol1_gd1_rs0_bd1_str-neutral_t00_n1,430,3,1,zai-org/GLM-4.5-Air,1,0,1,1,neutral,0.0,10.5,0.0
2026-07-17 05:07:01,L-J01_m-glm-4.5-air_sol1_gd1_rs0_bd1_str-neutral_t00_n1,431,1,1,zai-org/GLM-4.5-Air,1,0,1,1,neutral,0.0,0.0,0.0
2026-07-17 05:07:07,L-J01_m-glm-4.5-air_sol1_gd1_rs0_bd1_str-neutral_t00_n1,431,2,1,zai-org/GLM-4.5-Air,1,0,1,1,neutral,0.0,5.5,0.0
2026-07-17 05:07:11,L-J01_m-glm-4.5-air_sol1_gd1_rs0_bd1_str-neutral_t00_n1,431,3,1,zai-org/GLM-4.5-Air,1,0,1,1,neutral,0.0,3.5,0.0
2026-07-17 05:07:17,L-J01_m-glm-4.5-air_sol1_gd1_rs0_bd1_str-neutral_t00_n1,432,1,1,zai-org/GLM-4.5-Air,1,0,1,1,neutral,0.0,5.5,0.0
2026-07-17 05:07:23,L-J01_m-glm-4.5-air_sol1_gd1_rs0_bd1_str-neutral_t00_n1,432,2,1,zai-org/GLM-4.5-Air,1,0,1,1,neutral,0.0,5.5,0.0
2026-07-17 05:07:27,L-J01_m-glm-4.5-air_sol1_gd1_rs0_bd1_str-neutral_t00_n1,432,3,1,zai-org/GLM-4.5-Air,1,0,1,1,neutral,0.0,3.5,0.0
2026-07-17 05:07:34,L-J01_m-glm-4.5-air_sol1_gd1_rs0_bd1_str-neutral_t00_n1,433,1,1,zai-org/GLM-4.5-Air,1,0,1,1,neutral,0.0,0.0,0.0
2026-07-17 05:07:39,L-J01_m-glm-4.5-air_sol1_gd1_rs0_bd1_str-neutral_t00_n1,433,2,1,zai-org/GLM-4.5-Air,1,0,1,1,neutral,0.0,5.5,0.0
2026-07-17 05:07:43,L-J01_m-glm-4.5-air_sol1_gd1_rs0_bd1_str-neutral_t00_n1,433,3,1,zai-org/GLM-4.5-Air,1,0,1,1,neutral,0.0,0.0,0.0
2026-07-17 05:07:50,L-J01_m-glm-4.5-air_sol1_gd1_rs0_bd1_str-neutral_t00_n1,434,1,1,zai-org/GLM-4.5-Air,1,0,1,1,neutral,0.0,3.5,0.0
2026-07-17 05:07:55,L-J01_m-glm-4.5-air_sol1_gd1_rs0_bd1_str-neutral_t00_n1,434,2,1,zai-org/GLM-4.5-Air,1,0,1,1,neutral,0.0,5.5,0.0
2026-07-17 05:08:00,L-J01_m-glm-4.5-air_sol1_gd1_rs0_bd1_str-neutral_t00_n1,434,3,1,zai-org/GLM-4.5-Air,1,0,1,1,neutral,0.0,5.5,0.0
2026-07-17 05:08:06,L-J01_m-glm-4.5-air_sol1_gd1_rs0_bd1_str-neutral_t00_n1,435,1,1,zai-org/GLM-4.5-Air,1,0,1,1,neutral,0.0,5.5,0.0
2026-07-17 05:08:12,L-J01_m-glm-4.5-air_sol1_gd1_rs0_bd1_str-neutral_t00_n1,435,2,1,zai-org/GLM-4.5-Air,1,0,1,1,neutral,0.0,8.5,0.0
2026-07-17 05:08:16,L-J01_m-glm-4.5-air_sol1_gd1_rs0_bd1_str-neutral_t00_n1,435,3,1,zai-org/GLM-4.5-Air,1,0,1,1,neutral,0.0,10.5,0.0
2026-07-17 05:08:19,L-J01_m-glm-4.5-air_sol1_gd1_rs0_bd1_str-neutral_t00_n1,435,4,1,zai-org/GLM-4.5-Air,1,0,1,1,neutral,0.0,0.0,5.0
2026-07-17 05:08:29,L-J01_m-glm-4.5-air_sol1_gd1_rs0_bd1_str-neutral_t00_n1,436,1,1,zai-org/GLM-4.5-Air,1,0,1,1,neutral,0.0,3.5,0.0
2026-07-17 05:08:34,L-J01_m-glm-4.5-air_sol1_gd1_rs0_bd1_str-neutral_t00_n1,436,2,1,zai-org/GLM-4.5-Air,1,0,1,1,neutral,0.0,5.5,0.0
2026-07-17 05:08:38,L-J01_m-glm-4.5-air_sol1_gd1_rs0_bd1_str-neutral_t00_n1,436,3,1,zai-org/GLM-4.5-Air,1,0,1,1,neutral,0.0,2.5,0.0
2026-07-17 05:08:44,L-J01_m-glm-4.5-air_sol1_gd1_rs0_bd1_str-neutral_t00_n1,437,1,1,zai-org/GLM-4.5-Air,1,0,1,1,neutral,0.0,7.5,0.0
2026-07-17 05:08:50,L-J01_m-glm-4.5-air_sol1_gd1_rs0_bd1_str-neutral_t00_n1,437,2,1,zai-org/GLM-4.5-Air,1,0,1,1,neutral,0.0,5.5,0.0
2026-07-17 05:08:54,L-J01_m-glm-4.5-air_sol1_gd1_rs0_bd1_str-neutral_t00_n1,437,3,1,zai-org/GLM-4.5-Air,1,0,1,1,neutral,0.0,10.5,0.0
2026-07-17 05:09:00,L-J01_m-glm-4.5-air_sol1_gd1_rs0_bd1_str-neutral_t00_n1,438,1,1,zai-org/GLM-4.5-Air,1,0,1,1,neutral,0.0,7.5,0.0
2026-07-17 05:09:06,L-J01_m-glm-4.5-air_sol1_gd1_rs0_bd1_str-neutral_t00_n1,438,2,1,zai-org/GLM-4.5-Air,1,0,1,1,neutral,0.0,7.5,0.0
2026-07-17 05:09:10,L-J01_m-glm-4.5-air_sol1_gd1_rs0_bd1_str-neutral_t00_n1,438,3,1,zai-org/GLM-4.5-Air,1,0,1,1,neutral,0.0,3.5,0.0
2026-07-17 05:09:16,L-J01_m-glm-4.5-air_sol1_gd1_rs0_bd1_str-neutral_t00_n1,439,1,1,zai-org/GLM-4.5-Air,1,0,1,1,neutral,0.0,7.5,0.0
2026-07-17 05:09:21,L-J01_m-glm-4.5-air_sol1_gd1_rs0_bd1_str-neutral_t00_n1,439,2,1,zai-org/GLM-4.5-Air,1,0,1,1,neutral,0.0,8.5,0.0
2026-07-17 05:09:25,L-J01_m-glm-4.5-air_sol1_gd1_rs0_bd1_str-neutral_t00_n1,439,3,1,zai-org/GLM-4.5-Air,1,0,1,1,neutral,0.0,0.0,0.0
2026-07-17 05:09:33,L-J01_m-glm-4.5-air_sol1_gd1_rs0_bd1_str-neutral_t00_n1,440,1,1,zai-org/GLM-4.5-Air,1,0,1,1,neutral,0.0,0.0,0.0
2026-07-17 05:09:38,L-J01_m-glm-4.5-air_sol1_gd1_rs0_bd1_str-neutral_t00_n1,440,2,1,zai-org/GLM-4.5-Air,1,0,1,1,neutral,0.0,0.0,0.0
2026-07-17 05:09:43,L-J01_m-glm-4.5-air_sol1_gd1_rs0_bd1_str-neutral_t00_n1,440,3,1,zai-org/GLM-4.5-Air,1,0,1,1,neutral,0.0,2.5,0.0
2026-07-17 05:09:48,L-J01_m-glm-4.5-air_sol1_gd1_rs0_bd1_str-neutral_t00_n1,441,1,1,zai-org/GLM-4.5-Air,1,0,1,1,neutral,0.0,7.5,0.0
2026-07-17 05:09:53,L-J01_m-glm-4.5-air_sol1_gd1_rs0_bd1_str-neutral_t00_n1,441,2,1,zai-org/GLM-4.5-Air,1,0,1,1,neutral,0.0,7.5,0.0
2026-07-17 05:09:58,L-J01_m-glm-4.5-air_sol1_gd1_rs0_bd1_str-neutral_t00_n1,441,3,1,zai-org/GLM-4.5-Air,1,0,1,1,neutral,0.0,3.5,0.0
2026-07-17 05:10:00,L-J01_m-glm-4.5-air_sol1_gd1_rs0_bd1_str-neutral_t00_n1,441,4,1,zai-org/GLM-4.5-Air,1,0,1,1,neutral,0.0,0.0,0.0
2026-07-17 05:10:06,L-J01_m-glm-4.5-air_sol1_gd1_rs0_bd1_str-neutral_t00_n1,442,1,1,zai-org/GLM-4.5-Air,1,0,1,1,neutral,0.0,5.5,0.0
2026-07-17 05:10:11,L-J01_m-glm-4.5-air_sol1_gd1_rs0_bd1_str-neutral_t00_n1,442,2,1,zai-org/GLM-4.5-Air,1,0,1,1,neutral,0.0,8.5,0.0
2026-07-17 05:10:15,L-J01_m-glm-4.5-air_sol1_gd1_rs0_bd1_str-neutral_t00_n1,442,3,1,zai-org/GLM-4.5-Air,1,0,1,1,neutral,0.0,5.5,0.0
2026-07-17 05:10:21,L-J01_m-glm-4.5-air_sol1_gd1_rs0_bd1_str-neutral_t00_n1,443,1,1,zai-org/GLM-4.5-Air,1,0,1,1,neutral,0.0,7.5,0.0
2026-07-17 05:10:27,L-J01_m-glm-4.5-air_sol1_gd1_rs0_bd1_str-neutral_t00_n1,443,2,1,zai-org/GLM-4.5-Air,1,0,1,1,neutral,0.0,5.5,0.0
2026-07-17 05:10:31,L-J01_m-glm-4.5-air_sol1_gd1_rs0_bd1_str-neutral_t00_n1,443,3,1,zai-org/GLM-4.5-Air,1,0,1,1,neutral,0.0,10.5,0.0
2026-07-17 05:10:39,L-J01_m-glm-4.5-air_sol1_gd1_rs0_bd1_str-neutral_t00_n1,444,1,1,zai-org/GLM-4.5-Air,1,0,1,1,neutral,0.0,0.0,0.0
2026-07-17 05:10:46,L-J01_m-glm-4.5-air_sol1_gd1_rs0_bd1_str-neutral_t00_n1,444,2,1,zai-org/GLM-4.5-Air,1,0,1,1,neutral,0.0,0.0,0.0
2026-07-17 05:10:51,L-J01_m-glm-4.5-air_sol1_gd1_rs0_bd1_str-neutral_t00_n1,444,3,1,zai-org/GLM-4.5-Air,1,0,1,1,neutral,0.0,3.5,0.0
2026-07-17 05:10:57,L-J01_m-glm-4.5-air_sol1_gd1_rs0_bd1_str-neutral_t00_n1,445,1,1,zai-org/GLM-4.5-Air,1,0,1,1,neutral,0.0,0.0,0.0
2026-07-17 05:11:03,L-J01_m-glm-4.5-air_sol1_gd1_rs0_bd1_str-neutral_t00_n1,445,2,1,zai-org/GLM-4.5-Air,1,0,1,1,neutral,0.0,0.0,0.0
2026-07-17 05:11:07,L-J01_m-glm-4.5-air_sol1_gd1_rs0_bd1_str-neutral_t00_n1,445,3,1,zai-org/GLM-4.5-Air,1,0,1,1,neutral,0.0,0.0,0.0
2026-07-17 05:11:13,L-J01_m-glm-4.5-air_sol1_gd1_rs0_bd1_str-neutral_t00_n1,446,1,1,zai-org/GLM-4.5-Air,1,0,1,1,neutral,0.0,7.5,0.0
2026-07-17 05:11:19,L-J01_m-glm-4.5-air_sol1_gd1_rs0_bd1_str-neutral_t00_n1,446,2,1,zai-org/GLM-4.5-Air,1,0,1,1,neutral,0.0,5.5,0.0
2026-07-17 05:11:23,L-J01_m-glm-4.5-air_sol1_gd1_rs0_bd1_str-neutral_t00_n1,446,3,1,zai-org/GLM-4.5-Air,1,0,1,1,neutral,0.0,4.5,0.0
2026-07-17 05:11:29,L-J01_m-glm-4.5-air_sol1_gd1_rs0_bd1_str-neutral_t00_n1,447,1,1,zai-org/GLM-4.5-Air,1,0,1,1,neutral,0.0,5.5,0.0
2026-07-17 05:11:35,L-J01_m-glm-4.5-air_sol1_gd1_rs0_bd1_str-neutral_t00_n1,447,2,1,zai-org/GLM-4.5-Air,1,0,1,1,neutral,0.0,0.0,0.0
2026-07-17 05:11:39,L-J01_m-glm-4.5-air_sol1_gd1_rs0_bd1_str-neutral_t00_n1,447,3,1,zai-org/GLM-4.5-Air,1,0,1,1,neutral,0.0,5.5,0.0
2026-07-17 05:11:45,L-J01_m-glm-4.5-air_sol1_gd1_rs0_bd1_str-neutral_t00_n1,448,1,1,zai-org/GLM-4.5-Air,1,0,1,1,neutral,0.0,10.5,0.0
2026-07-17 05:11:51,L-J01_m-glm-4.5-air_sol1_gd1_rs0_bd1_str-neutral_t00_n1,448,2,1,zai-org/GLM-4.5-Air,1,0,1,1,neutral,0.0,7.5,0.0
2026-07-17 05:11:55,L-J01_m-glm-4.5-air_sol1_gd1_rs0_bd1_str-neutral_t00_n1,448,3,1,zai-org/GLM-4.5-Air,1,0,1,1,neutral,0.0,10.5,0.0
2026-07-17 05:12:01,L-J01_m-glm-4.5-air_sol1_gd1_rs0_bd1_str-neutral_t00_n1,449,1,1,zai-org/GLM-4.5-Air,1,0,1,1,neutral,0.0,7.5,4.0
2026-07-17 05:12:09,L-J01_m-glm-4.5-air_sol1_gd1_rs0_bd1_str-neutral_t00_n1,449,2,1,zai-org/GLM-4.5-Air,1,0,1,1,neutral,0.0,0.0,0.0
2026-07-17 05:12:15,L-J01_m-glm-4.5-air_sol1_gd1_rs0_bd1_str-neutral_t00_n1,450,1,1,zai-org/GLM-4.5-Air,1,0,1,1,neutral,0.0,3.5,0.0
2026-07-17 05:12:20,L-J01_m-glm-4.5-air_sol1_gd1_rs0_bd1_str-neutral_t00_n1,450,2,1,zai-org/GLM-4.5-Air,1,0,1,1,neutral,0.0,7.5,0.0
2026-07-17 05:12:26,L-J01_m-glm-4.5-air_sol1_gd1_rs0_bd1_str-neutral_t00_n1,451,1,1,zai-org/GLM-4.5-Air,1,0,1,1,neutral,0.0,3.5,0.0
2026-07-17 05:12:32,L-J01_m-glm-4.5-air_sol1_gd1_rs0_bd1_str-neutral_t00_n1,451,2,1,zai-org/GLM-4.5-Air,1,0,1,1,neutral,0.0,5.5,0.0
2026-07-17 05:12:36,L-J01_m-glm-4.5-air_sol1_gd1_rs0_bd1_str-neutral_t00_n1,451,3,1,zai-org/GLM-4.5-Air,1,0,1,1,neutral,0.0,9.5,0.0
2026-07-17 05:12:42,L-J01_m-glm-4.5-air_sol1_gd1_rs0_bd1_str-neutral_t00_n1,452,1,1,zai-org/GLM-4.5-Air,1,0,1,1,neutral,0.0,10.5,4.0
2026-07-17 05:12:47,L-J01_m-glm-4.5-air_sol1_gd1_rs0_bd1_str-neutral_t00_n1,452,2,1,zai-org/GLM-4.5-Air,1,0,1,1,neutral,0.0,9.5,3.0
2026-07-17 05:12:52,L-J01_m-glm-4.5-air_sol1_gd1_rs0_bd1_str-neutral_t00_n1,452,3,1,zai-org/GLM-4.5-Air,1,0,1,1,neutral,0.0,3.5,0.0
2026-07-17 05:12:54,L-J01_m-glm-4.5-air_sol1_gd1_rs0_bd1_str-neutral_t00_n1,452,4,1,zai-org/GLM-4.5-Air,1,0,1,1,neutral,0.0,0.0,0.0
2026-07-17 05:13:00,L-J01_m-glm-4.5-air_sol1_gd1_rs0_bd1_str-neutral_t00_n1,453,1,1,zai-org/GLM-4.5-Air,1,0,1,1,neutral,0.0,10.5,0.0
2026-07-17 05:13:05,L-J01_m-glm-4.5-air_sol1_gd1_rs0_bd1_str-neutral_t00_n1,453,2,1,zai-org/GLM-4.5-Air,1,0,1,1,neutral,0.0,8.5,0.0
2026-07-17 05:13:09,L-J01_m-glm-4.5-air_sol1_gd1_rs0_bd1_str-neutral_t00_n1,453,3,1,zai-org/GLM-4.5-Air,1,0,1,1,neutral,0.0,10.5,0.0
2026-07-17 05:13:12,L-J01_m-glm-4.5-air_sol1_gd1_rs0_bd1_str-neutral_t00_n1,453,4,1,zai-org/GLM-4.5-Air,1,0,1,1,neutral,0.0,0.0,5.0
2026-07-17 05:13:18,L-J01_m-glm-4.5-air_sol1_gd1_rs0_bd1_str-neutral_t00_n1,454,1,1,zai-org/GLM-4.5-Air,1,0,1,1,neutral,0.0,0.0,0.0
2026-07-17 05:13:23,L-J01_m-glm-4.5-air_sol1_gd1_rs0_bd1_str-neutral_t00_n1,454,2,1,zai-org/GLM-4.5-Air,1,0,1,1,neutral,0.0,5.5,0.0
2026-07-17 05:13:27,L-J01_m-glm-4.5-air_sol1_gd1_rs0_bd1_str-neutral_t00_n1,454,3,1,zai-org/GLM-4.5-Air,1,0,1,1,neutral,0.0,0.0,0.0
2026-07-17 05:13:34,L-J01_m-glm-4.5-air_sol1_gd1_rs0_bd1_str-neutral_t00_n1,455,1,1,zai-org/GLM-4.5-Air,1,0,1,1,neutral,0.0,7.5,0.0
2026-07-17 05:13:39,L-J01_m-glm-4.5-air_sol1_gd1_rs0_bd1_str-neutral_t00_n1,455,2,1,zai-org/GLM-4.5-Air,1,0,1,1,neutral,0.0,8.5,0.0
2026-07-17 05:13:43,L-J01_m-glm-4.5-air_sol1_gd1_rs0_bd1_str-neutral_t00_n1,455,3,1,zai-org/GLM-4.5-Air,1,0,1,1,neutral,0.0,7.5,0.0
2026-07-17 05:13:49,L-J01_m-glm-4.5-air_sol1_gd1_rs0_bd1_str-neutral_t00_n1,456,1,1,zai-org/GLM-4.5-Air,1,0,1,1,neutral,0.0,9.5,0.0
2026-07-17 05:13:55,L-J01_m-glm-4.5-air_sol1_gd1_rs0_bd1_str-neutral_t00_n1,456,2,1,zai-org/GLM-4.5-Air,1,0,1,1,neutral,0.0,5.5,0.0
2026-07-17 05:13:59,L-J01_m-glm-4.5-air_sol1_gd1_rs0_bd1_str-neutral_t00_n1,456,3,1,zai-org/GLM-4.5-Air,1,0,1,1,neutral,0.0,10.5,0.0
2026-07-17 05:14:05,L-J01_m-glm-4.5-air_sol1_gd1_rs0_bd1_str-neutral_t00_n1,457,1,1,zai-org/GLM-4.5-Air,1,0,1,1,neutral,0.0,7.5,0.0
2026-07-17 05:14:10,L-J01_m-glm-4.5-air_sol1_gd1_rs0_bd1_str-neutral_t00_n1,457,2,1,zai-org/GLM-4.5-Air,1,0,1,1,neutral,0.0,7.5,0.0
2026-07-17 05:14:15,L-J01_m-glm-4.5-air_sol1_gd1_rs0_bd1_str-neutral_t00_n1,457,3,1,zai-org/GLM-4.5-Air,1,0,1,1,neutral,0.0,10.5,0.0
2026-07-17 05:14:21,L-J01_m-glm-4.5-air_sol1_gd1_rs0_bd1_str-neutral_t00_n1,458,1,1,zai-org/GLM-4.5-Air,1,0,1,1,neutral,0.0,11.5,0.0
2026-07-17 05:14:26,L-J01_m-glm-4.5-air_sol1_gd1_rs0_bd1_str-neutral_t00_n1,458,2,1,zai-org/GLM-4.5-Air,1,0,1,1,neutral,0.0,5.5,0.0
2026-07-17 05:14:31,L-J01_m-glm-4.5-air_sol1_gd1_rs0_bd1_str-neutral_t00_n1,458,3,1,zai-org/GLM-4.5-Air,1,0,1,1,neutral,0.0,8.5,0.0
2026-07-17 05:14:37,L-J01_m-glm-4.5-air_sol1_gd1_rs0_bd1_str-neutral_t00_n1,459,1,1,zai-org/GLM-4.5-Air,1,0,1,1,neutral,0.0,11.5,4.0
2026-07-17 05:14:42,L-J01_m-glm-4.5-air_sol1_gd1_rs0_bd1_str-neutral_t00_n1,459,2,1,zai-org/GLM-4.5-Air,1,0,1,1,neutral,0.0,10.5,0.0
2026-07-17 05:14:46,L-J01_m-glm-4.5-air_sol1_gd1_rs0_bd1_str-neutral_t00_n1,459,3,1,zai-org/GLM-4.5-Air,1,0,1,1,neutral,0.0,10.5,0.0
2026-07-17 05:14:49,L-J01_m-glm-4.5-air_sol1_gd1_rs0_bd1_str-neutral_t00_n1,459,4,1,zai-org/GLM-4.5-Air,1,0,1,1,neutral,0.0,0.0,5.0
2026-07-17 05:14:55,L-J01_m-glm-4.5-air_sol1_gd1_rs0_bd1_str-neutral_t00_n1,460,1,1,zai-org/GLM-4.5-Air,1,0,1,1,neutral,0.0,10.5,0.0
2026-07-17 05:15:00,L-J01_m-glm-4.5-air_sol1_gd1_rs0_bd1_str-neutral_t00_n1,460,2,1,zai-org/GLM-4.5-Air,1,0,1,1,neutral,0.0,10.5,3.0
2026-07-17 05:15:04,L-J01_m-glm-4.5-air_sol1_gd1_rs0_bd1_str-neutral_t00_n1,460,3,1,zai-org/GLM-4.5-Air,1,0,1,1,neutral,0.0,6.5,0.0
2026-07-17 05:15:07,L-J01_m-glm-4.5-air_sol1_gd1_rs0_bd1_str-neutral_t00_n1,460,4,1,zai-org/GLM-4.5-Air,1,0,1,1,neutral,0.0,0.0,5.0
2026-07-17 05:15:12,L-J01_m-glm-4.5-air_sol1_gd1_rs0_bd1_str-neutral_t00_n1,461,1,1,zai-org/GLM-4.5-Air,1,0,1,1,neutral,0.0,10.5,0.0
2026-07-17 05:15:18,L-J01_m-glm-4.5-air_sol1_gd1_rs0_bd1_str-neutral_t00_n1,461,2,1,zai-org/GLM-4.5-Air,1,0,1,1,neutral,0.0,7.5,0.0
2026-07-17 05:15:22,L-J01_m-glm-4.5-air_sol1_gd1_rs0_bd1_str-neutral_t00_n1,461,3,1,zai-org/GLM-4.5-Air,1,0,1,1,neutral,0.0,10.5,0.0
2026-07-17 05:15:25,L-J01_m-glm-4.5-air_sol1_gd1_rs0_bd1_str-neutral_t00_n1,461,4,1,zai-org/GLM-4.5-Air,1,0,1,1,neutral,0.0,0.0,5.0
2026-07-17 05:15:31,L-J01_m-glm-4.5-air_sol1_gd1_rs0_bd1_str-neutral_t00_n1,462,1,1,zai-org/GLM-4.5-Air,1,0,1,1,neutral,0.0,0.0,0.0
2026-07-17 05:15:36,L-J01_m-glm-4.5-air_sol1_gd1_rs0_bd1_str-neutral_t00_n1,462,2,1,zai-org/GLM-4.5-Air,1,0,1,1,neutral,0.0,9.5,0.0
2026-07-17 05:15:41,L-J01_m-glm-4.5-air_sol1_gd1_rs0_bd1_str-neutral_t00_n1,462,3,1,zai-org/GLM-4.5-Air,1,0,1,1,neutral,0.0,7.5,0.0
2026-07-17 05:15:47,L-J01_m-glm-4.5-air_sol1_gd1_rs0_bd1_str-neutral_t00_n1,463,1,1,zai-org/GLM-4.5-Air,1,0,1,1,neutral,0.0,12.0,4.0
2026-07-17 05:15:53,L-J01_m-glm-4.5-air_sol1_gd1_rs0_bd1_str-neutral_t00_n1,463,2,1,zai-org/GLM-4.5-Air,1,0,1,1,neutral,0.0,8.5,0.0
2026-07-17 05:15:57,L-J01_m-glm-4.5-air_sol1_gd1_rs0_bd1_str-neutral_t00_n1,463,3,1,zai-org/GLM-4.5-Air,1,0,1,1,neutral,0.0,10.5,0.0
2026-07-17 05:16:00,L-J01_m-glm-4.5-air_sol1_gd1_rs0_bd1_str-neutral_t00_n1,463,4,1,zai-org/GLM-4.5-Air,1,0,1,1,neutral,0.0,0.0,5.0
2026-07-17 05:16:06,L-J01_m-glm-4.5-air_sol1_gd1_rs0_bd1_str-neutral_t00_n1,464,1,1,zai-org/GLM-4.5-Air,1,0,1,1,neutral,0.0,11.5,0.0
2026-07-17 05:16:11,L-J01_m-glm-4.5-air_sol1_gd1_rs0_bd1_str-neutral_t00_n1,464,2,1,zai-org/GLM-4.5-Air,1,0,1,1,neutral,0.0,5.5,0.0
2026-07-17 05:16:15,L-J01_m-glm-4.5-air_sol1_gd1_rs0_bd1_str-neutral_t00_n1,464,3,1,zai-org/GLM-4.5-Air,1,0,1,1,neutral,0.0,2.5,0.0
2026-07-17 05:16:21,L-J01_m-glm-4.5-air_sol1_gd1_rs0_bd1_str-neutral_t00_n1,465,1,1,zai-org/GLM-4.5-Air,1,0,1,1,neutral,0.0,8.5,0.0
2026-07-17 05:16:27,L-J01_m-glm-4.5-air_sol1_gd1_rs0_bd1_str-neutral_t00_n1,465,2,1,zai-org/GLM-4.5-Air,1,0,1,1,neutral,0.0,9.5,0.0
2026-07-17 05:16:31,L-J01_m-glm-4.5-air_sol1_gd1_rs0_bd1_str-neutral_t00_n1,465,3,1,zai-org/GLM-4.5-Air,1,0,1,1,neutral,0.0,5.5,0.0
2026-07-17 05:16:38,L-J01_m-glm-4.5-air_sol1_gd1_rs0_bd1_str-neutral_t00_n1,466,1,1,zai-org/GLM-4.5-Air,1,0,1,1,neutral,0.0,4.5,0.0
2026-07-17 05:16:43,L-J01_m-glm-4.5-air_sol1_gd1_rs0_bd1_str-neutral_t00_n1,466,2,1,zai-org/GLM-4.5-Air,1,0,1,1,neutral,0.0,5.5,0.0
2026-07-17 05:16:48,L-J01_m-glm-4.5-air_sol1_gd1_rs0_bd1_str-neutral_t00_n1,466,3,1,zai-org/GLM-4.5-Air,1,0,1,1,neutral,0.0,4.5,0.0
2026-07-17 05:16:54,L-J01_m-glm-4.5-air_sol1_gd1_rs0_bd1_str-neutral_t00_n1,467,1,1,zai-org/GLM-4.5-Air,1,0,1,1,neutral,0.0,9.5,0.0
2026-07-17 05:16:59,L-J01_m-glm-4.5-air_sol1_gd1_rs0_bd1_str-neutral_t00_n1,467,2,1,zai-org/GLM-4.5-Air,1,0,1,1,neutral,0.0,7.5,0.0
2026-07-17 05:17:04,L-J01_m-glm-4.5-air_sol1_gd1_rs0_bd1_str-neutral_t00_n1,467,3,1,zai-org/GLM-4.5-Air,1,0,1,1,neutral,0.0,5.5,0.0
2026-07-17 05:17:12,L-J01_m-glm-4.5-air_sol1_gd1_rs0_bd1_str-neutral_t00_n1,468,1,1,zai-org/GLM-4.5-Air,1,0,1,1,neutral,0.0,0.0,0.0
2026-07-17 05:17:17,L-J01_m-glm-4.5-air_sol1_gd1_rs0_bd1_str-neutral_t00_n1,468,2,1,zai-org/GLM-4.5-Air,1,0,1,1,neutral,0.0,7.5,0.0
2026-07-17 05:17:21,L-J01_m-glm-4.5-air_sol1_gd1_rs0_bd1_str-neutral_t00_n1,468,3,1,zai-org/GLM-4.5-Air,1,0,1,1,neutral,0.0,1.5,0.0
2026-07-17 05:17:24,L-J01_m-glm-4.5-air_sol1_gd1_rs0_bd1_str-neutral_t00_n1,468,4,1,zai-org/GLM-4.5-Air,1,0,1,1,neutral,0.0,0.0,0.0
2026-07-17 05:17:29,L-J01_m-glm-4.5-air_sol1_gd1_rs0_bd1_str-neutral_t00_n1,469,1,1,zai-org/GLM-4.5-Air,1,0,1,1,neutral,0.0,9.5,0.0
2026-07-17 05:17:35,L-J01_m-glm-4.5-air_sol1_gd1_rs0_bd1_str-neutral_t00_n1,469,2,1,zai-org/GLM-4.5-Air,1,0,1,1,neutral,0.0,5.5,0.0
2026-07-17 05:17:39,L-J01_m-glm-4.5-air_sol1_gd1_rs0_bd1_str-neutral_t00_n1,469,3,1,zai-org/GLM-4.5-Air,1,0,1,1,neutral,0.0,5.5,0.0
2026-07-17 05:17:41,L-J01_m-glm-4.5-air_sol1_gd1_rs0_bd1_str-neutral_t00_n1,469,4,1,zai-org/GLM-4.5-Air,1,0,1,1,neutral,0.0,0.0,0.0
2026-07-17 05:17:47,L-J01_m-glm-4.5-air_sol1_gd1_rs0_bd1_str-neutral_t00_n1,470,1,1,zai-org/GLM-4.5-Air,1,0,1,1,neutral,0.0,9.5,4.0
2026-07-17 05:17:52,L-J01_m-glm-4.5-air_sol1_gd1_rs0_bd1_str-neutral_t00_n1,470,2,1,zai-org/GLM-4.5-Air,1,0,1,1,neutral,0.0,8.5,0.0
2026-07-17 05:17:57,L-J01_m-glm-4.5-air_sol1_gd1_rs0_bd1_str-neutral_t00_n1,470,3,1,zai-org/GLM-4.5-Air,1,0,1,1,neutral,0.0,5.5,0.0
2026-07-17 05:18:03,L-J01_m-glm-4.5-air_sol1_gd1_rs0_bd1_str-neutral_t00_n1,471,1,1,zai-org/GLM-4.5-Air,1,0,1,1,neutral,0.0,12.0,4.0
2026-07-17 05:18:08,L-J01_m-glm-4.5-air_sol1_gd1_rs0_bd1_str-neutral_t00_n1,471,2,1,zai-org/GLM-4.5-Air,1,0,1,1,neutral,0.0,10.5,3.0
2026-07-17 05:18:12,L-J01_m-glm-4.5-air_sol1_gd1_rs0_bd1_str-neutral_t00_n1,471,3,1,zai-org/GLM-4.5-Air,1,0,1,1,neutral,0.0,10.5,0.0
2026-07-17 05:18:15,L-J01_m-glm-4.5-air_sol1_gd1_rs0_bd1_str-neutral_t00_n1,471,4,1,zai-org/GLM-4.5-Air,1,0,1,1,neutral,0.0,0.0,5.0
2026-07-17 05:18:21,L-J01_m-glm-4.5-air_sol1_gd1_rs0_bd1_str-neutral_t00_n1,472,1,1,zai-org/GLM-4.5-Air,1,0,1,1,neutral,0.0,11.5,4.0
2026-07-17 05:18:26,L-J01_m-glm-4.5-air_sol1_gd1_rs0_bd1_str-neutral_t00_n1,472,2,1,zai-org/GLM-4.5-Air,1,0,1,1,neutral,0.0,8.5,0.0
2026-07-17 05:18:31,L-J01_m-glm-4.5-air_sol1_gd1_rs0_bd1_str-neutral_t00_n1,472,3,1,zai-org/GLM-4.5-Air,1,0,1,1,neutral,0.0,9.5,0.0
2026-07-17 05:18:33,L-J01_m-glm-4.5-air_sol1_gd1_rs0_bd1_str-neutral_t00_n1,472,4,1,zai-org/GLM-4.5-Air,1,0,1,1,neutral,0.0,0.0,5.0
2026-07-17 05:18:39,L-J01_m-glm-4.5-air_sol1_gd1_rs0_bd1_str-neutral_t00_n1,473,1,1,zai-org/GLM-4.5-Air,1,0,1,1,neutral,0.0,9.5,0.0
2026-07-17 05:18:45,L-J01_m-glm-4.5-air_sol1_gd1_rs0_bd1_str-neutral_t00_n1,473,2,1,zai-org/GLM-4.5-Air,1,0,1,1,neutral,0.0,7.5,0.0
2026-07-17 05:18:50,L-J01_m-glm-4.5-air_sol1_gd1_rs0_bd1_str-neutral_t00_n1,473,3,1,zai-org/GLM-4.5-Air,1,0,1,1,neutral,0.0,9.5,0.0
2026-07-17 05:18:52,L-J01_m-glm-4.5-air_sol1_gd1_rs0_bd1_str-neutral_t00_n1,473,4,1,zai-org/GLM-4.5-Air,1,0,1,1,neutral,0.0,0.0,5.0
2026-07-17 05:18:58,L-J01_m-glm-4.5-air_sol1_gd1_rs0_bd1_str-neutral_t00_n1,474,1,1,zai-org/GLM-4.5-Air,1,0,1,1,neutral,0.0,7.5,0.0
2026-07-17 05:19:04,L-J01_m-glm-4.5-air_sol1_gd1_rs0_bd1_str-neutral_t00_n1,474,2,1,zai-org/GLM-4.5-Air,1,0,1,1,neutral,0.0,7.5,0.0
2026-07-17 05:19:08,L-J01_m-glm-4.5-air_sol1_gd1_rs0_bd1_str-neutral_t00_n1,474,3,1,zai-org/GLM-4.5-Air,1,0,1,1,neutral,0.0,10.5,0.0
2026-07-17 05:19:10,L-J01_m-glm-4.5-air_sol1_gd1_rs0_bd1_str-neutral_t00_n1,474,4,1,zai-org/GLM-4.5-Air,1,0,1,1,neutral,0.0,0.0,0.0
2026-07-17 05:19:18,L-J01_m-glm-4.5-air_sol1_gd1_rs0_bd1_str-neutral_t00_n1,475,1,1,zai-org/GLM-4.5-Air,1,0,1,1,neutral,0.0,0.0,0.0
2026-07-17 05:19:23,L-J01_m-glm-4.5-air_sol1_gd1_rs0_bd1_str-neutral_t00_n1,475,2,1,zai-org/GLM-4.5-Air,1,0,1,1,neutral,0.0,6.5,0.0
2026-07-17 05:19:27,L-J01_m-glm-4.5-air_sol1_gd1_rs0_bd1_str-neutral_t00_n1,475,3,1,zai-org/GLM-4.5-Air,1,0,1,1,neutral,0.0,5.5,0.0
2026-07-17 05:19:33,L-J01_m-glm-4.5-air_sol1_gd1_rs0_bd1_str-neutral_t00_n1,476,1,1,zai-org/GLM-4.5-Air,1,0,1,1,neutral,0.0,0.0,0.0
2026-07-17 05:19:41,L-J01_m-glm-4.5-air_sol1_gd1_rs0_bd1_str-neutral_t00_n1,476,2,1,zai-org/GLM-4.5-Air,1,0,1,1,neutral,0.0,0.0,0.0
2026-07-17 05:19:46,L-J01_m-glm-4.5-air_sol1_gd1_rs0_bd1_str-neutral_t00_n1,476,3,1,zai-org/GLM-4.5-Air,1,0,1,1,neutral,0.0,9.5,0.0
2026-07-17 05:19:52,L-J01_m-glm-4.5-air_sol1_gd1_rs0_bd1_str-neutral_t00_n1,477,1,1,zai-org/GLM-4.5-Air,1,0,1,1,neutral,0.0,7.5,0.0
2026-07-17 05:19:57,L-J01_m-glm-4.5-air_sol1_gd1_rs0_bd1_str-neutral_t00_n1,477,2,1,zai-org/GLM-4.5-Air,1,0,1,1,neutral,0.0,8.5,0.0
2026-07-17 05:20:05,L-J01_m-glm-4.5-air_sol1_gd1_rs0_bd1_str-neutral_t00_n1,477,3,1,zai-org/GLM-4.5-Air,1,0,1,1,neutral,0.0,7.5,0.0
2026-07-17 05:20:11,L-J01_m-glm-4.5-air_sol1_gd1_rs0_bd1_str-neutral_t00_n1,478,1,1,zai-org/GLM-4.5-Air,1,0,1,1,neutral,0.0,5.5,0.0
2026-07-17 05:20:16,L-J01_m-glm-4.5-air_sol1_gd1_rs0_bd1_str-neutral_t00_n1,478,2,1,zai-org/GLM-4.5-Air,1,0,1,1,neutral,0.0,7.5,0.0
2026-07-17 05:20:21,L-J01_m-glm-4.5-air_sol1_gd1_rs0_bd1_str-neutral_t00_n1,478,3,1,zai-org/GLM-4.5-Air,1,0,1,1,neutral,0.0,5.5,0.0
2026-07-17 05:20:27,L-J01_m-glm-4.5-air_sol1_gd1_rs0_bd1_str-neutral_t00_n1,479,1,1,zai-org/GLM-4.5-Air,1,0,1,1,neutral,0.0,8.5,0.0
2026-07-17 05:20:32,L-J01_m-glm-4.5-air_sol1_gd1_rs0_bd1_str-neutral_t00_n1,479,2,1,zai-org/GLM-4.5-Air,1,0,1,1,neutral,0.0,5.5,0.0
2026-07-17 05:20:37,L-J01_m-glm-4.5-air_sol1_gd1_rs0_bd1_str-neutral_t00_n1,479,3,1,zai-org/GLM-4.5-Air,1,0,1,1,neutral,0.0,10.5,0.0
2026-07-17 05:20:43,L-J01_m-glm-4.5-air_sol1_gd1_rs0_bd1_str-neutral_t00_n1,480,1,1,zai-org/GLM-4.5-Air,1,0,1,1,neutral,0.0,8.5,0.0
2026-07-17 05:20:48,L-J01_m-glm-4.5-air_sol1_gd1_rs0_bd1_str-neutral_t00_n1,480,2,1,zai-org/GLM-4.5-Air,1,0,1,1,neutral,0.0,9.5,0.0
2026-07-17 05:20:53,L-J01_m-glm-4.5-air_sol1_gd1_rs0_bd1_str-neutral_t00_n1,480,3,1,zai-org/GLM-4.5-Air,1,0,1,1,neutral,0.0,7.5,0.0
2026-07-17 05:20:55,L-J01_m-glm-4.5-air_sol1_gd1_rs0_bd1_str-neutral_t00_n1,480,4,1,zai-org/GLM-4.5-Air,1,0,1,1,neutral,0.0,0.0,0.0
2026-07-17 05:21:01,L-J01_m-glm-4.5-air_sol1_gd1_rs0_bd1_str-neutral_t00_n1,481,1,1,zai-org/GLM-4.5-Air,1,0,1,1,neutral,0.0,8.5,0.0
2026-07-17 05:21:06,L-J01_m-glm-4.5-air_sol1_gd1_rs0_bd1_str-neutral_t00_n1,481,2,1,zai-org/GLM-4.5-Air,1,0,1,1,neutral,0.0,5.5,0.0
2026-07-17 05:21:10,L-J01_m-glm-4.5-air_sol1_gd1_rs0_bd1_str-neutral_t00_n1,481,3,1,zai-org/GLM-4.5-Air,1,0,1,1,neutral,0.0,5.5,0.0
2026-07-17 05:21:16,L-J01_m-glm-4.5-air_sol1_gd1_rs0_bd1_str-neutral_t00_n1,482,1,1,zai-org/GLM-4.5-Air,1,0,1,1,neutral,0.0,5.5,0.0
2026-07-17 05:21:21,L-J01_m-glm-4.5-air_sol1_gd1_rs0_bd1_str-neutral_t00_n1,482,2,1,zai-org/GLM-4.5-Air,1,0,1,1,neutral,0.0,5.5,0.0
2026-07-17 05:21:27,L-J01_m-glm-4.5-air_sol1_gd1_rs0_bd1_str-neutral_t00_n1,482,3,1,zai-org/GLM-4.5-Air,1,0,1,1,neutral,0.0,5.5,0.0
2026-07-17 05:21:33,L-J01_m-glm-4.5-air_sol1_gd1_rs0_bd1_str-neutral_t00_n1,483,1,1,zai-org/GLM-4.5-Air,1,0,1,1,neutral,0.0,9.5,4.0
2026-07-17 05:21:38,L-J01_m-glm-4.5-air_sol1_gd1_rs0_bd1_str-neutral_t00_n1,483,2,1,zai-org/GLM-4.5-Air,1,0,1,1,neutral,0.0,9.5,0.0
2026-07-17 05:21:44,L-J01_m-glm-4.5-air_sol1_gd1_rs0_bd1_str-neutral_t00_n1,483,3,1,zai-org/GLM-4.5-Air,1,0,1,1,neutral,0.0,7.5,0.0
2026-07-17 05:21:46,L-J01_m-glm-4.5-air_sol1_gd1_rs0_bd1_str-neutral_t00_n1,483,4,1,zai-org/GLM-4.5-Air,1,0,1,1,neutral,0.0,0.0,5.0
2026-07-17 05:21:52,L-J01_m-glm-4.5-air_sol1_gd1_rs0_bd1_str-neutral_t00_n1,484,1,1,zai-org/GLM-4.5-Air,1,0,1,1,neutral,0.0,10.5,0.0
2026-07-17 05:21:58,L-J01_m-glm-4.5-air_sol1_gd1_rs0_bd1_str-neutral_t00_n1,484,2,1,zai-org/GLM-4.5-Air,1,0,1,1,neutral,0.0,5.5,0.0
2026-07-17 05:22:02,L-J01_m-glm-4.5-air_sol1_gd1_rs0_bd1_str-neutral_t00_n1,484,3,1,zai-org/GLM-4.5-Air,1,0,1,1,neutral,0.0,10.5,0.0
2026-07-17 05:22:04,L-J01_m-glm-4.5-air_sol1_gd1_rs0_bd1_str-neutral_t00_n1,484,4,1,zai-org/GLM-4.5-Air,1,0,1,1,neutral,0.0,0.0,5.0
2026-07-17 05:22:10,L-J01_m-glm-4.5-air_sol1_gd1_rs0_bd1_str-neutral_t00_n1,485,1,1,zai-org/GLM-4.5-Air,1,0,1,1,neutral,0.0,10.5,0.0
2026-07-17 05:22:15,L-J01_m-glm-4.5-air_sol1_gd1_rs0_bd1_str-neutral_t00_n1,485,2,1,zai-org/GLM-4.5-Air,1,0,1,1,neutral,0.0,7.5,0.0
2026-07-17 05:22:19,L-J01_m-glm-4.5-air_sol1_gd1_rs0_bd1_str-neutral_t00_n1,485,3,1,zai-org/GLM-4.5-Air,1,0,1,1,neutral,0.0,3.5,0.0
2026-07-17 05:22:26,L-J01_m-glm-4.5-air_sol1_gd1_rs0_bd1_str-neutral_t00_n1,486,1,1,zai-org/GLM-4.5-Air,1,0,1,1,neutral,0.0,1.5,0.0
2026-07-17 05:22:31,L-J01_m-glm-4.5-air_sol1_gd1_rs0_bd1_str-neutral_t00_n1,486,2,1,zai-org/GLM-4.5-Air,1,0,1,1,neutral,0.0,4.5,0.0
2026-07-17 05:22:36,L-J01_m-glm-4.5-air_sol1_gd1_rs0_bd1_str-neutral_t00_n1,486,3,1,zai-org/GLM-4.5-Air,1,0,1,1,neutral,0.0,4.5,0.0
2026-07-17 05:22:42,L-J01_m-glm-4.5-air_sol1_gd1_rs0_bd1_str-neutral_t00_n1,487,1,1,zai-org/GLM-4.5-Air,1,0,1,1,neutral,0.0,7.5,0.0
2026-07-17 05:22:48,L-J01_m-glm-4.5-air_sol1_gd1_rs0_bd1_str-neutral_t00_n1,487,2,1,zai-org/GLM-4.5-Air,1,0,1,1,neutral,0.0,5.5,0.0
2026-07-17 05:22:52,L-J01_m-glm-4.5-air_sol1_gd1_rs0_bd1_str-neutral_t00_n1,487,3,1,zai-org/GLM-4.5-Air,1,0,1,1,neutral,0.0,7.5,0.0
2026-07-17 05:22:58,L-J01_m-glm-4.5-air_sol1_gd1_rs0_bd1_str-neutral_t00_n1,488,1,1,zai-org/GLM-4.5-Air,1,0,1,1,neutral,0.0,5.5,0.0
2026-07-17 05:23:04,L-J01_m-glm-4.5-air_sol1_gd1_rs0_bd1_str-neutral_t00_n1,488,2,1,zai-org/GLM-4.5-Air,1,0,1,1,neutral,0.0,5.5,0.0
2026-07-17 05:23:08,L-J01_m-glm-4.5-air_sol1_gd1_rs0_bd1_str-neutral_t00_n1,488,3,1,zai-org/GLM-4.5-Air,1,0,1,1,neutral,0.0,5.5,0.0
2026-07-17 05:23:14,L-J01_m-glm-4.5-air_sol1_gd1_rs0_bd1_str-neutral_t00_n1,489,1,1,zai-org/GLM-4.5-Air,1,0,1,1,neutral,0.0,9.5,0.0
2026-07-17 05:23:20,L-J01_m-glm-4.5-air_sol1_gd1_rs0_bd1_str-neutral_t00_n1,489,2,1,zai-org/GLM-4.5-Air,1,0,1,1,neutral,0.0,5.5,0.0
2026-07-17 05:23:28,L-J01_m-glm-4.5-air_sol1_gd1_rs0_bd1_str-neutral_t00_n1,489,3,1,zai-org/GLM-4.5-Air,1,0,1,1,neutral,0.0,7.5,0.0
2026-07-17 05:23:36,L-J01_m-glm-4.5-air_sol1_gd1_rs0_bd1_str-neutral_t00_n1,490,1,1,zai-org/GLM-4.5-Air,1,0,1,1,neutral,0.0,0.0,0.0
2026-07-17 05:23:44,L-J01_m-glm-4.5-air_sol1_gd1_rs0_bd1_str-neutral_t00_n1,490,2,1,zai-org/GLM-4.5-Air,1,0,1,1,neutral,0.0,0.0,0.0
2026-07-17 05:23:48,L-J01_m-glm-4.5-air_sol1_gd1_rs0_bd1_str-neutral_t00_n1,490,3,1,zai-org/GLM-4.5-Air,1,0,1,1,neutral,0.0,5.5,0.0
2026-07-17 05:23:54,L-J01_m-glm-4.5-air_sol1_gd1_rs0_bd1_str-neutral_t00_n1,491,1,1,zai-org/GLM-4.5-Air,1,0,1,1,neutral,0.0,9.5,0.0
2026-07-17 05:24:00,L-J01_m-glm-4.5-air_sol1_gd1_rs0_bd1_str-neutral_t00_n1,491,2,1,zai-org/GLM-4.5-Air,1,0,1,1,neutral,0.0,7.5,0.0
2026-07-17 05:24:04,L-J01_m-glm-4.5-air_sol1_gd1_rs0_bd1_str-neutral_t00_n1,491,3,1,zai-org/GLM-4.5-Air,1,0,1,1,neutral,0.0,9.5,0.0
2026-07-17 05:24:12,L-J01_m-glm-4.5-air_sol1_gd1_rs0_bd1_str-neutral_t00_n1,492,1,1,zai-org/GLM-4.5-Air,1,0,1,1,neutral,0.0,0.0,0.0
2026-07-17 05:24:17,L-J01_m-glm-4.5-air_sol1_gd1_rs0_bd1_str-neutral_t00_n1,492,2,1,zai-org/GLM-4.5-Air,1,0,1,1,neutral,0.0,2.5,0.0
2026-07-17 05:24:21,L-J01_m-glm-4.5-air_sol1_gd1_rs0_bd1_str-neutral_t00_n1,492,3,1,zai-org/GLM-4.5-Air,1,0,1,1,neutral,0.0,2.5,0.0
2026-07-17 05:24:28,L-J01_m-glm-4.5-air_sol1_gd1_rs0_bd1_str-neutral_t00_n1,493,1,1,zai-org/GLM-4.5-Air,1,0,1,1,neutral,0.0,5.5,0.0
2026-07-17 05:24:33,L-J01_m-glm-4.5-air_sol1_gd1_rs0_bd1_str-neutral_t00_n1,493,2,1,zai-org/GLM-4.5-Air,1,0,1,1,neutral,0.0,8.5,0.0
2026-07-17 05:24:37,L-J01_m-glm-4.5-air_sol1_gd1_rs0_bd1_str-neutral_t00_n1,493,3,1,zai-org/GLM-4.5-Air,1,0,1,1,neutral,0.0,8.5,0.0
2026-07-17 05:24:43,L-J01_m-glm-4.5-air_sol1_gd1_rs0_bd1_str-neutral_t00_n1,494,1,1,zai-org/GLM-4.5-Air,1,0,1,1,neutral,0.0,11.5,0.0
2026-07-17 05:24:49,L-J01_m-glm-4.5-air_sol1_gd1_rs0_bd1_str-neutral_t00_n1,494,2,1,zai-org/GLM-4.5-Air,1,0,1,1,neutral,0.0,10.5,4.0
2026-07-17 05:24:54,L-J01_m-glm-4.5-air_sol1_gd1_rs0_bd1_str-neutral_t00_n1,494,3,1,zai-org/GLM-4.5-Air,1,0,1,1,neutral,0.0,10.5,0.0
2026-07-17 05:24:56,L-J01_m-glm-4.5-air_sol1_gd1_rs0_bd1_str-neutral_t00_n1,494,4,1,zai-org/GLM-4.5-Air,1,0,1,1,neutral,0.0,0.0,5.0
2026-07-17 05:25:03,L-J01_m-glm-4.5-air_sol1_gd1_rs0_bd1_str-neutral_t00_n1,495,1,1,zai-org/GLM-4.5-Air,1,0,1,1,neutral,0.0,5.5,0.0
2026-07-17 05:25:08,L-J01_m-glm-4.5-air_sol1_gd1_rs0_bd1_str-neutral_t00_n1,495,2,1,zai-org/GLM-4.5-Air,1,0,1,1,neutral,0.0,5.5,0.0
2026-07-17 05:25:12,L-J01_m-glm-4.5-air_sol1_gd1_rs0_bd1_str-neutral_t00_n1,495,3,1,zai-org/GLM-4.5-Air,1,0,1,1,neutral,0.0,10.5,0.0
2026-07-17 05:25:19,L-J01_m-glm-4.5-air_sol1_gd1_rs0_bd1_str-neutral_t00_n1,496,1,1,zai-org/GLM-4.5-Air,1,0,1,1,neutral,0.0,7.5,0.0
2026-07-17 05:25:24,L-J01_m-glm-4.5-air_sol1_gd1_rs0_bd1_str-neutral_t00_n1,496,2,1,zai-org/GLM-4.5-Air,1,0,1,1,neutral,0.0,8.5,0.0
2026-07-17 05:25:28,L-J01_m-glm-4.5-air_sol1_gd1_rs0_bd1_str-neutral_t00_n1,496,3,1,zai-org/GLM-4.5-Air,1,0,1,1,neutral,0.0,8.5,0.0
2026-07-17 05:25:35,L-J01_m-glm-4.5-air_sol1_gd1_rs0_bd1_str-neutral_t00_n1,497,1,1,zai-org/GLM-4.5-Air,1,0,1,1,neutral,0.0,10.5,0.0
2026-07-17 05:25:40,L-J01_m-glm-4.5-air_sol1_gd1_rs0_bd1_str-neutral_t00_n1,497,2,1,zai-org/GLM-4.5-Air,1,0,1,1,neutral,0.0,8.5,0.0
2026-07-17 05:25:44,L-J01_m-glm-4.5-air_sol1_gd1_rs0_bd1_str-neutral_t00_n1,497,3,1,zai-org/GLM-4.5-Air,1,0,1,1,neutral,0.0,9.5,0.0
2026-07-17 05:25:50,L-J01_m-glm-4.5-air_sol1_gd1_rs0_bd1_str-neutral_t00_n1,498,1,1,zai-org/GLM-4.5-Air,1,0,1,1,neutral,0.0,8.5,0.0
2026-07-17 05:25:55,L-J01_m-glm-4.5-air_sol1_gd1_rs0_bd1_str-neutral_t00_n1,498,2,1,zai-org/GLM-4.5-Air,1,0,1,1,neutral,0.0,9.5,0.0
2026-07-17 05:26:00,L-J01_m-glm-4.5-air_sol1_gd1_rs0_bd1_str-neutral_t00_n1,498,3,1,zai-org/GLM-4.5-Air,1,0,1,1,neutral,0.0,10.5,0.0
2026-07-17 05:26:06,L-J01_m-glm-4.5-air_sol1_gd1_rs0_bd1_str-neutral_t00_n1,499,1,1,zai-org/GLM-4.5-Air,1,0,1,1,neutral,0.0,10.5,0.0
2026-07-17 05:26:11,L-J01_m-glm-4.5-air_sol1_gd1_rs0_bd1_str-neutral_t00_n1,499,2,1,zai-org/GLM-4.5-Air,1,0,1,1,neutral,0.0,5.5,0.0
2026-07-17 05:26:16,L-J01_m-glm-4.5-air_sol1_gd1_rs0_bd1_str-neutral_t00_n1,499,3,1,zai-org/GLM-4.5-Air,1,0,1,1,neutral,0.0,9.5,0.0
2026-07-17 05:26:18,L-J01_m-glm-4.5-air_sol1_gd1_rs0_bd1_str-neutral_t00_n1,499,4,1,zai-org/GLM-4.5-Air,1,0,1,1,neutral,0.0,0.0,5.0
2026-07-17 05:26:24,L-J01_m-glm-4.5-air_sol1_gd1_rs0_bd1_str-neutral_t00_n1,500,1,1,zai-org/GLM-4.5-Air,1,0,1,1,neutral,0.0,10.5,0.0
2026-07-17 05:26:29,L-J01_m-glm-4.5-air_sol1_gd1_rs0_bd1_str-neutral_t00_n1,500,2,1,zai-org/GLM-4.5-Air,1,0,1,1,neutral,0.0,9.5,0.0
2026-07-17 05:26:34,L-J01_m-glm-4.5-air_sol1_gd1_rs0_bd1_str-neutral_t00_n1,500,3,1,zai-org/GLM-4.5-Air,1,0,1,1,neutral,0.0,10.5,0.0
2026-07-17 05:26:40,L-J01_m-glm-4.5-air_sol1_gd1_rs0_bd1_str-neutral_t00_n1,501,1,1,zai-org/GLM-4.5-Air,1,0,1,1,neutral,0.0,5.5,0.0
2026-07-17 05:26:45,L-J01_m-glm-4.5-air_sol1_gd1_rs0_bd1_str-neutral_t00_n1,501,2,1,zai-org/GLM-4.5-Air,1,0,1,1,neutral,0.0,2.5,0.0
2026-07-17 05:26:50,L-J01_m-glm-4.5-air_sol1_gd1_rs0_bd1_str-neutral_t00_n1,501,3,1,zai-org/GLM-4.5-Air,1,0,1,1,neutral,0.0,7.5,0.0
2026-07-17 05:27:01,L-J01_m-glm-4.5-air_sol1_gd1_rs0_bd1_str-neutral_t00_n1,502,1,1,zai-org/GLM-4.5-Air,1,0,1,1,neutral,0.0,5.5,0.0
2026-07-17 05:27:06,L-J01_m-glm-4.5-air_sol1_gd1_rs0_bd1_str-neutral_t00_n1,502,2,1,zai-org/GLM-4.5-Air,1,0,1,1,neutral,0.0,5.5,0.0
2026-07-17 05:27:11,L-J01_m-glm-4.5-air_sol1_gd1_rs0_bd1_str-neutral_t00_n1,502,3,1,zai-org/GLM-4.5-Air,1,0,1,1,neutral,0.0,5.5,0.0
2026-07-17 05:27:18,L-J01_m-glm-4.5-air_sol1_gd1_rs0_bd1_str-neutral_t00_n1,503,1,1,zai-org/GLM-4.5-Air,1,0,1,1,neutral,0.0,0.0,0.0
2026-07-17 05:27:24,L-J01_m-glm-4.5-air_sol1_gd1_rs0_bd1_str-neutral_t00_n1,503,2,1,zai-org/GLM-4.5-Air,1,0,1,1,neutral,0.0,6.5,0.0
2026-07-17 05:27:28,L-J01_m-glm-4.5-air_sol1_gd1_rs0_bd1_str-neutral_t00_n1,503,3,1,zai-org/GLM-4.5-Air,1,0,1,1,neutral,0.0,7.5,0.0
2026-07-17 05:27:34,L-J01_m-glm-4.5-air_sol1_gd1_rs0_bd1_str-neutral_t00_n1,504,1,1,zai-org/GLM-4.5-Air,1,0,1,1,neutral,0.0,4.5,0.0
2026-07-17 05:27:39,L-J01_m-glm-4.5-air_sol1_gd1_rs0_bd1_str-neutral_t00_n1,504,2,1,zai-org/GLM-4.5-Air,1,0,1,1,neutral,0.0,10.5,3.0
2026-07-17 05:27:44,L-J01_m-glm-4.5-air_sol1_gd1_rs0_bd1_str-neutral_t00_n1,504,3,1,zai-org/GLM-4.5-Air,1,0,1,1,neutral,0.0,7.5,0.0
2026-07-17 05:27:46,L-J01_m-glm-4.5-air_sol1_gd1_rs0_bd1_str-neutral_t00_n1,504,4,1,zai-org/GLM-4.5-Air,1,0,1,1,neutral,0.0,0.0,0.0
2026-07-17 05:27:52,L-J01_m-glm-4.5-air_sol1_gd1_rs0_bd1_str-neutral_t00_n1,505,1,1,zai-org/GLM-4.5-Air,1,0,1,1,neutral,0.0,1.5,0.0
2026-07-17 05:28:00,L-J01_m-glm-4.5-air_sol1_gd1_rs0_bd1_str-neutral_t00_n1,505,2,1,zai-org/GLM-4.5-Air,1,0,1,1,neutral,0.0,0.0,0.0
2026-07-17 05:28:12,L-J01_m-glm-4.5-air_sol1_gd1_rs0_bd1_str-neutral_t00_n1,505,3,1,zai-org/GLM-4.5-Air,1,0,1,1,neutral,0.0,7.5,0.0
2026-07-17 05:28:15,L-J01_m-glm-4.5-air_sol1_gd1_rs0_bd1_str-neutral_t00_n1,505,4,1,zai-org/GLM-4.5-Air,1,0,1,1,neutral,0.0,0.0,5.0
2026-07-17 05:28:21,L-J01_m-glm-4.5-air_sol1_gd1_rs0_bd1_str-neutral_t00_n1,506,1,1,zai-org/GLM-4.5-Air,1,0,1,1,neutral,0.0,5.5,0.0
2026-07-17 05:28:26,L-J01_m-glm-4.5-air_sol1_gd1_rs0_bd1_str-neutral_t00_n1,506,2,1,zai-org/GLM-4.5-Air,1,0,1,1,neutral,0.0,8.5,0.0
2026-07-17 05:28:30,L-J01_m-glm-4.5-air_sol1_gd1_rs0_bd1_str-neutral_t00_n1,506,3,1,zai-org/GLM-4.5-Air,1,0,1,1,neutral,0.0,5.5,0.0
2026-07-17 05:28:37,L-J01_m-glm-4.5-air_sol1_gd1_rs0_bd1_str-neutral_t00_n1,507,1,1,zai-org/GLM-4.5-Air,1,0,1,1,neutral,0.0,5.5,0.0
2026-07-17 05:28:42,L-J01_m-glm-4.5-air_sol1_gd1_rs0_bd1_str-neutral_t00_n1,507,2,1,zai-org/GLM-4.5-Air,1,0,1,1,neutral,0.0,5.5,0.0
2026-07-17 05:28:47,L-J01_m-glm-4.5-air_sol1_gd1_rs0_bd1_str-neutral_t00_n1,507,3,1,zai-org/GLM-4.5-Air,1,0,1,1,neutral,0.0,4.5,0.0
2026-07-17 05:28:53,L-J01_m-glm-4.5-air_sol1_gd1_rs0_bd1_str-neutral_t00_n1,508,1,1,zai-org/GLM-4.5-Air,1,0,1,1,neutral,0.0,7.5,0.0
2026-07-17 05:28:59,L-J01_m-glm-4.5-air_sol1_gd1_rs0_bd1_str-neutral_t00_n1,508,2,1,zai-org/GLM-4.5-Air,1,0,1,1,neutral,0.0,7.5,0.0
2026-07-17 05:29:03,L-J01_m-glm-4.5-air_sol1_gd1_rs0_bd1_str-neutral_t00_n1,508,3,1,zai-org/GLM-4.5-Air,1,0,1,1,neutral,0.0,7.5,0.0
2026-07-17 05:29:09,L-J01_m-glm-4.5-air_sol1_gd1_rs0_bd1_str-neutral_t00_n1,509,1,1,zai-org/GLM-4.5-Air,1,0,1,1,neutral,0.0,5.5,0.0
2026-07-17 05:29:15,L-J01_m-glm-4.5-air_sol1_gd1_rs0_bd1_str-neutral_t00_n1,509,2,1,zai-org/GLM-4.5-Air,1,0,1,1,neutral,0.0,5.5,0.0
2026-07-17 05:29:20,L-J01_m-glm-4.5-air_sol1_gd1_rs0_bd1_str-neutral_t00_n1,509,3,1,zai-org/GLM-4.5-Air,1,0,1,1,neutral,0.0,5.5,0.0
2026-07-17 05:29:23,L-J01_m-glm-4.5-air_sol1_gd1_rs0_bd1_str-neutral_t00_n1,509,4,1,zai-org/GLM-4.5-Air,1,0,1,1,neutral,0.0,0.0,0.0
2026-07-17 05:29:29,L-J01_m-glm-4.5-air_sol1_gd1_rs0_bd1_str-neutral_t00_n1,510,1,1,zai-org/GLM-4.5-Air,1,0,1,1,neutral,0.0,11.5,0.0
2026-07-17 05:29:34,L-J01_m-glm-4.5-air_sol1_gd1_rs0_bd1_str-neutral_t00_n1,510,2,1,zai-org/GLM-4.5-Air,1,0,1,1,neutral,0.0,8.5,0.0
2026-07-17 05:29:39,L-J01_m-glm-4.5-air_sol1_gd1_rs0_bd1_str-neutral_t00_n1,510,3,1,zai-org/GLM-4.5-Air,1,0,1,1,neutral,0.0,9.5,0.0
2026-07-17 05:29:41,L-J01_m-glm-4.5-air_sol1_gd1_rs0_bd1_str-neutral_t00_n1,510,4,1,zai-org/GLM-4.5-Air,1,0,1,1,neutral,0.0,0.0,5.0
2026-07-17 05:29:47,L-J01_m-glm-4.5-air_sol1_gd1_rs0_bd1_str-neutral_t00_n1,511,1,1,zai-org/GLM-4.5-Air,1,0,1,1,neutral,0.0,5.5,0.0
2026-07-17 05:29:53,L-J01_m-glm-4.5-air_sol1_gd1_rs0_bd1_str-neutral_t00_n1,511,2,1,zai-org/GLM-4.5-Air,1,0,1,1,neutral,0.0,7.5,0.0
2026-07-17 05:29:57,L-J01_m-glm-4.5-air_sol1_gd1_rs0_bd1_str-neutral_t00_n1,511,3,1,zai-org/GLM-4.5-Air,1,0,1,1,neutral,0.0,5.5,0.0
2026-07-17 05:30:03,L-J01_m-glm-4.5-air_sol1_gd1_rs0_bd1_str-neutral_t00_n1,512,1,1,zai-org/GLM-4.5-Air,1,0,1,1,neutral,0.0,8.5,0.0
2026-07-17 05:30:09,L-J01_m-glm-4.5-air_sol1_gd1_rs0_bd1_str-neutral_t00_n1,512,2,1,zai-org/GLM-4.5-Air,1,0,1,1,neutral,0.0,5.5,0.0
2026-07-17 05:30:13,L-J01_m-glm-4.5-air_sol1_gd1_rs0_bd1_str-neutral_t00_n1,512,3,1,zai-org/GLM-4.5-Air,1,0,1,1,neutral,0.0,9.5,0.0
2026-07-17 05:30:16,L-J01_m-glm-4.5-air_sol1_gd1_rs0_bd1_str-neutral_t00_n1,512,4,1,zai-org/GLM-4.5-Air,1,0,1,1,neutral,0.0,0.0,0.0
2026-07-17 05:30:22,L-J01_m-glm-4.5-air_sol1_gd1_rs0_bd1_str-neutral_t00_n1,513,1,1,zai-org/GLM-4.5-Air,1,0,1,1,neutral,0.0,10.5,0.0
2026-07-17 05:30:27,L-J01_m-glm-4.5-air_sol1_gd1_rs0_bd1_str-neutral_t00_n1,513,2,1,zai-org/GLM-4.5-Air,1,0,1,1,neutral,0.0,3.5,0.0
2026-07-17 05:30:31,L-J01_m-glm-4.5-air_sol1_gd1_rs0_bd1_str-neutral_t00_n1,513,3,1,zai-org/GLM-4.5-Air,1,0,1,1,neutral,0.0,9.5,0.0
2026-07-17 05:30:37,L-J01_m-glm-4.5-air_sol1_gd1_rs0_bd1_str-neutral_t00_n1,514,1,1,zai-org/GLM-4.5-Air,1,0,1,1,neutral,0.0,10.5,0.0
2026-07-17 05:30:43,L-J01_m-glm-4.5-air_sol1_gd1_rs0_bd1_str-neutral_t00_n1,514,2,1,zai-org/GLM-4.5-Air,1,0,1,1,neutral,0.0,8.5,0.0
2026-07-17 05:30:47,L-J01_m-glm-4.5-air_sol1_gd1_rs0_bd1_str-neutral_t00_n1,514,3,1,zai-org/GLM-4.5-Air,1,0,1,1,neutral,0.0,10.5,0.0
2026-07-17 05:30:50,L-J01_m-glm-4.5-air_sol1_gd1_rs0_bd1_str-neutral_t00_n1,514,4,1,zai-org/GLM-4.5-Air,1,0,1,1,neutral,0.0,0.0,5.0
2026-07-17 05:30:56,L-J01_m-glm-4.5-air_sol1_gd1_rs0_bd1_str-neutral_t00_n1,515,1,1,zai-org/GLM-4.5-Air,1,0,1,1,neutral,0.0,5.5,0.0
2026-07-17 05:31:01,L-J01_m-glm-4.5-air_sol1_gd1_rs0_bd1_str-neutral_t00_n1,515,2,1,zai-org/GLM-4.5-Air,1,0,1,1,neutral,0.0,7.5,0.0
2026-07-17 05:31:06,L-J01_m-glm-4.5-air_sol1_gd1_rs0_bd1_str-neutral_t00_n1,515,3,1,zai-org/GLM-4.5-Air,1,0,1,1,neutral,0.0,5.5,0.0
2026-07-17 05:31:14,L-J01_m-glm-4.5-air_sol1_gd1_rs0_bd1_str-neutral_t00_n1,516,1,1,zai-org/GLM-4.5-Air,1,0,1,1,neutral,0.0,7.5,0.0
2026-07-17 05:31:19,L-J01_m-glm-4.5-air_sol1_gd1_rs0_bd1_str-neutral_t00_n1,516,2,1,zai-org/GLM-4.5-Air,1,0,1,1,neutral,0.0,7.5,0.0
2026-07-17 05:31:24,L-J01_m-glm-4.5-air_sol1_gd1_rs0_bd1_str-neutral_t00_n1,516,3,1,zai-org/GLM-4.5-Air,1,0,1,1,neutral,0.0,8.5,0.0
2026-07-17 05:31:27,L-J01_m-glm-4.5-air_sol1_gd1_rs0_bd1_str-neutral_t00_n1,516,4,1,zai-org/GLM-4.5-Air,1,0,1,1,neutral,0.0,0.0,0.0
2026-07-17 05:31:33,L-J01_m-glm-4.5-air_sol1_gd1_rs0_bd1_str-neutral_t00_n1,517,1,1,zai-org/GLM-4.5-Air,1,0,1,1,neutral,0.0,8.5,0.0
2026-07-17 05:31:38,L-J01_m-glm-4.5-air_sol1_gd1_rs0_bd1_str-neutral_t00_n1,517,2,1,zai-org/GLM-4.5-Air,1,0,1,1,neutral,0.0,3.5,0.0
2026-07-17 05:31:44,L-J01_m-glm-4.5-air_sol1_gd1_rs0_bd1_str-neutral_t00_n1,517,3,1,zai-org/GLM-4.5-Air,1,0,1,1,neutral,0.0,5.5,0.0
2026-07-17 05:31:46,L-J01_m-glm-4.5-air_sol1_gd1_rs0_bd1_str-neutral_t00_n1,517,4,1,zai-org/GLM-4.5-Air,1,0,1,1,neutral,0.0,0.0,0.0
2026-07-17 05:31:52,L-J01_m-glm-4.5-air_sol1_gd1_rs0_bd1_str-neutral_t00_n1,518,1,1,zai-org/GLM-4.5-Air,1,0,1,1,neutral,0.0,5.5,0.0
2026-07-17 05:31:58,L-J01_m-glm-4.5-air_sol1_gd1_rs0_bd1_str-neutral_t00_n1,518,2,1,zai-org/GLM-4.5-Air,1,0,1,1,neutral,0.0,8.5,0.0
2026-07-17 05:32:02,L-J01_m-glm-4.5-air_sol1_gd1_rs0_bd1_str-neutral_t00_n1,518,3,1,zai-org/GLM-4.5-Air,1,0,1,1,neutral,0.0,3.5,0.0
2026-07-17 05:32:09,L-J01_m-glm-4.5-air_sol1_gd1_rs0_bd1_str-neutral_t00_n1,519,1,1,zai-org/GLM-4.5-Air,1,0,1,1,neutral,0.0,7.5,0.0
2026-07-17 05:32:14,L-J01_m-glm-4.5-air_sol1_gd1_rs0_bd1_str-neutral_t00_n1,519,2,1,zai-org/GLM-4.5-Air,1,0,1,1,neutral,0.0,7.5,0.0
2026-07-17 05:32:19,L-J01_m-glm-4.5-air_sol1_gd1_rs0_bd1_str-neutral_t00_n1,519,3,1,zai-org/GLM-4.5-Air,1,0,1,1,neutral,0.0,5.5,0.0
2026-07-17 05:32:28,L-J01_m-glm-4.5-air_sol1_gd1_rs0_bd1_str-neutral_t00_n1,520,1,1,zai-org/GLM-4.5-Air,1,0,1,1,neutral,0.0,7.5,0.0
2026-07-17 05:32:34,L-J01_m-glm-4.5-air_sol1_gd1_rs0_bd1_str-neutral_t00_n1,520,2,1,zai-org/GLM-4.5-Air,1,0,1,1,neutral,0.0,8.5,0.0
2026-07-17 05:32:38,L-J01_m-glm-4.5-air_sol1_gd1_rs0_bd1_str-neutral_t00_n1,520,3,1,zai-org/GLM-4.5-Air,1,0,1,1,neutral,0.0,8.5,0.0
2026-07-17 05:32:45,L-J01_m-glm-4.5-air_sol1_gd1_rs0_bd1_str-neutral_t00_n1,521,1,1,zai-org/GLM-4.5-Air,1,0,1,1,neutral,0.0,9.5,4.0
2026-07-17 05:32:50,L-J01_m-glm-4.5-air_sol1_gd1_rs0_bd1_str-neutral_t00_n1,521,2,1,zai-org/GLM-4.5-Air,1,0,1,1,neutral,0.0,10.5,0.0
2026-07-17 05:32:54,L-J01_m-glm-4.5-air_sol1_gd1_rs0_bd1_str-neutral_t00_n1,521,3,1,zai-org/GLM-4.5-Air,1,0,1,1,neutral,0.0,11.5,0.0
2026-07-17 05:32:57,L-J01_m-glm-4.5-air_sol1_gd1_rs0_bd1_str-neutral_t00_n1,521,4,1,zai-org/GLM-4.5-Air,1,0,1,1,neutral,0.0,0.0,5.0
2026-07-17 05:33:02,L-J01_m-glm-4.5-air_sol1_gd1_rs0_bd1_str-neutral_t00_n1,522,1,1,zai-org/GLM-4.5-Air,1,0,1,1,neutral,0.0,10.5,0.0
2026-07-17 05:33:07,L-J01_m-glm-4.5-air_sol1_gd1_rs0_bd1_str-neutral_t00_n1,522,2,1,zai-org/GLM-4.5-Air,1,0,1,1,neutral,0.0,3.5,0.0
2026-07-17 05:33:12,L-J01_m-glm-4.5-air_sol1_gd1_rs0_bd1_str-neutral_t00_n1,522,3,1,zai-org/GLM-4.5-Air,1,0,1,1,neutral,0.0,1.5,0.0
2026-07-17 05:33:18,L-J01_m-glm-4.5-air_sol1_gd1_rs0_bd1_str-neutral_t00_n1,523,1,1,zai-org/GLM-4.5-Air,1,0,1,1,neutral,0.0,8.5,0.0
2026-07-17 05:33:23,L-J01_m-glm-4.5-air_sol1_gd1_rs0_bd1_str-neutral_t00_n1,523,2,1,zai-org/GLM-4.5-Air,1,0,1,1,neutral,0.0,9.5,0.0
2026-07-17 05:33:28,L-J01_m-glm-4.5-air_sol1_gd1_rs0_bd1_str-neutral_t00_n1,523,3,1,zai-org/GLM-4.5-Air,1,0,1,1,neutral,0.0,5.5,0.0
2026-07-17 05:33:34,L-J01_m-glm-4.5-air_sol1_gd1_rs0_bd1_str-neutral_t00_n1,524,1,1,zai-org/GLM-4.5-Air,1,0,1,1,neutral,0.0,5.5,0.0
2026-07-17 05:33:39,L-J01_m-glm-4.5-air_sol1_gd1_rs0_bd1_str-neutral_t00_n1,524,2,1,zai-org/GLM-4.5-Air,1,0,1,1,neutral,0.0,5.5,0.0
2026-07-17 05:33:43,L-J01_m-glm-4.5-air_sol1_gd1_rs0_bd1_str-neutral_t00_n1,524,3,1,zai-org/GLM-4.5-Air,1,0,1,1,neutral,0.0,8.5,0.0
2026-07-17 05:33:50,L-J01_m-glm-4.5-air_sol1_gd1_rs0_bd1_str-neutral_t00_n1,525,1,1,zai-org/GLM-4.5-Air,1,0,1,1,neutral,0.0,8.5,0.0
2026-07-17 05:33:55,L-J01_m-glm-4.5-air_sol1_gd1_rs0_bd1_str-neutral_t00_n1,525,2,1,zai-org/GLM-4.5-Air,1,0,1,1,neutral,0.0,5.5,0.0
2026-07-17 05:33:59,L-J01_m-glm-4.5-air_sol1_gd1_rs0_bd1_str-neutral_t00_n1,525,3,1,zai-org/GLM-4.5-Air,1,0,1,1,neutral,0.0,10.5,0.0
2026-07-17 05:34:05,L-J01_m-glm-4.5-air_sol1_gd1_rs0_bd1_str-neutral_t00_n1,526,1,1,zai-org/GLM-4.5-Air,1,0,1,1,neutral,0.0,11.0,4.0
2026-07-17 05:34:11,L-J01_m-glm-4.5-air_sol1_gd1_rs0_bd1_str-neutral_t00_n1,526,2,1,zai-org/GLM-4.5-Air,1,0,1,1,neutral,0.0,8.5,0.0
2026-07-17 05:34:15,L-J01_m-glm-4.5-air_sol1_gd1_rs0_bd1_str-neutral_t00_n1,526,3,1,zai-org/GLM-4.5-Air,1,0,1,1,neutral,0.0,10.5,0.0
2026-07-17 05:34:18,L-J01_m-glm-4.5-air_sol1_gd1_rs0_bd1_str-neutral_t00_n1,526,4,1,zai-org/GLM-4.5-Air,1,0,1,1,neutral,0.0,0.0,5.0
2026-07-17 05:34:24,L-J01_m-glm-4.5-air_sol1_gd1_rs0_bd1_str-neutral_t00_n1,527,1,1,zai-org/GLM-4.5-Air,1,0,1,1,neutral,0.0,10.5,0.0
2026-07-17 05:34:29,L-J01_m-glm-4.5-air_sol1_gd1_rs0_bd1_str-neutral_t00_n1,527,2,1,zai-org/GLM-4.5-Air,1,0,1,1,neutral,0.0,10.5,0.0
2026-07-17 05:34:33,L-J01_m-glm-4.5-air_sol1_gd1_rs0_bd1_str-neutral_t00_n1,527,3,1,zai-org/GLM-4.5-Air,1,0,1,1,neutral,0.0,5.5,0.0
2026-07-17 05:34:39,L-J01_m-glm-4.5-air_sol1_gd1_rs0_bd1_str-neutral_t00_n1,528,1,1,zai-org/GLM-4.5-Air,1,0,1,1,neutral,0.0,9.5,0.0
2026-07-17 05:34:45,L-J01_m-glm-4.5-air_sol1_gd1_rs0_bd1_str-neutral_t00_n1,528,2,1,zai-org/GLM-4.5-Air,1,0,1,1,neutral,0.0,9.5,0.0
2026-07-17 05:34:49,L-J01_m-glm-4.5-air_sol1_gd1_rs0_bd1_str-neutral_t00_n1,528,3,1,zai-org/GLM-4.5-Air,1,0,1,1,neutral,0.0,9.5,0.0
2026-07-17 05:34:51,L-J01_m-glm-4.5-air_sol1_gd1_rs0_bd1_str-neutral_t00_n1,528,4,1,zai-org/GLM-4.5-Air,1,0,1,1,neutral,0.0,0.0,0.0
2026-07-17 05:34:57,L-J01_m-glm-4.5-air_sol1_gd1_rs0_bd1_str-neutral_t00_n1,529,1,1,zai-org/GLM-4.5-Air,1,0,1,1,neutral,0.0,9.5,0.0
2026-07-17 05:35:02,L-J01_m-glm-4.5-air_sol1_gd1_rs0_bd1_str-neutral_t00_n1,529,2,1,zai-org/GLM-4.5-Air,1,0,1,1,neutral,0.0,7.5,0.0
2026-07-17 05:35:07,L-J01_m-glm-4.5-air_sol1_gd1_rs0_bd1_str-neutral_t00_n1,529,3,1,zai-org/GLM-4.5-Air,1,0,1,1,neutral,0.0,5.5,0.0
2026-07-17 05:35:13,L-J01_m-glm-4.5-air_sol1_gd1_rs0_bd1_str-neutral_t00_n1,530,1,1,zai-org/GLM-4.5-Air,1,0,1,1,neutral,0.0,9.5,0.0
2026-07-17 05:35:18,L-J01_m-glm-4.5-air_sol1_gd1_rs0_bd1_str-neutral_t00_n1,530,2,1,zai-org/GLM-4.5-Air,1,0,1,1,neutral,0.0,0.0,0.0
2026-07-17 05:35:22,L-J01_m-glm-4.5-air_sol1_gd1_rs0_bd1_str-neutral_t00_n1,530,3,1,zai-org/GLM-4.5-Air,1,0,1,1,neutral,0.0,5.5,0.0
2026-07-17 05:35:24,L-J01_m-glm-4.5-air_sol1_gd1_rs0_bd1_str-neutral_t00_n1,530,4,1,zai-org/GLM-4.5-Air,1,0,1,1,neutral,0.0,0.0,0.0
2026-07-17 05:35:31,L-J01_m-glm-4.5-air_sol1_gd1_rs0_bd1_str-neutral_t00_n1,531,1,1,zai-org/GLM-4.5-Air,1,0,1,1,neutral,0.0,5.5,0.0
2026-07-17 05:35:36,L-J01_m-glm-4.5-air_sol1_gd1_rs0_bd1_str-neutral_t00_n1,531,2,1,zai-org/GLM-4.5-Air,1,0,1,1,neutral,0.0,5.5,0.0
2026-07-17 05:35:41,L-J01_m-glm-4.5-air_sol1_gd1_rs0_bd1_str-neutral_t00_n1,531,3,1,zai-org/GLM-4.5-Air,1,0,1,1,neutral,0.0,10.5,0.0
2026-07-17 05:35:43,L-J01_m-glm-4.5-air_sol1_gd1_rs0_bd1_str-neutral_t00_n1,531,4,1,zai-org/GLM-4.5-Air,1,0,1,1,neutral,0.0,0.0,0.0
2026-07-17 05:35:49,L-J01_m-glm-4.5-air_sol1_gd1_rs0_bd1_str-neutral_t00_n1,532,1,1,zai-org/GLM-4.5-Air,1,0,1,1,neutral,0.0,8.5,0.0
2026-07-17 05:35:55,L-J01_m-glm-4.5-air_sol1_gd1_rs0_bd1_str-neutral_t00_n1,532,2,1,zai-org/GLM-4.5-Air,1,0,1,1,neutral,0.0,8.5,0.0
2026-07-17 05:36:00,L-J01_m-glm-4.5-air_sol1_gd1_rs0_bd1_str-neutral_t00_n1,532,3,1,zai-org/GLM-4.5-Air,1,0,1,1,neutral,0.0,8.5,0.0
2026-07-17 05:36:02,L-J01_m-glm-4.5-air_sol1_gd1_rs0_bd1_str-neutral_t00_n1,532,4,1,zai-org/GLM-4.5-Air,1,0,1,1,neutral,0.0,0.0,0.0
2026-07-17 05:36:08,L-J01_m-glm-4.5-air_sol1_gd1_rs0_bd1_str-neutral_t00_n1,533,1,1,zai-org/GLM-4.5-Air,1,0,1,1,neutral,0.0,0.0,0.0
2026-07-17 05:36:13,L-J01_m-glm-4.5-air_sol1_gd1_rs0_bd1_str-neutral_t00_n1,533,2,1,zai-org/GLM-4.5-Air,1,0,1,1,neutral,0.0,3.5,0.0
2026-07-17 05:36:18,L-J01_m-glm-4.5-air_sol1_gd1_rs0_bd1_str-neutral_t00_n1,533,3,1,zai-org/GLM-4.5-Air,1,0,1,1,neutral,0.0,4.5,0.0
2026-07-17 05:36:24,L-J01_m-glm-4.5-air_sol1_gd1_rs0_bd1_str-neutral_t00_n1,534,1,1,zai-org/GLM-4.5-Air,1,0,1,1,neutral,0.0,9.5,0.0
2026-07-17 05:36:30,L-J01_m-glm-4.5-air_sol1_gd1_rs0_bd1_str-neutral_t00_n1,534,2,1,zai-org/GLM-4.5-Air,1,0,1,1,neutral,0.0,5.5,0.0
2026-07-17 05:36:35,L-J01_m-glm-4.5-air_sol1_gd1_rs0_bd1_str-neutral_t00_n1,534,3,1,zai-org/GLM-4.5-Air,1,0,1,1,neutral,0.0,5.5,0.0
2026-07-17 05:37:56,L-J01_m-glm-4.5-air_sol1_gd1_rs0_bd1_str-neutral_t00_n1,535,1,1,zai-org/GLM-4.5-Air,1,0,1,1,neutral,0.0,0.0,0.0
2026-07-17 05:38:04,L-J01_m-glm-4.5-air_sol1_gd1_rs0_bd1_str-neutral_t00_n1,535,2,1,zai-org/GLM-4.5-Air,1,0,1,1,neutral,0.0,0.0,0.0
2026-07-17 05:38:08,L-J01_m-glm-4.5-air_sol1_gd1_rs0_bd1_str-neutral_t00_n1,535,3,1,zai-org/GLM-4.5-Air,1,0,1,1,neutral,0.0,0.0,0.0
2026-07-17 05:38:11,L-J01_m-glm-4.5-air_sol1_gd1_rs0_bd1_str-neutral_t00_n1,535,4,1,zai-org/GLM-4.5-Air,1,0,1,1,neutral,0.0,0.0,0.0
2026-07-17 05:38:17,L-J01_m-glm-4.5-air_sol1_gd1_rs0_bd1_str-neutral_t00_n1,536,1,1,zai-org/GLM-4.5-Air,1,0,1,1,neutral,0.0,7.5,0.0
2026-07-17 05:38:22,L-J01_m-glm-4.5-air_sol1_gd1_rs0_bd1_str-neutral_t00_n1,536,2,1,zai-org/GLM-4.5-Air,1,0,1,1,neutral,0.0,7.5,0.0
2026-07-17 05:38:26,L-J01_m-glm-4.5-air_sol1_gd1_rs0_bd1_str-neutral_t00_n1,536,3,1,zai-org/GLM-4.5-Air,1,0,1,1,neutral,0.0,10.5,0.0
2026-07-17 05:38:29,L-J01_m-glm-4.5-air_sol1_gd1_rs0_bd1_str-neutral_t00_n1,536,4,1,zai-org/GLM-4.5-Air,1,0,1,1,neutral,0.0,0.0,0.0
2026-07-17 05:38:35,L-J01_m-glm-4.5-air_sol1_gd1_rs0_bd1_str-neutral_t00_n1,537,1,1,zai-org/GLM-4.5-Air,1,0,1,1,neutral,0.0,9.5,0.0
2026-07-17 05:38:40,L-J01_m-glm-4.5-air_sol1_gd1_rs0_bd1_str-neutral_t00_n1,537,2,1,zai-org/GLM-4.5-Air,1,0,1,1,neutral,0.0,7.5,0.0
2026-07-17 05:38:45,L-J01_m-glm-4.5-air_sol1_gd1_rs0_bd1_str-neutral_t00_n1,537,3,1,zai-org/GLM-4.5-Air,1,0,1,1,neutral,0.0,10.5,0.0
2026-07-17 05:38:51,L-J01_m-glm-4.5-air_sol1_gd1_rs0_bd1_str-neutral_t00_n1,538,1,1,zai-org/GLM-4.5-Air,1,0,1,1,neutral,0.0,5.5,0.0
2026-07-17 05:38:56,L-J01_m-glm-4.5-air_sol1_gd1_rs0_bd1_str-neutral_t00_n1,538,2,1,zai-org/GLM-4.5-Air,1,0,1,1,neutral,0.0,7.5,0.0
2026-07-17 05:39:01,L-J01_m-glm-4.5-air_sol1_gd1_rs0_bd1_str-neutral_t00_n1,538,3,1,zai-org/GLM-4.5-Air,1,0,1,1,neutral,0.0,5.5,0.0
2026-07-17 05:39:07,L-J01_m-glm-4.5-air_sol1_gd1_rs0_bd1_str-neutral_t00_n1,539,1,1,zai-org/GLM-4.5-Air,1,0,1,1,neutral,0.0,9.5,0.0
2026-07-17 05:39:12,L-J01_m-glm-4.5-air_sol1_gd1_rs0_bd1_str-neutral_t00_n1,539,2,1,zai-org/GLM-4.5-Air,1,0,1,1,neutral,0.0,8.5,0.0
2026-07-17 05:39:16,L-J01_m-glm-4.5-air_sol1_gd1_rs0_bd1_str-neutral_t00_n1,539,3,1,zai-org/GLM-4.5-Air,1,0,1,1,neutral,0.0,7.5,0.0
2026-07-17 05:39:23,L-J01_m-glm-4.5-air_sol1_gd1_rs0_bd1_str-neutral_t00_n1,540,1,1,zai-org/GLM-4.5-Air,1,0,1,1,neutral,0.0,8.5,0.0
2026-07-17 05:39:28,L-J01_m-glm-4.5-air_sol1_gd1_rs0_bd1_str-neutral_t00_n1,540,2,1,zai-org/GLM-4.5-Air,1,0,1,1,neutral,0.0,8.5,0.0
2026-07-17 05:39:32,L-J01_m-glm-4.5-air_sol1_gd1_rs0_bd1_str-neutral_t00_n1,540,3,1,zai-org/GLM-4.5-Air,1,0,1,1,neutral,0.0,9.5,0.0
2026-07-17 05:39:38,L-J01_m-glm-4.5-air_sol1_gd1_rs0_bd1_str-neutral_t00_n1,541,1,1,zai-org/GLM-4.5-Air,1,0,1,1,neutral,0.0,0.0,0.0
2026-07-17 05:39:44,L-J01_m-glm-4.5-air_sol1_gd1_rs0_bd1_str-neutral_t00_n1,541,2,1,zai-org/GLM-4.5-Air,1,0,1,1,neutral,0.0,2.5,0.0
2026-07-17 05:39:48,L-J01_m-glm-4.5-air_sol1_gd1_rs0_bd1_str-neutral_t00_n1,541,3,1,zai-org/GLM-4.5-Air,1,0,1,1,neutral,0.0,0.0,0.0
2026-07-17 05:39:50,L-J01_m-glm-4.5-air_sol1_gd1_rs0_bd1_str-neutral_t00_n1,541,4,1,zai-org/GLM-4.5-Air,1,0,1,1,neutral,0.0,0.0,0.0
2026-07-17 05:39:57,L-J01_m-glm-4.5-air_sol1_gd1_rs0_bd1_str-neutral_t00_n1,542,1,1,zai-org/GLM-4.5-Air,1,0,1,1,neutral,0.0,5.5,0.0
2026-07-17 05:40:04,L-J01_m-glm-4.5-air_sol1_gd1_rs0_bd1_str-neutral_t00_n1,542,2,1,zai-org/GLM-4.5-Air,1,0,1,1,neutral,0.0,2.5,0.0
2026-07-17 05:40:08,L-J01_m-glm-4.5-air_sol1_gd1_rs0_bd1_str-neutral_t00_n1,542,3,1,zai-org/GLM-4.5-Air,1,0,1,1,neutral,0.0,5.5,0.0
2026-07-17 05:40:15,L-J01_m-glm-4.5-air_sol1_gd1_rs0_bd1_str-neutral_t00_n1,543,1,1,zai-org/GLM-4.5-Air,1,0,1,1,neutral,0.0,0.0,0.0
2026-07-17 05:40:22,L-J01_m-glm-4.5-air_sol1_gd1_rs0_bd1_str-neutral_t00_n1,543,2,1,zai-org/GLM-4.5-Air,1,0,1,1,neutral,0.0,0.0,0.0
2026-07-17 05:40:27,L-J01_m-glm-4.5-air_sol1_gd1_rs0_bd1_str-neutral_t00_n1,543,3,1,zai-org/GLM-4.5-Air,1,0,1,1,neutral,0.0,2.5,0.0
2026-07-17 05:40:33,L-J01_m-glm-4.5-air_sol1_gd1_rs0_bd1_str-neutral_t00_n1,544,1,1,zai-org/GLM-4.5-Air,1,0,1,1,neutral,0.0,7.5,0.0
2026-07-17 05:40:38,L-J01_m-glm-4.5-air_sol1_gd1_rs0_bd1_str-neutral_t00_n1,544,2,1,zai-org/GLM-4.5-Air,1,0,1,1,neutral,0.0,5.5,0.0
2026-07-17 05:40:43,L-J01_m-glm-4.5-air_sol1_gd1_rs0_bd1_str-neutral_t00_n1,544,3,1,zai-org/GLM-4.5-Air,1,0,1,1,neutral,0.0,9.5,0.0
2026-07-17 05:40:45,L-J01_m-glm-4.5-air_sol1_gd1_rs0_bd1_str-neutral_t00_n1,544,4,1,zai-org/GLM-4.5-Air,1,0,1,1,neutral,0.0,0.0,0.0
2026-07-17 05:40:51,L-J01_m-glm-4.5-air_sol1_gd1_rs0_bd1_str-neutral_t00_n1,545,1,1,zai-org/GLM-4.5-Air,1,0,1,1,neutral,0.0,10.5,4.0
2026-07-17 05:40:56,L-J01_m-glm-4.5-air_sol1_gd1_rs0_bd1_str-neutral_t00_n1,545,2,1,zai-org/GLM-4.5-Air,1,0,1,1,neutral,0.0,8.5,0.0
2026-07-17 05:41:01,L-J01_m-glm-4.5-air_sol1_gd1_rs0_bd1_str-neutral_t00_n1,545,3,1,zai-org/GLM-4.5-Air,1,0,1,1,neutral,0.0,10.5,0.0
2026-07-17 05:41:04,L-J01_m-glm-4.5-air_sol1_gd1_rs0_bd1_str-neutral_t00_n1,545,4,1,zai-org/GLM-4.5-Air,1,0,1,1,neutral,0.0,0.0,5.0
2026-07-17 05:41:10,L-J01_m-glm-4.5-air_sol1_gd1_rs0_bd1_str-neutral_t00_n1,546,1,1,zai-org/GLM-4.5-Air,1,0,1,1,neutral,0.0,5.5,0.0
2026-07-17 05:41:15,L-J01_m-glm-4.5-air_sol1_gd1_rs0_bd1_str-neutral_t00_n1,546,2,1,zai-org/GLM-4.5-Air,1,0,1,1,neutral,0.0,8.5,0.0
2026-07-17 05:41:19,L-J01_m-glm-4.5-air_sol1_gd1_rs0_bd1_str-neutral_t00_n1,546,3,1,zai-org/GLM-4.5-Air,1,0,1,1,neutral,0.0,5.5,0.0
2026-07-17 05:41:22,L-J01_m-glm-4.5-air_sol1_gd1_rs0_bd1_str-neutral_t00_n1,546,4,1,zai-org/GLM-4.5-Air,1,0,1,1,neutral,0.0,0.0,0.0
2026-07-17 05:41:28,L-J01_m-glm-4.5-air_sol1_gd1_rs0_bd1_str-neutral_t00_n1,547,1,1,zai-org/GLM-4.5-Air,1,0,1,1,neutral,0.0,8.5,0.0
2026-07-17 05:41:33,L-J01_m-glm-4.5-air_sol1_gd1_rs0_bd1_str-neutral_t00_n1,547,2,1,zai-org/GLM-4.5-Air,1,0,1,1,neutral,0.0,8.5,0.0
2026-07-17 05:41:38,L-J01_m-glm-4.5-air_sol1_gd1_rs0_bd1_str-neutral_t00_n1,547,3,1,zai-org/GLM-4.5-Air,1,0,1,1,neutral,0.0,9.5,0.0
2026-07-17 05:41:45,L-J01_m-glm-4.5-air_sol1_gd1_rs0_bd1_str-neutral_t00_n1,548,1,1,zai-org/GLM-4.5-Air,1,0,1,1,neutral,0.0,0.0,0.0
2026-07-17 05:41:55,L-J01_m-glm-4.5-air_sol1_gd1_rs0_bd1_str-neutral_t00_n1,548,2,1,zai-org/GLM-4.5-Air,1,0,1,1,neutral,0.0,0.0,0.0
2026-07-17 05:42:00,L-J01_m-glm-4.5-air_sol1_gd1_rs0_bd1_str-neutral_t00_n1,548,3,1,zai-org/GLM-4.5-Air,1,0,1,1,neutral,0.0,2.5,0.0
2026-07-17 05:42:06,L-J01_m-glm-4.5-air_sol1_gd1_rs0_bd1_str-neutral_t00_n1,549,1,1,zai-org/GLM-4.5-Air,1,0,1,1,neutral,0.0,3.5,0.0
2026-07-17 05:42:12,L-J01_m-glm-4.5-air_sol1_gd1_rs0_bd1_str-neutral_t00_n1,549,2,1,zai-org/GLM-4.5-Air,1,0,1,1,neutral,0.0,8.5,0.0
2026-07-17 05:42:16,L-J01_m-glm-4.5-air_sol1_gd1_rs0_bd1_str-neutral_t00_n1,549,3,1,zai-org/GLM-4.5-Air,1,0,1,1,neutral,0.0,5.5,0.0
2026-07-17 05:42:23,L-J01_m-glm-4.5-air_sol1_gd1_rs0_bd1_str-neutral_t00_n1,550,1,1,zai-org/GLM-4.5-Air,1,0,1,1,neutral,0.0,10.5,4.0
2026-07-17 05:42:28,L-J01_m-glm-4.5-air_sol1_gd1_rs0_bd1_str-neutral_t00_n1,550,2,1,zai-org/GLM-4.5-Air,1,0,1,1,neutral,0.0,3.5,0.0
2026-07-17 05:42:32,L-J01_m-glm-4.5-air_sol1_gd1_rs0_bd1_str-neutral_t00_n1,550,3,1,zai-org/GLM-4.5-Air,1,0,1,1,neutral,0.0,5.5,0.0
2026-07-17 05:42:39,L-J01_m-glm-4.5-air_sol1_gd1_rs0_bd1_str-neutral_t00_n1,551,1,1,zai-org/GLM-4.5-Air,1,0,1,1,neutral,0.0,10.5,4.0
2026-07-17 05:42:44,L-J01_m-glm-4.5-air_sol1_gd1_rs0_bd1_str-neutral_t00_n1,551,2,1,zai-org/GLM-4.5-Air,1,0,1,1,neutral,0.0,5.5,0.0
2026-07-17 05:42:49,L-J01_m-glm-4.5-air_sol1_gd1_rs0_bd1_str-neutral_t00_n1,551,3,1,zai-org/GLM-4.5-Air,1,0,1,1,neutral,0.0,5.5,0.0
2026-07-17 05:42:55,L-J01_m-glm-4.5-air_sol1_gd1_rs0_bd1_str-neutral_t00_n1,552,1,1,zai-org/GLM-4.5-Air,1,0,1,1,neutral,0.0,10.5,4.0
2026-07-17 05:43:01,L-J01_m-glm-4.5-air_sol1_gd1_rs0_bd1_str-neutral_t00_n1,552,2,1,zai-org/GLM-4.5-Air,1,0,1,1,neutral,0.0,8.5,0.0
2026-07-17 05:43:05,L-J01_m-glm-4.5-air_sol1_gd1_rs0_bd1_str-neutral_t00_n1,552,3,1,zai-org/GLM-4.5-Air,1,0,1,1,neutral,0.0,5.5,0.0
2026-07-17 05:43:12,L-J01_m-glm-4.5-air_sol1_gd1_rs0_bd1_str-neutral_t00_n1,553,1,1,zai-org/GLM-4.5-Air,1,0,1,1,neutral,0.0,9.5,0.0
2026-07-17 05:43:17,L-J01_m-glm-4.5-air_sol1_gd1_rs0_bd1_str-neutral_t00_n1,553,2,1,zai-org/GLM-4.5-Air,1,0,1,1,neutral,0.0,5.5,0.0
2026-07-17 05:43:22,L-J01_m-glm-4.5-air_sol1_gd1_rs0_bd1_str-neutral_t00_n1,553,3,1,zai-org/GLM-4.5-Air,1,0,1,1,neutral,0.0,10.5,0.0
2026-07-17 05:43:24,L-J01_m-glm-4.5-air_sol1_gd1_rs0_bd1_str-neutral_t00_n1,553,4,1,zai-org/GLM-4.5-Air,1,0,1,1,neutral,0.0,0.0,5.0
2026-07-17 05:43:31,L-J01_m-glm-4.5-air_sol1_gd1_rs0_bd1_str-neutral_t00_n1,554,1,1,zai-org/GLM-4.5-Air,1,0,1,1,neutral,0.0,7.5,0.0
2026-07-17 05:43:36,L-J01_m-glm-4.5-air_sol1_gd1_rs0_bd1_str-neutral_t00_n1,554,2,1,zai-org/GLM-4.5-Air,1,0,1,1,neutral,0.0,5.5,0.0
2026-07-17 05:43:40,L-J01_m-glm-4.5-air_sol1_gd1_rs0_bd1_str-neutral_t00_n1,554,3,1,zai-org/GLM-4.5-Air,1,0,1,1,neutral,0.0,9.5,0.0
2026-07-17 05:43:47,L-J01_m-glm-4.5-air_sol1_gd1_rs0_bd1_str-neutral_t00_n1,555,1,1,zai-org/GLM-4.5-Air,1,0,1,1,neutral,0.0,5.5,0.0
2026-07-17 05:43:52,L-J01_m-glm-4.5-air_sol1_gd1_rs0_bd1_str-neutral_t00_n1,555,2,1,zai-org/GLM-4.5-Air,1,0,1,1,neutral,0.0,7.5,0.0
2026-07-17 05:43:57,L-J01_m-glm-4.5-air_sol1_gd1_rs0_bd1_str-neutral_t00_n1,555,3,1,zai-org/GLM-4.5-Air,1,0,1,1,neutral,0.0,8.5,0.0
2026-07-17 05:44:03,L-J01_m-glm-4.5-air_sol1_gd1_rs0_bd1_str-neutral_t00_n1,556,1,1,zai-org/GLM-4.5-Air,1,0,1,1,neutral,0.0,5.5,0.0
2026-07-17 05:44:09,L-J01_m-glm-4.5-air_sol1_gd1_rs0_bd1_str-neutral_t00_n1,556,2,1,zai-org/GLM-4.5-Air,1,0,1,1,neutral,0.0,7.5,0.0
2026-07-17 05:44:13,L-J01_m-glm-4.5-air_sol1_gd1_rs0_bd1_str-neutral_t00_n1,556,3,1,zai-org/GLM-4.5-Air,1,0,1,1,neutral,0.0,10.5,0.0
2026-07-17 05:44:16,L-J01_m-glm-4.5-air_sol1_gd1_rs0_bd1_str-neutral_t00_n1,556,4,1,zai-org/GLM-4.5-Air,1,0,1,1,neutral,0.0,0.0,0.0
2026-07-17 05:44:22,L-J01_m-glm-4.5-air_sol1_gd1_rs0_bd1_str-neutral_t00_n1,557,1,1,zai-org/GLM-4.5-Air,1,0,1,1,neutral,0.0,5.5,0.0
2026-07-17 05:44:28,L-J01_m-glm-4.5-air_sol1_gd1_rs0_bd1_str-neutral_t00_n1,557,2,1,zai-org/GLM-4.5-Air,1,0,1,1,neutral,0.0,8.5,0.0
2026-07-17 05:44:32,L-J01_m-glm-4.5-air_sol1_gd1_rs0_bd1_str-neutral_t00_n1,557,3,1,zai-org/GLM-4.5-Air,1,0,1,1,neutral,0.0,3.5,0.0
2026-07-17 05:44:39,L-J01_m-glm-4.5-air_sol1_gd1_rs0_bd1_str-neutral_t00_n1,558,1,1,zai-org/GLM-4.5-Air,1,0,1,1,neutral,0.0,0.0,0.0
2026-07-17 05:44:48,L-J01_m-glm-4.5-air_sol1_gd1_rs0_bd1_str-neutral_t00_n1,558,2,1,zai-org/GLM-4.5-Air,1,0,1,1,neutral,0.0,0.0,0.0
2026-07-17 05:44:52,L-J01_m-glm-4.5-air_sol1_gd1_rs0_bd1_str-neutral_t00_n1,558,3,1,zai-org/GLM-4.5-Air,1,0,1,1,neutral,0.0,4.5,0.0
2026-07-17 05:44:54,L-J01_m-glm-4.5-air_sol1_gd1_rs0_bd1_str-neutral_t00_n1,558,4,1,zai-org/GLM-4.5-Air,1,0,1,1,neutral,0.0,0.0,0.0
2026-07-17 05:45:00,L-J01_m-glm-4.5-air_sol1_gd1_rs0_bd1_str-neutral_t00_n1,559,1,1,zai-org/GLM-4.5-Air,1,0,1,1,neutral,0.0,8.5,0.0
2026-07-17 05:45:06,L-J01_m-glm-4.5-air_sol1_gd1_rs0_bd1_str-neutral_t00_n1,559,2,1,zai-org/GLM-4.5-Air,1,0,1,1,neutral,0.0,8.5,0.0
2026-07-17 05:45:10,L-J01_m-glm-4.5-air_sol1_gd1_rs0_bd1_str-neutral_t00_n1,559,3,1,zai-org/GLM-4.5-Air,1,0,1,1,neutral,0.0,9.5,0.0
2026-07-17 05:45:13,L-J01_m-glm-4.5-air_sol1_gd1_rs0_bd1_str-neutral_t00_n1,559,4,1,zai-org/GLM-4.5-Air,1,0,1,1,neutral,0.0,0.0,0.0
2026-07-17 05:45:19,L-J01_m-glm-4.5-air_sol1_gd1_rs0_bd1_str-neutral_t00_n1,560,1,1,zai-org/GLM-4.5-Air,1,0,1,1,neutral,0.0,5.5,0.0
2026-07-17 05:45:25,L-J01_m-glm-4.5-air_sol1_gd1_rs0_bd1_str-neutral_t00_n1,560,2,1,zai-org/GLM-4.5-Air,1,0,1,1,neutral,0.0,7.5,0.0
2026-07-17 05:45:29,L-J01_m-glm-4.5-air_sol1_gd1_rs0_bd1_str-neutral_t00_n1,560,3,1,zai-org/GLM-4.5-Air,1,0,1,1,neutral,0.0,10.5,0.0
2026-07-17 05:45:31,L-J01_m-glm-4.5-air_sol1_gd1_rs0_bd1_str-neutral_t00_n1,560,4,1,zai-org/GLM-4.5-Air,1,0,1,1,neutral,0.0,0.0,0.0
2026-07-17 05:45:37,L-J01_m-glm-4.5-air_sol1_gd1_rs0_bd1_str-neutral_t00_n1,561,1,1,zai-org/GLM-4.5-Air,1,0,1,1,neutral,0.0,7.5,0.0
2026-07-17 05:45:42,L-J01_m-glm-4.5-air_sol1_gd1_rs0_bd1_str-neutral_t00_n1,561,2,1,zai-org/GLM-4.5-Air,1,0,1,1,neutral,0.0,9.5,0.0
2026-07-17 05:45:46,L-J01_m-glm-4.5-air_sol1_gd1_rs0_bd1_str-neutral_t00_n1,561,3,1,zai-org/GLM-4.5-Air,1,0,1,1,neutral,0.0,5.5,0.0
2026-07-17 05:45:53,L-J01_m-glm-4.5-air_sol1_gd1_rs0_bd1_str-neutral_t00_n1,562,1,1,zai-org/GLM-4.5-Air,1,0,1,1,neutral,0.0,7.5,0.0
2026-07-17 05:45:59,L-J01_m-glm-4.5-air_sol1_gd1_rs0_bd1_str-neutral_t00_n1,562,2,1,zai-org/GLM-4.5-Air,1,0,1,1,neutral,0.0,7.5,0.0
2026-07-17 05:46:03,L-J01_m-glm-4.5-air_sol1_gd1_rs0_bd1_str-neutral_t00_n1,562,3,1,zai-org/GLM-4.5-Air,1,0,1,1,neutral,0.0,10.5,0.0
2026-07-17 05:46:09,L-J01_m-glm-4.5-air_sol1_gd1_rs0_bd1_str-neutral_t00_n1,563,1,1,zai-org/GLM-4.5-Air,1,0,1,1,neutral,0.0,11.5,0.0
2026-07-17 05:46:14,L-J01_m-glm-4.5-air_sol1_gd1_rs0_bd1_str-neutral_t00_n1,563,2,1,zai-org/GLM-4.5-Air,1,0,1,1,neutral,0.0,8.5,0.0
2026-07-17 05:46:19,L-J01_m-glm-4.5-air_sol1_gd1_rs0_bd1_str-neutral_t00_n1,563,3,1,zai-org/GLM-4.5-Air,1,0,1,1,neutral,0.0,2.5,0.0
2026-07-17 05:46:25,L-J01_m-glm-4.5-air_sol1_gd1_rs0_bd1_str-neutral_t00_n1,564,1,1,zai-org/GLM-4.5-Air,1,0,1,1,neutral,0.0,8.5,0.0
2026-07-17 05:46:31,L-J01_m-glm-4.5-air_sol1_gd1_rs0_bd1_str-neutral_t00_n1,564,2,1,zai-org/GLM-4.5-Air,1,0,1,1,neutral,0.0,0.0,0.0
2026-07-17 05:46:35,L-J01_m-glm-4.5-air_sol1_gd1_rs0_bd1_str-neutral_t00_n1,564,3,1,zai-org/GLM-4.5-Air,1,0,1,1,neutral,0.0,0.0,0.0
2026-07-17 05:46:41,L-J01_m-glm-4.5-air_sol1_gd1_rs0_bd1_str-neutral_t00_n1,565,1,1,zai-org/GLM-4.5-Air,1,0,1,1,neutral,0.0,0.0,0.0
2026-07-17 05:46:47,L-J01_m-glm-4.5-air_sol1_gd1_rs0_bd1_str-neutral_t00_n1,565,2,1,zai-org/GLM-4.5-Air,1,0,1,1,neutral,0.0,7.5,0.0
2026-07-17 05:46:51,L-J01_m-glm-4.5-air_sol1_gd1_rs0_bd1_str-neutral_t00_n1,565,3,1,zai-org/GLM-4.5-Air,1,0,1,1,neutral,0.0,10.5,0.0
2026-07-17 05:46:57,L-J01_m-glm-4.5-air_sol1_gd1_rs0_bd1_str-neutral_t00_n1,566,1,1,zai-org/GLM-4.5-Air,1,0,1,1,neutral,0.0,9.5,0.0
2026-07-17 05:47:03,L-J01_m-glm-4.5-air_sol1_gd1_rs0_bd1_str-neutral_t00_n1,566,2,1,zai-org/GLM-4.5-Air,1,0,1,1,neutral,0.0,7.5,0.0
2026-07-17 05:47:07,L-J01_m-glm-4.5-air_sol1_gd1_rs0_bd1_str-neutral_t00_n1,566,3,1,zai-org/GLM-4.5-Air,1,0,1,1,neutral,0.0,9.5,0.0
2026-07-17 05:47:10,L-J01_m-glm-4.5-air_sol1_gd1_rs0_bd1_str-neutral_t00_n1,566,4,1,zai-org/GLM-4.5-Air,1,0,1,1,neutral,0.0,0.0,0.0
2026-07-17 05:47:16,L-J01_m-glm-4.5-air_sol1_gd1_rs0_bd1_str-neutral_t00_n1,567,1,1,zai-org/GLM-4.5-Air,1,0,1,1,neutral,0.0,8.5,0.0
2026-07-17 05:47:21,L-J01_m-glm-4.5-air_sol1_gd1_rs0_bd1_str-neutral_t00_n1,567,2,1,zai-org/GLM-4.5-Air,1,0,1,1,neutral,0.0,8.5,0.0
2026-07-17 05:47:26,L-J01_m-glm-4.5-air_sol1_gd1_rs0_bd1_str-neutral_t00_n1,567,3,1,zai-org/GLM-4.5-Air,1,0,1,1,neutral,0.0,10.5,0.0
2026-07-17 05:47:32,L-J01_m-glm-4.5-air_sol1_gd1_rs0_bd1_str-neutral_t00_n1,568,1,1,zai-org/GLM-4.5-Air,1,0,1,1,neutral,0.0,9.5,0.0
2026-07-17 05:47:37,L-J01_m-glm-4.5-air_sol1_gd1_rs0_bd1_str-neutral_t00_n1,568,2,1,zai-org/GLM-4.5-Air,1,0,1,1,neutral,0.0,8.5,0.0
2026-07-17 05:47:42,L-J01_m-glm-4.5-air_sol1_gd1_rs0_bd1_str-neutral_t00_n1,568,3,1,zai-org/GLM-4.5-Air,1,0,1,1,neutral,0.0,7.5,0.0
2026-07-17 05:47:44,L-J01_m-glm-4.5-air_sol1_gd1_rs0_bd1_str-neutral_t00_n1,568,4,1,zai-org/GLM-4.5-Air,1,0,1,1,neutral,0.0,0.0,0.0
2026-07-17 05:47:50,L-J01_m-glm-4.5-air_sol1_gd1_rs0_bd1_str-neutral_t00_n1,569,1,1,zai-org/GLM-4.5-Air,1,0,1,1,neutral,0.0,7.5,0.0
2026-07-17 05:47:56,L-J01_m-glm-4.5-air_sol1_gd1_rs0_bd1_str-neutral_t00_n1,569,2,1,zai-org/GLM-4.5-Air,1,0,1,1,neutral,0.0,5.5,0.0
2026-07-17 05:48:00,L-J01_m-glm-4.5-air_sol1_gd1_rs0_bd1_str-neutral_t00_n1,569,3,1,zai-org/GLM-4.5-Air,1,0,1,1,neutral,0.0,9.5,0.0
2026-07-17 05:48:07,L-J01_m-glm-4.5-air_sol1_gd1_rs0_bd1_str-neutral_t00_n1,570,1,1,zai-org/GLM-4.5-Air,1,0,1,1,neutral,0.0,5.5,0.0
2026-07-17 05:48:12,L-J01_m-glm-4.5-air_sol1_gd1_rs0_bd1_str-neutral_t00_n1,570,2,1,zai-org/GLM-4.5-Air,1,0,1,1,neutral,0.0,5.5,0.0
2026-07-17 05:48:16,L-J01_m-glm-4.5-air_sol1_gd1_rs0_bd1_str-neutral_t00_n1,570,3,1,zai-org/GLM-4.5-Air,1,0,1,1,neutral,0.0,9.5,0.0
