timestamp,tag,student,question,run,model,use_solution,use_reasoning,use_breakdown,use_guidelines,strictness,temperature,score,bonus
2026-09-16 02:32:54,L-M07_m-qwen2.5-coder-14b_sol1_gd1_rs0_bd1_str-strict_t00_n1,1,1,1,Qwen/Qwen2.5-Coder-14B-Instruct,1,0,1,1,strict,0.0,0.0,0.0
2026-09-16 02:33:04,L-M07_m-qwen2.5-coder-14b_sol1_gd1_rs0_bd1_str-strict_t00_n1,1,2,1,Qwen/Qwen2.5-Coder-14B-Instruct,1,0,1,1,strict,0.0,0.0,0.0
2026-09-16 02:33:16,L-M07_m-qwen2.5-coder-14b_sol1_gd1_rs0_bd1_str-strict_t00_n1,1,3,1,Qwen/Qwen2.5-Coder-14B-Instruct,1,0,1,1,strict,0.0,0.0,0.0
2026-09-16 02:33:26,L-M07_m-qwen2.5-coder-14b_sol1_gd1_rs0_bd1_str-strict_t00_n1,2,1,1,Qwen/Qwen2.5-Coder-14B-Instruct,1,0,1,1,strict,0.0,0.0,0.0
2026-09-16 02:33:34,L-M07_m-qwen2.5-coder-14b_sol1_gd1_rs0_bd1_str-strict_t00_n1,2,2,1,Qwen/Qwen2.5-Coder-14B-Instruct,1,0,1,1,strict,0.0,0.0,0.0
2026-09-16 02:33:48,L-M07_m-qwen2.5-coder-14b_sol1_gd1_rs0_bd1_str-strict_t00_n1,2,3,1,Qwen/Qwen2.5-Coder-14B-Instruct,1,0,1,1,strict,0.0,0.0,0.0
2026-09-16 02:33:58,L-M07_m-qwen2.5-coder-14b_sol1_gd1_rs0_bd1_str-strict_t00_n1,3,1,1,Qwen/Qwen2.5-Coder-14B-Instruct,1,0,1,1,strict,0.0,0.0,0.0
2026-09-16 02:34:06,L-M07_m-qwen2.5-coder-14b_sol1_gd1_rs0_bd1_str-strict_t00_n1,3,2,1,Qwen/Qwen2.5-Coder-14B-Instruct,1,0,1,1,strict,0.0,0.0,0.0
2026-09-16 02:34:17,L-M07_m-qwen2.5-coder-14b_sol1_gd1_rs0_bd1_str-strict_t00_n1,3,3,1,Qwen/Qwen2.5-Coder-14B-Instruct,1,0,1,1,strict,0.0,0.0,0.0
2026-09-16 02:34:27,L-M07_m-qwen2.5-coder-14b_sol1_gd1_rs0_bd1_str-strict_t00_n1,4,1,1,Qwen/Qwen2.5-Coder-14B-Instruct,1,0,1,1,strict,0.0,0.0,0.0
2026-09-16 02:34:36,L-M07_m-qwen2.5-coder-14b_sol1_gd1_rs0_bd1_str-strict_t00_n1,4,2,1,Qwen/Qwen2.5-Coder-14B-Instruct,1,0,1,1,strict,0.0,0.0,0.0
2026-09-16 02:34:44,L-M07_m-qwen2.5-coder-14b_sol1_gd1_rs0_bd1_str-strict_t00_n1,4,3,1,Qwen/Qwen2.5-Coder-14B-Instruct,1,0,1,1,strict,0.0,0.0,0.0
2026-09-16 02:34:49,L-M07_m-qwen2.5-coder-14b_sol1_gd1_rs0_bd1_str-strict_t00_n1,4,4,1,Qwen/Qwen2.5-Coder-14B-Instruct,1,0,1,1,strict,0.0,0.0,0.0
2026-09-16 02:34:59,L-M07_m-qwen2.5-coder-14b_sol1_gd1_rs0_bd1_str-strict_t00_n1,5,1,1,Qwen/Qwen2.5-Coder-14B-Instruct,1,0,1,1,strict,0.0,0.0,0.0
2026-09-16 02:35:08,L-M07_m-qwen2.5-coder-14b_sol1_gd1_rs0_bd1_str-strict_t00_n1,5,2,1,Qwen/Qwen2.5-Coder-14B-Instruct,1,0,1,1,strict,0.0,0.0,0.0
2026-09-16 02:35:18,L-M07_m-qwen2.5-coder-14b_sol1_gd1_rs0_bd1_str-strict_t00_n1,5,3,1,Qwen/Qwen2.5-Coder-14B-Instruct,1,0,1,1,strict,0.0,0.0,0.0
2026-09-16 02:35:29,L-M07_m-qwen2.5-coder-14b_sol1_gd1_rs0_bd1_str-strict_t00_n1,6,1,1,Qwen/Qwen2.5-Coder-14B-Instruct,1,0,1,1,strict,0.0,0.0,0.0
2026-09-16 02:35:38,L-M07_m-qwen2.5-coder-14b_sol1_gd1_rs0_bd1_str-strict_t00_n1,6,2,1,Qwen/Qwen2.5-Coder-14B-Instruct,1,0,1,1,strict,0.0,11.0,4.0
2026-09-16 02:35:52,L-M07_m-qwen2.5-coder-14b_sol1_gd1_rs0_bd1_str-strict_t00_n1,6,3,1,Qwen/Qwen2.5-Coder-14B-Instruct,1,0,1,1,strict,0.0,0.0,0.0
2026-09-16 02:35:57,L-M07_m-qwen2.5-coder-14b_sol1_gd1_rs0_bd1_str-strict_t00_n1,6,4,1,Qwen/Qwen2.5-Coder-14B-Instruct,1,0,1,1,strict,0.0,0.0,0.0
2026-09-16 02:36:07,L-M07_m-qwen2.5-coder-14b_sol1_gd1_rs0_bd1_str-strict_t00_n1,7,1,1,Qwen/Qwen2.5-Coder-14B-Instruct,1,0,1,1,strict,0.0,0.0,0.0
2026-09-16 02:36:16,L-M07_m-qwen2.5-coder-14b_sol1_gd1_rs0_bd1_str-strict_t00_n1,7,2,1,Qwen/Qwen2.5-Coder-14B-Instruct,1,0,1,1,strict,0.0,0.0,0.0
2026-09-16 02:36:30,L-M07_m-qwen2.5-coder-14b_sol1_gd1_rs0_bd1_str-strict_t00_n1,7,3,1,Qwen/Qwen2.5-Coder-14B-Instruct,1,0,1,1,strict,0.0,0.0,0.0
2026-09-16 02:36:40,L-M07_m-qwen2.5-coder-14b_sol1_gd1_rs0_bd1_str-strict_t00_n1,8,1,1,Qwen/Qwen2.5-Coder-14B-Instruct,1,0,1,1,strict,0.0,0.0,0.0
2026-09-16 02:36:49,L-M07_m-qwen2.5-coder-14b_sol1_gd1_rs0_bd1_str-strict_t00_n1,8,2,1,Qwen/Qwen2.5-Coder-14B-Instruct,1,0,1,1,strict,0.0,0.0,0.0
2026-09-16 02:37:02,L-M07_m-qwen2.5-coder-14b_sol1_gd1_rs0_bd1_str-strict_t00_n1,8,3,1,Qwen/Qwen2.5-Coder-14B-Instruct,1,0,1,1,strict,0.0,0.0,0.0
2026-09-16 02:37:13,L-M07_m-qwen2.5-coder-14b_sol1_gd1_rs0_bd1_str-strict_t00_n1,9,1,1,Qwen/Qwen2.5-Coder-14B-Instruct,1,0,1,1,strict,0.0,0.0,0.0
2026-09-16 02:37:22,L-M07_m-qwen2.5-coder-14b_sol1_gd1_rs0_bd1_str-strict_t00_n1,9,2,1,Qwen/Qwen2.5-Coder-14B-Instruct,1,0,1,1,strict,0.0,0.0,0.0
2026-09-16 02:37:35,L-M07_m-qwen2.5-coder-14b_sol1_gd1_rs0_bd1_str-strict_t00_n1,9,3,1,Qwen/Qwen2.5-Coder-14B-Instruct,1,0,1,1,strict,0.0,0.0,0.0
2026-09-16 02:37:44,L-M07_m-qwen2.5-coder-14b_sol1_gd1_rs0_bd1_str-strict_t00_n1,10,1,1,Qwen/Qwen2.5-Coder-14B-Instruct,1,0,1,1,strict,0.0,0.0,0.0
2026-09-16 02:37:53,L-M07_m-qwen2.5-coder-14b_sol1_gd1_rs0_bd1_str-strict_t00_n1,10,2,1,Qwen/Qwen2.5-Coder-14B-Instruct,1,0,1,1,strict,0.0,0.0,0.0
2026-09-16 02:38:04,L-M07_m-qwen2.5-coder-14b_sol1_gd1_rs0_bd1_str-strict_t00_n1,10,3,1,Qwen/Qwen2.5-Coder-14B-Instruct,1,0,1,1,strict,0.0,0.0,0.0
2026-09-16 02:38:14,L-M07_m-qwen2.5-coder-14b_sol1_gd1_rs0_bd1_str-strict_t00_n1,11,1,1,Qwen/Qwen2.5-Coder-14B-Instruct,1,0,1,1,strict,0.0,0.0,0.0
2026-09-16 02:38:23,L-M07_m-qwen2.5-coder-14b_sol1_gd1_rs0_bd1_str-strict_t00_n1,11,2,1,Qwen/Qwen2.5-Coder-14B-Instruct,1,0,1,1,strict,0.0,0.0,0.0
2026-09-16 02:38:35,L-M07_m-qwen2.5-coder-14b_sol1_gd1_rs0_bd1_str-strict_t00_n1,11,3,1,Qwen/Qwen2.5-Coder-14B-Instruct,1,0,1,1,strict,0.0,0.0,0.0
2026-09-16 02:38:45,L-M07_m-qwen2.5-coder-14b_sol1_gd1_rs0_bd1_str-strict_t00_n1,12,1,1,Qwen/Qwen2.5-Coder-14B-Instruct,1,0,1,1,strict,0.0,0.0,0.0
2026-09-16 02:38:53,L-M07_m-qwen2.5-coder-14b_sol1_gd1_rs0_bd1_str-strict_t00_n1,12,2,1,Qwen/Qwen2.5-Coder-14B-Instruct,1,0,1,1,strict,0.0,0.0,0.0
2026-09-16 02:39:03,L-M07_m-qwen2.5-coder-14b_sol1_gd1_rs0_bd1_str-strict_t00_n1,12,3,1,Qwen/Qwen2.5-Coder-14B-Instruct,1,0,1,1,strict,0.0,0.0,0.0
2026-09-16 02:39:14,L-M07_m-qwen2.5-coder-14b_sol1_gd1_rs0_bd1_str-strict_t00_n1,13,1,1,Qwen/Qwen2.5-Coder-14B-Instruct,1,0,1,1,strict,0.0,0.0,0.0
2026-09-16 02:39:23,L-M07_m-qwen2.5-coder-14b_sol1_gd1_rs0_bd1_str-strict_t00_n1,13,2,1,Qwen/Qwen2.5-Coder-14B-Instruct,1,0,1,1,strict,0.0,0.0,0.0
2026-09-16 02:39:36,L-M07_m-qwen2.5-coder-14b_sol1_gd1_rs0_bd1_str-strict_t00_n1,13,3,1,Qwen/Qwen2.5-Coder-14B-Instruct,1,0,1,1,strict,0.0,0.0,0.0
2026-09-16 02:39:47,L-M07_m-qwen2.5-coder-14b_sol1_gd1_rs0_bd1_str-strict_t00_n1,14,1,1,Qwen/Qwen2.5-Coder-14B-Instruct,1,0,1,1,strict,0.0,12.0,4.0
2026-09-16 02:39:55,L-M07_m-qwen2.5-coder-14b_sol1_gd1_rs0_bd1_str-strict_t00_n1,14,2,1,Qwen/Qwen2.5-Coder-14B-Instruct,1,0,1,1,strict,0.0,0.0,0.0
2026-09-16 02:40:06,L-M07_m-qwen2.5-coder-14b_sol1_gd1_rs0_bd1_str-strict_t00_n1,14,3,1,Qwen/Qwen2.5-Coder-14B-Instruct,1,0,1,1,strict,0.0,0.0,0.0
2026-09-16 02:40:22,L-M07_m-qwen2.5-coder-14b_sol1_gd1_rs0_bd1_str-strict_t00_n1,15,1,1,Qwen/Qwen2.5-Coder-14B-Instruct,1,0,1,1,strict,0.0,0.0,0.0
2026-09-16 02:40:32,L-M07_m-qwen2.5-coder-14b_sol1_gd1_rs0_bd1_str-strict_t00_n1,15,2,1,Qwen/Qwen2.5-Coder-14B-Instruct,1,0,1,1,strict,0.0,0.0,0.0
2026-09-16 02:40:46,L-M07_m-qwen2.5-coder-14b_sol1_gd1_rs0_bd1_str-strict_t00_n1,15,3,1,Qwen/Qwen2.5-Coder-14B-Instruct,1,0,1,1,strict,0.0,0.0,0.0
2026-09-16 02:40:57,L-M07_m-qwen2.5-coder-14b_sol1_gd1_rs0_bd1_str-strict_t00_n1,16,1,1,Qwen/Qwen2.5-Coder-14B-Instruct,1,0,1,1,strict,0.0,0.0,0.0
2026-09-16 02:41:06,L-M07_m-qwen2.5-coder-14b_sol1_gd1_rs0_bd1_str-strict_t00_n1,16,2,1,Qwen/Qwen2.5-Coder-14B-Instruct,1,0,1,1,strict,0.0,0.0,0.0
2026-09-16 02:41:18,L-M07_m-qwen2.5-coder-14b_sol1_gd1_rs0_bd1_str-strict_t00_n1,16,3,1,Qwen/Qwen2.5-Coder-14B-Instruct,1,0,1,1,strict,0.0,0.0,0.0
2026-09-16 02:41:28,L-M07_m-qwen2.5-coder-14b_sol1_gd1_rs0_bd1_str-strict_t00_n1,17,1,1,Qwen/Qwen2.5-Coder-14B-Instruct,1,0,1,1,strict,0.0,0.0,0.0
2026-09-16 02:41:36,L-M07_m-qwen2.5-coder-14b_sol1_gd1_rs0_bd1_str-strict_t00_n1,17,2,1,Qwen/Qwen2.5-Coder-14B-Instruct,1,0,1,1,strict,0.0,0.0,0.0
2026-09-16 02:41:48,L-M07_m-qwen2.5-coder-14b_sol1_gd1_rs0_bd1_str-strict_t00_n1,17,3,1,Qwen/Qwen2.5-Coder-14B-Instruct,1,0,1,1,strict,0.0,0.0,0.0
2026-09-16 02:42:05,L-M07_m-qwen2.5-coder-14b_sol1_gd1_rs0_bd1_str-strict_t00_n1,18,1,1,Qwen/Qwen2.5-Coder-14B-Instruct,1,0,1,1,strict,0.0,0.0,0.0
2026-09-16 02:42:14,L-M07_m-qwen2.5-coder-14b_sol1_gd1_rs0_bd1_str-strict_t00_n1,18,2,1,Qwen/Qwen2.5-Coder-14B-Instruct,1,0,1,1,strict,0.0,0.0,0.0
2026-09-16 02:42:23,L-M07_m-qwen2.5-coder-14b_sol1_gd1_rs0_bd1_str-strict_t00_n1,18,3,1,Qwen/Qwen2.5-Coder-14B-Instruct,1,0,1,1,strict,0.0,0.0,0.0
2026-09-16 02:42:28,L-M07_m-qwen2.5-coder-14b_sol1_gd1_rs0_bd1_str-strict_t00_n1,18,4,1,Qwen/Qwen2.5-Coder-14B-Instruct,1,0,1,1,strict,0.0,0.0,0.0
2026-09-16 02:42:40,L-M07_m-qwen2.5-coder-14b_sol1_gd1_rs0_bd1_str-strict_t00_n1,19,1,1,Qwen/Qwen2.5-Coder-14B-Instruct,1,0,1,1,strict,0.0,0.0,0.0
2026-09-16 02:42:49,L-M07_m-qwen2.5-coder-14b_sol1_gd1_rs0_bd1_str-strict_t00_n1,19,2,1,Qwen/Qwen2.5-Coder-14B-Instruct,1,0,1,1,strict,0.0,0.0,0.0
2026-09-16 02:43:01,L-M07_m-qwen2.5-coder-14b_sol1_gd1_rs0_bd1_str-strict_t00_n1,19,3,1,Qwen/Qwen2.5-Coder-14B-Instruct,1,0,1,1,strict,0.0,0.0,0.0
2026-09-16 02:43:07,L-M07_m-qwen2.5-coder-14b_sol1_gd1_rs0_bd1_str-strict_t00_n1,19,4,1,Qwen/Qwen2.5-Coder-14B-Instruct,1,0,1,1,strict,0.0,0.0,0.0
2026-09-16 02:43:27,L-M07_m-qwen2.5-coder-14b_sol1_gd1_rs0_bd1_str-strict_t00_n1,20,1,1,Qwen/Qwen2.5-Coder-14B-Instruct,1,0,1,1,strict,0.0,0.0,0.0
2026-09-16 02:43:35,L-M07_m-qwen2.5-coder-14b_sol1_gd1_rs0_bd1_str-strict_t00_n1,20,2,1,Qwen/Qwen2.5-Coder-14B-Instruct,1,0,1,1,strict,0.0,0.0,0.0
2026-09-16 02:43:44,L-M07_m-qwen2.5-coder-14b_sol1_gd1_rs0_bd1_str-strict_t00_n1,20,3,1,Qwen/Qwen2.5-Coder-14B-Instruct,1,0,1,1,strict,0.0,0.0,0.0
2026-09-16 02:43:55,L-M07_m-qwen2.5-coder-14b_sol1_gd1_rs0_bd1_str-strict_t00_n1,21,1,1,Qwen/Qwen2.5-Coder-14B-Instruct,1,0,1,1,strict,0.0,0.0,0.0
2026-09-16 02:44:03,L-M07_m-qwen2.5-coder-14b_sol1_gd1_rs0_bd1_str-strict_t00_n1,21,2,1,Qwen/Qwen2.5-Coder-14B-Instruct,1,0,1,1,strict,0.0,6.0,0.0
2026-09-16 02:44:16,L-M07_m-qwen2.5-coder-14b_sol1_gd1_rs0_bd1_str-strict_t00_n1,21,3,1,Qwen/Qwen2.5-Coder-14B-Instruct,1,0,1,1,strict,0.0,0.0,0.0
2026-09-16 02:44:21,L-M07_m-qwen2.5-coder-14b_sol1_gd1_rs0_bd1_str-strict_t00_n1,21,4,1,Qwen/Qwen2.5-Coder-14B-Instruct,1,0,1,1,strict,0.0,0.0,0.0
2026-09-16 02:44:31,L-M07_m-qwen2.5-coder-14b_sol1_gd1_rs0_bd1_str-strict_t00_n1,22,1,1,Qwen/Qwen2.5-Coder-14B-Instruct,1,0,1,1,strict,0.0,0.0,0.0
2026-09-16 02:44:40,L-M07_m-qwen2.5-coder-14b_sol1_gd1_rs0_bd1_str-strict_t00_n1,22,2,1,Qwen/Qwen2.5-Coder-14B-Instruct,1,0,1,1,strict,0.0,0.0,0.0
2026-09-16 02:44:51,L-M07_m-qwen2.5-coder-14b_sol1_gd1_rs0_bd1_str-strict_t00_n1,22,3,1,Qwen/Qwen2.5-Coder-14B-Instruct,1,0,1,1,strict,0.0,0.0,0.0
2026-09-16 02:45:02,L-M07_m-qwen2.5-coder-14b_sol1_gd1_rs0_bd1_str-strict_t00_n1,23,1,1,Qwen/Qwen2.5-Coder-14B-Instruct,1,0,1,1,strict,0.0,0.0,0.0
2026-09-16 02:45:11,L-M07_m-qwen2.5-coder-14b_sol1_gd1_rs0_bd1_str-strict_t00_n1,23,2,1,Qwen/Qwen2.5-Coder-14B-Instruct,1,0,1,1,strict,0.0,0.0,0.0
2026-09-16 02:45:19,L-M07_m-qwen2.5-coder-14b_sol1_gd1_rs0_bd1_str-strict_t00_n1,23,3,1,Qwen/Qwen2.5-Coder-14B-Instruct,1,0,1,1,strict,0.0,0.0,0.0
2026-09-16 02:45:29,L-M07_m-qwen2.5-coder-14b_sol1_gd1_rs0_bd1_str-strict_t00_n1,24,1,1,Qwen/Qwen2.5-Coder-14B-Instruct,1,0,1,1,strict,0.0,0.0,0.0
2026-09-16 02:45:37,L-M07_m-qwen2.5-coder-14b_sol1_gd1_rs0_bd1_str-strict_t00_n1,24,2,1,Qwen/Qwen2.5-Coder-14B-Instruct,1,0,1,1,strict,0.0,0.0,0.0
2026-09-16 02:45:48,L-M07_m-qwen2.5-coder-14b_sol1_gd1_rs0_bd1_str-strict_t00_n1,24,3,1,Qwen/Qwen2.5-Coder-14B-Instruct,1,0,1,1,strict,0.0,0.0,0.0
2026-09-16 02:45:58,L-M07_m-qwen2.5-coder-14b_sol1_gd1_rs0_bd1_str-strict_t00_n1,25,1,1,Qwen/Qwen2.5-Coder-14B-Instruct,1,0,1,1,strict,0.0,0.0,0.0
2026-09-16 02:46:07,L-M07_m-qwen2.5-coder-14b_sol1_gd1_rs0_bd1_str-strict_t00_n1,25,2,1,Qwen/Qwen2.5-Coder-14B-Instruct,1,0,1,1,strict,0.0,0.0,0.0
2026-09-16 02:46:20,L-M07_m-qwen2.5-coder-14b_sol1_gd1_rs0_bd1_str-strict_t00_n1,25,3,1,Qwen/Qwen2.5-Coder-14B-Instruct,1,0,1,1,strict,0.0,0.0,0.0
2026-09-16 02:46:30,L-M07_m-qwen2.5-coder-14b_sol1_gd1_rs0_bd1_str-strict_t00_n1,26,1,1,Qwen/Qwen2.5-Coder-14B-Instruct,1,0,1,1,strict,0.0,0.0,0.0
2026-09-16 02:46:39,L-M07_m-qwen2.5-coder-14b_sol1_gd1_rs0_bd1_str-strict_t00_n1,26,2,1,Qwen/Qwen2.5-Coder-14B-Instruct,1,0,1,1,strict,0.0,0.0,0.0
2026-09-16 02:46:52,L-M07_m-qwen2.5-coder-14b_sol1_gd1_rs0_bd1_str-strict_t00_n1,26,3,1,Qwen/Qwen2.5-Coder-14B-Instruct,1,0,1,1,strict,0.0,0.0,0.0
2026-09-16 02:47:02,L-M07_m-qwen2.5-coder-14b_sol1_gd1_rs0_bd1_str-strict_t00_n1,27,1,1,Qwen/Qwen2.5-Coder-14B-Instruct,1,0,1,1,strict,0.0,0.0,0.0
2026-09-16 02:47:11,L-M07_m-qwen2.5-coder-14b_sol1_gd1_rs0_bd1_str-strict_t00_n1,27,2,1,Qwen/Qwen2.5-Coder-14B-Instruct,1,0,1,1,strict,0.0,0.0,0.0
2026-09-16 02:47:21,L-M07_m-qwen2.5-coder-14b_sol1_gd1_rs0_bd1_str-strict_t00_n1,27,3,1,Qwen/Qwen2.5-Coder-14B-Instruct,1,0,1,1,strict,0.0,0.0,0.0
2026-09-16 02:47:27,L-M07_m-qwen2.5-coder-14b_sol1_gd1_rs0_bd1_str-strict_t00_n1,27,4,1,Qwen/Qwen2.5-Coder-14B-Instruct,1,0,1,1,strict,0.0,0.0,0.0
2026-09-16 02:47:36,L-M07_m-qwen2.5-coder-14b_sol1_gd1_rs0_bd1_str-strict_t00_n1,28,1,1,Qwen/Qwen2.5-Coder-14B-Instruct,1,0,1,1,strict,0.0,0.0,0.0
2026-09-16 02:47:45,L-M07_m-qwen2.5-coder-14b_sol1_gd1_rs0_bd1_str-strict_t00_n1,28,2,1,Qwen/Qwen2.5-Coder-14B-Instruct,1,0,1,1,strict,0.0,0.0,0.0
2026-09-16 02:47:57,L-M07_m-qwen2.5-coder-14b_sol1_gd1_rs0_bd1_str-strict_t00_n1,28,3,1,Qwen/Qwen2.5-Coder-14B-Instruct,1,0,1,1,strict,0.0,0.0,0.0
2026-09-16 02:48:08,L-M07_m-qwen2.5-coder-14b_sol1_gd1_rs0_bd1_str-strict_t00_n1,29,1,1,Qwen/Qwen2.5-Coder-14B-Instruct,1,0,1,1,strict,0.0,0.0,0.0
2026-09-16 02:48:17,L-M07_m-qwen2.5-coder-14b_sol1_gd1_rs0_bd1_str-strict_t00_n1,29,2,1,Qwen/Qwen2.5-Coder-14B-Instruct,1,0,1,1,strict,0.0,0.0,0.0
2026-09-16 02:48:25,L-M07_m-qwen2.5-coder-14b_sol1_gd1_rs0_bd1_str-strict_t00_n1,29,3,1,Qwen/Qwen2.5-Coder-14B-Instruct,1,0,1,1,strict,0.0,0.0,0.0
2026-09-16 02:48:31,L-M07_m-qwen2.5-coder-14b_sol1_gd1_rs0_bd1_str-strict_t00_n1,29,4,1,Qwen/Qwen2.5-Coder-14B-Instruct,1,0,1,1,strict,0.0,0.0,0.0
2026-09-16 02:48:42,L-M07_m-qwen2.5-coder-14b_sol1_gd1_rs0_bd1_str-strict_t00_n1,30,1,1,Qwen/Qwen2.5-Coder-14B-Instruct,1,0,1,1,strict,0.0,0.0,0.0
2026-09-16 02:48:50,L-M07_m-qwen2.5-coder-14b_sol1_gd1_rs0_bd1_str-strict_t00_n1,30,2,1,Qwen/Qwen2.5-Coder-14B-Instruct,1,0,1,1,strict,0.0,0.0,0.0
2026-09-16 02:49:02,L-M07_m-qwen2.5-coder-14b_sol1_gd1_rs0_bd1_str-strict_t00_n1,30,3,1,Qwen/Qwen2.5-Coder-14B-Instruct,1,0,1,1,strict,0.0,0.0,0.0
2026-09-16 02:49:13,L-M07_m-qwen2.5-coder-14b_sol1_gd1_rs0_bd1_str-strict_t00_n1,31,1,1,Qwen/Qwen2.5-Coder-14B-Instruct,1,0,1,1,strict,0.0,0.0,0.0
2026-09-16 02:49:22,L-M07_m-qwen2.5-coder-14b_sol1_gd1_rs0_bd1_str-strict_t00_n1,31,2,1,Qwen/Qwen2.5-Coder-14B-Instruct,1,0,1,1,strict,0.0,0.0,0.0
2026-09-16 02:49:39,L-M07_m-qwen2.5-coder-14b_sol1_gd1_rs0_bd1_str-strict_t00_n1,31,3,1,Qwen/Qwen2.5-Coder-14B-Instruct,1,0,1,1,strict,0.0,0.0,0.0
2026-09-16 02:49:45,L-M07_m-qwen2.5-coder-14b_sol1_gd1_rs0_bd1_str-strict_t00_n1,31,4,1,Qwen/Qwen2.5-Coder-14B-Instruct,1,0,1,1,strict,0.0,0.0,0.0
2026-09-16 02:49:55,L-M07_m-qwen2.5-coder-14b_sol1_gd1_rs0_bd1_str-strict_t00_n1,32,1,1,Qwen/Qwen2.5-Coder-14B-Instruct,1,0,1,1,strict,0.0,0.0,0.0
2026-09-16 02:50:03,L-M07_m-qwen2.5-coder-14b_sol1_gd1_rs0_bd1_str-strict_t00_n1,32,2,1,Qwen/Qwen2.5-Coder-14B-Instruct,1,0,1,1,strict,0.0,0.0,0.0
2026-09-16 02:50:14,L-M07_m-qwen2.5-coder-14b_sol1_gd1_rs0_bd1_str-strict_t00_n1,32,3,1,Qwen/Qwen2.5-Coder-14B-Instruct,1,0,1,1,strict,0.0,0.0,0.0
2026-09-16 02:50:19,L-M07_m-qwen2.5-coder-14b_sol1_gd1_rs0_bd1_str-strict_t00_n1,32,4,1,Qwen/Qwen2.5-Coder-14B-Instruct,1,0,1,1,strict,0.0,0.0,0.0
2026-09-16 02:50:29,L-M07_m-qwen2.5-coder-14b_sol1_gd1_rs0_bd1_str-strict_t00_n1,33,1,1,Qwen/Qwen2.5-Coder-14B-Instruct,1,0,1,1,strict,0.0,0.0,0.0
2026-09-16 02:50:38,L-M07_m-qwen2.5-coder-14b_sol1_gd1_rs0_bd1_str-strict_t00_n1,33,2,1,Qwen/Qwen2.5-Coder-14B-Instruct,1,0,1,1,strict,0.0,0.0,0.0
2026-09-16 02:50:51,L-M07_m-qwen2.5-coder-14b_sol1_gd1_rs0_bd1_str-strict_t00_n1,33,3,1,Qwen/Qwen2.5-Coder-14B-Instruct,1,0,1,1,strict,0.0,0.0,0.0
2026-09-16 02:50:56,L-M07_m-qwen2.5-coder-14b_sol1_gd1_rs0_bd1_str-strict_t00_n1,33,4,1,Qwen/Qwen2.5-Coder-14B-Instruct,1,0,1,1,strict,0.0,0.0,0.0
2026-09-16 02:51:06,L-M07_m-qwen2.5-coder-14b_sol1_gd1_rs0_bd1_str-strict_t00_n1,34,1,1,Qwen/Qwen2.5-Coder-14B-Instruct,1,0,1,1,strict,0.0,0.0,0.0
2026-09-16 02:51:15,L-M07_m-qwen2.5-coder-14b_sol1_gd1_rs0_bd1_str-strict_t00_n1,34,2,1,Qwen/Qwen2.5-Coder-14B-Instruct,1,0,1,1,strict,0.0,0.0,0.0
2026-09-16 02:51:26,L-M07_m-qwen2.5-coder-14b_sol1_gd1_rs0_bd1_str-strict_t00_n1,34,3,1,Qwen/Qwen2.5-Coder-14B-Instruct,1,0,1,1,strict,0.0,0.0,0.0
2026-09-16 02:51:32,L-M07_m-qwen2.5-coder-14b_sol1_gd1_rs0_bd1_str-strict_t00_n1,34,4,1,Qwen/Qwen2.5-Coder-14B-Instruct,1,0,1,1,strict,0.0,0.0,0.0
2026-09-16 02:51:53,L-M07_m-qwen2.5-coder-14b_sol1_gd1_rs0_bd1_str-strict_t00_n1,35,1,1,Qwen/Qwen2.5-Coder-14B-Instruct,1,0,1,1,strict,0.0,0.0,0.0
2026-09-16 02:52:01,L-M07_m-qwen2.5-coder-14b_sol1_gd1_rs0_bd1_str-strict_t00_n1,35,2,1,Qwen/Qwen2.5-Coder-14B-Instruct,1,0,1,1,strict,0.0,0.0,0.0
2026-09-16 02:52:10,L-M07_m-qwen2.5-coder-14b_sol1_gd1_rs0_bd1_str-strict_t00_n1,35,3,1,Qwen/Qwen2.5-Coder-14B-Instruct,1,0,1,1,strict,0.0,0.0,0.0
2026-09-16 02:52:20,L-M07_m-qwen2.5-coder-14b_sol1_gd1_rs0_bd1_str-strict_t00_n1,36,1,1,Qwen/Qwen2.5-Coder-14B-Instruct,1,0,1,1,strict,0.0,0.0,0.0
2026-09-16 02:52:29,L-M07_m-qwen2.5-coder-14b_sol1_gd1_rs0_bd1_str-strict_t00_n1,36,2,1,Qwen/Qwen2.5-Coder-14B-Instruct,1,0,1,1,strict,0.0,0.0,0.0
2026-09-16 02:52:41,L-M07_m-qwen2.5-coder-14b_sol1_gd1_rs0_bd1_str-strict_t00_n1,36,3,1,Qwen/Qwen2.5-Coder-14B-Instruct,1,0,1,1,strict,0.0,0.0,0.0
2026-09-16 02:52:52,L-M07_m-qwen2.5-coder-14b_sol1_gd1_rs0_bd1_str-strict_t00_n1,37,1,1,Qwen/Qwen2.5-Coder-14B-Instruct,1,0,1,1,strict,0.0,0.0,0.0
2026-09-16 02:53:00,L-M07_m-qwen2.5-coder-14b_sol1_gd1_rs0_bd1_str-strict_t00_n1,37,2,1,Qwen/Qwen2.5-Coder-14B-Instruct,1,0,1,1,strict,0.0,0.0,0.0
2026-09-16 02:53:10,L-M07_m-qwen2.5-coder-14b_sol1_gd1_rs0_bd1_str-strict_t00_n1,37,3,1,Qwen/Qwen2.5-Coder-14B-Instruct,1,0,1,1,strict,0.0,0.0,0.0
2026-09-16 02:53:21,L-M07_m-qwen2.5-coder-14b_sol1_gd1_rs0_bd1_str-strict_t00_n1,38,1,1,Qwen/Qwen2.5-Coder-14B-Instruct,1,0,1,1,strict,0.0,12.0,4.0
2026-09-16 02:53:30,L-M07_m-qwen2.5-coder-14b_sol1_gd1_rs0_bd1_str-strict_t00_n1,38,2,1,Qwen/Qwen2.5-Coder-14B-Instruct,1,0,1,1,strict,0.0,0.0,0.0
2026-09-16 02:53:38,L-M07_m-qwen2.5-coder-14b_sol1_gd1_rs0_bd1_str-strict_t00_n1,38,3,1,Qwen/Qwen2.5-Coder-14B-Instruct,1,0,1,1,strict,0.0,0.0,0.0
2026-09-16 02:53:48,L-M07_m-qwen2.5-coder-14b_sol1_gd1_rs0_bd1_str-strict_t00_n1,39,1,1,Qwen/Qwen2.5-Coder-14B-Instruct,1,0,1,1,strict,0.0,10.0,0.0
2026-09-16 02:53:57,L-M07_m-qwen2.5-coder-14b_sol1_gd1_rs0_bd1_str-strict_t00_n1,39,2,1,Qwen/Qwen2.5-Coder-14B-Instruct,1,0,1,1,strict,0.0,0.0,0.0
2026-09-16 02:54:09,L-M07_m-qwen2.5-coder-14b_sol1_gd1_rs0_bd1_str-strict_t00_n1,39,3,1,Qwen/Qwen2.5-Coder-14B-Instruct,1,0,1,1,strict,0.0,0.0,0.0
2026-09-16 02:54:13,L-M07_m-qwen2.5-coder-14b_sol1_gd1_rs0_bd1_str-strict_t00_n1,39,4,1,Qwen/Qwen2.5-Coder-14B-Instruct,1,0,1,1,strict,0.0,0.0,0.0
2026-09-16 02:54:23,L-M07_m-qwen2.5-coder-14b_sol1_gd1_rs0_bd1_str-strict_t00_n1,40,1,1,Qwen/Qwen2.5-Coder-14B-Instruct,1,0,1,1,strict,0.0,0.0,0.0
2026-09-16 02:54:31,L-M07_m-qwen2.5-coder-14b_sol1_gd1_rs0_bd1_str-strict_t00_n1,40,2,1,Qwen/Qwen2.5-Coder-14B-Instruct,1,0,1,1,strict,0.0,0.0,0.0
2026-09-16 02:54:44,L-M07_m-qwen2.5-coder-14b_sol1_gd1_rs0_bd1_str-strict_t00_n1,40,3,1,Qwen/Qwen2.5-Coder-14B-Instruct,1,0,1,1,strict,0.0,0.0,0.0
2026-09-16 02:54:50,L-M07_m-qwen2.5-coder-14b_sol1_gd1_rs0_bd1_str-strict_t00_n1,40,4,1,Qwen/Qwen2.5-Coder-14B-Instruct,1,0,1,1,strict,0.0,0.0,0.0
2026-09-16 02:55:01,L-M07_m-qwen2.5-coder-14b_sol1_gd1_rs0_bd1_str-strict_t00_n1,41,1,1,Qwen/Qwen2.5-Coder-14B-Instruct,1,0,1,1,strict,0.0,0.0,0.0
2026-09-16 02:55:09,L-M07_m-qwen2.5-coder-14b_sol1_gd1_rs0_bd1_str-strict_t00_n1,41,2,1,Qwen/Qwen2.5-Coder-14B-Instruct,1,0,1,1,strict,0.0,0.0,0.0
2026-09-16 02:55:23,L-M07_m-qwen2.5-coder-14b_sol1_gd1_rs0_bd1_str-strict_t00_n1,41,3,1,Qwen/Qwen2.5-Coder-14B-Instruct,1,0,1,1,strict,0.0,0.0,0.0
2026-09-16 02:55:34,L-M07_m-qwen2.5-coder-14b_sol1_gd1_rs0_bd1_str-strict_t00_n1,42,1,1,Qwen/Qwen2.5-Coder-14B-Instruct,1,0,1,1,strict,0.0,0.0,0.0
2026-09-16 02:55:43,L-M07_m-qwen2.5-coder-14b_sol1_gd1_rs0_bd1_str-strict_t00_n1,42,2,1,Qwen/Qwen2.5-Coder-14B-Instruct,1,0,1,1,strict,0.0,0.0,0.0
2026-09-16 02:56:03,L-M07_m-qwen2.5-coder-14b_sol1_gd1_rs0_bd1_str-strict_t00_n1,42,3,1,Qwen/Qwen2.5-Coder-14B-Instruct,1,0,1,1,strict,0.0,0.0,0.0
2026-09-16 02:56:13,L-M07_m-qwen2.5-coder-14b_sol1_gd1_rs0_bd1_str-strict_t00_n1,43,1,1,Qwen/Qwen2.5-Coder-14B-Instruct,1,0,1,1,strict,0.0,0.0,0.0
2026-09-16 02:56:22,L-M07_m-qwen2.5-coder-14b_sol1_gd1_rs0_bd1_str-strict_t00_n1,43,2,1,Qwen/Qwen2.5-Coder-14B-Instruct,1,0,1,1,strict,0.0,0.0,0.0
2026-09-16 02:56:31,L-M07_m-qwen2.5-coder-14b_sol1_gd1_rs0_bd1_str-strict_t00_n1,43,3,1,Qwen/Qwen2.5-Coder-14B-Instruct,1,0,1,1,strict,0.0,0.0,0.0
2026-09-16 02:56:42,L-M07_m-qwen2.5-coder-14b_sol1_gd1_rs0_bd1_str-strict_t00_n1,44,1,1,Qwen/Qwen2.5-Coder-14B-Instruct,1,0,1,1,strict,0.0,0.0,0.0
2026-09-16 02:56:49,L-M07_m-qwen2.5-coder-14b_sol1_gd1_rs0_bd1_str-strict_t00_n1,44,2,1,Qwen/Qwen2.5-Coder-14B-Instruct,1,0,1,1,strict,0.0,0.0,0.0
2026-09-16 02:56:57,L-M07_m-qwen2.5-coder-14b_sol1_gd1_rs0_bd1_str-strict_t00_n1,44,3,1,Qwen/Qwen2.5-Coder-14B-Instruct,1,0,1,1,strict,0.0,0.0,0.0
2026-09-16 02:57:07,L-M07_m-qwen2.5-coder-14b_sol1_gd1_rs0_bd1_str-strict_t00_n1,45,1,1,Qwen/Qwen2.5-Coder-14B-Instruct,1,0,1,1,strict,0.0,0.0,0.0
2026-09-16 02:57:16,L-M07_m-qwen2.5-coder-14b_sol1_gd1_rs0_bd1_str-strict_t00_n1,45,2,1,Qwen/Qwen2.5-Coder-14B-Instruct,1,0,1,1,strict,0.0,0.0,0.0
2026-09-16 02:57:27,L-M07_m-qwen2.5-coder-14b_sol1_gd1_rs0_bd1_str-strict_t00_n1,45,3,1,Qwen/Qwen2.5-Coder-14B-Instruct,1,0,1,1,strict,0.0,0.0,0.0
2026-09-16 02:57:37,L-M07_m-qwen2.5-coder-14b_sol1_gd1_rs0_bd1_str-strict_t00_n1,46,1,1,Qwen/Qwen2.5-Coder-14B-Instruct,1,0,1,1,strict,0.0,0.0,0.0
2026-09-16 02:57:45,L-M07_m-qwen2.5-coder-14b_sol1_gd1_rs0_bd1_str-strict_t00_n1,46,2,1,Qwen/Qwen2.5-Coder-14B-Instruct,1,0,1,1,strict,0.0,0.0,0.0
2026-09-16 02:57:57,L-M07_m-qwen2.5-coder-14b_sol1_gd1_rs0_bd1_str-strict_t00_n1,46,3,1,Qwen/Qwen2.5-Coder-14B-Instruct,1,0,1,1,strict,0.0,0.0,0.0
2026-09-16 02:58:07,L-M07_m-qwen2.5-coder-14b_sol1_gd1_rs0_bd1_str-strict_t00_n1,47,1,1,Qwen/Qwen2.5-Coder-14B-Instruct,1,0,1,1,strict,0.0,0.0,0.0
2026-09-16 02:58:17,L-M07_m-qwen2.5-coder-14b_sol1_gd1_rs0_bd1_str-strict_t00_n1,47,2,1,Qwen/Qwen2.5-Coder-14B-Instruct,1,0,1,1,strict,0.0,0.0,0.0
2026-09-16 02:58:28,L-M07_m-qwen2.5-coder-14b_sol1_gd1_rs0_bd1_str-strict_t00_n1,47,3,1,Qwen/Qwen2.5-Coder-14B-Instruct,1,0,1,1,strict,0.0,0.0,0.0
2026-09-16 02:58:38,L-M07_m-qwen2.5-coder-14b_sol1_gd1_rs0_bd1_str-strict_t00_n1,48,1,1,Qwen/Qwen2.5-Coder-14B-Instruct,1,0,1,1,strict,0.0,0.0,0.0
2026-09-16 02:58:47,L-M07_m-qwen2.5-coder-14b_sol1_gd1_rs0_bd1_str-strict_t00_n1,48,2,1,Qwen/Qwen2.5-Coder-14B-Instruct,1,0,1,1,strict,0.0,0.0,0.0
2026-09-16 02:58:54,L-M07_m-qwen2.5-coder-14b_sol1_gd1_rs0_bd1_str-strict_t00_n1,48,3,1,Qwen/Qwen2.5-Coder-14B-Instruct,1,0,1,1,strict,0.0,0.0,0.0
2026-09-16 02:59:04,L-M07_m-qwen2.5-coder-14b_sol1_gd1_rs0_bd1_str-strict_t00_n1,49,1,1,Qwen/Qwen2.5-Coder-14B-Instruct,1,0,1,1,strict,0.0,0.0,0.0
2026-09-16 02:59:13,L-M07_m-qwen2.5-coder-14b_sol1_gd1_rs0_bd1_str-strict_t00_n1,49,2,1,Qwen/Qwen2.5-Coder-14B-Instruct,1,0,1,1,strict,0.0,0.0,0.0
2026-09-16 02:59:27,L-M07_m-qwen2.5-coder-14b_sol1_gd1_rs0_bd1_str-strict_t00_n1,49,3,1,Qwen/Qwen2.5-Coder-14B-Instruct,1,0,1,1,strict,0.0,0.0,0.0
2026-09-16 02:59:37,L-M07_m-qwen2.5-coder-14b_sol1_gd1_rs0_bd1_str-strict_t00_n1,50,1,1,Qwen/Qwen2.5-Coder-14B-Instruct,1,0,1,1,strict,0.0,0.0,0.0
2026-09-16 02:59:46,L-M07_m-qwen2.5-coder-14b_sol1_gd1_rs0_bd1_str-strict_t00_n1,50,2,1,Qwen/Qwen2.5-Coder-14B-Instruct,1,0,1,1,strict,0.0,0.0,0.0
2026-09-16 02:59:55,L-M07_m-qwen2.5-coder-14b_sol1_gd1_rs0_bd1_str-strict_t00_n1,50,3,1,Qwen/Qwen2.5-Coder-14B-Instruct,1,0,1,1,strict,0.0,0.0,0.0
2026-09-16 03:00:05,L-M07_m-qwen2.5-coder-14b_sol1_gd1_rs0_bd1_str-strict_t00_n1,51,1,1,Qwen/Qwen2.5-Coder-14B-Instruct,1,0,1,1,strict,0.0,0.0,0.0
2026-09-16 03:00:13,L-M07_m-qwen2.5-coder-14b_sol1_gd1_rs0_bd1_str-strict_t00_n1,51,2,1,Qwen/Qwen2.5-Coder-14B-Instruct,1,0,1,1,strict,0.0,0.0,0.0
2026-09-16 03:00:25,L-M07_m-qwen2.5-coder-14b_sol1_gd1_rs0_bd1_str-strict_t00_n1,51,3,1,Qwen/Qwen2.5-Coder-14B-Instruct,1,0,1,1,strict,0.0,0.0,0.0
2026-09-16 03:00:35,L-M07_m-qwen2.5-coder-14b_sol1_gd1_rs0_bd1_str-strict_t00_n1,52,1,1,Qwen/Qwen2.5-Coder-14B-Instruct,1,0,1,1,strict,0.0,0.0,0.0
2026-09-16 03:00:44,L-M07_m-qwen2.5-coder-14b_sol1_gd1_rs0_bd1_str-strict_t00_n1,52,2,1,Qwen/Qwen2.5-Coder-14B-Instruct,1,0,1,1,strict,0.0,0.0,0.0
2026-09-16 03:00:55,L-M07_m-qwen2.5-coder-14b_sol1_gd1_rs0_bd1_str-strict_t00_n1,52,3,1,Qwen/Qwen2.5-Coder-14B-Instruct,1,0,1,1,strict,0.0,0.0,0.0
2026-09-16 03:01:04,L-M07_m-qwen2.5-coder-14b_sol1_gd1_rs0_bd1_str-strict_t00_n1,53,1,1,Qwen/Qwen2.5-Coder-14B-Instruct,1,0,1,1,strict,0.0,0.0,0.0
2026-09-16 03:01:17,L-M07_m-qwen2.5-coder-14b_sol1_gd1_rs0_bd1_str-strict_t00_n1,53,2,1,Qwen/Qwen2.5-Coder-14B-Instruct,1,0,1,1,strict,0.0,0.0,0.0
2026-09-16 03:01:30,L-M07_m-qwen2.5-coder-14b_sol1_gd1_rs0_bd1_str-strict_t00_n1,53,3,1,Qwen/Qwen2.5-Coder-14B-Instruct,1,0,1,1,strict,0.0,0.0,0.0
2026-09-16 03:01:41,L-M07_m-qwen2.5-coder-14b_sol1_gd1_rs0_bd1_str-strict_t00_n1,54,1,1,Qwen/Qwen2.5-Coder-14B-Instruct,1,0,1,1,strict,0.0,0.0,0.0
2026-09-16 03:01:50,L-M07_m-qwen2.5-coder-14b_sol1_gd1_rs0_bd1_str-strict_t00_n1,54,2,1,Qwen/Qwen2.5-Coder-14B-Instruct,1,0,1,1,strict,0.0,0.0,0.0
2026-09-16 03:02:04,L-M07_m-qwen2.5-coder-14b_sol1_gd1_rs0_bd1_str-strict_t00_n1,54,3,1,Qwen/Qwen2.5-Coder-14B-Instruct,1,0,1,1,strict,0.0,0.0,0.0
2026-09-16 03:02:14,L-M07_m-qwen2.5-coder-14b_sol1_gd1_rs0_bd1_str-strict_t00_n1,55,1,1,Qwen/Qwen2.5-Coder-14B-Instruct,1,0,1,1,strict,0.0,0.0,0.0
2026-09-16 03:02:23,L-M07_m-qwen2.5-coder-14b_sol1_gd1_rs0_bd1_str-strict_t00_n1,55,2,1,Qwen/Qwen2.5-Coder-14B-Instruct,1,0,1,1,strict,0.0,6.0,0.0
2026-09-16 03:02:31,L-M07_m-qwen2.5-coder-14b_sol1_gd1_rs0_bd1_str-strict_t00_n1,55,3,1,Qwen/Qwen2.5-Coder-14B-Instruct,1,0,1,1,strict,0.0,0.0,0.0
2026-09-16 03:02:42,L-M07_m-qwen2.5-coder-14b_sol1_gd1_rs0_bd1_str-strict_t00_n1,56,1,1,Qwen/Qwen2.5-Coder-14B-Instruct,1,0,1,1,strict,0.0,0.0,0.0
2026-09-16 03:02:50,L-M07_m-qwen2.5-coder-14b_sol1_gd1_rs0_bd1_str-strict_t00_n1,56,2,1,Qwen/Qwen2.5-Coder-14B-Instruct,1,0,1,1,strict,0.0,0.0,0.0
2026-09-16 03:03:01,L-M07_m-qwen2.5-coder-14b_sol1_gd1_rs0_bd1_str-strict_t00_n1,56,3,1,Qwen/Qwen2.5-Coder-14B-Instruct,1,0,1,1,strict,0.0,0.0,0.0
2026-09-16 03:03:12,L-M07_m-qwen2.5-coder-14b_sol1_gd1_rs0_bd1_str-strict_t00_n1,57,1,1,Qwen/Qwen2.5-Coder-14B-Instruct,1,0,1,1,strict,0.0,0.0,0.0
2026-09-16 03:03:20,L-M07_m-qwen2.5-coder-14b_sol1_gd1_rs0_bd1_str-strict_t00_n1,57,2,1,Qwen/Qwen2.5-Coder-14B-Instruct,1,0,1,1,strict,0.0,0.0,0.0
2026-09-16 03:03:30,L-M07_m-qwen2.5-coder-14b_sol1_gd1_rs0_bd1_str-strict_t00_n1,57,3,1,Qwen/Qwen2.5-Coder-14B-Instruct,1,0,1,1,strict,0.0,0.0,0.0
2026-09-16 03:03:40,L-M07_m-qwen2.5-coder-14b_sol1_gd1_rs0_bd1_str-strict_t00_n1,58,1,1,Qwen/Qwen2.5-Coder-14B-Instruct,1,0,1,1,strict,0.0,0.0,0.0
2026-09-16 03:03:49,L-M07_m-qwen2.5-coder-14b_sol1_gd1_rs0_bd1_str-strict_t00_n1,58,2,1,Qwen/Qwen2.5-Coder-14B-Instruct,1,0,1,1,strict,0.0,0.0,0.0
2026-09-16 03:04:05,L-M07_m-qwen2.5-coder-14b_sol1_gd1_rs0_bd1_str-strict_t00_n1,58,3,1,Qwen/Qwen2.5-Coder-14B-Instruct,1,0,1,1,strict,0.0,0.0,0.0
2026-09-16 03:04:16,L-M07_m-qwen2.5-coder-14b_sol1_gd1_rs0_bd1_str-strict_t00_n1,59,1,1,Qwen/Qwen2.5-Coder-14B-Instruct,1,0,1,1,strict,0.0,0.0,0.0
2026-09-16 03:04:25,L-M07_m-qwen2.5-coder-14b_sol1_gd1_rs0_bd1_str-strict_t00_n1,59,2,1,Qwen/Qwen2.5-Coder-14B-Instruct,1,0,1,1,strict,0.0,0.0,0.0
2026-09-16 03:04:36,L-M07_m-qwen2.5-coder-14b_sol1_gd1_rs0_bd1_str-strict_t00_n1,59,3,1,Qwen/Qwen2.5-Coder-14B-Instruct,1,0,1,1,strict,0.0,0.0,0.0
2026-09-16 03:04:42,L-M07_m-qwen2.5-coder-14b_sol1_gd1_rs0_bd1_str-strict_t00_n1,59,4,1,Qwen/Qwen2.5-Coder-14B-Instruct,1,0,1,1,strict,0.0,0.0,0.0
2026-09-16 03:04:52,L-M07_m-qwen2.5-coder-14b_sol1_gd1_rs0_bd1_str-strict_t00_n1,60,1,1,Qwen/Qwen2.5-Coder-14B-Instruct,1,0,1,1,strict,0.0,0.0,0.0
2026-09-16 03:05:00,L-M07_m-qwen2.5-coder-14b_sol1_gd1_rs0_bd1_str-strict_t00_n1,60,2,1,Qwen/Qwen2.5-Coder-14B-Instruct,1,0,1,1,strict,0.0,0.0,0.0
2026-09-16 03:05:10,L-M07_m-qwen2.5-coder-14b_sol1_gd1_rs0_bd1_str-strict_t00_n1,60,3,1,Qwen/Qwen2.5-Coder-14B-Instruct,1,0,1,1,strict,0.0,0.0,0.0
2026-09-16 03:05:19,L-M07_m-qwen2.5-coder-14b_sol1_gd1_rs0_bd1_str-strict_t00_n1,61,1,1,Qwen/Qwen2.5-Coder-14B-Instruct,1,0,1,1,strict,0.0,0.0,0.0
2026-09-16 03:05:29,L-M07_m-qwen2.5-coder-14b_sol1_gd1_rs0_bd1_str-strict_t00_n1,61,2,1,Qwen/Qwen2.5-Coder-14B-Instruct,1,0,1,1,strict,0.0,0.0,0.0
2026-09-16 03:05:40,L-M07_m-qwen2.5-coder-14b_sol1_gd1_rs0_bd1_str-strict_t00_n1,61,3,1,Qwen/Qwen2.5-Coder-14B-Instruct,1,0,1,1,strict,0.0,0.0,0.0
2026-09-16 03:05:46,L-M07_m-qwen2.5-coder-14b_sol1_gd1_rs0_bd1_str-strict_t00_n1,61,4,1,Qwen/Qwen2.5-Coder-14B-Instruct,1,0,1,1,strict,0.0,0.0,0.0
2026-09-16 03:05:55,L-M07_m-qwen2.5-coder-14b_sol1_gd1_rs0_bd1_str-strict_t00_n1,62,1,1,Qwen/Qwen2.5-Coder-14B-Instruct,1,0,1,1,strict,0.0,0.0,0.0
2026-09-16 03:06:03,L-M07_m-qwen2.5-coder-14b_sol1_gd1_rs0_bd1_str-strict_t00_n1,62,2,1,Qwen/Qwen2.5-Coder-14B-Instruct,1,0,1,1,strict,0.0,0.0,0.0
2026-09-16 03:06:10,L-M07_m-qwen2.5-coder-14b_sol1_gd1_rs0_bd1_str-strict_t00_n1,62,3,1,Qwen/Qwen2.5-Coder-14B-Instruct,1,0,1,1,strict,0.0,0.0,0.0
2026-09-16 03:06:15,L-M07_m-qwen2.5-coder-14b_sol1_gd1_rs0_bd1_str-strict_t00_n1,62,4,1,Qwen/Qwen2.5-Coder-14B-Instruct,1,0,1,1,strict,0.0,0.0,0.0
2026-09-16 03:06:25,L-M07_m-qwen2.5-coder-14b_sol1_gd1_rs0_bd1_str-strict_t00_n1,63,1,1,Qwen/Qwen2.5-Coder-14B-Instruct,1,0,1,1,strict,0.0,0.0,0.0
2026-09-16 03:06:34,L-M07_m-qwen2.5-coder-14b_sol1_gd1_rs0_bd1_str-strict_t00_n1,63,2,1,Qwen/Qwen2.5-Coder-14B-Instruct,1,0,1,1,strict,0.0,0.0,0.0
2026-09-16 03:06:44,L-M07_m-qwen2.5-coder-14b_sol1_gd1_rs0_bd1_str-strict_t00_n1,63,3,1,Qwen/Qwen2.5-Coder-14B-Instruct,1,0,1,1,strict,0.0,0.0,0.0
2026-09-16 03:06:55,L-M07_m-qwen2.5-coder-14b_sol1_gd1_rs0_bd1_str-strict_t00_n1,64,1,1,Qwen/Qwen2.5-Coder-14B-Instruct,1,0,1,1,strict,0.0,0.0,0.0
2026-09-16 03:07:04,L-M07_m-qwen2.5-coder-14b_sol1_gd1_rs0_bd1_str-strict_t00_n1,64,2,1,Qwen/Qwen2.5-Coder-14B-Instruct,1,0,1,1,strict,0.0,0.0,0.0
2026-09-16 03:07:19,L-M07_m-qwen2.5-coder-14b_sol1_gd1_rs0_bd1_str-strict_t00_n1,64,3,1,Qwen/Qwen2.5-Coder-14B-Instruct,1,0,1,1,strict,0.0,0.0,0.0
2026-09-16 03:07:30,L-M07_m-qwen2.5-coder-14b_sol1_gd1_rs0_bd1_str-strict_t00_n1,65,1,1,Qwen/Qwen2.5-Coder-14B-Instruct,1,0,1,1,strict,0.0,0.0,0.0
2026-09-16 03:07:38,L-M07_m-qwen2.5-coder-14b_sol1_gd1_rs0_bd1_str-strict_t00_n1,65,2,1,Qwen/Qwen2.5-Coder-14B-Instruct,1,0,1,1,strict,0.0,0.0,0.0
2026-09-16 03:07:49,L-M07_m-qwen2.5-coder-14b_sol1_gd1_rs0_bd1_str-strict_t00_n1,65,3,1,Qwen/Qwen2.5-Coder-14B-Instruct,1,0,1,1,strict,0.0,0.0,0.0
2026-09-16 03:07:58,L-M07_m-qwen2.5-coder-14b_sol1_gd1_rs0_bd1_str-strict_t00_n1,66,1,1,Qwen/Qwen2.5-Coder-14B-Instruct,1,0,1,1,strict,0.0,0.0,0.0
2026-09-16 03:08:07,L-M07_m-qwen2.5-coder-14b_sol1_gd1_rs0_bd1_str-strict_t00_n1,66,2,1,Qwen/Qwen2.5-Coder-14B-Instruct,1,0,1,1,strict,0.0,0.0,0.0
2026-09-16 03:08:20,L-M07_m-qwen2.5-coder-14b_sol1_gd1_rs0_bd1_str-strict_t00_n1,66,3,1,Qwen/Qwen2.5-Coder-14B-Instruct,1,0,1,1,strict,0.0,0.0,0.0
2026-09-16 03:08:31,L-M07_m-qwen2.5-coder-14b_sol1_gd1_rs0_bd1_str-strict_t00_n1,67,1,1,Qwen/Qwen2.5-Coder-14B-Instruct,1,0,1,1,strict,0.0,0.0,0.0
2026-09-16 03:08:40,L-M07_m-qwen2.5-coder-14b_sol1_gd1_rs0_bd1_str-strict_t00_n1,67,2,1,Qwen/Qwen2.5-Coder-14B-Instruct,1,0,1,1,strict,0.0,0.0,0.0
2026-09-16 03:08:52,L-M07_m-qwen2.5-coder-14b_sol1_gd1_rs0_bd1_str-strict_t00_n1,67,3,1,Qwen/Qwen2.5-Coder-14B-Instruct,1,0,1,1,strict,0.0,0.0,0.0
2026-09-16 03:09:02,L-M07_m-qwen2.5-coder-14b_sol1_gd1_rs0_bd1_str-strict_t00_n1,68,1,1,Qwen/Qwen2.5-Coder-14B-Instruct,1,0,1,1,strict,0.0,0.0,0.0
2026-09-16 03:09:11,L-M07_m-qwen2.5-coder-14b_sol1_gd1_rs0_bd1_str-strict_t00_n1,68,2,1,Qwen/Qwen2.5-Coder-14B-Instruct,1,0,1,1,strict,0.0,0.0,0.0
2026-09-16 03:09:19,L-M07_m-qwen2.5-coder-14b_sol1_gd1_rs0_bd1_str-strict_t00_n1,68,3,1,Qwen/Qwen2.5-Coder-14B-Instruct,1,0,1,1,strict,0.0,0.0,0.0
2026-09-16 03:09:29,L-M07_m-qwen2.5-coder-14b_sol1_gd1_rs0_bd1_str-strict_t00_n1,69,1,1,Qwen/Qwen2.5-Coder-14B-Instruct,1,0,1,1,strict,0.0,0.0,0.0
2026-09-16 03:09:38,L-M07_m-qwen2.5-coder-14b_sol1_gd1_rs0_bd1_str-strict_t00_n1,69,2,1,Qwen/Qwen2.5-Coder-14B-Instruct,1,0,1,1,strict,0.0,0.0,0.0
2026-09-16 03:09:51,L-M07_m-qwen2.5-coder-14b_sol1_gd1_rs0_bd1_str-strict_t00_n1,69,3,1,Qwen/Qwen2.5-Coder-14B-Instruct,1,0,1,1,strict,0.0,0.0,0.0
2026-09-16 03:10:01,L-M07_m-qwen2.5-coder-14b_sol1_gd1_rs0_bd1_str-strict_t00_n1,70,1,1,Qwen/Qwen2.5-Coder-14B-Instruct,1,0,1,1,strict,0.0,0.0,0.0
2026-09-16 03:10:10,L-M07_m-qwen2.5-coder-14b_sol1_gd1_rs0_bd1_str-strict_t00_n1,70,2,1,Qwen/Qwen2.5-Coder-14B-Instruct,1,0,1,1,strict,0.0,6.0,0.0
2026-09-16 03:10:25,L-M07_m-qwen2.5-coder-14b_sol1_gd1_rs0_bd1_str-strict_t00_n1,70,3,1,Qwen/Qwen2.5-Coder-14B-Instruct,1,0,1,1,strict,0.0,0.0,0.0
2026-09-16 03:10:35,L-M07_m-qwen2.5-coder-14b_sol1_gd1_rs0_bd1_str-strict_t00_n1,71,1,1,Qwen/Qwen2.5-Coder-14B-Instruct,1,0,1,1,strict,0.0,0.0,0.0
2026-09-16 03:10:44,L-M07_m-qwen2.5-coder-14b_sol1_gd1_rs0_bd1_str-strict_t00_n1,71,2,1,Qwen/Qwen2.5-Coder-14B-Instruct,1,0,1,1,strict,0.0,0.0,0.0
2026-09-16 03:10:52,L-M07_m-qwen2.5-coder-14b_sol1_gd1_rs0_bd1_str-strict_t00_n1,71,3,1,Qwen/Qwen2.5-Coder-14B-Instruct,1,0,1,1,strict,0.0,0.0,0.0
2026-09-16 03:10:58,L-M07_m-qwen2.5-coder-14b_sol1_gd1_rs0_bd1_str-strict_t00_n1,71,4,1,Qwen/Qwen2.5-Coder-14B-Instruct,1,0,1,1,strict,0.0,0.0,0.0
2026-09-16 03:11:08,L-M07_m-qwen2.5-coder-14b_sol1_gd1_rs0_bd1_str-strict_t00_n1,72,1,1,Qwen/Qwen2.5-Coder-14B-Instruct,1,0,1,1,strict,0.0,0.0,0.0
2026-09-16 03:11:17,L-M07_m-qwen2.5-coder-14b_sol1_gd1_rs0_bd1_str-strict_t00_n1,72,2,1,Qwen/Qwen2.5-Coder-14B-Instruct,1,0,1,1,strict,0.0,0.0,0.0
2026-09-16 03:11:31,L-M07_m-qwen2.5-coder-14b_sol1_gd1_rs0_bd1_str-strict_t00_n1,72,3,1,Qwen/Qwen2.5-Coder-14B-Instruct,1,0,1,1,strict,0.0,0.0,0.0
2026-09-16 03:11:40,L-M07_m-qwen2.5-coder-14b_sol1_gd1_rs0_bd1_str-strict_t00_n1,73,1,1,Qwen/Qwen2.5-Coder-14B-Instruct,1,0,1,1,strict,0.0,0.0,0.0
2026-09-16 03:11:49,L-M07_m-qwen2.5-coder-14b_sol1_gd1_rs0_bd1_str-strict_t00_n1,73,2,1,Qwen/Qwen2.5-Coder-14B-Instruct,1,0,1,1,strict,0.0,0.0,0.0
2026-09-16 03:12:03,L-M07_m-qwen2.5-coder-14b_sol1_gd1_rs0_bd1_str-strict_t00_n1,73,3,1,Qwen/Qwen2.5-Coder-14B-Instruct,1,0,1,1,strict,0.0,0.0,0.0
2026-09-16 03:12:14,L-M07_m-qwen2.5-coder-14b_sol1_gd1_rs0_bd1_str-strict_t00_n1,74,1,1,Qwen/Qwen2.5-Coder-14B-Instruct,1,0,1,1,strict,0.0,0.0,0.0
2026-09-16 03:12:23,L-M07_m-qwen2.5-coder-14b_sol1_gd1_rs0_bd1_str-strict_t00_n1,74,2,1,Qwen/Qwen2.5-Coder-14B-Instruct,1,0,1,1,strict,0.0,0.0,0.0
2026-09-16 03:12:37,L-M07_m-qwen2.5-coder-14b_sol1_gd1_rs0_bd1_str-strict_t00_n1,74,3,1,Qwen/Qwen2.5-Coder-14B-Instruct,1,0,1,1,strict,0.0,0.0,0.0
2026-09-16 03:12:43,L-M07_m-qwen2.5-coder-14b_sol1_gd1_rs0_bd1_str-strict_t00_n1,74,4,1,Qwen/Qwen2.5-Coder-14B-Instruct,1,0,1,1,strict,0.0,0.0,0.0
2026-09-16 03:12:52,L-M07_m-qwen2.5-coder-14b_sol1_gd1_rs0_bd1_str-strict_t00_n1,75,1,1,Qwen/Qwen2.5-Coder-14B-Instruct,1,0,1,1,strict,0.0,0.0,0.0
2026-09-16 03:13:01,L-M07_m-qwen2.5-coder-14b_sol1_gd1_rs0_bd1_str-strict_t00_n1,75,2,1,Qwen/Qwen2.5-Coder-14B-Instruct,1,0,1,1,strict,0.0,0.0,0.0
2026-09-16 03:13:11,L-M07_m-qwen2.5-coder-14b_sol1_gd1_rs0_bd1_str-strict_t00_n1,75,3,1,Qwen/Qwen2.5-Coder-14B-Instruct,1,0,1,1,strict,0.0,0.0,0.0
2026-09-16 03:13:22,L-M07_m-qwen2.5-coder-14b_sol1_gd1_rs0_bd1_str-strict_t00_n1,76,1,1,Qwen/Qwen2.5-Coder-14B-Instruct,1,0,1,1,strict,0.0,12.0,4.0
2026-09-16 03:13:30,L-M07_m-qwen2.5-coder-14b_sol1_gd1_rs0_bd1_str-strict_t00_n1,76,2,1,Qwen/Qwen2.5-Coder-14B-Instruct,1,0,1,1,strict,0.0,0.0,0.0
2026-09-16 03:13:41,L-M07_m-qwen2.5-coder-14b_sol1_gd1_rs0_bd1_str-strict_t00_n1,76,3,1,Qwen/Qwen2.5-Coder-14B-Instruct,1,0,1,1,strict,0.0,0.0,0.0
2026-09-16 03:13:47,L-M07_m-qwen2.5-coder-14b_sol1_gd1_rs0_bd1_str-strict_t00_n1,76,4,1,Qwen/Qwen2.5-Coder-14B-Instruct,1,0,1,1,strict,0.0,0.0,0.0
2026-09-16 03:14:03,L-M07_m-qwen2.5-coder-14b_sol1_gd1_rs0_bd1_str-strict_t00_n1,77,1,1,Qwen/Qwen2.5-Coder-14B-Instruct,1,0,1,1,strict,0.0,0.0,0.0
2026-09-16 03:14:12,L-M07_m-qwen2.5-coder-14b_sol1_gd1_rs0_bd1_str-strict_t00_n1,77,2,1,Qwen/Qwen2.5-Coder-14B-Instruct,1,0,1,1,strict,0.0,0.0,0.0
2026-09-16 03:14:24,L-M07_m-qwen2.5-coder-14b_sol1_gd1_rs0_bd1_str-strict_t00_n1,77,3,1,Qwen/Qwen2.5-Coder-14B-Instruct,1,0,1,1,strict,0.0,0.0,0.0
2026-09-16 03:14:35,L-M07_m-qwen2.5-coder-14b_sol1_gd1_rs0_bd1_str-strict_t00_n1,78,1,1,Qwen/Qwen2.5-Coder-14B-Instruct,1,0,1,1,strict,0.0,0.0,0.0
2026-09-16 03:14:44,L-M07_m-qwen2.5-coder-14b_sol1_gd1_rs0_bd1_str-strict_t00_n1,78,2,1,Qwen/Qwen2.5-Coder-14B-Instruct,1,0,1,1,strict,0.0,0.0,0.0
2026-09-16 03:14:59,L-M07_m-qwen2.5-coder-14b_sol1_gd1_rs0_bd1_str-strict_t00_n1,78,3,1,Qwen/Qwen2.5-Coder-14B-Instruct,1,0,1,1,strict,0.0,0.0,0.0
2026-09-16 03:15:08,L-M07_m-qwen2.5-coder-14b_sol1_gd1_rs0_bd1_str-strict_t00_n1,79,1,1,Qwen/Qwen2.5-Coder-14B-Instruct,1,0,1,1,strict,0.0,0.0,0.0
2026-09-16 03:15:18,L-M07_m-qwen2.5-coder-14b_sol1_gd1_rs0_bd1_str-strict_t00_n1,79,2,1,Qwen/Qwen2.5-Coder-14B-Instruct,1,0,1,1,strict,0.0,0.0,0.0
2026-09-16 03:15:29,L-M07_m-qwen2.5-coder-14b_sol1_gd1_rs0_bd1_str-strict_t00_n1,79,3,1,Qwen/Qwen2.5-Coder-14B-Instruct,1,0,1,1,strict,0.0,0.0,0.0
2026-09-16 03:15:34,L-M07_m-qwen2.5-coder-14b_sol1_gd1_rs0_bd1_str-strict_t00_n1,79,4,1,Qwen/Qwen2.5-Coder-14B-Instruct,1,0,1,1,strict,0.0,0.0,0.0
2026-09-16 03:15:43,L-M07_m-qwen2.5-coder-14b_sol1_gd1_rs0_bd1_str-strict_t00_n1,80,1,1,Qwen/Qwen2.5-Coder-14B-Instruct,1,0,1,1,strict,0.0,10.0,0.0
2026-09-16 03:15:53,L-M07_m-qwen2.5-coder-14b_sol1_gd1_rs0_bd1_str-strict_t00_n1,80,2,1,Qwen/Qwen2.5-Coder-14B-Instruct,1,0,1,1,strict,0.0,11.0,4.0
2026-09-16 03:16:04,L-M07_m-qwen2.5-coder-14b_sol1_gd1_rs0_bd1_str-strict_t00_n1,80,3,1,Qwen/Qwen2.5-Coder-14B-Instruct,1,0,1,1,strict,0.0,12.0,0.0
2026-09-16 03:16:09,L-M07_m-qwen2.5-coder-14b_sol1_gd1_rs0_bd1_str-strict_t00_n1,80,4,1,Qwen/Qwen2.5-Coder-14B-Instruct,1,0,1,1,strict,0.0,0.0,0.0
2026-09-16 03:16:20,L-M07_m-qwen2.5-coder-14b_sol1_gd1_rs0_bd1_str-strict_t00_n1,81,1,1,Qwen/Qwen2.5-Coder-14B-Instruct,1,0,1,1,strict,0.0,0.0,0.0
2026-09-16 03:16:28,L-M07_m-qwen2.5-coder-14b_sol1_gd1_rs0_bd1_str-strict_t00_n1,81,2,1,Qwen/Qwen2.5-Coder-14B-Instruct,1,0,1,1,strict,0.0,0.0,0.0
2026-09-16 03:16:44,L-M07_m-qwen2.5-coder-14b_sol1_gd1_rs0_bd1_str-strict_t00_n1,81,3,1,Qwen/Qwen2.5-Coder-14B-Instruct,1,0,1,1,strict,0.0,0.0,0.0
2026-09-16 03:16:49,L-M07_m-qwen2.5-coder-14b_sol1_gd1_rs0_bd1_str-strict_t00_n1,81,4,1,Qwen/Qwen2.5-Coder-14B-Instruct,1,0,1,1,strict,0.0,0.0,0.0
2026-09-16 03:17:00,L-M07_m-qwen2.5-coder-14b_sol1_gd1_rs0_bd1_str-strict_t00_n1,82,1,1,Qwen/Qwen2.5-Coder-14B-Instruct,1,0,1,1,strict,0.0,0.0,0.0
2026-09-16 03:17:08,L-M07_m-qwen2.5-coder-14b_sol1_gd1_rs0_bd1_str-strict_t00_n1,82,2,1,Qwen/Qwen2.5-Coder-14B-Instruct,1,0,1,1,strict,0.0,0.0,0.0
2026-09-16 03:17:21,L-M07_m-qwen2.5-coder-14b_sol1_gd1_rs0_bd1_str-strict_t00_n1,82,3,1,Qwen/Qwen2.5-Coder-14B-Instruct,1,0,1,1,strict,0.0,0.0,0.0
2026-09-16 03:17:31,L-M07_m-qwen2.5-coder-14b_sol1_gd1_rs0_bd1_str-strict_t00_n1,83,1,1,Qwen/Qwen2.5-Coder-14B-Instruct,1,0,1,1,strict,0.0,0.0,0.0
2026-09-16 03:17:39,L-M07_m-qwen2.5-coder-14b_sol1_gd1_rs0_bd1_str-strict_t00_n1,83,2,1,Qwen/Qwen2.5-Coder-14B-Instruct,1,0,1,1,strict,0.0,0.0,0.0
2026-09-16 03:17:51,L-M07_m-qwen2.5-coder-14b_sol1_gd1_rs0_bd1_str-strict_t00_n1,83,3,1,Qwen/Qwen2.5-Coder-14B-Instruct,1,0,1,1,strict,0.0,0.0,0.0
2026-09-16 03:17:57,L-M07_m-qwen2.5-coder-14b_sol1_gd1_rs0_bd1_str-strict_t00_n1,83,4,1,Qwen/Qwen2.5-Coder-14B-Instruct,1,0,1,1,strict,0.0,0.0,0.0
2026-09-16 03:18:07,L-M07_m-qwen2.5-coder-14b_sol1_gd1_rs0_bd1_str-strict_t00_n1,84,1,1,Qwen/Qwen2.5-Coder-14B-Instruct,1,0,1,1,strict,0.0,0.0,0.0
2026-09-16 03:18:16,L-M07_m-qwen2.5-coder-14b_sol1_gd1_rs0_bd1_str-strict_t00_n1,84,2,1,Qwen/Qwen2.5-Coder-14B-Instruct,1,0,1,1,strict,0.0,0.0,0.0
2026-09-16 03:18:26,L-M07_m-qwen2.5-coder-14b_sol1_gd1_rs0_bd1_str-strict_t00_n1,84,3,1,Qwen/Qwen2.5-Coder-14B-Instruct,1,0,1,1,strict,0.0,0.0,0.0
2026-09-16 03:18:31,L-M07_m-qwen2.5-coder-14b_sol1_gd1_rs0_bd1_str-strict_t00_n1,84,4,1,Qwen/Qwen2.5-Coder-14B-Instruct,1,0,1,1,strict,0.0,0.0,0.0
2026-09-16 03:18:41,L-M07_m-qwen2.5-coder-14b_sol1_gd1_rs0_bd1_str-strict_t00_n1,85,1,1,Qwen/Qwen2.5-Coder-14B-Instruct,1,0,1,1,strict,0.0,0.0,0.0
2026-09-16 03:18:50,L-M07_m-qwen2.5-coder-14b_sol1_gd1_rs0_bd1_str-strict_t00_n1,85,2,1,Qwen/Qwen2.5-Coder-14B-Instruct,1,0,1,1,strict,0.0,0.0,0.0
2026-09-16 03:19:00,L-M07_m-qwen2.5-coder-14b_sol1_gd1_rs0_bd1_str-strict_t00_n1,85,3,1,Qwen/Qwen2.5-Coder-14B-Instruct,1,0,1,1,strict,0.0,0.0,0.0
2026-09-16 03:19:11,L-M07_m-qwen2.5-coder-14b_sol1_gd1_rs0_bd1_str-strict_t00_n1,86,1,1,Qwen/Qwen2.5-Coder-14B-Instruct,1,0,1,1,strict,0.0,0.0,0.0
2026-09-16 03:19:20,L-M07_m-qwen2.5-coder-14b_sol1_gd1_rs0_bd1_str-strict_t00_n1,86,2,1,Qwen/Qwen2.5-Coder-14B-Instruct,1,0,1,1,strict,0.0,0.0,0.0
2026-09-16 03:19:33,L-M07_m-qwen2.5-coder-14b_sol1_gd1_rs0_bd1_str-strict_t00_n1,86,3,1,Qwen/Qwen2.5-Coder-14B-Instruct,1,0,1,1,strict,0.0,0.0,0.0
2026-09-16 03:19:43,L-M07_m-qwen2.5-coder-14b_sol1_gd1_rs0_bd1_str-strict_t00_n1,87,1,1,Qwen/Qwen2.5-Coder-14B-Instruct,1,0,1,1,strict,0.0,0.0,0.0
2026-09-16 03:19:52,L-M07_m-qwen2.5-coder-14b_sol1_gd1_rs0_bd1_str-strict_t00_n1,87,2,1,Qwen/Qwen2.5-Coder-14B-Instruct,1,0,1,1,strict,0.0,0.0,0.0
2026-09-16 03:20:02,L-M07_m-qwen2.5-coder-14b_sol1_gd1_rs0_bd1_str-strict_t00_n1,87,3,1,Qwen/Qwen2.5-Coder-14B-Instruct,1,0,1,1,strict,0.0,0.0,0.0
2026-09-16 03:20:09,L-M07_m-qwen2.5-coder-14b_sol1_gd1_rs0_bd1_str-strict_t00_n1,87,4,1,Qwen/Qwen2.5-Coder-14B-Instruct,1,0,1,1,strict,0.0,0.0,0.0
2026-09-16 03:20:19,L-M07_m-qwen2.5-coder-14b_sol1_gd1_rs0_bd1_str-strict_t00_n1,88,1,1,Qwen/Qwen2.5-Coder-14B-Instruct,1,0,1,1,strict,0.0,0.0,0.0
2026-09-16 03:20:28,L-M07_m-qwen2.5-coder-14b_sol1_gd1_rs0_bd1_str-strict_t00_n1,88,2,1,Qwen/Qwen2.5-Coder-14B-Instruct,1,0,1,1,strict,0.0,0.0,0.0
2026-09-16 03:20:36,L-M07_m-qwen2.5-coder-14b_sol1_gd1_rs0_bd1_str-strict_t00_n1,88,3,1,Qwen/Qwen2.5-Coder-14B-Instruct,1,0,1,1,strict,0.0,0.0,0.0
2026-09-16 03:20:53,L-M07_m-qwen2.5-coder-14b_sol1_gd1_rs0_bd1_str-strict_t00_n1,89,1,1,Qwen/Qwen2.5-Coder-14B-Instruct,1,0,1,1,strict,0.0,0.0,0.0
2026-09-16 03:21:01,L-M07_m-qwen2.5-coder-14b_sol1_gd1_rs0_bd1_str-strict_t00_n1,89,2,1,Qwen/Qwen2.5-Coder-14B-Instruct,1,0,1,1,strict,0.0,0.0,0.0
2026-09-16 03:21:12,L-M07_m-qwen2.5-coder-14b_sol1_gd1_rs0_bd1_str-strict_t00_n1,89,3,1,Qwen/Qwen2.5-Coder-14B-Instruct,1,0,1,1,strict,0.0,0.0,0.0
2026-09-16 03:21:22,L-M07_m-qwen2.5-coder-14b_sol1_gd1_rs0_bd1_str-strict_t00_n1,90,1,1,Qwen/Qwen2.5-Coder-14B-Instruct,1,0,1,1,strict,0.0,0.0,0.0
2026-09-16 03:21:32,L-M07_m-qwen2.5-coder-14b_sol1_gd1_rs0_bd1_str-strict_t00_n1,90,2,1,Qwen/Qwen2.5-Coder-14B-Instruct,1,0,1,1,strict,0.0,0.0,0.0
2026-09-16 03:21:44,L-M07_m-qwen2.5-coder-14b_sol1_gd1_rs0_bd1_str-strict_t00_n1,90,3,1,Qwen/Qwen2.5-Coder-14B-Instruct,1,0,1,1,strict,0.0,0.0,0.0
2026-09-16 03:21:50,L-M07_m-qwen2.5-coder-14b_sol1_gd1_rs0_bd1_str-strict_t00_n1,90,4,1,Qwen/Qwen2.5-Coder-14B-Instruct,1,0,1,1,strict,0.0,0.0,0.0
2026-09-16 03:22:00,L-M07_m-qwen2.5-coder-14b_sol1_gd1_rs0_bd1_str-strict_t00_n1,91,1,1,Qwen/Qwen2.5-Coder-14B-Instruct,1,0,1,1,strict,0.0,0.0,0.0
2026-09-16 03:22:09,L-M07_m-qwen2.5-coder-14b_sol1_gd1_rs0_bd1_str-strict_t00_n1,91,2,1,Qwen/Qwen2.5-Coder-14B-Instruct,1,0,1,1,strict,0.0,0.0,0.0
2026-09-16 03:22:18,L-M07_m-qwen2.5-coder-14b_sol1_gd1_rs0_bd1_str-strict_t00_n1,91,3,1,Qwen/Qwen2.5-Coder-14B-Instruct,1,0,1,1,strict,0.0,0.0,0.0
2026-09-16 03:22:23,L-M07_m-qwen2.5-coder-14b_sol1_gd1_rs0_bd1_str-strict_t00_n1,91,4,1,Qwen/Qwen2.5-Coder-14B-Instruct,1,0,1,1,strict,0.0,0.0,0.0
2026-09-16 03:22:34,L-M07_m-qwen2.5-coder-14b_sol1_gd1_rs0_bd1_str-strict_t00_n1,92,1,1,Qwen/Qwen2.5-Coder-14B-Instruct,1,0,1,1,strict,0.0,0.0,0.0
2026-09-16 03:22:42,L-M07_m-qwen2.5-coder-14b_sol1_gd1_rs0_bd1_str-strict_t00_n1,92,2,1,Qwen/Qwen2.5-Coder-14B-Instruct,1,0,1,1,strict,0.0,0.0,0.0
2026-09-16 03:22:50,L-M07_m-qwen2.5-coder-14b_sol1_gd1_rs0_bd1_str-strict_t00_n1,92,3,1,Qwen/Qwen2.5-Coder-14B-Instruct,1,0,1,1,strict,0.0,0.0,0.0
2026-09-16 03:23:00,L-M07_m-qwen2.5-coder-14b_sol1_gd1_rs0_bd1_str-strict_t00_n1,93,1,1,Qwen/Qwen2.5-Coder-14B-Instruct,1,0,1,1,strict,0.0,0.0,0.0
2026-09-16 03:23:10,L-M07_m-qwen2.5-coder-14b_sol1_gd1_rs0_bd1_str-strict_t00_n1,93,2,1,Qwen/Qwen2.5-Coder-14B-Instruct,1,0,1,1,strict,0.0,0.0,0.0
2026-09-16 03:23:17,L-M07_m-qwen2.5-coder-14b_sol1_gd1_rs0_bd1_str-strict_t00_n1,93,3,1,Qwen/Qwen2.5-Coder-14B-Instruct,1,0,1,1,strict,0.0,0.0,0.0
2026-09-16 03:23:27,L-M07_m-qwen2.5-coder-14b_sol1_gd1_rs0_bd1_str-strict_t00_n1,94,1,1,Qwen/Qwen2.5-Coder-14B-Instruct,1,0,1,1,strict,0.0,0.0,0.0
2026-09-16 03:23:36,L-M07_m-qwen2.5-coder-14b_sol1_gd1_rs0_bd1_str-strict_t00_n1,94,2,1,Qwen/Qwen2.5-Coder-14B-Instruct,1,0,1,1,strict,0.0,0.0,0.0
2026-09-16 03:23:42,L-M07_m-qwen2.5-coder-14b_sol1_gd1_rs0_bd1_str-strict_t00_n1,94,3,1,Qwen/Qwen2.5-Coder-14B-Instruct,1,0,1,1,strict,0.0,0.0,0.0
2026-09-16 03:23:52,L-M07_m-qwen2.5-coder-14b_sol1_gd1_rs0_bd1_str-strict_t00_n1,95,1,1,Qwen/Qwen2.5-Coder-14B-Instruct,1,0,1,1,strict,0.0,0.0,0.0
2026-09-16 03:24:01,L-M07_m-qwen2.5-coder-14b_sol1_gd1_rs0_bd1_str-strict_t00_n1,95,2,1,Qwen/Qwen2.5-Coder-14B-Instruct,1,0,1,1,strict,0.0,0.0,0.0
2026-09-16 03:24:09,L-M07_m-qwen2.5-coder-14b_sol1_gd1_rs0_bd1_str-strict_t00_n1,95,3,1,Qwen/Qwen2.5-Coder-14B-Instruct,1,0,1,1,strict,0.0,0.0,0.0
2026-09-16 03:24:14,L-M07_m-qwen2.5-coder-14b_sol1_gd1_rs0_bd1_str-strict_t00_n1,95,4,1,Qwen/Qwen2.5-Coder-14B-Instruct,1,0,1,1,strict,0.0,0.0,0.0
2026-09-16 03:24:24,L-M07_m-qwen2.5-coder-14b_sol1_gd1_rs0_bd1_str-strict_t00_n1,96,1,1,Qwen/Qwen2.5-Coder-14B-Instruct,1,0,1,1,strict,0.0,0.0,0.0
2026-09-16 03:24:32,L-M07_m-qwen2.5-coder-14b_sol1_gd1_rs0_bd1_str-strict_t00_n1,96,2,1,Qwen/Qwen2.5-Coder-14B-Instruct,1,0,1,1,strict,0.0,0.0,0.0
2026-09-16 03:24:43,L-M07_m-qwen2.5-coder-14b_sol1_gd1_rs0_bd1_str-strict_t00_n1,96,3,1,Qwen/Qwen2.5-Coder-14B-Instruct,1,0,1,1,strict,0.0,0.0,0.0
2026-09-16 03:24:53,L-M07_m-qwen2.5-coder-14b_sol1_gd1_rs0_bd1_str-strict_t00_n1,97,1,1,Qwen/Qwen2.5-Coder-14B-Instruct,1,0,1,1,strict,0.0,0.0,0.0
2026-09-16 03:25:02,L-M07_m-qwen2.5-coder-14b_sol1_gd1_rs0_bd1_str-strict_t00_n1,97,2,1,Qwen/Qwen2.5-Coder-14B-Instruct,1,0,1,1,strict,0.0,0.0,0.0
2026-09-16 03:25:14,L-M07_m-qwen2.5-coder-14b_sol1_gd1_rs0_bd1_str-strict_t00_n1,97,3,1,Qwen/Qwen2.5-Coder-14B-Instruct,1,0,1,1,strict,0.0,0.0,0.0
2026-09-16 03:25:24,L-M07_m-qwen2.5-coder-14b_sol1_gd1_rs0_bd1_str-strict_t00_n1,98,1,1,Qwen/Qwen2.5-Coder-14B-Instruct,1,0,1,1,strict,0.0,0.0,0.0
2026-09-16 03:25:33,L-M07_m-qwen2.5-coder-14b_sol1_gd1_rs0_bd1_str-strict_t00_n1,98,2,1,Qwen/Qwen2.5-Coder-14B-Instruct,1,0,1,1,strict,0.0,0.0,0.0
2026-09-16 03:25:44,L-M07_m-qwen2.5-coder-14b_sol1_gd1_rs0_bd1_str-strict_t00_n1,98,3,1,Qwen/Qwen2.5-Coder-14B-Instruct,1,0,1,1,strict,0.0,0.0,0.0
2026-09-16 03:25:49,L-M07_m-qwen2.5-coder-14b_sol1_gd1_rs0_bd1_str-strict_t00_n1,98,4,1,Qwen/Qwen2.5-Coder-14B-Instruct,1,0,1,1,strict,0.0,0.0,0.0
2026-09-16 03:26:00,L-M07_m-qwen2.5-coder-14b_sol1_gd1_rs0_bd1_str-strict_t00_n1,99,1,1,Qwen/Qwen2.5-Coder-14B-Instruct,1,0,1,1,strict,0.0,12.0,4.0
2026-09-16 03:26:08,L-M07_m-qwen2.5-coder-14b_sol1_gd1_rs0_bd1_str-strict_t00_n1,99,2,1,Qwen/Qwen2.5-Coder-14B-Instruct,1,0,1,1,strict,0.0,11.0,0.0
2026-09-16 03:26:18,L-M07_m-qwen2.5-coder-14b_sol1_gd1_rs0_bd1_str-strict_t00_n1,99,3,1,Qwen/Qwen2.5-Coder-14B-Instruct,1,0,1,1,strict,0.0,0.0,0.0
2026-09-16 03:26:23,L-M07_m-qwen2.5-coder-14b_sol1_gd1_rs0_bd1_str-strict_t00_n1,99,4,1,Qwen/Qwen2.5-Coder-14B-Instruct,1,0,1,1,strict,0.0,0.0,0.0
2026-09-16 03:26:34,L-M07_m-qwen2.5-coder-14b_sol1_gd1_rs0_bd1_str-strict_t00_n1,100,1,1,Qwen/Qwen2.5-Coder-14B-Instruct,1,0,1,1,strict,0.0,0.0,0.0
2026-09-16 03:26:43,L-M07_m-qwen2.5-coder-14b_sol1_gd1_rs0_bd1_str-strict_t00_n1,100,2,1,Qwen/Qwen2.5-Coder-14B-Instruct,1,0,1,1,strict,0.0,0.0,0.0
2026-09-16 03:26:56,L-M07_m-qwen2.5-coder-14b_sol1_gd1_rs0_bd1_str-strict_t00_n1,100,3,1,Qwen/Qwen2.5-Coder-14B-Instruct,1,0,1,1,strict,0.0,0.0,0.0
2026-09-16 03:27:02,L-M07_m-qwen2.5-coder-14b_sol1_gd1_rs0_bd1_str-strict_t00_n1,100,4,1,Qwen/Qwen2.5-Coder-14B-Instruct,1,0,1,1,strict,0.0,0.0,0.0
2026-09-16 03:27:12,L-M07_m-qwen2.5-coder-14b_sol1_gd1_rs0_bd1_str-strict_t00_n1,101,1,1,Qwen/Qwen2.5-Coder-14B-Instruct,1,0,1,1,strict,0.0,0.0,0.0
2026-09-16 03:27:21,L-M07_m-qwen2.5-coder-14b_sol1_gd1_rs0_bd1_str-strict_t00_n1,101,2,1,Qwen/Qwen2.5-Coder-14B-Instruct,1,0,1,1,strict,0.0,0.0,0.0
2026-09-16 03:27:32,L-M07_m-qwen2.5-coder-14b_sol1_gd1_rs0_bd1_str-strict_t00_n1,101,3,1,Qwen/Qwen2.5-Coder-14B-Instruct,1,0,1,1,strict,0.0,0.0,0.0
2026-09-16 03:27:43,L-M07_m-qwen2.5-coder-14b_sol1_gd1_rs0_bd1_str-strict_t00_n1,102,1,1,Qwen/Qwen2.5-Coder-14B-Instruct,1,0,1,1,strict,0.0,0.0,0.0
2026-09-16 03:27:51,L-M07_m-qwen2.5-coder-14b_sol1_gd1_rs0_bd1_str-strict_t00_n1,102,2,1,Qwen/Qwen2.5-Coder-14B-Instruct,1,0,1,1,strict,0.0,0.0,0.0
2026-09-16 03:28:06,L-M07_m-qwen2.5-coder-14b_sol1_gd1_rs0_bd1_str-strict_t00_n1,102,3,1,Qwen/Qwen2.5-Coder-14B-Instruct,1,0,1,1,strict,0.0,0.0,0.0
2026-09-16 03:28:17,L-M07_m-qwen2.5-coder-14b_sol1_gd1_rs0_bd1_str-strict_t00_n1,103,1,1,Qwen/Qwen2.5-Coder-14B-Instruct,1,0,1,1,strict,0.0,12.0,4.0
2026-09-16 03:28:25,L-M07_m-qwen2.5-coder-14b_sol1_gd1_rs0_bd1_str-strict_t00_n1,103,2,1,Qwen/Qwen2.5-Coder-14B-Instruct,1,0,1,1,strict,0.0,0.0,0.0
2026-09-16 03:28:37,L-M07_m-qwen2.5-coder-14b_sol1_gd1_rs0_bd1_str-strict_t00_n1,103,3,1,Qwen/Qwen2.5-Coder-14B-Instruct,1,0,1,1,strict,0.0,0.0,0.0
2026-09-16 03:28:41,L-M07_m-qwen2.5-coder-14b_sol1_gd1_rs0_bd1_str-strict_t00_n1,103,4,1,Qwen/Qwen2.5-Coder-14B-Instruct,1,0,1,1,strict,0.0,0.0,0.0
2026-09-16 03:28:52,L-M07_m-qwen2.5-coder-14b_sol1_gd1_rs0_bd1_str-strict_t00_n1,104,1,1,Qwen/Qwen2.5-Coder-14B-Instruct,1,0,1,1,strict,0.0,12.0,4.0
2026-09-16 03:29:01,L-M07_m-qwen2.5-coder-14b_sol1_gd1_rs0_bd1_str-strict_t00_n1,104,2,1,Qwen/Qwen2.5-Coder-14B-Instruct,1,0,1,1,strict,0.0,11.0,4.0
2026-09-16 03:29:15,L-M07_m-qwen2.5-coder-14b_sol1_gd1_rs0_bd1_str-strict_t00_n1,104,3,1,Qwen/Qwen2.5-Coder-14B-Instruct,1,0,1,1,strict,0.0,0.0,0.0
2026-09-16 03:29:24,L-M07_m-qwen2.5-coder-14b_sol1_gd1_rs0_bd1_str-strict_t00_n1,105,1,1,Qwen/Qwen2.5-Coder-14B-Instruct,1,0,1,1,strict,0.0,0.0,0.0
2026-09-16 03:29:34,L-M07_m-qwen2.5-coder-14b_sol1_gd1_rs0_bd1_str-strict_t00_n1,105,2,1,Qwen/Qwen2.5-Coder-14B-Instruct,1,0,1,1,strict,0.0,0.0,0.0
2026-09-16 03:29:39,L-M07_m-qwen2.5-coder-14b_sol1_gd1_rs0_bd1_str-strict_t00_n1,105,3,1,Qwen/Qwen2.5-Coder-14B-Instruct,1,0,1,1,strict,0.0,0.0,0.0
2026-09-16 03:29:50,L-M07_m-qwen2.5-coder-14b_sol1_gd1_rs0_bd1_str-strict_t00_n1,106,1,1,Qwen/Qwen2.5-Coder-14B-Instruct,1,0,1,1,strict,0.0,12.0,4.0
2026-09-16 03:29:59,L-M07_m-qwen2.5-coder-14b_sol1_gd1_rs0_bd1_str-strict_t00_n1,106,2,1,Qwen/Qwen2.5-Coder-14B-Instruct,1,0,1,1,strict,0.0,0.0,0.0
2026-09-16 03:30:09,L-M07_m-qwen2.5-coder-14b_sol1_gd1_rs0_bd1_str-strict_t00_n1,106,3,1,Qwen/Qwen2.5-Coder-14B-Instruct,1,0,1,1,strict,0.0,0.0,0.0
2026-09-16 03:30:15,L-M07_m-qwen2.5-coder-14b_sol1_gd1_rs0_bd1_str-strict_t00_n1,106,4,1,Qwen/Qwen2.5-Coder-14B-Instruct,1,0,1,1,strict,0.0,0.0,0.0
2026-09-16 03:30:25,L-M07_m-qwen2.5-coder-14b_sol1_gd1_rs0_bd1_str-strict_t00_n1,107,1,1,Qwen/Qwen2.5-Coder-14B-Instruct,1,0,1,1,strict,0.0,0.0,0.0
2026-09-16 03:30:34,L-M07_m-qwen2.5-coder-14b_sol1_gd1_rs0_bd1_str-strict_t00_n1,107,2,1,Qwen/Qwen2.5-Coder-14B-Instruct,1,0,1,1,strict,0.0,0.0,0.0
2026-09-16 03:30:48,L-M07_m-qwen2.5-coder-14b_sol1_gd1_rs0_bd1_str-strict_t00_n1,107,3,1,Qwen/Qwen2.5-Coder-14B-Instruct,1,0,1,1,strict,0.0,0.0,0.0
2026-09-16 03:30:58,L-M07_m-qwen2.5-coder-14b_sol1_gd1_rs0_bd1_str-strict_t00_n1,108,1,1,Qwen/Qwen2.5-Coder-14B-Instruct,1,0,1,1,strict,0.0,0.0,0.0
2026-09-16 03:31:07,L-M07_m-qwen2.5-coder-14b_sol1_gd1_rs0_bd1_str-strict_t00_n1,108,2,1,Qwen/Qwen2.5-Coder-14B-Instruct,1,0,1,1,strict,0.0,0.0,0.0
2026-09-16 03:31:19,L-M07_m-qwen2.5-coder-14b_sol1_gd1_rs0_bd1_str-strict_t00_n1,108,3,1,Qwen/Qwen2.5-Coder-14B-Instruct,1,0,1,1,strict,0.0,0.0,0.0
2026-09-16 03:31:24,L-M07_m-qwen2.5-coder-14b_sol1_gd1_rs0_bd1_str-strict_t00_n1,108,4,1,Qwen/Qwen2.5-Coder-14B-Instruct,1,0,1,1,strict,0.0,0.0,0.0
2026-09-16 03:31:34,L-M07_m-qwen2.5-coder-14b_sol1_gd1_rs0_bd1_str-strict_t00_n1,109,1,1,Qwen/Qwen2.5-Coder-14B-Instruct,1,0,1,1,strict,0.0,10.0,0.0
2026-09-16 03:31:43,L-M07_m-qwen2.5-coder-14b_sol1_gd1_rs0_bd1_str-strict_t00_n1,109,2,1,Qwen/Qwen2.5-Coder-14B-Instruct,1,0,1,1,strict,0.0,11.0,0.0
2026-09-16 03:31:49,L-M07_m-qwen2.5-coder-14b_sol1_gd1_rs0_bd1_str-strict_t00_n1,109,3,1,Qwen/Qwen2.5-Coder-14B-Instruct,1,0,1,1,strict,0.0,0.0,0.0
2026-09-16 03:31:54,L-M07_m-qwen2.5-coder-14b_sol1_gd1_rs0_bd1_str-strict_t00_n1,109,4,1,Qwen/Qwen2.5-Coder-14B-Instruct,1,0,1,1,strict,0.0,0.0,0.0
2026-09-16 03:32:04,L-M07_m-qwen2.5-coder-14b_sol1_gd1_rs0_bd1_str-strict_t00_n1,110,1,1,Qwen/Qwen2.5-Coder-14B-Instruct,1,0,1,1,strict,0.0,0.0,0.0
2026-09-16 03:32:13,L-M07_m-qwen2.5-coder-14b_sol1_gd1_rs0_bd1_str-strict_t00_n1,110,2,1,Qwen/Qwen2.5-Coder-14B-Instruct,1,0,1,1,strict,0.0,0.0,0.0
2026-09-16 03:32:23,L-M07_m-qwen2.5-coder-14b_sol1_gd1_rs0_bd1_str-strict_t00_n1,110,3,1,Qwen/Qwen2.5-Coder-14B-Instruct,1,0,1,1,strict,0.0,0.0,0.0
2026-09-16 03:32:34,L-M07_m-qwen2.5-coder-14b_sol1_gd1_rs0_bd1_str-strict_t00_n1,111,1,1,Qwen/Qwen2.5-Coder-14B-Instruct,1,0,1,1,strict,0.0,0.0,0.0
2026-09-16 03:32:42,L-M07_m-qwen2.5-coder-14b_sol1_gd1_rs0_bd1_str-strict_t00_n1,111,2,1,Qwen/Qwen2.5-Coder-14B-Instruct,1,0,1,1,strict,0.0,0.0,0.0
2026-09-16 03:32:53,L-M07_m-qwen2.5-coder-14b_sol1_gd1_rs0_bd1_str-strict_t00_n1,111,3,1,Qwen/Qwen2.5-Coder-14B-Instruct,1,0,1,1,strict,0.0,0.0,0.0
2026-09-16 03:33:03,L-M07_m-qwen2.5-coder-14b_sol1_gd1_rs0_bd1_str-strict_t00_n1,112,1,1,Qwen/Qwen2.5-Coder-14B-Instruct,1,0,1,1,strict,0.0,0.0,0.0
2026-09-16 03:33:12,L-M07_m-qwen2.5-coder-14b_sol1_gd1_rs0_bd1_str-strict_t00_n1,112,2,1,Qwen/Qwen2.5-Coder-14B-Instruct,1,0,1,1,strict,0.0,0.0,0.0
2026-09-16 03:33:21,L-M07_m-qwen2.5-coder-14b_sol1_gd1_rs0_bd1_str-strict_t00_n1,112,3,1,Qwen/Qwen2.5-Coder-14B-Instruct,1,0,1,1,strict,0.0,0.0,0.0
2026-09-16 03:33:32,L-M07_m-qwen2.5-coder-14b_sol1_gd1_rs0_bd1_str-strict_t00_n1,113,1,1,Qwen/Qwen2.5-Coder-14B-Instruct,1,0,1,1,strict,0.0,0.0,0.0
2026-09-16 03:33:41,L-M07_m-qwen2.5-coder-14b_sol1_gd1_rs0_bd1_str-strict_t00_n1,113,2,1,Qwen/Qwen2.5-Coder-14B-Instruct,1,0,1,1,strict,0.0,0.0,0.0
2026-09-16 03:33:53,L-M07_m-qwen2.5-coder-14b_sol1_gd1_rs0_bd1_str-strict_t00_n1,113,3,1,Qwen/Qwen2.5-Coder-14B-Instruct,1,0,1,1,strict,0.0,0.0,0.0
2026-09-16 03:34:03,L-M07_m-qwen2.5-coder-14b_sol1_gd1_rs0_bd1_str-strict_t00_n1,114,1,1,Qwen/Qwen2.5-Coder-14B-Instruct,1,0,1,1,strict,0.0,0.0,0.0
2026-09-16 03:34:13,L-M07_m-qwen2.5-coder-14b_sol1_gd1_rs0_bd1_str-strict_t00_n1,114,2,1,Qwen/Qwen2.5-Coder-14B-Instruct,1,0,1,1,strict,0.0,0.0,0.0
2026-09-16 03:34:26,L-M07_m-qwen2.5-coder-14b_sol1_gd1_rs0_bd1_str-strict_t00_n1,114,3,1,Qwen/Qwen2.5-Coder-14B-Instruct,1,0,1,1,strict,0.0,0.0,0.0
2026-09-16 03:34:37,L-M07_m-qwen2.5-coder-14b_sol1_gd1_rs0_bd1_str-strict_t00_n1,115,1,1,Qwen/Qwen2.5-Coder-14B-Instruct,1,0,1,1,strict,0.0,0.0,0.0
2026-09-16 03:34:46,L-M07_m-qwen2.5-coder-14b_sol1_gd1_rs0_bd1_str-strict_t00_n1,115,2,1,Qwen/Qwen2.5-Coder-14B-Instruct,1,0,1,1,strict,0.0,0.0,0.0
2026-09-16 03:34:55,L-M07_m-qwen2.5-coder-14b_sol1_gd1_rs0_bd1_str-strict_t00_n1,115,3,1,Qwen/Qwen2.5-Coder-14B-Instruct,1,0,1,1,strict,0.0,0.0,0.0
2026-09-16 03:35:05,L-M07_m-qwen2.5-coder-14b_sol1_gd1_rs0_bd1_str-strict_t00_n1,116,1,1,Qwen/Qwen2.5-Coder-14B-Instruct,1,0,1,1,strict,0.0,0.0,0.0
2026-09-16 03:35:13,L-M07_m-qwen2.5-coder-14b_sol1_gd1_rs0_bd1_str-strict_t00_n1,116,2,1,Qwen/Qwen2.5-Coder-14B-Instruct,1,0,1,1,strict,0.0,0.0,0.0
2026-09-16 03:35:25,L-M07_m-qwen2.5-coder-14b_sol1_gd1_rs0_bd1_str-strict_t00_n1,116,3,1,Qwen/Qwen2.5-Coder-14B-Instruct,1,0,1,1,strict,0.0,0.0,0.0
2026-09-16 03:35:35,L-M07_m-qwen2.5-coder-14b_sol1_gd1_rs0_bd1_str-strict_t00_n1,117,1,1,Qwen/Qwen2.5-Coder-14B-Instruct,1,0,1,1,strict,0.0,0.0,0.0
2026-09-16 03:35:44,L-M07_m-qwen2.5-coder-14b_sol1_gd1_rs0_bd1_str-strict_t00_n1,117,2,1,Qwen/Qwen2.5-Coder-14B-Instruct,1,0,1,1,strict,0.0,6.0,0.0
2026-09-16 03:35:56,L-M07_m-qwen2.5-coder-14b_sol1_gd1_rs0_bd1_str-strict_t00_n1,117,3,1,Qwen/Qwen2.5-Coder-14B-Instruct,1,0,1,1,strict,0.0,0.0,0.0
2026-09-16 03:36:06,L-M07_m-qwen2.5-coder-14b_sol1_gd1_rs0_bd1_str-strict_t00_n1,118,1,1,Qwen/Qwen2.5-Coder-14B-Instruct,1,0,1,1,strict,0.0,0.0,0.0
2026-09-16 03:36:14,L-M07_m-qwen2.5-coder-14b_sol1_gd1_rs0_bd1_str-strict_t00_n1,118,2,1,Qwen/Qwen2.5-Coder-14B-Instruct,1,0,1,1,strict,0.0,0.0,0.0
2026-09-16 03:36:25,L-M07_m-qwen2.5-coder-14b_sol1_gd1_rs0_bd1_str-strict_t00_n1,118,3,1,Qwen/Qwen2.5-Coder-14B-Instruct,1,0,1,1,strict,0.0,0.0,0.0
2026-09-16 03:36:30,L-M07_m-qwen2.5-coder-14b_sol1_gd1_rs0_bd1_str-strict_t00_n1,118,4,1,Qwen/Qwen2.5-Coder-14B-Instruct,1,0,1,1,strict,0.0,0.0,0.0
2026-09-16 03:36:40,L-M07_m-qwen2.5-coder-14b_sol1_gd1_rs0_bd1_str-strict_t00_n1,119,1,1,Qwen/Qwen2.5-Coder-14B-Instruct,1,0,1,1,strict,0.0,0.0,0.0
2026-09-16 03:36:48,L-M07_m-qwen2.5-coder-14b_sol1_gd1_rs0_bd1_str-strict_t00_n1,119,2,1,Qwen/Qwen2.5-Coder-14B-Instruct,1,0,1,1,strict,0.0,0.0,0.0
2026-09-16 03:37:03,L-M07_m-qwen2.5-coder-14b_sol1_gd1_rs0_bd1_str-strict_t00_n1,119,3,1,Qwen/Qwen2.5-Coder-14B-Instruct,1,0,1,1,strict,0.0,0.0,0.0
2026-09-16 03:37:09,L-M07_m-qwen2.5-coder-14b_sol1_gd1_rs0_bd1_str-strict_t00_n1,119,4,1,Qwen/Qwen2.5-Coder-14B-Instruct,1,0,1,1,strict,0.0,0.0,0.0
2026-09-16 03:37:18,L-M07_m-qwen2.5-coder-14b_sol1_gd1_rs0_bd1_str-strict_t00_n1,120,1,1,Qwen/Qwen2.5-Coder-14B-Instruct,1,0,1,1,strict,0.0,0.0,0.0
2026-09-16 03:37:27,L-M07_m-qwen2.5-coder-14b_sol1_gd1_rs0_bd1_str-strict_t00_n1,120,2,1,Qwen/Qwen2.5-Coder-14B-Instruct,1,0,1,1,strict,0.0,0.0,0.0
2026-09-16 03:37:38,L-M07_m-qwen2.5-coder-14b_sol1_gd1_rs0_bd1_str-strict_t00_n1,120,3,1,Qwen/Qwen2.5-Coder-14B-Instruct,1,0,1,1,strict,0.0,0.0,0.0
2026-09-16 03:37:43,L-M07_m-qwen2.5-coder-14b_sol1_gd1_rs0_bd1_str-strict_t00_n1,120,4,1,Qwen/Qwen2.5-Coder-14B-Instruct,1,0,1,1,strict,0.0,0.0,0.0
2026-09-16 03:37:52,L-M07_m-qwen2.5-coder-14b_sol1_gd1_rs0_bd1_str-strict_t00_n1,121,1,1,Qwen/Qwen2.5-Coder-14B-Instruct,1,0,1,1,strict,0.0,0.0,0.0
2026-09-16 03:38:00,L-M07_m-qwen2.5-coder-14b_sol1_gd1_rs0_bd1_str-strict_t00_n1,121,2,1,Qwen/Qwen2.5-Coder-14B-Instruct,1,0,1,1,strict,0.0,0.0,0.0
2026-09-16 03:38:15,L-M07_m-qwen2.5-coder-14b_sol1_gd1_rs0_bd1_str-strict_t00_n1,121,3,1,Qwen/Qwen2.5-Coder-14B-Instruct,1,0,1,1,strict,0.0,12.0,0.0
2026-09-16 03:38:25,L-M07_m-qwen2.5-coder-14b_sol1_gd1_rs0_bd1_str-strict_t00_n1,122,1,1,Qwen/Qwen2.5-Coder-14B-Instruct,1,0,1,1,strict,0.0,0.0,0.0
2026-09-16 03:38:34,L-M07_m-qwen2.5-coder-14b_sol1_gd1_rs0_bd1_str-strict_t00_n1,122,2,1,Qwen/Qwen2.5-Coder-14B-Instruct,1,0,1,1,strict,0.0,0.0,0.0
2026-09-16 03:38:48,L-M07_m-qwen2.5-coder-14b_sol1_gd1_rs0_bd1_str-strict_t00_n1,122,3,1,Qwen/Qwen2.5-Coder-14B-Instruct,1,0,1,1,strict,0.0,0.0,0.0
2026-09-16 03:38:58,L-M07_m-qwen2.5-coder-14b_sol1_gd1_rs0_bd1_str-strict_t00_n1,123,1,1,Qwen/Qwen2.5-Coder-14B-Instruct,1,0,1,1,strict,0.0,0.0,0.0
2026-09-16 03:39:08,L-M07_m-qwen2.5-coder-14b_sol1_gd1_rs0_bd1_str-strict_t00_n1,123,2,1,Qwen/Qwen2.5-Coder-14B-Instruct,1,0,1,1,strict,0.0,0.0,0.0
2026-09-16 03:39:19,L-M07_m-qwen2.5-coder-14b_sol1_gd1_rs0_bd1_str-strict_t00_n1,123,3,1,Qwen/Qwen2.5-Coder-14B-Instruct,1,0,1,1,strict,0.0,0.0,0.0
2026-09-16 03:39:30,L-M07_m-qwen2.5-coder-14b_sol1_gd1_rs0_bd1_str-strict_t00_n1,124,1,1,Qwen/Qwen2.5-Coder-14B-Instruct,1,0,1,1,strict,0.0,0.0,0.0
2026-09-16 03:39:39,L-M07_m-qwen2.5-coder-14b_sol1_gd1_rs0_bd1_str-strict_t00_n1,124,2,1,Qwen/Qwen2.5-Coder-14B-Instruct,1,0,1,1,strict,0.0,0.0,0.0
2026-09-16 03:39:52,L-M07_m-qwen2.5-coder-14b_sol1_gd1_rs0_bd1_str-strict_t00_n1,124,3,1,Qwen/Qwen2.5-Coder-14B-Instruct,1,0,1,1,strict,0.0,0.0,0.0
2026-09-16 03:40:03,L-M07_m-qwen2.5-coder-14b_sol1_gd1_rs0_bd1_str-strict_t00_n1,125,1,1,Qwen/Qwen2.5-Coder-14B-Instruct,1,0,1,1,strict,0.0,0.0,0.0
2026-09-16 03:40:12,L-M07_m-qwen2.5-coder-14b_sol1_gd1_rs0_bd1_str-strict_t00_n1,125,2,1,Qwen/Qwen2.5-Coder-14B-Instruct,1,0,1,1,strict,0.0,0.0,0.0
2026-09-16 03:40:28,L-M07_m-qwen2.5-coder-14b_sol1_gd1_rs0_bd1_str-strict_t00_n1,125,3,1,Qwen/Qwen2.5-Coder-14B-Instruct,1,0,1,1,strict,0.0,0.0,0.0
2026-09-16 03:40:39,L-M07_m-qwen2.5-coder-14b_sol1_gd1_rs0_bd1_str-strict_t00_n1,126,1,1,Qwen/Qwen2.5-Coder-14B-Instruct,1,0,1,1,strict,0.0,0.0,0.0
2026-09-16 03:40:47,L-M07_m-qwen2.5-coder-14b_sol1_gd1_rs0_bd1_str-strict_t00_n1,126,2,1,Qwen/Qwen2.5-Coder-14B-Instruct,1,0,1,1,strict,0.0,0.0,0.0
2026-09-16 03:40:59,L-M07_m-qwen2.5-coder-14b_sol1_gd1_rs0_bd1_str-strict_t00_n1,126,3,1,Qwen/Qwen2.5-Coder-14B-Instruct,1,0,1,1,strict,0.0,0.0,0.0
2026-09-16 03:41:09,L-M07_m-qwen2.5-coder-14b_sol1_gd1_rs0_bd1_str-strict_t00_n1,127,1,1,Qwen/Qwen2.5-Coder-14B-Instruct,1,0,1,1,strict,0.0,0.0,0.0
2026-09-16 03:41:19,L-M07_m-qwen2.5-coder-14b_sol1_gd1_rs0_bd1_str-strict_t00_n1,127,2,1,Qwen/Qwen2.5-Coder-14B-Instruct,1,0,1,1,strict,0.0,0.0,0.0
2026-09-16 03:41:32,L-M07_m-qwen2.5-coder-14b_sol1_gd1_rs0_bd1_str-strict_t00_n1,127,3,1,Qwen/Qwen2.5-Coder-14B-Instruct,1,0,1,1,strict,0.0,0.0,0.0
2026-09-16 03:41:37,L-M07_m-qwen2.5-coder-14b_sol1_gd1_rs0_bd1_str-strict_t00_n1,127,4,1,Qwen/Qwen2.5-Coder-14B-Instruct,1,0,1,1,strict,0.0,0.0,0.0
2026-09-16 03:41:48,L-M07_m-qwen2.5-coder-14b_sol1_gd1_rs0_bd1_str-strict_t00_n1,128,1,1,Qwen/Qwen2.5-Coder-14B-Instruct,1,0,1,1,strict,0.0,0.0,0.0
2026-09-16 03:41:56,L-M07_m-qwen2.5-coder-14b_sol1_gd1_rs0_bd1_str-strict_t00_n1,128,2,1,Qwen/Qwen2.5-Coder-14B-Instruct,1,0,1,1,strict,0.0,0.0,0.0
2026-09-16 03:42:12,L-M07_m-qwen2.5-coder-14b_sol1_gd1_rs0_bd1_str-strict_t00_n1,128,3,1,Qwen/Qwen2.5-Coder-14B-Instruct,1,0,1,1,strict,0.0,0.0,0.0
2026-09-16 03:42:22,L-M07_m-qwen2.5-coder-14b_sol1_gd1_rs0_bd1_str-strict_t00_n1,129,1,1,Qwen/Qwen2.5-Coder-14B-Instruct,1,0,1,1,strict,0.0,0.0,0.0
2026-09-16 03:42:32,L-M07_m-qwen2.5-coder-14b_sol1_gd1_rs0_bd1_str-strict_t00_n1,129,2,1,Qwen/Qwen2.5-Coder-14B-Instruct,1,0,1,1,strict,0.0,11.0,4.0
2026-09-16 03:42:44,L-M07_m-qwen2.5-coder-14b_sol1_gd1_rs0_bd1_str-strict_t00_n1,129,3,1,Qwen/Qwen2.5-Coder-14B-Instruct,1,0,1,1,strict,0.0,0.0,0.0
2026-09-16 03:42:49,L-M07_m-qwen2.5-coder-14b_sol1_gd1_rs0_bd1_str-strict_t00_n1,129,4,1,Qwen/Qwen2.5-Coder-14B-Instruct,1,0,1,1,strict,0.0,0.0,0.0
2026-09-16 03:42:59,L-M07_m-qwen2.5-coder-14b_sol1_gd1_rs0_bd1_str-strict_t00_n1,130,1,1,Qwen/Qwen2.5-Coder-14B-Instruct,1,0,1,1,strict,0.0,0.0,0.0
2026-09-16 03:43:09,L-M07_m-qwen2.5-coder-14b_sol1_gd1_rs0_bd1_str-strict_t00_n1,130,2,1,Qwen/Qwen2.5-Coder-14B-Instruct,1,0,1,1,strict,0.0,0.0,0.0
2026-09-16 03:43:17,L-M07_m-qwen2.5-coder-14b_sol1_gd1_rs0_bd1_str-strict_t00_n1,130,3,1,Qwen/Qwen2.5-Coder-14B-Instruct,1,0,1,1,strict,0.0,0.0,0.0
2026-09-16 03:43:21,L-M07_m-qwen2.5-coder-14b_sol1_gd1_rs0_bd1_str-strict_t00_n1,130,4,1,Qwen/Qwen2.5-Coder-14B-Instruct,1,0,1,1,strict,0.0,0.0,0.0
2026-09-16 03:43:31,L-M07_m-qwen2.5-coder-14b_sol1_gd1_rs0_bd1_str-strict_t00_n1,131,1,1,Qwen/Qwen2.5-Coder-14B-Instruct,1,0,1,1,strict,0.0,0.0,0.0
2026-09-16 03:43:40,L-M07_m-qwen2.5-coder-14b_sol1_gd1_rs0_bd1_str-strict_t00_n1,131,2,1,Qwen/Qwen2.5-Coder-14B-Instruct,1,0,1,1,strict,0.0,0.0,0.0
2026-09-16 03:43:50,L-M07_m-qwen2.5-coder-14b_sol1_gd1_rs0_bd1_str-strict_t00_n1,131,3,1,Qwen/Qwen2.5-Coder-14B-Instruct,1,0,1,1,strict,0.0,0.0,0.0
2026-09-16 03:44:00,L-M07_m-qwen2.5-coder-14b_sol1_gd1_rs0_bd1_str-strict_t00_n1,132,1,1,Qwen/Qwen2.5-Coder-14B-Instruct,1,0,1,1,strict,0.0,0.0,0.0
2026-09-16 03:44:07,L-M07_m-qwen2.5-coder-14b_sol1_gd1_rs0_bd1_str-strict_t00_n1,132,2,1,Qwen/Qwen2.5-Coder-14B-Instruct,1,0,1,1,strict,0.0,0.0,0.0
2026-09-16 03:44:16,L-M07_m-qwen2.5-coder-14b_sol1_gd1_rs0_bd1_str-strict_t00_n1,132,3,1,Qwen/Qwen2.5-Coder-14B-Instruct,1,0,1,1,strict,0.0,0.0,0.0
2026-09-16 03:44:21,L-M07_m-qwen2.5-coder-14b_sol1_gd1_rs0_bd1_str-strict_t00_n1,132,4,1,Qwen/Qwen2.5-Coder-14B-Instruct,1,0,1,1,strict,0.0,0.0,0.0
2026-09-16 03:44:32,L-M07_m-qwen2.5-coder-14b_sol1_gd1_rs0_bd1_str-strict_t00_n1,133,1,1,Qwen/Qwen2.5-Coder-14B-Instruct,1,0,1,1,strict,0.0,0.0,0.0
2026-09-16 03:44:41,L-M07_m-qwen2.5-coder-14b_sol1_gd1_rs0_bd1_str-strict_t00_n1,133,2,1,Qwen/Qwen2.5-Coder-14B-Instruct,1,0,1,1,strict,0.0,0.0,0.0
2026-09-16 03:44:52,L-M07_m-qwen2.5-coder-14b_sol1_gd1_rs0_bd1_str-strict_t00_n1,133,3,1,Qwen/Qwen2.5-Coder-14B-Instruct,1,0,1,1,strict,0.0,0.0,0.0
2026-09-16 03:45:02,L-M07_m-qwen2.5-coder-14b_sol1_gd1_rs0_bd1_str-strict_t00_n1,134,1,1,Qwen/Qwen2.5-Coder-14B-Instruct,1,0,1,1,strict,0.0,0.0,0.0
2026-09-16 03:45:11,L-M07_m-qwen2.5-coder-14b_sol1_gd1_rs0_bd1_str-strict_t00_n1,134,2,1,Qwen/Qwen2.5-Coder-14B-Instruct,1,0,1,1,strict,0.0,0.0,0.0
2026-09-16 03:45:21,L-M07_m-qwen2.5-coder-14b_sol1_gd1_rs0_bd1_str-strict_t00_n1,134,3,1,Qwen/Qwen2.5-Coder-14B-Instruct,1,0,1,1,strict,0.0,0.0,0.0
2026-09-16 03:45:32,L-M07_m-qwen2.5-coder-14b_sol1_gd1_rs0_bd1_str-strict_t00_n1,135,1,1,Qwen/Qwen2.5-Coder-14B-Instruct,1,0,1,1,strict,0.0,0.0,0.0
2026-09-16 03:45:41,L-M07_m-qwen2.5-coder-14b_sol1_gd1_rs0_bd1_str-strict_t00_n1,135,2,1,Qwen/Qwen2.5-Coder-14B-Instruct,1,0,1,1,strict,0.0,0.0,0.0
2026-09-16 03:45:53,L-M07_m-qwen2.5-coder-14b_sol1_gd1_rs0_bd1_str-strict_t00_n1,135,3,1,Qwen/Qwen2.5-Coder-14B-Instruct,1,0,1,1,strict,0.0,0.0,0.0
2026-09-16 03:46:04,L-M07_m-qwen2.5-coder-14b_sol1_gd1_rs0_bd1_str-strict_t00_n1,136,1,1,Qwen/Qwen2.5-Coder-14B-Instruct,1,0,1,1,strict,0.0,0.0,0.0
2026-09-16 03:46:12,L-M07_m-qwen2.5-coder-14b_sol1_gd1_rs0_bd1_str-strict_t00_n1,136,2,1,Qwen/Qwen2.5-Coder-14B-Instruct,1,0,1,1,strict,0.0,0.0,0.0
2026-09-16 03:46:24,L-M07_m-qwen2.5-coder-14b_sol1_gd1_rs0_bd1_str-strict_t00_n1,136,3,1,Qwen/Qwen2.5-Coder-14B-Instruct,1,0,1,1,strict,0.0,0.0,0.0
2026-09-16 03:46:29,L-M07_m-qwen2.5-coder-14b_sol1_gd1_rs0_bd1_str-strict_t00_n1,136,4,1,Qwen/Qwen2.5-Coder-14B-Instruct,1,0,1,1,strict,0.0,0.0,0.0
2026-09-16 03:46:40,L-M07_m-qwen2.5-coder-14b_sol1_gd1_rs0_bd1_str-strict_t00_n1,137,1,1,Qwen/Qwen2.5-Coder-14B-Instruct,1,0,1,1,strict,0.0,0.0,0.0
2026-09-16 03:46:48,L-M07_m-qwen2.5-coder-14b_sol1_gd1_rs0_bd1_str-strict_t00_n1,137,2,1,Qwen/Qwen2.5-Coder-14B-Instruct,1,0,1,1,strict,0.0,0.0,0.0
2026-09-16 03:46:58,L-M07_m-qwen2.5-coder-14b_sol1_gd1_rs0_bd1_str-strict_t00_n1,137,3,1,Qwen/Qwen2.5-Coder-14B-Instruct,1,0,1,1,strict,0.0,0.0,0.0
2026-09-16 03:47:08,L-M07_m-qwen2.5-coder-14b_sol1_gd1_rs0_bd1_str-strict_t00_n1,138,1,1,Qwen/Qwen2.5-Coder-14B-Instruct,1,0,1,1,strict,0.0,0.0,0.0
2026-09-16 03:47:16,L-M07_m-qwen2.5-coder-14b_sol1_gd1_rs0_bd1_str-strict_t00_n1,138,2,1,Qwen/Qwen2.5-Coder-14B-Instruct,1,0,1,1,strict,0.0,0.0,0.0
2026-09-16 03:47:27,L-M07_m-qwen2.5-coder-14b_sol1_gd1_rs0_bd1_str-strict_t00_n1,138,3,1,Qwen/Qwen2.5-Coder-14B-Instruct,1,0,1,1,strict,0.0,0.0,0.0
2026-09-16 03:47:37,L-M07_m-qwen2.5-coder-14b_sol1_gd1_rs0_bd1_str-strict_t00_n1,139,1,1,Qwen/Qwen2.5-Coder-14B-Instruct,1,0,1,1,strict,0.0,0.0,0.0
2026-09-16 03:47:46,L-M07_m-qwen2.5-coder-14b_sol1_gd1_rs0_bd1_str-strict_t00_n1,139,2,1,Qwen/Qwen2.5-Coder-14B-Instruct,1,0,1,1,strict,0.0,0.0,0.0
2026-09-16 03:47:57,L-M07_m-qwen2.5-coder-14b_sol1_gd1_rs0_bd1_str-strict_t00_n1,139,3,1,Qwen/Qwen2.5-Coder-14B-Instruct,1,0,1,1,strict,0.0,0.0,0.0
2026-09-16 03:48:08,L-M07_m-qwen2.5-coder-14b_sol1_gd1_rs0_bd1_str-strict_t00_n1,140,1,1,Qwen/Qwen2.5-Coder-14B-Instruct,1,0,1,1,strict,0.0,0.0,0.0
2026-09-16 03:48:17,L-M07_m-qwen2.5-coder-14b_sol1_gd1_rs0_bd1_str-strict_t00_n1,140,2,1,Qwen/Qwen2.5-Coder-14B-Instruct,1,0,1,1,strict,0.0,0.0,0.0
2026-09-16 03:48:28,L-M07_m-qwen2.5-coder-14b_sol1_gd1_rs0_bd1_str-strict_t00_n1,140,3,1,Qwen/Qwen2.5-Coder-14B-Instruct,1,0,1,1,strict,0.0,0.0,0.0
2026-09-16 03:48:33,L-M07_m-qwen2.5-coder-14b_sol1_gd1_rs0_bd1_str-strict_t00_n1,140,4,1,Qwen/Qwen2.5-Coder-14B-Instruct,1,0,1,1,strict,0.0,0.0,0.0
2026-09-16 03:48:44,L-M07_m-qwen2.5-coder-14b_sol1_gd1_rs0_bd1_str-strict_t00_n1,141,1,1,Qwen/Qwen2.5-Coder-14B-Instruct,1,0,1,1,strict,0.0,12.0,4.0
2026-09-16 03:48:54,L-M07_m-qwen2.5-coder-14b_sol1_gd1_rs0_bd1_str-strict_t00_n1,141,2,1,Qwen/Qwen2.5-Coder-14B-Instruct,1,0,1,1,strict,0.0,11.0,4.0
2026-09-16 03:49:06,L-M07_m-qwen2.5-coder-14b_sol1_gd1_rs0_bd1_str-strict_t00_n1,141,3,1,Qwen/Qwen2.5-Coder-14B-Instruct,1,0,1,1,strict,0.0,0.0,0.0
2026-09-16 03:49:10,L-M07_m-qwen2.5-coder-14b_sol1_gd1_rs0_bd1_str-strict_t00_n1,141,4,1,Qwen/Qwen2.5-Coder-14B-Instruct,1,0,1,1,strict,0.0,0.0,0.0
2026-09-16 03:49:20,L-M07_m-qwen2.5-coder-14b_sol1_gd1_rs0_bd1_str-strict_t00_n1,142,1,1,Qwen/Qwen2.5-Coder-14B-Instruct,1,0,1,1,strict,0.0,0.0,0.0
2026-09-16 03:49:29,L-M07_m-qwen2.5-coder-14b_sol1_gd1_rs0_bd1_str-strict_t00_n1,142,2,1,Qwen/Qwen2.5-Coder-14B-Instruct,1,0,1,1,strict,0.0,0.0,0.0
2026-09-16 03:49:41,L-M07_m-qwen2.5-coder-14b_sol1_gd1_rs0_bd1_str-strict_t00_n1,142,3,1,Qwen/Qwen2.5-Coder-14B-Instruct,1,0,1,1,strict,0.0,0.0,0.0
2026-09-16 03:49:51,L-M07_m-qwen2.5-coder-14b_sol1_gd1_rs0_bd1_str-strict_t00_n1,143,1,1,Qwen/Qwen2.5-Coder-14B-Instruct,1,0,1,1,strict,0.0,0.0,0.0
2026-09-16 03:50:00,L-M07_m-qwen2.5-coder-14b_sol1_gd1_rs0_bd1_str-strict_t00_n1,143,2,1,Qwen/Qwen2.5-Coder-14B-Instruct,1,0,1,1,strict,0.0,0.0,0.0
2026-09-16 03:50:12,L-M07_m-qwen2.5-coder-14b_sol1_gd1_rs0_bd1_str-strict_t00_n1,143,3,1,Qwen/Qwen2.5-Coder-14B-Instruct,1,0,1,1,strict,0.0,0.0,0.0
2026-09-16 03:50:16,L-M07_m-qwen2.5-coder-14b_sol1_gd1_rs0_bd1_str-strict_t00_n1,143,4,1,Qwen/Qwen2.5-Coder-14B-Instruct,1,0,1,1,strict,0.0,0.0,0.0
2026-09-16 03:50:27,L-M07_m-qwen2.5-coder-14b_sol1_gd1_rs0_bd1_str-strict_t00_n1,144,1,1,Qwen/Qwen2.5-Coder-14B-Instruct,1,0,1,1,strict,0.0,0.0,0.0
2026-09-16 03:50:36,L-M07_m-qwen2.5-coder-14b_sol1_gd1_rs0_bd1_str-strict_t00_n1,144,2,1,Qwen/Qwen2.5-Coder-14B-Instruct,1,0,1,1,strict,0.0,0.0,0.0
2026-09-16 03:50:50,L-M07_m-qwen2.5-coder-14b_sol1_gd1_rs0_bd1_str-strict_t00_n1,144,3,1,Qwen/Qwen2.5-Coder-14B-Instruct,1,0,1,1,strict,0.0,0.0,0.0
2026-09-16 03:51:00,L-M07_m-qwen2.5-coder-14b_sol1_gd1_rs0_bd1_str-strict_t00_n1,145,1,1,Qwen/Qwen2.5-Coder-14B-Instruct,1,0,1,1,strict,0.0,0.0,0.0
2026-09-16 03:51:09,L-M07_m-qwen2.5-coder-14b_sol1_gd1_rs0_bd1_str-strict_t00_n1,145,2,1,Qwen/Qwen2.5-Coder-14B-Instruct,1,0,1,1,strict,0.0,0.0,0.0
2026-09-16 03:51:22,L-M07_m-qwen2.5-coder-14b_sol1_gd1_rs0_bd1_str-strict_t00_n1,145,3,1,Qwen/Qwen2.5-Coder-14B-Instruct,1,0,1,1,strict,0.0,0.0,0.0
2026-09-16 03:51:28,L-M07_m-qwen2.5-coder-14b_sol1_gd1_rs0_bd1_str-strict_t00_n1,145,4,1,Qwen/Qwen2.5-Coder-14B-Instruct,1,0,1,1,strict,0.0,0.0,0.0
2026-09-16 03:51:38,L-M07_m-qwen2.5-coder-14b_sol1_gd1_rs0_bd1_str-strict_t00_n1,146,1,1,Qwen/Qwen2.5-Coder-14B-Instruct,1,0,1,1,strict,0.0,0.0,0.0
2026-09-16 03:51:47,L-M07_m-qwen2.5-coder-14b_sol1_gd1_rs0_bd1_str-strict_t00_n1,146,2,1,Qwen/Qwen2.5-Coder-14B-Instruct,1,0,1,1,strict,0.0,0.0,0.0
2026-09-16 03:51:56,L-M07_m-qwen2.5-coder-14b_sol1_gd1_rs0_bd1_str-strict_t00_n1,146,3,1,Qwen/Qwen2.5-Coder-14B-Instruct,1,0,1,1,strict,0.0,0.0,0.0
2026-09-16 03:52:06,L-M07_m-qwen2.5-coder-14b_sol1_gd1_rs0_bd1_str-strict_t00_n1,147,1,1,Qwen/Qwen2.5-Coder-14B-Instruct,1,0,1,1,strict,0.0,0.0,0.0
2026-09-16 03:52:15,L-M07_m-qwen2.5-coder-14b_sol1_gd1_rs0_bd1_str-strict_t00_n1,147,2,1,Qwen/Qwen2.5-Coder-14B-Instruct,1,0,1,1,strict,0.0,0.0,0.0
2026-09-16 03:52:29,L-M07_m-qwen2.5-coder-14b_sol1_gd1_rs0_bd1_str-strict_t00_n1,147,3,1,Qwen/Qwen2.5-Coder-14B-Instruct,1,0,1,1,strict,0.0,0.0,0.0
2026-09-16 03:52:38,L-M07_m-qwen2.5-coder-14b_sol1_gd1_rs0_bd1_str-strict_t00_n1,148,1,1,Qwen/Qwen2.5-Coder-14B-Instruct,1,0,1,1,strict,0.0,0.0,0.0
2026-09-16 03:52:47,L-M07_m-qwen2.5-coder-14b_sol1_gd1_rs0_bd1_str-strict_t00_n1,148,2,1,Qwen/Qwen2.5-Coder-14B-Instruct,1,0,1,1,strict,0.0,0.0,0.0
2026-09-16 03:53:02,L-M07_m-qwen2.5-coder-14b_sol1_gd1_rs0_bd1_str-strict_t00_n1,148,3,1,Qwen/Qwen2.5-Coder-14B-Instruct,1,0,1,1,strict,0.0,0.0,0.0
2026-09-16 03:53:13,L-M07_m-qwen2.5-coder-14b_sol1_gd1_rs0_bd1_str-strict_t00_n1,149,1,1,Qwen/Qwen2.5-Coder-14B-Instruct,1,0,1,1,strict,0.0,0.0,0.0
2026-09-16 03:53:22,L-M07_m-qwen2.5-coder-14b_sol1_gd1_rs0_bd1_str-strict_t00_n1,149,2,1,Qwen/Qwen2.5-Coder-14B-Instruct,1,0,1,1,strict,0.0,0.0,0.0
2026-09-16 03:53:34,L-M07_m-qwen2.5-coder-14b_sol1_gd1_rs0_bd1_str-strict_t00_n1,149,3,1,Qwen/Qwen2.5-Coder-14B-Instruct,1,0,1,1,strict,0.0,0.0,0.0
2026-09-16 03:53:45,L-M07_m-qwen2.5-coder-14b_sol1_gd1_rs0_bd1_str-strict_t00_n1,150,1,1,Qwen/Qwen2.5-Coder-14B-Instruct,1,0,1,1,strict,0.0,0.0,0.0
2026-09-16 03:53:53,L-M07_m-qwen2.5-coder-14b_sol1_gd1_rs0_bd1_str-strict_t00_n1,150,2,1,Qwen/Qwen2.5-Coder-14B-Instruct,1,0,1,1,strict,0.0,0.0,0.0
2026-09-16 03:54:05,L-M07_m-qwen2.5-coder-14b_sol1_gd1_rs0_bd1_str-strict_t00_n1,150,3,1,Qwen/Qwen2.5-Coder-14B-Instruct,1,0,1,1,strict,0.0,0.0,0.0
2026-09-16 03:54:15,L-M07_m-qwen2.5-coder-14b_sol1_gd1_rs0_bd1_str-strict_t00_n1,151,1,1,Qwen/Qwen2.5-Coder-14B-Instruct,1,0,1,1,strict,0.0,0.0,0.0
2026-09-16 03:54:26,L-M07_m-qwen2.5-coder-14b_sol1_gd1_rs0_bd1_str-strict_t00_n1,152,1,1,Qwen/Qwen2.5-Coder-14B-Instruct,1,0,1,1,strict,0.0,0.0,0.0
2026-09-16 03:54:35,L-M07_m-qwen2.5-coder-14b_sol1_gd1_rs0_bd1_str-strict_t00_n1,152,2,1,Qwen/Qwen2.5-Coder-14B-Instruct,1,0,1,1,strict,0.0,0.0,0.0
2026-09-16 03:54:41,L-M07_m-qwen2.5-coder-14b_sol1_gd1_rs0_bd1_str-strict_t00_n1,152,3,1,Qwen/Qwen2.5-Coder-14B-Instruct,1,0,1,1,strict,0.0,0.0,0.0
2026-09-16 03:54:51,L-M07_m-qwen2.5-coder-14b_sol1_gd1_rs0_bd1_str-strict_t00_n1,153,1,1,Qwen/Qwen2.5-Coder-14B-Instruct,1,0,1,1,strict,0.0,0.0,0.0
2026-09-16 03:55:00,L-M07_m-qwen2.5-coder-14b_sol1_gd1_rs0_bd1_str-strict_t00_n1,153,2,1,Qwen/Qwen2.5-Coder-14B-Instruct,1,0,1,1,strict,0.0,0.0,0.0
2026-09-16 03:55:12,L-M07_m-qwen2.5-coder-14b_sol1_gd1_rs0_bd1_str-strict_t00_n1,153,3,1,Qwen/Qwen2.5-Coder-14B-Instruct,1,0,1,1,strict,0.0,0.0,0.0
2026-09-16 03:55:23,L-M07_m-qwen2.5-coder-14b_sol1_gd1_rs0_bd1_str-strict_t00_n1,154,1,1,Qwen/Qwen2.5-Coder-14B-Instruct,1,0,1,1,strict,0.0,0.0,0.0
2026-09-16 03:55:32,L-M07_m-qwen2.5-coder-14b_sol1_gd1_rs0_bd1_str-strict_t00_n1,154,2,1,Qwen/Qwen2.5-Coder-14B-Instruct,1,0,1,1,strict,0.0,0.0,0.0
2026-09-16 03:55:45,L-M07_m-qwen2.5-coder-14b_sol1_gd1_rs0_bd1_str-strict_t00_n1,154,3,1,Qwen/Qwen2.5-Coder-14B-Instruct,1,0,1,1,strict,0.0,0.0,0.0
2026-09-16 03:55:50,L-M07_m-qwen2.5-coder-14b_sol1_gd1_rs0_bd1_str-strict_t00_n1,154,4,1,Qwen/Qwen2.5-Coder-14B-Instruct,1,0,1,1,strict,0.0,0.0,0.0
2026-09-16 03:56:01,L-M07_m-qwen2.5-coder-14b_sol1_gd1_rs0_bd1_str-strict_t00_n1,155,1,1,Qwen/Qwen2.5-Coder-14B-Instruct,1,0,1,1,strict,0.0,0.0,0.0
2026-09-16 03:56:09,L-M07_m-qwen2.5-coder-14b_sol1_gd1_rs0_bd1_str-strict_t00_n1,155,2,1,Qwen/Qwen2.5-Coder-14B-Instruct,1,0,1,1,strict,0.0,0.0,0.0
2026-09-16 03:56:20,L-M07_m-qwen2.5-coder-14b_sol1_gd1_rs0_bd1_str-strict_t00_n1,155,3,1,Qwen/Qwen2.5-Coder-14B-Instruct,1,0,1,1,strict,0.0,0.0,0.0
2026-09-16 03:56:29,L-M07_m-qwen2.5-coder-14b_sol1_gd1_rs0_bd1_str-strict_t00_n1,156,1,1,Qwen/Qwen2.5-Coder-14B-Instruct,1,0,1,1,strict,0.0,0.0,0.0
2026-09-16 03:56:39,L-M07_m-qwen2.5-coder-14b_sol1_gd1_rs0_bd1_str-strict_t00_n1,156,2,1,Qwen/Qwen2.5-Coder-14B-Instruct,1,0,1,1,strict,0.0,0.0,0.0
2026-09-16 03:56:50,L-M07_m-qwen2.5-coder-14b_sol1_gd1_rs0_bd1_str-strict_t00_n1,156,3,1,Qwen/Qwen2.5-Coder-14B-Instruct,1,0,1,1,strict,0.0,0.0,0.0
2026-09-16 03:57:00,L-M07_m-qwen2.5-coder-14b_sol1_gd1_rs0_bd1_str-strict_t00_n1,157,1,1,Qwen/Qwen2.5-Coder-14B-Instruct,1,0,1,1,strict,0.0,0.0,0.0
2026-09-16 03:57:09,L-M07_m-qwen2.5-coder-14b_sol1_gd1_rs0_bd1_str-strict_t00_n1,157,2,1,Qwen/Qwen2.5-Coder-14B-Instruct,1,0,1,1,strict,0.0,0.0,0.0
2026-09-16 03:57:19,L-M07_m-qwen2.5-coder-14b_sol1_gd1_rs0_bd1_str-strict_t00_n1,157,3,1,Qwen/Qwen2.5-Coder-14B-Instruct,1,0,1,1,strict,0.0,0.0,0.0
2026-09-16 03:57:23,L-M07_m-qwen2.5-coder-14b_sol1_gd1_rs0_bd1_str-strict_t00_n1,157,4,1,Qwen/Qwen2.5-Coder-14B-Instruct,1,0,1,1,strict,0.0,0.0,0.0
2026-09-16 03:57:43,L-M07_m-qwen2.5-coder-14b_sol1_gd1_rs0_bd1_str-strict_t00_n1,158,1,1,Qwen/Qwen2.5-Coder-14B-Instruct,1,0,1,1,strict,0.0,0.0,0.0
2026-09-16 03:57:52,L-M07_m-qwen2.5-coder-14b_sol1_gd1_rs0_bd1_str-strict_t00_n1,158,2,1,Qwen/Qwen2.5-Coder-14B-Instruct,1,0,1,1,strict,0.0,0.0,0.0
2026-09-16 03:58:02,L-M07_m-qwen2.5-coder-14b_sol1_gd1_rs0_bd1_str-strict_t00_n1,158,3,1,Qwen/Qwen2.5-Coder-14B-Instruct,1,0,1,1,strict,0.0,0.0,0.0
2026-09-16 03:58:12,L-M07_m-qwen2.5-coder-14b_sol1_gd1_rs0_bd1_str-strict_t00_n1,159,1,1,Qwen/Qwen2.5-Coder-14B-Instruct,1,0,1,1,strict,0.0,0.0,0.0
2026-09-16 03:58:20,L-M07_m-qwen2.5-coder-14b_sol1_gd1_rs0_bd1_str-strict_t00_n1,159,2,1,Qwen/Qwen2.5-Coder-14B-Instruct,1,0,1,1,strict,0.0,0.0,0.0
2026-09-16 03:58:33,L-M07_m-qwen2.5-coder-14b_sol1_gd1_rs0_bd1_str-strict_t00_n1,159,3,1,Qwen/Qwen2.5-Coder-14B-Instruct,1,0,1,1,strict,0.0,0.0,0.0
2026-09-16 03:58:42,L-M07_m-qwen2.5-coder-14b_sol1_gd1_rs0_bd1_str-strict_t00_n1,160,1,1,Qwen/Qwen2.5-Coder-14B-Instruct,1,0,1,1,strict,0.0,0.0,0.0
2026-09-16 03:58:51,L-M07_m-qwen2.5-coder-14b_sol1_gd1_rs0_bd1_str-strict_t00_n1,160,2,1,Qwen/Qwen2.5-Coder-14B-Instruct,1,0,1,1,strict,0.0,0.0,0.0
2026-09-16 03:59:02,L-M07_m-qwen2.5-coder-14b_sol1_gd1_rs0_bd1_str-strict_t00_n1,160,3,1,Qwen/Qwen2.5-Coder-14B-Instruct,1,0,1,1,strict,0.0,0.0,0.0
2026-09-16 03:59:12,L-M07_m-qwen2.5-coder-14b_sol1_gd1_rs0_bd1_str-strict_t00_n1,161,1,1,Qwen/Qwen2.5-Coder-14B-Instruct,1,0,1,1,strict,0.0,0.0,0.0
2026-09-16 03:59:21,L-M07_m-qwen2.5-coder-14b_sol1_gd1_rs0_bd1_str-strict_t00_n1,161,2,1,Qwen/Qwen2.5-Coder-14B-Instruct,1,0,1,1,strict,0.0,0.0,0.0
2026-09-16 03:59:31,L-M07_m-qwen2.5-coder-14b_sol1_gd1_rs0_bd1_str-strict_t00_n1,161,3,1,Qwen/Qwen2.5-Coder-14B-Instruct,1,0,1,1,strict,0.0,0.0,0.0
2026-09-16 03:59:42,L-M07_m-qwen2.5-coder-14b_sol1_gd1_rs0_bd1_str-strict_t00_n1,162,1,1,Qwen/Qwen2.5-Coder-14B-Instruct,1,0,1,1,strict,0.0,0.0,0.0
2026-09-16 03:59:51,L-M07_m-qwen2.5-coder-14b_sol1_gd1_rs0_bd1_str-strict_t00_n1,162,2,1,Qwen/Qwen2.5-Coder-14B-Instruct,1,0,1,1,strict,0.0,0.0,0.0
2026-09-16 03:59:59,L-M07_m-qwen2.5-coder-14b_sol1_gd1_rs0_bd1_str-strict_t00_n1,162,3,1,Qwen/Qwen2.5-Coder-14B-Instruct,1,0,1,1,strict,0.0,0.0,0.0
2026-09-16 04:00:05,L-M07_m-qwen2.5-coder-14b_sol1_gd1_rs0_bd1_str-strict_t00_n1,162,4,1,Qwen/Qwen2.5-Coder-14B-Instruct,1,0,1,1,strict,0.0,0.0,0.0
2026-09-16 04:00:15,L-M07_m-qwen2.5-coder-14b_sol1_gd1_rs0_bd1_str-strict_t00_n1,163,1,1,Qwen/Qwen2.5-Coder-14B-Instruct,1,0,1,1,strict,0.0,0.0,0.0
2026-09-16 04:00:24,L-M07_m-qwen2.5-coder-14b_sol1_gd1_rs0_bd1_str-strict_t00_n1,163,2,1,Qwen/Qwen2.5-Coder-14B-Instruct,1,0,1,1,strict,0.0,0.0,0.0
2026-09-16 04:00:32,L-M07_m-qwen2.5-coder-14b_sol1_gd1_rs0_bd1_str-strict_t00_n1,163,3,1,Qwen/Qwen2.5-Coder-14B-Instruct,1,0,1,1,strict,0.0,0.0,0.0
2026-09-16 04:00:43,L-M07_m-qwen2.5-coder-14b_sol1_gd1_rs0_bd1_str-strict_t00_n1,164,1,1,Qwen/Qwen2.5-Coder-14B-Instruct,1,0,1,1,strict,0.0,12.0,4.0
2026-09-16 04:00:52,L-M07_m-qwen2.5-coder-14b_sol1_gd1_rs0_bd1_str-strict_t00_n1,164,2,1,Qwen/Qwen2.5-Coder-14B-Instruct,1,0,1,1,strict,0.0,0.0,0.0
2026-09-16 04:01:02,L-M07_m-qwen2.5-coder-14b_sol1_gd1_rs0_bd1_str-strict_t00_n1,164,3,1,Qwen/Qwen2.5-Coder-14B-Instruct,1,0,1,1,strict,0.0,0.0,0.0
2026-09-16 04:01:07,L-M07_m-qwen2.5-coder-14b_sol1_gd1_rs0_bd1_str-strict_t00_n1,164,4,1,Qwen/Qwen2.5-Coder-14B-Instruct,1,0,1,1,strict,0.0,0.0,0.0
2026-09-16 04:01:17,L-M07_m-qwen2.5-coder-14b_sol1_gd1_rs0_bd1_str-strict_t00_n1,165,1,1,Qwen/Qwen2.5-Coder-14B-Instruct,1,0,1,1,strict,0.0,0.0,0.0
2026-09-16 04:01:25,L-M07_m-qwen2.5-coder-14b_sol1_gd1_rs0_bd1_str-strict_t00_n1,165,2,1,Qwen/Qwen2.5-Coder-14B-Instruct,1,0,1,1,strict,0.0,0.0,0.0
2026-09-16 04:01:35,L-M07_m-qwen2.5-coder-14b_sol1_gd1_rs0_bd1_str-strict_t00_n1,165,3,1,Qwen/Qwen2.5-Coder-14B-Instruct,1,0,1,1,strict,0.0,0.0,0.0
2026-09-16 04:01:40,L-M07_m-qwen2.5-coder-14b_sol1_gd1_rs0_bd1_str-strict_t00_n1,165,4,1,Qwen/Qwen2.5-Coder-14B-Instruct,1,0,1,1,strict,0.0,0.0,0.0
2026-09-16 04:01:50,L-M07_m-qwen2.5-coder-14b_sol1_gd1_rs0_bd1_str-strict_t00_n1,166,1,1,Qwen/Qwen2.5-Coder-14B-Instruct,1,0,1,1,strict,0.0,0.0,0.0
2026-09-16 04:01:59,L-M07_m-qwen2.5-coder-14b_sol1_gd1_rs0_bd1_str-strict_t00_n1,166,2,1,Qwen/Qwen2.5-Coder-14B-Instruct,1,0,1,1,strict,0.0,0.0,0.0
2026-09-16 04:02:10,L-M07_m-qwen2.5-coder-14b_sol1_gd1_rs0_bd1_str-strict_t00_n1,166,3,1,Qwen/Qwen2.5-Coder-14B-Instruct,1,0,1,1,strict,0.0,0.0,0.0
2026-09-16 04:02:20,L-M07_m-qwen2.5-coder-14b_sol1_gd1_rs0_bd1_str-strict_t00_n1,167,1,1,Qwen/Qwen2.5-Coder-14B-Instruct,1,0,1,1,strict,0.0,0.0,0.0
2026-09-16 04:02:28,L-M07_m-qwen2.5-coder-14b_sol1_gd1_rs0_bd1_str-strict_t00_n1,167,2,1,Qwen/Qwen2.5-Coder-14B-Instruct,1,0,1,1,strict,0.0,0.0,0.0
2026-09-16 04:02:35,L-M07_m-qwen2.5-coder-14b_sol1_gd1_rs0_bd1_str-strict_t00_n1,167,3,1,Qwen/Qwen2.5-Coder-14B-Instruct,1,0,1,1,strict,0.0,0.0,0.0
2026-09-16 04:02:46,L-M07_m-qwen2.5-coder-14b_sol1_gd1_rs0_bd1_str-strict_t00_n1,168,1,1,Qwen/Qwen2.5-Coder-14B-Instruct,1,0,1,1,strict,0.0,0.0,0.0
2026-09-16 04:02:55,L-M07_m-qwen2.5-coder-14b_sol1_gd1_rs0_bd1_str-strict_t00_n1,168,2,1,Qwen/Qwen2.5-Coder-14B-Instruct,1,0,1,1,strict,0.0,0.0,0.0
2026-09-16 04:03:07,L-M07_m-qwen2.5-coder-14b_sol1_gd1_rs0_bd1_str-strict_t00_n1,168,3,1,Qwen/Qwen2.5-Coder-14B-Instruct,1,0,1,1,strict,0.0,0.0,0.0
2026-09-16 04:03:17,L-M07_m-qwen2.5-coder-14b_sol1_gd1_rs0_bd1_str-strict_t00_n1,169,1,1,Qwen/Qwen2.5-Coder-14B-Instruct,1,0,1,1,strict,0.0,0.0,0.0
2026-09-16 04:03:25,L-M07_m-qwen2.5-coder-14b_sol1_gd1_rs0_bd1_str-strict_t00_n1,169,2,1,Qwen/Qwen2.5-Coder-14B-Instruct,1,0,1,1,strict,0.0,0.0,0.0
2026-09-16 04:03:37,L-M07_m-qwen2.5-coder-14b_sol1_gd1_rs0_bd1_str-strict_t00_n1,169,3,1,Qwen/Qwen2.5-Coder-14B-Instruct,1,0,1,1,strict,0.0,0.0,0.0
2026-09-16 04:03:42,L-M07_m-qwen2.5-coder-14b_sol1_gd1_rs0_bd1_str-strict_t00_n1,169,4,1,Qwen/Qwen2.5-Coder-14B-Instruct,1,0,1,1,strict,0.0,0.0,0.0
2026-09-16 04:03:57,L-M07_m-qwen2.5-coder-14b_sol1_gd1_rs0_bd1_str-strict_t00_n1,170,1,1,Qwen/Qwen2.5-Coder-14B-Instruct,1,0,1,1,strict,0.0,0.0,0.0
2026-09-16 04:04:06,L-M07_m-qwen2.5-coder-14b_sol1_gd1_rs0_bd1_str-strict_t00_n1,170,2,1,Qwen/Qwen2.5-Coder-14B-Instruct,1,0,1,1,strict,0.0,6.0,0.0
2026-09-16 04:04:17,L-M07_m-qwen2.5-coder-14b_sol1_gd1_rs0_bd1_str-strict_t00_n1,170,3,1,Qwen/Qwen2.5-Coder-14B-Instruct,1,0,1,1,strict,0.0,0.0,0.0
2026-09-16 04:04:24,L-M07_m-qwen2.5-coder-14b_sol1_gd1_rs0_bd1_str-strict_t00_n1,170,4,1,Qwen/Qwen2.5-Coder-14B-Instruct,1,0,1,1,strict,0.0,0.0,0.0
2026-09-16 04:04:40,L-M07_m-qwen2.5-coder-14b_sol1_gd1_rs0_bd1_str-strict_t00_n1,171,1,1,Qwen/Qwen2.5-Coder-14B-Instruct,1,0,1,1,strict,0.0,10.0,0.0
2026-09-16 04:04:49,L-M07_m-qwen2.5-coder-14b_sol1_gd1_rs0_bd1_str-strict_t00_n1,171,2,1,Qwen/Qwen2.5-Coder-14B-Instruct,1,0,1,1,strict,0.0,0.0,0.0
2026-09-16 04:05:00,L-M07_m-qwen2.5-coder-14b_sol1_gd1_rs0_bd1_str-strict_t00_n1,171,3,1,Qwen/Qwen2.5-Coder-14B-Instruct,1,0,1,1,strict,0.0,0.0,0.0
2026-09-16 04:05:05,L-M07_m-qwen2.5-coder-14b_sol1_gd1_rs0_bd1_str-strict_t00_n1,171,4,1,Qwen/Qwen2.5-Coder-14B-Instruct,1,0,1,1,strict,0.0,0.0,0.0
2026-09-16 04:05:15,L-M07_m-qwen2.5-coder-14b_sol1_gd1_rs0_bd1_str-strict_t00_n1,172,1,1,Qwen/Qwen2.5-Coder-14B-Instruct,1,0,1,1,strict,0.0,0.0,0.0
2026-09-16 04:05:23,L-M07_m-qwen2.5-coder-14b_sol1_gd1_rs0_bd1_str-strict_t00_n1,172,2,1,Qwen/Qwen2.5-Coder-14B-Instruct,1,0,1,1,strict,0.0,0.0,0.0
2026-09-16 04:05:36,L-M07_m-qwen2.5-coder-14b_sol1_gd1_rs0_bd1_str-strict_t00_n1,172,3,1,Qwen/Qwen2.5-Coder-14B-Instruct,1,0,1,1,strict,0.0,0.0,0.0
2026-09-16 04:05:47,L-M07_m-qwen2.5-coder-14b_sol1_gd1_rs0_bd1_str-strict_t00_n1,173,1,1,Qwen/Qwen2.5-Coder-14B-Instruct,1,0,1,1,strict,0.0,0.0,0.0
2026-09-16 04:05:56,L-M07_m-qwen2.5-coder-14b_sol1_gd1_rs0_bd1_str-strict_t00_n1,173,2,1,Qwen/Qwen2.5-Coder-14B-Instruct,1,0,1,1,strict,0.0,0.0,0.0
2026-09-16 04:06:06,L-M07_m-qwen2.5-coder-14b_sol1_gd1_rs0_bd1_str-strict_t00_n1,173,3,1,Qwen/Qwen2.5-Coder-14B-Instruct,1,0,1,1,strict,0.0,0.0,0.0
2026-09-16 04:06:17,L-M07_m-qwen2.5-coder-14b_sol1_gd1_rs0_bd1_str-strict_t00_n1,174,1,1,Qwen/Qwen2.5-Coder-14B-Instruct,1,0,1,1,strict,0.0,0.0,0.0
2026-09-16 04:06:25,L-M07_m-qwen2.5-coder-14b_sol1_gd1_rs0_bd1_str-strict_t00_n1,174,2,1,Qwen/Qwen2.5-Coder-14B-Instruct,1,0,1,1,strict,0.0,0.0,0.0
2026-09-16 04:06:40,L-M07_m-qwen2.5-coder-14b_sol1_gd1_rs0_bd1_str-strict_t00_n1,174,3,1,Qwen/Qwen2.5-Coder-14B-Instruct,1,0,1,1,strict,0.0,0.0,0.0
2026-09-16 04:06:50,L-M07_m-qwen2.5-coder-14b_sol1_gd1_rs0_bd1_str-strict_t00_n1,175,1,1,Qwen/Qwen2.5-Coder-14B-Instruct,1,0,1,1,strict,0.0,0.0,0.0
2026-09-16 04:06:58,L-M07_m-qwen2.5-coder-14b_sol1_gd1_rs0_bd1_str-strict_t00_n1,175,2,1,Qwen/Qwen2.5-Coder-14B-Instruct,1,0,1,1,strict,0.0,6.0,0.0
2026-09-16 04:07:08,L-M07_m-qwen2.5-coder-14b_sol1_gd1_rs0_bd1_str-strict_t00_n1,175,3,1,Qwen/Qwen2.5-Coder-14B-Instruct,1,0,1,1,strict,0.0,0.0,0.0
2026-09-16 04:07:18,L-M07_m-qwen2.5-coder-14b_sol1_gd1_rs0_bd1_str-strict_t00_n1,176,1,1,Qwen/Qwen2.5-Coder-14B-Instruct,1,0,1,1,strict,0.0,0.0,0.0
2026-09-16 04:07:27,L-M07_m-qwen2.5-coder-14b_sol1_gd1_rs0_bd1_str-strict_t00_n1,176,2,1,Qwen/Qwen2.5-Coder-14B-Instruct,1,0,1,1,strict,0.0,0.0,0.0
2026-09-16 04:07:43,L-M07_m-qwen2.5-coder-14b_sol1_gd1_rs0_bd1_str-strict_t00_n1,176,3,1,Qwen/Qwen2.5-Coder-14B-Instruct,1,0,1,1,strict,0.0,0.0,0.0
2026-09-16 04:07:53,L-M07_m-qwen2.5-coder-14b_sol1_gd1_rs0_bd1_str-strict_t00_n1,177,1,1,Qwen/Qwen2.5-Coder-14B-Instruct,1,0,1,1,strict,0.0,12.0,4.0
2026-09-16 04:08:02,L-M07_m-qwen2.5-coder-14b_sol1_gd1_rs0_bd1_str-strict_t00_n1,177,2,1,Qwen/Qwen2.5-Coder-14B-Instruct,1,0,1,1,strict,0.0,0.0,0.0
2026-09-16 04:08:13,L-M07_m-qwen2.5-coder-14b_sol1_gd1_rs0_bd1_str-strict_t00_n1,177,3,1,Qwen/Qwen2.5-Coder-14B-Instruct,1,0,1,1,strict,0.0,0.0,0.0
2026-09-16 04:08:19,L-M07_m-qwen2.5-coder-14b_sol1_gd1_rs0_bd1_str-strict_t00_n1,177,4,1,Qwen/Qwen2.5-Coder-14B-Instruct,1,0,1,1,strict,0.0,0.0,0.0
2026-09-16 04:08:29,L-M07_m-qwen2.5-coder-14b_sol1_gd1_rs0_bd1_str-strict_t00_n1,178,1,1,Qwen/Qwen2.5-Coder-14B-Instruct,1,0,1,1,strict,0.0,0.0,0.0
2026-09-16 04:08:38,L-M07_m-qwen2.5-coder-14b_sol1_gd1_rs0_bd1_str-strict_t00_n1,178,2,1,Qwen/Qwen2.5-Coder-14B-Instruct,1,0,1,1,strict,0.0,0.0,0.0
2026-09-16 04:08:50,L-M07_m-qwen2.5-coder-14b_sol1_gd1_rs0_bd1_str-strict_t00_n1,178,3,1,Qwen/Qwen2.5-Coder-14B-Instruct,1,0,1,1,strict,0.0,0.0,0.0
2026-09-16 04:08:57,L-M07_m-qwen2.5-coder-14b_sol1_gd1_rs0_bd1_str-strict_t00_n1,178,4,1,Qwen/Qwen2.5-Coder-14B-Instruct,1,0,1,1,strict,0.0,0.0,0.0
2026-09-16 04:09:07,L-M07_m-qwen2.5-coder-14b_sol1_gd1_rs0_bd1_str-strict_t00_n1,179,1,1,Qwen/Qwen2.5-Coder-14B-Instruct,1,0,1,1,strict,0.0,0.0,0.0
2026-09-16 04:09:16,L-M07_m-qwen2.5-coder-14b_sol1_gd1_rs0_bd1_str-strict_t00_n1,179,2,1,Qwen/Qwen2.5-Coder-14B-Instruct,1,0,1,1,strict,0.0,0.0,0.0
2026-09-16 04:09:32,L-M07_m-qwen2.5-coder-14b_sol1_gd1_rs0_bd1_str-strict_t00_n1,179,3,1,Qwen/Qwen2.5-Coder-14B-Instruct,1,0,1,1,strict,0.0,0.0,0.0
2026-09-16 04:09:42,L-M07_m-qwen2.5-coder-14b_sol1_gd1_rs0_bd1_str-strict_t00_n1,180,1,1,Qwen/Qwen2.5-Coder-14B-Instruct,1,0,1,1,strict,0.0,0.0,0.0
2026-09-16 04:09:51,L-M07_m-qwen2.5-coder-14b_sol1_gd1_rs0_bd1_str-strict_t00_n1,180,2,1,Qwen/Qwen2.5-Coder-14B-Instruct,1,0,1,1,strict,0.0,0.0,0.0
2026-09-16 04:10:01,L-M07_m-qwen2.5-coder-14b_sol1_gd1_rs0_bd1_str-strict_t00_n1,180,3,1,Qwen/Qwen2.5-Coder-14B-Instruct,1,0,1,1,strict,0.0,0.0,0.0
2026-09-16 04:10:12,L-M07_m-qwen2.5-coder-14b_sol1_gd1_rs0_bd1_str-strict_t00_n1,181,1,1,Qwen/Qwen2.5-Coder-14B-Instruct,1,0,1,1,strict,0.0,0.0,0.0
2026-09-16 04:10:21,L-M07_m-qwen2.5-coder-14b_sol1_gd1_rs0_bd1_str-strict_t00_n1,181,2,1,Qwen/Qwen2.5-Coder-14B-Instruct,1,0,1,1,strict,0.0,0.0,0.0
2026-09-16 04:10:33,L-M07_m-qwen2.5-coder-14b_sol1_gd1_rs0_bd1_str-strict_t00_n1,181,3,1,Qwen/Qwen2.5-Coder-14B-Instruct,1,0,1,1,strict,0.0,0.0,0.0
2026-09-16 04:10:44,L-M07_m-qwen2.5-coder-14b_sol1_gd1_rs0_bd1_str-strict_t00_n1,182,1,1,Qwen/Qwen2.5-Coder-14B-Instruct,1,0,1,1,strict,0.0,0.0,0.0
2026-09-16 04:10:53,L-M07_m-qwen2.5-coder-14b_sol1_gd1_rs0_bd1_str-strict_t00_n1,182,2,1,Qwen/Qwen2.5-Coder-14B-Instruct,1,0,1,1,strict,0.0,11.0,4.0
2026-09-16 04:11:06,L-M07_m-qwen2.5-coder-14b_sol1_gd1_rs0_bd1_str-strict_t00_n1,182,3,1,Qwen/Qwen2.5-Coder-14B-Instruct,1,0,1,1,strict,0.0,0.0,0.0
2026-09-16 04:11:11,L-M07_m-qwen2.5-coder-14b_sol1_gd1_rs0_bd1_str-strict_t00_n1,182,4,1,Qwen/Qwen2.5-Coder-14B-Instruct,1,0,1,1,strict,0.0,0.0,0.0
2026-09-16 04:11:22,L-M07_m-qwen2.5-coder-14b_sol1_gd1_rs0_bd1_str-strict_t00_n1,183,1,1,Qwen/Qwen2.5-Coder-14B-Instruct,1,0,1,1,strict,0.0,0.0,0.0
2026-09-16 04:11:31,L-M07_m-qwen2.5-coder-14b_sol1_gd1_rs0_bd1_str-strict_t00_n1,183,2,1,Qwen/Qwen2.5-Coder-14B-Instruct,1,0,1,1,strict,0.0,0.0,0.0
2026-09-16 04:11:43,L-M07_m-qwen2.5-coder-14b_sol1_gd1_rs0_bd1_str-strict_t00_n1,183,3,1,Qwen/Qwen2.5-Coder-14B-Instruct,1,0,1,1,strict,0.0,0.0,0.0
2026-09-16 04:11:49,L-M07_m-qwen2.5-coder-14b_sol1_gd1_rs0_bd1_str-strict_t00_n1,183,4,1,Qwen/Qwen2.5-Coder-14B-Instruct,1,0,1,1,strict,0.0,0.0,0.0
2026-09-16 04:11:58,L-M07_m-qwen2.5-coder-14b_sol1_gd1_rs0_bd1_str-strict_t00_n1,184,1,1,Qwen/Qwen2.5-Coder-14B-Instruct,1,0,1,1,strict,0.0,0.0,0.0
2026-09-16 04:12:08,L-M07_m-qwen2.5-coder-14b_sol1_gd1_rs0_bd1_str-strict_t00_n1,184,2,1,Qwen/Qwen2.5-Coder-14B-Instruct,1,0,1,1,strict,0.0,0.0,0.0
2026-09-16 04:12:17,L-M07_m-qwen2.5-coder-14b_sol1_gd1_rs0_bd1_str-strict_t00_n1,184,3,1,Qwen/Qwen2.5-Coder-14B-Instruct,1,0,1,1,strict,0.0,0.0,0.0
2026-09-16 04:12:27,L-M07_m-qwen2.5-coder-14b_sol1_gd1_rs0_bd1_str-strict_t00_n1,185,1,1,Qwen/Qwen2.5-Coder-14B-Instruct,1,0,1,1,strict,0.0,0.0,0.0
2026-09-16 04:12:36,L-M07_m-qwen2.5-coder-14b_sol1_gd1_rs0_bd1_str-strict_t00_n1,185,2,1,Qwen/Qwen2.5-Coder-14B-Instruct,1,0,1,1,strict,0.0,0.0,0.0
2026-09-16 04:12:47,L-M07_m-qwen2.5-coder-14b_sol1_gd1_rs0_bd1_str-strict_t00_n1,185,3,1,Qwen/Qwen2.5-Coder-14B-Instruct,1,0,1,1,strict,0.0,0.0,0.0
2026-09-16 04:12:57,L-M07_m-qwen2.5-coder-14b_sol1_gd1_rs0_bd1_str-strict_t00_n1,186,1,1,Qwen/Qwen2.5-Coder-14B-Instruct,1,0,1,1,strict,0.0,0.0,0.0
2026-09-16 04:13:06,L-M07_m-qwen2.5-coder-14b_sol1_gd1_rs0_bd1_str-strict_t00_n1,186,2,1,Qwen/Qwen2.5-Coder-14B-Instruct,1,0,1,1,strict,0.0,0.0,0.0
2026-09-16 04:13:18,L-M07_m-qwen2.5-coder-14b_sol1_gd1_rs0_bd1_str-strict_t00_n1,186,3,1,Qwen/Qwen2.5-Coder-14B-Instruct,1,0,1,1,strict,0.0,0.0,0.0
2026-09-16 04:13:29,L-M07_m-qwen2.5-coder-14b_sol1_gd1_rs0_bd1_str-strict_t00_n1,187,1,1,Qwen/Qwen2.5-Coder-14B-Instruct,1,0,1,1,strict,0.0,0.0,0.0
2026-09-16 04:13:38,L-M07_m-qwen2.5-coder-14b_sol1_gd1_rs0_bd1_str-strict_t00_n1,187,2,1,Qwen/Qwen2.5-Coder-14B-Instruct,1,0,1,1,strict,0.0,0.0,0.0
2026-09-16 04:13:49,L-M07_m-qwen2.5-coder-14b_sol1_gd1_rs0_bd1_str-strict_t00_n1,187,3,1,Qwen/Qwen2.5-Coder-14B-Instruct,1,0,1,1,strict,0.0,0.0,0.0
2026-09-16 04:14:00,L-M07_m-qwen2.5-coder-14b_sol1_gd1_rs0_bd1_str-strict_t00_n1,188,1,1,Qwen/Qwen2.5-Coder-14B-Instruct,1,0,1,1,strict,0.0,0.0,0.0
2026-09-16 04:14:08,L-M07_m-qwen2.5-coder-14b_sol1_gd1_rs0_bd1_str-strict_t00_n1,188,2,1,Qwen/Qwen2.5-Coder-14B-Instruct,1,0,1,1,strict,0.0,0.0,0.0
2026-09-16 04:14:15,L-M07_m-qwen2.5-coder-14b_sol1_gd1_rs0_bd1_str-strict_t00_n1,188,3,1,Qwen/Qwen2.5-Coder-14B-Instruct,1,0,1,1,strict,0.0,0.0,0.0
2026-09-16 04:14:26,L-M07_m-qwen2.5-coder-14b_sol1_gd1_rs0_bd1_str-strict_t00_n1,189,1,1,Qwen/Qwen2.5-Coder-14B-Instruct,1,0,1,1,strict,0.0,12.0,4.0
2026-09-16 04:14:35,L-M07_m-qwen2.5-coder-14b_sol1_gd1_rs0_bd1_str-strict_t00_n1,189,2,1,Qwen/Qwen2.5-Coder-14B-Instruct,1,0,1,1,strict,0.0,0.0,0.0
2026-09-16 04:14:40,L-M07_m-qwen2.5-coder-14b_sol1_gd1_rs0_bd1_str-strict_t00_n1,189,3,1,Qwen/Qwen2.5-Coder-14B-Instruct,1,0,1,1,strict,0.0,0.0,0.0
2026-09-16 04:14:51,L-M07_m-qwen2.5-coder-14b_sol1_gd1_rs0_bd1_str-strict_t00_n1,190,1,1,Qwen/Qwen2.5-Coder-14B-Instruct,1,0,1,1,strict,0.0,0.0,0.0
2026-09-16 04:14:59,L-M07_m-qwen2.5-coder-14b_sol1_gd1_rs0_bd1_str-strict_t00_n1,190,2,1,Qwen/Qwen2.5-Coder-14B-Instruct,1,0,1,1,strict,0.0,11.0,0.0
2026-09-16 04:15:10,L-M07_m-qwen2.5-coder-14b_sol1_gd1_rs0_bd1_str-strict_t00_n1,190,3,1,Qwen/Qwen2.5-Coder-14B-Instruct,1,0,1,1,strict,0.0,0.0,0.0
2026-09-16 04:15:21,L-M07_m-qwen2.5-coder-14b_sol1_gd1_rs0_bd1_str-strict_t00_n1,191,1,1,Qwen/Qwen2.5-Coder-14B-Instruct,1,0,1,1,strict,0.0,0.0,0.0
2026-09-16 04:15:30,L-M07_m-qwen2.5-coder-14b_sol1_gd1_rs0_bd1_str-strict_t00_n1,191,2,1,Qwen/Qwen2.5-Coder-14B-Instruct,1,0,1,1,strict,0.0,0.0,0.0
2026-09-16 04:15:43,L-M07_m-qwen2.5-coder-14b_sol1_gd1_rs0_bd1_str-strict_t00_n1,191,3,1,Qwen/Qwen2.5-Coder-14B-Instruct,1,0,1,1,strict,0.0,0.0,0.0
2026-09-16 04:15:49,L-M07_m-qwen2.5-coder-14b_sol1_gd1_rs0_bd1_str-strict_t00_n1,191,4,1,Qwen/Qwen2.5-Coder-14B-Instruct,1,0,1,1,strict,0.0,0.0,0.0
2026-09-16 04:15:59,L-M07_m-qwen2.5-coder-14b_sol1_gd1_rs0_bd1_str-strict_t00_n1,192,1,1,Qwen/Qwen2.5-Coder-14B-Instruct,1,0,1,1,strict,0.0,0.0,0.0
2026-09-16 04:16:08,L-M07_m-qwen2.5-coder-14b_sol1_gd1_rs0_bd1_str-strict_t00_n1,192,2,1,Qwen/Qwen2.5-Coder-14B-Instruct,1,0,1,1,strict,0.0,0.0,0.0
2026-09-16 04:16:20,L-M07_m-qwen2.5-coder-14b_sol1_gd1_rs0_bd1_str-strict_t00_n1,192,3,1,Qwen/Qwen2.5-Coder-14B-Instruct,1,0,1,1,strict,0.0,0.0,0.0
2026-09-16 04:16:30,L-M07_m-qwen2.5-coder-14b_sol1_gd1_rs0_bd1_str-strict_t00_n1,193,1,1,Qwen/Qwen2.5-Coder-14B-Instruct,1,0,1,1,strict,0.0,0.0,0.0
2026-09-16 04:16:38,L-M07_m-qwen2.5-coder-14b_sol1_gd1_rs0_bd1_str-strict_t00_n1,193,2,1,Qwen/Qwen2.5-Coder-14B-Instruct,1,0,1,1,strict,0.0,0.0,0.0
2026-09-16 04:16:54,L-M07_m-qwen2.5-coder-14b_sol1_gd1_rs0_bd1_str-strict_t00_n1,193,3,1,Qwen/Qwen2.5-Coder-14B-Instruct,1,0,1,1,strict,0.0,0.0,0.0
2026-09-16 04:17:04,L-M07_m-qwen2.5-coder-14b_sol1_gd1_rs0_bd1_str-strict_t00_n1,194,1,1,Qwen/Qwen2.5-Coder-14B-Instruct,1,0,1,1,strict,0.0,0.0,0.0
2026-09-16 04:17:12,L-M07_m-qwen2.5-coder-14b_sol1_gd1_rs0_bd1_str-strict_t00_n1,194,2,1,Qwen/Qwen2.5-Coder-14B-Instruct,1,0,1,1,strict,0.0,0.0,0.0
2026-09-16 04:17:26,L-M07_m-qwen2.5-coder-14b_sol1_gd1_rs0_bd1_str-strict_t00_n1,194,3,1,Qwen/Qwen2.5-Coder-14B-Instruct,1,0,1,1,strict,0.0,0.0,0.0
2026-09-16 04:17:35,L-M07_m-qwen2.5-coder-14b_sol1_gd1_rs0_bd1_str-strict_t00_n1,195,1,1,Qwen/Qwen2.5-Coder-14B-Instruct,1,0,1,1,strict,0.0,0.0,0.0
2026-09-16 04:17:44,L-M07_m-qwen2.5-coder-14b_sol1_gd1_rs0_bd1_str-strict_t00_n1,195,2,1,Qwen/Qwen2.5-Coder-14B-Instruct,1,0,1,1,strict,0.0,0.0,0.0
2026-09-16 04:17:56,L-M07_m-qwen2.5-coder-14b_sol1_gd1_rs0_bd1_str-strict_t00_n1,195,3,1,Qwen/Qwen2.5-Coder-14B-Instruct,1,0,1,1,strict,0.0,0.0,0.0
2026-09-16 04:18:01,L-M07_m-qwen2.5-coder-14b_sol1_gd1_rs0_bd1_str-strict_t00_n1,195,4,1,Qwen/Qwen2.5-Coder-14B-Instruct,1,0,1,1,strict,0.0,0.0,0.0
2026-09-16 04:18:12,L-M07_m-qwen2.5-coder-14b_sol1_gd1_rs0_bd1_str-strict_t00_n1,196,1,1,Qwen/Qwen2.5-Coder-14B-Instruct,1,0,1,1,strict,0.0,0.0,0.0
2026-09-16 04:18:21,L-M07_m-qwen2.5-coder-14b_sol1_gd1_rs0_bd1_str-strict_t00_n1,196,2,1,Qwen/Qwen2.5-Coder-14B-Instruct,1,0,1,1,strict,0.0,0.0,0.0
2026-09-16 04:18:35,L-M07_m-qwen2.5-coder-14b_sol1_gd1_rs0_bd1_str-strict_t00_n1,196,3,1,Qwen/Qwen2.5-Coder-14B-Instruct,1,0,1,1,strict,0.0,0.0,0.0
2026-09-16 04:18:45,L-M07_m-qwen2.5-coder-14b_sol1_gd1_rs0_bd1_str-strict_t00_n1,197,1,1,Qwen/Qwen2.5-Coder-14B-Instruct,1,0,1,1,strict,0.0,0.0,0.0
2026-09-16 04:18:54,L-M07_m-qwen2.5-coder-14b_sol1_gd1_rs0_bd1_str-strict_t00_n1,197,2,1,Qwen/Qwen2.5-Coder-14B-Instruct,1,0,1,1,strict,0.0,0.0,0.0
2026-09-16 04:19:00,L-M07_m-qwen2.5-coder-14b_sol1_gd1_rs0_bd1_str-strict_t00_n1,197,3,1,Qwen/Qwen2.5-Coder-14B-Instruct,1,0,1,1,strict,0.0,0.0,0.0
2026-09-16 04:19:10,L-M07_m-qwen2.5-coder-14b_sol1_gd1_rs0_bd1_str-strict_t00_n1,198,1,1,Qwen/Qwen2.5-Coder-14B-Instruct,1,0,1,1,strict,0.0,0.0,0.0
2026-09-16 04:19:18,L-M07_m-qwen2.5-coder-14b_sol1_gd1_rs0_bd1_str-strict_t00_n1,198,2,1,Qwen/Qwen2.5-Coder-14B-Instruct,1,0,1,1,strict,0.0,0.0,0.0
2026-09-16 04:19:27,L-M07_m-qwen2.5-coder-14b_sol1_gd1_rs0_bd1_str-strict_t00_n1,198,3,1,Qwen/Qwen2.5-Coder-14B-Instruct,1,0,1,1,strict,0.0,0.0,0.0
2026-09-16 04:19:38,L-M07_m-qwen2.5-coder-14b_sol1_gd1_rs0_bd1_str-strict_t00_n1,199,1,1,Qwen/Qwen2.5-Coder-14B-Instruct,1,0,1,1,strict,0.0,0.0,0.0
2026-09-16 04:19:47,L-M07_m-qwen2.5-coder-14b_sol1_gd1_rs0_bd1_str-strict_t00_n1,199,2,1,Qwen/Qwen2.5-Coder-14B-Instruct,1,0,1,1,strict,0.0,0.0,0.0
2026-09-16 04:19:55,L-M07_m-qwen2.5-coder-14b_sol1_gd1_rs0_bd1_str-strict_t00_n1,199,3,1,Qwen/Qwen2.5-Coder-14B-Instruct,1,0,1,1,strict,0.0,0.0,0.0
2026-09-16 04:20:05,L-M07_m-qwen2.5-coder-14b_sol1_gd1_rs0_bd1_str-strict_t00_n1,200,1,1,Qwen/Qwen2.5-Coder-14B-Instruct,1,0,1,1,strict,0.0,0.0,0.0
2026-09-16 04:20:14,L-M07_m-qwen2.5-coder-14b_sol1_gd1_rs0_bd1_str-strict_t00_n1,200,2,1,Qwen/Qwen2.5-Coder-14B-Instruct,1,0,1,1,strict,0.0,0.0,0.0
2026-09-16 04:20:26,L-M07_m-qwen2.5-coder-14b_sol1_gd1_rs0_bd1_str-strict_t00_n1,200,3,1,Qwen/Qwen2.5-Coder-14B-Instruct,1,0,1,1,strict,0.0,0.0,0.0
2026-09-16 04:20:32,L-M07_m-qwen2.5-coder-14b_sol1_gd1_rs0_bd1_str-strict_t00_n1,200,4,1,Qwen/Qwen2.5-Coder-14B-Instruct,1,0,1,1,strict,0.0,0.0,0.0
2026-09-16 04:20:42,L-M07_m-qwen2.5-coder-14b_sol1_gd1_rs0_bd1_str-strict_t00_n1,201,1,1,Qwen/Qwen2.5-Coder-14B-Instruct,1,0,1,1,strict,0.0,0.0,0.0
2026-09-16 04:20:51,L-M07_m-qwen2.5-coder-14b_sol1_gd1_rs0_bd1_str-strict_t00_n1,201,2,1,Qwen/Qwen2.5-Coder-14B-Instruct,1,0,1,1,strict,0.0,0.0,0.0
2026-09-16 04:21:07,L-M07_m-qwen2.5-coder-14b_sol1_gd1_rs0_bd1_str-strict_t00_n1,201,3,1,Qwen/Qwen2.5-Coder-14B-Instruct,1,0,1,1,strict,0.0,0.0,0.0
2026-09-16 04:21:17,L-M07_m-qwen2.5-coder-14b_sol1_gd1_rs0_bd1_str-strict_t00_n1,202,1,1,Qwen/Qwen2.5-Coder-14B-Instruct,1,0,1,1,strict,0.0,0.0,0.0
2026-09-16 04:21:26,L-M07_m-qwen2.5-coder-14b_sol1_gd1_rs0_bd1_str-strict_t00_n1,202,2,1,Qwen/Qwen2.5-Coder-14B-Instruct,1,0,1,1,strict,0.0,0.0,0.0
2026-09-16 04:21:39,L-M07_m-qwen2.5-coder-14b_sol1_gd1_rs0_bd1_str-strict_t00_n1,202,3,1,Qwen/Qwen2.5-Coder-14B-Instruct,1,0,1,1,strict,0.0,0.0,0.0
2026-09-16 04:21:50,L-M07_m-qwen2.5-coder-14b_sol1_gd1_rs0_bd1_str-strict_t00_n1,203,1,1,Qwen/Qwen2.5-Coder-14B-Instruct,1,0,1,1,strict,0.0,12.0,4.0
2026-09-16 04:22:00,L-M07_m-qwen2.5-coder-14b_sol1_gd1_rs0_bd1_str-strict_t00_n1,203,2,1,Qwen/Qwen2.5-Coder-14B-Instruct,1,0,1,1,strict,0.0,11.0,4.0
2026-09-16 04:22:11,L-M07_m-qwen2.5-coder-14b_sol1_gd1_rs0_bd1_str-strict_t00_n1,203,3,1,Qwen/Qwen2.5-Coder-14B-Instruct,1,0,1,1,strict,0.0,0.0,0.0
2026-09-16 04:22:16,L-M07_m-qwen2.5-coder-14b_sol1_gd1_rs0_bd1_str-strict_t00_n1,203,4,1,Qwen/Qwen2.5-Coder-14B-Instruct,1,0,1,1,strict,0.0,0.0,0.0
2026-09-16 04:22:26,L-M07_m-qwen2.5-coder-14b_sol1_gd1_rs0_bd1_str-strict_t00_n1,204,1,1,Qwen/Qwen2.5-Coder-14B-Instruct,1,0,1,1,strict,0.0,0.0,0.0
2026-09-16 04:22:35,L-M07_m-qwen2.5-coder-14b_sol1_gd1_rs0_bd1_str-strict_t00_n1,204,2,1,Qwen/Qwen2.5-Coder-14B-Instruct,1,0,1,1,strict,0.0,0.0,0.0
2026-09-16 04:22:47,L-M07_m-qwen2.5-coder-14b_sol1_gd1_rs0_bd1_str-strict_t00_n1,204,3,1,Qwen/Qwen2.5-Coder-14B-Instruct,1,0,1,1,strict,0.0,0.0,0.0
2026-09-16 04:22:58,L-M07_m-qwen2.5-coder-14b_sol1_gd1_rs0_bd1_str-strict_t00_n1,205,1,1,Qwen/Qwen2.5-Coder-14B-Instruct,1,0,1,1,strict,0.0,0.0,0.0
2026-09-16 04:23:07,L-M07_m-qwen2.5-coder-14b_sol1_gd1_rs0_bd1_str-strict_t00_n1,205,2,1,Qwen/Qwen2.5-Coder-14B-Instruct,1,0,1,1,strict,0.0,0.0,0.0
2026-09-16 04:23:20,L-M07_m-qwen2.5-coder-14b_sol1_gd1_rs0_bd1_str-strict_t00_n1,205,3,1,Qwen/Qwen2.5-Coder-14B-Instruct,1,0,1,1,strict,0.0,0.0,0.0
2026-09-16 04:23:31,L-M07_m-qwen2.5-coder-14b_sol1_gd1_rs0_bd1_str-strict_t00_n1,206,1,1,Qwen/Qwen2.5-Coder-14B-Instruct,1,0,1,1,strict,0.0,10.0,0.0
2026-09-16 04:23:39,L-M07_m-qwen2.5-coder-14b_sol1_gd1_rs0_bd1_str-strict_t00_n1,206,2,1,Qwen/Qwen2.5-Coder-14B-Instruct,1,0,1,1,strict,0.0,6.0,0.0
2026-09-16 04:23:45,L-M07_m-qwen2.5-coder-14b_sol1_gd1_rs0_bd1_str-strict_t00_n1,206,3,1,Qwen/Qwen2.5-Coder-14B-Instruct,1,0,1,1,strict,0.0,0.0,0.0
2026-09-16 04:23:50,L-M07_m-qwen2.5-coder-14b_sol1_gd1_rs0_bd1_str-strict_t00_n1,206,4,1,Qwen/Qwen2.5-Coder-14B-Instruct,1,0,1,1,strict,0.0,0.0,0.0
2026-09-16 04:24:01,L-M07_m-qwen2.5-coder-14b_sol1_gd1_rs0_bd1_str-strict_t00_n1,207,1,1,Qwen/Qwen2.5-Coder-14B-Instruct,1,0,1,1,strict,0.0,12.0,4.0
2026-09-16 04:24:11,L-M07_m-qwen2.5-coder-14b_sol1_gd1_rs0_bd1_str-strict_t00_n1,207,2,1,Qwen/Qwen2.5-Coder-14B-Instruct,1,0,1,1,strict,0.0,11.0,4.0
2026-09-16 04:24:27,L-M07_m-qwen2.5-coder-14b_sol1_gd1_rs0_bd1_str-strict_t00_n1,207,3,1,Qwen/Qwen2.5-Coder-14B-Instruct,1,0,1,1,strict,0.0,12.0,0.0
2026-09-16 04:24:33,L-M07_m-qwen2.5-coder-14b_sol1_gd1_rs0_bd1_str-strict_t00_n1,207,4,1,Qwen/Qwen2.5-Coder-14B-Instruct,1,0,1,1,strict,0.0,0.0,0.0
2026-09-16 04:24:44,L-M07_m-qwen2.5-coder-14b_sol1_gd1_rs0_bd1_str-strict_t00_n1,208,1,1,Qwen/Qwen2.5-Coder-14B-Instruct,1,0,1,1,strict,0.0,0.0,0.0
2026-09-16 04:24:54,L-M07_m-qwen2.5-coder-14b_sol1_gd1_rs0_bd1_str-strict_t00_n1,208,2,1,Qwen/Qwen2.5-Coder-14B-Instruct,1,0,1,1,strict,0.0,0.0,0.0
2026-09-16 04:25:07,L-M07_m-qwen2.5-coder-14b_sol1_gd1_rs0_bd1_str-strict_t00_n1,208,3,1,Qwen/Qwen2.5-Coder-14B-Instruct,1,0,1,1,strict,0.0,0.0,0.0
2026-09-16 04:25:13,L-M07_m-qwen2.5-coder-14b_sol1_gd1_rs0_bd1_str-strict_t00_n1,208,4,1,Qwen/Qwen2.5-Coder-14B-Instruct,1,0,1,1,strict,0.0,0.0,0.0
2026-09-16 04:25:23,L-M07_m-qwen2.5-coder-14b_sol1_gd1_rs0_bd1_str-strict_t00_n1,209,1,1,Qwen/Qwen2.5-Coder-14B-Instruct,1,0,1,1,strict,0.0,0.0,0.0
2026-09-16 04:25:32,L-M07_m-qwen2.5-coder-14b_sol1_gd1_rs0_bd1_str-strict_t00_n1,209,2,1,Qwen/Qwen2.5-Coder-14B-Instruct,1,0,1,1,strict,0.0,0.0,0.0
2026-09-16 04:25:41,L-M07_m-qwen2.5-coder-14b_sol1_gd1_rs0_bd1_str-strict_t00_n1,209,3,1,Qwen/Qwen2.5-Coder-14B-Instruct,1,0,1,1,strict,0.0,0.0,0.0
2026-09-16 04:25:51,L-M07_m-qwen2.5-coder-14b_sol1_gd1_rs0_bd1_str-strict_t00_n1,210,1,1,Qwen/Qwen2.5-Coder-14B-Instruct,1,0,1,1,strict,0.0,0.0,0.0
2026-09-16 04:26:00,L-M07_m-qwen2.5-coder-14b_sol1_gd1_rs0_bd1_str-strict_t00_n1,210,2,1,Qwen/Qwen2.5-Coder-14B-Instruct,1,0,1,1,strict,0.0,0.0,0.0
2026-09-16 04:26:14,L-M07_m-qwen2.5-coder-14b_sol1_gd1_rs0_bd1_str-strict_t00_n1,210,3,1,Qwen/Qwen2.5-Coder-14B-Instruct,1,0,1,1,strict,0.0,0.0,0.0
2026-09-16 04:26:18,L-M07_m-qwen2.5-coder-14b_sol1_gd1_rs0_bd1_str-strict_t00_n1,210,4,1,Qwen/Qwen2.5-Coder-14B-Instruct,1,0,1,1,strict,0.0,0.0,0.0
2026-09-16 04:26:29,L-M07_m-qwen2.5-coder-14b_sol1_gd1_rs0_bd1_str-strict_t00_n1,211,1,1,Qwen/Qwen2.5-Coder-14B-Instruct,1,0,1,1,strict,0.0,0.0,0.0
2026-09-16 04:26:38,L-M07_m-qwen2.5-coder-14b_sol1_gd1_rs0_bd1_str-strict_t00_n1,211,2,1,Qwen/Qwen2.5-Coder-14B-Instruct,1,0,1,1,strict,0.0,0.0,0.0
2026-09-16 04:26:49,L-M07_m-qwen2.5-coder-14b_sol1_gd1_rs0_bd1_str-strict_t00_n1,211,3,1,Qwen/Qwen2.5-Coder-14B-Instruct,1,0,1,1,strict,0.0,0.0,0.0
2026-09-16 04:27:00,L-M07_m-qwen2.5-coder-14b_sol1_gd1_rs0_bd1_str-strict_t00_n1,212,1,1,Qwen/Qwen2.5-Coder-14B-Instruct,1,0,1,1,strict,0.0,0.0,0.0
2026-09-16 04:27:09,L-M07_m-qwen2.5-coder-14b_sol1_gd1_rs0_bd1_str-strict_t00_n1,212,2,1,Qwen/Qwen2.5-Coder-14B-Instruct,1,0,1,1,strict,0.0,0.0,0.0
2026-09-16 04:27:22,L-M07_m-qwen2.5-coder-14b_sol1_gd1_rs0_bd1_str-strict_t00_n1,212,3,1,Qwen/Qwen2.5-Coder-14B-Instruct,1,0,1,1,strict,0.0,0.0,0.0
2026-09-16 04:27:37,L-M07_m-qwen2.5-coder-14b_sol1_gd1_rs0_bd1_str-strict_t00_n1,213,1,1,Qwen/Qwen2.5-Coder-14B-Instruct,1,0,1,1,strict,0.0,0.0,0.0
2026-09-16 04:27:47,L-M07_m-qwen2.5-coder-14b_sol1_gd1_rs0_bd1_str-strict_t00_n1,213,2,1,Qwen/Qwen2.5-Coder-14B-Instruct,1,0,1,1,strict,0.0,11.0,4.0
2026-09-16 04:28:05,L-M07_m-qwen2.5-coder-14b_sol1_gd1_rs0_bd1_str-strict_t00_n1,213,3,1,Qwen/Qwen2.5-Coder-14B-Instruct,1,0,1,1,strict,0.0,0.0,0.0
2026-09-16 04:28:11,L-M07_m-qwen2.5-coder-14b_sol1_gd1_rs0_bd1_str-strict_t00_n1,213,4,1,Qwen/Qwen2.5-Coder-14B-Instruct,1,0,1,1,strict,0.0,0.0,0.0
2026-09-16 04:28:21,L-M07_m-qwen2.5-coder-14b_sol1_gd1_rs0_bd1_str-strict_t00_n1,214,1,1,Qwen/Qwen2.5-Coder-14B-Instruct,1,0,1,1,strict,0.0,0.0,0.0
2026-09-16 04:28:30,L-M07_m-qwen2.5-coder-14b_sol1_gd1_rs0_bd1_str-strict_t00_n1,214,2,1,Qwen/Qwen2.5-Coder-14B-Instruct,1,0,1,1,strict,0.0,0.0,0.0
2026-09-16 04:28:45,L-M07_m-qwen2.5-coder-14b_sol1_gd1_rs0_bd1_str-strict_t00_n1,214,3,1,Qwen/Qwen2.5-Coder-14B-Instruct,1,0,1,1,strict,0.0,0.0,0.0
2026-09-16 04:28:56,L-M07_m-qwen2.5-coder-14b_sol1_gd1_rs0_bd1_str-strict_t00_n1,215,1,1,Qwen/Qwen2.5-Coder-14B-Instruct,1,0,1,1,strict,0.0,0.0,0.0
2026-09-16 04:29:05,L-M07_m-qwen2.5-coder-14b_sol1_gd1_rs0_bd1_str-strict_t00_n1,215,2,1,Qwen/Qwen2.5-Coder-14B-Instruct,1,0,1,1,strict,0.0,0.0,0.0
2026-09-16 04:29:18,L-M07_m-qwen2.5-coder-14b_sol1_gd1_rs0_bd1_str-strict_t00_n1,215,3,1,Qwen/Qwen2.5-Coder-14B-Instruct,1,0,1,1,strict,0.0,0.0,0.0
2026-09-16 04:29:29,L-M07_m-qwen2.5-coder-14b_sol1_gd1_rs0_bd1_str-strict_t00_n1,216,1,1,Qwen/Qwen2.5-Coder-14B-Instruct,1,0,1,1,strict,0.0,0.0,0.0
2026-09-16 04:29:37,L-M07_m-qwen2.5-coder-14b_sol1_gd1_rs0_bd1_str-strict_t00_n1,216,2,1,Qwen/Qwen2.5-Coder-14B-Instruct,1,0,1,1,strict,0.0,0.0,0.0
2026-09-16 04:29:44,L-M07_m-qwen2.5-coder-14b_sol1_gd1_rs0_bd1_str-strict_t00_n1,216,3,1,Qwen/Qwen2.5-Coder-14B-Instruct,1,0,1,1,strict,0.0,0.0,0.0
2026-09-16 04:29:54,L-M07_m-qwen2.5-coder-14b_sol1_gd1_rs0_bd1_str-strict_t00_n1,217,1,1,Qwen/Qwen2.5-Coder-14B-Instruct,1,0,1,1,strict,0.0,0.0,0.0
2026-09-16 04:30:03,L-M07_m-qwen2.5-coder-14b_sol1_gd1_rs0_bd1_str-strict_t00_n1,217,2,1,Qwen/Qwen2.5-Coder-14B-Instruct,1,0,1,1,strict,0.0,0.0,0.0
2026-09-16 04:30:10,L-M07_m-qwen2.5-coder-14b_sol1_gd1_rs0_bd1_str-strict_t00_n1,217,3,1,Qwen/Qwen2.5-Coder-14B-Instruct,1,0,1,1,strict,0.0,0.0,0.0
2026-09-16 04:30:20,L-M07_m-qwen2.5-coder-14b_sol1_gd1_rs0_bd1_str-strict_t00_n1,218,1,1,Qwen/Qwen2.5-Coder-14B-Instruct,1,0,1,1,strict,0.0,0.0,0.0
2026-09-16 04:30:29,L-M07_m-qwen2.5-coder-14b_sol1_gd1_rs0_bd1_str-strict_t00_n1,218,2,1,Qwen/Qwen2.5-Coder-14B-Instruct,1,0,1,1,strict,0.0,0.0,0.0
2026-09-16 04:30:45,L-M07_m-qwen2.5-coder-14b_sol1_gd1_rs0_bd1_str-strict_t00_n1,218,3,1,Qwen/Qwen2.5-Coder-14B-Instruct,1,0,1,1,strict,0.0,0.0,0.0
2026-09-16 04:30:55,L-M07_m-qwen2.5-coder-14b_sol1_gd1_rs0_bd1_str-strict_t00_n1,219,1,1,Qwen/Qwen2.5-Coder-14B-Instruct,1,0,1,1,strict,0.0,0.0,0.0
2026-09-16 04:31:03,L-M07_m-qwen2.5-coder-14b_sol1_gd1_rs0_bd1_str-strict_t00_n1,219,2,1,Qwen/Qwen2.5-Coder-14B-Instruct,1,0,1,1,strict,0.0,0.0,0.0
2026-09-16 04:31:15,L-M07_m-qwen2.5-coder-14b_sol1_gd1_rs0_bd1_str-strict_t00_n1,219,3,1,Qwen/Qwen2.5-Coder-14B-Instruct,1,0,1,1,strict,0.0,0.0,0.0
2026-09-16 04:31:20,L-M07_m-qwen2.5-coder-14b_sol1_gd1_rs0_bd1_str-strict_t00_n1,219,4,1,Qwen/Qwen2.5-Coder-14B-Instruct,1,0,1,1,strict,0.0,0.0,0.0
2026-09-16 04:31:30,L-M07_m-qwen2.5-coder-14b_sol1_gd1_rs0_bd1_str-strict_t00_n1,220,1,1,Qwen/Qwen2.5-Coder-14B-Instruct,1,0,1,1,strict,0.0,0.0,0.0
2026-09-16 04:31:37,L-M07_m-qwen2.5-coder-14b_sol1_gd1_rs0_bd1_str-strict_t00_n1,220,2,1,Qwen/Qwen2.5-Coder-14B-Instruct,1,0,1,1,strict,0.0,0.0,0.0
2026-09-16 04:31:43,L-M07_m-qwen2.5-coder-14b_sol1_gd1_rs0_bd1_str-strict_t00_n1,220,3,1,Qwen/Qwen2.5-Coder-14B-Instruct,1,0,1,1,strict,0.0,0.0,0.0
2026-09-16 04:31:53,L-M07_m-qwen2.5-coder-14b_sol1_gd1_rs0_bd1_str-strict_t00_n1,221,1,1,Qwen/Qwen2.5-Coder-14B-Instruct,1,0,1,1,strict,0.0,0.0,0.0
2026-09-16 04:32:02,L-M07_m-qwen2.5-coder-14b_sol1_gd1_rs0_bd1_str-strict_t00_n1,221,2,1,Qwen/Qwen2.5-Coder-14B-Instruct,1,0,1,1,strict,0.0,0.0,0.0
2026-09-16 04:32:14,L-M07_m-qwen2.5-coder-14b_sol1_gd1_rs0_bd1_str-strict_t00_n1,221,3,1,Qwen/Qwen2.5-Coder-14B-Instruct,1,0,1,1,strict,0.0,0.0,0.0
2026-09-16 04:32:33,L-M07_m-qwen2.5-coder-14b_sol1_gd1_rs0_bd1_str-strict_t00_n1,222,1,1,Qwen/Qwen2.5-Coder-14B-Instruct,1,0,1,1,strict,0.0,0.0,0.0
2026-09-16 04:32:41,L-M07_m-qwen2.5-coder-14b_sol1_gd1_rs0_bd1_str-strict_t00_n1,222,2,1,Qwen/Qwen2.5-Coder-14B-Instruct,1,0,1,1,strict,0.0,0.0,0.0
2026-09-16 04:32:54,L-M07_m-qwen2.5-coder-14b_sol1_gd1_rs0_bd1_str-strict_t00_n1,222,3,1,Qwen/Qwen2.5-Coder-14B-Instruct,1,0,1,1,strict,0.0,0.0,0.0
2026-09-16 04:32:59,L-M07_m-qwen2.5-coder-14b_sol1_gd1_rs0_bd1_str-strict_t00_n1,222,4,1,Qwen/Qwen2.5-Coder-14B-Instruct,1,0,1,1,strict,0.0,0.0,0.0
2026-09-16 04:33:13,L-M07_m-qwen2.5-coder-14b_sol1_gd1_rs0_bd1_str-strict_t00_n1,223,1,1,Qwen/Qwen2.5-Coder-14B-Instruct,1,0,1,1,strict,0.0,0.0,0.0
2026-09-16 04:33:22,L-M07_m-qwen2.5-coder-14b_sol1_gd1_rs0_bd1_str-strict_t00_n1,223,2,1,Qwen/Qwen2.5-Coder-14B-Instruct,1,0,1,1,strict,0.0,0.0,0.0
2026-09-16 04:33:35,L-M07_m-qwen2.5-coder-14b_sol1_gd1_rs0_bd1_str-strict_t00_n1,223,3,1,Qwen/Qwen2.5-Coder-14B-Instruct,1,0,1,1,strict,0.0,0.0,0.0
2026-09-16 04:33:51,L-M07_m-qwen2.5-coder-14b_sol1_gd1_rs0_bd1_str-strict_t00_n1,224,1,1,Qwen/Qwen2.5-Coder-14B-Instruct,1,0,1,1,strict,0.0,0.0,0.0
2026-09-16 04:34:00,L-M07_m-qwen2.5-coder-14b_sol1_gd1_rs0_bd1_str-strict_t00_n1,224,2,1,Qwen/Qwen2.5-Coder-14B-Instruct,1,0,1,1,strict,0.0,6.0,0.0
2026-09-16 04:34:13,L-M07_m-qwen2.5-coder-14b_sol1_gd1_rs0_bd1_str-strict_t00_n1,224,3,1,Qwen/Qwen2.5-Coder-14B-Instruct,1,0,1,1,strict,0.0,0.0,0.0
2026-09-16 04:34:23,L-M07_m-qwen2.5-coder-14b_sol1_gd1_rs0_bd1_str-strict_t00_n1,225,1,1,Qwen/Qwen2.5-Coder-14B-Instruct,1,0,1,1,strict,0.0,0.0,0.0
2026-09-16 04:34:32,L-M07_m-qwen2.5-coder-14b_sol1_gd1_rs0_bd1_str-strict_t00_n1,225,2,1,Qwen/Qwen2.5-Coder-14B-Instruct,1,0,1,1,strict,0.0,0.0,0.0
2026-09-16 04:34:47,L-M07_m-qwen2.5-coder-14b_sol1_gd1_rs0_bd1_str-strict_t00_n1,225,3,1,Qwen/Qwen2.5-Coder-14B-Instruct,1,0,1,1,strict,0.0,0.0,0.0
2026-09-16 04:34:57,L-M07_m-qwen2.5-coder-14b_sol1_gd1_rs0_bd1_str-strict_t00_n1,226,1,1,Qwen/Qwen2.5-Coder-14B-Instruct,1,0,1,1,strict,0.0,0.0,0.0
2026-09-16 04:35:06,L-M07_m-qwen2.5-coder-14b_sol1_gd1_rs0_bd1_str-strict_t00_n1,226,2,1,Qwen/Qwen2.5-Coder-14B-Instruct,1,0,1,1,strict,0.0,0.0,0.0
2026-09-16 04:35:17,L-M07_m-qwen2.5-coder-14b_sol1_gd1_rs0_bd1_str-strict_t00_n1,226,3,1,Qwen/Qwen2.5-Coder-14B-Instruct,1,0,1,1,strict,0.0,0.0,0.0
2026-09-16 04:35:41,L-M07_m-qwen2.5-coder-14b_sol1_gd1_rs0_bd1_str-strict_t00_n1,227,1,1,Qwen/Qwen2.5-Coder-14B-Instruct,1,0,1,1,strict,0.0,0.0,0.0
2026-09-16 04:35:50,L-M07_m-qwen2.5-coder-14b_sol1_gd1_rs0_bd1_str-strict_t00_n1,227,2,1,Qwen/Qwen2.5-Coder-14B-Instruct,1,0,1,1,strict,0.0,0.0,0.0
2026-09-16 04:36:01,L-M07_m-qwen2.5-coder-14b_sol1_gd1_rs0_bd1_str-strict_t00_n1,227,3,1,Qwen/Qwen2.5-Coder-14B-Instruct,1,0,1,1,strict,0.0,0.0,0.0
2026-09-16 04:36:11,L-M07_m-qwen2.5-coder-14b_sol1_gd1_rs0_bd1_str-strict_t00_n1,228,1,1,Qwen/Qwen2.5-Coder-14B-Instruct,1,0,1,1,strict,0.0,0.0,0.0
2026-09-16 04:36:20,L-M07_m-qwen2.5-coder-14b_sol1_gd1_rs0_bd1_str-strict_t00_n1,228,2,1,Qwen/Qwen2.5-Coder-14B-Instruct,1,0,1,1,strict,0.0,0.0,0.0
2026-09-16 04:36:30,L-M07_m-qwen2.5-coder-14b_sol1_gd1_rs0_bd1_str-strict_t00_n1,228,3,1,Qwen/Qwen2.5-Coder-14B-Instruct,1,0,1,1,strict,0.0,0.0,0.0
2026-09-16 04:36:40,L-M07_m-qwen2.5-coder-14b_sol1_gd1_rs0_bd1_str-strict_t00_n1,229,1,1,Qwen/Qwen2.5-Coder-14B-Instruct,1,0,1,1,strict,0.0,0.0,0.0
2026-09-16 04:36:48,L-M07_m-qwen2.5-coder-14b_sol1_gd1_rs0_bd1_str-strict_t00_n1,229,2,1,Qwen/Qwen2.5-Coder-14B-Instruct,1,0,1,1,strict,0.0,11.0,0.0
2026-09-16 04:37:02,L-M07_m-qwen2.5-coder-14b_sol1_gd1_rs0_bd1_str-strict_t00_n1,229,3,1,Qwen/Qwen2.5-Coder-14B-Instruct,1,0,1,1,strict,0.0,0.0,0.0
2026-09-16 04:37:06,L-M07_m-qwen2.5-coder-14b_sol1_gd1_rs0_bd1_str-strict_t00_n1,229,4,1,Qwen/Qwen2.5-Coder-14B-Instruct,1,0,1,1,strict,0.0,0.0,0.0
2026-09-16 04:37:16,L-M07_m-qwen2.5-coder-14b_sol1_gd1_rs0_bd1_str-strict_t00_n1,230,1,1,Qwen/Qwen2.5-Coder-14B-Instruct,1,0,1,1,strict,0.0,0.0,0.0
2026-09-16 04:37:25,L-M07_m-qwen2.5-coder-14b_sol1_gd1_rs0_bd1_str-strict_t00_n1,230,2,1,Qwen/Qwen2.5-Coder-14B-Instruct,1,0,1,1,strict,0.0,0.0,0.0
2026-09-16 04:37:35,L-M07_m-qwen2.5-coder-14b_sol1_gd1_rs0_bd1_str-strict_t00_n1,230,3,1,Qwen/Qwen2.5-Coder-14B-Instruct,1,0,1,1,strict,0.0,0.0,0.0
2026-09-16 04:37:41,L-M07_m-qwen2.5-coder-14b_sol1_gd1_rs0_bd1_str-strict_t00_n1,230,4,1,Qwen/Qwen2.5-Coder-14B-Instruct,1,0,1,1,strict,0.0,0.0,0.0
2026-09-16 04:37:51,L-M07_m-qwen2.5-coder-14b_sol1_gd1_rs0_bd1_str-strict_t00_n1,231,1,1,Qwen/Qwen2.5-Coder-14B-Instruct,1,0,1,1,strict,0.0,0.0,0.0
2026-09-16 04:37:59,L-M07_m-qwen2.5-coder-14b_sol1_gd1_rs0_bd1_str-strict_t00_n1,231,2,1,Qwen/Qwen2.5-Coder-14B-Instruct,1,0,1,1,strict,0.0,0.0,0.0
2026-09-16 04:38:11,L-M07_m-qwen2.5-coder-14b_sol1_gd1_rs0_bd1_str-strict_t00_n1,231,3,1,Qwen/Qwen2.5-Coder-14B-Instruct,1,0,1,1,strict,0.0,0.0,0.0
2026-09-16 04:38:21,L-M07_m-qwen2.5-coder-14b_sol1_gd1_rs0_bd1_str-strict_t00_n1,232,1,1,Qwen/Qwen2.5-Coder-14B-Instruct,1,0,1,1,strict,0.0,0.0,0.0
2026-09-16 04:38:30,L-M07_m-qwen2.5-coder-14b_sol1_gd1_rs0_bd1_str-strict_t00_n1,232,2,1,Qwen/Qwen2.5-Coder-14B-Instruct,1,0,1,1,strict,0.0,0.0,0.0
2026-09-16 04:38:40,L-M07_m-qwen2.5-coder-14b_sol1_gd1_rs0_bd1_str-strict_t00_n1,232,3,1,Qwen/Qwen2.5-Coder-14B-Instruct,1,0,1,1,strict,0.0,0.0,0.0
2026-09-16 04:38:52,L-M07_m-qwen2.5-coder-14b_sol1_gd1_rs0_bd1_str-strict_t00_n1,233,1,1,Qwen/Qwen2.5-Coder-14B-Instruct,1,0,1,1,strict,0.0,0.0,0.0
2026-09-16 04:39:01,L-M07_m-qwen2.5-coder-14b_sol1_gd1_rs0_bd1_str-strict_t00_n1,233,2,1,Qwen/Qwen2.5-Coder-14B-Instruct,1,0,1,1,strict,0.0,0.0,0.0
2026-09-16 04:39:14,L-M07_m-qwen2.5-coder-14b_sol1_gd1_rs0_bd1_str-strict_t00_n1,233,3,1,Qwen/Qwen2.5-Coder-14B-Instruct,1,0,1,1,strict,0.0,0.0,0.0
2026-09-16 04:39:24,L-M07_m-qwen2.5-coder-14b_sol1_gd1_rs0_bd1_str-strict_t00_n1,234,1,1,Qwen/Qwen2.5-Coder-14B-Instruct,1,0,1,1,strict,0.0,0.0,0.0
2026-09-16 04:39:33,L-M07_m-qwen2.5-coder-14b_sol1_gd1_rs0_bd1_str-strict_t00_n1,234,2,1,Qwen/Qwen2.5-Coder-14B-Instruct,1,0,1,1,strict,0.0,0.0,0.0
2026-09-16 04:39:44,L-M07_m-qwen2.5-coder-14b_sol1_gd1_rs0_bd1_str-strict_t00_n1,234,3,1,Qwen/Qwen2.5-Coder-14B-Instruct,1,0,1,1,strict,0.0,0.0,0.0
2026-09-16 04:39:55,L-M07_m-qwen2.5-coder-14b_sol1_gd1_rs0_bd1_str-strict_t00_n1,235,1,1,Qwen/Qwen2.5-Coder-14B-Instruct,1,0,1,1,strict,0.0,0.0,0.0
2026-09-16 04:40:04,L-M07_m-qwen2.5-coder-14b_sol1_gd1_rs0_bd1_str-strict_t00_n1,235,2,1,Qwen/Qwen2.5-Coder-14B-Instruct,1,0,1,1,strict,0.0,0.0,0.0
2026-09-16 04:40:18,L-M07_m-qwen2.5-coder-14b_sol1_gd1_rs0_bd1_str-strict_t00_n1,235,3,1,Qwen/Qwen2.5-Coder-14B-Instruct,1,0,1,1,strict,0.0,0.0,0.0
2026-09-16 04:40:28,L-M07_m-qwen2.5-coder-14b_sol1_gd1_rs0_bd1_str-strict_t00_n1,236,1,1,Qwen/Qwen2.5-Coder-14B-Instruct,1,0,1,1,strict,0.0,0.0,0.0
2026-09-16 04:40:35,L-M07_m-qwen2.5-coder-14b_sol1_gd1_rs0_bd1_str-strict_t00_n1,236,2,1,Qwen/Qwen2.5-Coder-14B-Instruct,1,0,1,1,strict,0.0,0.0,0.0
2026-09-16 04:40:46,L-M07_m-qwen2.5-coder-14b_sol1_gd1_rs0_bd1_str-strict_t00_n1,236,3,1,Qwen/Qwen2.5-Coder-14B-Instruct,1,0,1,1,strict,0.0,0.0,0.0
2026-09-16 04:40:50,L-M07_m-qwen2.5-coder-14b_sol1_gd1_rs0_bd1_str-strict_t00_n1,236,4,1,Qwen/Qwen2.5-Coder-14B-Instruct,1,0,1,1,strict,0.0,0.0,0.0
2026-09-16 04:41:00,L-M07_m-qwen2.5-coder-14b_sol1_gd1_rs0_bd1_str-strict_t00_n1,237,1,1,Qwen/Qwen2.5-Coder-14B-Instruct,1,0,1,1,strict,0.0,0.0,0.0
2026-09-16 04:41:08,L-M07_m-qwen2.5-coder-14b_sol1_gd1_rs0_bd1_str-strict_t00_n1,237,2,1,Qwen/Qwen2.5-Coder-14B-Instruct,1,0,1,1,strict,0.0,0.0,0.0
2026-09-16 04:41:20,L-M07_m-qwen2.5-coder-14b_sol1_gd1_rs0_bd1_str-strict_t00_n1,237,3,1,Qwen/Qwen2.5-Coder-14B-Instruct,1,0,1,1,strict,0.0,0.0,0.0
2026-09-16 04:41:30,L-M07_m-qwen2.5-coder-14b_sol1_gd1_rs0_bd1_str-strict_t00_n1,238,1,1,Qwen/Qwen2.5-Coder-14B-Instruct,1,0,1,1,strict,0.0,0.0,0.0
2026-09-16 04:41:39,L-M07_m-qwen2.5-coder-14b_sol1_gd1_rs0_bd1_str-strict_t00_n1,238,2,1,Qwen/Qwen2.5-Coder-14B-Instruct,1,0,1,1,strict,0.0,0.0,0.0
2026-09-16 04:41:53,L-M07_m-qwen2.5-coder-14b_sol1_gd1_rs0_bd1_str-strict_t00_n1,238,3,1,Qwen/Qwen2.5-Coder-14B-Instruct,1,0,1,1,strict,0.0,0.0,0.0
2026-09-16 04:42:03,L-M07_m-qwen2.5-coder-14b_sol1_gd1_rs0_bd1_str-strict_t00_n1,239,1,1,Qwen/Qwen2.5-Coder-14B-Instruct,1,0,1,1,strict,0.0,0.0,0.0
2026-09-16 04:42:11,L-M07_m-qwen2.5-coder-14b_sol1_gd1_rs0_bd1_str-strict_t00_n1,239,2,1,Qwen/Qwen2.5-Coder-14B-Instruct,1,0,1,1,strict,0.0,0.0,0.0
2026-09-16 04:42:25,L-M07_m-qwen2.5-coder-14b_sol1_gd1_rs0_bd1_str-strict_t00_n1,239,3,1,Qwen/Qwen2.5-Coder-14B-Instruct,1,0,1,1,strict,0.0,0.0,0.0
2026-09-16 04:42:30,L-M07_m-qwen2.5-coder-14b_sol1_gd1_rs0_bd1_str-strict_t00_n1,239,4,1,Qwen/Qwen2.5-Coder-14B-Instruct,1,0,1,1,strict,0.0,0.0,0.0
2026-09-16 04:42:41,L-M07_m-qwen2.5-coder-14b_sol1_gd1_rs0_bd1_str-strict_t00_n1,240,1,1,Qwen/Qwen2.5-Coder-14B-Instruct,1,0,1,1,strict,0.0,0.0,0.0
2026-09-16 04:42:50,L-M07_m-qwen2.5-coder-14b_sol1_gd1_rs0_bd1_str-strict_t00_n1,240,2,1,Qwen/Qwen2.5-Coder-14B-Instruct,1,0,1,1,strict,0.0,0.0,0.0
2026-09-16 04:43:02,L-M07_m-qwen2.5-coder-14b_sol1_gd1_rs0_bd1_str-strict_t00_n1,240,3,1,Qwen/Qwen2.5-Coder-14B-Instruct,1,0,1,1,strict,0.0,0.0,0.0
2026-09-16 04:43:07,L-M07_m-qwen2.5-coder-14b_sol1_gd1_rs0_bd1_str-strict_t00_n1,240,4,1,Qwen/Qwen2.5-Coder-14B-Instruct,1,0,1,1,strict,0.0,0.0,0.0
2026-09-16 04:43:18,L-M07_m-qwen2.5-coder-14b_sol1_gd1_rs0_bd1_str-strict_t00_n1,241,1,1,Qwen/Qwen2.5-Coder-14B-Instruct,1,0,1,1,strict,0.0,0.0,0.0
2026-09-16 04:43:27,L-M07_m-qwen2.5-coder-14b_sol1_gd1_rs0_bd1_str-strict_t00_n1,241,2,1,Qwen/Qwen2.5-Coder-14B-Instruct,1,0,1,1,strict,0.0,0.0,0.0
2026-09-16 04:43:40,L-M07_m-qwen2.5-coder-14b_sol1_gd1_rs0_bd1_str-strict_t00_n1,241,3,1,Qwen/Qwen2.5-Coder-14B-Instruct,1,0,1,1,strict,0.0,0.0,0.0
2026-09-16 04:43:50,L-M07_m-qwen2.5-coder-14b_sol1_gd1_rs0_bd1_str-strict_t00_n1,242,1,1,Qwen/Qwen2.5-Coder-14B-Instruct,1,0,1,1,strict,0.0,0.0,0.0
2026-09-16 04:43:58,L-M07_m-qwen2.5-coder-14b_sol1_gd1_rs0_bd1_str-strict_t00_n1,242,2,1,Qwen/Qwen2.5-Coder-14B-Instruct,1,0,1,1,strict,0.0,0.0,0.0
2026-09-16 04:44:10,L-M07_m-qwen2.5-coder-14b_sol1_gd1_rs0_bd1_str-strict_t00_n1,242,3,1,Qwen/Qwen2.5-Coder-14B-Instruct,1,0,1,1,strict,0.0,0.0,0.0
2026-09-16 04:44:15,L-M07_m-qwen2.5-coder-14b_sol1_gd1_rs0_bd1_str-strict_t00_n1,242,4,1,Qwen/Qwen2.5-Coder-14B-Instruct,1,0,1,1,strict,0.0,0.0,0.0
2026-09-16 04:44:25,L-M07_m-qwen2.5-coder-14b_sol1_gd1_rs0_bd1_str-strict_t00_n1,243,1,1,Qwen/Qwen2.5-Coder-14B-Instruct,1,0,1,1,strict,0.0,0.0,0.0
2026-09-16 04:44:34,L-M07_m-qwen2.5-coder-14b_sol1_gd1_rs0_bd1_str-strict_t00_n1,243,2,1,Qwen/Qwen2.5-Coder-14B-Instruct,1,0,1,1,strict,0.0,0.0,0.0
2026-09-16 04:44:47,L-M07_m-qwen2.5-coder-14b_sol1_gd1_rs0_bd1_str-strict_t00_n1,243,3,1,Qwen/Qwen2.5-Coder-14B-Instruct,1,0,1,1,strict,0.0,0.0,0.0
2026-09-16 04:44:58,L-M07_m-qwen2.5-coder-14b_sol1_gd1_rs0_bd1_str-strict_t00_n1,244,1,1,Qwen/Qwen2.5-Coder-14B-Instruct,1,0,1,1,strict,0.0,0.0,0.0
2026-09-16 04:45:06,L-M07_m-qwen2.5-coder-14b_sol1_gd1_rs0_bd1_str-strict_t00_n1,244,2,1,Qwen/Qwen2.5-Coder-14B-Instruct,1,0,1,1,strict,0.0,0.0,0.0
2026-09-16 04:45:18,L-M07_m-qwen2.5-coder-14b_sol1_gd1_rs0_bd1_str-strict_t00_n1,244,3,1,Qwen/Qwen2.5-Coder-14B-Instruct,1,0,1,1,strict,0.0,0.0,0.0
2026-09-16 04:45:28,L-M07_m-qwen2.5-coder-14b_sol1_gd1_rs0_bd1_str-strict_t00_n1,245,1,1,Qwen/Qwen2.5-Coder-14B-Instruct,1,0,1,1,strict,0.0,0.0,0.0
2026-09-16 04:45:37,L-M07_m-qwen2.5-coder-14b_sol1_gd1_rs0_bd1_str-strict_t00_n1,245,2,1,Qwen/Qwen2.5-Coder-14B-Instruct,1,0,1,1,strict,0.0,0.0,0.0
2026-09-16 04:45:44,L-M07_m-qwen2.5-coder-14b_sol1_gd1_rs0_bd1_str-strict_t00_n1,245,3,1,Qwen/Qwen2.5-Coder-14B-Instruct,1,0,1,1,strict,0.0,0.0,0.0
2026-09-16 04:45:54,L-M07_m-qwen2.5-coder-14b_sol1_gd1_rs0_bd1_str-strict_t00_n1,246,1,1,Qwen/Qwen2.5-Coder-14B-Instruct,1,0,1,1,strict,0.0,0.0,0.0
2026-09-16 04:46:02,L-M07_m-qwen2.5-coder-14b_sol1_gd1_rs0_bd1_str-strict_t00_n1,246,2,1,Qwen/Qwen2.5-Coder-14B-Instruct,1,0,1,1,strict,0.0,0.0,0.0
2026-09-16 04:46:14,L-M07_m-qwen2.5-coder-14b_sol1_gd1_rs0_bd1_str-strict_t00_n1,246,3,1,Qwen/Qwen2.5-Coder-14B-Instruct,1,0,1,1,strict,0.0,0.0,0.0
2026-09-16 04:46:24,L-M07_m-qwen2.5-coder-14b_sol1_gd1_rs0_bd1_str-strict_t00_n1,247,1,1,Qwen/Qwen2.5-Coder-14B-Instruct,1,0,1,1,strict,0.0,0.0,0.0
2026-09-16 04:46:33,L-M07_m-qwen2.5-coder-14b_sol1_gd1_rs0_bd1_str-strict_t00_n1,247,2,1,Qwen/Qwen2.5-Coder-14B-Instruct,1,0,1,1,strict,0.0,0.0,0.0
2026-09-16 04:46:45,L-M07_m-qwen2.5-coder-14b_sol1_gd1_rs0_bd1_str-strict_t00_n1,247,3,1,Qwen/Qwen2.5-Coder-14B-Instruct,1,0,1,1,strict,0.0,0.0,0.0
2026-09-16 04:46:55,L-M07_m-qwen2.5-coder-14b_sol1_gd1_rs0_bd1_str-strict_t00_n1,248,1,1,Qwen/Qwen2.5-Coder-14B-Instruct,1,0,1,1,strict,0.0,0.0,0.0
2026-09-16 04:47:04,L-M07_m-qwen2.5-coder-14b_sol1_gd1_rs0_bd1_str-strict_t00_n1,248,2,1,Qwen/Qwen2.5-Coder-14B-Instruct,1,0,1,1,strict,0.0,0.0,0.0
2026-09-16 04:47:15,L-M07_m-qwen2.5-coder-14b_sol1_gd1_rs0_bd1_str-strict_t00_n1,248,3,1,Qwen/Qwen2.5-Coder-14B-Instruct,1,0,1,1,strict,0.0,0.0,0.0
2026-09-16 04:47:25,L-M07_m-qwen2.5-coder-14b_sol1_gd1_rs0_bd1_str-strict_t00_n1,249,1,1,Qwen/Qwen2.5-Coder-14B-Instruct,1,0,1,1,strict,0.0,0.0,0.0
2026-09-16 04:47:34,L-M07_m-qwen2.5-coder-14b_sol1_gd1_rs0_bd1_str-strict_t00_n1,249,2,1,Qwen/Qwen2.5-Coder-14B-Instruct,1,0,1,1,strict,0.0,0.0,0.0
2026-09-16 04:47:48,L-M07_m-qwen2.5-coder-14b_sol1_gd1_rs0_bd1_str-strict_t00_n1,249,3,1,Qwen/Qwen2.5-Coder-14B-Instruct,1,0,1,1,strict,0.0,0.0,0.0
2026-09-16 04:47:58,L-M07_m-qwen2.5-coder-14b_sol1_gd1_rs0_bd1_str-strict_t00_n1,250,1,1,Qwen/Qwen2.5-Coder-14B-Instruct,1,0,1,1,strict,0.0,0.0,0.0
2026-09-16 04:48:07,L-M07_m-qwen2.5-coder-14b_sol1_gd1_rs0_bd1_str-strict_t00_n1,250,2,1,Qwen/Qwen2.5-Coder-14B-Instruct,1,0,1,1,strict,0.0,0.0,0.0
2026-09-16 04:48:12,L-M07_m-qwen2.5-coder-14b_sol1_gd1_rs0_bd1_str-strict_t00_n1,250,3,1,Qwen/Qwen2.5-Coder-14B-Instruct,1,0,1,1,strict,0.0,0.0,0.0
2026-09-16 04:48:18,L-M07_m-qwen2.5-coder-14b_sol1_gd1_rs0_bd1_str-strict_t00_n1,250,4,1,Qwen/Qwen2.5-Coder-14B-Instruct,1,0,1,1,strict,0.0,0.0,0.0
2026-09-16 04:48:28,L-M07_m-qwen2.5-coder-14b_sol1_gd1_rs0_bd1_str-strict_t00_n1,251,1,1,Qwen/Qwen2.5-Coder-14B-Instruct,1,0,1,1,strict,0.0,0.0,0.0
2026-09-16 04:48:37,L-M07_m-qwen2.5-coder-14b_sol1_gd1_rs0_bd1_str-strict_t00_n1,251,2,1,Qwen/Qwen2.5-Coder-14B-Instruct,1,0,1,1,strict,0.0,0.0,0.0
2026-09-16 04:48:49,L-M07_m-qwen2.5-coder-14b_sol1_gd1_rs0_bd1_str-strict_t00_n1,251,3,1,Qwen/Qwen2.5-Coder-14B-Instruct,1,0,1,1,strict,0.0,0.0,0.0
2026-09-16 04:48:59,L-M07_m-qwen2.5-coder-14b_sol1_gd1_rs0_bd1_str-strict_t00_n1,252,1,1,Qwen/Qwen2.5-Coder-14B-Instruct,1,0,1,1,strict,0.0,0.0,0.0
2026-09-16 04:49:08,L-M07_m-qwen2.5-coder-14b_sol1_gd1_rs0_bd1_str-strict_t00_n1,252,2,1,Qwen/Qwen2.5-Coder-14B-Instruct,1,0,1,1,strict,0.0,0.0,0.0
2026-09-16 04:49:18,L-M07_m-qwen2.5-coder-14b_sol1_gd1_rs0_bd1_str-strict_t00_n1,252,3,1,Qwen/Qwen2.5-Coder-14B-Instruct,1,0,1,1,strict,0.0,0.0,0.0
2026-09-16 04:49:28,L-M07_m-qwen2.5-coder-14b_sol1_gd1_rs0_bd1_str-strict_t00_n1,253,1,1,Qwen/Qwen2.5-Coder-14B-Instruct,1,0,1,1,strict,0.0,0.0,0.0
2026-09-16 04:49:37,L-M07_m-qwen2.5-coder-14b_sol1_gd1_rs0_bd1_str-strict_t00_n1,253,2,1,Qwen/Qwen2.5-Coder-14B-Instruct,1,0,1,1,strict,0.0,0.0,0.0
2026-09-16 04:49:53,L-M07_m-qwen2.5-coder-14b_sol1_gd1_rs0_bd1_str-strict_t00_n1,253,3,1,Qwen/Qwen2.5-Coder-14B-Instruct,1,0,1,1,strict,0.0,0.0,0.0
2026-09-16 04:50:08,L-M07_m-qwen2.5-coder-14b_sol1_gd1_rs0_bd1_str-strict_t00_n1,254,1,1,Qwen/Qwen2.5-Coder-14B-Instruct,1,0,1,1,strict,0.0,0.0,0.0
2026-09-16 04:50:15,L-M07_m-qwen2.5-coder-14b_sol1_gd1_rs0_bd1_str-strict_t00_n1,254,2,1,Qwen/Qwen2.5-Coder-14B-Instruct,1,0,1,1,strict,0.0,0.0,0.0
2026-09-16 04:50:21,L-M07_m-qwen2.5-coder-14b_sol1_gd1_rs0_bd1_str-strict_t00_n1,254,3,1,Qwen/Qwen2.5-Coder-14B-Instruct,1,0,1,1,strict,0.0,0.0,0.0
2026-09-16 04:50:27,L-M07_m-qwen2.5-coder-14b_sol1_gd1_rs0_bd1_str-strict_t00_n1,254,4,1,Qwen/Qwen2.5-Coder-14B-Instruct,1,0,1,1,strict,0.0,0.0,0.0
2026-09-16 04:50:37,L-M07_m-qwen2.5-coder-14b_sol1_gd1_rs0_bd1_str-strict_t00_n1,255,1,1,Qwen/Qwen2.5-Coder-14B-Instruct,1,0,1,1,strict,0.0,0.0,0.0
2026-09-16 04:50:45,L-M07_m-qwen2.5-coder-14b_sol1_gd1_rs0_bd1_str-strict_t00_n1,255,2,1,Qwen/Qwen2.5-Coder-14B-Instruct,1,0,1,1,strict,0.0,0.0,0.0
2026-09-16 04:50:56,L-M07_m-qwen2.5-coder-14b_sol1_gd1_rs0_bd1_str-strict_t00_n1,255,3,1,Qwen/Qwen2.5-Coder-14B-Instruct,1,0,1,1,strict,0.0,0.0,0.0
2026-09-16 04:51:08,L-M07_m-qwen2.5-coder-14b_sol1_gd1_rs0_bd1_str-strict_t00_n1,256,1,1,Qwen/Qwen2.5-Coder-14B-Instruct,1,0,1,1,strict,0.0,10.0,0.0
2026-09-16 04:51:17,L-M07_m-qwen2.5-coder-14b_sol1_gd1_rs0_bd1_str-strict_t00_n1,256,2,1,Qwen/Qwen2.5-Coder-14B-Instruct,1,0,1,1,strict,0.0,0.0,0.0
2026-09-16 04:51:29,L-M07_m-qwen2.5-coder-14b_sol1_gd1_rs0_bd1_str-strict_t00_n1,256,3,1,Qwen/Qwen2.5-Coder-14B-Instruct,1,0,1,1,strict,0.0,0.0,0.0
2026-09-16 04:51:34,L-M07_m-qwen2.5-coder-14b_sol1_gd1_rs0_bd1_str-strict_t00_n1,256,4,1,Qwen/Qwen2.5-Coder-14B-Instruct,1,0,1,1,strict,0.0,0.0,0.0
2026-09-16 04:51:44,L-M07_m-qwen2.5-coder-14b_sol1_gd1_rs0_bd1_str-strict_t00_n1,257,1,1,Qwen/Qwen2.5-Coder-14B-Instruct,1,0,1,1,strict,0.0,0.0,0.0
2026-09-16 04:51:53,L-M07_m-qwen2.5-coder-14b_sol1_gd1_rs0_bd1_str-strict_t00_n1,257,2,1,Qwen/Qwen2.5-Coder-14B-Instruct,1,0,1,1,strict,0.0,0.0,0.0
2026-09-16 04:52:10,L-M07_m-qwen2.5-coder-14b_sol1_gd1_rs0_bd1_str-strict_t00_n1,257,3,1,Qwen/Qwen2.5-Coder-14B-Instruct,1,0,1,1,strict,0.0,0.0,0.0
2026-09-16 04:52:21,L-M07_m-qwen2.5-coder-14b_sol1_gd1_rs0_bd1_str-strict_t00_n1,258,1,1,Qwen/Qwen2.5-Coder-14B-Instruct,1,0,1,1,strict,0.0,0.0,0.0
2026-09-16 04:52:30,L-M07_m-qwen2.5-coder-14b_sol1_gd1_rs0_bd1_str-strict_t00_n1,258,2,1,Qwen/Qwen2.5-Coder-14B-Instruct,1,0,1,1,strict,0.0,0.0,0.0
2026-09-16 04:52:42,L-M07_m-qwen2.5-coder-14b_sol1_gd1_rs0_bd1_str-strict_t00_n1,258,3,1,Qwen/Qwen2.5-Coder-14B-Instruct,1,0,1,1,strict,0.0,0.0,0.0
2026-09-16 04:52:47,L-M07_m-qwen2.5-coder-14b_sol1_gd1_rs0_bd1_str-strict_t00_n1,258,4,1,Qwen/Qwen2.5-Coder-14B-Instruct,1,0,1,1,strict,0.0,0.0,0.0
2026-09-16 04:52:58,L-M07_m-qwen2.5-coder-14b_sol1_gd1_rs0_bd1_str-strict_t00_n1,259,1,1,Qwen/Qwen2.5-Coder-14B-Instruct,1,0,1,1,strict,0.0,0.0,0.0
2026-09-16 04:53:07,L-M07_m-qwen2.5-coder-14b_sol1_gd1_rs0_bd1_str-strict_t00_n1,259,2,1,Qwen/Qwen2.5-Coder-14B-Instruct,1,0,1,1,strict,0.0,0.0,0.0
2026-09-16 04:53:21,L-M07_m-qwen2.5-coder-14b_sol1_gd1_rs0_bd1_str-strict_t00_n1,259,3,1,Qwen/Qwen2.5-Coder-14B-Instruct,1,0,1,1,strict,0.0,0.0,0.0
2026-09-16 04:53:27,L-M07_m-qwen2.5-coder-14b_sol1_gd1_rs0_bd1_str-strict_t00_n1,259,4,1,Qwen/Qwen2.5-Coder-14B-Instruct,1,0,1,1,strict,0.0,0.0,0.0
2026-09-16 04:53:38,L-M07_m-qwen2.5-coder-14b_sol1_gd1_rs0_bd1_str-strict_t00_n1,260,1,1,Qwen/Qwen2.5-Coder-14B-Instruct,1,0,1,1,strict,0.0,0.0,0.0
2026-09-16 04:53:47,L-M07_m-qwen2.5-coder-14b_sol1_gd1_rs0_bd1_str-strict_t00_n1,260,2,1,Qwen/Qwen2.5-Coder-14B-Instruct,1,0,1,1,strict,0.0,0.0,0.0
2026-09-16 04:54:01,L-M07_m-qwen2.5-coder-14b_sol1_gd1_rs0_bd1_str-strict_t00_n1,260,3,1,Qwen/Qwen2.5-Coder-14B-Instruct,1,0,1,1,strict,0.0,0.0,0.0
2026-09-16 04:54:06,L-M07_m-qwen2.5-coder-14b_sol1_gd1_rs0_bd1_str-strict_t00_n1,260,4,1,Qwen/Qwen2.5-Coder-14B-Instruct,1,0,1,1,strict,0.0,0.0,0.0
2026-09-16 04:54:16,L-M07_m-qwen2.5-coder-14b_sol1_gd1_rs0_bd1_str-strict_t00_n1,261,1,1,Qwen/Qwen2.5-Coder-14B-Instruct,1,0,1,1,strict,0.0,0.0,0.0
2026-09-16 04:54:26,L-M07_m-qwen2.5-coder-14b_sol1_gd1_rs0_bd1_str-strict_t00_n1,261,2,1,Qwen/Qwen2.5-Coder-14B-Instruct,1,0,1,1,strict,0.0,0.0,0.0
2026-09-16 04:54:34,L-M07_m-qwen2.5-coder-14b_sol1_gd1_rs0_bd1_str-strict_t00_n1,261,3,1,Qwen/Qwen2.5-Coder-14B-Instruct,1,0,1,1,strict,0.0,0.0,0.0
2026-09-16 04:54:44,L-M07_m-qwen2.5-coder-14b_sol1_gd1_rs0_bd1_str-strict_t00_n1,262,1,1,Qwen/Qwen2.5-Coder-14B-Instruct,1,0,1,1,strict,0.0,0.0,0.0
2026-09-16 04:54:53,L-M07_m-qwen2.5-coder-14b_sol1_gd1_rs0_bd1_str-strict_t00_n1,262,2,1,Qwen/Qwen2.5-Coder-14B-Instruct,1,0,1,1,strict,0.0,0.0,0.0
2026-09-16 04:55:06,L-M07_m-qwen2.5-coder-14b_sol1_gd1_rs0_bd1_str-strict_t00_n1,262,3,1,Qwen/Qwen2.5-Coder-14B-Instruct,1,0,1,1,strict,0.0,0.0,0.0
2026-09-16 04:55:11,L-M07_m-qwen2.5-coder-14b_sol1_gd1_rs0_bd1_str-strict_t00_n1,262,4,1,Qwen/Qwen2.5-Coder-14B-Instruct,1,0,1,1,strict,0.0,0.0,0.0
2026-09-16 04:55:20,L-M07_m-qwen2.5-coder-14b_sol1_gd1_rs0_bd1_str-strict_t00_n1,263,1,1,Qwen/Qwen2.5-Coder-14B-Instruct,1,0,1,1,strict,0.0,0.0,0.0
2026-09-16 04:55:30,L-M07_m-qwen2.5-coder-14b_sol1_gd1_rs0_bd1_str-strict_t00_n1,263,2,1,Qwen/Qwen2.5-Coder-14B-Instruct,1,0,1,1,strict,0.0,0.0,0.0
2026-09-16 04:55:41,L-M07_m-qwen2.5-coder-14b_sol1_gd1_rs0_bd1_str-strict_t00_n1,263,3,1,Qwen/Qwen2.5-Coder-14B-Instruct,1,0,1,1,strict,0.0,0.0,0.0
2026-09-16 04:55:46,L-M07_m-qwen2.5-coder-14b_sol1_gd1_rs0_bd1_str-strict_t00_n1,263,4,1,Qwen/Qwen2.5-Coder-14B-Instruct,1,0,1,1,strict,0.0,0.0,0.0
2026-09-16 04:55:56,L-M07_m-qwen2.5-coder-14b_sol1_gd1_rs0_bd1_str-strict_t00_n1,264,1,1,Qwen/Qwen2.5-Coder-14B-Instruct,1,0,1,1,strict,0.0,0.0,0.0
2026-09-16 04:56:05,L-M07_m-qwen2.5-coder-14b_sol1_gd1_rs0_bd1_str-strict_t00_n1,264,2,1,Qwen/Qwen2.5-Coder-14B-Instruct,1,0,1,1,strict,0.0,0.0,0.0
2026-09-16 04:56:13,L-M07_m-qwen2.5-coder-14b_sol1_gd1_rs0_bd1_str-strict_t00_n1,264,3,1,Qwen/Qwen2.5-Coder-14B-Instruct,1,0,1,1,strict,0.0,0.0,0.0
2026-09-16 04:56:23,L-M07_m-qwen2.5-coder-14b_sol1_gd1_rs0_bd1_str-strict_t00_n1,265,1,1,Qwen/Qwen2.5-Coder-14B-Instruct,1,0,1,1,strict,0.0,0.0,0.0
2026-09-16 04:56:32,L-M07_m-qwen2.5-coder-14b_sol1_gd1_rs0_bd1_str-strict_t00_n1,265,2,1,Qwen/Qwen2.5-Coder-14B-Instruct,1,0,1,1,strict,0.0,0.0,0.0
2026-09-16 04:56:42,L-M07_m-qwen2.5-coder-14b_sol1_gd1_rs0_bd1_str-strict_t00_n1,265,3,1,Qwen/Qwen2.5-Coder-14B-Instruct,1,0,1,1,strict,0.0,0.0,0.0
2026-09-16 04:56:53,L-M07_m-qwen2.5-coder-14b_sol1_gd1_rs0_bd1_str-strict_t00_n1,266,1,1,Qwen/Qwen2.5-Coder-14B-Instruct,1,0,1,1,strict,0.0,0.0,0.0
2026-09-16 04:57:04,L-M07_m-qwen2.5-coder-14b_sol1_gd1_rs0_bd1_str-strict_t00_n1,267,1,1,Qwen/Qwen2.5-Coder-14B-Instruct,1,0,1,1,strict,0.0,12.0,0.0
2026-09-16 04:57:12,L-M07_m-qwen2.5-coder-14b_sol1_gd1_rs0_bd1_str-strict_t00_n1,267,2,1,Qwen/Qwen2.5-Coder-14B-Instruct,1,0,1,1,strict,0.0,0.0,0.0
2026-09-16 04:57:21,L-M07_m-qwen2.5-coder-14b_sol1_gd1_rs0_bd1_str-strict_t00_n1,267,3,1,Qwen/Qwen2.5-Coder-14B-Instruct,1,0,1,1,strict,0.0,0.0,0.0
2026-09-16 04:57:31,L-M07_m-qwen2.5-coder-14b_sol1_gd1_rs0_bd1_str-strict_t00_n1,268,1,1,Qwen/Qwen2.5-Coder-14B-Instruct,1,0,1,1,strict,0.0,0.0,0.0
2026-09-16 04:57:39,L-M07_m-qwen2.5-coder-14b_sol1_gd1_rs0_bd1_str-strict_t00_n1,268,2,1,Qwen/Qwen2.5-Coder-14B-Instruct,1,0,1,1,strict,0.0,0.0,0.0
2026-09-16 04:57:49,L-M07_m-qwen2.5-coder-14b_sol1_gd1_rs0_bd1_str-strict_t00_n1,268,3,1,Qwen/Qwen2.5-Coder-14B-Instruct,1,0,1,1,strict,0.0,0.0,0.0
2026-09-16 04:57:59,L-M07_m-qwen2.5-coder-14b_sol1_gd1_rs0_bd1_str-strict_t00_n1,269,1,1,Qwen/Qwen2.5-Coder-14B-Instruct,1,0,1,1,strict,0.0,0.0,0.0
2026-09-16 04:58:08,L-M07_m-qwen2.5-coder-14b_sol1_gd1_rs0_bd1_str-strict_t00_n1,269,2,1,Qwen/Qwen2.5-Coder-14B-Instruct,1,0,1,1,strict,0.0,0.0,0.0
2026-09-16 04:58:21,L-M07_m-qwen2.5-coder-14b_sol1_gd1_rs0_bd1_str-strict_t00_n1,269,3,1,Qwen/Qwen2.5-Coder-14B-Instruct,1,0,1,1,strict,0.0,0.0,0.0
2026-09-16 04:58:32,L-M07_m-qwen2.5-coder-14b_sol1_gd1_rs0_bd1_str-strict_t00_n1,270,1,1,Qwen/Qwen2.5-Coder-14B-Instruct,1,0,1,1,strict,0.0,12.0,4.0
2026-09-16 04:58:42,L-M07_m-qwen2.5-coder-14b_sol1_gd1_rs0_bd1_str-strict_t00_n1,270,2,1,Qwen/Qwen2.5-Coder-14B-Instruct,1,0,1,1,strict,0.0,11.0,4.0
2026-09-16 04:58:53,L-M07_m-qwen2.5-coder-14b_sol1_gd1_rs0_bd1_str-strict_t00_n1,270,3,1,Qwen/Qwen2.5-Coder-14B-Instruct,1,0,1,1,strict,0.0,0.0,0.0
2026-09-16 04:59:01,L-M07_m-qwen2.5-coder-14b_sol1_gd1_rs0_bd1_str-strict_t00_n1,270,4,1,Qwen/Qwen2.5-Coder-14B-Instruct,1,0,1,1,strict,0.0,0.0,0.0
2026-09-16 04:59:11,L-M07_m-qwen2.5-coder-14b_sol1_gd1_rs0_bd1_str-strict_t00_n1,271,1,1,Qwen/Qwen2.5-Coder-14B-Instruct,1,0,1,1,strict,0.0,12.0,4.0
2026-09-16 04:59:21,L-M07_m-qwen2.5-coder-14b_sol1_gd1_rs0_bd1_str-strict_t00_n1,271,2,1,Qwen/Qwen2.5-Coder-14B-Instruct,1,0,1,1,strict,0.0,0.0,0.0
2026-09-16 04:59:31,L-M07_m-qwen2.5-coder-14b_sol1_gd1_rs0_bd1_str-strict_t00_n1,271,3,1,Qwen/Qwen2.5-Coder-14B-Instruct,1,0,1,1,strict,0.0,0.0,0.0
2026-09-16 04:59:36,L-M07_m-qwen2.5-coder-14b_sol1_gd1_rs0_bd1_str-strict_t00_n1,271,4,1,Qwen/Qwen2.5-Coder-14B-Instruct,1,0,1,1,strict,0.0,0.0,0.0
2026-09-16 04:59:46,L-M07_m-qwen2.5-coder-14b_sol1_gd1_rs0_bd1_str-strict_t00_n1,272,1,1,Qwen/Qwen2.5-Coder-14B-Instruct,1,0,1,1,strict,0.0,0.0,0.0
2026-09-16 04:59:56,L-M07_m-qwen2.5-coder-14b_sol1_gd1_rs0_bd1_str-strict_t00_n1,272,2,1,Qwen/Qwen2.5-Coder-14B-Instruct,1,0,1,1,strict,0.0,0.0,0.0
2026-09-16 05:00:07,L-M07_m-qwen2.5-coder-14b_sol1_gd1_rs0_bd1_str-strict_t00_n1,272,3,1,Qwen/Qwen2.5-Coder-14B-Instruct,1,0,1,1,strict,0.0,0.0,0.0
2026-09-16 05:00:13,L-M07_m-qwen2.5-coder-14b_sol1_gd1_rs0_bd1_str-strict_t00_n1,272,4,1,Qwen/Qwen2.5-Coder-14B-Instruct,1,0,1,1,strict,0.0,0.0,0.0
2026-09-16 05:00:28,L-M07_m-qwen2.5-coder-14b_sol1_gd1_rs0_bd1_str-strict_t00_n1,273,1,1,Qwen/Qwen2.5-Coder-14B-Instruct,1,0,1,1,strict,0.0,0.0,0.0
2026-09-16 05:00:36,L-M07_m-qwen2.5-coder-14b_sol1_gd1_rs0_bd1_str-strict_t00_n1,273,2,1,Qwen/Qwen2.5-Coder-14B-Instruct,1,0,1,1,strict,0.0,0.0,0.0
2026-09-16 05:00:50,L-M07_m-qwen2.5-coder-14b_sol1_gd1_rs0_bd1_str-strict_t00_n1,273,3,1,Qwen/Qwen2.5-Coder-14B-Instruct,1,0,1,1,strict,0.0,0.0,0.0
2026-09-16 05:01:00,L-M07_m-qwen2.5-coder-14b_sol1_gd1_rs0_bd1_str-strict_t00_n1,274,1,1,Qwen/Qwen2.5-Coder-14B-Instruct,1,0,1,1,strict,0.0,0.0,0.0
2026-09-16 05:01:08,L-M07_m-qwen2.5-coder-14b_sol1_gd1_rs0_bd1_str-strict_t00_n1,274,2,1,Qwen/Qwen2.5-Coder-14B-Instruct,1,0,1,1,strict,0.0,0.0,0.0
2026-09-16 05:01:24,L-M07_m-qwen2.5-coder-14b_sol1_gd1_rs0_bd1_str-strict_t00_n1,274,3,1,Qwen/Qwen2.5-Coder-14B-Instruct,1,0,1,1,strict,0.0,0.0,0.0
2026-09-16 05:01:34,L-M07_m-qwen2.5-coder-14b_sol1_gd1_rs0_bd1_str-strict_t00_n1,275,1,1,Qwen/Qwen2.5-Coder-14B-Instruct,1,0,1,1,strict,0.0,0.0,0.0
2026-09-16 05:01:43,L-M07_m-qwen2.5-coder-14b_sol1_gd1_rs0_bd1_str-strict_t00_n1,275,2,1,Qwen/Qwen2.5-Coder-14B-Instruct,1,0,1,1,strict,0.0,0.0,0.0
2026-09-16 05:01:57,L-M07_m-qwen2.5-coder-14b_sol1_gd1_rs0_bd1_str-strict_t00_n1,275,3,1,Qwen/Qwen2.5-Coder-14B-Instruct,1,0,1,1,strict,0.0,0.0,0.0
2026-09-16 05:02:06,L-M07_m-qwen2.5-coder-14b_sol1_gd1_rs0_bd1_str-strict_t00_n1,276,1,1,Qwen/Qwen2.5-Coder-14B-Instruct,1,0,1,1,strict,0.0,0.0,0.0
2026-09-16 05:02:14,L-M07_m-qwen2.5-coder-14b_sol1_gd1_rs0_bd1_str-strict_t00_n1,276,2,1,Qwen/Qwen2.5-Coder-14B-Instruct,1,0,1,1,strict,0.0,0.0,0.0
2026-09-16 05:02:25,L-M07_m-qwen2.5-coder-14b_sol1_gd1_rs0_bd1_str-strict_t00_n1,276,3,1,Qwen/Qwen2.5-Coder-14B-Instruct,1,0,1,1,strict,0.0,0.0,0.0
2026-09-16 05:02:36,L-M07_m-qwen2.5-coder-14b_sol1_gd1_rs0_bd1_str-strict_t00_n1,277,1,1,Qwen/Qwen2.5-Coder-14B-Instruct,1,0,1,1,strict,0.0,0.0,0.0
2026-09-16 05:02:45,L-M07_m-qwen2.5-coder-14b_sol1_gd1_rs0_bd1_str-strict_t00_n1,277,2,1,Qwen/Qwen2.5-Coder-14B-Instruct,1,0,1,1,strict,0.0,0.0,0.0
2026-09-16 05:03:00,L-M07_m-qwen2.5-coder-14b_sol1_gd1_rs0_bd1_str-strict_t00_n1,277,3,1,Qwen/Qwen2.5-Coder-14B-Instruct,1,0,1,1,strict,0.0,0.0,0.0
2026-09-16 05:03:11,L-M07_m-qwen2.5-coder-14b_sol1_gd1_rs0_bd1_str-strict_t00_n1,278,1,1,Qwen/Qwen2.5-Coder-14B-Instruct,1,0,1,1,strict,0.0,0.0,0.0
2026-09-16 05:03:20,L-M07_m-qwen2.5-coder-14b_sol1_gd1_rs0_bd1_str-strict_t00_n1,278,2,1,Qwen/Qwen2.5-Coder-14B-Instruct,1,0,1,1,strict,0.0,0.0,0.0
2026-09-16 05:03:30,L-M07_m-qwen2.5-coder-14b_sol1_gd1_rs0_bd1_str-strict_t00_n1,278,3,1,Qwen/Qwen2.5-Coder-14B-Instruct,1,0,1,1,strict,0.0,0.0,0.0
2026-09-16 05:03:36,L-M07_m-qwen2.5-coder-14b_sol1_gd1_rs0_bd1_str-strict_t00_n1,278,4,1,Qwen/Qwen2.5-Coder-14B-Instruct,1,0,1,1,strict,0.0,0.0,0.0
2026-09-16 05:03:46,L-M07_m-qwen2.5-coder-14b_sol1_gd1_rs0_bd1_str-strict_t00_n1,279,1,1,Qwen/Qwen2.5-Coder-14B-Instruct,1,0,1,1,strict,0.0,0.0,0.0
2026-09-16 05:03:56,L-M07_m-qwen2.5-coder-14b_sol1_gd1_rs0_bd1_str-strict_t00_n1,279,2,1,Qwen/Qwen2.5-Coder-14B-Instruct,1,0,1,1,strict,0.0,0.0,0.0
2026-09-16 05:04:08,L-M07_m-qwen2.5-coder-14b_sol1_gd1_rs0_bd1_str-strict_t00_n1,279,3,1,Qwen/Qwen2.5-Coder-14B-Instruct,1,0,1,1,strict,0.0,0.0,0.0
2026-09-16 05:04:19,L-M07_m-qwen2.5-coder-14b_sol1_gd1_rs0_bd1_str-strict_t00_n1,280,1,1,Qwen/Qwen2.5-Coder-14B-Instruct,1,0,1,1,strict,0.0,0.0,0.0
2026-09-16 05:04:28,L-M07_m-qwen2.5-coder-14b_sol1_gd1_rs0_bd1_str-strict_t00_n1,280,2,1,Qwen/Qwen2.5-Coder-14B-Instruct,1,0,1,1,strict,0.0,0.0,0.0
2026-09-16 05:04:40,L-M07_m-qwen2.5-coder-14b_sol1_gd1_rs0_bd1_str-strict_t00_n1,280,3,1,Qwen/Qwen2.5-Coder-14B-Instruct,1,0,1,1,strict,0.0,0.0,0.0
2026-09-16 05:04:50,L-M07_m-qwen2.5-coder-14b_sol1_gd1_rs0_bd1_str-strict_t00_n1,281,1,1,Qwen/Qwen2.5-Coder-14B-Instruct,1,0,1,1,strict,0.0,12.0,4.0
2026-09-16 05:04:59,L-M07_m-qwen2.5-coder-14b_sol1_gd1_rs0_bd1_str-strict_t00_n1,281,2,1,Qwen/Qwen2.5-Coder-14B-Instruct,1,0,1,1,strict,0.0,0.0,0.0
2026-09-16 05:05:10,L-M07_m-qwen2.5-coder-14b_sol1_gd1_rs0_bd1_str-strict_t00_n1,281,3,1,Qwen/Qwen2.5-Coder-14B-Instruct,1,0,1,1,strict,0.0,0.0,0.0
2026-09-16 05:05:15,L-M07_m-qwen2.5-coder-14b_sol1_gd1_rs0_bd1_str-strict_t00_n1,281,4,1,Qwen/Qwen2.5-Coder-14B-Instruct,1,0,1,1,strict,0.0,0.0,0.0
2026-09-16 05:05:25,L-M07_m-qwen2.5-coder-14b_sol1_gd1_rs0_bd1_str-strict_t00_n1,282,1,1,Qwen/Qwen2.5-Coder-14B-Instruct,1,0,1,1,strict,0.0,0.0,0.0
2026-09-16 05:05:34,L-M07_m-qwen2.5-coder-14b_sol1_gd1_rs0_bd1_str-strict_t00_n1,282,2,1,Qwen/Qwen2.5-Coder-14B-Instruct,1,0,1,1,strict,0.0,0.0,0.0
2026-09-16 05:05:46,L-M07_m-qwen2.5-coder-14b_sol1_gd1_rs0_bd1_str-strict_t00_n1,282,3,1,Qwen/Qwen2.5-Coder-14B-Instruct,1,0,1,1,strict,0.0,0.0,0.0
2026-09-16 05:05:56,L-M07_m-qwen2.5-coder-14b_sol1_gd1_rs0_bd1_str-strict_t00_n1,283,1,1,Qwen/Qwen2.5-Coder-14B-Instruct,1,0,1,1,strict,0.0,0.0,0.0
2026-09-16 05:06:05,L-M07_m-qwen2.5-coder-14b_sol1_gd1_rs0_bd1_str-strict_t00_n1,283,2,1,Qwen/Qwen2.5-Coder-14B-Instruct,1,0,1,1,strict,0.0,6.0,0.0
2026-09-16 05:06:18,L-M07_m-qwen2.5-coder-14b_sol1_gd1_rs0_bd1_str-strict_t00_n1,283,3,1,Qwen/Qwen2.5-Coder-14B-Instruct,1,0,1,1,strict,0.0,0.0,0.0
2026-09-16 05:06:28,L-M07_m-qwen2.5-coder-14b_sol1_gd1_rs0_bd1_str-strict_t00_n1,284,1,1,Qwen/Qwen2.5-Coder-14B-Instruct,1,0,1,1,strict,0.0,0.0,0.0
2026-09-16 05:06:36,L-M07_m-qwen2.5-coder-14b_sol1_gd1_rs0_bd1_str-strict_t00_n1,284,2,1,Qwen/Qwen2.5-Coder-14B-Instruct,1,0,1,1,strict,0.0,6.0,0.0
2026-09-16 05:06:47,L-M07_m-qwen2.5-coder-14b_sol1_gd1_rs0_bd1_str-strict_t00_n1,284,3,1,Qwen/Qwen2.5-Coder-14B-Instruct,1,0,1,1,strict,0.0,0.0,0.0
2026-09-16 05:06:52,L-M07_m-qwen2.5-coder-14b_sol1_gd1_rs0_bd1_str-strict_t00_n1,284,4,1,Qwen/Qwen2.5-Coder-14B-Instruct,1,0,1,1,strict,0.0,0.0,0.0
2026-09-16 05:07:03,L-M07_m-qwen2.5-coder-14b_sol1_gd1_rs0_bd1_str-strict_t00_n1,285,1,1,Qwen/Qwen2.5-Coder-14B-Instruct,1,0,1,1,strict,0.0,0.0,0.0
2026-09-16 05:07:12,L-M07_m-qwen2.5-coder-14b_sol1_gd1_rs0_bd1_str-strict_t00_n1,285,2,1,Qwen/Qwen2.5-Coder-14B-Instruct,1,0,1,1,strict,0.0,0.0,0.0
2026-09-16 05:07:26,L-M07_m-qwen2.5-coder-14b_sol1_gd1_rs0_bd1_str-strict_t00_n1,285,3,1,Qwen/Qwen2.5-Coder-14B-Instruct,1,0,1,1,strict,0.0,0.0,0.0
2026-09-16 05:07:36,L-M07_m-qwen2.5-coder-14b_sol1_gd1_rs0_bd1_str-strict_t00_n1,286,1,1,Qwen/Qwen2.5-Coder-14B-Instruct,1,0,1,1,strict,0.0,0.0,0.0
2026-09-16 05:07:45,L-M07_m-qwen2.5-coder-14b_sol1_gd1_rs0_bd1_str-strict_t00_n1,286,2,1,Qwen/Qwen2.5-Coder-14B-Instruct,1,0,1,1,strict,0.0,0.0,0.0
2026-09-16 05:07:52,L-M07_m-qwen2.5-coder-14b_sol1_gd1_rs0_bd1_str-strict_t00_n1,286,3,1,Qwen/Qwen2.5-Coder-14B-Instruct,1,0,1,1,strict,0.0,0.0,0.0
2026-09-16 05:08:03,L-M07_m-qwen2.5-coder-14b_sol1_gd1_rs0_bd1_str-strict_t00_n1,287,1,1,Qwen/Qwen2.5-Coder-14B-Instruct,1,0,1,1,strict,0.0,0.0,0.0
2026-09-16 05:08:12,L-M07_m-qwen2.5-coder-14b_sol1_gd1_rs0_bd1_str-strict_t00_n1,287,2,1,Qwen/Qwen2.5-Coder-14B-Instruct,1,0,1,1,strict,0.0,0.0,0.0
2026-09-16 05:08:23,L-M07_m-qwen2.5-coder-14b_sol1_gd1_rs0_bd1_str-strict_t00_n1,287,3,1,Qwen/Qwen2.5-Coder-14B-Instruct,1,0,1,1,strict,0.0,0.0,0.0
2026-09-16 05:08:34,L-M07_m-qwen2.5-coder-14b_sol1_gd1_rs0_bd1_str-strict_t00_n1,288,1,1,Qwen/Qwen2.5-Coder-14B-Instruct,1,0,1,1,strict,0.0,0.0,0.0
2026-09-16 05:08:42,L-M07_m-qwen2.5-coder-14b_sol1_gd1_rs0_bd1_str-strict_t00_n1,288,2,1,Qwen/Qwen2.5-Coder-14B-Instruct,1,0,1,1,strict,0.0,0.0,0.0
2026-09-16 05:09:02,L-M07_m-qwen2.5-coder-14b_sol1_gd1_rs0_bd1_str-strict_t00_n1,288,3,1,Qwen/Qwen2.5-Coder-14B-Instruct,1,0,1,1,strict,0.0,0.0,0.0
2026-09-16 05:09:13,L-M07_m-qwen2.5-coder-14b_sol1_gd1_rs0_bd1_str-strict_t00_n1,289,1,1,Qwen/Qwen2.5-Coder-14B-Instruct,1,0,1,1,strict,0.0,0.0,0.0
2026-09-16 05:09:22,L-M07_m-qwen2.5-coder-14b_sol1_gd1_rs0_bd1_str-strict_t00_n1,289,2,1,Qwen/Qwen2.5-Coder-14B-Instruct,1,0,1,1,strict,0.0,0.0,0.0
2026-09-16 05:09:35,L-M07_m-qwen2.5-coder-14b_sol1_gd1_rs0_bd1_str-strict_t00_n1,289,3,1,Qwen/Qwen2.5-Coder-14B-Instruct,1,0,1,1,strict,0.0,0.0,0.0
2026-09-16 05:09:41,L-M07_m-qwen2.5-coder-14b_sol1_gd1_rs0_bd1_str-strict_t00_n1,289,4,1,Qwen/Qwen2.5-Coder-14B-Instruct,1,0,1,1,strict,0.0,0.0,0.0
2026-09-16 05:09:52,L-M07_m-qwen2.5-coder-14b_sol1_gd1_rs0_bd1_str-strict_t00_n1,290,1,1,Qwen/Qwen2.5-Coder-14B-Instruct,1,0,1,1,strict,0.0,0.0,0.0
2026-09-16 05:10:01,L-M07_m-qwen2.5-coder-14b_sol1_gd1_rs0_bd1_str-strict_t00_n1,290,2,1,Qwen/Qwen2.5-Coder-14B-Instruct,1,0,1,1,strict,0.0,0.0,0.0
2026-09-16 05:10:12,L-M07_m-qwen2.5-coder-14b_sol1_gd1_rs0_bd1_str-strict_t00_n1,290,3,1,Qwen/Qwen2.5-Coder-14B-Instruct,1,0,1,1,strict,0.0,0.0,0.0
2026-09-16 05:10:23,L-M07_m-qwen2.5-coder-14b_sol1_gd1_rs0_bd1_str-strict_t00_n1,291,1,1,Qwen/Qwen2.5-Coder-14B-Instruct,1,0,1,1,strict,0.0,0.0,0.0
2026-09-16 05:10:31,L-M07_m-qwen2.5-coder-14b_sol1_gd1_rs0_bd1_str-strict_t00_n1,291,2,1,Qwen/Qwen2.5-Coder-14B-Instruct,1,0,1,1,strict,0.0,0.0,0.0
2026-09-16 05:10:47,L-M07_m-qwen2.5-coder-14b_sol1_gd1_rs0_bd1_str-strict_t00_n1,291,3,1,Qwen/Qwen2.5-Coder-14B-Instruct,1,0,1,1,strict,0.0,0.0,0.0
2026-09-16 05:10:57,L-M07_m-qwen2.5-coder-14b_sol1_gd1_rs0_bd1_str-strict_t00_n1,292,1,1,Qwen/Qwen2.5-Coder-14B-Instruct,1,0,1,1,strict,0.0,0.0,0.0
2026-09-16 05:11:06,L-M07_m-qwen2.5-coder-14b_sol1_gd1_rs0_bd1_str-strict_t00_n1,292,2,1,Qwen/Qwen2.5-Coder-14B-Instruct,1,0,1,1,strict,0.0,0.0,0.0
2026-09-16 05:11:21,L-M07_m-qwen2.5-coder-14b_sol1_gd1_rs0_bd1_str-strict_t00_n1,292,3,1,Qwen/Qwen2.5-Coder-14B-Instruct,1,0,1,1,strict,0.0,0.0,0.0
2026-09-16 05:11:26,L-M07_m-qwen2.5-coder-14b_sol1_gd1_rs0_bd1_str-strict_t00_n1,292,4,1,Qwen/Qwen2.5-Coder-14B-Instruct,1,0,1,1,strict,0.0,0.0,0.0
2026-09-16 05:11:37,L-M07_m-qwen2.5-coder-14b_sol1_gd1_rs0_bd1_str-strict_t00_n1,293,1,1,Qwen/Qwen2.5-Coder-14B-Instruct,1,0,1,1,strict,0.0,0.0,0.0
2026-09-16 05:11:45,L-M07_m-qwen2.5-coder-14b_sol1_gd1_rs0_bd1_str-strict_t00_n1,293,2,1,Qwen/Qwen2.5-Coder-14B-Instruct,1,0,1,1,strict,0.0,0.0,0.0
2026-09-16 05:11:57,L-M07_m-qwen2.5-coder-14b_sol1_gd1_rs0_bd1_str-strict_t00_n1,293,3,1,Qwen/Qwen2.5-Coder-14B-Instruct,1,0,1,1,strict,0.0,0.0,0.0
2026-09-16 05:12:07,L-M07_m-qwen2.5-coder-14b_sol1_gd1_rs0_bd1_str-strict_t00_n1,294,1,1,Qwen/Qwen2.5-Coder-14B-Instruct,1,0,1,1,strict,0.0,0.0,0.0
2026-09-16 05:12:16,L-M07_m-qwen2.5-coder-14b_sol1_gd1_rs0_bd1_str-strict_t00_n1,294,2,1,Qwen/Qwen2.5-Coder-14B-Instruct,1,0,1,1,strict,0.0,0.0,0.0
2026-09-16 05:12:26,L-M07_m-qwen2.5-coder-14b_sol1_gd1_rs0_bd1_str-strict_t00_n1,294,3,1,Qwen/Qwen2.5-Coder-14B-Instruct,1,0,1,1,strict,0.0,0.0,0.0
2026-09-16 05:12:37,L-M07_m-qwen2.5-coder-14b_sol1_gd1_rs0_bd1_str-strict_t00_n1,295,1,1,Qwen/Qwen2.5-Coder-14B-Instruct,1,0,1,1,strict,0.0,0.0,0.0
2026-09-16 05:12:46,L-M07_m-qwen2.5-coder-14b_sol1_gd1_rs0_bd1_str-strict_t00_n1,295,2,1,Qwen/Qwen2.5-Coder-14B-Instruct,1,0,1,1,strict,0.0,0.0,0.0
2026-09-16 05:12:52,L-M07_m-qwen2.5-coder-14b_sol1_gd1_rs0_bd1_str-strict_t00_n1,295,3,1,Qwen/Qwen2.5-Coder-14B-Instruct,1,0,1,1,strict,0.0,0.0,0.0
2026-09-16 05:13:05,L-M07_m-qwen2.5-coder-14b_sol1_gd1_rs0_bd1_str-strict_t00_n1,296,1,1,Qwen/Qwen2.5-Coder-14B-Instruct,1,0,1,1,strict,0.0,0.0,0.0
2026-09-16 05:13:14,L-M07_m-qwen2.5-coder-14b_sol1_gd1_rs0_bd1_str-strict_t00_n1,296,2,1,Qwen/Qwen2.5-Coder-14B-Instruct,1,0,1,1,strict,0.0,0.0,0.0
2026-09-16 05:13:26,L-M07_m-qwen2.5-coder-14b_sol1_gd1_rs0_bd1_str-strict_t00_n1,296,3,1,Qwen/Qwen2.5-Coder-14B-Instruct,1,0,1,1,strict,0.0,0.0,0.0
2026-09-16 05:13:33,L-M07_m-qwen2.5-coder-14b_sol1_gd1_rs0_bd1_str-strict_t00_n1,296,4,1,Qwen/Qwen2.5-Coder-14B-Instruct,1,0,1,1,strict,0.0,0.0,0.0
2026-09-16 05:13:43,L-M07_m-qwen2.5-coder-14b_sol1_gd1_rs0_bd1_str-strict_t00_n1,297,1,1,Qwen/Qwen2.5-Coder-14B-Instruct,1,0,1,1,strict,0.0,0.0,0.0
2026-09-16 05:13:52,L-M07_m-qwen2.5-coder-14b_sol1_gd1_rs0_bd1_str-strict_t00_n1,297,2,1,Qwen/Qwen2.5-Coder-14B-Instruct,1,0,1,1,strict,0.0,0.0,0.0
2026-09-16 05:14:02,L-M07_m-qwen2.5-coder-14b_sol1_gd1_rs0_bd1_str-strict_t00_n1,297,3,1,Qwen/Qwen2.5-Coder-14B-Instruct,1,0,1,1,strict,0.0,0.0,0.0
2026-09-16 05:14:07,L-M07_m-qwen2.5-coder-14b_sol1_gd1_rs0_bd1_str-strict_t00_n1,297,4,1,Qwen/Qwen2.5-Coder-14B-Instruct,1,0,1,1,strict,0.0,0.0,0.0
2026-09-16 05:14:18,L-M07_m-qwen2.5-coder-14b_sol1_gd1_rs0_bd1_str-strict_t00_n1,298,1,1,Qwen/Qwen2.5-Coder-14B-Instruct,1,0,1,1,strict,0.0,0.0,0.0
2026-09-16 05:14:27,L-M07_m-qwen2.5-coder-14b_sol1_gd1_rs0_bd1_str-strict_t00_n1,298,2,1,Qwen/Qwen2.5-Coder-14B-Instruct,1,0,1,1,strict,0.0,0.0,0.0
2026-09-16 05:14:41,L-M07_m-qwen2.5-coder-14b_sol1_gd1_rs0_bd1_str-strict_t00_n1,298,3,1,Qwen/Qwen2.5-Coder-14B-Instruct,1,0,1,1,strict,0.0,0.0,0.0
2026-09-16 05:14:47,L-M07_m-qwen2.5-coder-14b_sol1_gd1_rs0_bd1_str-strict_t00_n1,298,4,1,Qwen/Qwen2.5-Coder-14B-Instruct,1,0,1,1,strict,0.0,0.0,0.0
2026-09-16 05:14:58,L-M07_m-qwen2.5-coder-14b_sol1_gd1_rs0_bd1_str-strict_t00_n1,299,1,1,Qwen/Qwen2.5-Coder-14B-Instruct,1,0,1,1,strict,0.0,0.0,0.0
2026-09-16 05:15:06,L-M07_m-qwen2.5-coder-14b_sol1_gd1_rs0_bd1_str-strict_t00_n1,299,2,1,Qwen/Qwen2.5-Coder-14B-Instruct,1,0,1,1,strict,0.0,0.0,0.0
2026-09-16 05:15:18,L-M07_m-qwen2.5-coder-14b_sol1_gd1_rs0_bd1_str-strict_t00_n1,299,3,1,Qwen/Qwen2.5-Coder-14B-Instruct,1,0,1,1,strict,0.0,0.0,0.0
2026-09-16 05:15:28,L-M07_m-qwen2.5-coder-14b_sol1_gd1_rs0_bd1_str-strict_t00_n1,300,1,1,Qwen/Qwen2.5-Coder-14B-Instruct,1,0,1,1,strict,0.0,0.0,0.0
2026-09-16 05:15:37,L-M07_m-qwen2.5-coder-14b_sol1_gd1_rs0_bd1_str-strict_t00_n1,300,2,1,Qwen/Qwen2.5-Coder-14B-Instruct,1,0,1,1,strict,0.0,0.0,0.0
2026-09-16 05:15:48,L-M07_m-qwen2.5-coder-14b_sol1_gd1_rs0_bd1_str-strict_t00_n1,300,3,1,Qwen/Qwen2.5-Coder-14B-Instruct,1,0,1,1,strict,0.0,0.0,0.0
2026-09-16 05:15:53,L-M07_m-qwen2.5-coder-14b_sol1_gd1_rs0_bd1_str-strict_t00_n1,300,4,1,Qwen/Qwen2.5-Coder-14B-Instruct,1,0,1,1,strict,0.0,0.0,0.0
2026-09-16 05:16:04,L-M07_m-qwen2.5-coder-14b_sol1_gd1_rs0_bd1_str-strict_t00_n1,301,1,1,Qwen/Qwen2.5-Coder-14B-Instruct,1,0,1,1,strict,0.0,0.0,0.0
2026-09-16 05:16:13,L-M07_m-qwen2.5-coder-14b_sol1_gd1_rs0_bd1_str-strict_t00_n1,301,2,1,Qwen/Qwen2.5-Coder-14B-Instruct,1,0,1,1,strict,0.0,0.0,0.0
2026-09-16 05:16:23,L-M07_m-qwen2.5-coder-14b_sol1_gd1_rs0_bd1_str-strict_t00_n1,302,1,1,Qwen/Qwen2.5-Coder-14B-Instruct,1,0,1,1,strict,0.0,0.0,0.0
2026-09-16 05:16:32,L-M07_m-qwen2.5-coder-14b_sol1_gd1_rs0_bd1_str-strict_t00_n1,302,2,1,Qwen/Qwen2.5-Coder-14B-Instruct,1,0,1,1,strict,0.0,6.0,0.0
2026-09-16 05:16:40,L-M07_m-qwen2.5-coder-14b_sol1_gd1_rs0_bd1_str-strict_t00_n1,302,3,1,Qwen/Qwen2.5-Coder-14B-Instruct,1,0,1,1,strict,0.0,0.0,0.0
2026-09-16 05:16:46,L-M07_m-qwen2.5-coder-14b_sol1_gd1_rs0_bd1_str-strict_t00_n1,302,4,1,Qwen/Qwen2.5-Coder-14B-Instruct,1,0,1,1,strict,0.0,0.0,0.0
2026-09-16 05:16:56,L-M07_m-qwen2.5-coder-14b_sol1_gd1_rs0_bd1_str-strict_t00_n1,303,1,1,Qwen/Qwen2.5-Coder-14B-Instruct,1,0,1,1,strict,0.0,0.0,0.0
2026-09-16 05:17:05,L-M07_m-qwen2.5-coder-14b_sol1_gd1_rs0_bd1_str-strict_t00_n1,303,2,1,Qwen/Qwen2.5-Coder-14B-Instruct,1,0,1,1,strict,0.0,0.0,0.0
2026-09-16 05:17:15,L-M07_m-qwen2.5-coder-14b_sol1_gd1_rs0_bd1_str-strict_t00_n1,303,3,1,Qwen/Qwen2.5-Coder-14B-Instruct,1,0,1,1,strict,0.0,0.0,0.0
2026-09-16 05:17:25,L-M07_m-qwen2.5-coder-14b_sol1_gd1_rs0_bd1_str-strict_t00_n1,304,1,1,Qwen/Qwen2.5-Coder-14B-Instruct,1,0,1,1,strict,0.0,0.0,0.0
2026-09-16 05:17:34,L-M07_m-qwen2.5-coder-14b_sol1_gd1_rs0_bd1_str-strict_t00_n1,304,2,1,Qwen/Qwen2.5-Coder-14B-Instruct,1,0,1,1,strict,0.0,0.0,0.0
2026-09-16 05:17:41,L-M07_m-qwen2.5-coder-14b_sol1_gd1_rs0_bd1_str-strict_t00_n1,304,3,1,Qwen/Qwen2.5-Coder-14B-Instruct,1,0,1,1,strict,0.0,0.0,0.0
2026-09-16 05:17:52,L-M07_m-qwen2.5-coder-14b_sol1_gd1_rs0_bd1_str-strict_t00_n1,305,1,1,Qwen/Qwen2.5-Coder-14B-Instruct,1,0,1,1,strict,0.0,0.0,0.0
2026-09-16 05:18:01,L-M07_m-qwen2.5-coder-14b_sol1_gd1_rs0_bd1_str-strict_t00_n1,305,2,1,Qwen/Qwen2.5-Coder-14B-Instruct,1,0,1,1,strict,0.0,0.0,0.0
2026-09-16 05:18:12,L-M07_m-qwen2.5-coder-14b_sol1_gd1_rs0_bd1_str-strict_t00_n1,305,3,1,Qwen/Qwen2.5-Coder-14B-Instruct,1,0,1,1,strict,0.0,0.0,0.0
2026-09-16 05:18:23,L-M07_m-qwen2.5-coder-14b_sol1_gd1_rs0_bd1_str-strict_t00_n1,306,1,1,Qwen/Qwen2.5-Coder-14B-Instruct,1,0,1,1,strict,0.0,0.0,0.0
2026-09-16 05:18:32,L-M07_m-qwen2.5-coder-14b_sol1_gd1_rs0_bd1_str-strict_t00_n1,306,2,1,Qwen/Qwen2.5-Coder-14B-Instruct,1,0,1,1,strict,0.0,0.0,0.0
2026-09-16 05:18:43,L-M07_m-qwen2.5-coder-14b_sol1_gd1_rs0_bd1_str-strict_t00_n1,306,3,1,Qwen/Qwen2.5-Coder-14B-Instruct,1,0,1,1,strict,0.0,0.0,0.0
2026-09-16 05:18:54,L-M07_m-qwen2.5-coder-14b_sol1_gd1_rs0_bd1_str-strict_t00_n1,307,1,1,Qwen/Qwen2.5-Coder-14B-Instruct,1,0,1,1,strict,0.0,0.0,0.0
2026-09-16 05:19:04,L-M07_m-qwen2.5-coder-14b_sol1_gd1_rs0_bd1_str-strict_t00_n1,307,2,1,Qwen/Qwen2.5-Coder-14B-Instruct,1,0,1,1,strict,0.0,0.0,0.0
2026-09-16 05:19:15,L-M07_m-qwen2.5-coder-14b_sol1_gd1_rs0_bd1_str-strict_t00_n1,307,3,1,Qwen/Qwen2.5-Coder-14B-Instruct,1,0,1,1,strict,0.0,0.0,0.0
2026-09-16 05:19:21,L-M07_m-qwen2.5-coder-14b_sol1_gd1_rs0_bd1_str-strict_t00_n1,307,4,1,Qwen/Qwen2.5-Coder-14B-Instruct,1,0,1,1,strict,0.0,0.0,0.0
2026-09-16 05:19:32,L-M07_m-qwen2.5-coder-14b_sol1_gd1_rs0_bd1_str-strict_t00_n1,308,1,1,Qwen/Qwen2.5-Coder-14B-Instruct,1,0,1,1,strict,0.0,0.0,0.0
2026-09-16 05:19:41,L-M07_m-qwen2.5-coder-14b_sol1_gd1_rs0_bd1_str-strict_t00_n1,308,2,1,Qwen/Qwen2.5-Coder-14B-Instruct,1,0,1,1,strict,0.0,0.0,0.0
2026-09-16 05:19:51,L-M07_m-qwen2.5-coder-14b_sol1_gd1_rs0_bd1_str-strict_t00_n1,309,1,1,Qwen/Qwen2.5-Coder-14B-Instruct,1,0,1,1,strict,0.0,0.0,0.0
2026-09-16 05:20:00,L-M07_m-qwen2.5-coder-14b_sol1_gd1_rs0_bd1_str-strict_t00_n1,309,2,1,Qwen/Qwen2.5-Coder-14B-Instruct,1,0,1,1,strict,0.0,11.0,0.0
2026-09-16 05:20:11,L-M07_m-qwen2.5-coder-14b_sol1_gd1_rs0_bd1_str-strict_t00_n1,309,3,1,Qwen/Qwen2.5-Coder-14B-Instruct,1,0,1,1,strict,0.0,0.0,0.0
2026-09-16 05:20:22,L-M07_m-qwen2.5-coder-14b_sol1_gd1_rs0_bd1_str-strict_t00_n1,310,1,1,Qwen/Qwen2.5-Coder-14B-Instruct,1,0,1,1,strict,0.0,0.0,0.0
2026-09-16 05:20:30,L-M07_m-qwen2.5-coder-14b_sol1_gd1_rs0_bd1_str-strict_t00_n1,310,2,1,Qwen/Qwen2.5-Coder-14B-Instruct,1,0,1,1,strict,0.0,0.0,0.0
2026-09-16 05:20:40,L-M07_m-qwen2.5-coder-14b_sol1_gd1_rs0_bd1_str-strict_t00_n1,310,3,1,Qwen/Qwen2.5-Coder-14B-Instruct,1,0,1,1,strict,0.0,0.0,0.0
2026-09-16 05:20:50,L-M07_m-qwen2.5-coder-14b_sol1_gd1_rs0_bd1_str-strict_t00_n1,311,1,1,Qwen/Qwen2.5-Coder-14B-Instruct,1,0,1,1,strict,0.0,0.0,0.0
2026-09-16 05:20:58,L-M07_m-qwen2.5-coder-14b_sol1_gd1_rs0_bd1_str-strict_t00_n1,311,2,1,Qwen/Qwen2.5-Coder-14B-Instruct,1,0,1,1,strict,0.0,0.0,0.0
2026-09-16 05:21:09,L-M07_m-qwen2.5-coder-14b_sol1_gd1_rs0_bd1_str-strict_t00_n1,311,3,1,Qwen/Qwen2.5-Coder-14B-Instruct,1,0,1,1,strict,0.0,0.0,0.0
2026-09-16 05:21:19,L-M07_m-qwen2.5-coder-14b_sol1_gd1_rs0_bd1_str-strict_t00_n1,312,1,1,Qwen/Qwen2.5-Coder-14B-Instruct,1,0,1,1,strict,0.0,0.0,0.0
2026-09-16 05:21:28,L-M07_m-qwen2.5-coder-14b_sol1_gd1_rs0_bd1_str-strict_t00_n1,312,2,1,Qwen/Qwen2.5-Coder-14B-Instruct,1,0,1,1,strict,0.0,0.0,0.0
2026-09-16 05:21:37,L-M07_m-qwen2.5-coder-14b_sol1_gd1_rs0_bd1_str-strict_t00_n1,312,3,1,Qwen/Qwen2.5-Coder-14B-Instruct,1,0,1,1,strict,0.0,0.0,0.0
2026-09-16 05:21:46,L-M07_m-qwen2.5-coder-14b_sol1_gd1_rs0_bd1_str-strict_t00_n1,313,1,1,Qwen/Qwen2.5-Coder-14B-Instruct,1,0,1,1,strict,0.0,0.0,0.0
2026-09-16 05:21:56,L-M07_m-qwen2.5-coder-14b_sol1_gd1_rs0_bd1_str-strict_t00_n1,313,2,1,Qwen/Qwen2.5-Coder-14B-Instruct,1,0,1,1,strict,0.0,0.0,0.0
2026-09-16 05:22:07,L-M07_m-qwen2.5-coder-14b_sol1_gd1_rs0_bd1_str-strict_t00_n1,313,3,1,Qwen/Qwen2.5-Coder-14B-Instruct,1,0,1,1,strict,0.0,0.0,0.0
2026-09-16 05:22:17,L-M07_m-qwen2.5-coder-14b_sol1_gd1_rs0_bd1_str-strict_t00_n1,314,1,1,Qwen/Qwen2.5-Coder-14B-Instruct,1,0,1,1,strict,0.0,0.0,0.0
2026-09-16 05:22:27,L-M07_m-qwen2.5-coder-14b_sol1_gd1_rs0_bd1_str-strict_t00_n1,314,2,1,Qwen/Qwen2.5-Coder-14B-Instruct,1,0,1,1,strict,0.0,0.0,0.0
2026-09-16 05:22:42,L-M07_m-qwen2.5-coder-14b_sol1_gd1_rs0_bd1_str-strict_t00_n1,314,3,1,Qwen/Qwen2.5-Coder-14B-Instruct,1,0,1,1,strict,0.0,0.0,0.0
2026-09-16 05:22:59,L-M07_m-qwen2.5-coder-14b_sol1_gd1_rs0_bd1_str-strict_t00_n1,315,1,1,Qwen/Qwen2.5-Coder-14B-Instruct,1,0,1,1,strict,0.0,0.0,0.0
2026-09-16 05:23:08,L-M07_m-qwen2.5-coder-14b_sol1_gd1_rs0_bd1_str-strict_t00_n1,315,2,1,Qwen/Qwen2.5-Coder-14B-Instruct,1,0,1,1,strict,0.0,6.0,0.0
2026-09-16 05:23:22,L-M07_m-qwen2.5-coder-14b_sol1_gd1_rs0_bd1_str-strict_t00_n1,315,3,1,Qwen/Qwen2.5-Coder-14B-Instruct,1,0,1,1,strict,0.0,0.0,0.0
2026-09-16 05:23:32,L-M07_m-qwen2.5-coder-14b_sol1_gd1_rs0_bd1_str-strict_t00_n1,316,1,1,Qwen/Qwen2.5-Coder-14B-Instruct,1,0,1,1,strict,0.0,0.0,0.0
2026-09-16 05:23:42,L-M07_m-qwen2.5-coder-14b_sol1_gd1_rs0_bd1_str-strict_t00_n1,316,2,1,Qwen/Qwen2.5-Coder-14B-Instruct,1,0,1,1,strict,0.0,11.0,4.0
2026-09-16 05:23:53,L-M07_m-qwen2.5-coder-14b_sol1_gd1_rs0_bd1_str-strict_t00_n1,316,3,1,Qwen/Qwen2.5-Coder-14B-Instruct,1,0,1,1,strict,0.0,0.0,0.0
2026-09-16 05:24:03,L-M07_m-qwen2.5-coder-14b_sol1_gd1_rs0_bd1_str-strict_t00_n1,317,1,1,Qwen/Qwen2.5-Coder-14B-Instruct,1,0,1,1,strict,0.0,0.0,0.0
2026-09-16 05:24:12,L-M07_m-qwen2.5-coder-14b_sol1_gd1_rs0_bd1_str-strict_t00_n1,317,2,1,Qwen/Qwen2.5-Coder-14B-Instruct,1,0,1,1,strict,0.0,0.0,0.0
2026-09-16 05:24:23,L-M07_m-qwen2.5-coder-14b_sol1_gd1_rs0_bd1_str-strict_t00_n1,317,3,1,Qwen/Qwen2.5-Coder-14B-Instruct,1,0,1,1,strict,0.0,0.0,0.0
2026-09-16 05:24:33,L-M07_m-qwen2.5-coder-14b_sol1_gd1_rs0_bd1_str-strict_t00_n1,318,1,1,Qwen/Qwen2.5-Coder-14B-Instruct,1,0,1,1,strict,0.0,0.0,0.0
2026-09-16 05:24:42,L-M07_m-qwen2.5-coder-14b_sol1_gd1_rs0_bd1_str-strict_t00_n1,318,2,1,Qwen/Qwen2.5-Coder-14B-Instruct,1,0,1,1,strict,0.0,0.0,0.0
2026-09-16 05:24:52,L-M07_m-qwen2.5-coder-14b_sol1_gd1_rs0_bd1_str-strict_t00_n1,318,3,1,Qwen/Qwen2.5-Coder-14B-Instruct,1,0,1,1,strict,0.0,0.0,0.0
2026-09-16 05:24:58,L-M07_m-qwen2.5-coder-14b_sol1_gd1_rs0_bd1_str-strict_t00_n1,318,4,1,Qwen/Qwen2.5-Coder-14B-Instruct,1,0,1,1,strict,0.0,0.0,0.0
2026-09-16 05:25:08,L-M07_m-qwen2.5-coder-14b_sol1_gd1_rs0_bd1_str-strict_t00_n1,319,1,1,Qwen/Qwen2.5-Coder-14B-Instruct,1,0,1,1,strict,0.0,0.0,0.0
2026-09-16 05:25:17,L-M07_m-qwen2.5-coder-14b_sol1_gd1_rs0_bd1_str-strict_t00_n1,319,2,1,Qwen/Qwen2.5-Coder-14B-Instruct,1,0,1,1,strict,0.0,0.0,0.0
2026-09-16 05:25:31,L-M07_m-qwen2.5-coder-14b_sol1_gd1_rs0_bd1_str-strict_t00_n1,319,3,1,Qwen/Qwen2.5-Coder-14B-Instruct,1,0,1,1,strict,0.0,0.0,0.0
2026-09-16 05:25:41,L-M07_m-qwen2.5-coder-14b_sol1_gd1_rs0_bd1_str-strict_t00_n1,320,1,1,Qwen/Qwen2.5-Coder-14B-Instruct,1,0,1,1,strict,0.0,0.0,0.0
2026-09-16 05:25:49,L-M07_m-qwen2.5-coder-14b_sol1_gd1_rs0_bd1_str-strict_t00_n1,320,2,1,Qwen/Qwen2.5-Coder-14B-Instruct,1,0,1,1,strict,0.0,0.0,0.0
2026-09-16 05:26:02,L-M07_m-qwen2.5-coder-14b_sol1_gd1_rs0_bd1_str-strict_t00_n1,320,3,1,Qwen/Qwen2.5-Coder-14B-Instruct,1,0,1,1,strict,0.0,0.0,0.0
2026-09-16 05:26:13,L-M07_m-qwen2.5-coder-14b_sol1_gd1_rs0_bd1_str-strict_t00_n1,321,1,1,Qwen/Qwen2.5-Coder-14B-Instruct,1,0,1,1,strict,0.0,0.0,0.0
2026-09-16 05:26:22,L-M07_m-qwen2.5-coder-14b_sol1_gd1_rs0_bd1_str-strict_t00_n1,321,2,1,Qwen/Qwen2.5-Coder-14B-Instruct,1,0,1,1,strict,0.0,0.0,0.0
2026-09-16 05:26:29,L-M07_m-qwen2.5-coder-14b_sol1_gd1_rs0_bd1_str-strict_t00_n1,321,3,1,Qwen/Qwen2.5-Coder-14B-Instruct,1,0,1,1,strict,0.0,0.0,0.0
2026-09-16 05:26:39,L-M07_m-qwen2.5-coder-14b_sol1_gd1_rs0_bd1_str-strict_t00_n1,322,1,1,Qwen/Qwen2.5-Coder-14B-Instruct,1,0,1,1,strict,0.0,0.0,0.0
2026-09-16 05:26:48,L-M07_m-qwen2.5-coder-14b_sol1_gd1_rs0_bd1_str-strict_t00_n1,322,2,1,Qwen/Qwen2.5-Coder-14B-Instruct,1,0,1,1,strict,0.0,0.0,0.0
2026-09-16 05:26:59,L-M07_m-qwen2.5-coder-14b_sol1_gd1_rs0_bd1_str-strict_t00_n1,322,3,1,Qwen/Qwen2.5-Coder-14B-Instruct,1,0,1,1,strict,0.0,0.0,0.0
2026-09-16 05:27:06,L-M07_m-qwen2.5-coder-14b_sol1_gd1_rs0_bd1_str-strict_t00_n1,322,4,1,Qwen/Qwen2.5-Coder-14B-Instruct,1,0,1,1,strict,0.0,0.0,0.0
2026-09-16 05:27:16,L-M07_m-qwen2.5-coder-14b_sol1_gd1_rs0_bd1_str-strict_t00_n1,323,1,1,Qwen/Qwen2.5-Coder-14B-Instruct,1,0,1,1,strict,0.0,0.0,0.0
2026-09-16 05:27:25,L-M07_m-qwen2.5-coder-14b_sol1_gd1_rs0_bd1_str-strict_t00_n1,323,2,1,Qwen/Qwen2.5-Coder-14B-Instruct,1,0,1,1,strict,0.0,0.0,0.0
2026-09-16 05:27:38,L-M07_m-qwen2.5-coder-14b_sol1_gd1_rs0_bd1_str-strict_t00_n1,323,3,1,Qwen/Qwen2.5-Coder-14B-Instruct,1,0,1,1,strict,0.0,0.0,0.0
2026-09-16 05:27:48,L-M07_m-qwen2.5-coder-14b_sol1_gd1_rs0_bd1_str-strict_t00_n1,324,1,1,Qwen/Qwen2.5-Coder-14B-Instruct,1,0,1,1,strict,0.0,0.0,0.0
2026-09-16 05:27:57,L-M07_m-qwen2.5-coder-14b_sol1_gd1_rs0_bd1_str-strict_t00_n1,324,2,1,Qwen/Qwen2.5-Coder-14B-Instruct,1,0,1,1,strict,0.0,0.0,0.0
2026-09-16 05:28:07,L-M07_m-qwen2.5-coder-14b_sol1_gd1_rs0_bd1_str-strict_t00_n1,324,3,1,Qwen/Qwen2.5-Coder-14B-Instruct,1,0,1,1,strict,0.0,0.0,0.0
2026-09-16 05:28:18,L-M07_m-qwen2.5-coder-14b_sol1_gd1_rs0_bd1_str-strict_t00_n1,325,1,1,Qwen/Qwen2.5-Coder-14B-Instruct,1,0,1,1,strict,0.0,0.0,0.0
2026-09-16 05:28:26,L-M07_m-qwen2.5-coder-14b_sol1_gd1_rs0_bd1_str-strict_t00_n1,325,2,1,Qwen/Qwen2.5-Coder-14B-Instruct,1,0,1,1,strict,0.0,0.0,0.0
2026-09-16 05:28:40,L-M07_m-qwen2.5-coder-14b_sol1_gd1_rs0_bd1_str-strict_t00_n1,325,3,1,Qwen/Qwen2.5-Coder-14B-Instruct,1,0,1,1,strict,0.0,0.0,0.0
2026-09-16 05:28:50,L-M07_m-qwen2.5-coder-14b_sol1_gd1_rs0_bd1_str-strict_t00_n1,326,1,1,Qwen/Qwen2.5-Coder-14B-Instruct,1,0,1,1,strict,0.0,0.0,0.0
2026-09-16 05:28:59,L-M07_m-qwen2.5-coder-14b_sol1_gd1_rs0_bd1_str-strict_t00_n1,326,2,1,Qwen/Qwen2.5-Coder-14B-Instruct,1,0,1,1,strict,0.0,0.0,0.0
2026-09-16 05:29:09,L-M07_m-qwen2.5-coder-14b_sol1_gd1_rs0_bd1_str-strict_t00_n1,326,3,1,Qwen/Qwen2.5-Coder-14B-Instruct,1,0,1,1,strict,0.0,0.0,0.0
2026-09-16 05:29:15,L-M07_m-qwen2.5-coder-14b_sol1_gd1_rs0_bd1_str-strict_t00_n1,326,4,1,Qwen/Qwen2.5-Coder-14B-Instruct,1,0,1,1,strict,0.0,0.0,0.0
2026-09-16 05:29:25,L-M07_m-qwen2.5-coder-14b_sol1_gd1_rs0_bd1_str-strict_t00_n1,327,1,1,Qwen/Qwen2.5-Coder-14B-Instruct,1,0,1,1,strict,0.0,0.0,0.0
2026-09-16 05:29:34,L-M07_m-qwen2.5-coder-14b_sol1_gd1_rs0_bd1_str-strict_t00_n1,327,2,1,Qwen/Qwen2.5-Coder-14B-Instruct,1,0,1,1,strict,0.0,0.0,0.0
2026-09-16 05:29:46,L-M07_m-qwen2.5-coder-14b_sol1_gd1_rs0_bd1_str-strict_t00_n1,327,3,1,Qwen/Qwen2.5-Coder-14B-Instruct,1,0,1,1,strict,0.0,0.0,0.0
2026-09-16 05:29:51,L-M07_m-qwen2.5-coder-14b_sol1_gd1_rs0_bd1_str-strict_t00_n1,327,4,1,Qwen/Qwen2.5-Coder-14B-Instruct,1,0,1,1,strict,0.0,0.0,0.0
2026-09-16 05:30:01,L-M07_m-qwen2.5-coder-14b_sol1_gd1_rs0_bd1_str-strict_t00_n1,328,1,1,Qwen/Qwen2.5-Coder-14B-Instruct,1,0,1,1,strict,0.0,0.0,0.0
2026-09-16 05:30:10,L-M07_m-qwen2.5-coder-14b_sol1_gd1_rs0_bd1_str-strict_t00_n1,328,2,1,Qwen/Qwen2.5-Coder-14B-Instruct,1,0,1,1,strict,0.0,0.0,0.0
2026-09-16 05:30:21,L-M07_m-qwen2.5-coder-14b_sol1_gd1_rs0_bd1_str-strict_t00_n1,328,3,1,Qwen/Qwen2.5-Coder-14B-Instruct,1,0,1,1,strict,0.0,0.0,0.0
2026-09-16 05:30:33,L-M07_m-qwen2.5-coder-14b_sol1_gd1_rs0_bd1_str-strict_t00_n1,329,1,1,Qwen/Qwen2.5-Coder-14B-Instruct,1,0,1,1,strict,0.0,0.0,0.0
2026-09-16 05:30:41,L-M07_m-qwen2.5-coder-14b_sol1_gd1_rs0_bd1_str-strict_t00_n1,329,2,1,Qwen/Qwen2.5-Coder-14B-Instruct,1,0,1,1,strict,0.0,0.0,0.0
2026-09-16 05:30:52,L-M07_m-qwen2.5-coder-14b_sol1_gd1_rs0_bd1_str-strict_t00_n1,329,3,1,Qwen/Qwen2.5-Coder-14B-Instruct,1,0,1,1,strict,0.0,0.0,0.0
2026-09-16 05:30:57,L-M07_m-qwen2.5-coder-14b_sol1_gd1_rs0_bd1_str-strict_t00_n1,329,4,1,Qwen/Qwen2.5-Coder-14B-Instruct,1,0,1,1,strict,0.0,0.0,0.0
2026-09-16 05:31:07,L-M07_m-qwen2.5-coder-14b_sol1_gd1_rs0_bd1_str-strict_t00_n1,330,1,1,Qwen/Qwen2.5-Coder-14B-Instruct,1,0,1,1,strict,0.0,0.0,0.0
2026-09-16 05:31:16,L-M07_m-qwen2.5-coder-14b_sol1_gd1_rs0_bd1_str-strict_t00_n1,330,2,1,Qwen/Qwen2.5-Coder-14B-Instruct,1,0,1,1,strict,0.0,0.0,0.0
2026-09-16 05:31:26,L-M07_m-qwen2.5-coder-14b_sol1_gd1_rs0_bd1_str-strict_t00_n1,330,3,1,Qwen/Qwen2.5-Coder-14B-Instruct,1,0,1,1,strict,0.0,0.0,0.0
2026-09-16 05:31:36,L-M07_m-qwen2.5-coder-14b_sol1_gd1_rs0_bd1_str-strict_t00_n1,331,1,1,Qwen/Qwen2.5-Coder-14B-Instruct,1,0,1,1,strict,0.0,0.0,0.0
2026-09-16 05:31:45,L-M07_m-qwen2.5-coder-14b_sol1_gd1_rs0_bd1_str-strict_t00_n1,331,2,1,Qwen/Qwen2.5-Coder-14B-Instruct,1,0,1,1,strict,0.0,0.0,0.0
2026-09-16 05:31:54,L-M07_m-qwen2.5-coder-14b_sol1_gd1_rs0_bd1_str-strict_t00_n1,331,3,1,Qwen/Qwen2.5-Coder-14B-Instruct,1,0,1,1,strict,0.0,0.0,0.0
2026-09-16 05:32:00,L-M07_m-qwen2.5-coder-14b_sol1_gd1_rs0_bd1_str-strict_t00_n1,331,4,1,Qwen/Qwen2.5-Coder-14B-Instruct,1,0,1,1,strict,0.0,0.0,0.0
2026-09-16 05:32:11,L-M07_m-qwen2.5-coder-14b_sol1_gd1_rs0_bd1_str-strict_t00_n1,332,1,1,Qwen/Qwen2.5-Coder-14B-Instruct,1,0,1,1,strict,0.0,0.0,0.0
2026-09-16 05:32:20,L-M07_m-qwen2.5-coder-14b_sol1_gd1_rs0_bd1_str-strict_t00_n1,332,2,1,Qwen/Qwen2.5-Coder-14B-Instruct,1,0,1,1,strict,0.0,0.0,0.0
2026-09-16 05:32:30,L-M07_m-qwen2.5-coder-14b_sol1_gd1_rs0_bd1_str-strict_t00_n1,332,3,1,Qwen/Qwen2.5-Coder-14B-Instruct,1,0,1,1,strict,0.0,0.0,0.0
2026-09-16 05:32:41,L-M07_m-qwen2.5-coder-14b_sol1_gd1_rs0_bd1_str-strict_t00_n1,333,1,1,Qwen/Qwen2.5-Coder-14B-Instruct,1,0,1,1,strict,0.0,0.0,0.0
2026-09-16 05:32:49,L-M07_m-qwen2.5-coder-14b_sol1_gd1_rs0_bd1_str-strict_t00_n1,333,2,1,Qwen/Qwen2.5-Coder-14B-Instruct,1,0,1,1,strict,0.0,0.0,0.0
2026-09-16 05:32:56,L-M07_m-qwen2.5-coder-14b_sol1_gd1_rs0_bd1_str-strict_t00_n1,333,3,1,Qwen/Qwen2.5-Coder-14B-Instruct,1,0,1,1,strict,0.0,0.0,0.0
2026-09-16 05:33:06,L-M07_m-qwen2.5-coder-14b_sol1_gd1_rs0_bd1_str-strict_t00_n1,334,1,1,Qwen/Qwen2.5-Coder-14B-Instruct,1,0,1,1,strict,0.0,0.0,0.0
2026-09-16 05:33:15,L-M07_m-qwen2.5-coder-14b_sol1_gd1_rs0_bd1_str-strict_t00_n1,334,2,1,Qwen/Qwen2.5-Coder-14B-Instruct,1,0,1,1,strict,0.0,0.0,0.0
2026-09-16 05:33:29,L-M07_m-qwen2.5-coder-14b_sol1_gd1_rs0_bd1_str-strict_t00_n1,334,3,1,Qwen/Qwen2.5-Coder-14B-Instruct,1,0,1,1,strict,0.0,0.0,0.0
2026-09-16 05:33:40,L-M07_m-qwen2.5-coder-14b_sol1_gd1_rs0_bd1_str-strict_t00_n1,335,1,1,Qwen/Qwen2.5-Coder-14B-Instruct,1,0,1,1,strict,0.0,0.0,0.0
2026-09-16 05:33:49,L-M07_m-qwen2.5-coder-14b_sol1_gd1_rs0_bd1_str-strict_t00_n1,335,2,1,Qwen/Qwen2.5-Coder-14B-Instruct,1,0,1,1,strict,0.0,0.0,0.0
2026-09-16 05:33:59,L-M07_m-qwen2.5-coder-14b_sol1_gd1_rs0_bd1_str-strict_t00_n1,335,3,1,Qwen/Qwen2.5-Coder-14B-Instruct,1,0,1,1,strict,0.0,0.0,0.0
2026-09-16 05:34:10,L-M07_m-qwen2.5-coder-14b_sol1_gd1_rs0_bd1_str-strict_t00_n1,336,1,1,Qwen/Qwen2.5-Coder-14B-Instruct,1,0,1,1,strict,0.0,0.0,0.0
2026-09-16 05:34:20,L-M07_m-qwen2.5-coder-14b_sol1_gd1_rs0_bd1_str-strict_t00_n1,336,2,1,Qwen/Qwen2.5-Coder-14B-Instruct,1,0,1,1,strict,0.0,0.0,0.0
2026-09-16 05:34:31,L-M07_m-qwen2.5-coder-14b_sol1_gd1_rs0_bd1_str-strict_t00_n1,336,3,1,Qwen/Qwen2.5-Coder-14B-Instruct,1,0,1,1,strict,0.0,0.0,0.0
2026-09-16 05:34:37,L-M07_m-qwen2.5-coder-14b_sol1_gd1_rs0_bd1_str-strict_t00_n1,336,4,1,Qwen/Qwen2.5-Coder-14B-Instruct,1,0,1,1,strict,0.0,0.0,0.0
2026-09-16 05:34:47,L-M07_m-qwen2.5-coder-14b_sol1_gd1_rs0_bd1_str-strict_t00_n1,337,1,1,Qwen/Qwen2.5-Coder-14B-Instruct,1,0,1,1,strict,0.0,0.0,0.0
2026-09-16 05:34:56,L-M07_m-qwen2.5-coder-14b_sol1_gd1_rs0_bd1_str-strict_t00_n1,337,2,1,Qwen/Qwen2.5-Coder-14B-Instruct,1,0,1,1,strict,0.0,0.0,0.0
2026-09-16 05:35:08,L-M07_m-qwen2.5-coder-14b_sol1_gd1_rs0_bd1_str-strict_t00_n1,337,3,1,Qwen/Qwen2.5-Coder-14B-Instruct,1,0,1,1,strict,0.0,0.0,0.0
2026-09-16 05:35:13,L-M07_m-qwen2.5-coder-14b_sol1_gd1_rs0_bd1_str-strict_t00_n1,337,4,1,Qwen/Qwen2.5-Coder-14B-Instruct,1,0,1,1,strict,0.0,0.0,0.0
2026-09-16 05:35:23,L-M07_m-qwen2.5-coder-14b_sol1_gd1_rs0_bd1_str-strict_t00_n1,338,1,1,Qwen/Qwen2.5-Coder-14B-Instruct,1,0,1,1,strict,0.0,0.0,0.0
2026-09-16 05:35:31,L-M07_m-qwen2.5-coder-14b_sol1_gd1_rs0_bd1_str-strict_t00_n1,338,2,1,Qwen/Qwen2.5-Coder-14B-Instruct,1,0,1,1,strict,0.0,0.0,0.0
2026-09-16 05:35:46,L-M07_m-qwen2.5-coder-14b_sol1_gd1_rs0_bd1_str-strict_t00_n1,338,3,1,Qwen/Qwen2.5-Coder-14B-Instruct,1,0,1,1,strict,0.0,0.0,0.0
2026-09-16 05:35:51,L-M07_m-qwen2.5-coder-14b_sol1_gd1_rs0_bd1_str-strict_t00_n1,338,4,1,Qwen/Qwen2.5-Coder-14B-Instruct,1,0,1,1,strict,0.0,0.0,0.0
2026-09-16 05:36:01,L-M07_m-qwen2.5-coder-14b_sol1_gd1_rs0_bd1_str-strict_t00_n1,339,1,1,Qwen/Qwen2.5-Coder-14B-Instruct,1,0,1,1,strict,0.0,0.0,0.0
2026-09-16 05:36:10,L-M07_m-qwen2.5-coder-14b_sol1_gd1_rs0_bd1_str-strict_t00_n1,339,2,1,Qwen/Qwen2.5-Coder-14B-Instruct,1,0,1,1,strict,0.0,0.0,0.0
2026-09-16 05:36:22,L-M07_m-qwen2.5-coder-14b_sol1_gd1_rs0_bd1_str-strict_t00_n1,339,3,1,Qwen/Qwen2.5-Coder-14B-Instruct,1,0,1,1,strict,0.0,0.0,0.0
2026-09-16 05:36:32,L-M07_m-qwen2.5-coder-14b_sol1_gd1_rs0_bd1_str-strict_t00_n1,340,1,1,Qwen/Qwen2.5-Coder-14B-Instruct,1,0,1,1,strict,0.0,0.0,0.0
2026-09-16 05:36:41,L-M07_m-qwen2.5-coder-14b_sol1_gd1_rs0_bd1_str-strict_t00_n1,340,2,1,Qwen/Qwen2.5-Coder-14B-Instruct,1,0,1,1,strict,0.0,0.0,0.0
2026-09-16 05:36:52,L-M07_m-qwen2.5-coder-14b_sol1_gd1_rs0_bd1_str-strict_t00_n1,340,3,1,Qwen/Qwen2.5-Coder-14B-Instruct,1,0,1,1,strict,0.0,0.0,0.0
2026-09-16 05:37:03,L-M07_m-qwen2.5-coder-14b_sol1_gd1_rs0_bd1_str-strict_t00_n1,341,1,1,Qwen/Qwen2.5-Coder-14B-Instruct,1,0,1,1,strict,0.0,0.0,0.0
2026-09-16 05:37:12,L-M07_m-qwen2.5-coder-14b_sol1_gd1_rs0_bd1_str-strict_t00_n1,341,2,1,Qwen/Qwen2.5-Coder-14B-Instruct,1,0,1,1,strict,0.0,0.0,0.0
2026-09-16 05:37:19,L-M07_m-qwen2.5-coder-14b_sol1_gd1_rs0_bd1_str-strict_t00_n1,341,3,1,Qwen/Qwen2.5-Coder-14B-Instruct,1,0,1,1,strict,0.0,0.0,0.0
2026-09-16 05:37:29,L-M07_m-qwen2.5-coder-14b_sol1_gd1_rs0_bd1_str-strict_t00_n1,342,1,1,Qwen/Qwen2.5-Coder-14B-Instruct,1,0,1,1,strict,0.0,0.0,0.0
2026-09-16 05:37:38,L-M07_m-qwen2.5-coder-14b_sol1_gd1_rs0_bd1_str-strict_t00_n1,342,2,1,Qwen/Qwen2.5-Coder-14B-Instruct,1,0,1,1,strict,0.0,0.0,0.0
2026-09-16 05:37:51,L-M07_m-qwen2.5-coder-14b_sol1_gd1_rs0_bd1_str-strict_t00_n1,342,3,1,Qwen/Qwen2.5-Coder-14B-Instruct,1,0,1,1,strict,0.0,0.0,0.0
2026-09-16 05:38:01,L-M07_m-qwen2.5-coder-14b_sol1_gd1_rs0_bd1_str-strict_t00_n1,343,1,1,Qwen/Qwen2.5-Coder-14B-Instruct,1,0,1,1,strict,0.0,0.0,0.0
2026-09-16 05:38:10,L-M07_m-qwen2.5-coder-14b_sol1_gd1_rs0_bd1_str-strict_t00_n1,343,2,1,Qwen/Qwen2.5-Coder-14B-Instruct,1,0,1,1,strict,0.0,0.0,0.0
2026-09-16 05:38:26,L-M07_m-qwen2.5-coder-14b_sol1_gd1_rs0_bd1_str-strict_t00_n1,343,3,1,Qwen/Qwen2.5-Coder-14B-Instruct,1,0,1,1,strict,0.0,0.0,0.0
2026-09-16 05:38:31,L-M07_m-qwen2.5-coder-14b_sol1_gd1_rs0_bd1_str-strict_t00_n1,343,4,1,Qwen/Qwen2.5-Coder-14B-Instruct,1,0,1,1,strict,0.0,0.0,0.0
2026-09-16 05:38:46,L-M07_m-qwen2.5-coder-14b_sol1_gd1_rs0_bd1_str-strict_t00_n1,344,1,1,Qwen/Qwen2.5-Coder-14B-Instruct,1,0,1,1,strict,0.0,0.0,0.0
2026-09-16 05:38:56,L-M07_m-qwen2.5-coder-14b_sol1_gd1_rs0_bd1_str-strict_t00_n1,344,2,1,Qwen/Qwen2.5-Coder-14B-Instruct,1,0,1,1,strict,0.0,0.0,0.0
2026-09-16 05:39:08,L-M07_m-qwen2.5-coder-14b_sol1_gd1_rs0_bd1_str-strict_t00_n1,344,3,1,Qwen/Qwen2.5-Coder-14B-Instruct,1,0,1,1,strict,0.0,0.0,0.0
2026-09-16 05:39:14,L-M07_m-qwen2.5-coder-14b_sol1_gd1_rs0_bd1_str-strict_t00_n1,344,4,1,Qwen/Qwen2.5-Coder-14B-Instruct,1,0,1,1,strict,0.0,0.0,0.0
2026-09-16 05:39:24,L-M07_m-qwen2.5-coder-14b_sol1_gd1_rs0_bd1_str-strict_t00_n1,345,1,1,Qwen/Qwen2.5-Coder-14B-Instruct,1,0,1,1,strict,0.0,0.0,0.0
2026-09-16 05:39:33,L-M07_m-qwen2.5-coder-14b_sol1_gd1_rs0_bd1_str-strict_t00_n1,345,2,1,Qwen/Qwen2.5-Coder-14B-Instruct,1,0,1,1,strict,0.0,0.0,0.0
2026-09-16 05:39:45,L-M07_m-qwen2.5-coder-14b_sol1_gd1_rs0_bd1_str-strict_t00_n1,345,3,1,Qwen/Qwen2.5-Coder-14B-Instruct,1,0,1,1,strict,0.0,0.0,0.0
2026-09-16 05:39:55,L-M07_m-qwen2.5-coder-14b_sol1_gd1_rs0_bd1_str-strict_t00_n1,346,1,1,Qwen/Qwen2.5-Coder-14B-Instruct,1,0,1,1,strict,0.0,0.0,0.0
2026-09-16 05:40:04,L-M07_m-qwen2.5-coder-14b_sol1_gd1_rs0_bd1_str-strict_t00_n1,346,2,1,Qwen/Qwen2.5-Coder-14B-Instruct,1,0,1,1,strict,0.0,0.0,0.0
2026-09-16 05:40:16,L-M07_m-qwen2.5-coder-14b_sol1_gd1_rs0_bd1_str-strict_t00_n1,346,3,1,Qwen/Qwen2.5-Coder-14B-Instruct,1,0,1,1,strict,0.0,0.0,0.0
2026-09-16 05:40:21,L-M07_m-qwen2.5-coder-14b_sol1_gd1_rs0_bd1_str-strict_t00_n1,346,4,1,Qwen/Qwen2.5-Coder-14B-Instruct,1,0,1,1,strict,0.0,0.0,0.0
2026-09-16 05:40:37,L-M07_m-qwen2.5-coder-14b_sol1_gd1_rs0_bd1_str-strict_t00_n1,347,1,1,Qwen/Qwen2.5-Coder-14B-Instruct,1,0,1,1,strict,0.0,0.0,0.0
2026-09-16 05:40:45,L-M07_m-qwen2.5-coder-14b_sol1_gd1_rs0_bd1_str-strict_t00_n1,347,2,1,Qwen/Qwen2.5-Coder-14B-Instruct,1,0,1,1,strict,0.0,0.0,0.0
2026-09-16 05:40:56,L-M07_m-qwen2.5-coder-14b_sol1_gd1_rs0_bd1_str-strict_t00_n1,347,3,1,Qwen/Qwen2.5-Coder-14B-Instruct,1,0,1,1,strict,0.0,0.0,0.0
2026-09-16 05:41:02,L-M07_m-qwen2.5-coder-14b_sol1_gd1_rs0_bd1_str-strict_t00_n1,347,4,1,Qwen/Qwen2.5-Coder-14B-Instruct,1,0,1,1,strict,0.0,0.0,0.0
2026-09-16 05:41:12,L-M07_m-qwen2.5-coder-14b_sol1_gd1_rs0_bd1_str-strict_t00_n1,348,1,1,Qwen/Qwen2.5-Coder-14B-Instruct,1,0,1,1,strict,0.0,0.0,0.0
2026-09-16 05:41:21,L-M07_m-qwen2.5-coder-14b_sol1_gd1_rs0_bd1_str-strict_t00_n1,348,2,1,Qwen/Qwen2.5-Coder-14B-Instruct,1,0,1,1,strict,0.0,0.0,0.0
2026-09-16 05:41:31,L-M07_m-qwen2.5-coder-14b_sol1_gd1_rs0_bd1_str-strict_t00_n1,348,3,1,Qwen/Qwen2.5-Coder-14B-Instruct,1,0,1,1,strict,0.0,0.0,0.0
2026-09-16 05:41:42,L-M07_m-qwen2.5-coder-14b_sol1_gd1_rs0_bd1_str-strict_t00_n1,349,1,1,Qwen/Qwen2.5-Coder-14B-Instruct,1,0,1,1,strict,0.0,0.0,0.0
2026-09-16 05:41:51,L-M07_m-qwen2.5-coder-14b_sol1_gd1_rs0_bd1_str-strict_t00_n1,349,2,1,Qwen/Qwen2.5-Coder-14B-Instruct,1,0,1,1,strict,0.0,0.0,0.0
2026-09-16 05:42:03,L-M07_m-qwen2.5-coder-14b_sol1_gd1_rs0_bd1_str-strict_t00_n1,349,3,1,Qwen/Qwen2.5-Coder-14B-Instruct,1,0,1,1,strict,0.0,0.0,0.0
2026-09-16 05:42:08,L-M07_m-qwen2.5-coder-14b_sol1_gd1_rs0_bd1_str-strict_t00_n1,349,4,1,Qwen/Qwen2.5-Coder-14B-Instruct,1,0,1,1,strict,0.0,0.0,0.0
2026-09-16 05:42:17,L-M07_m-qwen2.5-coder-14b_sol1_gd1_rs0_bd1_str-strict_t00_n1,350,1,1,Qwen/Qwen2.5-Coder-14B-Instruct,1,0,1,1,strict,0.0,0.0,0.0
2026-09-16 05:42:26,L-M07_m-qwen2.5-coder-14b_sol1_gd1_rs0_bd1_str-strict_t00_n1,350,2,1,Qwen/Qwen2.5-Coder-14B-Instruct,1,0,1,1,strict,0.0,0.0,0.0
2026-09-16 05:42:37,L-M07_m-qwen2.5-coder-14b_sol1_gd1_rs0_bd1_str-strict_t00_n1,350,3,1,Qwen/Qwen2.5-Coder-14B-Instruct,1,0,1,1,strict,0.0,0.0,0.0
2026-09-16 05:42:44,L-M07_m-qwen2.5-coder-14b_sol1_gd1_rs0_bd1_str-strict_t00_n1,350,4,1,Qwen/Qwen2.5-Coder-14B-Instruct,1,0,1,1,strict,0.0,0.0,0.0
2026-09-16 05:42:53,L-M07_m-qwen2.5-coder-14b_sol1_gd1_rs0_bd1_str-strict_t00_n1,351,1,1,Qwen/Qwen2.5-Coder-14B-Instruct,1,0,1,1,strict,0.0,0.0,0.0
2026-09-16 05:43:03,L-M07_m-qwen2.5-coder-14b_sol1_gd1_rs0_bd1_str-strict_t00_n1,351,2,1,Qwen/Qwen2.5-Coder-14B-Instruct,1,0,1,1,strict,0.0,11.0,4.0
2026-09-16 05:43:15,L-M07_m-qwen2.5-coder-14b_sol1_gd1_rs0_bd1_str-strict_t00_n1,351,3,1,Qwen/Qwen2.5-Coder-14B-Instruct,1,0,1,1,strict,0.0,0.0,0.0
2026-09-16 05:43:20,L-M07_m-qwen2.5-coder-14b_sol1_gd1_rs0_bd1_str-strict_t00_n1,351,4,1,Qwen/Qwen2.5-Coder-14B-Instruct,1,0,1,1,strict,0.0,0.0,0.0
2026-09-16 05:43:30,L-M07_m-qwen2.5-coder-14b_sol1_gd1_rs0_bd1_str-strict_t00_n1,352,1,1,Qwen/Qwen2.5-Coder-14B-Instruct,1,0,1,1,strict,0.0,0.0,0.0
2026-09-16 05:43:39,L-M07_m-qwen2.5-coder-14b_sol1_gd1_rs0_bd1_str-strict_t00_n1,352,2,1,Qwen/Qwen2.5-Coder-14B-Instruct,1,0,1,1,strict,0.0,0.0,0.0
2026-09-16 05:43:56,L-M07_m-qwen2.5-coder-14b_sol1_gd1_rs0_bd1_str-strict_t00_n1,352,3,1,Qwen/Qwen2.5-Coder-14B-Instruct,1,0,1,1,strict,0.0,0.0,0.0
2026-09-16 05:44:06,L-M07_m-qwen2.5-coder-14b_sol1_gd1_rs0_bd1_str-strict_t00_n1,353,1,1,Qwen/Qwen2.5-Coder-14B-Instruct,1,0,1,1,strict,0.0,0.0,0.0
2026-09-16 05:44:15,L-M07_m-qwen2.5-coder-14b_sol1_gd1_rs0_bd1_str-strict_t00_n1,353,2,1,Qwen/Qwen2.5-Coder-14B-Instruct,1,0,1,1,strict,0.0,0.0,0.0
2026-09-16 05:44:22,L-M07_m-qwen2.5-coder-14b_sol1_gd1_rs0_bd1_str-strict_t00_n1,353,3,1,Qwen/Qwen2.5-Coder-14B-Instruct,1,0,1,1,strict,0.0,0.0,0.0
2026-09-16 05:44:32,L-M07_m-qwen2.5-coder-14b_sol1_gd1_rs0_bd1_str-strict_t00_n1,354,1,1,Qwen/Qwen2.5-Coder-14B-Instruct,1,0,1,1,strict,0.0,0.0,0.0
2026-09-16 05:44:41,L-M07_m-qwen2.5-coder-14b_sol1_gd1_rs0_bd1_str-strict_t00_n1,354,2,1,Qwen/Qwen2.5-Coder-14B-Instruct,1,0,1,1,strict,0.0,0.0,0.0
2026-09-16 05:44:56,L-M07_m-qwen2.5-coder-14b_sol1_gd1_rs0_bd1_str-strict_t00_n1,354,3,1,Qwen/Qwen2.5-Coder-14B-Instruct,1,0,1,1,strict,0.0,0.0,0.0
2026-09-16 05:45:06,L-M07_m-qwen2.5-coder-14b_sol1_gd1_rs0_bd1_str-strict_t00_n1,355,1,1,Qwen/Qwen2.5-Coder-14B-Instruct,1,0,1,1,strict,0.0,0.0,0.0
2026-09-16 05:45:15,L-M07_m-qwen2.5-coder-14b_sol1_gd1_rs0_bd1_str-strict_t00_n1,355,2,1,Qwen/Qwen2.5-Coder-14B-Instruct,1,0,1,1,strict,0.0,0.0,0.0
2026-09-16 05:45:28,L-M07_m-qwen2.5-coder-14b_sol1_gd1_rs0_bd1_str-strict_t00_n1,355,3,1,Qwen/Qwen2.5-Coder-14B-Instruct,1,0,1,1,strict,0.0,0.0,0.0
2026-09-16 05:45:34,L-M07_m-qwen2.5-coder-14b_sol1_gd1_rs0_bd1_str-strict_t00_n1,355,4,1,Qwen/Qwen2.5-Coder-14B-Instruct,1,0,1,1,strict,0.0,0.0,0.0
2026-09-16 05:45:44,L-M07_m-qwen2.5-coder-14b_sol1_gd1_rs0_bd1_str-strict_t00_n1,356,1,1,Qwen/Qwen2.5-Coder-14B-Instruct,1,0,1,1,strict,0.0,0.0,0.0
2026-09-16 05:45:53,L-M07_m-qwen2.5-coder-14b_sol1_gd1_rs0_bd1_str-strict_t00_n1,356,2,1,Qwen/Qwen2.5-Coder-14B-Instruct,1,0,1,1,strict,0.0,0.0,0.0
2026-09-16 05:46:04,L-M07_m-qwen2.5-coder-14b_sol1_gd1_rs0_bd1_str-strict_t00_n1,356,3,1,Qwen/Qwen2.5-Coder-14B-Instruct,1,0,1,1,strict,0.0,0.0,0.0
2026-09-16 05:46:14,L-M07_m-qwen2.5-coder-14b_sol1_gd1_rs0_bd1_str-strict_t00_n1,357,1,1,Qwen/Qwen2.5-Coder-14B-Instruct,1,0,1,1,strict,0.0,0.0,0.0
2026-09-16 05:46:23,L-M07_m-qwen2.5-coder-14b_sol1_gd1_rs0_bd1_str-strict_t00_n1,357,2,1,Qwen/Qwen2.5-Coder-14B-Instruct,1,0,1,1,strict,0.0,0.0,0.0
2026-09-16 05:46:31,L-M07_m-qwen2.5-coder-14b_sol1_gd1_rs0_bd1_str-strict_t00_n1,357,3,1,Qwen/Qwen2.5-Coder-14B-Instruct,1,0,1,1,strict,0.0,0.0,0.0
2026-09-16 05:46:49,L-M07_m-qwen2.5-coder-14b_sol1_gd1_rs0_bd1_str-strict_t00_n1,358,1,1,Qwen/Qwen2.5-Coder-14B-Instruct,1,0,1,1,strict,0.0,0.0,0.0
2026-09-16 05:46:56,L-M07_m-qwen2.5-coder-14b_sol1_gd1_rs0_bd1_str-strict_t00_n1,358,2,1,Qwen/Qwen2.5-Coder-14B-Instruct,1,0,1,1,strict,0.0,0.0,0.0
2026-09-16 05:47:15,L-M07_m-qwen2.5-coder-14b_sol1_gd1_rs0_bd1_str-strict_t00_n1,358,3,1,Qwen/Qwen2.5-Coder-14B-Instruct,1,0,1,1,strict,0.0,0.0,0.0
2026-09-16 05:47:20,L-M07_m-qwen2.5-coder-14b_sol1_gd1_rs0_bd1_str-strict_t00_n1,358,4,1,Qwen/Qwen2.5-Coder-14B-Instruct,1,0,1,1,strict,0.0,0.0,0.0
2026-09-16 05:47:30,L-M07_m-qwen2.5-coder-14b_sol1_gd1_rs0_bd1_str-strict_t00_n1,359,1,1,Qwen/Qwen2.5-Coder-14B-Instruct,1,0,1,1,strict,0.0,0.0,0.0
2026-09-16 05:47:39,L-M07_m-qwen2.5-coder-14b_sol1_gd1_rs0_bd1_str-strict_t00_n1,359,2,1,Qwen/Qwen2.5-Coder-14B-Instruct,1,0,1,1,strict,0.0,0.0,0.0
2026-09-16 05:47:50,L-M07_m-qwen2.5-coder-14b_sol1_gd1_rs0_bd1_str-strict_t00_n1,360,1,1,Qwen/Qwen2.5-Coder-14B-Instruct,1,0,1,1,strict,0.0,0.0,0.0
2026-09-16 05:48:00,L-M07_m-qwen2.5-coder-14b_sol1_gd1_rs0_bd1_str-strict_t00_n1,360,2,1,Qwen/Qwen2.5-Coder-14B-Instruct,1,0,1,1,strict,0.0,0.0,0.0
2026-09-16 05:48:13,L-M07_m-qwen2.5-coder-14b_sol1_gd1_rs0_bd1_str-strict_t00_n1,360,3,1,Qwen/Qwen2.5-Coder-14B-Instruct,1,0,1,1,strict,0.0,0.0,0.0
2026-09-16 05:48:23,L-M07_m-qwen2.5-coder-14b_sol1_gd1_rs0_bd1_str-strict_t00_n1,361,1,1,Qwen/Qwen2.5-Coder-14B-Instruct,1,0,1,1,strict,0.0,0.0,0.0
2026-09-16 05:48:32,L-M07_m-qwen2.5-coder-14b_sol1_gd1_rs0_bd1_str-strict_t00_n1,361,2,1,Qwen/Qwen2.5-Coder-14B-Instruct,1,0,1,1,strict,0.0,0.0,0.0
2026-09-16 05:48:38,L-M07_m-qwen2.5-coder-14b_sol1_gd1_rs0_bd1_str-strict_t00_n1,361,3,1,Qwen/Qwen2.5-Coder-14B-Instruct,1,0,1,1,strict,0.0,0.0,0.0
2026-09-16 05:48:49,L-M07_m-qwen2.5-coder-14b_sol1_gd1_rs0_bd1_str-strict_t00_n1,362,1,1,Qwen/Qwen2.5-Coder-14B-Instruct,1,0,1,1,strict,0.0,0.0,0.0
2026-09-16 05:48:58,L-M07_m-qwen2.5-coder-14b_sol1_gd1_rs0_bd1_str-strict_t00_n1,362,2,1,Qwen/Qwen2.5-Coder-14B-Instruct,1,0,1,1,strict,0.0,0.0,0.0
2026-09-16 05:49:11,L-M07_m-qwen2.5-coder-14b_sol1_gd1_rs0_bd1_str-strict_t00_n1,362,3,1,Qwen/Qwen2.5-Coder-14B-Instruct,1,0,1,1,strict,0.0,0.0,0.0
2026-09-16 05:49:32,L-M07_m-qwen2.5-coder-14b_sol1_gd1_rs0_bd1_str-strict_t00_n1,363,1,1,Qwen/Qwen2.5-Coder-14B-Instruct,1,0,1,1,strict,0.0,0.0,0.0
2026-09-16 05:49:40,L-M07_m-qwen2.5-coder-14b_sol1_gd1_rs0_bd1_str-strict_t00_n1,363,2,1,Qwen/Qwen2.5-Coder-14B-Instruct,1,0,1,1,strict,0.0,0.0,0.0
2026-09-16 05:49:51,L-M07_m-qwen2.5-coder-14b_sol1_gd1_rs0_bd1_str-strict_t00_n1,363,3,1,Qwen/Qwen2.5-Coder-14B-Instruct,1,0,1,1,strict,0.0,0.0,0.0
2026-09-16 05:50:02,L-M07_m-qwen2.5-coder-14b_sol1_gd1_rs0_bd1_str-strict_t00_n1,364,1,1,Qwen/Qwen2.5-Coder-14B-Instruct,1,0,1,1,strict,0.0,0.0,0.0
2026-09-16 05:50:10,L-M07_m-qwen2.5-coder-14b_sol1_gd1_rs0_bd1_str-strict_t00_n1,364,2,1,Qwen/Qwen2.5-Coder-14B-Instruct,1,0,1,1,strict,0.0,0.0,0.0
2026-09-16 05:50:26,L-M07_m-qwen2.5-coder-14b_sol1_gd1_rs0_bd1_str-strict_t00_n1,364,3,1,Qwen/Qwen2.5-Coder-14B-Instruct,1,0,1,1,strict,0.0,0.0,0.0
2026-09-16 05:50:36,L-M07_m-qwen2.5-coder-14b_sol1_gd1_rs0_bd1_str-strict_t00_n1,365,1,1,Qwen/Qwen2.5-Coder-14B-Instruct,1,0,1,1,strict,0.0,0.0,0.0
2026-09-16 05:50:45,L-M07_m-qwen2.5-coder-14b_sol1_gd1_rs0_bd1_str-strict_t00_n1,365,2,1,Qwen/Qwen2.5-Coder-14B-Instruct,1,0,1,1,strict,0.0,0.0,0.0
2026-09-16 05:50:57,L-M07_m-qwen2.5-coder-14b_sol1_gd1_rs0_bd1_str-strict_t00_n1,365,3,1,Qwen/Qwen2.5-Coder-14B-Instruct,1,0,1,1,strict,0.0,0.0,0.0
2026-09-16 05:51:02,L-M07_m-qwen2.5-coder-14b_sol1_gd1_rs0_bd1_str-strict_t00_n1,365,4,1,Qwen/Qwen2.5-Coder-14B-Instruct,1,0,1,1,strict,0.0,0.0,0.0
2026-09-16 05:51:12,L-M07_m-qwen2.5-coder-14b_sol1_gd1_rs0_bd1_str-strict_t00_n1,366,1,1,Qwen/Qwen2.5-Coder-14B-Instruct,1,0,1,1,strict,0.0,0.0,0.0
2026-09-16 05:51:21,L-M07_m-qwen2.5-coder-14b_sol1_gd1_rs0_bd1_str-strict_t00_n1,366,2,1,Qwen/Qwen2.5-Coder-14B-Instruct,1,0,1,1,strict,0.0,0.0,0.0
2026-09-16 05:51:33,L-M07_m-qwen2.5-coder-14b_sol1_gd1_rs0_bd1_str-strict_t00_n1,366,3,1,Qwen/Qwen2.5-Coder-14B-Instruct,1,0,1,1,strict,0.0,0.0,0.0
2026-09-16 05:51:43,L-M07_m-qwen2.5-coder-14b_sol1_gd1_rs0_bd1_str-strict_t00_n1,367,1,1,Qwen/Qwen2.5-Coder-14B-Instruct,1,0,1,1,strict,0.0,0.0,0.0
2026-09-16 05:51:52,L-M07_m-qwen2.5-coder-14b_sol1_gd1_rs0_bd1_str-strict_t00_n1,367,2,1,Qwen/Qwen2.5-Coder-14B-Instruct,1,0,1,1,strict,0.0,0.0,0.0
2026-09-16 05:52:04,L-M07_m-qwen2.5-coder-14b_sol1_gd1_rs0_bd1_str-strict_t00_n1,367,3,1,Qwen/Qwen2.5-Coder-14B-Instruct,1,0,1,1,strict,0.0,0.0,0.0
2026-09-16 05:52:09,L-M07_m-qwen2.5-coder-14b_sol1_gd1_rs0_bd1_str-strict_t00_n1,367,4,1,Qwen/Qwen2.5-Coder-14B-Instruct,1,0,1,1,strict,0.0,0.0,0.0
2026-09-16 05:52:19,L-M07_m-qwen2.5-coder-14b_sol1_gd1_rs0_bd1_str-strict_t00_n1,368,1,1,Qwen/Qwen2.5-Coder-14B-Instruct,1,0,1,1,strict,0.0,0.0,0.0
2026-09-16 05:52:28,L-M07_m-qwen2.5-coder-14b_sol1_gd1_rs0_bd1_str-strict_t00_n1,368,2,1,Qwen/Qwen2.5-Coder-14B-Instruct,1,0,1,1,strict,0.0,0.0,0.0
2026-09-16 05:52:38,L-M07_m-qwen2.5-coder-14b_sol1_gd1_rs0_bd1_str-strict_t00_n1,368,3,1,Qwen/Qwen2.5-Coder-14B-Instruct,1,0,1,1,strict,0.0,0.0,0.0
2026-09-16 05:52:49,L-M07_m-qwen2.5-coder-14b_sol1_gd1_rs0_bd1_str-strict_t00_n1,369,1,1,Qwen/Qwen2.5-Coder-14B-Instruct,1,0,1,1,strict,0.0,0.0,0.0
2026-09-16 05:52:58,L-M07_m-qwen2.5-coder-14b_sol1_gd1_rs0_bd1_str-strict_t00_n1,369,2,1,Qwen/Qwen2.5-Coder-14B-Instruct,1,0,1,1,strict,0.0,11.0,4.0
2026-09-16 05:53:14,L-M07_m-qwen2.5-coder-14b_sol1_gd1_rs0_bd1_str-strict_t00_n1,369,3,1,Qwen/Qwen2.5-Coder-14B-Instruct,1,0,1,1,strict,0.0,0.0,0.0
2026-09-16 05:53:19,L-M07_m-qwen2.5-coder-14b_sol1_gd1_rs0_bd1_str-strict_t00_n1,369,4,1,Qwen/Qwen2.5-Coder-14B-Instruct,1,0,1,1,strict,0.0,0.0,0.0
2026-09-16 05:53:29,L-M07_m-qwen2.5-coder-14b_sol1_gd1_rs0_bd1_str-strict_t00_n1,370,1,1,Qwen/Qwen2.5-Coder-14B-Instruct,1,0,1,1,strict,0.0,0.0,0.0
2026-09-16 05:53:39,L-M07_m-qwen2.5-coder-14b_sol1_gd1_rs0_bd1_str-strict_t00_n1,370,2,1,Qwen/Qwen2.5-Coder-14B-Instruct,1,0,1,1,strict,0.0,0.0,0.0
2026-09-16 05:53:53,L-M07_m-qwen2.5-coder-14b_sol1_gd1_rs0_bd1_str-strict_t00_n1,370,3,1,Qwen/Qwen2.5-Coder-14B-Instruct,1,0,1,1,strict,0.0,0.0,0.0
2026-09-16 05:54:03,L-M07_m-qwen2.5-coder-14b_sol1_gd1_rs0_bd1_str-strict_t00_n1,371,1,1,Qwen/Qwen2.5-Coder-14B-Instruct,1,0,1,1,strict,0.0,0.0,0.0
2026-09-16 05:54:11,L-M07_m-qwen2.5-coder-14b_sol1_gd1_rs0_bd1_str-strict_t00_n1,371,2,1,Qwen/Qwen2.5-Coder-14B-Instruct,1,0,1,1,strict,0.0,0.0,0.0
2026-09-16 05:54:28,L-M07_m-qwen2.5-coder-14b_sol1_gd1_rs0_bd1_str-strict_t00_n1,371,3,1,Qwen/Qwen2.5-Coder-14B-Instruct,1,0,1,1,strict,0.0,0.0,0.0
2026-09-16 05:54:39,L-M07_m-qwen2.5-coder-14b_sol1_gd1_rs0_bd1_str-strict_t00_n1,372,1,1,Qwen/Qwen2.5-Coder-14B-Instruct,1,0,1,1,strict,0.0,0.0,0.0
2026-09-16 05:54:47,L-M07_m-qwen2.5-coder-14b_sol1_gd1_rs0_bd1_str-strict_t00_n1,372,2,1,Qwen/Qwen2.5-Coder-14B-Instruct,1,0,1,1,strict,0.0,0.0,0.0
2026-09-16 05:54:59,L-M07_m-qwen2.5-coder-14b_sol1_gd1_rs0_bd1_str-strict_t00_n1,372,3,1,Qwen/Qwen2.5-Coder-14B-Instruct,1,0,1,1,strict,0.0,0.0,0.0
2026-09-16 05:55:10,L-M07_m-qwen2.5-coder-14b_sol1_gd1_rs0_bd1_str-strict_t00_n1,373,1,1,Qwen/Qwen2.5-Coder-14B-Instruct,1,0,1,1,strict,0.0,0.0,0.0
2026-09-16 05:55:19,L-M07_m-qwen2.5-coder-14b_sol1_gd1_rs0_bd1_str-strict_t00_n1,373,2,1,Qwen/Qwen2.5-Coder-14B-Instruct,1,0,1,1,strict,0.0,0.0,0.0
2026-09-16 05:55:26,L-M07_m-qwen2.5-coder-14b_sol1_gd1_rs0_bd1_str-strict_t00_n1,373,3,1,Qwen/Qwen2.5-Coder-14B-Instruct,1,0,1,1,strict,0.0,0.0,0.0
2026-09-16 05:55:37,L-M07_m-qwen2.5-coder-14b_sol1_gd1_rs0_bd1_str-strict_t00_n1,374,1,1,Qwen/Qwen2.5-Coder-14B-Instruct,1,0,1,1,strict,0.0,0.0,0.0
2026-09-16 05:55:45,L-M07_m-qwen2.5-coder-14b_sol1_gd1_rs0_bd1_str-strict_t00_n1,374,2,1,Qwen/Qwen2.5-Coder-14B-Instruct,1,0,1,1,strict,0.0,0.0,0.0
2026-09-16 05:55:57,L-M07_m-qwen2.5-coder-14b_sol1_gd1_rs0_bd1_str-strict_t00_n1,374,3,1,Qwen/Qwen2.5-Coder-14B-Instruct,1,0,1,1,strict,0.0,0.0,0.0
2026-09-16 05:56:02,L-M07_m-qwen2.5-coder-14b_sol1_gd1_rs0_bd1_str-strict_t00_n1,374,4,1,Qwen/Qwen2.5-Coder-14B-Instruct,1,0,1,1,strict,0.0,0.0,0.0
2026-09-16 05:56:12,L-M07_m-qwen2.5-coder-14b_sol1_gd1_rs0_bd1_str-strict_t00_n1,375,1,1,Qwen/Qwen2.5-Coder-14B-Instruct,1,0,1,1,strict,0.0,0.0,0.0
2026-09-16 05:56:21,L-M07_m-qwen2.5-coder-14b_sol1_gd1_rs0_bd1_str-strict_t00_n1,375,2,1,Qwen/Qwen2.5-Coder-14B-Instruct,1,0,1,1,strict,0.0,0.0,0.0
2026-09-16 05:56:34,L-M07_m-qwen2.5-coder-14b_sol1_gd1_rs0_bd1_str-strict_t00_n1,375,3,1,Qwen/Qwen2.5-Coder-14B-Instruct,1,0,1,1,strict,0.0,0.0,0.0
2026-09-16 05:56:44,L-M07_m-qwen2.5-coder-14b_sol1_gd1_rs0_bd1_str-strict_t00_n1,376,1,1,Qwen/Qwen2.5-Coder-14B-Instruct,1,0,1,1,strict,0.0,0.0,0.0
2026-09-16 05:56:53,L-M07_m-qwen2.5-coder-14b_sol1_gd1_rs0_bd1_str-strict_t00_n1,376,2,1,Qwen/Qwen2.5-Coder-14B-Instruct,1,0,1,1,strict,0.0,0.0,0.0
2026-09-16 05:57:03,L-M07_m-qwen2.5-coder-14b_sol1_gd1_rs0_bd1_str-strict_t00_n1,376,3,1,Qwen/Qwen2.5-Coder-14B-Instruct,1,0,1,1,strict,0.0,0.0,0.0
2026-09-16 05:57:13,L-M07_m-qwen2.5-coder-14b_sol1_gd1_rs0_bd1_str-strict_t00_n1,377,1,1,Qwen/Qwen2.5-Coder-14B-Instruct,1,0,1,1,strict,0.0,0.0,0.0
2026-09-16 05:57:22,L-M07_m-qwen2.5-coder-14b_sol1_gd1_rs0_bd1_str-strict_t00_n1,377,2,1,Qwen/Qwen2.5-Coder-14B-Instruct,1,0,1,1,strict,0.0,0.0,0.0
2026-09-16 05:57:34,L-M07_m-qwen2.5-coder-14b_sol1_gd1_rs0_bd1_str-strict_t00_n1,377,3,1,Qwen/Qwen2.5-Coder-14B-Instruct,1,0,1,1,strict,0.0,0.0,0.0
2026-09-16 05:57:44,L-M07_m-qwen2.5-coder-14b_sol1_gd1_rs0_bd1_str-strict_t00_n1,378,1,1,Qwen/Qwen2.5-Coder-14B-Instruct,1,0,1,1,strict,0.0,0.0,0.0
2026-09-16 05:57:54,L-M07_m-qwen2.5-coder-14b_sol1_gd1_rs0_bd1_str-strict_t00_n1,378,2,1,Qwen/Qwen2.5-Coder-14B-Instruct,1,0,1,1,strict,0.0,0.0,0.0
2026-09-16 05:58:06,L-M07_m-qwen2.5-coder-14b_sol1_gd1_rs0_bd1_str-strict_t00_n1,378,3,1,Qwen/Qwen2.5-Coder-14B-Instruct,1,0,1,1,strict,0.0,0.0,0.0
2026-09-16 05:58:11,L-M07_m-qwen2.5-coder-14b_sol1_gd1_rs0_bd1_str-strict_t00_n1,378,4,1,Qwen/Qwen2.5-Coder-14B-Instruct,1,0,1,1,strict,0.0,0.0,0.0
2026-09-16 05:58:21,L-M07_m-qwen2.5-coder-14b_sol1_gd1_rs0_bd1_str-strict_t00_n1,379,1,1,Qwen/Qwen2.5-Coder-14B-Instruct,1,0,1,1,strict,0.0,0.0,0.0
2026-09-16 05:58:29,L-M07_m-qwen2.5-coder-14b_sol1_gd1_rs0_bd1_str-strict_t00_n1,379,2,1,Qwen/Qwen2.5-Coder-14B-Instruct,1,0,1,1,strict,0.0,0.0,0.0
2026-09-16 05:58:43,L-M07_m-qwen2.5-coder-14b_sol1_gd1_rs0_bd1_str-strict_t00_n1,379,3,1,Qwen/Qwen2.5-Coder-14B-Instruct,1,0,1,1,strict,0.0,0.0,0.0
2026-09-16 05:58:49,L-M07_m-qwen2.5-coder-14b_sol1_gd1_rs0_bd1_str-strict_t00_n1,379,4,1,Qwen/Qwen2.5-Coder-14B-Instruct,1,0,1,1,strict,0.0,0.0,0.0
2026-09-16 05:58:59,L-M07_m-qwen2.5-coder-14b_sol1_gd1_rs0_bd1_str-strict_t00_n1,380,1,1,Qwen/Qwen2.5-Coder-14B-Instruct,1,0,1,1,strict,0.0,0.0,0.0
2026-09-16 05:59:07,L-M07_m-qwen2.5-coder-14b_sol1_gd1_rs0_bd1_str-strict_t00_n1,380,2,1,Qwen/Qwen2.5-Coder-14B-Instruct,1,0,1,1,strict,0.0,0.0,0.0
2026-09-16 05:59:22,L-M07_m-qwen2.5-coder-14b_sol1_gd1_rs0_bd1_str-strict_t00_n1,380,3,1,Qwen/Qwen2.5-Coder-14B-Instruct,1,0,1,1,strict,0.0,0.0,0.0
2026-09-16 05:59:28,L-M07_m-qwen2.5-coder-14b_sol1_gd1_rs0_bd1_str-strict_t00_n1,380,4,1,Qwen/Qwen2.5-Coder-14B-Instruct,1,0,1,1,strict,0.0,0.0,0.0
2026-09-16 05:59:39,L-M07_m-qwen2.5-coder-14b_sol1_gd1_rs0_bd1_str-strict_t00_n1,381,1,1,Qwen/Qwen2.5-Coder-14B-Instruct,1,0,1,1,strict,0.0,0.0,0.0
2026-09-16 05:59:47,L-M07_m-qwen2.5-coder-14b_sol1_gd1_rs0_bd1_str-strict_t00_n1,381,2,1,Qwen/Qwen2.5-Coder-14B-Instruct,1,0,1,1,strict,0.0,0.0,0.0
2026-09-16 05:59:55,L-M07_m-qwen2.5-coder-14b_sol1_gd1_rs0_bd1_str-strict_t00_n1,381,3,1,Qwen/Qwen2.5-Coder-14B-Instruct,1,0,1,1,strict,0.0,0.0,0.0
2026-09-16 06:00:05,L-M07_m-qwen2.5-coder-14b_sol1_gd1_rs0_bd1_str-strict_t00_n1,382,1,1,Qwen/Qwen2.5-Coder-14B-Instruct,1,0,1,1,strict,0.0,0.0,0.0
2026-09-16 06:00:15,L-M07_m-qwen2.5-coder-14b_sol1_gd1_rs0_bd1_str-strict_t00_n1,382,2,1,Qwen/Qwen2.5-Coder-14B-Instruct,1,0,1,1,strict,0.0,0.0,0.0
2026-09-16 06:00:27,L-M07_m-qwen2.5-coder-14b_sol1_gd1_rs0_bd1_str-strict_t00_n1,382,3,1,Qwen/Qwen2.5-Coder-14B-Instruct,1,0,1,1,strict,0.0,0.0,0.0
2026-09-16 06:00:38,L-M07_m-qwen2.5-coder-14b_sol1_gd1_rs0_bd1_str-strict_t00_n1,383,1,1,Qwen/Qwen2.5-Coder-14B-Instruct,1,0,1,1,strict,0.0,0.0,0.0
2026-09-16 06:00:47,L-M07_m-qwen2.5-coder-14b_sol1_gd1_rs0_bd1_str-strict_t00_n1,383,2,1,Qwen/Qwen2.5-Coder-14B-Instruct,1,0,1,1,strict,0.0,0.0,0.0
2026-09-16 06:01:00,L-M07_m-qwen2.5-coder-14b_sol1_gd1_rs0_bd1_str-strict_t00_n1,383,3,1,Qwen/Qwen2.5-Coder-14B-Instruct,1,0,1,1,strict,0.0,0.0,0.0
2026-09-16 06:01:11,L-M07_m-qwen2.5-coder-14b_sol1_gd1_rs0_bd1_str-strict_t00_n1,384,1,1,Qwen/Qwen2.5-Coder-14B-Instruct,1,0,1,1,strict,0.0,0.0,0.0
2026-09-16 06:01:19,L-M07_m-qwen2.5-coder-14b_sol1_gd1_rs0_bd1_str-strict_t00_n1,384,2,1,Qwen/Qwen2.5-Coder-14B-Instruct,1,0,1,1,strict,0.0,0.0,0.0
2026-09-16 06:01:30,L-M07_m-qwen2.5-coder-14b_sol1_gd1_rs0_bd1_str-strict_t00_n1,384,3,1,Qwen/Qwen2.5-Coder-14B-Instruct,1,0,1,1,strict,0.0,0.0,0.0
2026-09-16 06:01:40,L-M07_m-qwen2.5-coder-14b_sol1_gd1_rs0_bd1_str-strict_t00_n1,385,1,1,Qwen/Qwen2.5-Coder-14B-Instruct,1,0,1,1,strict,0.0,0.0,0.0
2026-09-16 06:01:49,L-M07_m-qwen2.5-coder-14b_sol1_gd1_rs0_bd1_str-strict_t00_n1,385,2,1,Qwen/Qwen2.5-Coder-14B-Instruct,1,0,1,1,strict,0.0,0.0,0.0
2026-09-16 06:02:02,L-M07_m-qwen2.5-coder-14b_sol1_gd1_rs0_bd1_str-strict_t00_n1,385,3,1,Qwen/Qwen2.5-Coder-14B-Instruct,1,0,1,1,strict,0.0,0.0,0.0
2026-09-16 06:02:13,L-M07_m-qwen2.5-coder-14b_sol1_gd1_rs0_bd1_str-strict_t00_n1,386,1,1,Qwen/Qwen2.5-Coder-14B-Instruct,1,0,1,1,strict,0.0,0.0,0.0
2026-09-16 06:02:22,L-M07_m-qwen2.5-coder-14b_sol1_gd1_rs0_bd1_str-strict_t00_n1,386,2,1,Qwen/Qwen2.5-Coder-14B-Instruct,1,0,1,1,strict,0.0,0.0,0.0
2026-09-16 06:02:37,L-M07_m-qwen2.5-coder-14b_sol1_gd1_rs0_bd1_str-strict_t00_n1,386,3,1,Qwen/Qwen2.5-Coder-14B-Instruct,1,0,1,1,strict,0.0,0.0,0.0
2026-09-16 06:02:48,L-M07_m-qwen2.5-coder-14b_sol1_gd1_rs0_bd1_str-strict_t00_n1,387,1,1,Qwen/Qwen2.5-Coder-14B-Instruct,1,0,1,1,strict,0.0,12.0,4.0
2026-09-16 06:02:57,L-M07_m-qwen2.5-coder-14b_sol1_gd1_rs0_bd1_str-strict_t00_n1,387,2,1,Qwen/Qwen2.5-Coder-14B-Instruct,1,0,1,1,strict,0.0,11.0,4.0
2026-09-16 06:03:11,L-M07_m-qwen2.5-coder-14b_sol1_gd1_rs0_bd1_str-strict_t00_n1,387,3,1,Qwen/Qwen2.5-Coder-14B-Instruct,1,0,1,1,strict,0.0,0.0,0.0
2026-09-16 06:03:22,L-M07_m-qwen2.5-coder-14b_sol1_gd1_rs0_bd1_str-strict_t00_n1,388,1,1,Qwen/Qwen2.5-Coder-14B-Instruct,1,0,1,1,strict,0.0,0.0,0.0
2026-09-16 06:03:31,L-M07_m-qwen2.5-coder-14b_sol1_gd1_rs0_bd1_str-strict_t00_n1,388,2,1,Qwen/Qwen2.5-Coder-14B-Instruct,1,0,1,1,strict,0.0,0.0,0.0
2026-09-16 06:03:43,L-M07_m-qwen2.5-coder-14b_sol1_gd1_rs0_bd1_str-strict_t00_n1,388,3,1,Qwen/Qwen2.5-Coder-14B-Instruct,1,0,1,1,strict,0.0,0.0,0.0
2026-09-16 06:03:54,L-M07_m-qwen2.5-coder-14b_sol1_gd1_rs0_bd1_str-strict_t00_n1,389,1,1,Qwen/Qwen2.5-Coder-14B-Instruct,1,0,1,1,strict,0.0,12.0,4.0
2026-09-16 06:04:03,L-M07_m-qwen2.5-coder-14b_sol1_gd1_rs0_bd1_str-strict_t00_n1,389,2,1,Qwen/Qwen2.5-Coder-14B-Instruct,1,0,1,1,strict,0.0,0.0,0.0
2026-09-16 06:04:18,L-M07_m-qwen2.5-coder-14b_sol1_gd1_rs0_bd1_str-strict_t00_n1,389,3,1,Qwen/Qwen2.5-Coder-14B-Instruct,1,0,1,1,strict,0.0,0.0,0.0
2026-09-16 06:04:23,L-M07_m-qwen2.5-coder-14b_sol1_gd1_rs0_bd1_str-strict_t00_n1,389,4,1,Qwen/Qwen2.5-Coder-14B-Instruct,1,0,1,1,strict,0.0,0.0,0.0
2026-09-16 06:04:34,L-M07_m-qwen2.5-coder-14b_sol1_gd1_rs0_bd1_str-strict_t00_n1,390,1,1,Qwen/Qwen2.5-Coder-14B-Instruct,1,0,1,1,strict,0.0,0.0,0.0
2026-09-16 06:04:43,L-M07_m-qwen2.5-coder-14b_sol1_gd1_rs0_bd1_str-strict_t00_n1,390,2,1,Qwen/Qwen2.5-Coder-14B-Instruct,1,0,1,1,strict,0.0,0.0,0.0
2026-09-16 06:04:56,L-M07_m-qwen2.5-coder-14b_sol1_gd1_rs0_bd1_str-strict_t00_n1,390,3,1,Qwen/Qwen2.5-Coder-14B-Instruct,1,0,1,1,strict,0.0,0.0,0.0
2026-09-16 06:05:01,L-M07_m-qwen2.5-coder-14b_sol1_gd1_rs0_bd1_str-strict_t00_n1,390,4,1,Qwen/Qwen2.5-Coder-14B-Instruct,1,0,1,1,strict,0.0,0.0,0.0
2026-09-16 06:05:12,L-M07_m-qwen2.5-coder-14b_sol1_gd1_rs0_bd1_str-strict_t00_n1,391,1,1,Qwen/Qwen2.5-Coder-14B-Instruct,1,0,1,1,strict,0.0,0.0,0.0
2026-09-16 06:05:21,L-M07_m-qwen2.5-coder-14b_sol1_gd1_rs0_bd1_str-strict_t00_n1,391,2,1,Qwen/Qwen2.5-Coder-14B-Instruct,1,0,1,1,strict,0.0,0.0,0.0
2026-09-16 06:05:37,L-M07_m-qwen2.5-coder-14b_sol1_gd1_rs0_bd1_str-strict_t00_n1,391,3,1,Qwen/Qwen2.5-Coder-14B-Instruct,1,0,1,1,strict,0.0,0.0,0.0
2026-09-16 06:05:43,L-M07_m-qwen2.5-coder-14b_sol1_gd1_rs0_bd1_str-strict_t00_n1,391,4,1,Qwen/Qwen2.5-Coder-14B-Instruct,1,0,1,1,strict,0.0,0.0,0.0
2026-09-16 06:05:54,L-M07_m-qwen2.5-coder-14b_sol1_gd1_rs0_bd1_str-strict_t00_n1,392,1,1,Qwen/Qwen2.5-Coder-14B-Instruct,1,0,1,1,strict,0.0,0.0,0.0
2026-09-16 06:06:03,L-M07_m-qwen2.5-coder-14b_sol1_gd1_rs0_bd1_str-strict_t00_n1,392,2,1,Qwen/Qwen2.5-Coder-14B-Instruct,1,0,1,1,strict,0.0,0.0,0.0
2026-09-16 06:06:14,L-M07_m-qwen2.5-coder-14b_sol1_gd1_rs0_bd1_str-strict_t00_n1,392,3,1,Qwen/Qwen2.5-Coder-14B-Instruct,1,0,1,1,strict,0.0,0.0,0.0
2026-09-16 06:06:24,L-M07_m-qwen2.5-coder-14b_sol1_gd1_rs0_bd1_str-strict_t00_n1,393,1,1,Qwen/Qwen2.5-Coder-14B-Instruct,1,0,1,1,strict,0.0,0.0,0.0
2026-09-16 06:06:33,L-M07_m-qwen2.5-coder-14b_sol1_gd1_rs0_bd1_str-strict_t00_n1,393,2,1,Qwen/Qwen2.5-Coder-14B-Instruct,1,0,1,1,strict,0.0,0.0,0.0
2026-09-16 06:06:42,L-M07_m-qwen2.5-coder-14b_sol1_gd1_rs0_bd1_str-strict_t00_n1,393,3,1,Qwen/Qwen2.5-Coder-14B-Instruct,1,0,1,1,strict,0.0,0.0,0.0
2026-09-16 06:06:52,L-M07_m-qwen2.5-coder-14b_sol1_gd1_rs0_bd1_str-strict_t00_n1,394,1,1,Qwen/Qwen2.5-Coder-14B-Instruct,1,0,1,1,strict,0.0,0.0,0.0
2026-09-16 06:07:02,L-M07_m-qwen2.5-coder-14b_sol1_gd1_rs0_bd1_str-strict_t00_n1,394,2,1,Qwen/Qwen2.5-Coder-14B-Instruct,1,0,1,1,strict,0.0,0.0,0.0
2026-09-16 06:07:11,L-M07_m-qwen2.5-coder-14b_sol1_gd1_rs0_bd1_str-strict_t00_n1,394,3,1,Qwen/Qwen2.5-Coder-14B-Instruct,1,0,1,1,strict,0.0,0.0,0.0
2026-09-16 06:07:21,L-M07_m-qwen2.5-coder-14b_sol1_gd1_rs0_bd1_str-strict_t00_n1,395,1,1,Qwen/Qwen2.5-Coder-14B-Instruct,1,0,1,1,strict,0.0,0.0,0.0
2026-09-16 06:07:31,L-M07_m-qwen2.5-coder-14b_sol1_gd1_rs0_bd1_str-strict_t00_n1,395,2,1,Qwen/Qwen2.5-Coder-14B-Instruct,1,0,1,1,strict,0.0,0.0,0.0
2026-09-16 06:07:44,L-M07_m-qwen2.5-coder-14b_sol1_gd1_rs0_bd1_str-strict_t00_n1,395,3,1,Qwen/Qwen2.5-Coder-14B-Instruct,1,0,1,1,strict,0.0,0.0,0.0
2026-09-16 06:07:54,L-M07_m-qwen2.5-coder-14b_sol1_gd1_rs0_bd1_str-strict_t00_n1,396,1,1,Qwen/Qwen2.5-Coder-14B-Instruct,1,0,1,1,strict,0.0,0.0,0.0
2026-09-16 06:08:02,L-M07_m-qwen2.5-coder-14b_sol1_gd1_rs0_bd1_str-strict_t00_n1,396,2,1,Qwen/Qwen2.5-Coder-14B-Instruct,1,0,1,1,strict,0.0,0.0,0.0
2026-09-16 06:08:14,L-M07_m-qwen2.5-coder-14b_sol1_gd1_rs0_bd1_str-strict_t00_n1,396,3,1,Qwen/Qwen2.5-Coder-14B-Instruct,1,0,1,1,strict,0.0,0.0,0.0
2026-09-16 06:08:24,L-M07_m-qwen2.5-coder-14b_sol1_gd1_rs0_bd1_str-strict_t00_n1,397,1,1,Qwen/Qwen2.5-Coder-14B-Instruct,1,0,1,1,strict,0.0,0.0,0.0
2026-09-16 06:08:33,L-M07_m-qwen2.5-coder-14b_sol1_gd1_rs0_bd1_str-strict_t00_n1,397,2,1,Qwen/Qwen2.5-Coder-14B-Instruct,1,0,1,1,strict,0.0,0.0,0.0
2026-09-16 06:08:45,L-M07_m-qwen2.5-coder-14b_sol1_gd1_rs0_bd1_str-strict_t00_n1,397,3,1,Qwen/Qwen2.5-Coder-14B-Instruct,1,0,1,1,strict,0.0,0.0,0.0
2026-09-16 06:08:55,L-M07_m-qwen2.5-coder-14b_sol1_gd1_rs0_bd1_str-strict_t00_n1,398,1,1,Qwen/Qwen2.5-Coder-14B-Instruct,1,0,1,1,strict,0.0,0.0,0.0
2026-09-16 06:09:04,L-M07_m-qwen2.5-coder-14b_sol1_gd1_rs0_bd1_str-strict_t00_n1,398,2,1,Qwen/Qwen2.5-Coder-14B-Instruct,1,0,1,1,strict,0.0,0.0,0.0
2026-09-16 06:09:20,L-M07_m-qwen2.5-coder-14b_sol1_gd1_rs0_bd1_str-strict_t00_n1,398,3,1,Qwen/Qwen2.5-Coder-14B-Instruct,1,0,1,1,strict,0.0,0.0,0.0
2026-09-16 06:09:30,L-M07_m-qwen2.5-coder-14b_sol1_gd1_rs0_bd1_str-strict_t00_n1,399,1,1,Qwen/Qwen2.5-Coder-14B-Instruct,1,0,1,1,strict,0.0,0.0,0.0
2026-09-16 06:09:38,L-M07_m-qwen2.5-coder-14b_sol1_gd1_rs0_bd1_str-strict_t00_n1,399,2,1,Qwen/Qwen2.5-Coder-14B-Instruct,1,0,1,1,strict,0.0,0.0,0.0
2026-09-16 06:09:46,L-M07_m-qwen2.5-coder-14b_sol1_gd1_rs0_bd1_str-strict_t00_n1,399,3,1,Qwen/Qwen2.5-Coder-14B-Instruct,1,0,1,1,strict,0.0,0.0,0.0
2026-09-16 06:09:56,L-M07_m-qwen2.5-coder-14b_sol1_gd1_rs0_bd1_str-strict_t00_n1,400,1,1,Qwen/Qwen2.5-Coder-14B-Instruct,1,0,1,1,strict,0.0,0.0,0.0
2026-09-16 06:10:05,L-M07_m-qwen2.5-coder-14b_sol1_gd1_rs0_bd1_str-strict_t00_n1,400,2,1,Qwen/Qwen2.5-Coder-14B-Instruct,1,0,1,1,strict,0.0,0.0,0.0
2026-09-16 06:10:16,L-M07_m-qwen2.5-coder-14b_sol1_gd1_rs0_bd1_str-strict_t00_n1,400,3,1,Qwen/Qwen2.5-Coder-14B-Instruct,1,0,1,1,strict,0.0,0.0,0.0
2026-09-16 06:10:22,L-M07_m-qwen2.5-coder-14b_sol1_gd1_rs0_bd1_str-strict_t00_n1,400,4,1,Qwen/Qwen2.5-Coder-14B-Instruct,1,0,1,1,strict,0.0,0.0,0.0
2026-09-16 06:10:33,L-M07_m-qwen2.5-coder-14b_sol1_gd1_rs0_bd1_str-strict_t00_n1,401,1,1,Qwen/Qwen2.5-Coder-14B-Instruct,1,0,1,1,strict,0.0,12.0,4.0
2026-09-16 06:10:42,L-M07_m-qwen2.5-coder-14b_sol1_gd1_rs0_bd1_str-strict_t00_n1,401,2,1,Qwen/Qwen2.5-Coder-14B-Instruct,1,0,1,1,strict,0.0,0.0,0.0
2026-09-16 06:10:55,L-M07_m-qwen2.5-coder-14b_sol1_gd1_rs0_bd1_str-strict_t00_n1,401,3,1,Qwen/Qwen2.5-Coder-14B-Instruct,1,0,1,1,strict,0.0,0.0,0.0
2026-09-16 06:11:05,L-M07_m-qwen2.5-coder-14b_sol1_gd1_rs0_bd1_str-strict_t00_n1,402,1,1,Qwen/Qwen2.5-Coder-14B-Instruct,1,0,1,1,strict,0.0,0.0,0.0
2026-09-16 06:11:14,L-M07_m-qwen2.5-coder-14b_sol1_gd1_rs0_bd1_str-strict_t00_n1,402,2,1,Qwen/Qwen2.5-Coder-14B-Instruct,1,0,1,1,strict,0.0,6.0,0.0
2026-09-16 06:11:25,L-M07_m-qwen2.5-coder-14b_sol1_gd1_rs0_bd1_str-strict_t00_n1,402,3,1,Qwen/Qwen2.5-Coder-14B-Instruct,1,0,1,1,strict,0.0,0.0,0.0
2026-09-16 06:11:31,L-M07_m-qwen2.5-coder-14b_sol1_gd1_rs0_bd1_str-strict_t00_n1,402,4,1,Qwen/Qwen2.5-Coder-14B-Instruct,1,0,1,1,strict,0.0,0.0,0.0
2026-09-16 06:11:41,L-M07_m-qwen2.5-coder-14b_sol1_gd1_rs0_bd1_str-strict_t00_n1,403,1,1,Qwen/Qwen2.5-Coder-14B-Instruct,1,0,1,1,strict,0.0,0.0,0.0
2026-09-16 06:11:50,L-M07_m-qwen2.5-coder-14b_sol1_gd1_rs0_bd1_str-strict_t00_n1,403,2,1,Qwen/Qwen2.5-Coder-14B-Instruct,1,0,1,1,strict,0.0,0.0,0.0
2026-09-16 06:11:56,L-M07_m-qwen2.5-coder-14b_sol1_gd1_rs0_bd1_str-strict_t00_n1,403,3,1,Qwen/Qwen2.5-Coder-14B-Instruct,1,0,1,1,strict,0.0,0.0,0.0
2026-09-16 06:12:05,L-M07_m-qwen2.5-coder-14b_sol1_gd1_rs0_bd1_str-strict_t00_n1,404,1,1,Qwen/Qwen2.5-Coder-14B-Instruct,1,0,1,1,strict,0.0,0.0,0.0
2026-09-16 06:12:15,L-M07_m-qwen2.5-coder-14b_sol1_gd1_rs0_bd1_str-strict_t00_n1,404,2,1,Qwen/Qwen2.5-Coder-14B-Instruct,1,0,1,1,strict,0.0,11.0,4.0
2026-09-16 06:12:26,L-M07_m-qwen2.5-coder-14b_sol1_gd1_rs0_bd1_str-strict_t00_n1,404,3,1,Qwen/Qwen2.5-Coder-14B-Instruct,1,0,1,1,strict,0.0,0.0,0.0
2026-09-16 06:12:37,L-M07_m-qwen2.5-coder-14b_sol1_gd1_rs0_bd1_str-strict_t00_n1,405,1,1,Qwen/Qwen2.5-Coder-14B-Instruct,1,0,1,1,strict,0.0,0.0,0.0
2026-09-16 06:12:45,L-M07_m-qwen2.5-coder-14b_sol1_gd1_rs0_bd1_str-strict_t00_n1,405,2,1,Qwen/Qwen2.5-Coder-14B-Instruct,1,0,1,1,strict,0.0,6.0,0.0
2026-09-16 06:12:53,L-M07_m-qwen2.5-coder-14b_sol1_gd1_rs0_bd1_str-strict_t00_n1,405,3,1,Qwen/Qwen2.5-Coder-14B-Instruct,1,0,1,1,strict,0.0,0.0,0.0
2026-09-16 06:13:01,L-M07_m-qwen2.5-coder-14b_sol1_gd1_rs0_bd1_str-strict_t00_n1,405,4,1,Qwen/Qwen2.5-Coder-14B-Instruct,1,0,1,1,strict,0.0,0.0,0.0
2026-09-16 06:13:11,L-M07_m-qwen2.5-coder-14b_sol1_gd1_rs0_bd1_str-strict_t00_n1,406,1,1,Qwen/Qwen2.5-Coder-14B-Instruct,1,0,1,1,strict,0.0,0.0,0.0
2026-09-16 06:13:20,L-M07_m-qwen2.5-coder-14b_sol1_gd1_rs0_bd1_str-strict_t00_n1,406,2,1,Qwen/Qwen2.5-Coder-14B-Instruct,1,0,1,1,strict,0.0,0.0,0.0
2026-09-16 06:13:29,L-M07_m-qwen2.5-coder-14b_sol1_gd1_rs0_bd1_str-strict_t00_n1,406,3,1,Qwen/Qwen2.5-Coder-14B-Instruct,1,0,1,1,strict,0.0,0.0,0.0
2026-09-16 06:13:40,L-M07_m-qwen2.5-coder-14b_sol1_gd1_rs0_bd1_str-strict_t00_n1,407,1,1,Qwen/Qwen2.5-Coder-14B-Instruct,1,0,1,1,strict,0.0,0.0,0.0
2026-09-16 06:13:49,L-M07_m-qwen2.5-coder-14b_sol1_gd1_rs0_bd1_str-strict_t00_n1,407,2,1,Qwen/Qwen2.5-Coder-14B-Instruct,1,0,1,1,strict,0.0,0.0,0.0
2026-09-16 06:14:00,L-M07_m-qwen2.5-coder-14b_sol1_gd1_rs0_bd1_str-strict_t00_n1,407,3,1,Qwen/Qwen2.5-Coder-14B-Instruct,1,0,1,1,strict,0.0,0.0,0.0
2026-09-16 06:14:10,L-M07_m-qwen2.5-coder-14b_sol1_gd1_rs0_bd1_str-strict_t00_n1,408,1,1,Qwen/Qwen2.5-Coder-14B-Instruct,1,0,1,1,strict,0.0,0.0,0.0
2026-09-16 06:14:19,L-M07_m-qwen2.5-coder-14b_sol1_gd1_rs0_bd1_str-strict_t00_n1,408,2,1,Qwen/Qwen2.5-Coder-14B-Instruct,1,0,1,1,strict,0.0,0.0,0.0
2026-09-16 06:14:31,L-M07_m-qwen2.5-coder-14b_sol1_gd1_rs0_bd1_str-strict_t00_n1,408,3,1,Qwen/Qwen2.5-Coder-14B-Instruct,1,0,1,1,strict,0.0,0.0,0.0
2026-09-16 06:14:41,L-M07_m-qwen2.5-coder-14b_sol1_gd1_rs0_bd1_str-strict_t00_n1,409,1,1,Qwen/Qwen2.5-Coder-14B-Instruct,1,0,1,1,strict,0.0,0.0,0.0
2026-09-16 06:14:50,L-M07_m-qwen2.5-coder-14b_sol1_gd1_rs0_bd1_str-strict_t00_n1,409,2,1,Qwen/Qwen2.5-Coder-14B-Instruct,1,0,1,1,strict,0.0,0.0,0.0
2026-09-16 06:15:01,L-M07_m-qwen2.5-coder-14b_sol1_gd1_rs0_bd1_str-strict_t00_n1,409,3,1,Qwen/Qwen2.5-Coder-14B-Instruct,1,0,1,1,strict,0.0,0.0,0.0
2026-09-16 06:15:11,L-M07_m-qwen2.5-coder-14b_sol1_gd1_rs0_bd1_str-strict_t00_n1,410,1,1,Qwen/Qwen2.5-Coder-14B-Instruct,1,0,1,1,strict,0.0,0.0,0.0
2026-09-16 06:15:20,L-M07_m-qwen2.5-coder-14b_sol1_gd1_rs0_bd1_str-strict_t00_n1,410,2,1,Qwen/Qwen2.5-Coder-14B-Instruct,1,0,1,1,strict,0.0,0.0,0.0
2026-09-16 06:15:31,L-M07_m-qwen2.5-coder-14b_sol1_gd1_rs0_bd1_str-strict_t00_n1,410,3,1,Qwen/Qwen2.5-Coder-14B-Instruct,1,0,1,1,strict,0.0,0.0,0.0
2026-09-16 06:15:41,L-M07_m-qwen2.5-coder-14b_sol1_gd1_rs0_bd1_str-strict_t00_n1,411,1,1,Qwen/Qwen2.5-Coder-14B-Instruct,1,0,1,1,strict,0.0,0.0,0.0
2026-09-16 06:15:51,L-M07_m-qwen2.5-coder-14b_sol1_gd1_rs0_bd1_str-strict_t00_n1,411,2,1,Qwen/Qwen2.5-Coder-14B-Instruct,1,0,1,1,strict,0.0,0.0,0.0
2026-09-16 06:16:03,L-M07_m-qwen2.5-coder-14b_sol1_gd1_rs0_bd1_str-strict_t00_n1,411,3,1,Qwen/Qwen2.5-Coder-14B-Instruct,1,0,1,1,strict,0.0,0.0,0.0
2026-09-16 06:16:13,L-M07_m-qwen2.5-coder-14b_sol1_gd1_rs0_bd1_str-strict_t00_n1,412,1,1,Qwen/Qwen2.5-Coder-14B-Instruct,1,0,1,1,strict,0.0,0.0,0.0
2026-09-16 06:16:21,L-M07_m-qwen2.5-coder-14b_sol1_gd1_rs0_bd1_str-strict_t00_n1,412,2,1,Qwen/Qwen2.5-Coder-14B-Instruct,1,0,1,1,strict,0.0,0.0,0.0
2026-09-16 06:16:30,L-M07_m-qwen2.5-coder-14b_sol1_gd1_rs0_bd1_str-strict_t00_n1,412,3,1,Qwen/Qwen2.5-Coder-14B-Instruct,1,0,1,1,strict,0.0,0.0,0.0
2026-09-16 06:16:40,L-M07_m-qwen2.5-coder-14b_sol1_gd1_rs0_bd1_str-strict_t00_n1,413,1,1,Qwen/Qwen2.5-Coder-14B-Instruct,1,0,1,1,strict,0.0,0.0,0.0
2026-09-16 06:16:49,L-M07_m-qwen2.5-coder-14b_sol1_gd1_rs0_bd1_str-strict_t00_n1,413,2,1,Qwen/Qwen2.5-Coder-14B-Instruct,1,0,1,1,strict,0.0,0.0,0.0
2026-09-16 06:16:59,L-M07_m-qwen2.5-coder-14b_sol1_gd1_rs0_bd1_str-strict_t00_n1,413,3,1,Qwen/Qwen2.5-Coder-14B-Instruct,1,0,1,1,strict,0.0,0.0,0.0
2026-09-16 06:17:10,L-M07_m-qwen2.5-coder-14b_sol1_gd1_rs0_bd1_str-strict_t00_n1,414,1,1,Qwen/Qwen2.5-Coder-14B-Instruct,1,0,1,1,strict,0.0,0.0,0.0
2026-09-16 06:17:19,L-M07_m-qwen2.5-coder-14b_sol1_gd1_rs0_bd1_str-strict_t00_n1,414,2,1,Qwen/Qwen2.5-Coder-14B-Instruct,1,0,1,1,strict,0.0,0.0,0.0
2026-09-16 06:17:27,L-M07_m-qwen2.5-coder-14b_sol1_gd1_rs0_bd1_str-strict_t00_n1,414,3,1,Qwen/Qwen2.5-Coder-14B-Instruct,1,0,1,1,strict,0.0,0.0,0.0
2026-09-16 06:17:37,L-M07_m-qwen2.5-coder-14b_sol1_gd1_rs0_bd1_str-strict_t00_n1,415,1,1,Qwen/Qwen2.5-Coder-14B-Instruct,1,0,1,1,strict,0.0,0.0,0.0
2026-09-16 06:17:46,L-M07_m-qwen2.5-coder-14b_sol1_gd1_rs0_bd1_str-strict_t00_n1,415,2,1,Qwen/Qwen2.5-Coder-14B-Instruct,1,0,1,1,strict,0.0,0.0,0.0
2026-09-16 06:17:53,L-M07_m-qwen2.5-coder-14b_sol1_gd1_rs0_bd1_str-strict_t00_n1,415,3,1,Qwen/Qwen2.5-Coder-14B-Instruct,1,0,1,1,strict,0.0,0.0,0.0
2026-09-16 06:17:59,L-M07_m-qwen2.5-coder-14b_sol1_gd1_rs0_bd1_str-strict_t00_n1,415,4,1,Qwen/Qwen2.5-Coder-14B-Instruct,1,0,1,1,strict,0.0,0.0,0.0
2026-09-16 06:18:09,L-M07_m-qwen2.5-coder-14b_sol1_gd1_rs0_bd1_str-strict_t00_n1,416,1,1,Qwen/Qwen2.5-Coder-14B-Instruct,1,0,1,1,strict,0.0,10.0,0.0
2026-09-16 06:18:17,L-M07_m-qwen2.5-coder-14b_sol1_gd1_rs0_bd1_str-strict_t00_n1,416,2,1,Qwen/Qwen2.5-Coder-14B-Instruct,1,0,1,1,strict,0.0,0.0,0.0
2026-09-16 06:18:28,L-M07_m-qwen2.5-coder-14b_sol1_gd1_rs0_bd1_str-strict_t00_n1,416,3,1,Qwen/Qwen2.5-Coder-14B-Instruct,1,0,1,1,strict,0.0,0.0,0.0
2026-09-16 06:18:37,L-M07_m-qwen2.5-coder-14b_sol1_gd1_rs0_bd1_str-strict_t00_n1,417,1,1,Qwen/Qwen2.5-Coder-14B-Instruct,1,0,1,1,strict,0.0,0.0,0.0
2026-09-16 06:18:46,L-M07_m-qwen2.5-coder-14b_sol1_gd1_rs0_bd1_str-strict_t00_n1,417,2,1,Qwen/Qwen2.5-Coder-14B-Instruct,1,0,1,1,strict,0.0,0.0,0.0
2026-09-16 06:18:59,L-M07_m-qwen2.5-coder-14b_sol1_gd1_rs0_bd1_str-strict_t00_n1,417,3,1,Qwen/Qwen2.5-Coder-14B-Instruct,1,0,1,1,strict,0.0,0.0,0.0
2026-09-16 06:19:10,L-M07_m-qwen2.5-coder-14b_sol1_gd1_rs0_bd1_str-strict_t00_n1,418,1,1,Qwen/Qwen2.5-Coder-14B-Instruct,1,0,1,1,strict,0.0,0.0,0.0
2026-09-16 06:19:19,L-M07_m-qwen2.5-coder-14b_sol1_gd1_rs0_bd1_str-strict_t00_n1,418,2,1,Qwen/Qwen2.5-Coder-14B-Instruct,1,0,1,1,strict,0.0,0.0,0.0
2026-09-16 06:19:34,L-M07_m-qwen2.5-coder-14b_sol1_gd1_rs0_bd1_str-strict_t00_n1,418,3,1,Qwen/Qwen2.5-Coder-14B-Instruct,1,0,1,1,strict,0.0,0.0,0.0
2026-09-16 06:19:43,L-M07_m-qwen2.5-coder-14b_sol1_gd1_rs0_bd1_str-strict_t00_n1,419,1,1,Qwen/Qwen2.5-Coder-14B-Instruct,1,0,1,1,strict,0.0,0.0,0.0
2026-09-16 06:19:52,L-M07_m-qwen2.5-coder-14b_sol1_gd1_rs0_bd1_str-strict_t00_n1,419,2,1,Qwen/Qwen2.5-Coder-14B-Instruct,1,0,1,1,strict,0.0,6.0,0.0
2026-09-16 06:19:59,L-M07_m-qwen2.5-coder-14b_sol1_gd1_rs0_bd1_str-strict_t00_n1,419,3,1,Qwen/Qwen2.5-Coder-14B-Instruct,1,0,1,1,strict,0.0,0.0,0.0
2026-09-16 06:20:09,L-M07_m-qwen2.5-coder-14b_sol1_gd1_rs0_bd1_str-strict_t00_n1,420,1,1,Qwen/Qwen2.5-Coder-14B-Instruct,1,0,1,1,strict,0.0,0.0,0.0
2026-09-16 06:20:17,L-M07_m-qwen2.5-coder-14b_sol1_gd1_rs0_bd1_str-strict_t00_n1,420,2,1,Qwen/Qwen2.5-Coder-14B-Instruct,1,0,1,1,strict,0.0,6.0,0.0
2026-09-16 06:20:29,L-M07_m-qwen2.5-coder-14b_sol1_gd1_rs0_bd1_str-strict_t00_n1,420,3,1,Qwen/Qwen2.5-Coder-14B-Instruct,1,0,1,1,strict,0.0,0.0,0.0
2026-09-16 06:20:39,L-M07_m-qwen2.5-coder-14b_sol1_gd1_rs0_bd1_str-strict_t00_n1,421,1,1,Qwen/Qwen2.5-Coder-14B-Instruct,1,0,1,1,strict,0.0,0.0,0.0
2026-09-16 06:20:48,L-M07_m-qwen2.5-coder-14b_sol1_gd1_rs0_bd1_str-strict_t00_n1,421,2,1,Qwen/Qwen2.5-Coder-14B-Instruct,1,0,1,1,strict,0.0,0.0,0.0
2026-09-16 06:21:00,L-M07_m-qwen2.5-coder-14b_sol1_gd1_rs0_bd1_str-strict_t00_n1,421,3,1,Qwen/Qwen2.5-Coder-14B-Instruct,1,0,1,1,strict,0.0,0.0,0.0
2026-09-16 06:21:11,L-M07_m-qwen2.5-coder-14b_sol1_gd1_rs0_bd1_str-strict_t00_n1,422,1,1,Qwen/Qwen2.5-Coder-14B-Instruct,1,0,1,1,strict,0.0,0.0,0.0
2026-09-16 06:21:20,L-M07_m-qwen2.5-coder-14b_sol1_gd1_rs0_bd1_str-strict_t00_n1,422,2,1,Qwen/Qwen2.5-Coder-14B-Instruct,1,0,1,1,strict,0.0,0.0,0.0
2026-09-16 06:21:34,L-M07_m-qwen2.5-coder-14b_sol1_gd1_rs0_bd1_str-strict_t00_n1,422,3,1,Qwen/Qwen2.5-Coder-14B-Instruct,1,0,1,1,strict,0.0,0.0,0.0
2026-09-16 06:21:46,L-M07_m-qwen2.5-coder-14b_sol1_gd1_rs0_bd1_str-strict_t00_n1,423,1,1,Qwen/Qwen2.5-Coder-14B-Instruct,1,0,1,1,strict,0.0,0.0,0.0
2026-09-16 06:21:54,L-M07_m-qwen2.5-coder-14b_sol1_gd1_rs0_bd1_str-strict_t00_n1,423,2,1,Qwen/Qwen2.5-Coder-14B-Instruct,1,0,1,1,strict,0.0,0.0,0.0
2026-09-16 06:22:03,L-M07_m-qwen2.5-coder-14b_sol1_gd1_rs0_bd1_str-strict_t00_n1,423,3,1,Qwen/Qwen2.5-Coder-14B-Instruct,1,0,1,1,strict,0.0,0.0,0.0
2026-09-16 06:22:08,L-M07_m-qwen2.5-coder-14b_sol1_gd1_rs0_bd1_str-strict_t00_n1,423,4,1,Qwen/Qwen2.5-Coder-14B-Instruct,1,0,1,1,strict,0.0,0.0,0.0
2026-09-16 06:22:19,L-M07_m-qwen2.5-coder-14b_sol1_gd1_rs0_bd1_str-strict_t00_n1,424,1,1,Qwen/Qwen2.5-Coder-14B-Instruct,1,0,1,1,strict,0.0,0.0,0.0
2026-09-16 06:22:28,L-M07_m-qwen2.5-coder-14b_sol1_gd1_rs0_bd1_str-strict_t00_n1,424,2,1,Qwen/Qwen2.5-Coder-14B-Instruct,1,0,1,1,strict,0.0,0.0,0.0
2026-09-16 06:22:38,L-M07_m-qwen2.5-coder-14b_sol1_gd1_rs0_bd1_str-strict_t00_n1,424,3,1,Qwen/Qwen2.5-Coder-14B-Instruct,1,0,1,1,strict,0.0,0.0,0.0
2026-09-16 06:22:45,L-M07_m-qwen2.5-coder-14b_sol1_gd1_rs0_bd1_str-strict_t00_n1,424,4,1,Qwen/Qwen2.5-Coder-14B-Instruct,1,0,1,1,strict,0.0,0.0,0.0
2026-09-16 06:22:54,L-M07_m-qwen2.5-coder-14b_sol1_gd1_rs0_bd1_str-strict_t00_n1,425,1,1,Qwen/Qwen2.5-Coder-14B-Instruct,1,0,1,1,strict,0.0,0.0,0.0
2026-09-16 06:23:04,L-M07_m-qwen2.5-coder-14b_sol1_gd1_rs0_bd1_str-strict_t00_n1,425,2,1,Qwen/Qwen2.5-Coder-14B-Instruct,1,0,1,1,strict,0.0,0.0,0.0
2026-09-16 06:23:15,L-M07_m-qwen2.5-coder-14b_sol1_gd1_rs0_bd1_str-strict_t00_n1,425,3,1,Qwen/Qwen2.5-Coder-14B-Instruct,1,0,1,1,strict,0.0,0.0,0.0
2026-09-16 06:23:26,L-M07_m-qwen2.5-coder-14b_sol1_gd1_rs0_bd1_str-strict_t00_n1,426,1,1,Qwen/Qwen2.5-Coder-14B-Instruct,1,0,1,1,strict,0.0,0.0,0.0
2026-09-16 06:23:34,L-M07_m-qwen2.5-coder-14b_sol1_gd1_rs0_bd1_str-strict_t00_n1,426,2,1,Qwen/Qwen2.5-Coder-14B-Instruct,1,0,1,1,strict,0.0,0.0,0.0
2026-09-16 06:23:42,L-M07_m-qwen2.5-coder-14b_sol1_gd1_rs0_bd1_str-strict_t00_n1,426,3,1,Qwen/Qwen2.5-Coder-14B-Instruct,1,0,1,1,strict,0.0,0.0,0.0
2026-09-16 06:23:48,L-M07_m-qwen2.5-coder-14b_sol1_gd1_rs0_bd1_str-strict_t00_n1,426,4,1,Qwen/Qwen2.5-Coder-14B-Instruct,1,0,1,1,strict,0.0,0.0,0.0
2026-09-16 06:23:59,L-M07_m-qwen2.5-coder-14b_sol1_gd1_rs0_bd1_str-strict_t00_n1,427,1,1,Qwen/Qwen2.5-Coder-14B-Instruct,1,0,1,1,strict,0.0,12.0,4.0
2026-09-16 06:24:07,L-M07_m-qwen2.5-coder-14b_sol1_gd1_rs0_bd1_str-strict_t00_n1,427,2,1,Qwen/Qwen2.5-Coder-14B-Instruct,1,0,1,1,strict,0.0,0.0,0.0
2026-09-16 06:24:20,L-M07_m-qwen2.5-coder-14b_sol1_gd1_rs0_bd1_str-strict_t00_n1,427,3,1,Qwen/Qwen2.5-Coder-14B-Instruct,1,0,1,1,strict,0.0,0.0,0.0
2026-09-16 06:24:31,L-M07_m-qwen2.5-coder-14b_sol1_gd1_rs0_bd1_str-strict_t00_n1,428,1,1,Qwen/Qwen2.5-Coder-14B-Instruct,1,0,1,1,strict,0.0,0.0,0.0
2026-09-16 06:24:40,L-M07_m-qwen2.5-coder-14b_sol1_gd1_rs0_bd1_str-strict_t00_n1,428,2,1,Qwen/Qwen2.5-Coder-14B-Instruct,1,0,1,1,strict,0.0,0.0,0.0
2026-09-16 06:24:48,L-M07_m-qwen2.5-coder-14b_sol1_gd1_rs0_bd1_str-strict_t00_n1,428,3,1,Qwen/Qwen2.5-Coder-14B-Instruct,1,0,1,1,strict,0.0,0.0,0.0
2026-09-16 06:24:59,L-M07_m-qwen2.5-coder-14b_sol1_gd1_rs0_bd1_str-strict_t00_n1,429,1,1,Qwen/Qwen2.5-Coder-14B-Instruct,1,0,1,1,strict,0.0,0.0,0.0
2026-09-16 06:25:08,L-M07_m-qwen2.5-coder-14b_sol1_gd1_rs0_bd1_str-strict_t00_n1,429,2,1,Qwen/Qwen2.5-Coder-14B-Instruct,1,0,1,1,strict,0.0,0.0,0.0
2026-09-16 06:25:23,L-M07_m-qwen2.5-coder-14b_sol1_gd1_rs0_bd1_str-strict_t00_n1,429,3,1,Qwen/Qwen2.5-Coder-14B-Instruct,1,0,1,1,strict,0.0,0.0,0.0
2026-09-16 06:25:33,L-M07_m-qwen2.5-coder-14b_sol1_gd1_rs0_bd1_str-strict_t00_n1,430,1,1,Qwen/Qwen2.5-Coder-14B-Instruct,1,0,1,1,strict,0.0,0.0,0.0
2026-09-16 06:25:42,L-M07_m-qwen2.5-coder-14b_sol1_gd1_rs0_bd1_str-strict_t00_n1,430,2,1,Qwen/Qwen2.5-Coder-14B-Instruct,1,0,1,1,strict,0.0,0.0,0.0
2026-09-16 06:25:53,L-M07_m-qwen2.5-coder-14b_sol1_gd1_rs0_bd1_str-strict_t00_n1,430,3,1,Qwen/Qwen2.5-Coder-14B-Instruct,1,0,1,1,strict,0.0,0.0,0.0
2026-09-16 06:26:04,L-M07_m-qwen2.5-coder-14b_sol1_gd1_rs0_bd1_str-strict_t00_n1,431,1,1,Qwen/Qwen2.5-Coder-14B-Instruct,1,0,1,1,strict,0.0,0.0,0.0
2026-09-16 06:26:14,L-M07_m-qwen2.5-coder-14b_sol1_gd1_rs0_bd1_str-strict_t00_n1,431,2,1,Qwen/Qwen2.5-Coder-14B-Instruct,1,0,1,1,strict,0.0,0.0,0.0
2026-09-16 06:26:29,L-M07_m-qwen2.5-coder-14b_sol1_gd1_rs0_bd1_str-strict_t00_n1,431,3,1,Qwen/Qwen2.5-Coder-14B-Instruct,1,0,1,1,strict,0.0,0.0,0.0
2026-09-16 06:26:40,L-M07_m-qwen2.5-coder-14b_sol1_gd1_rs0_bd1_str-strict_t00_n1,432,1,1,Qwen/Qwen2.5-Coder-14B-Instruct,1,0,1,1,strict,0.0,0.0,0.0
2026-09-16 06:26:48,L-M07_m-qwen2.5-coder-14b_sol1_gd1_rs0_bd1_str-strict_t00_n1,432,2,1,Qwen/Qwen2.5-Coder-14B-Instruct,1,0,1,1,strict,0.0,0.0,0.0
2026-09-16 06:27:01,L-M07_m-qwen2.5-coder-14b_sol1_gd1_rs0_bd1_str-strict_t00_n1,432,3,1,Qwen/Qwen2.5-Coder-14B-Instruct,1,0,1,1,strict,0.0,0.0,0.0
2026-09-16 06:27:12,L-M07_m-qwen2.5-coder-14b_sol1_gd1_rs0_bd1_str-strict_t00_n1,433,1,1,Qwen/Qwen2.5-Coder-14B-Instruct,1,0,1,1,strict,0.0,0.0,0.0
2026-09-16 06:27:20,L-M07_m-qwen2.5-coder-14b_sol1_gd1_rs0_bd1_str-strict_t00_n1,433,2,1,Qwen/Qwen2.5-Coder-14B-Instruct,1,0,1,1,strict,0.0,0.0,0.0
2026-09-16 06:27:35,L-M07_m-qwen2.5-coder-14b_sol1_gd1_rs0_bd1_str-strict_t00_n1,433,3,1,Qwen/Qwen2.5-Coder-14B-Instruct,1,0,1,1,strict,0.0,0.0,0.0
2026-09-16 06:27:52,L-M07_m-qwen2.5-coder-14b_sol1_gd1_rs0_bd1_str-strict_t00_n1,434,1,1,Qwen/Qwen2.5-Coder-14B-Instruct,1,0,1,1,strict,0.0,0.0,0.0
2026-09-16 06:28:00,L-M07_m-qwen2.5-coder-14b_sol1_gd1_rs0_bd1_str-strict_t00_n1,434,2,1,Qwen/Qwen2.5-Coder-14B-Instruct,1,0,1,1,strict,0.0,0.0,0.0
2026-09-16 06:28:07,L-M07_m-qwen2.5-coder-14b_sol1_gd1_rs0_bd1_str-strict_t00_n1,434,3,1,Qwen/Qwen2.5-Coder-14B-Instruct,1,0,1,1,strict,0.0,0.0,0.0
2026-09-16 06:28:16,L-M07_m-qwen2.5-coder-14b_sol1_gd1_rs0_bd1_str-strict_t00_n1,435,1,1,Qwen/Qwen2.5-Coder-14B-Instruct,1,0,1,1,strict,0.0,0.0,0.0
2026-09-16 06:28:25,L-M07_m-qwen2.5-coder-14b_sol1_gd1_rs0_bd1_str-strict_t00_n1,435,2,1,Qwen/Qwen2.5-Coder-14B-Instruct,1,0,1,1,strict,0.0,0.0,0.0
2026-09-16 06:28:40,L-M07_m-qwen2.5-coder-14b_sol1_gd1_rs0_bd1_str-strict_t00_n1,435,3,1,Qwen/Qwen2.5-Coder-14B-Instruct,1,0,1,1,strict,0.0,0.0,0.0
2026-09-16 06:28:45,L-M07_m-qwen2.5-coder-14b_sol1_gd1_rs0_bd1_str-strict_t00_n1,435,4,1,Qwen/Qwen2.5-Coder-14B-Instruct,1,0,1,1,strict,0.0,0.0,0.0
2026-09-16 06:28:56,L-M07_m-qwen2.5-coder-14b_sol1_gd1_rs0_bd1_str-strict_t00_n1,436,1,1,Qwen/Qwen2.5-Coder-14B-Instruct,1,0,1,1,strict,0.0,0.0,0.0
2026-09-16 06:29:05,L-M07_m-qwen2.5-coder-14b_sol1_gd1_rs0_bd1_str-strict_t00_n1,436,2,1,Qwen/Qwen2.5-Coder-14B-Instruct,1,0,1,1,strict,0.0,0.0,0.0
2026-09-16 06:29:17,L-M07_m-qwen2.5-coder-14b_sol1_gd1_rs0_bd1_str-strict_t00_n1,436,3,1,Qwen/Qwen2.5-Coder-14B-Instruct,1,0,1,1,strict,0.0,0.0,0.0
2026-09-16 06:29:27,L-M07_m-qwen2.5-coder-14b_sol1_gd1_rs0_bd1_str-strict_t00_n1,437,1,1,Qwen/Qwen2.5-Coder-14B-Instruct,1,0,1,1,strict,0.0,0.0,0.0
2026-09-16 06:29:36,L-M07_m-qwen2.5-coder-14b_sol1_gd1_rs0_bd1_str-strict_t00_n1,437,2,1,Qwen/Qwen2.5-Coder-14B-Instruct,1,0,1,1,strict,0.0,0.0,0.0
2026-09-16 06:29:49,L-M07_m-qwen2.5-coder-14b_sol1_gd1_rs0_bd1_str-strict_t00_n1,437,3,1,Qwen/Qwen2.5-Coder-14B-Instruct,1,0,1,1,strict,0.0,0.0,0.0
2026-09-16 06:29:59,L-M07_m-qwen2.5-coder-14b_sol1_gd1_rs0_bd1_str-strict_t00_n1,438,1,1,Qwen/Qwen2.5-Coder-14B-Instruct,1,0,1,1,strict,0.0,0.0,0.0
2026-09-16 06:30:08,L-M07_m-qwen2.5-coder-14b_sol1_gd1_rs0_bd1_str-strict_t00_n1,438,2,1,Qwen/Qwen2.5-Coder-14B-Instruct,1,0,1,1,strict,0.0,0.0,0.0
2026-09-16 06:30:16,L-M07_m-qwen2.5-coder-14b_sol1_gd1_rs0_bd1_str-strict_t00_n1,438,3,1,Qwen/Qwen2.5-Coder-14B-Instruct,1,0,1,1,strict,0.0,0.0,0.0
2026-09-16 06:30:27,L-M07_m-qwen2.5-coder-14b_sol1_gd1_rs0_bd1_str-strict_t00_n1,439,1,1,Qwen/Qwen2.5-Coder-14B-Instruct,1,0,1,1,strict,0.0,0.0,0.0
2026-09-16 06:30:36,L-M07_m-qwen2.5-coder-14b_sol1_gd1_rs0_bd1_str-strict_t00_n1,439,2,1,Qwen/Qwen2.5-Coder-14B-Instruct,1,0,1,1,strict,0.0,0.0,0.0
2026-09-16 06:30:42,L-M07_m-qwen2.5-coder-14b_sol1_gd1_rs0_bd1_str-strict_t00_n1,439,3,1,Qwen/Qwen2.5-Coder-14B-Instruct,1,0,1,1,strict,0.0,0.0,0.0
2026-09-16 06:30:53,L-M07_m-qwen2.5-coder-14b_sol1_gd1_rs0_bd1_str-strict_t00_n1,440,1,1,Qwen/Qwen2.5-Coder-14B-Instruct,1,0,1,1,strict,0.0,0.0,0.0
2026-09-16 06:31:02,L-M07_m-qwen2.5-coder-14b_sol1_gd1_rs0_bd1_str-strict_t00_n1,440,2,1,Qwen/Qwen2.5-Coder-14B-Instruct,1,0,1,1,strict,0.0,0.0,0.0
2026-09-16 06:31:13,L-M07_m-qwen2.5-coder-14b_sol1_gd1_rs0_bd1_str-strict_t00_n1,440,3,1,Qwen/Qwen2.5-Coder-14B-Instruct,1,0,1,1,strict,0.0,0.0,0.0
2026-09-16 06:31:23,L-M07_m-qwen2.5-coder-14b_sol1_gd1_rs0_bd1_str-strict_t00_n1,441,1,1,Qwen/Qwen2.5-Coder-14B-Instruct,1,0,1,1,strict,0.0,0.0,0.0
2026-09-16 06:31:32,L-M07_m-qwen2.5-coder-14b_sol1_gd1_rs0_bd1_str-strict_t00_n1,441,2,1,Qwen/Qwen2.5-Coder-14B-Instruct,1,0,1,1,strict,0.0,0.0,0.0
2026-09-16 06:31:47,L-M07_m-qwen2.5-coder-14b_sol1_gd1_rs0_bd1_str-strict_t00_n1,441,3,1,Qwen/Qwen2.5-Coder-14B-Instruct,1,0,1,1,strict,0.0,0.0,0.0
2026-09-16 06:31:52,L-M07_m-qwen2.5-coder-14b_sol1_gd1_rs0_bd1_str-strict_t00_n1,441,4,1,Qwen/Qwen2.5-Coder-14B-Instruct,1,0,1,1,strict,0.0,0.0,0.0
2026-09-16 06:32:02,L-M07_m-qwen2.5-coder-14b_sol1_gd1_rs0_bd1_str-strict_t00_n1,442,1,1,Qwen/Qwen2.5-Coder-14B-Instruct,1,0,1,1,strict,0.0,0.0,0.0
2026-09-16 06:32:11,L-M07_m-qwen2.5-coder-14b_sol1_gd1_rs0_bd1_str-strict_t00_n1,442,2,1,Qwen/Qwen2.5-Coder-14B-Instruct,1,0,1,1,strict,0.0,0.0,0.0
2026-09-16 06:32:24,L-M07_m-qwen2.5-coder-14b_sol1_gd1_rs0_bd1_str-strict_t00_n1,442,3,1,Qwen/Qwen2.5-Coder-14B-Instruct,1,0,1,1,strict,0.0,0.0,0.0
2026-09-16 06:32:34,L-M07_m-qwen2.5-coder-14b_sol1_gd1_rs0_bd1_str-strict_t00_n1,443,1,1,Qwen/Qwen2.5-Coder-14B-Instruct,1,0,1,1,strict,0.0,0.0,0.0
2026-09-16 06:32:42,L-M07_m-qwen2.5-coder-14b_sol1_gd1_rs0_bd1_str-strict_t00_n1,443,2,1,Qwen/Qwen2.5-Coder-14B-Instruct,1,0,1,1,strict,0.0,0.0,0.0
2026-09-16 06:32:52,L-M07_m-qwen2.5-coder-14b_sol1_gd1_rs0_bd1_str-strict_t00_n1,443,3,1,Qwen/Qwen2.5-Coder-14B-Instruct,1,0,1,1,strict,0.0,0.0,0.0
2026-09-16 06:33:02,L-M07_m-qwen2.5-coder-14b_sol1_gd1_rs0_bd1_str-strict_t00_n1,444,1,1,Qwen/Qwen2.5-Coder-14B-Instruct,1,0,1,1,strict,0.0,0.0,0.0
2026-09-16 06:33:11,L-M07_m-qwen2.5-coder-14b_sol1_gd1_rs0_bd1_str-strict_t00_n1,444,2,1,Qwen/Qwen2.5-Coder-14B-Instruct,1,0,1,1,strict,0.0,0.0,0.0
2026-09-16 06:33:31,L-M07_m-qwen2.5-coder-14b_sol1_gd1_rs0_bd1_str-strict_t00_n1,444,3,1,Qwen/Qwen2.5-Coder-14B-Instruct,1,0,1,1,strict,0.0,0.0,0.0
2026-09-16 06:33:41,L-M07_m-qwen2.5-coder-14b_sol1_gd1_rs0_bd1_str-strict_t00_n1,445,1,1,Qwen/Qwen2.5-Coder-14B-Instruct,1,0,1,1,strict,0.0,0.0,0.0
2026-09-16 06:33:50,L-M07_m-qwen2.5-coder-14b_sol1_gd1_rs0_bd1_str-strict_t00_n1,445,2,1,Qwen/Qwen2.5-Coder-14B-Instruct,1,0,1,1,strict,0.0,0.0,0.0
2026-09-16 06:33:55,L-M07_m-qwen2.5-coder-14b_sol1_gd1_rs0_bd1_str-strict_t00_n1,445,3,1,Qwen/Qwen2.5-Coder-14B-Instruct,1,0,1,1,strict,0.0,0.0,0.0
2026-09-16 06:34:05,L-M07_m-qwen2.5-coder-14b_sol1_gd1_rs0_bd1_str-strict_t00_n1,446,1,1,Qwen/Qwen2.5-Coder-14B-Instruct,1,0,1,1,strict,0.0,0.0,0.0
2026-09-16 06:34:14,L-M07_m-qwen2.5-coder-14b_sol1_gd1_rs0_bd1_str-strict_t00_n1,446,2,1,Qwen/Qwen2.5-Coder-14B-Instruct,1,0,1,1,strict,0.0,0.0,0.0
2026-09-16 06:34:27,L-M07_m-qwen2.5-coder-14b_sol1_gd1_rs0_bd1_str-strict_t00_n1,446,3,1,Qwen/Qwen2.5-Coder-14B-Instruct,1,0,1,1,strict,0.0,0.0,0.0
2026-09-16 06:34:37,L-M07_m-qwen2.5-coder-14b_sol1_gd1_rs0_bd1_str-strict_t00_n1,447,1,1,Qwen/Qwen2.5-Coder-14B-Instruct,1,0,1,1,strict,0.0,0.0,0.0
2026-09-16 06:34:45,L-M07_m-qwen2.5-coder-14b_sol1_gd1_rs0_bd1_str-strict_t00_n1,447,2,1,Qwen/Qwen2.5-Coder-14B-Instruct,1,0,1,1,strict,0.0,0.0,0.0
2026-09-16 06:34:58,L-M07_m-qwen2.5-coder-14b_sol1_gd1_rs0_bd1_str-strict_t00_n1,447,3,1,Qwen/Qwen2.5-Coder-14B-Instruct,1,0,1,1,strict,0.0,0.0,0.0
2026-09-16 06:35:08,L-M07_m-qwen2.5-coder-14b_sol1_gd1_rs0_bd1_str-strict_t00_n1,448,1,1,Qwen/Qwen2.5-Coder-14B-Instruct,1,0,1,1,strict,0.0,12.0,0.0
2026-09-16 06:35:17,L-M07_m-qwen2.5-coder-14b_sol1_gd1_rs0_bd1_str-strict_t00_n1,448,2,1,Qwen/Qwen2.5-Coder-14B-Instruct,1,0,1,1,strict,0.0,0.0,0.0
2026-09-16 06:35:25,L-M07_m-qwen2.5-coder-14b_sol1_gd1_rs0_bd1_str-strict_t00_n1,448,3,1,Qwen/Qwen2.5-Coder-14B-Instruct,1,0,1,1,strict,0.0,0.0,0.0
2026-09-16 06:35:35,L-M07_m-qwen2.5-coder-14b_sol1_gd1_rs0_bd1_str-strict_t00_n1,449,1,1,Qwen/Qwen2.5-Coder-14B-Instruct,1,0,1,1,strict,0.0,0.0,0.0
2026-09-16 06:35:44,L-M07_m-qwen2.5-coder-14b_sol1_gd1_rs0_bd1_str-strict_t00_n1,449,2,1,Qwen/Qwen2.5-Coder-14B-Instruct,1,0,1,1,strict,0.0,0.0,0.0
2026-09-16 06:35:58,L-M07_m-qwen2.5-coder-14b_sol1_gd1_rs0_bd1_str-strict_t00_n1,450,1,1,Qwen/Qwen2.5-Coder-14B-Instruct,1,0,1,1,strict,0.0,0.0,0.0
2026-09-16 06:36:06,L-M07_m-qwen2.5-coder-14b_sol1_gd1_rs0_bd1_str-strict_t00_n1,450,2,1,Qwen/Qwen2.5-Coder-14B-Instruct,1,0,1,1,strict,0.0,0.0,0.0
2026-09-16 06:36:17,L-M07_m-qwen2.5-coder-14b_sol1_gd1_rs0_bd1_str-strict_t00_n1,451,1,1,Qwen/Qwen2.5-Coder-14B-Instruct,1,0,1,1,strict,0.0,0.0,0.0
2026-09-16 06:36:26,L-M07_m-qwen2.5-coder-14b_sol1_gd1_rs0_bd1_str-strict_t00_n1,451,2,1,Qwen/Qwen2.5-Coder-14B-Instruct,1,0,1,1,strict,0.0,0.0,0.0
2026-09-16 06:36:36,L-M07_m-qwen2.5-coder-14b_sol1_gd1_rs0_bd1_str-strict_t00_n1,451,3,1,Qwen/Qwen2.5-Coder-14B-Instruct,1,0,1,1,strict,0.0,0.0,0.0
2026-09-16 06:36:47,L-M07_m-qwen2.5-coder-14b_sol1_gd1_rs0_bd1_str-strict_t00_n1,452,1,1,Qwen/Qwen2.5-Coder-14B-Instruct,1,0,1,1,strict,0.0,12.0,4.0
2026-09-16 06:36:56,L-M07_m-qwen2.5-coder-14b_sol1_gd1_rs0_bd1_str-strict_t00_n1,452,2,1,Qwen/Qwen2.5-Coder-14B-Instruct,1,0,1,1,strict,0.0,0.0,0.0
2026-09-16 06:37:02,L-M07_m-qwen2.5-coder-14b_sol1_gd1_rs0_bd1_str-strict_t00_n1,452,3,1,Qwen/Qwen2.5-Coder-14B-Instruct,1,0,1,1,strict,0.0,0.0,0.0
2026-09-16 06:37:07,L-M07_m-qwen2.5-coder-14b_sol1_gd1_rs0_bd1_str-strict_t00_n1,452,4,1,Qwen/Qwen2.5-Coder-14B-Instruct,1,0,1,1,strict,0.0,0.0,0.0
2026-09-16 06:37:17,L-M07_m-qwen2.5-coder-14b_sol1_gd1_rs0_bd1_str-strict_t00_n1,453,1,1,Qwen/Qwen2.5-Coder-14B-Instruct,1,0,1,1,strict,0.0,0.0,0.0
2026-09-16 06:37:26,L-M07_m-qwen2.5-coder-14b_sol1_gd1_rs0_bd1_str-strict_t00_n1,453,2,1,Qwen/Qwen2.5-Coder-14B-Instruct,1,0,1,1,strict,0.0,0.0,0.0
2026-09-16 06:37:36,L-M07_m-qwen2.5-coder-14b_sol1_gd1_rs0_bd1_str-strict_t00_n1,453,3,1,Qwen/Qwen2.5-Coder-14B-Instruct,1,0,1,1,strict,0.0,0.0,0.0
2026-09-16 06:37:40,L-M07_m-qwen2.5-coder-14b_sol1_gd1_rs0_bd1_str-strict_t00_n1,453,4,1,Qwen/Qwen2.5-Coder-14B-Instruct,1,0,1,1,strict,0.0,0.0,0.0
2026-09-16 06:37:51,L-M07_m-qwen2.5-coder-14b_sol1_gd1_rs0_bd1_str-strict_t00_n1,454,1,1,Qwen/Qwen2.5-Coder-14B-Instruct,1,0,1,1,strict,0.0,0.0,0.0
2026-09-16 06:37:59,L-M07_m-qwen2.5-coder-14b_sol1_gd1_rs0_bd1_str-strict_t00_n1,454,2,1,Qwen/Qwen2.5-Coder-14B-Instruct,1,0,1,1,strict,0.0,0.0,0.0
2026-09-16 06:38:07,L-M07_m-qwen2.5-coder-14b_sol1_gd1_rs0_bd1_str-strict_t00_n1,454,3,1,Qwen/Qwen2.5-Coder-14B-Instruct,1,0,1,1,strict,0.0,0.0,0.0
2026-09-16 06:38:17,L-M07_m-qwen2.5-coder-14b_sol1_gd1_rs0_bd1_str-strict_t00_n1,455,1,1,Qwen/Qwen2.5-Coder-14B-Instruct,1,0,1,1,strict,0.0,0.0,0.0
2026-09-16 06:38:26,L-M07_m-qwen2.5-coder-14b_sol1_gd1_rs0_bd1_str-strict_t00_n1,455,2,1,Qwen/Qwen2.5-Coder-14B-Instruct,1,0,1,1,strict,0.0,0.0,0.0
2026-09-16 06:38:36,L-M07_m-qwen2.5-coder-14b_sol1_gd1_rs0_bd1_str-strict_t00_n1,455,3,1,Qwen/Qwen2.5-Coder-14B-Instruct,1,0,1,1,strict,0.0,0.0,0.0
2026-09-16 06:38:46,L-M07_m-qwen2.5-coder-14b_sol1_gd1_rs0_bd1_str-strict_t00_n1,456,1,1,Qwen/Qwen2.5-Coder-14B-Instruct,1,0,1,1,strict,0.0,10.0,0.0
2026-09-16 06:38:55,L-M07_m-qwen2.5-coder-14b_sol1_gd1_rs0_bd1_str-strict_t00_n1,456,2,1,Qwen/Qwen2.5-Coder-14B-Instruct,1,0,1,1,strict,0.0,0.0,0.0
2026-09-16 06:39:04,L-M07_m-qwen2.5-coder-14b_sol1_gd1_rs0_bd1_str-strict_t00_n1,456,3,1,Qwen/Qwen2.5-Coder-14B-Instruct,1,0,1,1,strict,0.0,0.0,0.0
2026-09-16 06:39:14,L-M07_m-qwen2.5-coder-14b_sol1_gd1_rs0_bd1_str-strict_t00_n1,457,1,1,Qwen/Qwen2.5-Coder-14B-Instruct,1,0,1,1,strict,0.0,0.0,0.0
2026-09-16 06:39:22,L-M07_m-qwen2.5-coder-14b_sol1_gd1_rs0_bd1_str-strict_t00_n1,457,2,1,Qwen/Qwen2.5-Coder-14B-Instruct,1,0,1,1,strict,0.0,0.0,0.0
2026-09-16 06:39:35,L-M07_m-qwen2.5-coder-14b_sol1_gd1_rs0_bd1_str-strict_t00_n1,457,3,1,Qwen/Qwen2.5-Coder-14B-Instruct,1,0,1,1,strict,0.0,0.0,0.0
2026-09-16 06:39:45,L-M07_m-qwen2.5-coder-14b_sol1_gd1_rs0_bd1_str-strict_t00_n1,458,1,1,Qwen/Qwen2.5-Coder-14B-Instruct,1,0,1,1,strict,0.0,0.0,0.0
2026-09-16 06:39:54,L-M07_m-qwen2.5-coder-14b_sol1_gd1_rs0_bd1_str-strict_t00_n1,458,2,1,Qwen/Qwen2.5-Coder-14B-Instruct,1,0,1,1,strict,0.0,0.0,0.0
2026-09-16 06:40:07,L-M07_m-qwen2.5-coder-14b_sol1_gd1_rs0_bd1_str-strict_t00_n1,458,3,1,Qwen/Qwen2.5-Coder-14B-Instruct,1,0,1,1,strict,0.0,0.0,0.0
2026-09-16 06:40:17,L-M07_m-qwen2.5-coder-14b_sol1_gd1_rs0_bd1_str-strict_t00_n1,459,1,1,Qwen/Qwen2.5-Coder-14B-Instruct,1,0,1,1,strict,0.0,12.0,4.0
2026-09-16 06:40:27,L-M07_m-qwen2.5-coder-14b_sol1_gd1_rs0_bd1_str-strict_t00_n1,459,2,1,Qwen/Qwen2.5-Coder-14B-Instruct,1,0,1,1,strict,0.0,11.0,4.0
2026-09-16 06:40:39,L-M07_m-qwen2.5-coder-14b_sol1_gd1_rs0_bd1_str-strict_t00_n1,459,3,1,Qwen/Qwen2.5-Coder-14B-Instruct,1,0,1,1,strict,0.0,0.0,0.0
2026-09-16 06:40:45,L-M07_m-qwen2.5-coder-14b_sol1_gd1_rs0_bd1_str-strict_t00_n1,459,4,1,Qwen/Qwen2.5-Coder-14B-Instruct,1,0,1,1,strict,0.0,0.0,0.0
2026-09-16 06:40:55,L-M07_m-qwen2.5-coder-14b_sol1_gd1_rs0_bd1_str-strict_t00_n1,460,1,1,Qwen/Qwen2.5-Coder-14B-Instruct,1,0,1,1,strict,0.0,0.0,0.0
2026-09-16 06:41:05,L-M07_m-qwen2.5-coder-14b_sol1_gd1_rs0_bd1_str-strict_t00_n1,460,2,1,Qwen/Qwen2.5-Coder-14B-Instruct,1,0,1,1,strict,0.0,11.0,4.0
2026-09-16 06:41:15,L-M07_m-qwen2.5-coder-14b_sol1_gd1_rs0_bd1_str-strict_t00_n1,460,3,1,Qwen/Qwen2.5-Coder-14B-Instruct,1,0,1,1,strict,0.0,0.0,0.0
2026-09-16 06:41:20,L-M07_m-qwen2.5-coder-14b_sol1_gd1_rs0_bd1_str-strict_t00_n1,460,4,1,Qwen/Qwen2.5-Coder-14B-Instruct,1,0,1,1,strict,0.0,0.0,0.0
2026-09-16 06:41:30,L-M07_m-qwen2.5-coder-14b_sol1_gd1_rs0_bd1_str-strict_t00_n1,461,1,1,Qwen/Qwen2.5-Coder-14B-Instruct,1,0,1,1,strict,0.0,0.0,0.0
2026-09-16 06:41:39,L-M07_m-qwen2.5-coder-14b_sol1_gd1_rs0_bd1_str-strict_t00_n1,461,2,1,Qwen/Qwen2.5-Coder-14B-Instruct,1,0,1,1,strict,0.0,0.0,0.0
2026-09-16 06:41:52,L-M07_m-qwen2.5-coder-14b_sol1_gd1_rs0_bd1_str-strict_t00_n1,461,3,1,Qwen/Qwen2.5-Coder-14B-Instruct,1,0,1,1,strict,0.0,0.0,0.0
2026-09-16 06:41:58,L-M07_m-qwen2.5-coder-14b_sol1_gd1_rs0_bd1_str-strict_t00_n1,461,4,1,Qwen/Qwen2.5-Coder-14B-Instruct,1,0,1,1,strict,0.0,0.0,0.0
2026-09-16 06:42:08,L-M07_m-qwen2.5-coder-14b_sol1_gd1_rs0_bd1_str-strict_t00_n1,462,1,1,Qwen/Qwen2.5-Coder-14B-Instruct,1,0,1,1,strict,0.0,0.0,0.0
2026-09-16 06:42:18,L-M07_m-qwen2.5-coder-14b_sol1_gd1_rs0_bd1_str-strict_t00_n1,462,2,1,Qwen/Qwen2.5-Coder-14B-Instruct,1,0,1,1,strict,0.0,0.0,0.0
2026-09-16 06:42:26,L-M07_m-qwen2.5-coder-14b_sol1_gd1_rs0_bd1_str-strict_t00_n1,462,3,1,Qwen/Qwen2.5-Coder-14B-Instruct,1,0,1,1,strict,0.0,0.0,0.0
2026-09-16 06:42:36,L-M07_m-qwen2.5-coder-14b_sol1_gd1_rs0_bd1_str-strict_t00_n1,463,1,1,Qwen/Qwen2.5-Coder-14B-Instruct,1,0,1,1,strict,0.0,0.0,0.0
2026-09-16 06:42:45,L-M07_m-qwen2.5-coder-14b_sol1_gd1_rs0_bd1_str-strict_t00_n1,463,2,1,Qwen/Qwen2.5-Coder-14B-Instruct,1,0,1,1,strict,0.0,0.0,0.0
2026-09-16 06:42:57,L-M07_m-qwen2.5-coder-14b_sol1_gd1_rs0_bd1_str-strict_t00_n1,463,3,1,Qwen/Qwen2.5-Coder-14B-Instruct,1,0,1,1,strict,0.0,0.0,0.0
2026-09-16 06:43:03,L-M07_m-qwen2.5-coder-14b_sol1_gd1_rs0_bd1_str-strict_t00_n1,463,4,1,Qwen/Qwen2.5-Coder-14B-Instruct,1,0,1,1,strict,0.0,0.0,0.0
2026-09-16 06:43:13,L-M07_m-qwen2.5-coder-14b_sol1_gd1_rs0_bd1_str-strict_t00_n1,464,1,1,Qwen/Qwen2.5-Coder-14B-Instruct,1,0,1,1,strict,0.0,0.0,0.0
2026-09-16 06:43:23,L-M07_m-qwen2.5-coder-14b_sol1_gd1_rs0_bd1_str-strict_t00_n1,464,2,1,Qwen/Qwen2.5-Coder-14B-Instruct,1,0,1,1,strict,0.0,0.0,0.0
2026-09-16 06:43:35,L-M07_m-qwen2.5-coder-14b_sol1_gd1_rs0_bd1_str-strict_t00_n1,464,3,1,Qwen/Qwen2.5-Coder-14B-Instruct,1,0,1,1,strict,0.0,0.0,0.0
2026-09-16 06:43:45,L-M07_m-qwen2.5-coder-14b_sol1_gd1_rs0_bd1_str-strict_t00_n1,465,1,1,Qwen/Qwen2.5-Coder-14B-Instruct,1,0,1,1,strict,0.0,0.0,0.0
2026-09-16 06:43:53,L-M07_m-qwen2.5-coder-14b_sol1_gd1_rs0_bd1_str-strict_t00_n1,465,2,1,Qwen/Qwen2.5-Coder-14B-Instruct,1,0,1,1,strict,0.0,0.0,0.0
2026-09-16 06:44:04,L-M07_m-qwen2.5-coder-14b_sol1_gd1_rs0_bd1_str-strict_t00_n1,465,3,1,Qwen/Qwen2.5-Coder-14B-Instruct,1,0,1,1,strict,0.0,0.0,0.0
2026-09-16 06:44:15,L-M07_m-qwen2.5-coder-14b_sol1_gd1_rs0_bd1_str-strict_t00_n1,466,1,1,Qwen/Qwen2.5-Coder-14B-Instruct,1,0,1,1,strict,0.0,0.0,0.0
2026-09-16 06:44:23,L-M07_m-qwen2.5-coder-14b_sol1_gd1_rs0_bd1_str-strict_t00_n1,466,2,1,Qwen/Qwen2.5-Coder-14B-Instruct,1,0,1,1,strict,0.0,0.0,0.0
2026-09-16 06:44:35,L-M07_m-qwen2.5-coder-14b_sol1_gd1_rs0_bd1_str-strict_t00_n1,466,3,1,Qwen/Qwen2.5-Coder-14B-Instruct,1,0,1,1,strict,0.0,0.0,0.0
2026-09-16 06:44:45,L-M07_m-qwen2.5-coder-14b_sol1_gd1_rs0_bd1_str-strict_t00_n1,467,1,1,Qwen/Qwen2.5-Coder-14B-Instruct,1,0,1,1,strict,0.0,0.0,0.0
2026-09-16 06:44:54,L-M07_m-qwen2.5-coder-14b_sol1_gd1_rs0_bd1_str-strict_t00_n1,467,2,1,Qwen/Qwen2.5-Coder-14B-Instruct,1,0,1,1,strict,0.0,0.0,0.0
2026-09-16 06:45:04,L-M07_m-qwen2.5-coder-14b_sol1_gd1_rs0_bd1_str-strict_t00_n1,467,3,1,Qwen/Qwen2.5-Coder-14B-Instruct,1,0,1,1,strict,0.0,0.0,0.0
2026-09-16 06:45:15,L-M07_m-qwen2.5-coder-14b_sol1_gd1_rs0_bd1_str-strict_t00_n1,468,1,1,Qwen/Qwen2.5-Coder-14B-Instruct,1,0,1,1,strict,0.0,0.0,0.0
2026-09-16 06:45:23,L-M07_m-qwen2.5-coder-14b_sol1_gd1_rs0_bd1_str-strict_t00_n1,468,2,1,Qwen/Qwen2.5-Coder-14B-Instruct,1,0,1,1,strict,0.0,0.0,0.0
2026-09-16 06:45:36,L-M07_m-qwen2.5-coder-14b_sol1_gd1_rs0_bd1_str-strict_t00_n1,468,3,1,Qwen/Qwen2.5-Coder-14B-Instruct,1,0,1,1,strict,0.0,0.0,0.0
2026-09-16 06:45:42,L-M07_m-qwen2.5-coder-14b_sol1_gd1_rs0_bd1_str-strict_t00_n1,468,4,1,Qwen/Qwen2.5-Coder-14B-Instruct,1,0,1,1,strict,0.0,0.0,0.0
2026-09-16 06:45:51,L-M07_m-qwen2.5-coder-14b_sol1_gd1_rs0_bd1_str-strict_t00_n1,469,1,1,Qwen/Qwen2.5-Coder-14B-Instruct,1,0,1,1,strict,0.0,0.0,0.0
2026-09-16 06:46:00,L-M07_m-qwen2.5-coder-14b_sol1_gd1_rs0_bd1_str-strict_t00_n1,469,2,1,Qwen/Qwen2.5-Coder-14B-Instruct,1,0,1,1,strict,0.0,0.0,0.0
2026-09-16 06:46:14,L-M07_m-qwen2.5-coder-14b_sol1_gd1_rs0_bd1_str-strict_t00_n1,469,3,1,Qwen/Qwen2.5-Coder-14B-Instruct,1,0,1,1,strict,0.0,0.0,0.0
2026-09-16 06:46:19,L-M07_m-qwen2.5-coder-14b_sol1_gd1_rs0_bd1_str-strict_t00_n1,469,4,1,Qwen/Qwen2.5-Coder-14B-Instruct,1,0,1,1,strict,0.0,0.0,0.0
2026-09-16 06:46:28,L-M07_m-qwen2.5-coder-14b_sol1_gd1_rs0_bd1_str-strict_t00_n1,470,1,1,Qwen/Qwen2.5-Coder-14B-Instruct,1,0,1,1,strict,0.0,0.0,0.0
2026-09-16 06:46:37,L-M07_m-qwen2.5-coder-14b_sol1_gd1_rs0_bd1_str-strict_t00_n1,470,2,1,Qwen/Qwen2.5-Coder-14B-Instruct,1,0,1,1,strict,0.0,0.0,0.0
2026-09-16 06:46:47,L-M07_m-qwen2.5-coder-14b_sol1_gd1_rs0_bd1_str-strict_t00_n1,470,3,1,Qwen/Qwen2.5-Coder-14B-Instruct,1,0,1,1,strict,0.0,0.0,0.0
2026-09-16 06:46:58,L-M07_m-qwen2.5-coder-14b_sol1_gd1_rs0_bd1_str-strict_t00_n1,471,1,1,Qwen/Qwen2.5-Coder-14B-Instruct,1,0,1,1,strict,0.0,12.0,4.0
2026-09-16 06:47:08,L-M07_m-qwen2.5-coder-14b_sol1_gd1_rs0_bd1_str-strict_t00_n1,471,2,1,Qwen/Qwen2.5-Coder-14B-Instruct,1,0,1,1,strict,0.0,11.0,4.0
2026-09-16 06:47:22,L-M07_m-qwen2.5-coder-14b_sol1_gd1_rs0_bd1_str-strict_t00_n1,471,3,1,Qwen/Qwen2.5-Coder-14B-Instruct,1,0,1,1,strict,0.0,0.0,0.0
2026-09-16 06:47:28,L-M07_m-qwen2.5-coder-14b_sol1_gd1_rs0_bd1_str-strict_t00_n1,471,4,1,Qwen/Qwen2.5-Coder-14B-Instruct,1,0,1,1,strict,0.0,0.0,0.0
2026-09-16 06:47:39,L-M07_m-qwen2.5-coder-14b_sol1_gd1_rs0_bd1_str-strict_t00_n1,472,1,1,Qwen/Qwen2.5-Coder-14B-Instruct,1,0,1,1,strict,0.0,12.0,4.0
2026-09-16 06:47:49,L-M07_m-qwen2.5-coder-14b_sol1_gd1_rs0_bd1_str-strict_t00_n1,472,2,1,Qwen/Qwen2.5-Coder-14B-Instruct,1,0,1,1,strict,0.0,11.0,4.0
2026-09-16 06:47:59,L-M07_m-qwen2.5-coder-14b_sol1_gd1_rs0_bd1_str-strict_t00_n1,472,3,1,Qwen/Qwen2.5-Coder-14B-Instruct,1,0,1,1,strict,0.0,0.0,0.0
2026-09-16 06:48:04,L-M07_m-qwen2.5-coder-14b_sol1_gd1_rs0_bd1_str-strict_t00_n1,472,4,1,Qwen/Qwen2.5-Coder-14B-Instruct,1,0,1,1,strict,0.0,0.0,0.0
2026-09-16 06:48:13,L-M07_m-qwen2.5-coder-14b_sol1_gd1_rs0_bd1_str-strict_t00_n1,473,1,1,Qwen/Qwen2.5-Coder-14B-Instruct,1,0,1,1,strict,0.0,0.0,0.0
2026-09-16 06:48:22,L-M07_m-qwen2.5-coder-14b_sol1_gd1_rs0_bd1_str-strict_t00_n1,473,2,1,Qwen/Qwen2.5-Coder-14B-Instruct,1,0,1,1,strict,0.0,0.0,0.0
2026-09-16 06:48:35,L-M07_m-qwen2.5-coder-14b_sol1_gd1_rs0_bd1_str-strict_t00_n1,473,3,1,Qwen/Qwen2.5-Coder-14B-Instruct,1,0,1,1,strict,0.0,0.0,0.0
2026-09-16 06:48:40,L-M07_m-qwen2.5-coder-14b_sol1_gd1_rs0_bd1_str-strict_t00_n1,473,4,1,Qwen/Qwen2.5-Coder-14B-Instruct,1,0,1,1,strict,0.0,0.0,0.0
2026-09-16 06:48:50,L-M07_m-qwen2.5-coder-14b_sol1_gd1_rs0_bd1_str-strict_t00_n1,474,1,1,Qwen/Qwen2.5-Coder-14B-Instruct,1,0,1,1,strict,0.0,0.0,0.0
2026-09-16 06:48:59,L-M07_m-qwen2.5-coder-14b_sol1_gd1_rs0_bd1_str-strict_t00_n1,474,2,1,Qwen/Qwen2.5-Coder-14B-Instruct,1,0,1,1,strict,0.0,0.0,0.0
2026-09-16 06:49:07,L-M07_m-qwen2.5-coder-14b_sol1_gd1_rs0_bd1_str-strict_t00_n1,474,3,1,Qwen/Qwen2.5-Coder-14B-Instruct,1,0,1,1,strict,0.0,0.0,0.0
2026-09-16 06:49:12,L-M07_m-qwen2.5-coder-14b_sol1_gd1_rs0_bd1_str-strict_t00_n1,474,4,1,Qwen/Qwen2.5-Coder-14B-Instruct,1,0,1,1,strict,0.0,0.0,0.0
2026-09-16 06:49:31,L-M07_m-qwen2.5-coder-14b_sol1_gd1_rs0_bd1_str-strict_t00_n1,475,1,1,Qwen/Qwen2.5-Coder-14B-Instruct,1,0,1,1,strict,0.0,0.0,0.0
2026-09-16 06:49:39,L-M07_m-qwen2.5-coder-14b_sol1_gd1_rs0_bd1_str-strict_t00_n1,475,2,1,Qwen/Qwen2.5-Coder-14B-Instruct,1,0,1,1,strict,0.0,0.0,0.0
2026-09-16 06:49:53,L-M07_m-qwen2.5-coder-14b_sol1_gd1_rs0_bd1_str-strict_t00_n1,475,3,1,Qwen/Qwen2.5-Coder-14B-Instruct,1,0,1,1,strict,0.0,0.0,0.0
2026-09-16 06:50:03,L-M07_m-qwen2.5-coder-14b_sol1_gd1_rs0_bd1_str-strict_t00_n1,476,1,1,Qwen/Qwen2.5-Coder-14B-Instruct,1,0,1,1,strict,0.0,0.0,0.0
2026-09-16 06:50:12,L-M07_m-qwen2.5-coder-14b_sol1_gd1_rs0_bd1_str-strict_t00_n1,476,2,1,Qwen/Qwen2.5-Coder-14B-Instruct,1,0,1,1,strict,0.0,0.0,0.0
2026-09-16 06:50:22,L-M07_m-qwen2.5-coder-14b_sol1_gd1_rs0_bd1_str-strict_t00_n1,476,3,1,Qwen/Qwen2.5-Coder-14B-Instruct,1,0,1,1,strict,0.0,0.0,0.0
2026-09-16 06:50:33,L-M07_m-qwen2.5-coder-14b_sol1_gd1_rs0_bd1_str-strict_t00_n1,477,1,1,Qwen/Qwen2.5-Coder-14B-Instruct,1,0,1,1,strict,0.0,0.0,0.0
2026-09-16 06:50:42,L-M07_m-qwen2.5-coder-14b_sol1_gd1_rs0_bd1_str-strict_t00_n1,477,2,1,Qwen/Qwen2.5-Coder-14B-Instruct,1,0,1,1,strict,0.0,0.0,0.0
2026-09-16 06:50:55,L-M07_m-qwen2.5-coder-14b_sol1_gd1_rs0_bd1_str-strict_t00_n1,477,3,1,Qwen/Qwen2.5-Coder-14B-Instruct,1,0,1,1,strict,0.0,0.0,0.0
2026-09-16 06:51:06,L-M07_m-qwen2.5-coder-14b_sol1_gd1_rs0_bd1_str-strict_t00_n1,478,1,1,Qwen/Qwen2.5-Coder-14B-Instruct,1,0,1,1,strict,0.0,0.0,0.0
2026-09-16 06:51:15,L-M07_m-qwen2.5-coder-14b_sol1_gd1_rs0_bd1_str-strict_t00_n1,478,2,1,Qwen/Qwen2.5-Coder-14B-Instruct,1,0,1,1,strict,0.0,0.0,0.0
2026-09-16 06:51:30,L-M07_m-qwen2.5-coder-14b_sol1_gd1_rs0_bd1_str-strict_t00_n1,478,3,1,Qwen/Qwen2.5-Coder-14B-Instruct,1,0,1,1,strict,0.0,0.0,0.0
2026-09-16 06:51:40,L-M07_m-qwen2.5-coder-14b_sol1_gd1_rs0_bd1_str-strict_t00_n1,479,1,1,Qwen/Qwen2.5-Coder-14B-Instruct,1,0,1,1,strict,0.0,0.0,0.0
2026-09-16 06:51:50,L-M07_m-qwen2.5-coder-14b_sol1_gd1_rs0_bd1_str-strict_t00_n1,479,2,1,Qwen/Qwen2.5-Coder-14B-Instruct,1,0,1,1,strict,0.0,0.0,0.0
2026-09-16 06:51:58,L-M07_m-qwen2.5-coder-14b_sol1_gd1_rs0_bd1_str-strict_t00_n1,479,3,1,Qwen/Qwen2.5-Coder-14B-Instruct,1,0,1,1,strict,0.0,0.0,0.0
2026-09-16 06:52:09,L-M07_m-qwen2.5-coder-14b_sol1_gd1_rs0_bd1_str-strict_t00_n1,480,1,1,Qwen/Qwen2.5-Coder-14B-Instruct,1,0,1,1,strict,0.0,0.0,0.0
2026-09-16 06:52:17,L-M07_m-qwen2.5-coder-14b_sol1_gd1_rs0_bd1_str-strict_t00_n1,480,2,1,Qwen/Qwen2.5-Coder-14B-Instruct,1,0,1,1,strict,0.0,0.0,0.0
2026-09-16 06:52:32,L-M07_m-qwen2.5-coder-14b_sol1_gd1_rs0_bd1_str-strict_t00_n1,480,3,1,Qwen/Qwen2.5-Coder-14B-Instruct,1,0,1,1,strict,0.0,0.0,0.0
2026-09-16 06:52:37,L-M07_m-qwen2.5-coder-14b_sol1_gd1_rs0_bd1_str-strict_t00_n1,480,4,1,Qwen/Qwen2.5-Coder-14B-Instruct,1,0,1,1,strict,0.0,0.0,0.0
2026-09-16 06:52:47,L-M07_m-qwen2.5-coder-14b_sol1_gd1_rs0_bd1_str-strict_t00_n1,481,1,1,Qwen/Qwen2.5-Coder-14B-Instruct,1,0,1,1,strict,0.0,0.0,0.0
2026-09-16 06:52:56,L-M07_m-qwen2.5-coder-14b_sol1_gd1_rs0_bd1_str-strict_t00_n1,481,2,1,Qwen/Qwen2.5-Coder-14B-Instruct,1,0,1,1,strict,0.0,6.0,0.0
2026-09-16 06:53:09,L-M07_m-qwen2.5-coder-14b_sol1_gd1_rs0_bd1_str-strict_t00_n1,481,3,1,Qwen/Qwen2.5-Coder-14B-Instruct,1,0,1,1,strict,0.0,0.0,0.0
2026-09-16 06:53:24,L-M07_m-qwen2.5-coder-14b_sol1_gd1_rs0_bd1_str-strict_t00_n1,482,1,1,Qwen/Qwen2.5-Coder-14B-Instruct,1,0,1,1,strict,0.0,0.0,0.0
2026-09-16 06:53:33,L-M07_m-qwen2.5-coder-14b_sol1_gd1_rs0_bd1_str-strict_t00_n1,482,2,1,Qwen/Qwen2.5-Coder-14B-Instruct,1,0,1,1,strict,0.0,0.0,0.0
2026-09-16 06:53:41,L-M07_m-qwen2.5-coder-14b_sol1_gd1_rs0_bd1_str-strict_t00_n1,482,3,1,Qwen/Qwen2.5-Coder-14B-Instruct,1,0,1,1,strict,0.0,0.0,0.0
2026-09-16 06:53:52,L-M07_m-qwen2.5-coder-14b_sol1_gd1_rs0_bd1_str-strict_t00_n1,483,1,1,Qwen/Qwen2.5-Coder-14B-Instruct,1,0,1,1,strict,0.0,0.0,0.0
2026-09-16 06:54:01,L-M07_m-qwen2.5-coder-14b_sol1_gd1_rs0_bd1_str-strict_t00_n1,483,2,1,Qwen/Qwen2.5-Coder-14B-Instruct,1,0,1,1,strict,0.0,0.0,0.0
2026-09-16 06:54:14,L-M07_m-qwen2.5-coder-14b_sol1_gd1_rs0_bd1_str-strict_t00_n1,483,3,1,Qwen/Qwen2.5-Coder-14B-Instruct,1,0,1,1,strict,0.0,0.0,0.0
2026-09-16 06:54:19,L-M07_m-qwen2.5-coder-14b_sol1_gd1_rs0_bd1_str-strict_t00_n1,483,4,1,Qwen/Qwen2.5-Coder-14B-Instruct,1,0,1,1,strict,0.0,0.0,0.0
2026-09-16 06:54:33,L-M07_m-qwen2.5-coder-14b_sol1_gd1_rs0_bd1_str-strict_t00_n1,484,1,1,Qwen/Qwen2.5-Coder-14B-Instruct,1,0,1,1,strict,0.0,0.0,0.0
2026-09-16 06:54:41,L-M07_m-qwen2.5-coder-14b_sol1_gd1_rs0_bd1_str-strict_t00_n1,484,2,1,Qwen/Qwen2.5-Coder-14B-Instruct,1,0,1,1,strict,0.0,0.0,0.0
2026-09-16 06:54:53,L-M07_m-qwen2.5-coder-14b_sol1_gd1_rs0_bd1_str-strict_t00_n1,484,3,1,Qwen/Qwen2.5-Coder-14B-Instruct,1,0,1,1,strict,0.0,0.0,0.0
2026-09-16 06:54:58,L-M07_m-qwen2.5-coder-14b_sol1_gd1_rs0_bd1_str-strict_t00_n1,484,4,1,Qwen/Qwen2.5-Coder-14B-Instruct,1,0,1,1,strict,0.0,0.0,0.0
2026-09-16 06:55:08,L-M07_m-qwen2.5-coder-14b_sol1_gd1_rs0_bd1_str-strict_t00_n1,485,1,1,Qwen/Qwen2.5-Coder-14B-Instruct,1,0,1,1,strict,0.0,0.0,0.0
2026-09-16 06:55:17,L-M07_m-qwen2.5-coder-14b_sol1_gd1_rs0_bd1_str-strict_t00_n1,485,2,1,Qwen/Qwen2.5-Coder-14B-Instruct,1,0,1,1,strict,0.0,0.0,0.0
2026-09-16 06:55:24,L-M07_m-qwen2.5-coder-14b_sol1_gd1_rs0_bd1_str-strict_t00_n1,485,3,1,Qwen/Qwen2.5-Coder-14B-Instruct,1,0,1,1,strict,0.0,0.0,0.0
2026-09-16 06:55:35,L-M07_m-qwen2.5-coder-14b_sol1_gd1_rs0_bd1_str-strict_t00_n1,486,1,1,Qwen/Qwen2.5-Coder-14B-Instruct,1,0,1,1,strict,0.0,0.0,0.0
2026-09-16 06:55:44,L-M07_m-qwen2.5-coder-14b_sol1_gd1_rs0_bd1_str-strict_t00_n1,486,2,1,Qwen/Qwen2.5-Coder-14B-Instruct,1,0,1,1,strict,0.0,0.0,0.0
2026-09-16 06:55:56,L-M07_m-qwen2.5-coder-14b_sol1_gd1_rs0_bd1_str-strict_t00_n1,486,3,1,Qwen/Qwen2.5-Coder-14B-Instruct,1,0,1,1,strict,0.0,0.0,0.0
2026-09-16 06:56:07,L-M07_m-qwen2.5-coder-14b_sol1_gd1_rs0_bd1_str-strict_t00_n1,487,1,1,Qwen/Qwen2.5-Coder-14B-Instruct,1,0,1,1,strict,0.0,0.0,0.0
2026-09-16 06:56:16,L-M07_m-qwen2.5-coder-14b_sol1_gd1_rs0_bd1_str-strict_t00_n1,487,2,1,Qwen/Qwen2.5-Coder-14B-Instruct,1,0,1,1,strict,0.0,0.0,0.0
2026-09-16 06:56:27,L-M07_m-qwen2.5-coder-14b_sol1_gd1_rs0_bd1_str-strict_t00_n1,487,3,1,Qwen/Qwen2.5-Coder-14B-Instruct,1,0,1,1,strict,0.0,0.0,0.0
2026-09-16 06:56:37,L-M07_m-qwen2.5-coder-14b_sol1_gd1_rs0_bd1_str-strict_t00_n1,488,1,1,Qwen/Qwen2.5-Coder-14B-Instruct,1,0,1,1,strict,0.0,0.0,0.0
2026-09-16 06:56:45,L-M07_m-qwen2.5-coder-14b_sol1_gd1_rs0_bd1_str-strict_t00_n1,488,2,1,Qwen/Qwen2.5-Coder-14B-Instruct,1,0,1,1,strict,0.0,0.0,0.0
2026-09-16 06:56:59,L-M07_m-qwen2.5-coder-14b_sol1_gd1_rs0_bd1_str-strict_t00_n1,488,3,1,Qwen/Qwen2.5-Coder-14B-Instruct,1,0,1,1,strict,0.0,0.0,0.0
2026-09-16 06:57:10,L-M07_m-qwen2.5-coder-14b_sol1_gd1_rs0_bd1_str-strict_t00_n1,489,1,1,Qwen/Qwen2.5-Coder-14B-Instruct,1,0,1,1,strict,0.0,0.0,0.0
2026-09-16 06:57:18,L-M07_m-qwen2.5-coder-14b_sol1_gd1_rs0_bd1_str-strict_t00_n1,489,2,1,Qwen/Qwen2.5-Coder-14B-Instruct,1,0,1,1,strict,0.0,0.0,0.0
2026-09-16 06:57:31,L-M07_m-qwen2.5-coder-14b_sol1_gd1_rs0_bd1_str-strict_t00_n1,489,3,1,Qwen/Qwen2.5-Coder-14B-Instruct,1,0,1,1,strict,0.0,0.0,0.0
2026-09-16 06:57:42,L-M07_m-qwen2.5-coder-14b_sol1_gd1_rs0_bd1_str-strict_t00_n1,490,1,1,Qwen/Qwen2.5-Coder-14B-Instruct,1,0,1,1,strict,0.0,0.0,0.0
2026-09-16 06:57:51,L-M07_m-qwen2.5-coder-14b_sol1_gd1_rs0_bd1_str-strict_t00_n1,490,2,1,Qwen/Qwen2.5-Coder-14B-Instruct,1,0,1,1,strict,0.0,0.0,0.0
2026-09-16 06:58:04,L-M07_m-qwen2.5-coder-14b_sol1_gd1_rs0_bd1_str-strict_t00_n1,490,3,1,Qwen/Qwen2.5-Coder-14B-Instruct,1,0,1,1,strict,0.0,0.0,0.0
2026-09-16 06:58:14,L-M07_m-qwen2.5-coder-14b_sol1_gd1_rs0_bd1_str-strict_t00_n1,491,1,1,Qwen/Qwen2.5-Coder-14B-Instruct,1,0,1,1,strict,0.0,0.0,0.0
2026-09-16 06:58:24,L-M07_m-qwen2.5-coder-14b_sol1_gd1_rs0_bd1_str-strict_t00_n1,491,2,1,Qwen/Qwen2.5-Coder-14B-Instruct,1,0,1,1,strict,0.0,0.0,0.0
2026-09-16 06:58:37,L-M07_m-qwen2.5-coder-14b_sol1_gd1_rs0_bd1_str-strict_t00_n1,491,3,1,Qwen/Qwen2.5-Coder-14B-Instruct,1,0,1,1,strict,0.0,0.0,0.0
2026-09-16 06:58:48,L-M07_m-qwen2.5-coder-14b_sol1_gd1_rs0_bd1_str-strict_t00_n1,492,1,1,Qwen/Qwen2.5-Coder-14B-Instruct,1,0,1,1,strict,0.0,0.0,0.0
2026-09-16 06:58:57,L-M07_m-qwen2.5-coder-14b_sol1_gd1_rs0_bd1_str-strict_t00_n1,492,2,1,Qwen/Qwen2.5-Coder-14B-Instruct,1,0,1,1,strict,0.0,0.0,0.0
2026-09-16 06:59:10,L-M07_m-qwen2.5-coder-14b_sol1_gd1_rs0_bd1_str-strict_t00_n1,492,3,1,Qwen/Qwen2.5-Coder-14B-Instruct,1,0,1,1,strict,0.0,0.0,0.0
2026-09-16 06:59:22,L-M07_m-qwen2.5-coder-14b_sol1_gd1_rs0_bd1_str-strict_t00_n1,493,1,1,Qwen/Qwen2.5-Coder-14B-Instruct,1,0,1,1,strict,0.0,0.0,0.0
2026-09-16 06:59:31,L-M07_m-qwen2.5-coder-14b_sol1_gd1_rs0_bd1_str-strict_t00_n1,493,2,1,Qwen/Qwen2.5-Coder-14B-Instruct,1,0,1,1,strict,0.0,0.0,0.0
2026-09-16 06:59:46,L-M07_m-qwen2.5-coder-14b_sol1_gd1_rs0_bd1_str-strict_t00_n1,493,3,1,Qwen/Qwen2.5-Coder-14B-Instruct,1,0,1,1,strict,0.0,0.0,0.0
2026-09-16 06:59:57,L-M07_m-qwen2.5-coder-14b_sol1_gd1_rs0_bd1_str-strict_t00_n1,494,1,1,Qwen/Qwen2.5-Coder-14B-Instruct,1,0,1,1,strict,0.0,12.0,0.0
2026-09-16 07:00:07,L-M07_m-qwen2.5-coder-14b_sol1_gd1_rs0_bd1_str-strict_t00_n1,494,2,1,Qwen/Qwen2.5-Coder-14B-Instruct,1,0,1,1,strict,0.0,11.0,4.0
2026-09-16 07:00:19,L-M07_m-qwen2.5-coder-14b_sol1_gd1_rs0_bd1_str-strict_t00_n1,494,3,1,Qwen/Qwen2.5-Coder-14B-Instruct,1,0,1,1,strict,0.0,0.0,0.0
2026-09-16 07:00:25,L-M07_m-qwen2.5-coder-14b_sol1_gd1_rs0_bd1_str-strict_t00_n1,494,4,1,Qwen/Qwen2.5-Coder-14B-Instruct,1,0,1,1,strict,0.0,0.0,0.0
2026-09-16 07:00:36,L-M07_m-qwen2.5-coder-14b_sol1_gd1_rs0_bd1_str-strict_t00_n1,495,1,1,Qwen/Qwen2.5-Coder-14B-Instruct,1,0,1,1,strict,0.0,0.0,0.0
2026-09-16 07:00:45,L-M07_m-qwen2.5-coder-14b_sol1_gd1_rs0_bd1_str-strict_t00_n1,495,2,1,Qwen/Qwen2.5-Coder-14B-Instruct,1,0,1,1,strict,0.0,0.0,0.0
2026-09-16 07:00:58,L-M07_m-qwen2.5-coder-14b_sol1_gd1_rs0_bd1_str-strict_t00_n1,495,3,1,Qwen/Qwen2.5-Coder-14B-Instruct,1,0,1,1,strict,0.0,0.0,0.0
2026-09-16 07:01:09,L-M07_m-qwen2.5-coder-14b_sol1_gd1_rs0_bd1_str-strict_t00_n1,496,1,1,Qwen/Qwen2.5-Coder-14B-Instruct,1,0,1,1,strict,0.0,0.0,0.0
2026-09-16 07:01:18,L-M07_m-qwen2.5-coder-14b_sol1_gd1_rs0_bd1_str-strict_t00_n1,496,2,1,Qwen/Qwen2.5-Coder-14B-Instruct,1,0,1,1,strict,0.0,0.0,0.0
2026-09-16 07:01:30,L-M07_m-qwen2.5-coder-14b_sol1_gd1_rs0_bd1_str-strict_t00_n1,496,3,1,Qwen/Qwen2.5-Coder-14B-Instruct,1,0,1,1,strict,0.0,0.0,0.0
2026-09-16 07:01:41,L-M07_m-qwen2.5-coder-14b_sol1_gd1_rs0_bd1_str-strict_t00_n1,497,1,1,Qwen/Qwen2.5-Coder-14B-Instruct,1,0,1,1,strict,0.0,0.0,0.0
2026-09-16 07:01:50,L-M07_m-qwen2.5-coder-14b_sol1_gd1_rs0_bd1_str-strict_t00_n1,497,2,1,Qwen/Qwen2.5-Coder-14B-Instruct,1,0,1,1,strict,0.0,0.0,0.0
2026-09-16 07:02:02,L-M07_m-qwen2.5-coder-14b_sol1_gd1_rs0_bd1_str-strict_t00_n1,497,3,1,Qwen/Qwen2.5-Coder-14B-Instruct,1,0,1,1,strict,0.0,0.0,0.0
2026-09-16 07:02:13,L-M07_m-qwen2.5-coder-14b_sol1_gd1_rs0_bd1_str-strict_t00_n1,498,1,1,Qwen/Qwen2.5-Coder-14B-Instruct,1,0,1,1,strict,0.0,0.0,0.0
2026-09-16 07:02:22,L-M07_m-qwen2.5-coder-14b_sol1_gd1_rs0_bd1_str-strict_t00_n1,498,2,1,Qwen/Qwen2.5-Coder-14B-Instruct,1,0,1,1,strict,0.0,0.0,0.0
2026-09-16 07:02:28,L-M07_m-qwen2.5-coder-14b_sol1_gd1_rs0_bd1_str-strict_t00_n1,498,3,1,Qwen/Qwen2.5-Coder-14B-Instruct,1,0,1,1,strict,0.0,0.0,0.0
2026-09-16 07:02:39,L-M07_m-qwen2.5-coder-14b_sol1_gd1_rs0_bd1_str-strict_t00_n1,499,1,1,Qwen/Qwen2.5-Coder-14B-Instruct,1,0,1,1,strict,0.0,0.0,0.0
2026-09-16 07:02:48,L-M07_m-qwen2.5-coder-14b_sol1_gd1_rs0_bd1_str-strict_t00_n1,499,2,1,Qwen/Qwen2.5-Coder-14B-Instruct,1,0,1,1,strict,0.0,0.0,0.0
2026-09-16 07:02:59,L-M07_m-qwen2.5-coder-14b_sol1_gd1_rs0_bd1_str-strict_t00_n1,499,3,1,Qwen/Qwen2.5-Coder-14B-Instruct,1,0,1,1,strict,0.0,0.0,0.0
2026-09-16 07:03:04,L-M07_m-qwen2.5-coder-14b_sol1_gd1_rs0_bd1_str-strict_t00_n1,499,4,1,Qwen/Qwen2.5-Coder-14B-Instruct,1,0,1,1,strict,0.0,0.0,0.0
2026-09-16 07:03:14,L-M07_m-qwen2.5-coder-14b_sol1_gd1_rs0_bd1_str-strict_t00_n1,500,1,1,Qwen/Qwen2.5-Coder-14B-Instruct,1,0,1,1,strict,0.0,0.0,0.0
2026-09-16 07:03:23,L-M07_m-qwen2.5-coder-14b_sol1_gd1_rs0_bd1_str-strict_t00_n1,500,2,1,Qwen/Qwen2.5-Coder-14B-Instruct,1,0,1,1,strict,0.0,11.0,0.0
2026-09-16 07:03:34,L-M07_m-qwen2.5-coder-14b_sol1_gd1_rs0_bd1_str-strict_t00_n1,500,3,1,Qwen/Qwen2.5-Coder-14B-Instruct,1,0,1,1,strict,0.0,0.0,0.0
2026-09-16 07:03:45,L-M07_m-qwen2.5-coder-14b_sol1_gd1_rs0_bd1_str-strict_t00_n1,501,1,1,Qwen/Qwen2.5-Coder-14B-Instruct,1,0,1,1,strict,0.0,0.0,0.0
2026-09-16 07:03:53,L-M07_m-qwen2.5-coder-14b_sol1_gd1_rs0_bd1_str-strict_t00_n1,501,2,1,Qwen/Qwen2.5-Coder-14B-Instruct,1,0,1,1,strict,0.0,0.0,0.0
2026-09-16 07:04:02,L-M07_m-qwen2.5-coder-14b_sol1_gd1_rs0_bd1_str-strict_t00_n1,501,3,1,Qwen/Qwen2.5-Coder-14B-Instruct,1,0,1,1,strict,0.0,0.0,0.0
2026-09-16 07:04:12,L-M07_m-qwen2.5-coder-14b_sol1_gd1_rs0_bd1_str-strict_t00_n1,502,1,1,Qwen/Qwen2.5-Coder-14B-Instruct,1,0,1,1,strict,0.0,0.0,0.0
2026-09-16 07:04:21,L-M07_m-qwen2.5-coder-14b_sol1_gd1_rs0_bd1_str-strict_t00_n1,502,2,1,Qwen/Qwen2.5-Coder-14B-Instruct,1,0,1,1,strict,0.0,0.0,0.0
2026-09-16 07:04:38,L-M07_m-qwen2.5-coder-14b_sol1_gd1_rs0_bd1_str-strict_t00_n1,502,3,1,Qwen/Qwen2.5-Coder-14B-Instruct,1,0,1,1,strict,0.0,0.0,0.0
2026-09-16 07:04:57,L-M07_m-qwen2.5-coder-14b_sol1_gd1_rs0_bd1_str-strict_t00_n1,503,1,1,Qwen/Qwen2.5-Coder-14B-Instruct,1,0,1,1,strict,0.0,0.0,0.0
2026-09-16 07:05:06,L-M07_m-qwen2.5-coder-14b_sol1_gd1_rs0_bd1_str-strict_t00_n1,503,2,1,Qwen/Qwen2.5-Coder-14B-Instruct,1,0,1,1,strict,0.0,0.0,0.0
2026-09-16 07:05:17,L-M07_m-qwen2.5-coder-14b_sol1_gd1_rs0_bd1_str-strict_t00_n1,503,3,1,Qwen/Qwen2.5-Coder-14B-Instruct,1,0,1,1,strict,0.0,0.0,0.0
2026-09-16 07:05:28,L-M07_m-qwen2.5-coder-14b_sol1_gd1_rs0_bd1_str-strict_t00_n1,504,1,1,Qwen/Qwen2.5-Coder-14B-Instruct,1,0,1,1,strict,0.0,0.0,0.0
2026-09-16 07:05:37,L-M07_m-qwen2.5-coder-14b_sol1_gd1_rs0_bd1_str-strict_t00_n1,504,2,1,Qwen/Qwen2.5-Coder-14B-Instruct,1,0,1,1,strict,0.0,11.0,4.0
2026-09-16 07:05:47,L-M07_m-qwen2.5-coder-14b_sol1_gd1_rs0_bd1_str-strict_t00_n1,504,3,1,Qwen/Qwen2.5-Coder-14B-Instruct,1,0,1,1,strict,0.0,0.0,0.0
2026-09-16 07:05:52,L-M07_m-qwen2.5-coder-14b_sol1_gd1_rs0_bd1_str-strict_t00_n1,504,4,1,Qwen/Qwen2.5-Coder-14B-Instruct,1,0,1,1,strict,0.0,0.0,0.0
2026-09-16 07:06:03,L-M07_m-qwen2.5-coder-14b_sol1_gd1_rs0_bd1_str-strict_t00_n1,505,1,1,Qwen/Qwen2.5-Coder-14B-Instruct,1,0,1,1,strict,0.0,0.0,0.0
2026-09-16 07:06:12,L-M07_m-qwen2.5-coder-14b_sol1_gd1_rs0_bd1_str-strict_t00_n1,505,2,1,Qwen/Qwen2.5-Coder-14B-Instruct,1,0,1,1,strict,0.0,0.0,0.0
2026-09-16 07:06:23,L-M07_m-qwen2.5-coder-14b_sol1_gd1_rs0_bd1_str-strict_t00_n1,505,3,1,Qwen/Qwen2.5-Coder-14B-Instruct,1,0,1,1,strict,0.0,0.0,0.0
2026-09-16 07:06:29,L-M07_m-qwen2.5-coder-14b_sol1_gd1_rs0_bd1_str-strict_t00_n1,505,4,1,Qwen/Qwen2.5-Coder-14B-Instruct,1,0,1,1,strict,0.0,0.0,0.0
2026-09-16 07:06:39,L-M07_m-qwen2.5-coder-14b_sol1_gd1_rs0_bd1_str-strict_t00_n1,506,1,1,Qwen/Qwen2.5-Coder-14B-Instruct,1,0,1,1,strict,0.0,0.0,0.0
2026-09-16 07:06:48,L-M07_m-qwen2.5-coder-14b_sol1_gd1_rs0_bd1_str-strict_t00_n1,506,2,1,Qwen/Qwen2.5-Coder-14B-Instruct,1,0,1,1,strict,0.0,0.0,0.0
2026-09-16 07:06:59,L-M07_m-qwen2.5-coder-14b_sol1_gd1_rs0_bd1_str-strict_t00_n1,506,3,1,Qwen/Qwen2.5-Coder-14B-Instruct,1,0,1,1,strict,0.0,0.0,0.0
2026-09-16 07:07:10,L-M07_m-qwen2.5-coder-14b_sol1_gd1_rs0_bd1_str-strict_t00_n1,507,1,1,Qwen/Qwen2.5-Coder-14B-Instruct,1,0,1,1,strict,0.0,0.0,0.0
2026-09-16 07:07:19,L-M07_m-qwen2.5-coder-14b_sol1_gd1_rs0_bd1_str-strict_t00_n1,507,2,1,Qwen/Qwen2.5-Coder-14B-Instruct,1,0,1,1,strict,0.0,0.0,0.0
2026-09-16 07:07:32,L-M07_m-qwen2.5-coder-14b_sol1_gd1_rs0_bd1_str-strict_t00_n1,507,3,1,Qwen/Qwen2.5-Coder-14B-Instruct,1,0,1,1,strict,0.0,0.0,0.0
2026-09-16 07:07:42,L-M07_m-qwen2.5-coder-14b_sol1_gd1_rs0_bd1_str-strict_t00_n1,508,1,1,Qwen/Qwen2.5-Coder-14B-Instruct,1,0,1,1,strict,0.0,0.0,0.0
2026-09-16 07:07:51,L-M07_m-qwen2.5-coder-14b_sol1_gd1_rs0_bd1_str-strict_t00_n1,508,2,1,Qwen/Qwen2.5-Coder-14B-Instruct,1,0,1,1,strict,0.0,0.0,0.0
2026-09-16 07:08:06,L-M07_m-qwen2.5-coder-14b_sol1_gd1_rs0_bd1_str-strict_t00_n1,508,3,1,Qwen/Qwen2.5-Coder-14B-Instruct,1,0,1,1,strict,0.0,0.0,0.0
2026-09-16 07:08:17,L-M07_m-qwen2.5-coder-14b_sol1_gd1_rs0_bd1_str-strict_t00_n1,509,1,1,Qwen/Qwen2.5-Coder-14B-Instruct,1,0,1,1,strict,0.0,0.0,0.0
2026-09-16 07:08:25,L-M07_m-qwen2.5-coder-14b_sol1_gd1_rs0_bd1_str-strict_t00_n1,509,2,1,Qwen/Qwen2.5-Coder-14B-Instruct,1,0,1,1,strict,0.0,0.0,0.0
2026-09-16 07:08:37,L-M07_m-qwen2.5-coder-14b_sol1_gd1_rs0_bd1_str-strict_t00_n1,509,3,1,Qwen/Qwen2.5-Coder-14B-Instruct,1,0,1,1,strict,0.0,0.0,0.0
2026-09-16 07:08:46,L-M07_m-qwen2.5-coder-14b_sol1_gd1_rs0_bd1_str-strict_t00_n1,509,4,1,Qwen/Qwen2.5-Coder-14B-Instruct,1,0,1,1,strict,0.0,0.0,0.0
2026-09-16 07:08:55,L-M07_m-qwen2.5-coder-14b_sol1_gd1_rs0_bd1_str-strict_t00_n1,510,1,1,Qwen/Qwen2.5-Coder-14B-Instruct,1,0,1,1,strict,0.0,10.0,0.0
2026-09-16 07:09:03,L-M07_m-qwen2.5-coder-14b_sol1_gd1_rs0_bd1_str-strict_t00_n1,510,2,1,Qwen/Qwen2.5-Coder-14B-Instruct,1,0,1,1,strict,0.0,0.0,0.0
2026-09-16 07:09:15,L-M07_m-qwen2.5-coder-14b_sol1_gd1_rs0_bd1_str-strict_t00_n1,510,3,1,Qwen/Qwen2.5-Coder-14B-Instruct,1,0,1,1,strict,0.0,0.0,0.0
2026-09-16 07:09:20,L-M07_m-qwen2.5-coder-14b_sol1_gd1_rs0_bd1_str-strict_t00_n1,510,4,1,Qwen/Qwen2.5-Coder-14B-Instruct,1,0,1,1,strict,0.0,0.0,0.0
2026-09-16 07:09:31,L-M07_m-qwen2.5-coder-14b_sol1_gd1_rs0_bd1_str-strict_t00_n1,511,1,1,Qwen/Qwen2.5-Coder-14B-Instruct,1,0,1,1,strict,0.0,0.0,0.0
2026-09-16 07:09:40,L-M07_m-qwen2.5-coder-14b_sol1_gd1_rs0_bd1_str-strict_t00_n1,511,2,1,Qwen/Qwen2.5-Coder-14B-Instruct,1,0,1,1,strict,0.0,0.0,0.0
2026-09-16 07:09:57,L-M07_m-qwen2.5-coder-14b_sol1_gd1_rs0_bd1_str-strict_t00_n1,511,3,1,Qwen/Qwen2.5-Coder-14B-Instruct,1,0,1,1,strict,0.0,0.0,0.0
2026-09-16 07:10:07,L-M07_m-qwen2.5-coder-14b_sol1_gd1_rs0_bd1_str-strict_t00_n1,512,1,1,Qwen/Qwen2.5-Coder-14B-Instruct,1,0,1,1,strict,0.0,0.0,0.0
2026-09-16 07:10:17,L-M07_m-qwen2.5-coder-14b_sol1_gd1_rs0_bd1_str-strict_t00_n1,512,2,1,Qwen/Qwen2.5-Coder-14B-Instruct,1,0,1,1,strict,0.0,0.0,0.0
2026-09-16 07:10:32,L-M07_m-qwen2.5-coder-14b_sol1_gd1_rs0_bd1_str-strict_t00_n1,512,3,1,Qwen/Qwen2.5-Coder-14B-Instruct,1,0,1,1,strict,0.0,0.0,0.0
2026-09-16 07:10:37,L-M07_m-qwen2.5-coder-14b_sol1_gd1_rs0_bd1_str-strict_t00_n1,512,4,1,Qwen/Qwen2.5-Coder-14B-Instruct,1,0,1,1,strict,0.0,0.0,0.0
2026-09-16 07:10:48,L-M07_m-qwen2.5-coder-14b_sol1_gd1_rs0_bd1_str-strict_t00_n1,513,1,1,Qwen/Qwen2.5-Coder-14B-Instruct,1,0,1,1,strict,0.0,0.0,0.0
2026-09-16 07:10:56,L-M07_m-qwen2.5-coder-14b_sol1_gd1_rs0_bd1_str-strict_t00_n1,513,2,1,Qwen/Qwen2.5-Coder-14B-Instruct,1,0,1,1,strict,0.0,0.0,0.0
2026-09-16 07:11:07,L-M07_m-qwen2.5-coder-14b_sol1_gd1_rs0_bd1_str-strict_t00_n1,513,3,1,Qwen/Qwen2.5-Coder-14B-Instruct,1,0,1,1,strict,0.0,0.0,0.0
2026-09-16 07:11:17,L-M07_m-qwen2.5-coder-14b_sol1_gd1_rs0_bd1_str-strict_t00_n1,514,1,1,Qwen/Qwen2.5-Coder-14B-Instruct,1,0,1,1,strict,0.0,0.0,0.0
2026-09-16 07:11:25,L-M07_m-qwen2.5-coder-14b_sol1_gd1_rs0_bd1_str-strict_t00_n1,514,2,1,Qwen/Qwen2.5-Coder-14B-Instruct,1,0,1,1,strict,0.0,0.0,0.0
2026-09-16 07:11:36,L-M07_m-qwen2.5-coder-14b_sol1_gd1_rs0_bd1_str-strict_t00_n1,514,3,1,Qwen/Qwen2.5-Coder-14B-Instruct,1,0,1,1,strict,0.0,0.0,0.0
2026-09-16 07:11:40,L-M07_m-qwen2.5-coder-14b_sol1_gd1_rs0_bd1_str-strict_t00_n1,514,4,1,Qwen/Qwen2.5-Coder-14B-Instruct,1,0,1,1,strict,0.0,0.0,0.0
2026-09-16 07:11:51,L-M07_m-qwen2.5-coder-14b_sol1_gd1_rs0_bd1_str-strict_t00_n1,515,1,1,Qwen/Qwen2.5-Coder-14B-Instruct,1,0,1,1,strict,0.0,0.0,0.0
2026-09-16 07:12:00,L-M07_m-qwen2.5-coder-14b_sol1_gd1_rs0_bd1_str-strict_t00_n1,515,2,1,Qwen/Qwen2.5-Coder-14B-Instruct,1,0,1,1,strict,0.0,0.0,0.0
2026-09-16 07:12:15,L-M07_m-qwen2.5-coder-14b_sol1_gd1_rs0_bd1_str-strict_t00_n1,515,3,1,Qwen/Qwen2.5-Coder-14B-Instruct,1,0,1,1,strict,0.0,0.0,0.0
2026-09-16 07:12:26,L-M07_m-qwen2.5-coder-14b_sol1_gd1_rs0_bd1_str-strict_t00_n1,516,1,1,Qwen/Qwen2.5-Coder-14B-Instruct,1,0,1,1,strict,0.0,0.0,0.0
2026-09-16 07:12:35,L-M07_m-qwen2.5-coder-14b_sol1_gd1_rs0_bd1_str-strict_t00_n1,516,2,1,Qwen/Qwen2.5-Coder-14B-Instruct,1,0,1,1,strict,0.0,0.0,0.0
2026-09-16 07:12:46,L-M07_m-qwen2.5-coder-14b_sol1_gd1_rs0_bd1_str-strict_t00_n1,516,3,1,Qwen/Qwen2.5-Coder-14B-Instruct,1,0,1,1,strict,0.0,0.0,0.0
2026-09-16 07:12:51,L-M07_m-qwen2.5-coder-14b_sol1_gd1_rs0_bd1_str-strict_t00_n1,516,4,1,Qwen/Qwen2.5-Coder-14B-Instruct,1,0,1,1,strict,0.0,0.0,0.0
2026-09-16 07:13:02,L-M07_m-qwen2.5-coder-14b_sol1_gd1_rs0_bd1_str-strict_t00_n1,517,1,1,Qwen/Qwen2.5-Coder-14B-Instruct,1,0,1,1,strict,0.0,0.0,0.0
2026-09-16 07:13:10,L-M07_m-qwen2.5-coder-14b_sol1_gd1_rs0_bd1_str-strict_t00_n1,517,2,1,Qwen/Qwen2.5-Coder-14B-Instruct,1,0,1,1,strict,0.0,0.0,0.0
2026-09-16 07:13:21,L-M07_m-qwen2.5-coder-14b_sol1_gd1_rs0_bd1_str-strict_t00_n1,517,3,1,Qwen/Qwen2.5-Coder-14B-Instruct,1,0,1,1,strict,0.0,0.0,0.0
2026-09-16 07:13:27,L-M07_m-qwen2.5-coder-14b_sol1_gd1_rs0_bd1_str-strict_t00_n1,517,4,1,Qwen/Qwen2.5-Coder-14B-Instruct,1,0,1,1,strict,0.0,0.0,0.0
2026-09-16 07:13:37,L-M07_m-qwen2.5-coder-14b_sol1_gd1_rs0_bd1_str-strict_t00_n1,518,1,1,Qwen/Qwen2.5-Coder-14B-Instruct,1,0,1,1,strict,0.0,0.0,0.0
2026-09-16 07:13:46,L-M07_m-qwen2.5-coder-14b_sol1_gd1_rs0_bd1_str-strict_t00_n1,518,2,1,Qwen/Qwen2.5-Coder-14B-Instruct,1,0,1,1,strict,0.0,0.0,0.0
2026-09-16 07:14:00,L-M07_m-qwen2.5-coder-14b_sol1_gd1_rs0_bd1_str-strict_t00_n1,518,3,1,Qwen/Qwen2.5-Coder-14B-Instruct,1,0,1,1,strict,0.0,0.0,0.0
2026-09-16 07:14:10,L-M07_m-qwen2.5-coder-14b_sol1_gd1_rs0_bd1_str-strict_t00_n1,519,1,1,Qwen/Qwen2.5-Coder-14B-Instruct,1,0,1,1,strict,0.0,0.0,0.0
2026-09-16 07:14:19,L-M07_m-qwen2.5-coder-14b_sol1_gd1_rs0_bd1_str-strict_t00_n1,519,2,1,Qwen/Qwen2.5-Coder-14B-Instruct,1,0,1,1,strict,0.0,0.0,0.0
2026-09-16 07:14:30,L-M07_m-qwen2.5-coder-14b_sol1_gd1_rs0_bd1_str-strict_t00_n1,519,3,1,Qwen/Qwen2.5-Coder-14B-Instruct,1,0,1,1,strict,0.0,0.0,0.0
2026-09-16 07:14:40,L-M07_m-qwen2.5-coder-14b_sol1_gd1_rs0_bd1_str-strict_t00_n1,520,1,1,Qwen/Qwen2.5-Coder-14B-Instruct,1,0,1,1,strict,0.0,0.0,0.0
2026-09-16 07:14:49,L-M07_m-qwen2.5-coder-14b_sol1_gd1_rs0_bd1_str-strict_t00_n1,520,2,1,Qwen/Qwen2.5-Coder-14B-Instruct,1,0,1,1,strict,0.0,0.0,0.0
2026-09-16 07:15:00,L-M07_m-qwen2.5-coder-14b_sol1_gd1_rs0_bd1_str-strict_t00_n1,520,3,1,Qwen/Qwen2.5-Coder-14B-Instruct,1,0,1,1,strict,0.0,0.0,0.0
2026-09-16 07:15:10,L-M07_m-qwen2.5-coder-14b_sol1_gd1_rs0_bd1_str-strict_t00_n1,521,1,1,Qwen/Qwen2.5-Coder-14B-Instruct,1,0,1,1,strict,0.0,0.0,0.0
2026-09-16 07:15:20,L-M07_m-qwen2.5-coder-14b_sol1_gd1_rs0_bd1_str-strict_t00_n1,521,2,1,Qwen/Qwen2.5-Coder-14B-Instruct,1,0,1,1,strict,0.0,0.0,0.0
2026-09-16 07:15:33,L-M07_m-qwen2.5-coder-14b_sol1_gd1_rs0_bd1_str-strict_t00_n1,521,3,1,Qwen/Qwen2.5-Coder-14B-Instruct,1,0,1,1,strict,0.0,0.0,0.0
2026-09-16 07:15:38,L-M07_m-qwen2.5-coder-14b_sol1_gd1_rs0_bd1_str-strict_t00_n1,521,4,1,Qwen/Qwen2.5-Coder-14B-Instruct,1,0,1,1,strict,0.0,0.0,0.0
2026-09-16 07:15:48,L-M07_m-qwen2.5-coder-14b_sol1_gd1_rs0_bd1_str-strict_t00_n1,522,1,1,Qwen/Qwen2.5-Coder-14B-Instruct,1,0,1,1,strict,0.0,0.0,0.0
2026-09-16 07:15:58,L-M07_m-qwen2.5-coder-14b_sol1_gd1_rs0_bd1_str-strict_t00_n1,522,2,1,Qwen/Qwen2.5-Coder-14B-Instruct,1,0,1,1,strict,0.0,0.0,0.0
2026-09-16 07:16:09,L-M07_m-qwen2.5-coder-14b_sol1_gd1_rs0_bd1_str-strict_t00_n1,522,3,1,Qwen/Qwen2.5-Coder-14B-Instruct,1,0,1,1,strict,0.0,0.0,0.0
2026-09-16 07:16:19,L-M07_m-qwen2.5-coder-14b_sol1_gd1_rs0_bd1_str-strict_t00_n1,523,1,1,Qwen/Qwen2.5-Coder-14B-Instruct,1,0,1,1,strict,0.0,0.0,0.0
2026-09-16 07:16:28,L-M07_m-qwen2.5-coder-14b_sol1_gd1_rs0_bd1_str-strict_t00_n1,523,2,1,Qwen/Qwen2.5-Coder-14B-Instruct,1,0,1,1,strict,0.0,0.0,0.0
2026-09-16 07:16:39,L-M07_m-qwen2.5-coder-14b_sol1_gd1_rs0_bd1_str-strict_t00_n1,523,3,1,Qwen/Qwen2.5-Coder-14B-Instruct,1,0,1,1,strict,0.0,0.0,0.0
2026-09-16 07:16:49,L-M07_m-qwen2.5-coder-14b_sol1_gd1_rs0_bd1_str-strict_t00_n1,524,1,1,Qwen/Qwen2.5-Coder-14B-Instruct,1,0,1,1,strict,0.0,0.0,0.0
2026-09-16 07:16:57,L-M07_m-qwen2.5-coder-14b_sol1_gd1_rs0_bd1_str-strict_t00_n1,524,2,1,Qwen/Qwen2.5-Coder-14B-Instruct,1,0,1,1,strict,0.0,0.0,0.0
2026-09-16 07:17:09,L-M07_m-qwen2.5-coder-14b_sol1_gd1_rs0_bd1_str-strict_t00_n1,524,3,1,Qwen/Qwen2.5-Coder-14B-Instruct,1,0,1,1,strict,0.0,0.0,0.0
2026-09-16 07:17:19,L-M07_m-qwen2.5-coder-14b_sol1_gd1_rs0_bd1_str-strict_t00_n1,525,1,1,Qwen/Qwen2.5-Coder-14B-Instruct,1,0,1,1,strict,0.0,0.0,0.0
2026-09-16 07:17:28,L-M07_m-qwen2.5-coder-14b_sol1_gd1_rs0_bd1_str-strict_t00_n1,525,2,1,Qwen/Qwen2.5-Coder-14B-Instruct,1,0,1,1,strict,0.0,0.0,0.0
2026-09-16 07:17:36,L-M07_m-qwen2.5-coder-14b_sol1_gd1_rs0_bd1_str-strict_t00_n1,525,3,1,Qwen/Qwen2.5-Coder-14B-Instruct,1,0,1,1,strict,0.0,0.0,0.0
2026-09-16 07:17:46,L-M07_m-qwen2.5-coder-14b_sol1_gd1_rs0_bd1_str-strict_t00_n1,526,1,1,Qwen/Qwen2.5-Coder-14B-Instruct,1,0,1,1,strict,0.0,0.0,0.0
2026-09-16 07:17:56,L-M07_m-qwen2.5-coder-14b_sol1_gd1_rs0_bd1_str-strict_t00_n1,526,2,1,Qwen/Qwen2.5-Coder-14B-Instruct,1,0,1,1,strict,0.0,0.0,0.0
2026-09-16 07:18:08,L-M07_m-qwen2.5-coder-14b_sol1_gd1_rs0_bd1_str-strict_t00_n1,526,3,1,Qwen/Qwen2.5-Coder-14B-Instruct,1,0,1,1,strict,0.0,0.0,0.0
2026-09-16 07:18:13,L-M07_m-qwen2.5-coder-14b_sol1_gd1_rs0_bd1_str-strict_t00_n1,526,4,1,Qwen/Qwen2.5-Coder-14B-Instruct,1,0,1,1,strict,0.0,0.0,0.0
2026-09-16 07:18:23,L-M07_m-qwen2.5-coder-14b_sol1_gd1_rs0_bd1_str-strict_t00_n1,527,1,1,Qwen/Qwen2.5-Coder-14B-Instruct,1,0,1,1,strict,0.0,0.0,0.0
2026-09-16 07:18:32,L-M07_m-qwen2.5-coder-14b_sol1_gd1_rs0_bd1_str-strict_t00_n1,527,2,1,Qwen/Qwen2.5-Coder-14B-Instruct,1,0,1,1,strict,0.0,0.0,0.0
2026-09-16 07:18:38,L-M07_m-qwen2.5-coder-14b_sol1_gd1_rs0_bd1_str-strict_t00_n1,527,3,1,Qwen/Qwen2.5-Coder-14B-Instruct,1,0,1,1,strict,0.0,0.0,0.0
2026-09-16 07:18:48,L-M07_m-qwen2.5-coder-14b_sol1_gd1_rs0_bd1_str-strict_t00_n1,528,1,1,Qwen/Qwen2.5-Coder-14B-Instruct,1,0,1,1,strict,0.0,0.0,0.0
2026-09-16 07:18:57,L-M07_m-qwen2.5-coder-14b_sol1_gd1_rs0_bd1_str-strict_t00_n1,528,2,1,Qwen/Qwen2.5-Coder-14B-Instruct,1,0,1,1,strict,0.0,0.0,0.0
2026-09-16 07:19:04,L-M07_m-qwen2.5-coder-14b_sol1_gd1_rs0_bd1_str-strict_t00_n1,528,3,1,Qwen/Qwen2.5-Coder-14B-Instruct,1,0,1,1,strict,0.0,0.0,0.0
2026-09-16 07:19:09,L-M07_m-qwen2.5-coder-14b_sol1_gd1_rs0_bd1_str-strict_t00_n1,528,4,1,Qwen/Qwen2.5-Coder-14B-Instruct,1,0,1,1,strict,0.0,0.0,0.0
2026-09-16 07:19:20,L-M07_m-qwen2.5-coder-14b_sol1_gd1_rs0_bd1_str-strict_t00_n1,529,1,1,Qwen/Qwen2.5-Coder-14B-Instruct,1,0,1,1,strict,0.0,0.0,0.0
2026-09-16 07:19:29,L-M07_m-qwen2.5-coder-14b_sol1_gd1_rs0_bd1_str-strict_t00_n1,529,2,1,Qwen/Qwen2.5-Coder-14B-Instruct,1,0,1,1,strict,0.0,0.0,0.0
2026-09-16 07:19:42,L-M07_m-qwen2.5-coder-14b_sol1_gd1_rs0_bd1_str-strict_t00_n1,529,3,1,Qwen/Qwen2.5-Coder-14B-Instruct,1,0,1,1,strict,0.0,0.0,0.0
2026-09-16 07:19:56,L-M07_m-qwen2.5-coder-14b_sol1_gd1_rs0_bd1_str-strict_t00_n1,530,1,1,Qwen/Qwen2.5-Coder-14B-Instruct,1,0,1,1,strict,0.0,0.0,0.0
2026-09-16 07:20:03,L-M07_m-qwen2.5-coder-14b_sol1_gd1_rs0_bd1_str-strict_t00_n1,530,2,1,Qwen/Qwen2.5-Coder-14B-Instruct,1,0,1,1,strict,0.0,0.0,0.0
2026-09-16 07:20:18,L-M07_m-qwen2.5-coder-14b_sol1_gd1_rs0_bd1_str-strict_t00_n1,530,3,1,Qwen/Qwen2.5-Coder-14B-Instruct,1,0,1,1,strict,0.0,0.0,0.0
2026-09-16 07:20:22,L-M07_m-qwen2.5-coder-14b_sol1_gd1_rs0_bd1_str-strict_t00_n1,530,4,1,Qwen/Qwen2.5-Coder-14B-Instruct,1,0,1,1,strict,0.0,0.0,0.0
2026-09-16 07:20:33,L-M07_m-qwen2.5-coder-14b_sol1_gd1_rs0_bd1_str-strict_t00_n1,531,1,1,Qwen/Qwen2.5-Coder-14B-Instruct,1,0,1,1,strict,0.0,0.0,0.0
2026-09-16 07:20:43,L-M07_m-qwen2.5-coder-14b_sol1_gd1_rs0_bd1_str-strict_t00_n1,531,2,1,Qwen/Qwen2.5-Coder-14B-Instruct,1,0,1,1,strict,0.0,0.0,0.0
2026-09-16 07:20:57,L-M07_m-qwen2.5-coder-14b_sol1_gd1_rs0_bd1_str-strict_t00_n1,531,3,1,Qwen/Qwen2.5-Coder-14B-Instruct,1,0,1,1,strict,0.0,0.0,0.0
2026-09-16 07:21:03,L-M07_m-qwen2.5-coder-14b_sol1_gd1_rs0_bd1_str-strict_t00_n1,531,4,1,Qwen/Qwen2.5-Coder-14B-Instruct,1,0,1,1,strict,0.0,0.0,0.0
2026-09-16 07:21:13,L-M07_m-qwen2.5-coder-14b_sol1_gd1_rs0_bd1_str-strict_t00_n1,532,1,1,Qwen/Qwen2.5-Coder-14B-Instruct,1,0,1,1,strict,0.0,0.0,0.0
2026-09-16 07:21:22,L-M07_m-qwen2.5-coder-14b_sol1_gd1_rs0_bd1_str-strict_t00_n1,532,2,1,Qwen/Qwen2.5-Coder-14B-Instruct,1,0,1,1,strict,0.0,0.0,0.0
2026-09-16 07:21:34,L-M07_m-qwen2.5-coder-14b_sol1_gd1_rs0_bd1_str-strict_t00_n1,532,3,1,Qwen/Qwen2.5-Coder-14B-Instruct,1,0,1,1,strict,0.0,0.0,0.0
2026-09-16 07:21:39,L-M07_m-qwen2.5-coder-14b_sol1_gd1_rs0_bd1_str-strict_t00_n1,532,4,1,Qwen/Qwen2.5-Coder-14B-Instruct,1,0,1,1,strict,0.0,0.0,0.0
2026-09-16 07:21:49,L-M07_m-qwen2.5-coder-14b_sol1_gd1_rs0_bd1_str-strict_t00_n1,533,1,1,Qwen/Qwen2.5-Coder-14B-Instruct,1,0,1,1,strict,0.0,0.0,0.0
2026-09-16 07:21:58,L-M07_m-qwen2.5-coder-14b_sol1_gd1_rs0_bd1_str-strict_t00_n1,533,2,1,Qwen/Qwen2.5-Coder-14B-Instruct,1,0,1,1,strict,0.0,0.0,0.0
2026-09-16 07:22:15,L-M07_m-qwen2.5-coder-14b_sol1_gd1_rs0_bd1_str-strict_t00_n1,533,3,1,Qwen/Qwen2.5-Coder-14B-Instruct,1,0,1,1,strict,0.0,0.0,0.0
2026-09-16 07:22:24,L-M07_m-qwen2.5-coder-14b_sol1_gd1_rs0_bd1_str-strict_t00_n1,534,1,1,Qwen/Qwen2.5-Coder-14B-Instruct,1,0,1,1,strict,0.0,0.0,0.0
2026-09-16 07:22:33,L-M07_m-qwen2.5-coder-14b_sol1_gd1_rs0_bd1_str-strict_t00_n1,534,2,1,Qwen/Qwen2.5-Coder-14B-Instruct,1,0,1,1,strict,0.0,0.0,0.0
2026-09-16 07:22:47,L-M07_m-qwen2.5-coder-14b_sol1_gd1_rs0_bd1_str-strict_t00_n1,534,3,1,Qwen/Qwen2.5-Coder-14B-Instruct,1,0,1,1,strict,0.0,0.0,0.0
2026-09-16 07:22:53,L-M07_m-qwen2.5-coder-14b_sol1_gd1_rs0_bd1_str-strict_t00_n1,534,4,1,Qwen/Qwen2.5-Coder-14B-Instruct,1,0,1,1,strict,0.0,0.0,0.0
2026-09-16 07:23:03,L-M07_m-qwen2.5-coder-14b_sol1_gd1_rs0_bd1_str-strict_t00_n1,535,1,1,Qwen/Qwen2.5-Coder-14B-Instruct,1,0,1,1,strict,0.0,0.0,0.0
2026-09-16 07:23:13,L-M07_m-qwen2.5-coder-14b_sol1_gd1_rs0_bd1_str-strict_t00_n1,535,2,1,Qwen/Qwen2.5-Coder-14B-Instruct,1,0,1,1,strict,0.0,0.0,0.0
2026-09-16 07:23:27,L-M07_m-qwen2.5-coder-14b_sol1_gd1_rs0_bd1_str-strict_t00_n1,535,3,1,Qwen/Qwen2.5-Coder-14B-Instruct,1,0,1,1,strict,0.0,0.0,0.0
2026-09-16 07:23:33,L-M07_m-qwen2.5-coder-14b_sol1_gd1_rs0_bd1_str-strict_t00_n1,535,4,1,Qwen/Qwen2.5-Coder-14B-Instruct,1,0,1,1,strict,0.0,0.0,0.0
2026-09-16 07:23:43,L-M07_m-qwen2.5-coder-14b_sol1_gd1_rs0_bd1_str-strict_t00_n1,536,1,1,Qwen/Qwen2.5-Coder-14B-Instruct,1,0,1,1,strict,0.0,0.0,0.0
2026-09-16 07:23:52,L-M07_m-qwen2.5-coder-14b_sol1_gd1_rs0_bd1_str-strict_t00_n1,536,2,1,Qwen/Qwen2.5-Coder-14B-Instruct,1,0,1,1,strict,0.0,0.0,0.0
2026-09-16 07:24:00,L-M07_m-qwen2.5-coder-14b_sol1_gd1_rs0_bd1_str-strict_t00_n1,536,3,1,Qwen/Qwen2.5-Coder-14B-Instruct,1,0,1,1,strict,0.0,0.0,0.0
2026-09-16 07:24:05,L-M07_m-qwen2.5-coder-14b_sol1_gd1_rs0_bd1_str-strict_t00_n1,536,4,1,Qwen/Qwen2.5-Coder-14B-Instruct,1,0,1,1,strict,0.0,0.0,0.0
2026-09-16 07:24:14,L-M07_m-qwen2.5-coder-14b_sol1_gd1_rs0_bd1_str-strict_t00_n1,537,1,1,Qwen/Qwen2.5-Coder-14B-Instruct,1,0,1,1,strict,0.0,0.0,0.0
2026-09-16 07:24:24,L-M07_m-qwen2.5-coder-14b_sol1_gd1_rs0_bd1_str-strict_t00_n1,537,2,1,Qwen/Qwen2.5-Coder-14B-Instruct,1,0,1,1,strict,0.0,0.0,0.0
2026-09-16 07:24:33,L-M07_m-qwen2.5-coder-14b_sol1_gd1_rs0_bd1_str-strict_t00_n1,537,3,1,Qwen/Qwen2.5-Coder-14B-Instruct,1,0,1,1,strict,0.0,0.0,0.0
2026-09-16 07:24:43,L-M07_m-qwen2.5-coder-14b_sol1_gd1_rs0_bd1_str-strict_t00_n1,538,1,1,Qwen/Qwen2.5-Coder-14B-Instruct,1,0,1,1,strict,0.0,0.0,0.0
2026-09-16 07:24:51,L-M07_m-qwen2.5-coder-14b_sol1_gd1_rs0_bd1_str-strict_t00_n1,538,2,1,Qwen/Qwen2.5-Coder-14B-Instruct,1,0,1,1,strict,0.0,0.0,0.0
2026-09-16 07:25:13,L-M07_m-qwen2.5-coder-14b_sol1_gd1_rs0_bd1_str-strict_t00_n1,538,3,1,Qwen/Qwen2.5-Coder-14B-Instruct,1,0,1,1,strict,0.0,0.0,0.0
2026-09-16 07:25:23,L-M07_m-qwen2.5-coder-14b_sol1_gd1_rs0_bd1_str-strict_t00_n1,539,1,1,Qwen/Qwen2.5-Coder-14B-Instruct,1,0,1,1,strict,0.0,0.0,0.0
2026-09-16 07:25:32,L-M07_m-qwen2.5-coder-14b_sol1_gd1_rs0_bd1_str-strict_t00_n1,539,2,1,Qwen/Qwen2.5-Coder-14B-Instruct,1,0,1,1,strict,0.0,0.0,0.0
2026-09-16 07:25:43,L-M07_m-qwen2.5-coder-14b_sol1_gd1_rs0_bd1_str-strict_t00_n1,539,3,1,Qwen/Qwen2.5-Coder-14B-Instruct,1,0,1,1,strict,0.0,0.0,0.0
2026-09-16 07:25:53,L-M07_m-qwen2.5-coder-14b_sol1_gd1_rs0_bd1_str-strict_t00_n1,540,1,1,Qwen/Qwen2.5-Coder-14B-Instruct,1,0,1,1,strict,0.0,0.0,0.0
2026-09-16 07:26:02,L-M07_m-qwen2.5-coder-14b_sol1_gd1_rs0_bd1_str-strict_t00_n1,540,2,1,Qwen/Qwen2.5-Coder-14B-Instruct,1,0,1,1,strict,0.0,0.0,0.0
2026-09-16 07:26:11,L-M07_m-qwen2.5-coder-14b_sol1_gd1_rs0_bd1_str-strict_t00_n1,540,3,1,Qwen/Qwen2.5-Coder-14B-Instruct,1,0,1,1,strict,0.0,0.0,0.0
2026-09-16 07:26:21,L-M07_m-qwen2.5-coder-14b_sol1_gd1_rs0_bd1_str-strict_t00_n1,541,1,1,Qwen/Qwen2.5-Coder-14B-Instruct,1,0,1,1,strict,0.0,0.0,0.0
2026-09-16 07:26:30,L-M07_m-qwen2.5-coder-14b_sol1_gd1_rs0_bd1_str-strict_t00_n1,541,2,1,Qwen/Qwen2.5-Coder-14B-Instruct,1,0,1,1,strict,0.0,0.0,0.0
2026-09-16 07:26:41,L-M07_m-qwen2.5-coder-14b_sol1_gd1_rs0_bd1_str-strict_t00_n1,541,3,1,Qwen/Qwen2.5-Coder-14B-Instruct,1,0,1,1,strict,0.0,0.0,0.0
2026-09-16 07:26:48,L-M07_m-qwen2.5-coder-14b_sol1_gd1_rs0_bd1_str-strict_t00_n1,541,4,1,Qwen/Qwen2.5-Coder-14B-Instruct,1,0,1,1,strict,0.0,0.0,0.0
2026-09-16 07:27:07,L-M07_m-qwen2.5-coder-14b_sol1_gd1_rs0_bd1_str-strict_t00_n1,542,1,1,Qwen/Qwen2.5-Coder-14B-Instruct,1,0,1,1,strict,0.0,0.0,0.0
2026-09-16 07:27:16,L-M07_m-qwen2.5-coder-14b_sol1_gd1_rs0_bd1_str-strict_t00_n1,542,2,1,Qwen/Qwen2.5-Coder-14B-Instruct,1,0,1,1,strict,0.0,0.0,0.0
2026-09-16 07:27:28,L-M07_m-qwen2.5-coder-14b_sol1_gd1_rs0_bd1_str-strict_t00_n1,542,3,1,Qwen/Qwen2.5-Coder-14B-Instruct,1,0,1,1,strict,0.0,0.0,0.0
2026-09-16 07:27:38,L-M07_m-qwen2.5-coder-14b_sol1_gd1_rs0_bd1_str-strict_t00_n1,543,1,1,Qwen/Qwen2.5-Coder-14B-Instruct,1,0,1,1,strict,0.0,0.0,0.0
2026-09-16 07:27:48,L-M07_m-qwen2.5-coder-14b_sol1_gd1_rs0_bd1_str-strict_t00_n1,543,2,1,Qwen/Qwen2.5-Coder-14B-Instruct,1,0,1,1,strict,0.0,0.0,0.0
2026-09-16 07:28:01,L-M07_m-qwen2.5-coder-14b_sol1_gd1_rs0_bd1_str-strict_t00_n1,543,3,1,Qwen/Qwen2.5-Coder-14B-Instruct,1,0,1,1,strict,0.0,0.0,0.0
2026-09-16 07:28:12,L-M07_m-qwen2.5-coder-14b_sol1_gd1_rs0_bd1_str-strict_t00_n1,544,1,1,Qwen/Qwen2.5-Coder-14B-Instruct,1,0,1,1,strict,0.0,0.0,0.0
2026-09-16 07:28:20,L-M07_m-qwen2.5-coder-14b_sol1_gd1_rs0_bd1_str-strict_t00_n1,544,2,1,Qwen/Qwen2.5-Coder-14B-Instruct,1,0,1,1,strict,0.0,0.0,0.0
2026-09-16 07:28:31,L-M07_m-qwen2.5-coder-14b_sol1_gd1_rs0_bd1_str-strict_t00_n1,544,3,1,Qwen/Qwen2.5-Coder-14B-Instruct,1,0,1,1,strict,0.0,0.0,0.0
2026-09-16 07:28:37,L-M07_m-qwen2.5-coder-14b_sol1_gd1_rs0_bd1_str-strict_t00_n1,544,4,1,Qwen/Qwen2.5-Coder-14B-Instruct,1,0,1,1,strict,0.0,0.0,0.0
2026-09-16 07:28:47,L-M07_m-qwen2.5-coder-14b_sol1_gd1_rs0_bd1_str-strict_t00_n1,545,1,1,Qwen/Qwen2.5-Coder-14B-Instruct,1,0,1,1,strict,0.0,0.0,0.0
2026-09-16 07:28:56,L-M07_m-qwen2.5-coder-14b_sol1_gd1_rs0_bd1_str-strict_t00_n1,545,2,1,Qwen/Qwen2.5-Coder-14B-Instruct,1,0,1,1,strict,0.0,0.0,0.0
2026-09-16 07:29:06,L-M07_m-qwen2.5-coder-14b_sol1_gd1_rs0_bd1_str-strict_t00_n1,545,3,1,Qwen/Qwen2.5-Coder-14B-Instruct,1,0,1,1,strict,0.0,0.0,0.0
2026-09-16 07:29:10,L-M07_m-qwen2.5-coder-14b_sol1_gd1_rs0_bd1_str-strict_t00_n1,545,4,1,Qwen/Qwen2.5-Coder-14B-Instruct,1,0,1,1,strict,0.0,0.0,0.0
2026-09-16 07:29:21,L-M07_m-qwen2.5-coder-14b_sol1_gd1_rs0_bd1_str-strict_t00_n1,546,1,1,Qwen/Qwen2.5-Coder-14B-Instruct,1,0,1,1,strict,0.0,0.0,0.0
2026-09-16 07:29:29,L-M07_m-qwen2.5-coder-14b_sol1_gd1_rs0_bd1_str-strict_t00_n1,546,2,1,Qwen/Qwen2.5-Coder-14B-Instruct,1,0,1,1,strict,0.0,0.0,0.0
2026-09-16 07:29:43,L-M07_m-qwen2.5-coder-14b_sol1_gd1_rs0_bd1_str-strict_t00_n1,546,3,1,Qwen/Qwen2.5-Coder-14B-Instruct,1,0,1,1,strict,0.0,0.0,0.0
2026-09-16 07:29:48,L-M07_m-qwen2.5-coder-14b_sol1_gd1_rs0_bd1_str-strict_t00_n1,546,4,1,Qwen/Qwen2.5-Coder-14B-Instruct,1,0,1,1,strict,0.0,0.0,0.0
2026-09-16 07:29:59,L-M07_m-qwen2.5-coder-14b_sol1_gd1_rs0_bd1_str-strict_t00_n1,547,1,1,Qwen/Qwen2.5-Coder-14B-Instruct,1,0,1,1,strict,0.0,0.0,0.0
2026-09-16 07:30:07,L-M07_m-qwen2.5-coder-14b_sol1_gd1_rs0_bd1_str-strict_t00_n1,547,2,1,Qwen/Qwen2.5-Coder-14B-Instruct,1,0,1,1,strict,0.0,0.0,0.0
2026-09-16 07:30:25,L-M07_m-qwen2.5-coder-14b_sol1_gd1_rs0_bd1_str-strict_t00_n1,547,3,1,Qwen/Qwen2.5-Coder-14B-Instruct,1,0,1,1,strict,0.0,0.0,0.0
2026-09-16 07:30:35,L-M07_m-qwen2.5-coder-14b_sol1_gd1_rs0_bd1_str-strict_t00_n1,548,1,1,Qwen/Qwen2.5-Coder-14B-Instruct,1,0,1,1,strict,0.0,0.0,0.0
2026-09-16 07:30:43,L-M07_m-qwen2.5-coder-14b_sol1_gd1_rs0_bd1_str-strict_t00_n1,548,2,1,Qwen/Qwen2.5-Coder-14B-Instruct,1,0,1,1,strict,0.0,0.0,0.0
2026-09-16 07:30:55,L-M07_m-qwen2.5-coder-14b_sol1_gd1_rs0_bd1_str-strict_t00_n1,548,3,1,Qwen/Qwen2.5-Coder-14B-Instruct,1,0,1,1,strict,0.0,0.0,0.0
2026-09-16 07:31:06,L-M07_m-qwen2.5-coder-14b_sol1_gd1_rs0_bd1_str-strict_t00_n1,549,1,1,Qwen/Qwen2.5-Coder-14B-Instruct,1,0,1,1,strict,0.0,0.0,0.0
2026-09-16 07:31:15,L-M07_m-qwen2.5-coder-14b_sol1_gd1_rs0_bd1_str-strict_t00_n1,549,2,1,Qwen/Qwen2.5-Coder-14B-Instruct,1,0,1,1,strict,0.0,0.0,0.0
2026-09-16 07:31:28,L-M07_m-qwen2.5-coder-14b_sol1_gd1_rs0_bd1_str-strict_t00_n1,549,3,1,Qwen/Qwen2.5-Coder-14B-Instruct,1,0,1,1,strict,0.0,0.0,0.0
2026-09-16 07:31:39,L-M07_m-qwen2.5-coder-14b_sol1_gd1_rs0_bd1_str-strict_t00_n1,550,1,1,Qwen/Qwen2.5-Coder-14B-Instruct,1,0,1,1,strict,0.0,0.0,0.0
2026-09-16 07:31:48,L-M07_m-qwen2.5-coder-14b_sol1_gd1_rs0_bd1_str-strict_t00_n1,550,2,1,Qwen/Qwen2.5-Coder-14B-Instruct,1,0,1,1,strict,0.0,0.0,0.0
2026-09-16 07:32:03,L-M07_m-qwen2.5-coder-14b_sol1_gd1_rs0_bd1_str-strict_t00_n1,550,3,1,Qwen/Qwen2.5-Coder-14B-Instruct,1,0,1,1,strict,0.0,0.0,0.0
2026-09-16 07:32:14,L-M07_m-qwen2.5-coder-14b_sol1_gd1_rs0_bd1_str-strict_t00_n1,551,1,1,Qwen/Qwen2.5-Coder-14B-Instruct,1,0,1,1,strict,0.0,0.0,0.0
2026-09-16 07:32:23,L-M07_m-qwen2.5-coder-14b_sol1_gd1_rs0_bd1_str-strict_t00_n1,551,2,1,Qwen/Qwen2.5-Coder-14B-Instruct,1,0,1,1,strict,0.0,0.0,0.0
2026-09-16 07:32:35,L-M07_m-qwen2.5-coder-14b_sol1_gd1_rs0_bd1_str-strict_t00_n1,551,3,1,Qwen/Qwen2.5-Coder-14B-Instruct,1,0,1,1,strict,0.0,0.0,0.0
2026-09-16 07:32:45,L-M07_m-qwen2.5-coder-14b_sol1_gd1_rs0_bd1_str-strict_t00_n1,552,1,1,Qwen/Qwen2.5-Coder-14B-Instruct,1,0,1,1,strict,0.0,10.0,0.0
2026-09-16 07:32:53,L-M07_m-qwen2.5-coder-14b_sol1_gd1_rs0_bd1_str-strict_t00_n1,552,2,1,Qwen/Qwen2.5-Coder-14B-Instruct,1,0,1,1,strict,0.0,0.0,0.0
2026-09-16 07:33:05,L-M07_m-qwen2.5-coder-14b_sol1_gd1_rs0_bd1_str-strict_t00_n1,552,3,1,Qwen/Qwen2.5-Coder-14B-Instruct,1,0,1,1,strict,0.0,0.0,0.0
2026-09-16 07:33:16,L-M07_m-qwen2.5-coder-14b_sol1_gd1_rs0_bd1_str-strict_t00_n1,553,1,1,Qwen/Qwen2.5-Coder-14B-Instruct,1,0,1,1,strict,0.0,0.0,0.0
2026-09-16 07:33:25,L-M07_m-qwen2.5-coder-14b_sol1_gd1_rs0_bd1_str-strict_t00_n1,553,2,1,Qwen/Qwen2.5-Coder-14B-Instruct,1,0,1,1,strict,0.0,0.0,0.0
2026-09-16 07:33:35,L-M07_m-qwen2.5-coder-14b_sol1_gd1_rs0_bd1_str-strict_t00_n1,553,3,1,Qwen/Qwen2.5-Coder-14B-Instruct,1,0,1,1,strict,0.0,0.0,0.0
2026-09-16 07:33:41,L-M07_m-qwen2.5-coder-14b_sol1_gd1_rs0_bd1_str-strict_t00_n1,553,4,1,Qwen/Qwen2.5-Coder-14B-Instruct,1,0,1,1,strict,0.0,0.0,0.0
2026-09-16 07:33:51,L-M07_m-qwen2.5-coder-14b_sol1_gd1_rs0_bd1_str-strict_t00_n1,554,1,1,Qwen/Qwen2.5-Coder-14B-Instruct,1,0,1,1,strict,0.0,0.0,0.0
2026-09-16 07:34:00,L-M07_m-qwen2.5-coder-14b_sol1_gd1_rs0_bd1_str-strict_t00_n1,554,2,1,Qwen/Qwen2.5-Coder-14B-Instruct,1,0,1,1,strict,0.0,0.0,0.0
2026-09-16 07:34:12,L-M07_m-qwen2.5-coder-14b_sol1_gd1_rs0_bd1_str-strict_t00_n1,554,3,1,Qwen/Qwen2.5-Coder-14B-Instruct,1,0,1,1,strict,0.0,0.0,0.0
2026-09-16 07:34:21,L-M07_m-qwen2.5-coder-14b_sol1_gd1_rs0_bd1_str-strict_t00_n1,555,1,1,Qwen/Qwen2.5-Coder-14B-Instruct,1,0,1,1,strict,0.0,0.0,0.0
2026-09-16 07:34:30,L-M07_m-qwen2.5-coder-14b_sol1_gd1_rs0_bd1_str-strict_t00_n1,555,2,1,Qwen/Qwen2.5-Coder-14B-Instruct,1,0,1,1,strict,0.0,0.0,0.0
2026-09-16 07:34:43,L-M07_m-qwen2.5-coder-14b_sol1_gd1_rs0_bd1_str-strict_t00_n1,555,3,1,Qwen/Qwen2.5-Coder-14B-Instruct,1,0,1,1,strict,0.0,0.0,0.0
2026-09-16 07:34:54,L-M07_m-qwen2.5-coder-14b_sol1_gd1_rs0_bd1_str-strict_t00_n1,556,1,1,Qwen/Qwen2.5-Coder-14B-Instruct,1,0,1,1,strict,0.0,0.0,0.0
2026-09-16 07:35:03,L-M07_m-qwen2.5-coder-14b_sol1_gd1_rs0_bd1_str-strict_t00_n1,556,2,1,Qwen/Qwen2.5-Coder-14B-Instruct,1,0,1,1,strict,0.0,0.0,0.0
2026-09-16 07:35:14,L-M07_m-qwen2.5-coder-14b_sol1_gd1_rs0_bd1_str-strict_t00_n1,556,3,1,Qwen/Qwen2.5-Coder-14B-Instruct,1,0,1,1,strict,0.0,0.0,0.0
2026-09-16 07:35:19,L-M07_m-qwen2.5-coder-14b_sol1_gd1_rs0_bd1_str-strict_t00_n1,556,4,1,Qwen/Qwen2.5-Coder-14B-Instruct,1,0,1,1,strict,0.0,0.0,0.0
2026-09-16 07:35:30,L-M07_m-qwen2.5-coder-14b_sol1_gd1_rs0_bd1_str-strict_t00_n1,557,1,1,Qwen/Qwen2.5-Coder-14B-Instruct,1,0,1,1,strict,0.0,0.0,0.0
2026-09-16 07:35:38,L-M07_m-qwen2.5-coder-14b_sol1_gd1_rs0_bd1_str-strict_t00_n1,557,2,1,Qwen/Qwen2.5-Coder-14B-Instruct,1,0,1,1,strict,0.0,0.0,0.0
2026-09-16 07:35:52,L-M07_m-qwen2.5-coder-14b_sol1_gd1_rs0_bd1_str-strict_t00_n1,557,3,1,Qwen/Qwen2.5-Coder-14B-Instruct,1,0,1,1,strict,0.0,0.0,0.0
2026-09-16 07:36:03,L-M07_m-qwen2.5-coder-14b_sol1_gd1_rs0_bd1_str-strict_t00_n1,558,1,1,Qwen/Qwen2.5-Coder-14B-Instruct,1,0,1,1,strict,0.0,0.0,0.0
2026-09-16 07:36:12,L-M07_m-qwen2.5-coder-14b_sol1_gd1_rs0_bd1_str-strict_t00_n1,558,2,1,Qwen/Qwen2.5-Coder-14B-Instruct,1,0,1,1,strict,0.0,0.0,0.0
2026-09-16 07:36:23,L-M07_m-qwen2.5-coder-14b_sol1_gd1_rs0_bd1_str-strict_t00_n1,558,3,1,Qwen/Qwen2.5-Coder-14B-Instruct,1,0,1,1,strict,0.0,0.0,0.0
2026-09-16 07:36:29,L-M07_m-qwen2.5-coder-14b_sol1_gd1_rs0_bd1_str-strict_t00_n1,558,4,1,Qwen/Qwen2.5-Coder-14B-Instruct,1,0,1,1,strict,0.0,0.0,0.0
2026-09-16 07:36:38,L-M07_m-qwen2.5-coder-14b_sol1_gd1_rs0_bd1_str-strict_t00_n1,559,1,1,Qwen/Qwen2.5-Coder-14B-Instruct,1,0,1,1,strict,0.0,0.0,0.0
2026-09-16 07:36:47,L-M07_m-qwen2.5-coder-14b_sol1_gd1_rs0_bd1_str-strict_t00_n1,559,2,1,Qwen/Qwen2.5-Coder-14B-Instruct,1,0,1,1,strict,0.0,0.0,0.0
2026-09-16 07:36:58,L-M07_m-qwen2.5-coder-14b_sol1_gd1_rs0_bd1_str-strict_t00_n1,559,3,1,Qwen/Qwen2.5-Coder-14B-Instruct,1,0,1,1,strict,0.0,0.0,0.0
2026-09-16 07:37:04,L-M07_m-qwen2.5-coder-14b_sol1_gd1_rs0_bd1_str-strict_t00_n1,559,4,1,Qwen/Qwen2.5-Coder-14B-Instruct,1,0,1,1,strict,0.0,0.0,0.0
2026-09-16 07:37:15,L-M07_m-qwen2.5-coder-14b_sol1_gd1_rs0_bd1_str-strict_t00_n1,560,1,1,Qwen/Qwen2.5-Coder-14B-Instruct,1,0,1,1,strict,0.0,0.0,0.0
2026-09-16 07:37:23,L-M07_m-qwen2.5-coder-14b_sol1_gd1_rs0_bd1_str-strict_t00_n1,560,2,1,Qwen/Qwen2.5-Coder-14B-Instruct,1,0,1,1,strict,0.0,0.0,0.0
2026-09-16 07:37:35,L-M07_m-qwen2.5-coder-14b_sol1_gd1_rs0_bd1_str-strict_t00_n1,560,3,1,Qwen/Qwen2.5-Coder-14B-Instruct,1,0,1,1,strict,0.0,0.0,0.0
2026-09-16 07:37:40,L-M07_m-qwen2.5-coder-14b_sol1_gd1_rs0_bd1_str-strict_t00_n1,560,4,1,Qwen/Qwen2.5-Coder-14B-Instruct,1,0,1,1,strict,0.0,0.0,0.0
2026-09-16 07:37:51,L-M07_m-qwen2.5-coder-14b_sol1_gd1_rs0_bd1_str-strict_t00_n1,561,1,1,Qwen/Qwen2.5-Coder-14B-Instruct,1,0,1,1,strict,0.0,0.0,0.0
2026-09-16 07:37:59,L-M07_m-qwen2.5-coder-14b_sol1_gd1_rs0_bd1_str-strict_t00_n1,561,2,1,Qwen/Qwen2.5-Coder-14B-Instruct,1,0,1,1,strict,0.0,0.0,0.0
2026-09-16 07:38:14,L-M07_m-qwen2.5-coder-14b_sol1_gd1_rs0_bd1_str-strict_t00_n1,561,3,1,Qwen/Qwen2.5-Coder-14B-Instruct,1,0,1,1,strict,0.0,0.0,0.0
2026-09-16 07:38:25,L-M07_m-qwen2.5-coder-14b_sol1_gd1_rs0_bd1_str-strict_t00_n1,562,1,1,Qwen/Qwen2.5-Coder-14B-Instruct,1,0,1,1,strict,0.0,0.0,0.0
2026-09-16 07:38:34,L-M07_m-qwen2.5-coder-14b_sol1_gd1_rs0_bd1_str-strict_t00_n1,562,2,1,Qwen/Qwen2.5-Coder-14B-Instruct,1,0,1,1,strict,0.0,0.0,0.0
2026-09-16 07:38:46,L-M07_m-qwen2.5-coder-14b_sol1_gd1_rs0_bd1_str-strict_t00_n1,562,3,1,Qwen/Qwen2.5-Coder-14B-Instruct,1,0,1,1,strict,0.0,0.0,0.0
2026-09-16 07:38:56,L-M07_m-qwen2.5-coder-14b_sol1_gd1_rs0_bd1_str-strict_t00_n1,563,1,1,Qwen/Qwen2.5-Coder-14B-Instruct,1,0,1,1,strict,0.0,0.0,0.0
2026-09-16 07:39:05,L-M07_m-qwen2.5-coder-14b_sol1_gd1_rs0_bd1_str-strict_t00_n1,563,2,1,Qwen/Qwen2.5-Coder-14B-Instruct,1,0,1,1,strict,0.0,0.0,0.0
2026-09-16 07:39:15,L-M07_m-qwen2.5-coder-14b_sol1_gd1_rs0_bd1_str-strict_t00_n1,563,3,1,Qwen/Qwen2.5-Coder-14B-Instruct,1,0,1,1,strict,0.0,0.0,0.0
2026-09-16 07:39:24,L-M07_m-qwen2.5-coder-14b_sol1_gd1_rs0_bd1_str-strict_t00_n1,564,1,1,Qwen/Qwen2.5-Coder-14B-Instruct,1,0,1,1,strict,0.0,0.0,0.0
2026-09-16 07:39:32,L-M07_m-qwen2.5-coder-14b_sol1_gd1_rs0_bd1_str-strict_t00_n1,564,2,1,Qwen/Qwen2.5-Coder-14B-Instruct,1,0,1,1,strict,0.0,0.0,0.0
2026-09-16 07:39:37,L-M07_m-qwen2.5-coder-14b_sol1_gd1_rs0_bd1_str-strict_t00_n1,564,3,1,Qwen/Qwen2.5-Coder-14B-Instruct,1,0,1,1,strict,0.0,0.0,0.0
2026-09-16 07:39:49,L-M07_m-qwen2.5-coder-14b_sol1_gd1_rs0_bd1_str-strict_t00_n1,565,1,1,Qwen/Qwen2.5-Coder-14B-Instruct,1,0,1,1,strict,0.0,0.0,0.0
2026-09-16 07:39:58,L-M07_m-qwen2.5-coder-14b_sol1_gd1_rs0_bd1_str-strict_t00_n1,565,2,1,Qwen/Qwen2.5-Coder-14B-Instruct,1,0,1,1,strict,0.0,6.0,0.0
2026-09-16 07:40:08,L-M07_m-qwen2.5-coder-14b_sol1_gd1_rs0_bd1_str-strict_t00_n1,565,3,1,Qwen/Qwen2.5-Coder-14B-Instruct,1,0,1,1,strict,0.0,0.0,0.0
2026-09-16 07:40:19,L-M07_m-qwen2.5-coder-14b_sol1_gd1_rs0_bd1_str-strict_t00_n1,566,1,1,Qwen/Qwen2.5-Coder-14B-Instruct,1,0,1,1,strict,0.0,0.0,0.0
2026-09-16 07:40:27,L-M07_m-qwen2.5-coder-14b_sol1_gd1_rs0_bd1_str-strict_t00_n1,566,2,1,Qwen/Qwen2.5-Coder-14B-Instruct,1,0,1,1,strict,0.0,0.0,0.0
2026-09-16 07:40:38,L-M07_m-qwen2.5-coder-14b_sol1_gd1_rs0_bd1_str-strict_t00_n1,566,3,1,Qwen/Qwen2.5-Coder-14B-Instruct,1,0,1,1,strict,0.0,0.0,0.0
2026-09-16 07:40:43,L-M07_m-qwen2.5-coder-14b_sol1_gd1_rs0_bd1_str-strict_t00_n1,566,4,1,Qwen/Qwen2.5-Coder-14B-Instruct,1,0,1,1,strict,0.0,0.0,0.0
2026-09-16 07:40:53,L-M07_m-qwen2.5-coder-14b_sol1_gd1_rs0_bd1_str-strict_t00_n1,567,1,1,Qwen/Qwen2.5-Coder-14B-Instruct,1,0,1,1,strict,0.0,0.0,0.0
2026-09-16 07:41:02,L-M07_m-qwen2.5-coder-14b_sol1_gd1_rs0_bd1_str-strict_t00_n1,567,2,1,Qwen/Qwen2.5-Coder-14B-Instruct,1,0,1,1,strict,0.0,0.0,0.0
2026-09-16 07:41:10,L-M07_m-qwen2.5-coder-14b_sol1_gd1_rs0_bd1_str-strict_t00_n1,567,3,1,Qwen/Qwen2.5-Coder-14B-Instruct,1,0,1,1,strict,0.0,0.0,0.0
2026-09-16 07:41:30,L-M07_m-qwen2.5-coder-14b_sol1_gd1_rs0_bd1_str-strict_t00_n1,568,1,1,Qwen/Qwen2.5-Coder-14B-Instruct,1,0,1,1,strict,0.0,0.0,0.0
2026-09-16 07:41:39,L-M07_m-qwen2.5-coder-14b_sol1_gd1_rs0_bd1_str-strict_t00_n1,568,2,1,Qwen/Qwen2.5-Coder-14B-Instruct,1,0,1,1,strict,0.0,0.0,0.0
2026-09-16 07:41:52,L-M07_m-qwen2.5-coder-14b_sol1_gd1_rs0_bd1_str-strict_t00_n1,568,3,1,Qwen/Qwen2.5-Coder-14B-Instruct,1,0,1,1,strict,0.0,0.0,0.0
2026-09-16 07:41:57,L-M07_m-qwen2.5-coder-14b_sol1_gd1_rs0_bd1_str-strict_t00_n1,568,4,1,Qwen/Qwen2.5-Coder-14B-Instruct,1,0,1,1,strict,0.0,0.0,0.0
2026-09-16 07:42:07,L-M07_m-qwen2.5-coder-14b_sol1_gd1_rs0_bd1_str-strict_t00_n1,569,1,1,Qwen/Qwen2.5-Coder-14B-Instruct,1,0,1,1,strict,0.0,0.0,0.0
2026-09-16 07:42:16,L-M07_m-qwen2.5-coder-14b_sol1_gd1_rs0_bd1_str-strict_t00_n1,569,2,1,Qwen/Qwen2.5-Coder-14B-Instruct,1,0,1,1,strict,0.0,0.0,0.0
2026-09-16 07:42:30,L-M07_m-qwen2.5-coder-14b_sol1_gd1_rs0_bd1_str-strict_t00_n1,569,3,1,Qwen/Qwen2.5-Coder-14B-Instruct,1,0,1,1,strict,0.0,0.0,0.0
2026-09-16 07:42:40,L-M07_m-qwen2.5-coder-14b_sol1_gd1_rs0_bd1_str-strict_t00_n1,570,1,1,Qwen/Qwen2.5-Coder-14B-Instruct,1,0,1,1,strict,0.0,0.0,0.0
2026-09-16 07:42:49,L-M07_m-qwen2.5-coder-14b_sol1_gd1_rs0_bd1_str-strict_t00_n1,570,2,1,Qwen/Qwen2.5-Coder-14B-Instruct,1,0,1,1,strict,0.0,0.0,0.0
2026-09-16 07:43:00,L-M07_m-qwen2.5-coder-14b_sol1_gd1_rs0_bd1_str-strict_t00_n1,570,3,1,Qwen/Qwen2.5-Coder-14B-Instruct,1,0,1,1,strict,0.0,0.0,0.0
