timestamp,tag,student,question,run,model,use_solution,use_reasoning,use_breakdown,use_guidelines,strictness,temperature,score,bonus
2026-05-23 21:01:25,L-N03_m-qwen2.5-72b_sol1_gd1_rs0_bd1_str-lenient_t00_n1,1,1,1,Qwen/Qwen2.5-72B-Instruct,1,0,1,1,lenient,0.0,11.5,0.0
2026-05-23 21:01:39,L-N03_m-qwen2.5-72b_sol1_gd1_rs0_bd1_str-lenient_t00_n1,1,2,1,Qwen/Qwen2.5-72B-Instruct,1,0,1,1,lenient,0.0,9.5,0.0
2026-05-23 21:01:58,L-N03_m-qwen2.5-72b_sol1_gd1_rs0_bd1_str-lenient_t00_n1,1,3,1,Qwen/Qwen2.5-72B-Instruct,1,0,1,1,lenient,0.0,8.5,0.0
2026-05-23 21:02:12,L-N03_m-qwen2.5-72b_sol1_gd1_rs0_bd1_str-lenient_t00_n1,2,1,1,Qwen/Qwen2.5-72B-Instruct,1,0,1,1,lenient,0.0,11.5,0.0
2026-05-23 21:02:24,L-N03_m-qwen2.5-72b_sol1_gd1_rs0_bd1_str-lenient_t00_n1,2,2,1,Qwen/Qwen2.5-72B-Instruct,1,0,1,1,lenient,0.0,10.0,3.0
2026-05-23 21:02:36,L-N03_m-qwen2.5-72b_sol1_gd1_rs0_bd1_str-lenient_t00_n1,2,3,1,Qwen/Qwen2.5-72B-Instruct,1,0,1,1,lenient,0.0,11.5,0.0
2026-05-23 21:02:49,L-N03_m-qwen2.5-72b_sol1_gd1_rs0_bd1_str-lenient_t00_n1,3,1,1,Qwen/Qwen2.5-72B-Instruct,1,0,1,1,lenient,0.0,11.5,0.0
2026-05-23 21:03:02,L-N03_m-qwen2.5-72b_sol1_gd1_rs0_bd1_str-lenient_t00_n1,3,2,1,Qwen/Qwen2.5-72B-Instruct,1,0,1,1,lenient,0.0,9.5,0.0
2026-05-23 21:03:13,L-N03_m-qwen2.5-72b_sol1_gd1_rs0_bd1_str-lenient_t00_n1,3,3,1,Qwen/Qwen2.5-72B-Instruct,1,0,1,1,lenient,0.0,11.5,0.0
2026-05-23 21:03:27,L-N03_m-qwen2.5-72b_sol1_gd1_rs0_bd1_str-lenient_t00_n1,4,1,1,Qwen/Qwen2.5-72B-Instruct,1,0,1,1,lenient,0.0,11.5,3.5
2026-05-23 21:03:39,L-N03_m-qwen2.5-72b_sol1_gd1_rs0_bd1_str-lenient_t00_n1,4,2,1,Qwen/Qwen2.5-72B-Instruct,1,0,1,1,lenient,0.0,10.0,3.0
2026-05-23 21:03:50,L-N03_m-qwen2.5-72b_sol1_gd1_rs0_bd1_str-lenient_t00_n1,4,3,1,Qwen/Qwen2.5-72B-Instruct,1,0,1,1,lenient,0.0,9.0,0.0
2026-05-23 21:03:56,L-N03_m-qwen2.5-72b_sol1_gd1_rs0_bd1_str-lenient_t00_n1,4,4,1,Qwen/Qwen2.5-72B-Instruct,1,0,1,1,lenient,0.0,5.0,0.0
2026-05-23 21:04:19,L-N03_m-qwen2.5-72b_sol1_gd1_rs0_bd1_str-lenient_t00_n1,5,1,1,Qwen/Qwen2.5-72B-Instruct,1,0,1,1,lenient,0.0,9.5,0.0
2026-05-23 21:04:31,L-N03_m-qwen2.5-72b_sol1_gd1_rs0_bd1_str-lenient_t00_n1,5,2,1,Qwen/Qwen2.5-72B-Instruct,1,0,1,1,lenient,0.0,9.5,0.0
2026-05-23 21:04:42,L-N03_m-qwen2.5-72b_sol1_gd1_rs0_bd1_str-lenient_t00_n1,5,3,1,Qwen/Qwen2.5-72B-Instruct,1,0,1,1,lenient,0.0,11.0,0.0
2026-05-23 21:04:55,L-N03_m-qwen2.5-72b_sol1_gd1_rs0_bd1_str-lenient_t00_n1,6,1,1,Qwen/Qwen2.5-72B-Instruct,1,0,1,1,lenient,0.0,11.5,0.0
2026-05-23 21:05:06,L-N03_m-qwen2.5-72b_sol1_gd1_rs0_bd1_str-lenient_t00_n1,6,2,1,Qwen/Qwen2.5-72B-Instruct,1,0,1,1,lenient,0.0,10.5,3.0
2026-05-23 21:05:22,L-N03_m-qwen2.5-72b_sol1_gd1_rs0_bd1_str-lenient_t00_n1,6,3,1,Qwen/Qwen2.5-72B-Instruct,1,0,1,1,lenient,0.0,10.0,0.0
2026-05-23 21:05:26,L-N03_m-qwen2.5-72b_sol1_gd1_rs0_bd1_str-lenient_t00_n1,6,4,1,Qwen/Qwen2.5-72B-Instruct,1,0,1,1,lenient,0.0,0.0,0.0
2026-05-23 21:05:37,L-N03_m-qwen2.5-72b_sol1_gd1_rs0_bd1_str-lenient_t00_n1,7,1,1,Qwen/Qwen2.5-72B-Instruct,1,0,1,1,lenient,0.0,11.5,0.0
2026-05-23 21:05:50,L-N03_m-qwen2.5-72b_sol1_gd1_rs0_bd1_str-lenient_t00_n1,7,2,1,Qwen/Qwen2.5-72B-Instruct,1,0,1,1,lenient,0.0,8.5,0.0
2026-05-23 21:06:01,L-N03_m-qwen2.5-72b_sol1_gd1_rs0_bd1_str-lenient_t00_n1,7,3,1,Qwen/Qwen2.5-72B-Instruct,1,0,1,1,lenient,0.0,9.0,0.0
2026-05-23 21:06:14,L-N03_m-qwen2.5-72b_sol1_gd1_rs0_bd1_str-lenient_t00_n1,8,1,1,Qwen/Qwen2.5-72B-Instruct,1,0,1,1,lenient,0.0,11.5,0.0
2026-05-23 21:06:26,L-N03_m-qwen2.5-72b_sol1_gd1_rs0_bd1_str-lenient_t00_n1,8,2,1,Qwen/Qwen2.5-72B-Instruct,1,0,1,1,lenient,0.0,9.0,0.0
2026-05-23 21:06:36,L-N03_m-qwen2.5-72b_sol1_gd1_rs0_bd1_str-lenient_t00_n1,8,3,1,Qwen/Qwen2.5-72B-Instruct,1,0,1,1,lenient,0.0,11.5,0.0
2026-05-23 21:06:49,L-N03_m-qwen2.5-72b_sol1_gd1_rs0_bd1_str-lenient_t00_n1,9,1,1,Qwen/Qwen2.5-72B-Instruct,1,0,1,1,lenient,0.0,11.5,0.0
2026-05-23 21:07:02,L-N03_m-qwen2.5-72b_sol1_gd1_rs0_bd1_str-lenient_t00_n1,9,2,1,Qwen/Qwen2.5-72B-Instruct,1,0,1,1,lenient,0.0,10.0,0.0
2026-05-23 21:07:12,L-N03_m-qwen2.5-72b_sol1_gd1_rs0_bd1_str-lenient_t00_n1,9,3,1,Qwen/Qwen2.5-72B-Instruct,1,0,1,1,lenient,0.0,11.5,0.0
2026-05-23 21:07:26,L-N03_m-qwen2.5-72b_sol1_gd1_rs0_bd1_str-lenient_t00_n1,10,1,1,Qwen/Qwen2.5-72B-Instruct,1,0,1,1,lenient,0.0,11.5,2.0
2026-05-23 21:07:38,L-N03_m-qwen2.5-72b_sol1_gd1_rs0_bd1_str-lenient_t00_n1,10,2,1,Qwen/Qwen2.5-72B-Instruct,1,0,1,1,lenient,0.0,10.0,0.0
2026-05-23 21:07:49,L-N03_m-qwen2.5-72b_sol1_gd1_rs0_bd1_str-lenient_t00_n1,10,3,1,Qwen/Qwen2.5-72B-Instruct,1,0,1,1,lenient,0.0,11.0,0.0
2026-05-23 21:08:02,L-N03_m-qwen2.5-72b_sol1_gd1_rs0_bd1_str-lenient_t00_n1,11,1,1,Qwen/Qwen2.5-72B-Instruct,1,0,1,1,lenient,0.0,11.5,3.0
2026-05-23 21:08:13,L-N03_m-qwen2.5-72b_sol1_gd1_rs0_bd1_str-lenient_t00_n1,11,2,1,Qwen/Qwen2.5-72B-Instruct,1,0,1,1,lenient,0.0,8.5,0.0
2026-05-23 21:08:24,L-N03_m-qwen2.5-72b_sol1_gd1_rs0_bd1_str-lenient_t00_n1,11,3,1,Qwen/Qwen2.5-72B-Instruct,1,0,1,1,lenient,0.0,11.5,0.0
2026-05-23 21:08:37,L-N03_m-qwen2.5-72b_sol1_gd1_rs0_bd1_str-lenient_t00_n1,12,1,1,Qwen/Qwen2.5-72B-Instruct,1,0,1,1,lenient,0.0,11.5,4.0
2026-05-23 21:08:49,L-N03_m-qwen2.5-72b_sol1_gd1_rs0_bd1_str-lenient_t00_n1,12,2,1,Qwen/Qwen2.5-72B-Instruct,1,0,1,1,lenient,0.0,9.5,0.0
2026-05-23 21:09:00,L-N03_m-qwen2.5-72b_sol1_gd1_rs0_bd1_str-lenient_t00_n1,12,3,1,Qwen/Qwen2.5-72B-Instruct,1,0,1,1,lenient,0.0,11.5,0.0
2026-05-23 21:09:22,L-N03_m-qwen2.5-72b_sol1_gd1_rs0_bd1_str-lenient_t00_n1,13,1,1,Qwen/Qwen2.5-72B-Instruct,1,0,1,1,lenient,0.0,10.5,0.0
2026-05-23 21:09:38,L-N03_m-qwen2.5-72b_sol1_gd1_rs0_bd1_str-lenient_t00_n1,13,2,1,Qwen/Qwen2.5-72B-Instruct,1,0,1,1,lenient,0.0,7.5,0.0
2026-05-23 21:09:52,L-N03_m-qwen2.5-72b_sol1_gd1_rs0_bd1_str-lenient_t00_n1,13,3,1,Qwen/Qwen2.5-72B-Instruct,1,0,1,1,lenient,0.0,6.0,0.0
2026-05-23 21:10:06,L-N03_m-qwen2.5-72b_sol1_gd1_rs0_bd1_str-lenient_t00_n1,14,1,1,Qwen/Qwen2.5-72B-Instruct,1,0,1,1,lenient,0.0,12.0,4.0
2026-05-23 21:10:18,L-N03_m-qwen2.5-72b_sol1_gd1_rs0_bd1_str-lenient_t00_n1,14,2,1,Qwen/Qwen2.5-72B-Instruct,1,0,1,1,lenient,0.0,11.0,4.0
2026-05-23 21:10:29,L-N03_m-qwen2.5-72b_sol1_gd1_rs0_bd1_str-lenient_t00_n1,14,3,1,Qwen/Qwen2.5-72B-Instruct,1,0,1,1,lenient,0.0,11.5,0.0
2026-05-23 21:10:43,L-N03_m-qwen2.5-72b_sol1_gd1_rs0_bd1_str-lenient_t00_n1,15,1,1,Qwen/Qwen2.5-72B-Instruct,1,0,1,1,lenient,0.0,7.5,0.0
2026-05-23 21:10:54,L-N03_m-qwen2.5-72b_sol1_gd1_rs0_bd1_str-lenient_t00_n1,15,2,1,Qwen/Qwen2.5-72B-Instruct,1,0,1,1,lenient,0.0,9.5,0.0
2026-05-23 21:11:13,L-N03_m-qwen2.5-72b_sol1_gd1_rs0_bd1_str-lenient_t00_n1,15,3,1,Qwen/Qwen2.5-72B-Instruct,1,0,1,1,lenient,0.0,9.0,0.0
2026-05-23 21:11:26,L-N03_m-qwen2.5-72b_sol1_gd1_rs0_bd1_str-lenient_t00_n1,16,1,1,Qwen/Qwen2.5-72B-Instruct,1,0,1,1,lenient,0.0,11.5,0.0
2026-05-23 21:11:37,L-N03_m-qwen2.5-72b_sol1_gd1_rs0_bd1_str-lenient_t00_n1,16,2,1,Qwen/Qwen2.5-72B-Instruct,1,0,1,1,lenient,0.0,8.5,0.0
2026-05-23 21:11:52,L-N03_m-qwen2.5-72b_sol1_gd1_rs0_bd1_str-lenient_t00_n1,16,3,1,Qwen/Qwen2.5-72B-Instruct,1,0,1,1,lenient,0.0,9.0,0.0
2026-05-23 21:12:07,L-N03_m-qwen2.5-72b_sol1_gd1_rs0_bd1_str-lenient_t00_n1,17,1,1,Qwen/Qwen2.5-72B-Instruct,1,0,1,1,lenient,0.0,10.5,0.0
2026-05-23 21:12:18,L-N03_m-qwen2.5-72b_sol1_gd1_rs0_bd1_str-lenient_t00_n1,17,2,1,Qwen/Qwen2.5-72B-Instruct,1,0,1,1,lenient,0.0,8.5,0.0
2026-05-23 21:12:35,L-N03_m-qwen2.5-72b_sol1_gd1_rs0_bd1_str-lenient_t00_n1,17,3,1,Qwen/Qwen2.5-72B-Instruct,1,0,1,1,lenient,0.0,7.5,0.0
2026-05-23 21:12:57,L-N03_m-qwen2.5-72b_sol1_gd1_rs0_bd1_str-lenient_t00_n1,18,1,1,Qwen/Qwen2.5-72B-Instruct,1,0,1,1,lenient,0.0,10.5,0.0
2026-05-23 21:13:08,L-N03_m-qwen2.5-72b_sol1_gd1_rs0_bd1_str-lenient_t00_n1,18,2,1,Qwen/Qwen2.5-72B-Instruct,1,0,1,1,lenient,0.0,9.5,0.0
2026-05-23 21:13:20,L-N03_m-qwen2.5-72b_sol1_gd1_rs0_bd1_str-lenient_t00_n1,18,3,1,Qwen/Qwen2.5-72B-Instruct,1,0,1,1,lenient,0.0,11.0,0.0
2026-05-23 21:13:26,L-N03_m-qwen2.5-72b_sol1_gd1_rs0_bd1_str-lenient_t00_n1,18,4,1,Qwen/Qwen2.5-72B-Instruct,1,0,1,1,lenient,0.0,0.0,0.0
2026-05-23 21:13:46,L-N03_m-qwen2.5-72b_sol1_gd1_rs0_bd1_str-lenient_t00_n1,19,1,1,Qwen/Qwen2.5-72B-Instruct,1,0,1,1,lenient,0.0,7.5,0.0
2026-05-23 21:14:00,L-N03_m-qwen2.5-72b_sol1_gd1_rs0_bd1_str-lenient_t00_n1,19,2,1,Qwen/Qwen2.5-72B-Instruct,1,0,1,1,lenient,0.0,7.5,0.0
2026-05-23 21:14:10,L-N03_m-qwen2.5-72b_sol1_gd1_rs0_bd1_str-lenient_t00_n1,19,3,1,Qwen/Qwen2.5-72B-Instruct,1,0,1,1,lenient,0.0,11.5,0.0
2026-05-23 21:14:15,L-N03_m-qwen2.5-72b_sol1_gd1_rs0_bd1_str-lenient_t00_n1,19,4,1,Qwen/Qwen2.5-72B-Instruct,1,0,1,1,lenient,0.0,0.0,0.0
2026-05-23 21:14:30,L-N03_m-qwen2.5-72b_sol1_gd1_rs0_bd1_str-lenient_t00_n1,20,1,1,Qwen/Qwen2.5-72B-Instruct,1,0,1,1,lenient,0.0,11.5,0.0
2026-05-23 21:14:41,L-N03_m-qwen2.5-72b_sol1_gd1_rs0_bd1_str-lenient_t00_n1,20,2,1,Qwen/Qwen2.5-72B-Instruct,1,0,1,1,lenient,0.0,8.5,0.0
2026-05-23 21:14:52,L-N03_m-qwen2.5-72b_sol1_gd1_rs0_bd1_str-lenient_t00_n1,20,3,1,Qwen/Qwen2.5-72B-Instruct,1,0,1,1,lenient,0.0,10.0,0.0
2026-05-23 21:15:04,L-N03_m-qwen2.5-72b_sol1_gd1_rs0_bd1_str-lenient_t00_n1,21,1,1,Qwen/Qwen2.5-72B-Instruct,1,0,1,1,lenient,0.0,9.5,0.0
2026-05-23 21:15:17,L-N03_m-qwen2.5-72b_sol1_gd1_rs0_bd1_str-lenient_t00_n1,21,2,1,Qwen/Qwen2.5-72B-Instruct,1,0,1,1,lenient,0.0,8.5,0.0
2026-05-23 21:15:33,L-N03_m-qwen2.5-72b_sol1_gd1_rs0_bd1_str-lenient_t00_n1,21,3,1,Qwen/Qwen2.5-72B-Instruct,1,0,1,1,lenient,0.0,9.0,0.0
2026-05-23 21:15:36,L-N03_m-qwen2.5-72b_sol1_gd1_rs0_bd1_str-lenient_t00_n1,21,4,1,Qwen/Qwen2.5-72B-Instruct,1,0,1,1,lenient,0.0,0.0,0.0
2026-05-23 21:15:48,L-N03_m-qwen2.5-72b_sol1_gd1_rs0_bd1_str-lenient_t00_n1,22,1,1,Qwen/Qwen2.5-72B-Instruct,1,0,1,1,lenient,0.0,7.5,0.0
2026-05-23 21:16:04,L-N03_m-qwen2.5-72b_sol1_gd1_rs0_bd1_str-lenient_t00_n1,22,2,1,Qwen/Qwen2.5-72B-Instruct,1,0,1,1,lenient,0.0,8.5,0.0
2026-05-23 21:16:19,L-N03_m-qwen2.5-72b_sol1_gd1_rs0_bd1_str-lenient_t00_n1,22,3,1,Qwen/Qwen2.5-72B-Instruct,1,0,1,1,lenient,0.0,7.5,0.0
2026-05-23 21:16:33,L-N03_m-qwen2.5-72b_sol1_gd1_rs0_bd1_str-lenient_t00_n1,23,1,1,Qwen/Qwen2.5-72B-Instruct,1,0,1,1,lenient,0.0,11.5,0.0
2026-05-23 21:16:44,L-N03_m-qwen2.5-72b_sol1_gd1_rs0_bd1_str-lenient_t00_n1,23,2,1,Qwen/Qwen2.5-72B-Instruct,1,0,1,1,lenient,0.0,9.5,0.0
2026-05-23 21:16:54,L-N03_m-qwen2.5-72b_sol1_gd1_rs0_bd1_str-lenient_t00_n1,23,3,1,Qwen/Qwen2.5-72B-Instruct,1,0,1,1,lenient,0.0,11.5,0.0
2026-05-23 21:17:08,L-N03_m-qwen2.5-72b_sol1_gd1_rs0_bd1_str-lenient_t00_n1,24,1,1,Qwen/Qwen2.5-72B-Instruct,1,0,1,1,lenient,0.0,11.5,0.0
2026-05-23 21:17:19,L-N03_m-qwen2.5-72b_sol1_gd1_rs0_bd1_str-lenient_t00_n1,24,2,1,Qwen/Qwen2.5-72B-Instruct,1,0,1,1,lenient,0.0,9.5,0.0
2026-05-23 21:17:29,L-N03_m-qwen2.5-72b_sol1_gd1_rs0_bd1_str-lenient_t00_n1,24,3,1,Qwen/Qwen2.5-72B-Instruct,1,0,1,1,lenient,0.0,11.5,0.0
2026-05-23 21:17:43,L-N03_m-qwen2.5-72b_sol1_gd1_rs0_bd1_str-lenient_t00_n1,25,1,1,Qwen/Qwen2.5-72B-Instruct,1,0,1,1,lenient,0.0,11.5,2.0
2026-05-23 21:17:55,L-N03_m-qwen2.5-72b_sol1_gd1_rs0_bd1_str-lenient_t00_n1,25,2,1,Qwen/Qwen2.5-72B-Instruct,1,0,1,1,lenient,0.0,9.5,3.0
2026-05-23 21:18:06,L-N03_m-qwen2.5-72b_sol1_gd1_rs0_bd1_str-lenient_t00_n1,25,3,1,Qwen/Qwen2.5-72B-Instruct,1,0,1,1,lenient,0.0,11.5,0.0
2026-05-23 21:18:26,L-N03_m-qwen2.5-72b_sol1_gd1_rs0_bd1_str-lenient_t00_n1,26,1,1,Qwen/Qwen2.5-72B-Instruct,1,0,1,1,lenient,0.0,10.5,0.0
2026-05-23 21:18:38,L-N03_m-qwen2.5-72b_sol1_gd1_rs0_bd1_str-lenient_t00_n1,26,2,1,Qwen/Qwen2.5-72B-Instruct,1,0,1,1,lenient,0.0,10.0,0.0
2026-05-23 21:18:49,L-N03_m-qwen2.5-72b_sol1_gd1_rs0_bd1_str-lenient_t00_n1,26,3,1,Qwen/Qwen2.5-72B-Instruct,1,0,1,1,lenient,0.0,11.0,0.0
2026-05-23 21:19:03,L-N03_m-qwen2.5-72b_sol1_gd1_rs0_bd1_str-lenient_t00_n1,27,1,1,Qwen/Qwen2.5-72B-Instruct,1,0,1,1,lenient,0.0,11.5,3.0
2026-05-23 21:19:15,L-N03_m-qwen2.5-72b_sol1_gd1_rs0_bd1_str-lenient_t00_n1,27,2,1,Qwen/Qwen2.5-72B-Instruct,1,0,1,1,lenient,0.0,9.5,0.0
2026-05-23 21:19:26,L-N03_m-qwen2.5-72b_sol1_gd1_rs0_bd1_str-lenient_t00_n1,27,3,1,Qwen/Qwen2.5-72B-Instruct,1,0,1,1,lenient,0.0,11.5,0.0
2026-05-23 21:19:30,L-N03_m-qwen2.5-72b_sol1_gd1_rs0_bd1_str-lenient_t00_n1,27,4,1,Qwen/Qwen2.5-72B-Instruct,1,0,1,1,lenient,0.0,0.0,0.0
2026-05-23 21:19:44,L-N03_m-qwen2.5-72b_sol1_gd1_rs0_bd1_str-lenient_t00_n1,28,1,1,Qwen/Qwen2.5-72B-Instruct,1,0,1,1,lenient,0.0,11.5,4.0
2026-05-23 21:19:57,L-N03_m-qwen2.5-72b_sol1_gd1_rs0_bd1_str-lenient_t00_n1,28,2,1,Qwen/Qwen2.5-72B-Instruct,1,0,1,1,lenient,0.0,9.5,0.0
2026-05-23 21:20:14,L-N03_m-qwen2.5-72b_sol1_gd1_rs0_bd1_str-lenient_t00_n1,28,3,1,Qwen/Qwen2.5-72B-Instruct,1,0,1,1,lenient,0.0,10.5,0.0
2026-05-23 21:20:34,L-N03_m-qwen2.5-72b_sol1_gd1_rs0_bd1_str-lenient_t00_n1,29,1,1,Qwen/Qwen2.5-72B-Instruct,1,0,1,1,lenient,0.0,11.5,3.0
2026-05-23 21:20:46,L-N03_m-qwen2.5-72b_sol1_gd1_rs0_bd1_str-lenient_t00_n1,29,2,1,Qwen/Qwen2.5-72B-Instruct,1,0,1,1,lenient,0.0,9.5,0.0
2026-05-23 21:20:57,L-N03_m-qwen2.5-72b_sol1_gd1_rs0_bd1_str-lenient_t00_n1,29,3,1,Qwen/Qwen2.5-72B-Instruct,1,0,1,1,lenient,0.0,11.5,0.0
2026-05-23 21:21:01,L-N03_m-qwen2.5-72b_sol1_gd1_rs0_bd1_str-lenient_t00_n1,29,4,1,Qwen/Qwen2.5-72B-Instruct,1,0,1,1,lenient,0.0,0.0,0.0
2026-05-23 21:21:14,L-N03_m-qwen2.5-72b_sol1_gd1_rs0_bd1_str-lenient_t00_n1,30,1,1,Qwen/Qwen2.5-72B-Instruct,1,0,1,1,lenient,0.0,9.5,0.0
2026-05-23 21:21:35,L-N03_m-qwen2.5-72b_sol1_gd1_rs0_bd1_str-lenient_t00_n1,30,2,1,Qwen/Qwen2.5-72B-Instruct,1,0,1,1,lenient,0.0,7.5,0.0
2026-05-23 21:21:51,L-N03_m-qwen2.5-72b_sol1_gd1_rs0_bd1_str-lenient_t00_n1,30,3,1,Qwen/Qwen2.5-72B-Instruct,1,0,1,1,lenient,0.0,9.0,0.0
2026-05-23 21:22:04,L-N03_m-qwen2.5-72b_sol1_gd1_rs0_bd1_str-lenient_t00_n1,31,1,1,Qwen/Qwen2.5-72B-Instruct,1,0,1,1,lenient,0.0,7.5,0.0
2026-05-23 21:22:17,L-N03_m-qwen2.5-72b_sol1_gd1_rs0_bd1_str-lenient_t00_n1,31,2,1,Qwen/Qwen2.5-72B-Instruct,1,0,1,1,lenient,0.0,8.5,0.0
2026-05-23 21:22:34,L-N03_m-qwen2.5-72b_sol1_gd1_rs0_bd1_str-lenient_t00_n1,31,3,1,Qwen/Qwen2.5-72B-Instruct,1,0,1,1,lenient,0.0,9.0,0.0
2026-05-23 21:22:39,L-N03_m-qwen2.5-72b_sol1_gd1_rs0_bd1_str-lenient_t00_n1,31,4,1,Qwen/Qwen2.5-72B-Instruct,1,0,1,1,lenient,0.0,0.0,0.0
2026-05-23 21:22:53,L-N03_m-qwen2.5-72b_sol1_gd1_rs0_bd1_str-lenient_t00_n1,32,1,1,Qwen/Qwen2.5-72B-Instruct,1,0,1,1,lenient,0.0,11.5,3.0
2026-05-23 21:23:05,L-N03_m-qwen2.5-72b_sol1_gd1_rs0_bd1_str-lenient_t00_n1,32,2,1,Qwen/Qwen2.5-72B-Instruct,1,0,1,1,lenient,0.0,10.0,0.0
2026-05-23 21:23:16,L-N03_m-qwen2.5-72b_sol1_gd1_rs0_bd1_str-lenient_t00_n1,32,3,1,Qwen/Qwen2.5-72B-Instruct,1,0,1,1,lenient,0.0,11.5,0.0
2026-05-23 21:23:20,L-N03_m-qwen2.5-72b_sol1_gd1_rs0_bd1_str-lenient_t00_n1,32,4,1,Qwen/Qwen2.5-72B-Instruct,1,0,1,1,lenient,0.0,0.0,0.0
2026-05-23 21:23:43,L-N03_m-qwen2.5-72b_sol1_gd1_rs0_bd1_str-lenient_t00_n1,33,1,1,Qwen/Qwen2.5-72B-Instruct,1,0,1,1,lenient,0.0,9.5,0.0
2026-05-23 21:23:55,L-N03_m-qwen2.5-72b_sol1_gd1_rs0_bd1_str-lenient_t00_n1,33,2,1,Qwen/Qwen2.5-72B-Instruct,1,0,1,1,lenient,0.0,7.5,0.0
2026-05-23 21:24:13,L-N03_m-qwen2.5-72b_sol1_gd1_rs0_bd1_str-lenient_t00_n1,33,3,1,Qwen/Qwen2.5-72B-Instruct,1,0,1,1,lenient,0.0,8.5,0.0
2026-05-23 21:24:17,L-N03_m-qwen2.5-72b_sol1_gd1_rs0_bd1_str-lenient_t00_n1,33,4,1,Qwen/Qwen2.5-72B-Instruct,1,0,1,1,lenient,0.0,0.0,0.0
2026-05-23 21:24:30,L-N03_m-qwen2.5-72b_sol1_gd1_rs0_bd1_str-lenient_t00_n1,34,1,1,Qwen/Qwen2.5-72B-Instruct,1,0,1,1,lenient,0.0,11.5,0.0
2026-05-23 21:24:42,L-N03_m-qwen2.5-72b_sol1_gd1_rs0_bd1_str-lenient_t00_n1,34,2,1,Qwen/Qwen2.5-72B-Instruct,1,0,1,1,lenient,0.0,9.5,0.0
2026-05-23 21:24:57,L-N03_m-qwen2.5-72b_sol1_gd1_rs0_bd1_str-lenient_t00_n1,34,3,1,Qwen/Qwen2.5-72B-Instruct,1,0,1,1,lenient,0.0,7.5,0.0
2026-05-23 21:25:01,L-N03_m-qwen2.5-72b_sol1_gd1_rs0_bd1_str-lenient_t00_n1,34,4,1,Qwen/Qwen2.5-72B-Instruct,1,0,1,1,lenient,0.0,0.0,0.0
2026-05-23 21:25:22,L-N03_m-qwen2.5-72b_sol1_gd1_rs0_bd1_str-lenient_t00_n1,35,1,1,Qwen/Qwen2.5-72B-Instruct,1,0,1,1,lenient,0.0,9.5,0.0
2026-05-23 21:25:36,L-N03_m-qwen2.5-72b_sol1_gd1_rs0_bd1_str-lenient_t00_n1,35,2,1,Qwen/Qwen2.5-72B-Instruct,1,0,1,1,lenient,0.0,9.0,0.0
2026-05-23 21:25:46,L-N03_m-qwen2.5-72b_sol1_gd1_rs0_bd1_str-lenient_t00_n1,35,3,1,Qwen/Qwen2.5-72B-Instruct,1,0,1,1,lenient,0.0,11.0,0.0
2026-05-23 21:26:07,L-N03_m-qwen2.5-72b_sol1_gd1_rs0_bd1_str-lenient_t00_n1,36,1,1,Qwen/Qwen2.5-72B-Instruct,1,0,1,1,lenient,0.0,10.5,0.0
2026-05-23 21:26:20,L-N03_m-qwen2.5-72b_sol1_gd1_rs0_bd1_str-lenient_t00_n1,36,2,1,Qwen/Qwen2.5-72B-Instruct,1,0,1,1,lenient,0.0,8.5,0.0
2026-05-23 21:26:29,L-N03_m-qwen2.5-72b_sol1_gd1_rs0_bd1_str-lenient_t00_n1,36,3,1,Qwen/Qwen2.5-72B-Instruct,1,0,1,1,lenient,0.0,11.0,0.0
2026-05-23 21:26:42,L-N03_m-qwen2.5-72b_sol1_gd1_rs0_bd1_str-lenient_t00_n1,37,1,1,Qwen/Qwen2.5-72B-Instruct,1,0,1,1,lenient,0.0,10.5,0.0
2026-05-23 21:26:57,L-N03_m-qwen2.5-72b_sol1_gd1_rs0_bd1_str-lenient_t00_n1,37,2,1,Qwen/Qwen2.5-72B-Instruct,1,0,1,1,lenient,0.0,7.5,0.0
2026-05-23 21:27:06,L-N03_m-qwen2.5-72b_sol1_gd1_rs0_bd1_str-lenient_t00_n1,37,3,1,Qwen/Qwen2.5-72B-Instruct,1,0,1,1,lenient,0.0,7.5,0.0
2026-05-23 21:27:20,L-N03_m-qwen2.5-72b_sol1_gd1_rs0_bd1_str-lenient_t00_n1,38,1,1,Qwen/Qwen2.5-72B-Instruct,1,0,1,1,lenient,0.0,11.5,4.0
2026-05-23 21:27:33,L-N03_m-qwen2.5-72b_sol1_gd1_rs0_bd1_str-lenient_t00_n1,38,2,1,Qwen/Qwen2.5-72B-Instruct,1,0,1,1,lenient,0.0,10.0,0.0
2026-05-23 21:27:43,L-N03_m-qwen2.5-72b_sol1_gd1_rs0_bd1_str-lenient_t00_n1,38,3,1,Qwen/Qwen2.5-72B-Instruct,1,0,1,1,lenient,0.0,11.5,0.0
2026-05-23 21:27:56,L-N03_m-qwen2.5-72b_sol1_gd1_rs0_bd1_str-lenient_t00_n1,39,1,1,Qwen/Qwen2.5-72B-Instruct,1,0,1,1,lenient,0.0,11.5,4.0
2026-05-23 21:28:09,L-N03_m-qwen2.5-72b_sol1_gd1_rs0_bd1_str-lenient_t00_n1,39,2,1,Qwen/Qwen2.5-72B-Instruct,1,0,1,1,lenient,0.0,11.0,4.0
2026-05-23 21:28:19,L-N03_m-qwen2.5-72b_sol1_gd1_rs0_bd1_str-lenient_t00_n1,39,3,1,Qwen/Qwen2.5-72B-Instruct,1,0,1,1,lenient,0.0,11.5,0.0
2026-05-23 21:28:24,L-N03_m-qwen2.5-72b_sol1_gd1_rs0_bd1_str-lenient_t00_n1,39,4,1,Qwen/Qwen2.5-72B-Instruct,1,0,1,1,lenient,0.0,5.0,0.0
2026-05-23 21:28:37,L-N03_m-qwen2.5-72b_sol1_gd1_rs0_bd1_str-lenient_t00_n1,40,1,1,Qwen/Qwen2.5-72B-Instruct,1,0,1,1,lenient,0.0,10.5,0.0
2026-05-23 21:28:50,L-N03_m-qwen2.5-72b_sol1_gd1_rs0_bd1_str-lenient_t00_n1,40,2,1,Qwen/Qwen2.5-72B-Instruct,1,0,1,1,lenient,0.0,9.5,2.0
2026-05-23 21:29:01,L-N03_m-qwen2.5-72b_sol1_gd1_rs0_bd1_str-lenient_t00_n1,40,3,1,Qwen/Qwen2.5-72B-Instruct,1,0,1,1,lenient,0.0,9.0,0.0
2026-05-23 21:29:06,L-N03_m-qwen2.5-72b_sol1_gd1_rs0_bd1_str-lenient_t00_n1,40,4,1,Qwen/Qwen2.5-72B-Instruct,1,0,1,1,lenient,0.0,0.0,0.0
2026-05-23 21:29:19,L-N03_m-qwen2.5-72b_sol1_gd1_rs0_bd1_str-lenient_t00_n1,41,1,1,Qwen/Qwen2.5-72B-Instruct,1,0,1,1,lenient,0.0,11.5,0.0
2026-05-23 21:29:30,L-N03_m-qwen2.5-72b_sol1_gd1_rs0_bd1_str-lenient_t00_n1,41,2,1,Qwen/Qwen2.5-72B-Instruct,1,0,1,1,lenient,0.0,9.5,0.0
2026-05-23 21:29:41,L-N03_m-qwen2.5-72b_sol1_gd1_rs0_bd1_str-lenient_t00_n1,41,3,1,Qwen/Qwen2.5-72B-Instruct,1,0,1,1,lenient,0.0,11.5,0.0
2026-05-23 21:30:01,L-N03_m-qwen2.5-72b_sol1_gd1_rs0_bd1_str-lenient_t00_n1,42,1,1,Qwen/Qwen2.5-72B-Instruct,1,0,1,1,lenient,0.0,7.5,0.0
2026-05-23 21:30:13,L-N03_m-qwen2.5-72b_sol1_gd1_rs0_bd1_str-lenient_t00_n1,42,2,1,Qwen/Qwen2.5-72B-Instruct,1,0,1,1,lenient,0.0,9.5,0.0
2026-05-23 21:30:22,L-N03_m-qwen2.5-72b_sol1_gd1_rs0_bd1_str-lenient_t00_n1,42,3,1,Qwen/Qwen2.5-72B-Instruct,1,0,1,1,lenient,0.0,11.5,0.0
2026-05-23 21:30:36,L-N03_m-qwen2.5-72b_sol1_gd1_rs0_bd1_str-lenient_t00_n1,43,1,1,Qwen/Qwen2.5-72B-Instruct,1,0,1,1,lenient,0.0,10.5,0.0
2026-05-23 21:30:48,L-N03_m-qwen2.5-72b_sol1_gd1_rs0_bd1_str-lenient_t00_n1,43,2,1,Qwen/Qwen2.5-72B-Instruct,1,0,1,1,lenient,0.0,8.5,0.0
2026-05-23 21:30:58,L-N03_m-qwen2.5-72b_sol1_gd1_rs0_bd1_str-lenient_t00_n1,43,3,1,Qwen/Qwen2.5-72B-Instruct,1,0,1,1,lenient,0.0,11.0,0.0
2026-05-23 21:31:11,L-N03_m-qwen2.5-72b_sol1_gd1_rs0_bd1_str-lenient_t00_n1,44,1,1,Qwen/Qwen2.5-72B-Instruct,1,0,1,1,lenient,0.0,11.5,0.0
2026-05-23 21:31:23,L-N03_m-qwen2.5-72b_sol1_gd1_rs0_bd1_str-lenient_t00_n1,44,2,1,Qwen/Qwen2.5-72B-Instruct,1,0,1,1,lenient,0.0,10.5,0.0
2026-05-23 21:31:34,L-N03_m-qwen2.5-72b_sol1_gd1_rs0_bd1_str-lenient_t00_n1,44,3,1,Qwen/Qwen2.5-72B-Instruct,1,0,1,1,lenient,0.0,11.0,0.0
2026-05-23 21:31:48,L-N03_m-qwen2.5-72b_sol1_gd1_rs0_bd1_str-lenient_t00_n1,45,1,1,Qwen/Qwen2.5-72B-Instruct,1,0,1,1,lenient,0.0,11.5,2.0
2026-05-23 21:32:00,L-N03_m-qwen2.5-72b_sol1_gd1_rs0_bd1_str-lenient_t00_n1,45,2,1,Qwen/Qwen2.5-72B-Instruct,1,0,1,1,lenient,0.0,8.5,0.0
2026-05-23 21:32:16,L-N03_m-qwen2.5-72b_sol1_gd1_rs0_bd1_str-lenient_t00_n1,45,3,1,Qwen/Qwen2.5-72B-Instruct,1,0,1,1,lenient,0.0,9.0,0.0
2026-05-23 21:32:30,L-N03_m-qwen2.5-72b_sol1_gd1_rs0_bd1_str-lenient_t00_n1,46,1,1,Qwen/Qwen2.5-72B-Instruct,1,0,1,1,lenient,0.0,9.5,0.0
2026-05-23 21:32:42,L-N03_m-qwen2.5-72b_sol1_gd1_rs0_bd1_str-lenient_t00_n1,46,2,1,Qwen/Qwen2.5-72B-Instruct,1,0,1,1,lenient,0.0,9.5,0.0
2026-05-23 21:32:58,L-N03_m-qwen2.5-72b_sol1_gd1_rs0_bd1_str-lenient_t00_n1,46,3,1,Qwen/Qwen2.5-72B-Instruct,1,0,1,1,lenient,0.0,9.0,0.0
2026-05-23 21:33:10,L-N03_m-qwen2.5-72b_sol1_gd1_rs0_bd1_str-lenient_t00_n1,47,1,1,Qwen/Qwen2.5-72B-Instruct,1,0,1,1,lenient,0.0,11.5,0.0
2026-05-23 21:33:23,L-N03_m-qwen2.5-72b_sol1_gd1_rs0_bd1_str-lenient_t00_n1,47,2,1,Qwen/Qwen2.5-72B-Instruct,1,0,1,1,lenient,0.0,10.0,0.0
2026-05-23 21:33:32,L-N03_m-qwen2.5-72b_sol1_gd1_rs0_bd1_str-lenient_t00_n1,47,3,1,Qwen/Qwen2.5-72B-Instruct,1,0,1,1,lenient,0.0,4.5,0.0
2026-05-23 21:33:54,L-N03_m-qwen2.5-72b_sol1_gd1_rs0_bd1_str-lenient_t00_n1,48,1,1,Qwen/Qwen2.5-72B-Instruct,1,0,1,1,lenient,0.0,11.5,2.0
2026-05-23 21:34:06,L-N03_m-qwen2.5-72b_sol1_gd1_rs0_bd1_str-lenient_t00_n1,48,2,1,Qwen/Qwen2.5-72B-Instruct,1,0,1,1,lenient,0.0,9.5,0.0
2026-05-23 21:34:18,L-N03_m-qwen2.5-72b_sol1_gd1_rs0_bd1_str-lenient_t00_n1,48,3,1,Qwen/Qwen2.5-72B-Instruct,1,0,1,1,lenient,0.0,11.5,0.0
2026-05-23 21:34:30,L-N03_m-qwen2.5-72b_sol1_gd1_rs0_bd1_str-lenient_t00_n1,49,1,1,Qwen/Qwen2.5-72B-Instruct,1,0,1,1,lenient,0.0,10.5,0.0
2026-05-23 21:34:48,L-N03_m-qwen2.5-72b_sol1_gd1_rs0_bd1_str-lenient_t00_n1,49,2,1,Qwen/Qwen2.5-72B-Instruct,1,0,1,1,lenient,0.0,2.5,0.0
2026-05-23 21:35:03,L-N03_m-qwen2.5-72b_sol1_gd1_rs0_bd1_str-lenient_t00_n1,49,3,1,Qwen/Qwen2.5-72B-Instruct,1,0,1,1,lenient,0.0,9.0,0.0
2026-05-23 21:35:16,L-N03_m-qwen2.5-72b_sol1_gd1_rs0_bd1_str-lenient_t00_n1,50,1,1,Qwen/Qwen2.5-72B-Instruct,1,0,1,1,lenient,0.0,10.5,0.0
2026-05-23 21:35:28,L-N03_m-qwen2.5-72b_sol1_gd1_rs0_bd1_str-lenient_t00_n1,50,2,1,Qwen/Qwen2.5-72B-Instruct,1,0,1,1,lenient,0.0,9.5,0.0
2026-05-23 21:35:39,L-N03_m-qwen2.5-72b_sol1_gd1_rs0_bd1_str-lenient_t00_n1,50,3,1,Qwen/Qwen2.5-72B-Instruct,1,0,1,1,lenient,0.0,11.5,0.0
2026-05-23 21:35:52,L-N03_m-qwen2.5-72b_sol1_gd1_rs0_bd1_str-lenient_t00_n1,51,1,1,Qwen/Qwen2.5-72B-Instruct,1,0,1,1,lenient,0.0,11.5,0.0
2026-05-23 21:36:04,L-N03_m-qwen2.5-72b_sol1_gd1_rs0_bd1_str-lenient_t00_n1,51,2,1,Qwen/Qwen2.5-72B-Instruct,1,0,1,1,lenient,0.0,10.0,0.0
2026-05-23 21:36:15,L-N03_m-qwen2.5-72b_sol1_gd1_rs0_bd1_str-lenient_t00_n1,51,3,1,Qwen/Qwen2.5-72B-Instruct,1,0,1,1,lenient,0.0,11.0,0.0
2026-05-23 21:36:30,L-N03_m-qwen2.5-72b_sol1_gd1_rs0_bd1_str-lenient_t00_n1,52,1,1,Qwen/Qwen2.5-72B-Instruct,1,0,1,1,lenient,0.0,11.5,0.0
2026-05-23 21:36:41,L-N03_m-qwen2.5-72b_sol1_gd1_rs0_bd1_str-lenient_t00_n1,52,2,1,Qwen/Qwen2.5-72B-Instruct,1,0,1,1,lenient,0.0,9.5,0.0
2026-05-23 21:36:56,L-N03_m-qwen2.5-72b_sol1_gd1_rs0_bd1_str-lenient_t00_n1,52,3,1,Qwen/Qwen2.5-72B-Instruct,1,0,1,1,lenient,0.0,9.0,0.0
2026-05-23 21:37:19,L-N03_m-qwen2.5-72b_sol1_gd1_rs0_bd1_str-lenient_t00_n1,53,1,1,Qwen/Qwen2.5-72B-Instruct,1,0,1,1,lenient,0.0,9.5,0.0
2026-05-23 21:37:32,L-N03_m-qwen2.5-72b_sol1_gd1_rs0_bd1_str-lenient_t00_n1,53,2,1,Qwen/Qwen2.5-72B-Instruct,1,0,1,1,lenient,0.0,10.0,0.0
2026-05-23 21:37:49,L-N03_m-qwen2.5-72b_sol1_gd1_rs0_bd1_str-lenient_t00_n1,53,3,1,Qwen/Qwen2.5-72B-Instruct,1,0,1,1,lenient,0.0,9.0,0.0
2026-05-23 21:38:08,L-N03_m-qwen2.5-72b_sol1_gd1_rs0_bd1_str-lenient_t00_n1,54,1,1,Qwen/Qwen2.5-72B-Instruct,1,0,1,1,lenient,0.0,11.5,0.0
2026-05-23 21:38:21,L-N03_m-qwen2.5-72b_sol1_gd1_rs0_bd1_str-lenient_t00_n1,54,2,1,Qwen/Qwen2.5-72B-Instruct,1,0,1,1,lenient,0.0,9.5,0.0
2026-05-23 21:38:31,L-N03_m-qwen2.5-72b_sol1_gd1_rs0_bd1_str-lenient_t00_n1,54,3,1,Qwen/Qwen2.5-72B-Instruct,1,0,1,1,lenient,0.0,11.5,0.0
2026-05-23 21:38:45,L-N03_m-qwen2.5-72b_sol1_gd1_rs0_bd1_str-lenient_t00_n1,55,1,1,Qwen/Qwen2.5-72B-Instruct,1,0,1,1,lenient,0.0,11.5,0.0
2026-05-23 21:38:56,L-N03_m-qwen2.5-72b_sol1_gd1_rs0_bd1_str-lenient_t00_n1,55,2,1,Qwen/Qwen2.5-72B-Instruct,1,0,1,1,lenient,0.0,8.5,0.0
2026-05-23 21:39:07,L-N03_m-qwen2.5-72b_sol1_gd1_rs0_bd1_str-lenient_t00_n1,55,3,1,Qwen/Qwen2.5-72B-Instruct,1,0,1,1,lenient,0.0,11.5,0.0
2026-05-23 21:39:19,L-N03_m-qwen2.5-72b_sol1_gd1_rs0_bd1_str-lenient_t00_n1,56,1,1,Qwen/Qwen2.5-72B-Instruct,1,0,1,1,lenient,0.0,8.5,0.0
2026-05-23 21:39:31,L-N03_m-qwen2.5-72b_sol1_gd1_rs0_bd1_str-lenient_t00_n1,56,2,1,Qwen/Qwen2.5-72B-Instruct,1,0,1,1,lenient,0.0,9.5,0.0
2026-05-23 21:39:42,L-N03_m-qwen2.5-72b_sol1_gd1_rs0_bd1_str-lenient_t00_n1,56,3,1,Qwen/Qwen2.5-72B-Instruct,1,0,1,1,lenient,0.0,9.0,0.0
2026-05-23 21:40:02,L-N03_m-qwen2.5-72b_sol1_gd1_rs0_bd1_str-lenient_t00_n1,57,1,1,Qwen/Qwen2.5-72B-Instruct,1,0,1,1,lenient,0.0,9.5,0.0
2026-05-23 21:40:16,L-N03_m-qwen2.5-72b_sol1_gd1_rs0_bd1_str-lenient_t00_n1,57,2,1,Qwen/Qwen2.5-72B-Instruct,1,0,1,1,lenient,0.0,8.5,0.0
2026-05-23 21:40:26,L-N03_m-qwen2.5-72b_sol1_gd1_rs0_bd1_str-lenient_t00_n1,57,3,1,Qwen/Qwen2.5-72B-Instruct,1,0,1,1,lenient,0.0,11.0,0.0
2026-05-23 21:40:38,L-N03_m-qwen2.5-72b_sol1_gd1_rs0_bd1_str-lenient_t00_n1,58,1,1,Qwen/Qwen2.5-72B-Instruct,1,0,1,1,lenient,0.0,11.5,0.0
2026-05-23 21:40:51,L-N03_m-qwen2.5-72b_sol1_gd1_rs0_bd1_str-lenient_t00_n1,58,2,1,Qwen/Qwen2.5-72B-Instruct,1,0,1,1,lenient,0.0,9.5,0.0
2026-05-23 21:41:01,L-N03_m-qwen2.5-72b_sol1_gd1_rs0_bd1_str-lenient_t00_n1,58,3,1,Qwen/Qwen2.5-72B-Instruct,1,0,1,1,lenient,0.0,8.5,0.0
2026-05-23 21:41:14,L-N03_m-qwen2.5-72b_sol1_gd1_rs0_bd1_str-lenient_t00_n1,59,1,1,Qwen/Qwen2.5-72B-Instruct,1,0,1,1,lenient,0.0,11.5,0.0
2026-05-23 21:41:29,L-N03_m-qwen2.5-72b_sol1_gd1_rs0_bd1_str-lenient_t00_n1,59,2,1,Qwen/Qwen2.5-72B-Instruct,1,0,1,1,lenient,0.0,8.5,0.0
2026-05-23 21:41:43,L-N03_m-qwen2.5-72b_sol1_gd1_rs0_bd1_str-lenient_t00_n1,59,3,1,Qwen/Qwen2.5-72B-Instruct,1,0,1,1,lenient,0.0,3.0,0.0
2026-05-23 21:41:47,L-N03_m-qwen2.5-72b_sol1_gd1_rs0_bd1_str-lenient_t00_n1,59,4,1,Qwen/Qwen2.5-72B-Instruct,1,0,1,1,lenient,0.0,0.0,0.0
2026-05-23 21:42:01,L-N03_m-qwen2.5-72b_sol1_gd1_rs0_bd1_str-lenient_t00_n1,60,1,1,Qwen/Qwen2.5-72B-Instruct,1,0,1,1,lenient,0.0,11.5,0.0
2026-05-23 21:42:11,L-N03_m-qwen2.5-72b_sol1_gd1_rs0_bd1_str-lenient_t00_n1,60,2,1,Qwen/Qwen2.5-72B-Instruct,1,0,1,1,lenient,0.0,7.5,0.0
2026-05-23 21:42:22,L-N03_m-qwen2.5-72b_sol1_gd1_rs0_bd1_str-lenient_t00_n1,60,3,1,Qwen/Qwen2.5-72B-Instruct,1,0,1,1,lenient,0.0,9.0,0.0
2026-05-23 21:42:36,L-N03_m-qwen2.5-72b_sol1_gd1_rs0_bd1_str-lenient_t00_n1,61,1,1,Qwen/Qwen2.5-72B-Instruct,1,0,1,1,lenient,0.0,11.5,3.0
2026-05-23 21:42:50,L-N03_m-qwen2.5-72b_sol1_gd1_rs0_bd1_str-lenient_t00_n1,61,2,1,Qwen/Qwen2.5-72B-Instruct,1,0,1,1,lenient,0.0,9.5,3.0
2026-05-23 21:43:00,L-N03_m-qwen2.5-72b_sol1_gd1_rs0_bd1_str-lenient_t00_n1,61,3,1,Qwen/Qwen2.5-72B-Instruct,1,0,1,1,lenient,0.0,11.0,0.0
2026-05-23 21:43:05,L-N03_m-qwen2.5-72b_sol1_gd1_rs0_bd1_str-lenient_t00_n1,61,4,1,Qwen/Qwen2.5-72B-Instruct,1,0,1,1,lenient,0.0,0.0,0.0
2026-05-23 21:43:19,L-N03_m-qwen2.5-72b_sol1_gd1_rs0_bd1_str-lenient_t00_n1,62,1,1,Qwen/Qwen2.5-72B-Instruct,1,0,1,1,lenient,0.0,11.5,4.0
2026-05-23 21:43:32,L-N03_m-qwen2.5-72b_sol1_gd1_rs0_bd1_str-lenient_t00_n1,62,2,1,Qwen/Qwen2.5-72B-Instruct,1,0,1,1,lenient,0.0,10.0,3.0
2026-05-23 21:43:42,L-N03_m-qwen2.5-72b_sol1_gd1_rs0_bd1_str-lenient_t00_n1,62,3,1,Qwen/Qwen2.5-72B-Instruct,1,0,1,1,lenient,0.0,11.5,0.0
2026-05-23 21:43:46,L-N03_m-qwen2.5-72b_sol1_gd1_rs0_bd1_str-lenient_t00_n1,62,4,1,Qwen/Qwen2.5-72B-Instruct,1,0,1,1,lenient,0.0,0.0,0.0
2026-05-23 21:43:59,L-N03_m-qwen2.5-72b_sol1_gd1_rs0_bd1_str-lenient_t00_n1,63,1,1,Qwen/Qwen2.5-72B-Instruct,1,0,1,1,lenient,0.0,9.5,0.0
2026-05-23 21:44:10,L-N03_m-qwen2.5-72b_sol1_gd1_rs0_bd1_str-lenient_t00_n1,63,2,1,Qwen/Qwen2.5-72B-Instruct,1,0,1,1,lenient,0.0,9.5,0.0
2026-05-23 21:44:21,L-N03_m-qwen2.5-72b_sol1_gd1_rs0_bd1_str-lenient_t00_n1,63,3,1,Qwen/Qwen2.5-72B-Instruct,1,0,1,1,lenient,0.0,11.5,0.0
2026-05-23 21:44:34,L-N03_m-qwen2.5-72b_sol1_gd1_rs0_bd1_str-lenient_t00_n1,64,1,1,Qwen/Qwen2.5-72B-Instruct,1,0,1,1,lenient,0.0,11.5,0.0
2026-05-23 21:44:46,L-N03_m-qwen2.5-72b_sol1_gd1_rs0_bd1_str-lenient_t00_n1,64,2,1,Qwen/Qwen2.5-72B-Instruct,1,0,1,1,lenient,0.0,9.0,0.0
2026-05-23 21:45:03,L-N03_m-qwen2.5-72b_sol1_gd1_rs0_bd1_str-lenient_t00_n1,64,3,1,Qwen/Qwen2.5-72B-Instruct,1,0,1,1,lenient,0.0,9.0,0.0
2026-05-23 21:45:17,L-N03_m-qwen2.5-72b_sol1_gd1_rs0_bd1_str-lenient_t00_n1,65,1,1,Qwen/Qwen2.5-72B-Instruct,1,0,1,1,lenient,0.0,11.5,0.0
2026-05-23 21:45:29,L-N03_m-qwen2.5-72b_sol1_gd1_rs0_bd1_str-lenient_t00_n1,65,2,1,Qwen/Qwen2.5-72B-Instruct,1,0,1,1,lenient,0.0,10.0,0.0
2026-05-23 21:45:40,L-N03_m-qwen2.5-72b_sol1_gd1_rs0_bd1_str-lenient_t00_n1,65,3,1,Qwen/Qwen2.5-72B-Instruct,1,0,1,1,lenient,0.0,11.5,0.0
2026-05-23 21:45:54,L-N03_m-qwen2.5-72b_sol1_gd1_rs0_bd1_str-lenient_t00_n1,66,1,1,Qwen/Qwen2.5-72B-Instruct,1,0,1,1,lenient,0.0,11.5,0.0
2026-05-23 21:46:05,L-N03_m-qwen2.5-72b_sol1_gd1_rs0_bd1_str-lenient_t00_n1,66,2,1,Qwen/Qwen2.5-72B-Instruct,1,0,1,1,lenient,0.0,9.5,0.0
2026-05-23 21:46:24,L-N03_m-qwen2.5-72b_sol1_gd1_rs0_bd1_str-lenient_t00_n1,66,3,1,Qwen/Qwen2.5-72B-Instruct,1,0,1,1,lenient,0.0,7.5,0.0
2026-05-23 21:46:39,L-N03_m-qwen2.5-72b_sol1_gd1_rs0_bd1_str-lenient_t00_n1,67,1,1,Qwen/Qwen2.5-72B-Instruct,1,0,1,1,lenient,0.0,11.5,0.0
2026-05-23 21:46:51,L-N03_m-qwen2.5-72b_sol1_gd1_rs0_bd1_str-lenient_t00_n1,67,2,1,Qwen/Qwen2.5-72B-Instruct,1,0,1,1,lenient,0.0,9.5,0.0
2026-05-23 21:47:01,L-N03_m-qwen2.5-72b_sol1_gd1_rs0_bd1_str-lenient_t00_n1,67,3,1,Qwen/Qwen2.5-72B-Instruct,1,0,1,1,lenient,0.0,11.5,0.0
2026-05-23 21:47:15,L-N03_m-qwen2.5-72b_sol1_gd1_rs0_bd1_str-lenient_t00_n1,68,1,1,Qwen/Qwen2.5-72B-Instruct,1,0,1,1,lenient,0.0,11.5,0.0
2026-05-23 21:47:26,L-N03_m-qwen2.5-72b_sol1_gd1_rs0_bd1_str-lenient_t00_n1,68,2,1,Qwen/Qwen2.5-72B-Instruct,1,0,1,1,lenient,0.0,9.5,0.0
2026-05-23 21:47:42,L-N03_m-qwen2.5-72b_sol1_gd1_rs0_bd1_str-lenient_t00_n1,68,3,1,Qwen/Qwen2.5-72B-Instruct,1,0,1,1,lenient,0.0,9.0,0.0
2026-05-23 21:47:55,L-N03_m-qwen2.5-72b_sol1_gd1_rs0_bd1_str-lenient_t00_n1,69,1,1,Qwen/Qwen2.5-72B-Instruct,1,0,1,1,lenient,0.0,11.5,0.0
2026-05-23 21:48:07,L-N03_m-qwen2.5-72b_sol1_gd1_rs0_bd1_str-lenient_t00_n1,69,2,1,Qwen/Qwen2.5-72B-Instruct,1,0,1,1,lenient,0.0,10.0,0.0
2026-05-23 21:48:18,L-N03_m-qwen2.5-72b_sol1_gd1_rs0_bd1_str-lenient_t00_n1,69,3,1,Qwen/Qwen2.5-72B-Instruct,1,0,1,1,lenient,0.0,11.5,0.0
2026-05-23 21:48:32,L-N03_m-qwen2.5-72b_sol1_gd1_rs0_bd1_str-lenient_t00_n1,70,1,1,Qwen/Qwen2.5-72B-Instruct,1,0,1,1,lenient,0.0,9.5,0.0
2026-05-23 21:48:45,L-N03_m-qwen2.5-72b_sol1_gd1_rs0_bd1_str-lenient_t00_n1,70,2,1,Qwen/Qwen2.5-72B-Instruct,1,0,1,1,lenient,0.0,10.0,0.0
2026-05-23 21:49:01,L-N03_m-qwen2.5-72b_sol1_gd1_rs0_bd1_str-lenient_t00_n1,70,3,1,Qwen/Qwen2.5-72B-Instruct,1,0,1,1,lenient,0.0,9.0,0.0
2026-05-23 21:49:21,L-N03_m-qwen2.5-72b_sol1_gd1_rs0_bd1_str-lenient_t00_n1,71,1,1,Qwen/Qwen2.5-72B-Instruct,1,0,1,1,lenient,0.0,11.5,0.0
2026-05-23 21:49:34,L-N03_m-qwen2.5-72b_sol1_gd1_rs0_bd1_str-lenient_t00_n1,71,2,1,Qwen/Qwen2.5-72B-Instruct,1,0,1,1,lenient,0.0,9.5,0.0
2026-05-23 21:49:45,L-N03_m-qwen2.5-72b_sol1_gd1_rs0_bd1_str-lenient_t00_n1,71,3,1,Qwen/Qwen2.5-72B-Instruct,1,0,1,1,lenient,0.0,11.5,0.0
2026-05-23 21:49:48,L-N03_m-qwen2.5-72b_sol1_gd1_rs0_bd1_str-lenient_t00_n1,71,4,1,Qwen/Qwen2.5-72B-Instruct,1,0,1,1,lenient,0.0,0.0,0.0
2026-05-23 21:50:01,L-N03_m-qwen2.5-72b_sol1_gd1_rs0_bd1_str-lenient_t00_n1,72,1,1,Qwen/Qwen2.5-72B-Instruct,1,0,1,1,lenient,0.0,11.5,0.0
2026-05-23 21:50:12,L-N03_m-qwen2.5-72b_sol1_gd1_rs0_bd1_str-lenient_t00_n1,72,2,1,Qwen/Qwen2.5-72B-Instruct,1,0,1,1,lenient,0.0,9.5,0.0
2026-05-23 21:50:22,L-N03_m-qwen2.5-72b_sol1_gd1_rs0_bd1_str-lenient_t00_n1,72,3,1,Qwen/Qwen2.5-72B-Instruct,1,0,1,1,lenient,0.0,11.0,0.0
2026-05-23 21:50:44,L-N03_m-qwen2.5-72b_sol1_gd1_rs0_bd1_str-lenient_t00_n1,73,1,1,Qwen/Qwen2.5-72B-Instruct,1,0,1,1,lenient,0.0,10.5,0.0
2026-05-23 21:50:56,L-N03_m-qwen2.5-72b_sol1_gd1_rs0_bd1_str-lenient_t00_n1,73,2,1,Qwen/Qwen2.5-72B-Instruct,1,0,1,1,lenient,0.0,7.5,0.0
2026-05-23 21:51:14,L-N03_m-qwen2.5-72b_sol1_gd1_rs0_bd1_str-lenient_t00_n1,73,3,1,Qwen/Qwen2.5-72B-Instruct,1,0,1,1,lenient,0.0,9.0,0.0
2026-05-23 21:51:36,L-N03_m-qwen2.5-72b_sol1_gd1_rs0_bd1_str-lenient_t00_n1,74,1,1,Qwen/Qwen2.5-72B-Instruct,1,0,1,1,lenient,0.0,9.5,0.0
2026-05-23 21:51:50,L-N03_m-qwen2.5-72b_sol1_gd1_rs0_bd1_str-lenient_t00_n1,74,2,1,Qwen/Qwen2.5-72B-Instruct,1,0,1,1,lenient,0.0,10.0,3.0
2026-05-23 21:52:05,L-N03_m-qwen2.5-72b_sol1_gd1_rs0_bd1_str-lenient_t00_n1,74,3,1,Qwen/Qwen2.5-72B-Instruct,1,0,1,1,lenient,0.0,9.0,0.0
2026-05-23 21:52:11,L-N03_m-qwen2.5-72b_sol1_gd1_rs0_bd1_str-lenient_t00_n1,74,4,1,Qwen/Qwen2.5-72B-Instruct,1,0,1,1,lenient,0.0,5.0,0.0
2026-05-23 21:52:24,L-N03_m-qwen2.5-72b_sol1_gd1_rs0_bd1_str-lenient_t00_n1,75,1,1,Qwen/Qwen2.5-72B-Instruct,1,0,1,1,lenient,0.0,11.5,0.0
2026-05-23 21:52:35,L-N03_m-qwen2.5-72b_sol1_gd1_rs0_bd1_str-lenient_t00_n1,75,2,1,Qwen/Qwen2.5-72B-Instruct,1,0,1,1,lenient,0.0,11.0,4.0
2026-05-23 21:52:45,L-N03_m-qwen2.5-72b_sol1_gd1_rs0_bd1_str-lenient_t00_n1,75,3,1,Qwen/Qwen2.5-72B-Instruct,1,0,1,1,lenient,0.0,11.0,0.0
2026-05-23 21:52:57,L-N03_m-qwen2.5-72b_sol1_gd1_rs0_bd1_str-lenient_t00_n1,76,1,1,Qwen/Qwen2.5-72B-Instruct,1,0,1,1,lenient,0.0,11.5,4.0
2026-05-23 21:53:10,L-N03_m-qwen2.5-72b_sol1_gd1_rs0_bd1_str-lenient_t00_n1,76,2,1,Qwen/Qwen2.5-72B-Instruct,1,0,1,1,lenient,0.0,10.0,3.0
2026-05-23 21:53:20,L-N03_m-qwen2.5-72b_sol1_gd1_rs0_bd1_str-lenient_t00_n1,76,3,1,Qwen/Qwen2.5-72B-Instruct,1,0,1,1,lenient,0.0,11.0,0.0
2026-05-23 21:53:26,L-N03_m-qwen2.5-72b_sol1_gd1_rs0_bd1_str-lenient_t00_n1,76,4,1,Qwen/Qwen2.5-72B-Instruct,1,0,1,1,lenient,0.0,5.0,0.0
2026-05-23 21:53:39,L-N03_m-qwen2.5-72b_sol1_gd1_rs0_bd1_str-lenient_t00_n1,77,1,1,Qwen/Qwen2.5-72B-Instruct,1,0,1,1,lenient,0.0,11.5,0.0
2026-05-23 21:53:52,L-N03_m-qwen2.5-72b_sol1_gd1_rs0_bd1_str-lenient_t00_n1,77,2,1,Qwen/Qwen2.5-72B-Instruct,1,0,1,1,lenient,0.0,9.5,2.0
2026-05-23 21:54:02,L-N03_m-qwen2.5-72b_sol1_gd1_rs0_bd1_str-lenient_t00_n1,77,3,1,Qwen/Qwen2.5-72B-Instruct,1,0,1,1,lenient,0.0,11.5,0.0
2026-05-23 21:54:15,L-N03_m-qwen2.5-72b_sol1_gd1_rs0_bd1_str-lenient_t00_n1,78,1,1,Qwen/Qwen2.5-72B-Instruct,1,0,1,1,lenient,0.0,10.5,0.0
2026-05-23 21:54:26,L-N03_m-qwen2.5-72b_sol1_gd1_rs0_bd1_str-lenient_t00_n1,78,2,1,Qwen/Qwen2.5-72B-Instruct,1,0,1,1,lenient,0.0,9.5,2.0
2026-05-23 21:54:38,L-N03_m-qwen2.5-72b_sol1_gd1_rs0_bd1_str-lenient_t00_n1,78,3,1,Qwen/Qwen2.5-72B-Instruct,1,0,1,1,lenient,0.0,10.5,0.0
2026-05-23 21:55:00,L-N03_m-qwen2.5-72b_sol1_gd1_rs0_bd1_str-lenient_t00_n1,79,1,1,Qwen/Qwen2.5-72B-Instruct,1,0,1,1,lenient,0.0,11.5,3.0
2026-05-23 21:55:13,L-N03_m-qwen2.5-72b_sol1_gd1_rs0_bd1_str-lenient_t00_n1,79,2,1,Qwen/Qwen2.5-72B-Instruct,1,0,1,1,lenient,0.0,10.5,3.0
2026-05-23 21:55:24,L-N03_m-qwen2.5-72b_sol1_gd1_rs0_bd1_str-lenient_t00_n1,79,3,1,Qwen/Qwen2.5-72B-Instruct,1,0,1,1,lenient,0.0,11.5,0.0
2026-05-23 21:55:30,L-N03_m-qwen2.5-72b_sol1_gd1_rs0_bd1_str-lenient_t00_n1,79,4,1,Qwen/Qwen2.5-72B-Instruct,1,0,1,1,lenient,0.0,5.0,0.0
2026-05-23 21:55:43,L-N03_m-qwen2.5-72b_sol1_gd1_rs0_bd1_str-lenient_t00_n1,80,1,1,Qwen/Qwen2.5-72B-Instruct,1,0,1,1,lenient,0.0,11.5,4.0
2026-05-23 21:55:54,L-N03_m-qwen2.5-72b_sol1_gd1_rs0_bd1_str-lenient_t00_n1,80,2,1,Qwen/Qwen2.5-72B-Instruct,1,0,1,1,lenient,0.0,10.0,3.0
2026-05-23 21:56:05,L-N03_m-qwen2.5-72b_sol1_gd1_rs0_bd1_str-lenient_t00_n1,80,3,1,Qwen/Qwen2.5-72B-Instruct,1,0,1,1,lenient,0.0,11.5,0.0
2026-05-23 21:56:10,L-N03_m-qwen2.5-72b_sol1_gd1_rs0_bd1_str-lenient_t00_n1,80,4,1,Qwen/Qwen2.5-72B-Instruct,1,0,1,1,lenient,0.0,5.0,0.0
2026-05-23 21:56:24,L-N03_m-qwen2.5-72b_sol1_gd1_rs0_bd1_str-lenient_t00_n1,81,1,1,Qwen/Qwen2.5-72B-Instruct,1,0,1,1,lenient,0.0,11.5,3.0
2026-05-23 21:56:36,L-N03_m-qwen2.5-72b_sol1_gd1_rs0_bd1_str-lenient_t00_n1,81,2,1,Qwen/Qwen2.5-72B-Instruct,1,0,1,1,lenient,0.0,10.0,3.0
2026-05-23 21:56:46,L-N03_m-qwen2.5-72b_sol1_gd1_rs0_bd1_str-lenient_t00_n1,81,3,1,Qwen/Qwen2.5-72B-Instruct,1,0,1,1,lenient,0.0,11.5,0.0
2026-05-23 21:56:51,L-N03_m-qwen2.5-72b_sol1_gd1_rs0_bd1_str-lenient_t00_n1,81,4,1,Qwen/Qwen2.5-72B-Instruct,1,0,1,1,lenient,0.0,5.0,0.0
2026-05-23 21:57:04,L-N03_m-qwen2.5-72b_sol1_gd1_rs0_bd1_str-lenient_t00_n1,82,1,1,Qwen/Qwen2.5-72B-Instruct,1,0,1,1,lenient,0.0,11.5,0.0
2026-05-23 21:57:16,L-N03_m-qwen2.5-72b_sol1_gd1_rs0_bd1_str-lenient_t00_n1,82,2,1,Qwen/Qwen2.5-72B-Instruct,1,0,1,1,lenient,0.0,10.0,0.0
2026-05-23 21:57:27,L-N03_m-qwen2.5-72b_sol1_gd1_rs0_bd1_str-lenient_t00_n1,82,3,1,Qwen/Qwen2.5-72B-Instruct,1,0,1,1,lenient,0.0,11.5,0.0
2026-05-23 21:57:41,L-N03_m-qwen2.5-72b_sol1_gd1_rs0_bd1_str-lenient_t00_n1,83,1,1,Qwen/Qwen2.5-72B-Instruct,1,0,1,1,lenient,0.0,11.5,0.0
2026-05-23 21:57:53,L-N03_m-qwen2.5-72b_sol1_gd1_rs0_bd1_str-lenient_t00_n1,83,2,1,Qwen/Qwen2.5-72B-Instruct,1,0,1,1,lenient,0.0,10.0,0.0
2026-05-23 21:58:04,L-N03_m-qwen2.5-72b_sol1_gd1_rs0_bd1_str-lenient_t00_n1,83,3,1,Qwen/Qwen2.5-72B-Instruct,1,0,1,1,lenient,0.0,11.0,0.0
2026-05-23 21:58:08,L-N03_m-qwen2.5-72b_sol1_gd1_rs0_bd1_str-lenient_t00_n1,83,4,1,Qwen/Qwen2.5-72B-Instruct,1,0,1,1,lenient,0.0,0.0,0.0
2026-05-23 21:58:21,L-N03_m-qwen2.5-72b_sol1_gd1_rs0_bd1_str-lenient_t00_n1,84,1,1,Qwen/Qwen2.5-72B-Instruct,1,0,1,1,lenient,0.0,11.5,0.0
2026-05-23 21:58:33,L-N03_m-qwen2.5-72b_sol1_gd1_rs0_bd1_str-lenient_t00_n1,84,2,1,Qwen/Qwen2.5-72B-Instruct,1,0,1,1,lenient,0.0,10.0,0.0
2026-05-23 21:58:43,L-N03_m-qwen2.5-72b_sol1_gd1_rs0_bd1_str-lenient_t00_n1,84,3,1,Qwen/Qwen2.5-72B-Instruct,1,0,1,1,lenient,0.0,11.5,0.0
2026-05-23 21:58:49,L-N03_m-qwen2.5-72b_sol1_gd1_rs0_bd1_str-lenient_t00_n1,84,4,1,Qwen/Qwen2.5-72B-Instruct,1,0,1,1,lenient,0.0,5.0,0.0
2026-05-23 21:59:03,L-N03_m-qwen2.5-72b_sol1_gd1_rs0_bd1_str-lenient_t00_n1,85,1,1,Qwen/Qwen2.5-72B-Instruct,1,0,1,1,lenient,0.0,11.5,4.0
2026-05-23 21:59:16,L-N03_m-qwen2.5-72b_sol1_gd1_rs0_bd1_str-lenient_t00_n1,85,2,1,Qwen/Qwen2.5-72B-Instruct,1,0,1,1,lenient,0.0,10.5,3.0
2026-05-23 21:59:27,L-N03_m-qwen2.5-72b_sol1_gd1_rs0_bd1_str-lenient_t00_n1,85,3,1,Qwen/Qwen2.5-72B-Instruct,1,0,1,1,lenient,0.0,11.5,0.0
2026-05-23 21:59:40,L-N03_m-qwen2.5-72b_sol1_gd1_rs0_bd1_str-lenient_t00_n1,86,1,1,Qwen/Qwen2.5-72B-Instruct,1,0,1,1,lenient,0.0,11.5,2.0
2026-05-23 21:59:52,L-N03_m-qwen2.5-72b_sol1_gd1_rs0_bd1_str-lenient_t00_n1,86,2,1,Qwen/Qwen2.5-72B-Instruct,1,0,1,1,lenient,0.0,9.5,0.0
2026-05-23 22:00:03,L-N03_m-qwen2.5-72b_sol1_gd1_rs0_bd1_str-lenient_t00_n1,86,3,1,Qwen/Qwen2.5-72B-Instruct,1,0,1,1,lenient,0.0,11.0,0.0
2026-05-23 22:00:16,L-N03_m-qwen2.5-72b_sol1_gd1_rs0_bd1_str-lenient_t00_n1,87,1,1,Qwen/Qwen2.5-72B-Instruct,1,0,1,1,lenient,0.0,11.5,3.0
2026-05-23 22:00:28,L-N03_m-qwen2.5-72b_sol1_gd1_rs0_bd1_str-lenient_t00_n1,87,2,1,Qwen/Qwen2.5-72B-Instruct,1,0,1,1,lenient,0.0,10.0,3.0
2026-05-23 22:00:38,L-N03_m-qwen2.5-72b_sol1_gd1_rs0_bd1_str-lenient_t00_n1,87,3,1,Qwen/Qwen2.5-72B-Instruct,1,0,1,1,lenient,0.0,10.0,0.0
2026-05-23 22:00:43,L-N03_m-qwen2.5-72b_sol1_gd1_rs0_bd1_str-lenient_t00_n1,87,4,1,Qwen/Qwen2.5-72B-Instruct,1,0,1,1,lenient,0.0,5.0,0.0
2026-05-23 22:01:05,L-N03_m-qwen2.5-72b_sol1_gd1_rs0_bd1_str-lenient_t00_n1,88,1,1,Qwen/Qwen2.5-72B-Instruct,1,0,1,1,lenient,0.0,11.5,0.0
2026-05-23 22:01:17,L-N03_m-qwen2.5-72b_sol1_gd1_rs0_bd1_str-lenient_t00_n1,88,2,1,Qwen/Qwen2.5-72B-Instruct,1,0,1,1,lenient,0.0,10.0,0.0
2026-05-23 22:01:28,L-N03_m-qwen2.5-72b_sol1_gd1_rs0_bd1_str-lenient_t00_n1,88,3,1,Qwen/Qwen2.5-72B-Instruct,1,0,1,1,lenient,0.0,11.5,0.0
2026-05-23 22:01:42,L-N03_m-qwen2.5-72b_sol1_gd1_rs0_bd1_str-lenient_t00_n1,89,1,1,Qwen/Qwen2.5-72B-Instruct,1,0,1,1,lenient,0.0,10.5,0.0
2026-05-23 22:01:55,L-N03_m-qwen2.5-72b_sol1_gd1_rs0_bd1_str-lenient_t00_n1,89,2,1,Qwen/Qwen2.5-72B-Instruct,1,0,1,1,lenient,0.0,8.5,0.0
2026-05-23 22:02:05,L-N03_m-qwen2.5-72b_sol1_gd1_rs0_bd1_str-lenient_t00_n1,89,3,1,Qwen/Qwen2.5-72B-Instruct,1,0,1,1,lenient,0.0,11.0,0.0
2026-05-23 22:02:19,L-N03_m-qwen2.5-72b_sol1_gd1_rs0_bd1_str-lenient_t00_n1,90,1,1,Qwen/Qwen2.5-72B-Instruct,1,0,1,1,lenient,0.0,11.5,4.0
2026-05-23 22:02:31,L-N03_m-qwen2.5-72b_sol1_gd1_rs0_bd1_str-lenient_t00_n1,90,2,1,Qwen/Qwen2.5-72B-Instruct,1,0,1,1,lenient,0.0,9.5,2.0
2026-05-23 22:02:42,L-N03_m-qwen2.5-72b_sol1_gd1_rs0_bd1_str-lenient_t00_n1,90,3,1,Qwen/Qwen2.5-72B-Instruct,1,0,1,1,lenient,0.0,11.5,0.0
2026-05-23 22:02:46,L-N03_m-qwen2.5-72b_sol1_gd1_rs0_bd1_str-lenient_t00_n1,90,4,1,Qwen/Qwen2.5-72B-Instruct,1,0,1,1,lenient,0.0,0.0,0.0
2026-05-23 22:02:59,L-N03_m-qwen2.5-72b_sol1_gd1_rs0_bd1_str-lenient_t00_n1,91,1,1,Qwen/Qwen2.5-72B-Instruct,1,0,1,1,lenient,0.0,11.5,0.0
2026-05-23 22:03:12,L-N03_m-qwen2.5-72b_sol1_gd1_rs0_bd1_str-lenient_t00_n1,91,2,1,Qwen/Qwen2.5-72B-Instruct,1,0,1,1,lenient,0.0,10.0,3.0
2026-05-23 22:03:29,L-N03_m-qwen2.5-72b_sol1_gd1_rs0_bd1_str-lenient_t00_n1,91,3,1,Qwen/Qwen2.5-72B-Instruct,1,0,1,1,lenient,0.0,9.0,0.0
2026-05-23 22:03:34,L-N03_m-qwen2.5-72b_sol1_gd1_rs0_bd1_str-lenient_t00_n1,91,4,1,Qwen/Qwen2.5-72B-Instruct,1,0,1,1,lenient,0.0,5.0,0.0
2026-05-23 22:03:48,L-N03_m-qwen2.5-72b_sol1_gd1_rs0_bd1_str-lenient_t00_n1,92,1,1,Qwen/Qwen2.5-72B-Instruct,1,0,1,1,lenient,0.0,11.5,0.0
2026-05-23 22:04:00,L-N03_m-qwen2.5-72b_sol1_gd1_rs0_bd1_str-lenient_t00_n1,92,2,1,Qwen/Qwen2.5-72B-Instruct,1,0,1,1,lenient,0.0,10.0,0.0
2026-05-23 22:04:10,L-N03_m-qwen2.5-72b_sol1_gd1_rs0_bd1_str-lenient_t00_n1,92,3,1,Qwen/Qwen2.5-72B-Instruct,1,0,1,1,lenient,0.0,11.5,0.0
2026-05-23 22:04:24,L-N03_m-qwen2.5-72b_sol1_gd1_rs0_bd1_str-lenient_t00_n1,93,1,1,Qwen/Qwen2.5-72B-Instruct,1,0,1,1,lenient,0.0,11.5,0.0
2026-05-23 22:04:36,L-N03_m-qwen2.5-72b_sol1_gd1_rs0_bd1_str-lenient_t00_n1,93,2,1,Qwen/Qwen2.5-72B-Instruct,1,0,1,1,lenient,0.0,8.5,0.0
2026-05-23 22:04:47,L-N03_m-qwen2.5-72b_sol1_gd1_rs0_bd1_str-lenient_t00_n1,93,3,1,Qwen/Qwen2.5-72B-Instruct,1,0,1,1,lenient,0.0,11.5,0.0
2026-05-23 22:05:01,L-N03_m-qwen2.5-72b_sol1_gd1_rs0_bd1_str-lenient_t00_n1,94,1,1,Qwen/Qwen2.5-72B-Instruct,1,0,1,1,lenient,0.0,11.5,0.0
2026-05-23 22:05:12,L-N03_m-qwen2.5-72b_sol1_gd1_rs0_bd1_str-lenient_t00_n1,94,2,1,Qwen/Qwen2.5-72B-Instruct,1,0,1,1,lenient,0.0,9.5,0.0
2026-05-23 22:05:23,L-N03_m-qwen2.5-72b_sol1_gd1_rs0_bd1_str-lenient_t00_n1,94,3,1,Qwen/Qwen2.5-72B-Instruct,1,0,1,1,lenient,0.0,11.5,0.0
2026-05-23 22:05:36,L-N03_m-qwen2.5-72b_sol1_gd1_rs0_bd1_str-lenient_t00_n1,95,1,1,Qwen/Qwen2.5-72B-Instruct,1,0,1,1,lenient,0.0,11.5,3.0
2026-05-23 22:05:49,L-N03_m-qwen2.5-72b_sol1_gd1_rs0_bd1_str-lenient_t00_n1,95,2,1,Qwen/Qwen2.5-72B-Instruct,1,0,1,1,lenient,0.0,9.0,3.0
2026-05-23 22:05:59,L-N03_m-qwen2.5-72b_sol1_gd1_rs0_bd1_str-lenient_t00_n1,95,3,1,Qwen/Qwen2.5-72B-Instruct,1,0,1,1,lenient,0.0,11.0,0.0
2026-05-23 22:06:04,L-N03_m-qwen2.5-72b_sol1_gd1_rs0_bd1_str-lenient_t00_n1,95,4,1,Qwen/Qwen2.5-72B-Instruct,1,0,1,1,lenient,0.0,0.0,0.0
2026-05-23 22:06:18,L-N03_m-qwen2.5-72b_sol1_gd1_rs0_bd1_str-lenient_t00_n1,96,1,1,Qwen/Qwen2.5-72B-Instruct,1,0,1,1,lenient,0.0,9.5,0.0
2026-05-23 22:06:29,L-N03_m-qwen2.5-72b_sol1_gd1_rs0_bd1_str-lenient_t00_n1,96,2,1,Qwen/Qwen2.5-72B-Instruct,1,0,1,1,lenient,0.0,8.5,0.0
2026-05-23 22:06:44,L-N03_m-qwen2.5-72b_sol1_gd1_rs0_bd1_str-lenient_t00_n1,96,3,1,Qwen/Qwen2.5-72B-Instruct,1,0,1,1,lenient,0.0,9.0,0.0
2026-05-23 22:07:03,L-N03_m-qwen2.5-72b_sol1_gd1_rs0_bd1_str-lenient_t00_n1,97,1,1,Qwen/Qwen2.5-72B-Instruct,1,0,1,1,lenient,0.0,11.5,2.0
2026-05-23 22:07:16,L-N03_m-qwen2.5-72b_sol1_gd1_rs0_bd1_str-lenient_t00_n1,97,2,1,Qwen/Qwen2.5-72B-Instruct,1,0,1,1,lenient,0.0,10.0,3.0
2026-05-23 22:07:26,L-N03_m-qwen2.5-72b_sol1_gd1_rs0_bd1_str-lenient_t00_n1,97,3,1,Qwen/Qwen2.5-72B-Instruct,1,0,1,1,lenient,0.0,11.5,0.0
2026-05-23 22:07:40,L-N03_m-qwen2.5-72b_sol1_gd1_rs0_bd1_str-lenient_t00_n1,98,1,1,Qwen/Qwen2.5-72B-Instruct,1,0,1,1,lenient,0.0,9.5,0.0
2026-05-23 22:07:51,L-N03_m-qwen2.5-72b_sol1_gd1_rs0_bd1_str-lenient_t00_n1,98,2,1,Qwen/Qwen2.5-72B-Instruct,1,0,1,1,lenient,0.0,7.5,0.0
2026-05-23 22:08:06,L-N03_m-qwen2.5-72b_sol1_gd1_rs0_bd1_str-lenient_t00_n1,98,3,1,Qwen/Qwen2.5-72B-Instruct,1,0,1,1,lenient,0.0,9.0,0.0
2026-05-23 22:08:10,L-N03_m-qwen2.5-72b_sol1_gd1_rs0_bd1_str-lenient_t00_n1,98,4,1,Qwen/Qwen2.5-72B-Instruct,1,0,1,1,lenient,0.0,0.0,0.0
2026-05-23 22:08:23,L-N03_m-qwen2.5-72b_sol1_gd1_rs0_bd1_str-lenient_t00_n1,99,1,1,Qwen/Qwen2.5-72B-Instruct,1,0,1,1,lenient,0.0,11.5,4.0
2026-05-23 22:08:34,L-N03_m-qwen2.5-72b_sol1_gd1_rs0_bd1_str-lenient_t00_n1,99,2,1,Qwen/Qwen2.5-72B-Instruct,1,0,1,1,lenient,0.0,9.5,0.0
2026-05-23 22:08:48,L-N03_m-qwen2.5-72b_sol1_gd1_rs0_bd1_str-lenient_t00_n1,99,3,1,Qwen/Qwen2.5-72B-Instruct,1,0,1,1,lenient,0.0,7.5,0.0
2026-05-23 22:08:54,L-N03_m-qwen2.5-72b_sol1_gd1_rs0_bd1_str-lenient_t00_n1,99,4,1,Qwen/Qwen2.5-72B-Instruct,1,0,1,1,lenient,0.0,5.0,0.0
2026-05-23 22:09:17,L-N03_m-qwen2.5-72b_sol1_gd1_rs0_bd1_str-lenient_t00_n1,100,1,1,Qwen/Qwen2.5-72B-Instruct,1,0,1,1,lenient,0.0,10.5,0.0
2026-05-23 22:09:31,L-N03_m-qwen2.5-72b_sol1_gd1_rs0_bd1_str-lenient_t00_n1,100,2,1,Qwen/Qwen2.5-72B-Instruct,1,0,1,1,lenient,0.0,8.5,0.0
2026-05-23 22:09:41,L-N03_m-qwen2.5-72b_sol1_gd1_rs0_bd1_str-lenient_t00_n1,100,3,1,Qwen/Qwen2.5-72B-Instruct,1,0,1,1,lenient,0.0,11.0,0.0
2026-05-23 22:09:45,L-N03_m-qwen2.5-72b_sol1_gd1_rs0_bd1_str-lenient_t00_n1,100,4,1,Qwen/Qwen2.5-72B-Instruct,1,0,1,1,lenient,0.0,0.0,0.0
2026-05-23 22:09:57,L-N03_m-qwen2.5-72b_sol1_gd1_rs0_bd1_str-lenient_t00_n1,101,1,1,Qwen/Qwen2.5-72B-Instruct,1,0,1,1,lenient,0.0,10.5,0.0
2026-05-23 22:10:11,L-N03_m-qwen2.5-72b_sol1_gd1_rs0_bd1_str-lenient_t00_n1,101,2,1,Qwen/Qwen2.5-72B-Instruct,1,0,1,1,lenient,0.0,7.5,0.0
2026-05-23 22:10:22,L-N03_m-qwen2.5-72b_sol1_gd1_rs0_bd1_str-lenient_t00_n1,101,3,1,Qwen/Qwen2.5-72B-Instruct,1,0,1,1,lenient,0.0,11.0,0.0
2026-05-23 22:10:46,L-N03_m-qwen2.5-72b_sol1_gd1_rs0_bd1_str-lenient_t00_n1,102,1,1,Qwen/Qwen2.5-72B-Instruct,1,0,1,1,lenient,0.0,10.5,0.0
2026-05-23 22:10:57,L-N03_m-qwen2.5-72b_sol1_gd1_rs0_bd1_str-lenient_t00_n1,102,2,1,Qwen/Qwen2.5-72B-Instruct,1,0,1,1,lenient,0.0,8.5,0.0
2026-05-23 22:11:16,L-N03_m-qwen2.5-72b_sol1_gd1_rs0_bd1_str-lenient_t00_n1,102,3,1,Qwen/Qwen2.5-72B-Instruct,1,0,1,1,lenient,0.0,9.0,0.0
2026-05-23 22:11:29,L-N03_m-qwen2.5-72b_sol1_gd1_rs0_bd1_str-lenient_t00_n1,103,1,1,Qwen/Qwen2.5-72B-Instruct,1,0,1,1,lenient,0.0,11.5,4.0
2026-05-23 22:11:42,L-N03_m-qwen2.5-72b_sol1_gd1_rs0_bd1_str-lenient_t00_n1,103,2,1,Qwen/Qwen2.5-72B-Instruct,1,0,1,1,lenient,0.0,10.5,3.0
2026-05-23 22:11:53,L-N03_m-qwen2.5-72b_sol1_gd1_rs0_bd1_str-lenient_t00_n1,103,3,1,Qwen/Qwen2.5-72B-Instruct,1,0,1,1,lenient,0.0,11.0,0.0
2026-05-23 22:11:59,L-N03_m-qwen2.5-72b_sol1_gd1_rs0_bd1_str-lenient_t00_n1,103,4,1,Qwen/Qwen2.5-72B-Instruct,1,0,1,1,lenient,0.0,5.0,0.0
2026-05-23 22:12:12,L-N03_m-qwen2.5-72b_sol1_gd1_rs0_bd1_str-lenient_t00_n1,104,1,1,Qwen/Qwen2.5-72B-Instruct,1,0,1,1,lenient,0.0,11.5,4.0
2026-05-23 22:12:24,L-N03_m-qwen2.5-72b_sol1_gd1_rs0_bd1_str-lenient_t00_n1,104,2,1,Qwen/Qwen2.5-72B-Instruct,1,0,1,1,lenient,0.0,10.5,3.0
2026-05-23 22:12:35,L-N03_m-qwen2.5-72b_sol1_gd1_rs0_bd1_str-lenient_t00_n1,104,3,1,Qwen/Qwen2.5-72B-Instruct,1,0,1,1,lenient,0.0,11.5,0.0
2026-05-23 22:12:47,L-N03_m-qwen2.5-72b_sol1_gd1_rs0_bd1_str-lenient_t00_n1,105,1,1,Qwen/Qwen2.5-72B-Instruct,1,0,1,1,lenient,0.0,7.5,0.0
2026-05-23 22:13:01,L-N03_m-qwen2.5-72b_sol1_gd1_rs0_bd1_str-lenient_t00_n1,105,2,1,Qwen/Qwen2.5-72B-Instruct,1,0,1,1,lenient,0.0,7.5,0.0
2026-05-23 22:13:09,L-N03_m-qwen2.5-72b_sol1_gd1_rs0_bd1_str-lenient_t00_n1,105,3,1,Qwen/Qwen2.5-72B-Instruct,1,0,1,1,lenient,0.0,0.0,0.0
2026-05-23 22:13:31,L-N03_m-qwen2.5-72b_sol1_gd1_rs0_bd1_str-lenient_t00_n1,106,1,1,Qwen/Qwen2.5-72B-Instruct,1,0,1,1,lenient,0.0,11.5,4.0
2026-05-23 22:13:43,L-N03_m-qwen2.5-72b_sol1_gd1_rs0_bd1_str-lenient_t00_n1,106,2,1,Qwen/Qwen2.5-72B-Instruct,1,0,1,1,lenient,0.0,10.0,3.0
2026-05-23 22:13:54,L-N03_m-qwen2.5-72b_sol1_gd1_rs0_bd1_str-lenient_t00_n1,106,3,1,Qwen/Qwen2.5-72B-Instruct,1,0,1,1,lenient,0.0,11.5,0.0
2026-05-23 22:13:59,L-N03_m-qwen2.5-72b_sol1_gd1_rs0_bd1_str-lenient_t00_n1,106,4,1,Qwen/Qwen2.5-72B-Instruct,1,0,1,1,lenient,0.0,5.0,0.0
2026-05-23 22:14:13,L-N03_m-qwen2.5-72b_sol1_gd1_rs0_bd1_str-lenient_t00_n1,107,1,1,Qwen/Qwen2.5-72B-Instruct,1,0,1,1,lenient,0.0,11.5,0.0
2026-05-23 22:14:26,L-N03_m-qwen2.5-72b_sol1_gd1_rs0_bd1_str-lenient_t00_n1,107,2,1,Qwen/Qwen2.5-72B-Instruct,1,0,1,1,lenient,0.0,8.5,0.0
2026-05-23 22:14:42,L-N03_m-qwen2.5-72b_sol1_gd1_rs0_bd1_str-lenient_t00_n1,107,3,1,Qwen/Qwen2.5-72B-Instruct,1,0,1,1,lenient,0.0,7.5,0.0
2026-05-23 22:14:55,L-N03_m-qwen2.5-72b_sol1_gd1_rs0_bd1_str-lenient_t00_n1,108,1,1,Qwen/Qwen2.5-72B-Instruct,1,0,1,1,lenient,0.0,11.5,2.0
2026-05-23 22:15:08,L-N03_m-qwen2.5-72b_sol1_gd1_rs0_bd1_str-lenient_t00_n1,108,2,1,Qwen/Qwen2.5-72B-Instruct,1,0,1,1,lenient,0.0,9.5,3.0
2026-05-23 22:15:18,L-N03_m-qwen2.5-72b_sol1_gd1_rs0_bd1_str-lenient_t00_n1,108,3,1,Qwen/Qwen2.5-72B-Instruct,1,0,1,1,lenient,0.0,11.0,0.0
2026-05-23 22:15:24,L-N03_m-qwen2.5-72b_sol1_gd1_rs0_bd1_str-lenient_t00_n1,108,4,1,Qwen/Qwen2.5-72B-Instruct,1,0,1,1,lenient,0.0,5.0,0.0
2026-05-23 22:15:38,L-N03_m-qwen2.5-72b_sol1_gd1_rs0_bd1_str-lenient_t00_n1,109,1,1,Qwen/Qwen2.5-72B-Instruct,1,0,1,1,lenient,0.0,11.5,4.0
2026-05-23 22:15:50,L-N03_m-qwen2.5-72b_sol1_gd1_rs0_bd1_str-lenient_t00_n1,109,2,1,Qwen/Qwen2.5-72B-Instruct,1,0,1,1,lenient,0.0,10.0,0.0
2026-05-23 22:16:00,L-N03_m-qwen2.5-72b_sol1_gd1_rs0_bd1_str-lenient_t00_n1,109,3,1,Qwen/Qwen2.5-72B-Instruct,1,0,1,1,lenient,0.0,11.5,0.0
2026-05-23 22:16:06,L-N03_m-qwen2.5-72b_sol1_gd1_rs0_bd1_str-lenient_t00_n1,109,4,1,Qwen/Qwen2.5-72B-Instruct,1,0,1,1,lenient,0.0,5.0,0.0
2026-05-23 22:16:19,L-N03_m-qwen2.5-72b_sol1_gd1_rs0_bd1_str-lenient_t00_n1,110,1,1,Qwen/Qwen2.5-72B-Instruct,1,0,1,1,lenient,0.0,11.5,0.0
2026-05-23 22:16:31,L-N03_m-qwen2.5-72b_sol1_gd1_rs0_bd1_str-lenient_t00_n1,110,2,1,Qwen/Qwen2.5-72B-Instruct,1,0,1,1,lenient,0.0,9.5,0.0
2026-05-23 22:16:42,L-N03_m-qwen2.5-72b_sol1_gd1_rs0_bd1_str-lenient_t00_n1,110,3,1,Qwen/Qwen2.5-72B-Instruct,1,0,1,1,lenient,0.0,11.0,0.0
2026-05-23 22:16:56,L-N03_m-qwen2.5-72b_sol1_gd1_rs0_bd1_str-lenient_t00_n1,111,1,1,Qwen/Qwen2.5-72B-Instruct,1,0,1,1,lenient,0.0,10.5,0.0
2026-05-23 22:17:09,L-N03_m-qwen2.5-72b_sol1_gd1_rs0_bd1_str-lenient_t00_n1,111,2,1,Qwen/Qwen2.5-72B-Instruct,1,0,1,1,lenient,0.0,8.5,0.0
2026-05-23 22:17:19,L-N03_m-qwen2.5-72b_sol1_gd1_rs0_bd1_str-lenient_t00_n1,111,3,1,Qwen/Qwen2.5-72B-Instruct,1,0,1,1,lenient,0.0,11.0,0.0
2026-05-23 22:17:32,L-N03_m-qwen2.5-72b_sol1_gd1_rs0_bd1_str-lenient_t00_n1,112,1,1,Qwen/Qwen2.5-72B-Instruct,1,0,1,1,lenient,0.0,11.5,0.0
2026-05-23 22:17:43,L-N03_m-qwen2.5-72b_sol1_gd1_rs0_bd1_str-lenient_t00_n1,112,2,1,Qwen/Qwen2.5-72B-Instruct,1,0,1,1,lenient,0.0,9.5,0.0
2026-05-23 22:17:53,L-N03_m-qwen2.5-72b_sol1_gd1_rs0_bd1_str-lenient_t00_n1,112,3,1,Qwen/Qwen2.5-72B-Instruct,1,0,1,1,lenient,0.0,11.0,0.0
2026-05-23 22:18:14,L-N03_m-qwen2.5-72b_sol1_gd1_rs0_bd1_str-lenient_t00_n1,113,1,1,Qwen/Qwen2.5-72B-Instruct,1,0,1,1,lenient,0.0,9.5,0.0
2026-05-23 22:18:26,L-N03_m-qwen2.5-72b_sol1_gd1_rs0_bd1_str-lenient_t00_n1,113,2,1,Qwen/Qwen2.5-72B-Instruct,1,0,1,1,lenient,0.0,10.0,0.0
2026-05-23 22:18:43,L-N03_m-qwen2.5-72b_sol1_gd1_rs0_bd1_str-lenient_t00_n1,113,3,1,Qwen/Qwen2.5-72B-Instruct,1,0,1,1,lenient,0.0,8.5,0.0
2026-05-23 22:18:56,L-N03_m-qwen2.5-72b_sol1_gd1_rs0_bd1_str-lenient_t00_n1,114,1,1,Qwen/Qwen2.5-72B-Instruct,1,0,1,1,lenient,0.0,11.5,0.0
2026-05-23 22:19:08,L-N03_m-qwen2.5-72b_sol1_gd1_rs0_bd1_str-lenient_t00_n1,114,2,1,Qwen/Qwen2.5-72B-Instruct,1,0,1,1,lenient,0.0,10.0,0.0
2026-05-23 22:19:25,L-N03_m-qwen2.5-72b_sol1_gd1_rs0_bd1_str-lenient_t00_n1,114,3,1,Qwen/Qwen2.5-72B-Instruct,1,0,1,1,lenient,0.0,8.5,0.0
2026-05-23 22:19:46,L-N03_m-qwen2.5-72b_sol1_gd1_rs0_bd1_str-lenient_t00_n1,115,1,1,Qwen/Qwen2.5-72B-Instruct,1,0,1,1,lenient,0.0,10.5,0.0
2026-05-23 22:19:57,L-N03_m-qwen2.5-72b_sol1_gd1_rs0_bd1_str-lenient_t00_n1,115,2,1,Qwen/Qwen2.5-72B-Instruct,1,0,1,1,lenient,0.0,9.5,0.0
2026-05-23 22:20:07,L-N03_m-qwen2.5-72b_sol1_gd1_rs0_bd1_str-lenient_t00_n1,115,3,1,Qwen/Qwen2.5-72B-Instruct,1,0,1,1,lenient,0.0,11.5,0.0
2026-05-23 22:20:21,L-N03_m-qwen2.5-72b_sol1_gd1_rs0_bd1_str-lenient_t00_n1,116,1,1,Qwen/Qwen2.5-72B-Instruct,1,0,1,1,lenient,0.0,9.5,0.0
2026-05-23 22:20:33,L-N03_m-qwen2.5-72b_sol1_gd1_rs0_bd1_str-lenient_t00_n1,116,2,1,Qwen/Qwen2.5-72B-Instruct,1,0,1,1,lenient,0.0,8.5,0.0
2026-05-23 22:20:51,L-N03_m-qwen2.5-72b_sol1_gd1_rs0_bd1_str-lenient_t00_n1,116,3,1,Qwen/Qwen2.5-72B-Instruct,1,0,1,1,lenient,0.0,9.0,0.0
2026-05-23 22:21:05,L-N03_m-qwen2.5-72b_sol1_gd1_rs0_bd1_str-lenient_t00_n1,117,1,1,Qwen/Qwen2.5-72B-Instruct,1,0,1,1,lenient,0.0,10.5,0.0
2026-05-23 22:21:17,L-N03_m-qwen2.5-72b_sol1_gd1_rs0_bd1_str-lenient_t00_n1,117,2,1,Qwen/Qwen2.5-72B-Instruct,1,0,1,1,lenient,0.0,9.5,0.0
2026-05-23 22:21:27,L-N03_m-qwen2.5-72b_sol1_gd1_rs0_bd1_str-lenient_t00_n1,117,3,1,Qwen/Qwen2.5-72B-Instruct,1,0,1,1,lenient,0.0,11.5,0.0
2026-05-23 22:21:41,L-N03_m-qwen2.5-72b_sol1_gd1_rs0_bd1_str-lenient_t00_n1,118,1,1,Qwen/Qwen2.5-72B-Instruct,1,0,1,1,lenient,0.0,11.5,4.0
2026-05-23 22:21:53,L-N03_m-qwen2.5-72b_sol1_gd1_rs0_bd1_str-lenient_t00_n1,118,2,1,Qwen/Qwen2.5-72B-Instruct,1,0,1,1,lenient,0.0,10.0,2.0
2026-05-23 22:22:03,L-N03_m-qwen2.5-72b_sol1_gd1_rs0_bd1_str-lenient_t00_n1,118,3,1,Qwen/Qwen2.5-72B-Instruct,1,0,1,1,lenient,0.0,11.5,0.0
2026-05-23 22:22:09,L-N03_m-qwen2.5-72b_sol1_gd1_rs0_bd1_str-lenient_t00_n1,118,4,1,Qwen/Qwen2.5-72B-Instruct,1,0,1,1,lenient,0.0,5.0,0.0
2026-05-23 22:22:22,L-N03_m-qwen2.5-72b_sol1_gd1_rs0_bd1_str-lenient_t00_n1,119,1,1,Qwen/Qwen2.5-72B-Instruct,1,0,1,1,lenient,0.0,11.5,4.0
2026-05-23 22:22:34,L-N03_m-qwen2.5-72b_sol1_gd1_rs0_bd1_str-lenient_t00_n1,119,2,1,Qwen/Qwen2.5-72B-Instruct,1,0,1,1,lenient,0.0,10.0,3.0
2026-05-23 22:22:44,L-N03_m-qwen2.5-72b_sol1_gd1_rs0_bd1_str-lenient_t00_n1,119,3,1,Qwen/Qwen2.5-72B-Instruct,1,0,1,1,lenient,0.0,11.5,0.0
2026-05-23 22:22:48,L-N03_m-qwen2.5-72b_sol1_gd1_rs0_bd1_str-lenient_t00_n1,119,4,1,Qwen/Qwen2.5-72B-Instruct,1,0,1,1,lenient,0.0,5.0,0.0
2026-05-23 22:23:01,L-N03_m-qwen2.5-72b_sol1_gd1_rs0_bd1_str-lenient_t00_n1,120,1,1,Qwen/Qwen2.5-72B-Instruct,1,0,1,1,lenient,0.0,10.5,0.0
2026-05-23 22:23:14,L-N03_m-qwen2.5-72b_sol1_gd1_rs0_bd1_str-lenient_t00_n1,120,2,1,Qwen/Qwen2.5-72B-Instruct,1,0,1,1,lenient,0.0,10.0,0.0
2026-05-23 22:23:26,L-N03_m-qwen2.5-72b_sol1_gd1_rs0_bd1_str-lenient_t00_n1,120,3,1,Qwen/Qwen2.5-72B-Instruct,1,0,1,1,lenient,0.0,9.0,0.0
2026-05-23 22:23:29,L-N03_m-qwen2.5-72b_sol1_gd1_rs0_bd1_str-lenient_t00_n1,120,4,1,Qwen/Qwen2.5-72B-Instruct,1,0,1,1,lenient,0.0,0.0,0.0
2026-05-23 22:23:42,L-N03_m-qwen2.5-72b_sol1_gd1_rs0_bd1_str-lenient_t00_n1,121,1,1,Qwen/Qwen2.5-72B-Instruct,1,0,1,1,lenient,0.0,11.5,0.0
2026-05-23 22:23:54,L-N03_m-qwen2.5-72b_sol1_gd1_rs0_bd1_str-lenient_t00_n1,121,2,1,Qwen/Qwen2.5-72B-Instruct,1,0,1,1,lenient,0.0,10.5,3.0
2026-05-23 22:24:05,L-N03_m-qwen2.5-72b_sol1_gd1_rs0_bd1_str-lenient_t00_n1,121,3,1,Qwen/Qwen2.5-72B-Instruct,1,0,1,1,lenient,0.0,11.5,0.0
2026-05-23 22:24:23,L-N03_m-qwen2.5-72b_sol1_gd1_rs0_bd1_str-lenient_t00_n1,122,1,1,Qwen/Qwen2.5-72B-Instruct,1,0,1,1,lenient,0.0,9.5,0.0
2026-05-23 22:24:36,L-N03_m-qwen2.5-72b_sol1_gd1_rs0_bd1_str-lenient_t00_n1,122,2,1,Qwen/Qwen2.5-72B-Instruct,1,0,1,1,lenient,0.0,10.0,0.0
2026-05-23 22:24:46,L-N03_m-qwen2.5-72b_sol1_gd1_rs0_bd1_str-lenient_t00_n1,122,3,1,Qwen/Qwen2.5-72B-Instruct,1,0,1,1,lenient,0.0,11.0,0.0
2026-05-23 22:24:59,L-N03_m-qwen2.5-72b_sol1_gd1_rs0_bd1_str-lenient_t00_n1,123,1,1,Qwen/Qwen2.5-72B-Instruct,1,0,1,1,lenient,0.0,11.5,0.0
2026-05-23 22:25:12,L-N03_m-qwen2.5-72b_sol1_gd1_rs0_bd1_str-lenient_t00_n1,123,2,1,Qwen/Qwen2.5-72B-Instruct,1,0,1,1,lenient,0.0,8.5,0.0
2026-05-23 22:25:23,L-N03_m-qwen2.5-72b_sol1_gd1_rs0_bd1_str-lenient_t00_n1,123,3,1,Qwen/Qwen2.5-72B-Instruct,1,0,1,1,lenient,0.0,11.0,0.0
2026-05-23 22:25:35,L-N03_m-qwen2.5-72b_sol1_gd1_rs0_bd1_str-lenient_t00_n1,124,1,1,Qwen/Qwen2.5-72B-Instruct,1,0,1,1,lenient,0.0,7.5,0.0
2026-05-23 22:25:47,L-N03_m-qwen2.5-72b_sol1_gd1_rs0_bd1_str-lenient_t00_n1,124,2,1,Qwen/Qwen2.5-72B-Instruct,1,0,1,1,lenient,0.0,8.5,0.0
2026-05-23 22:25:58,L-N03_m-qwen2.5-72b_sol1_gd1_rs0_bd1_str-lenient_t00_n1,124,3,1,Qwen/Qwen2.5-72B-Instruct,1,0,1,1,lenient,0.0,10.0,0.0
2026-05-23 22:26:12,L-N03_m-qwen2.5-72b_sol1_gd1_rs0_bd1_str-lenient_t00_n1,125,1,1,Qwen/Qwen2.5-72B-Instruct,1,0,1,1,lenient,0.0,10.5,0.0
2026-05-23 22:26:23,L-N03_m-qwen2.5-72b_sol1_gd1_rs0_bd1_str-lenient_t00_n1,125,2,1,Qwen/Qwen2.5-72B-Instruct,1,0,1,1,lenient,0.0,9.5,0.0
2026-05-23 22:26:34,L-N03_m-qwen2.5-72b_sol1_gd1_rs0_bd1_str-lenient_t00_n1,125,3,1,Qwen/Qwen2.5-72B-Instruct,1,0,1,1,lenient,0.0,10.0,0.0
2026-05-23 22:26:47,L-N03_m-qwen2.5-72b_sol1_gd1_rs0_bd1_str-lenient_t00_n1,126,1,1,Qwen/Qwen2.5-72B-Instruct,1,0,1,1,lenient,0.0,11.5,0.0
2026-05-23 22:26:59,L-N03_m-qwen2.5-72b_sol1_gd1_rs0_bd1_str-lenient_t00_n1,126,2,1,Qwen/Qwen2.5-72B-Instruct,1,0,1,1,lenient,0.0,9.5,0.0
2026-05-23 22:27:19,L-N03_m-qwen2.5-72b_sol1_gd1_rs0_bd1_str-lenient_t00_n1,126,3,1,Qwen/Qwen2.5-72B-Instruct,1,0,1,1,lenient,0.0,9.0,0.0
2026-05-23 22:27:31,L-N03_m-qwen2.5-72b_sol1_gd1_rs0_bd1_str-lenient_t00_n1,127,1,1,Qwen/Qwen2.5-72B-Instruct,1,0,1,1,lenient,0.0,11.5,0.0
2026-05-23 22:27:44,L-N03_m-qwen2.5-72b_sol1_gd1_rs0_bd1_str-lenient_t00_n1,127,2,1,Qwen/Qwen2.5-72B-Instruct,1,0,1,1,lenient,0.0,8.5,0.0
2026-05-23 22:28:00,L-N03_m-qwen2.5-72b_sol1_gd1_rs0_bd1_str-lenient_t00_n1,127,3,1,Qwen/Qwen2.5-72B-Instruct,1,0,1,1,lenient,0.0,7.5,0.0
2026-05-23 22:28:04,L-N03_m-qwen2.5-72b_sol1_gd1_rs0_bd1_str-lenient_t00_n1,127,4,1,Qwen/Qwen2.5-72B-Instruct,1,0,1,1,lenient,0.0,0.0,0.0
2026-05-23 22:28:17,L-N03_m-qwen2.5-72b_sol1_gd1_rs0_bd1_str-lenient_t00_n1,128,1,1,Qwen/Qwen2.5-72B-Instruct,1,0,1,1,lenient,0.0,10.5,0.0
2026-05-23 22:28:29,L-N03_m-qwen2.5-72b_sol1_gd1_rs0_bd1_str-lenient_t00_n1,128,2,1,Qwen/Qwen2.5-72B-Instruct,1,0,1,1,lenient,0.0,9.5,0.0
2026-05-23 22:28:45,L-N03_m-qwen2.5-72b_sol1_gd1_rs0_bd1_str-lenient_t00_n1,128,3,1,Qwen/Qwen2.5-72B-Instruct,1,0,1,1,lenient,0.0,8.5,0.0
2026-05-23 22:28:58,L-N03_m-qwen2.5-72b_sol1_gd1_rs0_bd1_str-lenient_t00_n1,129,1,1,Qwen/Qwen2.5-72B-Instruct,1,0,1,1,lenient,0.0,11.5,4.0
2026-05-23 22:29:10,L-N03_m-qwen2.5-72b_sol1_gd1_rs0_bd1_str-lenient_t00_n1,129,2,1,Qwen/Qwen2.5-72B-Instruct,1,0,1,1,lenient,0.0,9.5,2.0
2026-05-23 22:29:20,L-N03_m-qwen2.5-72b_sol1_gd1_rs0_bd1_str-lenient_t00_n1,129,3,1,Qwen/Qwen2.5-72B-Instruct,1,0,1,1,lenient,0.0,11.0,0.0
2026-05-23 22:29:25,L-N03_m-qwen2.5-72b_sol1_gd1_rs0_bd1_str-lenient_t00_n1,129,4,1,Qwen/Qwen2.5-72B-Instruct,1,0,1,1,lenient,0.0,5.0,0.0
2026-05-23 22:29:39,L-N03_m-qwen2.5-72b_sol1_gd1_rs0_bd1_str-lenient_t00_n1,130,1,1,Qwen/Qwen2.5-72B-Instruct,1,0,1,1,lenient,0.0,11.5,3.0
2026-05-23 22:29:53,L-N03_m-qwen2.5-72b_sol1_gd1_rs0_bd1_str-lenient_t00_n1,130,2,1,Qwen/Qwen2.5-72B-Instruct,1,0,1,1,lenient,0.0,9.5,2.0
2026-05-23 22:30:03,L-N03_m-qwen2.5-72b_sol1_gd1_rs0_bd1_str-lenient_t00_n1,130,3,1,Qwen/Qwen2.5-72B-Instruct,1,0,1,1,lenient,0.0,11.5,0.0
2026-05-23 22:30:09,L-N03_m-qwen2.5-72b_sol1_gd1_rs0_bd1_str-lenient_t00_n1,130,4,1,Qwen/Qwen2.5-72B-Instruct,1,0,1,1,lenient,0.0,5.0,0.0
2026-05-23 22:30:22,L-N03_m-qwen2.5-72b_sol1_gd1_rs0_bd1_str-lenient_t00_n1,131,1,1,Qwen/Qwen2.5-72B-Instruct,1,0,1,1,lenient,0.0,11.5,3.0
2026-05-23 22:30:34,L-N03_m-qwen2.5-72b_sol1_gd1_rs0_bd1_str-lenient_t00_n1,131,2,1,Qwen/Qwen2.5-72B-Instruct,1,0,1,1,lenient,0.0,9.5,0.0
2026-05-23 22:30:45,L-N03_m-qwen2.5-72b_sol1_gd1_rs0_bd1_str-lenient_t00_n1,131,3,1,Qwen/Qwen2.5-72B-Instruct,1,0,1,1,lenient,0.0,11.5,0.0
2026-05-23 22:30:59,L-N03_m-qwen2.5-72b_sol1_gd1_rs0_bd1_str-lenient_t00_n1,132,1,1,Qwen/Qwen2.5-72B-Instruct,1,0,1,1,lenient,0.0,11.5,4.0
2026-05-23 22:31:10,L-N03_m-qwen2.5-72b_sol1_gd1_rs0_bd1_str-lenient_t00_n1,132,2,1,Qwen/Qwen2.5-72B-Instruct,1,0,1,1,lenient,0.0,9.5,3.0
2026-05-23 22:31:20,L-N03_m-qwen2.5-72b_sol1_gd1_rs0_bd1_str-lenient_t00_n1,132,3,1,Qwen/Qwen2.5-72B-Instruct,1,0,1,1,lenient,0.0,11.5,0.0
2026-05-23 22:31:25,L-N03_m-qwen2.5-72b_sol1_gd1_rs0_bd1_str-lenient_t00_n1,132,4,1,Qwen/Qwen2.5-72B-Instruct,1,0,1,1,lenient,0.0,5.0,0.0
2026-05-23 22:31:38,L-N03_m-qwen2.5-72b_sol1_gd1_rs0_bd1_str-lenient_t00_n1,133,1,1,Qwen/Qwen2.5-72B-Instruct,1,0,1,1,lenient,0.0,10.5,0.0
2026-05-23 22:31:51,L-N03_m-qwen2.5-72b_sol1_gd1_rs0_bd1_str-lenient_t00_n1,133,2,1,Qwen/Qwen2.5-72B-Instruct,1,0,1,1,lenient,0.0,10.0,0.0
2026-05-23 22:32:01,L-N03_m-qwen2.5-72b_sol1_gd1_rs0_bd1_str-lenient_t00_n1,133,3,1,Qwen/Qwen2.5-72B-Instruct,1,0,1,1,lenient,0.0,11.5,0.0
2026-05-23 22:32:14,L-N03_m-qwen2.5-72b_sol1_gd1_rs0_bd1_str-lenient_t00_n1,134,1,1,Qwen/Qwen2.5-72B-Instruct,1,0,1,1,lenient,0.0,11.5,0.0
2026-05-23 22:32:27,L-N03_m-qwen2.5-72b_sol1_gd1_rs0_bd1_str-lenient_t00_n1,134,2,1,Qwen/Qwen2.5-72B-Instruct,1,0,1,1,lenient,0.0,8.5,0.0
2026-05-23 22:32:41,L-N03_m-qwen2.5-72b_sol1_gd1_rs0_bd1_str-lenient_t00_n1,134,3,1,Qwen/Qwen2.5-72B-Instruct,1,0,1,1,lenient,0.0,6.0,0.0
2026-05-23 22:33:03,L-N03_m-qwen2.5-72b_sol1_gd1_rs0_bd1_str-lenient_t00_n1,135,1,1,Qwen/Qwen2.5-72B-Instruct,1,0,1,1,lenient,0.0,8.5,0.0
2026-05-23 22:33:15,L-N03_m-qwen2.5-72b_sol1_gd1_rs0_bd1_str-lenient_t00_n1,135,2,1,Qwen/Qwen2.5-72B-Instruct,1,0,1,1,lenient,0.0,8.5,0.0
2026-05-23 22:33:31,L-N03_m-qwen2.5-72b_sol1_gd1_rs0_bd1_str-lenient_t00_n1,135,3,1,Qwen/Qwen2.5-72B-Instruct,1,0,1,1,lenient,0.0,9.0,0.0
2026-05-23 22:33:46,L-N03_m-qwen2.5-72b_sol1_gd1_rs0_bd1_str-lenient_t00_n1,136,1,1,Qwen/Qwen2.5-72B-Instruct,1,0,1,1,lenient,0.0,10.5,0.0
2026-05-23 22:33:58,L-N03_m-qwen2.5-72b_sol1_gd1_rs0_bd1_str-lenient_t00_n1,136,2,1,Qwen/Qwen2.5-72B-Instruct,1,0,1,1,lenient,0.0,9.5,0.0
2026-05-23 22:34:15,L-N03_m-qwen2.5-72b_sol1_gd1_rs0_bd1_str-lenient_t00_n1,136,3,1,Qwen/Qwen2.5-72B-Instruct,1,0,1,1,lenient,0.0,9.0,0.0
2026-05-23 22:34:20,L-N03_m-qwen2.5-72b_sol1_gd1_rs0_bd1_str-lenient_t00_n1,136,4,1,Qwen/Qwen2.5-72B-Instruct,1,0,1,1,lenient,0.0,0.0,0.0
2026-05-23 22:34:34,L-N03_m-qwen2.5-72b_sol1_gd1_rs0_bd1_str-lenient_t00_n1,137,1,1,Qwen/Qwen2.5-72B-Instruct,1,0,1,1,lenient,0.0,9.5,0.0
2026-05-23 22:34:51,L-N03_m-qwen2.5-72b_sol1_gd1_rs0_bd1_str-lenient_t00_n1,137,2,1,Qwen/Qwen2.5-72B-Instruct,1,0,1,1,lenient,0.0,7.5,0.0
2026-05-23 22:35:07,L-N03_m-qwen2.5-72b_sol1_gd1_rs0_bd1_str-lenient_t00_n1,137,3,1,Qwen/Qwen2.5-72B-Instruct,1,0,1,1,lenient,0.0,9.0,0.0
2026-05-23 22:35:21,L-N03_m-qwen2.5-72b_sol1_gd1_rs0_bd1_str-lenient_t00_n1,138,1,1,Qwen/Qwen2.5-72B-Instruct,1,0,1,1,lenient,0.0,11.5,0.0
2026-05-23 22:35:34,L-N03_m-qwen2.5-72b_sol1_gd1_rs0_bd1_str-lenient_t00_n1,138,2,1,Qwen/Qwen2.5-72B-Instruct,1,0,1,1,lenient,0.0,10.0,0.0
2026-05-23 22:35:43,L-N03_m-qwen2.5-72b_sol1_gd1_rs0_bd1_str-lenient_t00_n1,138,3,1,Qwen/Qwen2.5-72B-Instruct,1,0,1,1,lenient,0.0,11.0,0.0
2026-05-23 22:35:57,L-N03_m-qwen2.5-72b_sol1_gd1_rs0_bd1_str-lenient_t00_n1,139,1,1,Qwen/Qwen2.5-72B-Instruct,1,0,1,1,lenient,0.0,9.5,0.0
2026-05-23 22:36:09,L-N03_m-qwen2.5-72b_sol1_gd1_rs0_bd1_str-lenient_t00_n1,139,2,1,Qwen/Qwen2.5-72B-Instruct,1,0,1,1,lenient,0.0,8.5,0.0
2026-05-23 22:36:18,L-N03_m-qwen2.5-72b_sol1_gd1_rs0_bd1_str-lenient_t00_n1,139,3,1,Qwen/Qwen2.5-72B-Instruct,1,0,1,1,lenient,0.0,11.0,0.0
2026-05-23 22:36:32,L-N03_m-qwen2.5-72b_sol1_gd1_rs0_bd1_str-lenient_t00_n1,140,1,1,Qwen/Qwen2.5-72B-Instruct,1,0,1,1,lenient,0.0,11.5,0.0
2026-05-23 22:36:45,L-N03_m-qwen2.5-72b_sol1_gd1_rs0_bd1_str-lenient_t00_n1,140,2,1,Qwen/Qwen2.5-72B-Instruct,1,0,1,1,lenient,0.0,10.0,0.0
2026-05-23 22:36:59,L-N03_m-qwen2.5-72b_sol1_gd1_rs0_bd1_str-lenient_t00_n1,140,3,1,Qwen/Qwen2.5-72B-Instruct,1,0,1,1,lenient,0.0,7.5,0.0
2026-05-23 22:37:03,L-N03_m-qwen2.5-72b_sol1_gd1_rs0_bd1_str-lenient_t00_n1,140,4,1,Qwen/Qwen2.5-72B-Instruct,1,0,1,1,lenient,0.0,0.0,0.0
2026-05-23 22:37:16,L-N03_m-qwen2.5-72b_sol1_gd1_rs0_bd1_str-lenient_t00_n1,141,1,1,Qwen/Qwen2.5-72B-Instruct,1,0,1,1,lenient,0.0,11.5,4.0
2026-05-23 22:37:28,L-N03_m-qwen2.5-72b_sol1_gd1_rs0_bd1_str-lenient_t00_n1,141,2,1,Qwen/Qwen2.5-72B-Instruct,1,0,1,1,lenient,0.0,10.5,3.0
2026-05-23 22:37:39,L-N03_m-qwen2.5-72b_sol1_gd1_rs0_bd1_str-lenient_t00_n1,141,3,1,Qwen/Qwen2.5-72B-Instruct,1,0,1,1,lenient,0.0,11.5,0.0
2026-05-23 22:37:45,L-N03_m-qwen2.5-72b_sol1_gd1_rs0_bd1_str-lenient_t00_n1,141,4,1,Qwen/Qwen2.5-72B-Instruct,1,0,1,1,lenient,0.0,5.0,0.0
2026-05-23 22:37:57,L-N03_m-qwen2.5-72b_sol1_gd1_rs0_bd1_str-lenient_t00_n1,142,1,1,Qwen/Qwen2.5-72B-Instruct,1,0,1,1,lenient,0.0,7.5,0.0
2026-05-23 22:38:10,L-N03_m-qwen2.5-72b_sol1_gd1_rs0_bd1_str-lenient_t00_n1,142,2,1,Qwen/Qwen2.5-72B-Instruct,1,0,1,1,lenient,0.0,7.5,0.0
2026-05-23 22:38:20,L-N03_m-qwen2.5-72b_sol1_gd1_rs0_bd1_str-lenient_t00_n1,142,3,1,Qwen/Qwen2.5-72B-Instruct,1,0,1,1,lenient,0.0,11.0,0.0
2026-05-23 22:38:33,L-N03_m-qwen2.5-72b_sol1_gd1_rs0_bd1_str-lenient_t00_n1,143,1,1,Qwen/Qwen2.5-72B-Instruct,1,0,1,1,lenient,0.0,11.5,0.0
2026-05-23 22:38:45,L-N03_m-qwen2.5-72b_sol1_gd1_rs0_bd1_str-lenient_t00_n1,143,2,1,Qwen/Qwen2.5-72B-Instruct,1,0,1,1,lenient,0.0,9.5,0.0
2026-05-23 22:38:56,L-N03_m-qwen2.5-72b_sol1_gd1_rs0_bd1_str-lenient_t00_n1,143,3,1,Qwen/Qwen2.5-72B-Instruct,1,0,1,1,lenient,0.0,11.5,0.0
2026-05-23 22:39:00,L-N03_m-qwen2.5-72b_sol1_gd1_rs0_bd1_str-lenient_t00_n1,143,4,1,Qwen/Qwen2.5-72B-Instruct,1,0,1,1,lenient,0.0,0.0,0.0
2026-05-23 22:39:14,L-N03_m-qwen2.5-72b_sol1_gd1_rs0_bd1_str-lenient_t00_n1,144,1,1,Qwen/Qwen2.5-72B-Instruct,1,0,1,1,lenient,0.0,11.5,3.0
2026-05-23 22:39:24,L-N03_m-qwen2.5-72b_sol1_gd1_rs0_bd1_str-lenient_t00_n1,144,2,1,Qwen/Qwen2.5-72B-Instruct,1,0,1,1,lenient,0.0,9.5,0.0
2026-05-23 22:39:35,L-N03_m-qwen2.5-72b_sol1_gd1_rs0_bd1_str-lenient_t00_n1,144,3,1,Qwen/Qwen2.5-72B-Instruct,1,0,1,1,lenient,0.0,10.0,0.0
2026-05-23 22:39:48,L-N03_m-qwen2.5-72b_sol1_gd1_rs0_bd1_str-lenient_t00_n1,145,1,1,Qwen/Qwen2.5-72B-Instruct,1,0,1,1,lenient,0.0,11.5,0.0
2026-05-23 22:40:02,L-N03_m-qwen2.5-72b_sol1_gd1_rs0_bd1_str-lenient_t00_n1,145,2,1,Qwen/Qwen2.5-72B-Instruct,1,0,1,1,lenient,0.0,9.5,3.0
2026-05-23 22:40:12,L-N03_m-qwen2.5-72b_sol1_gd1_rs0_bd1_str-lenient_t00_n1,145,3,1,Qwen/Qwen2.5-72B-Instruct,1,0,1,1,lenient,0.0,11.5,0.0
2026-05-23 22:40:18,L-N03_m-qwen2.5-72b_sol1_gd1_rs0_bd1_str-lenient_t00_n1,145,4,1,Qwen/Qwen2.5-72B-Instruct,1,0,1,1,lenient,0.0,5.0,0.0
2026-05-23 22:40:32,L-N03_m-qwen2.5-72b_sol1_gd1_rs0_bd1_str-lenient_t00_n1,146,1,1,Qwen/Qwen2.5-72B-Instruct,1,0,1,1,lenient,0.0,11.5,3.0
2026-05-23 22:40:44,L-N03_m-qwen2.5-72b_sol1_gd1_rs0_bd1_str-lenient_t00_n1,146,2,1,Qwen/Qwen2.5-72B-Instruct,1,0,1,1,lenient,0.0,10.0,3.0
2026-05-23 22:40:55,L-N03_m-qwen2.5-72b_sol1_gd1_rs0_bd1_str-lenient_t00_n1,146,3,1,Qwen/Qwen2.5-72B-Instruct,1,0,1,1,lenient,0.0,11.0,0.0
2026-05-23 22:41:08,L-N03_m-qwen2.5-72b_sol1_gd1_rs0_bd1_str-lenient_t00_n1,147,1,1,Qwen/Qwen2.5-72B-Instruct,1,0,1,1,lenient,0.0,9.5,0.0
2026-05-23 22:41:19,L-N03_m-qwen2.5-72b_sol1_gd1_rs0_bd1_str-lenient_t00_n1,147,2,1,Qwen/Qwen2.5-72B-Instruct,1,0,1,1,lenient,0.0,9.5,0.0
2026-05-23 22:41:35,L-N03_m-qwen2.5-72b_sol1_gd1_rs0_bd1_str-lenient_t00_n1,147,3,1,Qwen/Qwen2.5-72B-Instruct,1,0,1,1,lenient,0.0,9.0,0.0
2026-05-23 22:41:48,L-N03_m-qwen2.5-72b_sol1_gd1_rs0_bd1_str-lenient_t00_n1,148,1,1,Qwen/Qwen2.5-72B-Instruct,1,0,1,1,lenient,0.0,8.5,0.0
2026-05-23 22:42:01,L-N03_m-qwen2.5-72b_sol1_gd1_rs0_bd1_str-lenient_t00_n1,148,2,1,Qwen/Qwen2.5-72B-Instruct,1,0,1,1,lenient,0.0,9.5,0.0
2026-05-23 22:42:18,L-N03_m-qwen2.5-72b_sol1_gd1_rs0_bd1_str-lenient_t00_n1,148,3,1,Qwen/Qwen2.5-72B-Instruct,1,0,1,1,lenient,0.0,7.5,0.0
2026-05-23 22:42:32,L-N03_m-qwen2.5-72b_sol1_gd1_rs0_bd1_str-lenient_t00_n1,149,1,1,Qwen/Qwen2.5-72B-Instruct,1,0,1,1,lenient,0.0,11.5,0.0
2026-05-23 22:42:45,L-N03_m-qwen2.5-72b_sol1_gd1_rs0_bd1_str-lenient_t00_n1,149,2,1,Qwen/Qwen2.5-72B-Instruct,1,0,1,1,lenient,0.0,8.5,0.0
2026-05-23 22:43:00,L-N03_m-qwen2.5-72b_sol1_gd1_rs0_bd1_str-lenient_t00_n1,149,3,1,Qwen/Qwen2.5-72B-Instruct,1,0,1,1,lenient,0.0,7.5,0.0
2026-05-23 22:43:21,L-N03_m-qwen2.5-72b_sol1_gd1_rs0_bd1_str-lenient_t00_n1,150,1,1,Qwen/Qwen2.5-72B-Instruct,1,0,1,1,lenient,0.0,11.5,3.0
2026-05-23 22:43:34,L-N03_m-qwen2.5-72b_sol1_gd1_rs0_bd1_str-lenient_t00_n1,150,2,1,Qwen/Qwen2.5-72B-Instruct,1,0,1,1,lenient,0.0,9.5,2.0
2026-05-23 22:43:44,L-N03_m-qwen2.5-72b_sol1_gd1_rs0_bd1_str-lenient_t00_n1,150,3,1,Qwen/Qwen2.5-72B-Instruct,1,0,1,1,lenient,0.0,11.5,0.0
2026-05-23 22:43:58,L-N03_m-qwen2.5-72b_sol1_gd1_rs0_bd1_str-lenient_t00_n1,151,1,1,Qwen/Qwen2.5-72B-Instruct,1,0,1,1,lenient,0.0,11.5,0.0
2026-05-23 22:44:18,L-N03_m-qwen2.5-72b_sol1_gd1_rs0_bd1_str-lenient_t00_n1,152,1,1,Qwen/Qwen2.5-72B-Instruct,1,0,1,1,lenient,0.0,11.5,0.0
2026-05-23 22:44:29,L-N03_m-qwen2.5-72b_sol1_gd1_rs0_bd1_str-lenient_t00_n1,152,2,1,Qwen/Qwen2.5-72B-Instruct,1,0,1,1,lenient,0.0,10.0,0.0
2026-05-23 22:44:40,L-N03_m-qwen2.5-72b_sol1_gd1_rs0_bd1_str-lenient_t00_n1,152,3,1,Qwen/Qwen2.5-72B-Instruct,1,0,1,1,lenient,0.0,11.5,0.0
2026-05-23 22:44:54,L-N03_m-qwen2.5-72b_sol1_gd1_rs0_bd1_str-lenient_t00_n1,153,1,1,Qwen/Qwen2.5-72B-Instruct,1,0,1,1,lenient,0.0,10.5,0.0
2026-05-23 22:45:06,L-N03_m-qwen2.5-72b_sol1_gd1_rs0_bd1_str-lenient_t00_n1,153,2,1,Qwen/Qwen2.5-72B-Instruct,1,0,1,1,lenient,0.0,8.5,0.0
2026-05-23 22:45:23,L-N03_m-qwen2.5-72b_sol1_gd1_rs0_bd1_str-lenient_t00_n1,153,3,1,Qwen/Qwen2.5-72B-Instruct,1,0,1,1,lenient,0.0,7.5,0.0
2026-05-23 22:45:36,L-N03_m-qwen2.5-72b_sol1_gd1_rs0_bd1_str-lenient_t00_n1,154,1,1,Qwen/Qwen2.5-72B-Instruct,1,0,1,1,lenient,0.0,11.5,0.0
2026-05-23 22:45:57,L-N03_m-qwen2.5-72b_sol1_gd1_rs0_bd1_str-lenient_t00_n1,154,2,1,Qwen/Qwen2.5-72B-Instruct,1,0,1,1,lenient,0.0,8.5,0.0
2026-05-23 22:46:10,L-N03_m-qwen2.5-72b_sol1_gd1_rs0_bd1_str-lenient_t00_n1,154,3,1,Qwen/Qwen2.5-72B-Instruct,1,0,1,1,lenient,0.0,11.0,0.0
2026-05-23 22:46:16,L-N03_m-qwen2.5-72b_sol1_gd1_rs0_bd1_str-lenient_t00_n1,154,4,1,Qwen/Qwen2.5-72B-Instruct,1,0,1,1,lenient,0.0,5.0,0.0
2026-05-23 22:46:29,L-N03_m-qwen2.5-72b_sol1_gd1_rs0_bd1_str-lenient_t00_n1,155,1,1,Qwen/Qwen2.5-72B-Instruct,1,0,1,1,lenient,0.0,11.5,0.0
2026-05-23 22:46:42,L-N03_m-qwen2.5-72b_sol1_gd1_rs0_bd1_str-lenient_t00_n1,155,2,1,Qwen/Qwen2.5-72B-Instruct,1,0,1,1,lenient,0.0,8.5,0.0
2026-05-23 22:46:52,L-N03_m-qwen2.5-72b_sol1_gd1_rs0_bd1_str-lenient_t00_n1,155,3,1,Qwen/Qwen2.5-72B-Instruct,1,0,1,1,lenient,0.0,11.0,0.0
2026-05-23 22:47:06,L-N03_m-qwen2.5-72b_sol1_gd1_rs0_bd1_str-lenient_t00_n1,156,1,1,Qwen/Qwen2.5-72B-Instruct,1,0,1,1,lenient,0.0,10.5,0.0
2026-05-23 22:47:17,L-N03_m-qwen2.5-72b_sol1_gd1_rs0_bd1_str-lenient_t00_n1,156,2,1,Qwen/Qwen2.5-72B-Instruct,1,0,1,1,lenient,0.0,9.5,0.0
2026-05-23 22:47:27,L-N03_m-qwen2.5-72b_sol1_gd1_rs0_bd1_str-lenient_t00_n1,156,3,1,Qwen/Qwen2.5-72B-Instruct,1,0,1,1,lenient,0.0,11.5,0.0
2026-05-23 22:47:41,L-N03_m-qwen2.5-72b_sol1_gd1_rs0_bd1_str-lenient_t00_n1,157,1,1,Qwen/Qwen2.5-72B-Instruct,1,0,1,1,lenient,0.0,11.5,0.0
2026-05-23 22:47:53,L-N03_m-qwen2.5-72b_sol1_gd1_rs0_bd1_str-lenient_t00_n1,157,2,1,Qwen/Qwen2.5-72B-Instruct,1,0,1,1,lenient,0.0,8.5,0.0
2026-05-23 22:48:03,L-N03_m-qwen2.5-72b_sol1_gd1_rs0_bd1_str-lenient_t00_n1,157,3,1,Qwen/Qwen2.5-72B-Instruct,1,0,1,1,lenient,0.0,11.5,0.0
2026-05-23 22:48:09,L-N03_m-qwen2.5-72b_sol1_gd1_rs0_bd1_str-lenient_t00_n1,157,4,1,Qwen/Qwen2.5-72B-Instruct,1,0,1,1,lenient,0.0,5.0,0.0
2026-05-23 22:48:22,L-N03_m-qwen2.5-72b_sol1_gd1_rs0_bd1_str-lenient_t00_n1,158,1,1,Qwen/Qwen2.5-72B-Instruct,1,0,1,1,lenient,0.0,9.5,0.0
2026-05-23 22:48:35,L-N03_m-qwen2.5-72b_sol1_gd1_rs0_bd1_str-lenient_t00_n1,158,2,1,Qwen/Qwen2.5-72B-Instruct,1,0,1,1,lenient,0.0,7.5,0.0
2026-05-23 22:48:45,L-N03_m-qwen2.5-72b_sol1_gd1_rs0_bd1_str-lenient_t00_n1,158,3,1,Qwen/Qwen2.5-72B-Instruct,1,0,1,1,lenient,0.0,10.0,0.0
2026-05-23 22:48:59,L-N03_m-qwen2.5-72b_sol1_gd1_rs0_bd1_str-lenient_t00_n1,159,1,1,Qwen/Qwen2.5-72B-Instruct,1,0,1,1,lenient,0.0,10.5,0.0
2026-05-23 22:49:12,L-N03_m-qwen2.5-72b_sol1_gd1_rs0_bd1_str-lenient_t00_n1,159,2,1,Qwen/Qwen2.5-72B-Instruct,1,0,1,1,lenient,0.0,9.0,0.0
2026-05-23 22:49:27,L-N03_m-qwen2.5-72b_sol1_gd1_rs0_bd1_str-lenient_t00_n1,159,3,1,Qwen/Qwen2.5-72B-Instruct,1,0,1,1,lenient,0.0,7.5,0.0
2026-05-23 22:49:40,L-N03_m-qwen2.5-72b_sol1_gd1_rs0_bd1_str-lenient_t00_n1,160,1,1,Qwen/Qwen2.5-72B-Instruct,1,0,1,1,lenient,0.0,11.5,0.0
2026-05-23 22:49:53,L-N03_m-qwen2.5-72b_sol1_gd1_rs0_bd1_str-lenient_t00_n1,160,2,1,Qwen/Qwen2.5-72B-Instruct,1,0,1,1,lenient,0.0,10.0,0.0
2026-05-23 22:50:03,L-N03_m-qwen2.5-72b_sol1_gd1_rs0_bd1_str-lenient_t00_n1,160,3,1,Qwen/Qwen2.5-72B-Instruct,1,0,1,1,lenient,0.0,11.0,0.0
2026-05-23 22:50:26,L-N03_m-qwen2.5-72b_sol1_gd1_rs0_bd1_str-lenient_t00_n1,161,1,1,Qwen/Qwen2.5-72B-Instruct,1,0,1,1,lenient,0.0,9.5,0.0
2026-05-23 22:50:37,L-N03_m-qwen2.5-72b_sol1_gd1_rs0_bd1_str-lenient_t00_n1,161,2,1,Qwen/Qwen2.5-72B-Instruct,1,0,1,1,lenient,0.0,9.5,0.0
2026-05-23 22:50:48,L-N03_m-qwen2.5-72b_sol1_gd1_rs0_bd1_str-lenient_t00_n1,161,3,1,Qwen/Qwen2.5-72B-Instruct,1,0,1,1,lenient,0.0,11.5,0.0
2026-05-23 22:51:03,L-N03_m-qwen2.5-72b_sol1_gd1_rs0_bd1_str-lenient_t00_n1,162,1,1,Qwen/Qwen2.5-72B-Instruct,1,0,1,1,lenient,0.0,10.5,2.0
2026-05-23 22:51:13,L-N03_m-qwen2.5-72b_sol1_gd1_rs0_bd1_str-lenient_t00_n1,162,2,1,Qwen/Qwen2.5-72B-Instruct,1,0,1,1,lenient,0.0,9.5,0.0
2026-05-23 22:51:24,L-N03_m-qwen2.5-72b_sol1_gd1_rs0_bd1_str-lenient_t00_n1,162,3,1,Qwen/Qwen2.5-72B-Instruct,1,0,1,1,lenient,0.0,10.0,0.0
2026-05-23 22:51:27,L-N03_m-qwen2.5-72b_sol1_gd1_rs0_bd1_str-lenient_t00_n1,162,4,1,Qwen/Qwen2.5-72B-Instruct,1,0,1,1,lenient,0.0,0.0,0.0
2026-05-23 22:51:52,L-N03_m-qwen2.5-72b_sol1_gd1_rs0_bd1_str-lenient_t00_n1,163,1,1,Qwen/Qwen2.5-72B-Instruct,1,0,1,1,lenient,0.0,10.5,0.0
2026-05-23 22:52:05,L-N03_m-qwen2.5-72b_sol1_gd1_rs0_bd1_str-lenient_t00_n1,163,2,1,Qwen/Qwen2.5-72B-Instruct,1,0,1,1,lenient,0.0,8.5,0.0
2026-05-23 22:52:15,L-N03_m-qwen2.5-72b_sol1_gd1_rs0_bd1_str-lenient_t00_n1,163,3,1,Qwen/Qwen2.5-72B-Instruct,1,0,1,1,lenient,0.0,11.5,0.0
2026-05-23 22:52:28,L-N03_m-qwen2.5-72b_sol1_gd1_rs0_bd1_str-lenient_t00_n1,164,1,1,Qwen/Qwen2.5-72B-Instruct,1,0,1,1,lenient,0.0,11.5,4.0
2026-05-23 22:52:39,L-N03_m-qwen2.5-72b_sol1_gd1_rs0_bd1_str-lenient_t00_n1,164,2,1,Qwen/Qwen2.5-72B-Instruct,1,0,1,1,lenient,0.0,10.0,3.0
2026-05-23 22:52:49,L-N03_m-qwen2.5-72b_sol1_gd1_rs0_bd1_str-lenient_t00_n1,164,3,1,Qwen/Qwen2.5-72B-Instruct,1,0,1,1,lenient,0.0,11.5,0.0
2026-05-23 22:52:55,L-N03_m-qwen2.5-72b_sol1_gd1_rs0_bd1_str-lenient_t00_n1,164,4,1,Qwen/Qwen2.5-72B-Instruct,1,0,1,1,lenient,0.0,5.0,0.0
2026-05-23 22:53:09,L-N03_m-qwen2.5-72b_sol1_gd1_rs0_bd1_str-lenient_t00_n1,165,1,1,Qwen/Qwen2.5-72B-Instruct,1,0,1,1,lenient,0.0,11.5,4.0
2026-05-23 22:53:20,L-N03_m-qwen2.5-72b_sol1_gd1_rs0_bd1_str-lenient_t00_n1,165,2,1,Qwen/Qwen2.5-72B-Instruct,1,0,1,1,lenient,0.0,9.5,0.0
2026-05-23 22:53:31,L-N03_m-qwen2.5-72b_sol1_gd1_rs0_bd1_str-lenient_t00_n1,165,3,1,Qwen/Qwen2.5-72B-Instruct,1,0,1,1,lenient,0.0,11.5,0.0
2026-05-23 22:53:36,L-N03_m-qwen2.5-72b_sol1_gd1_rs0_bd1_str-lenient_t00_n1,165,4,1,Qwen/Qwen2.5-72B-Instruct,1,0,1,1,lenient,0.0,0.0,0.0
2026-05-23 22:53:49,L-N03_m-qwen2.5-72b_sol1_gd1_rs0_bd1_str-lenient_t00_n1,166,1,1,Qwen/Qwen2.5-72B-Instruct,1,0,1,1,lenient,0.0,11.5,0.0
2026-05-23 22:54:01,L-N03_m-qwen2.5-72b_sol1_gd1_rs0_bd1_str-lenient_t00_n1,166,2,1,Qwen/Qwen2.5-72B-Instruct,1,0,1,1,lenient,0.0,10.0,3.0
2026-05-23 22:54:12,L-N03_m-qwen2.5-72b_sol1_gd1_rs0_bd1_str-lenient_t00_n1,166,3,1,Qwen/Qwen2.5-72B-Instruct,1,0,1,1,lenient,0.0,11.5,0.0
2026-05-23 22:54:24,L-N03_m-qwen2.5-72b_sol1_gd1_rs0_bd1_str-lenient_t00_n1,167,1,1,Qwen/Qwen2.5-72B-Instruct,1,0,1,1,lenient,0.0,9.5,0.0
2026-05-23 22:54:36,L-N03_m-qwen2.5-72b_sol1_gd1_rs0_bd1_str-lenient_t00_n1,167,2,1,Qwen/Qwen2.5-72B-Instruct,1,0,1,1,lenient,0.0,8.5,0.0
2026-05-23 22:54:53,L-N03_m-qwen2.5-72b_sol1_gd1_rs0_bd1_str-lenient_t00_n1,167,3,1,Qwen/Qwen2.5-72B-Instruct,1,0,1,1,lenient,0.0,9.0,0.0
2026-05-23 22:55:07,L-N03_m-qwen2.5-72b_sol1_gd1_rs0_bd1_str-lenient_t00_n1,168,1,1,Qwen/Qwen2.5-72B-Instruct,1,0,1,1,lenient,0.0,10.5,0.0
2026-05-23 22:55:18,L-N03_m-qwen2.5-72b_sol1_gd1_rs0_bd1_str-lenient_t00_n1,168,2,1,Qwen/Qwen2.5-72B-Instruct,1,0,1,1,lenient,0.0,9.5,0.0
2026-05-23 22:55:30,L-N03_m-qwen2.5-72b_sol1_gd1_rs0_bd1_str-lenient_t00_n1,168,3,1,Qwen/Qwen2.5-72B-Instruct,1,0,1,1,lenient,0.0,11.0,0.0
2026-05-23 22:55:43,L-N03_m-qwen2.5-72b_sol1_gd1_rs0_bd1_str-lenient_t00_n1,169,1,1,Qwen/Qwen2.5-72B-Instruct,1,0,1,1,lenient,0.0,11.5,0.0
2026-05-23 22:55:55,L-N03_m-qwen2.5-72b_sol1_gd1_rs0_bd1_str-lenient_t00_n1,169,2,1,Qwen/Qwen2.5-72B-Instruct,1,0,1,1,lenient,0.0,10.0,3.0
2026-05-23 22:56:06,L-N03_m-qwen2.5-72b_sol1_gd1_rs0_bd1_str-lenient_t00_n1,169,3,1,Qwen/Qwen2.5-72B-Instruct,1,0,1,1,lenient,0.0,11.0,0.0
2026-05-23 22:56:09,L-N03_m-qwen2.5-72b_sol1_gd1_rs0_bd1_str-lenient_t00_n1,169,4,1,Qwen/Qwen2.5-72B-Instruct,1,0,1,1,lenient,0.0,0.0,0.0
2026-05-23 22:56:22,L-N03_m-qwen2.5-72b_sol1_gd1_rs0_bd1_str-lenient_t00_n1,170,1,1,Qwen/Qwen2.5-72B-Instruct,1,0,1,1,lenient,0.0,11.5,0.0
2026-05-23 22:56:35,L-N03_m-qwen2.5-72b_sol1_gd1_rs0_bd1_str-lenient_t00_n1,170,2,1,Qwen/Qwen2.5-72B-Instruct,1,0,1,1,lenient,0.0,10.0,0.0
2026-05-23 22:56:46,L-N03_m-qwen2.5-72b_sol1_gd1_rs0_bd1_str-lenient_t00_n1,170,3,1,Qwen/Qwen2.5-72B-Instruct,1,0,1,1,lenient,0.0,10.0,0.0
2026-05-23 22:56:50,L-N03_m-qwen2.5-72b_sol1_gd1_rs0_bd1_str-lenient_t00_n1,170,4,1,Qwen/Qwen2.5-72B-Instruct,1,0,1,1,lenient,0.0,0.0,0.0
2026-05-23 22:57:03,L-N03_m-qwen2.5-72b_sol1_gd1_rs0_bd1_str-lenient_t00_n1,171,1,1,Qwen/Qwen2.5-72B-Instruct,1,0,1,1,lenient,0.0,11.5,4.0
2026-05-23 22:57:15,L-N03_m-qwen2.5-72b_sol1_gd1_rs0_bd1_str-lenient_t00_n1,171,2,1,Qwen/Qwen2.5-72B-Instruct,1,0,1,1,lenient,0.0,10.0,3.0
2026-05-23 22:57:25,L-N03_m-qwen2.5-72b_sol1_gd1_rs0_bd1_str-lenient_t00_n1,171,3,1,Qwen/Qwen2.5-72B-Instruct,1,0,1,1,lenient,0.0,10.0,0.0
2026-05-23 22:57:30,L-N03_m-qwen2.5-72b_sol1_gd1_rs0_bd1_str-lenient_t00_n1,171,4,1,Qwen/Qwen2.5-72B-Instruct,1,0,1,1,lenient,0.0,5.0,0.0
2026-05-23 22:57:44,L-N03_m-qwen2.5-72b_sol1_gd1_rs0_bd1_str-lenient_t00_n1,172,1,1,Qwen/Qwen2.5-72B-Instruct,1,0,1,1,lenient,0.0,11.5,0.0
2026-05-23 22:57:55,L-N03_m-qwen2.5-72b_sol1_gd1_rs0_bd1_str-lenient_t00_n1,172,2,1,Qwen/Qwen2.5-72B-Instruct,1,0,1,1,lenient,0.0,8.5,0.0
2026-05-23 22:58:06,L-N03_m-qwen2.5-72b_sol1_gd1_rs0_bd1_str-lenient_t00_n1,172,3,1,Qwen/Qwen2.5-72B-Instruct,1,0,1,1,lenient,0.0,11.0,0.0
2026-05-23 22:58:18,L-N03_m-qwen2.5-72b_sol1_gd1_rs0_bd1_str-lenient_t00_n1,173,1,1,Qwen/Qwen2.5-72B-Instruct,1,0,1,1,lenient,0.0,11.5,0.0
2026-05-23 22:58:31,L-N03_m-qwen2.5-72b_sol1_gd1_rs0_bd1_str-lenient_t00_n1,173,2,1,Qwen/Qwen2.5-72B-Instruct,1,0,1,1,lenient,0.0,9.5,0.0
2026-05-23 22:58:42,L-N03_m-qwen2.5-72b_sol1_gd1_rs0_bd1_str-lenient_t00_n1,173,3,1,Qwen/Qwen2.5-72B-Instruct,1,0,1,1,lenient,0.0,11.5,0.0
2026-05-23 22:58:55,L-N03_m-qwen2.5-72b_sol1_gd1_rs0_bd1_str-lenient_t00_n1,174,1,1,Qwen/Qwen2.5-72B-Instruct,1,0,1,1,lenient,0.0,9.5,0.0
2026-05-23 22:59:07,L-N03_m-qwen2.5-72b_sol1_gd1_rs0_bd1_str-lenient_t00_n1,174,2,1,Qwen/Qwen2.5-72B-Instruct,1,0,1,1,lenient,0.0,7.5,0.0
2026-05-23 22:59:24,L-N03_m-qwen2.5-72b_sol1_gd1_rs0_bd1_str-lenient_t00_n1,174,3,1,Qwen/Qwen2.5-72B-Instruct,1,0,1,1,lenient,0.0,9.0,0.0
2026-05-23 22:59:37,L-N03_m-qwen2.5-72b_sol1_gd1_rs0_bd1_str-lenient_t00_n1,175,1,1,Qwen/Qwen2.5-72B-Instruct,1,0,1,1,lenient,0.0,11.5,0.0
2026-05-23 22:59:50,L-N03_m-qwen2.5-72b_sol1_gd1_rs0_bd1_str-lenient_t00_n1,175,2,1,Qwen/Qwen2.5-72B-Instruct,1,0,1,1,lenient,0.0,9.5,0.0
2026-05-23 23:00:00,L-N03_m-qwen2.5-72b_sol1_gd1_rs0_bd1_str-lenient_t00_n1,175,3,1,Qwen/Qwen2.5-72B-Instruct,1,0,1,1,lenient,0.0,11.5,0.0
2026-05-23 23:00:12,L-N03_m-qwen2.5-72b_sol1_gd1_rs0_bd1_str-lenient_t00_n1,176,1,1,Qwen/Qwen2.5-72B-Instruct,1,0,1,1,lenient,0.0,10.5,0.0
2026-05-23 23:00:25,L-N03_m-qwen2.5-72b_sol1_gd1_rs0_bd1_str-lenient_t00_n1,176,2,1,Qwen/Qwen2.5-72B-Instruct,1,0,1,1,lenient,0.0,8.5,0.0
2026-05-23 23:00:36,L-N03_m-qwen2.5-72b_sol1_gd1_rs0_bd1_str-lenient_t00_n1,176,3,1,Qwen/Qwen2.5-72B-Instruct,1,0,1,1,lenient,0.0,11.0,0.0
2026-05-23 23:00:50,L-N03_m-qwen2.5-72b_sol1_gd1_rs0_bd1_str-lenient_t00_n1,177,1,1,Qwen/Qwen2.5-72B-Instruct,1,0,1,1,lenient,0.0,11.5,4.0
2026-05-23 23:01:03,L-N03_m-qwen2.5-72b_sol1_gd1_rs0_bd1_str-lenient_t00_n1,177,2,1,Qwen/Qwen2.5-72B-Instruct,1,0,1,1,lenient,0.0,10.0,0.0
2026-05-23 23:01:13,L-N03_m-qwen2.5-72b_sol1_gd1_rs0_bd1_str-lenient_t00_n1,177,3,1,Qwen/Qwen2.5-72B-Instruct,1,0,1,1,lenient,0.0,11.5,0.0
2026-05-23 23:01:17,L-N03_m-qwen2.5-72b_sol1_gd1_rs0_bd1_str-lenient_t00_n1,177,4,1,Qwen/Qwen2.5-72B-Instruct,1,0,1,1,lenient,0.0,0.0,0.0
2026-05-23 23:01:31,L-N03_m-qwen2.5-72b_sol1_gd1_rs0_bd1_str-lenient_t00_n1,178,1,1,Qwen/Qwen2.5-72B-Instruct,1,0,1,1,lenient,0.0,10.5,3.0
2026-05-23 23:01:44,L-N03_m-qwen2.5-72b_sol1_gd1_rs0_bd1_str-lenient_t00_n1,178,2,1,Qwen/Qwen2.5-72B-Instruct,1,0,1,1,lenient,0.0,9.5,3.0
2026-05-23 23:01:54,L-N03_m-qwen2.5-72b_sol1_gd1_rs0_bd1_str-lenient_t00_n1,178,3,1,Qwen/Qwen2.5-72B-Instruct,1,0,1,1,lenient,0.0,11.5,0.0
2026-05-23 23:02:01,L-N03_m-qwen2.5-72b_sol1_gd1_rs0_bd1_str-lenient_t00_n1,178,4,1,Qwen/Qwen2.5-72B-Instruct,1,0,1,1,lenient,0.0,0.0,0.0
2026-05-23 23:02:15,L-N03_m-qwen2.5-72b_sol1_gd1_rs0_bd1_str-lenient_t00_n1,179,1,1,Qwen/Qwen2.5-72B-Instruct,1,0,1,1,lenient,0.0,8.5,0.0
2026-05-23 23:02:27,L-N03_m-qwen2.5-72b_sol1_gd1_rs0_bd1_str-lenient_t00_n1,179,2,1,Qwen/Qwen2.5-72B-Instruct,1,0,1,1,lenient,0.0,7.5,0.0
2026-05-23 23:02:42,L-N03_m-qwen2.5-72b_sol1_gd1_rs0_bd1_str-lenient_t00_n1,179,3,1,Qwen/Qwen2.5-72B-Instruct,1,0,1,1,lenient,0.0,9.0,0.0
2026-05-23 23:02:55,L-N03_m-qwen2.5-72b_sol1_gd1_rs0_bd1_str-lenient_t00_n1,180,1,1,Qwen/Qwen2.5-72B-Instruct,1,0,1,1,lenient,0.0,11.5,3.0
2026-05-23 23:03:08,L-N03_m-qwen2.5-72b_sol1_gd1_rs0_bd1_str-lenient_t00_n1,180,2,1,Qwen/Qwen2.5-72B-Instruct,1,0,1,1,lenient,0.0,8.5,2.0
2026-05-23 23:03:26,L-N03_m-qwen2.5-72b_sol1_gd1_rs0_bd1_str-lenient_t00_n1,180,3,1,Qwen/Qwen2.5-72B-Instruct,1,0,1,1,lenient,0.0,9.0,0.0
2026-05-23 23:03:49,L-N03_m-qwen2.5-72b_sol1_gd1_rs0_bd1_str-lenient_t00_n1,181,1,1,Qwen/Qwen2.5-72B-Instruct,1,0,1,1,lenient,0.0,7.5,0.0
2026-05-23 23:04:08,L-N03_m-qwen2.5-72b_sol1_gd1_rs0_bd1_str-lenient_t00_n1,181,2,1,Qwen/Qwen2.5-72B-Instruct,1,0,1,1,lenient,0.0,7.5,0.0
2026-05-23 23:04:24,L-N03_m-qwen2.5-72b_sol1_gd1_rs0_bd1_str-lenient_t00_n1,181,3,1,Qwen/Qwen2.5-72B-Instruct,1,0,1,1,lenient,0.0,9.0,0.0
2026-05-23 23:04:38,L-N03_m-qwen2.5-72b_sol1_gd1_rs0_bd1_str-lenient_t00_n1,182,1,1,Qwen/Qwen2.5-72B-Instruct,1,0,1,1,lenient,0.0,11.5,0.0
2026-05-23 23:04:51,L-N03_m-qwen2.5-72b_sol1_gd1_rs0_bd1_str-lenient_t00_n1,182,2,1,Qwen/Qwen2.5-72B-Instruct,1,0,1,1,lenient,0.0,10.5,3.0
2026-05-23 23:05:10,L-N03_m-qwen2.5-72b_sol1_gd1_rs0_bd1_str-lenient_t00_n1,182,3,1,Qwen/Qwen2.5-72B-Instruct,1,0,1,1,lenient,0.0,9.0,0.0
2026-05-23 23:05:15,L-N03_m-qwen2.5-72b_sol1_gd1_rs0_bd1_str-lenient_t00_n1,182,4,1,Qwen/Qwen2.5-72B-Instruct,1,0,1,1,lenient,0.0,5.0,0.0
2026-05-23 23:05:29,L-N03_m-qwen2.5-72b_sol1_gd1_rs0_bd1_str-lenient_t00_n1,183,1,1,Qwen/Qwen2.5-72B-Instruct,1,0,1,1,lenient,0.0,11.5,2.0
2026-05-23 23:05:42,L-N03_m-qwen2.5-72b_sol1_gd1_rs0_bd1_str-lenient_t00_n1,183,2,1,Qwen/Qwen2.5-72B-Instruct,1,0,1,1,lenient,0.0,10.0,0.0
2026-05-23 23:05:52,L-N03_m-qwen2.5-72b_sol1_gd1_rs0_bd1_str-lenient_t00_n1,183,3,1,Qwen/Qwen2.5-72B-Instruct,1,0,1,1,lenient,0.0,11.5,0.0
2026-05-23 23:05:57,L-N03_m-qwen2.5-72b_sol1_gd1_rs0_bd1_str-lenient_t00_n1,183,4,1,Qwen/Qwen2.5-72B-Instruct,1,0,1,1,lenient,0.0,0.0,0.0
2026-05-23 23:06:16,L-N03_m-qwen2.5-72b_sol1_gd1_rs0_bd1_str-lenient_t00_n1,184,1,1,Qwen/Qwen2.5-72B-Instruct,1,0,1,1,lenient,0.0,10.5,0.0
2026-05-23 23:06:29,L-N03_m-qwen2.5-72b_sol1_gd1_rs0_bd1_str-lenient_t00_n1,184,2,1,Qwen/Qwen2.5-72B-Instruct,1,0,1,1,lenient,0.0,9.5,0.0
2026-05-23 23:06:39,L-N03_m-qwen2.5-72b_sol1_gd1_rs0_bd1_str-lenient_t00_n1,184,3,1,Qwen/Qwen2.5-72B-Instruct,1,0,1,1,lenient,0.0,11.5,0.0
2026-05-23 23:06:54,L-N03_m-qwen2.5-72b_sol1_gd1_rs0_bd1_str-lenient_t00_n1,185,1,1,Qwen/Qwen2.5-72B-Instruct,1,0,1,1,lenient,0.0,11.5,0.0
2026-05-23 23:07:07,L-N03_m-qwen2.5-72b_sol1_gd1_rs0_bd1_str-lenient_t00_n1,185,2,1,Qwen/Qwen2.5-72B-Instruct,1,0,1,1,lenient,0.0,10.0,0.0
2026-05-23 23:07:17,L-N03_m-qwen2.5-72b_sol1_gd1_rs0_bd1_str-lenient_t00_n1,185,3,1,Qwen/Qwen2.5-72B-Instruct,1,0,1,1,lenient,0.0,11.5,0.0
2026-05-23 23:07:30,L-N03_m-qwen2.5-72b_sol1_gd1_rs0_bd1_str-lenient_t00_n1,186,1,1,Qwen/Qwen2.5-72B-Instruct,1,0,1,1,lenient,0.0,11.5,0.0
2026-05-23 23:07:42,L-N03_m-qwen2.5-72b_sol1_gd1_rs0_bd1_str-lenient_t00_n1,186,2,1,Qwen/Qwen2.5-72B-Instruct,1,0,1,1,lenient,0.0,9.5,0.0
2026-05-23 23:08:01,L-N03_m-qwen2.5-72b_sol1_gd1_rs0_bd1_str-lenient_t00_n1,186,3,1,Qwen/Qwen2.5-72B-Instruct,1,0,1,1,lenient,0.0,9.0,0.0
2026-05-23 23:08:22,L-N03_m-qwen2.5-72b_sol1_gd1_rs0_bd1_str-lenient_t00_n1,187,1,1,Qwen/Qwen2.5-72B-Instruct,1,0,1,1,lenient,0.0,8.5,0.0
2026-05-23 23:08:35,L-N03_m-qwen2.5-72b_sol1_gd1_rs0_bd1_str-lenient_t00_n1,187,2,1,Qwen/Qwen2.5-72B-Instruct,1,0,1,1,lenient,0.0,9.5,0.0
2026-05-23 23:08:51,L-N03_m-qwen2.5-72b_sol1_gd1_rs0_bd1_str-lenient_t00_n1,187,3,1,Qwen/Qwen2.5-72B-Instruct,1,0,1,1,lenient,0.0,9.0,0.0
2026-05-23 23:09:04,L-N03_m-qwen2.5-72b_sol1_gd1_rs0_bd1_str-lenient_t00_n1,188,1,1,Qwen/Qwen2.5-72B-Instruct,1,0,1,1,lenient,0.0,11.5,0.0
2026-05-23 23:09:16,L-N03_m-qwen2.5-72b_sol1_gd1_rs0_bd1_str-lenient_t00_n1,188,2,1,Qwen/Qwen2.5-72B-Instruct,1,0,1,1,lenient,0.0,10.0,0.0
2026-05-23 23:09:26,L-N03_m-qwen2.5-72b_sol1_gd1_rs0_bd1_str-lenient_t00_n1,188,3,1,Qwen/Qwen2.5-72B-Instruct,1,0,1,1,lenient,0.0,11.5,0.0
2026-05-23 23:09:40,L-N03_m-qwen2.5-72b_sol1_gd1_rs0_bd1_str-lenient_t00_n1,189,1,1,Qwen/Qwen2.5-72B-Instruct,1,0,1,1,lenient,0.0,11.5,4.0
2026-05-23 23:09:52,L-N03_m-qwen2.5-72b_sol1_gd1_rs0_bd1_str-lenient_t00_n1,189,2,1,Qwen/Qwen2.5-72B-Instruct,1,0,1,1,lenient,0.0,10.0,0.0
2026-05-23 23:10:00,L-N03_m-qwen2.5-72b_sol1_gd1_rs0_bd1_str-lenient_t00_n1,189,3,1,Qwen/Qwen2.5-72B-Instruct,1,0,1,1,lenient,0.0,0.0,0.0
2026-05-23 23:10:13,L-N03_m-qwen2.5-72b_sol1_gd1_rs0_bd1_str-lenient_t00_n1,190,1,1,Qwen/Qwen2.5-72B-Instruct,1,0,1,1,lenient,0.0,11.5,4.0
2026-05-23 23:10:27,L-N03_m-qwen2.5-72b_sol1_gd1_rs0_bd1_str-lenient_t00_n1,190,2,1,Qwen/Qwen2.5-72B-Instruct,1,0,1,1,lenient,0.0,10.0,0.0
2026-05-23 23:10:37,L-N03_m-qwen2.5-72b_sol1_gd1_rs0_bd1_str-lenient_t00_n1,190,3,1,Qwen/Qwen2.5-72B-Instruct,1,0,1,1,lenient,0.0,11.5,0.0
2026-05-23 23:10:52,L-N03_m-qwen2.5-72b_sol1_gd1_rs0_bd1_str-lenient_t00_n1,191,1,1,Qwen/Qwen2.5-72B-Instruct,1,0,1,1,lenient,0.0,11.5,0.0
2026-05-23 23:11:03,L-N03_m-qwen2.5-72b_sol1_gd1_rs0_bd1_str-lenient_t00_n1,191,2,1,Qwen/Qwen2.5-72B-Instruct,1,0,1,1,lenient,0.0,10.0,3.0
2026-05-23 23:11:19,L-N03_m-qwen2.5-72b_sol1_gd1_rs0_bd1_str-lenient_t00_n1,191,3,1,Qwen/Qwen2.5-72B-Instruct,1,0,1,1,lenient,0.0,7.5,0.0
2026-05-23 23:11:22,L-N03_m-qwen2.5-72b_sol1_gd1_rs0_bd1_str-lenient_t00_n1,191,4,1,Qwen/Qwen2.5-72B-Instruct,1,0,1,1,lenient,0.0,0.0,0.0
2026-05-23 23:11:35,L-N03_m-qwen2.5-72b_sol1_gd1_rs0_bd1_str-lenient_t00_n1,192,1,1,Qwen/Qwen2.5-72B-Instruct,1,0,1,1,lenient,0.0,11.5,0.0
2026-05-23 23:11:46,L-N03_m-qwen2.5-72b_sol1_gd1_rs0_bd1_str-lenient_t00_n1,192,2,1,Qwen/Qwen2.5-72B-Instruct,1,0,1,1,lenient,0.0,9.5,0.0
2026-05-23 23:11:56,L-N03_m-qwen2.5-72b_sol1_gd1_rs0_bd1_str-lenient_t00_n1,192,3,1,Qwen/Qwen2.5-72B-Instruct,1,0,1,1,lenient,0.0,11.5,0.0
2026-05-23 23:12:09,L-N03_m-qwen2.5-72b_sol1_gd1_rs0_bd1_str-lenient_t00_n1,193,1,1,Qwen/Qwen2.5-72B-Instruct,1,0,1,1,lenient,0.0,11.5,0.0
2026-05-23 23:12:22,L-N03_m-qwen2.5-72b_sol1_gd1_rs0_bd1_str-lenient_t00_n1,193,2,1,Qwen/Qwen2.5-72B-Instruct,1,0,1,1,lenient,0.0,10.0,0.0
2026-05-23 23:12:32,L-N03_m-qwen2.5-72b_sol1_gd1_rs0_bd1_str-lenient_t00_n1,193,3,1,Qwen/Qwen2.5-72B-Instruct,1,0,1,1,lenient,0.0,10.5,0.0
2026-05-23 23:12:44,L-N03_m-qwen2.5-72b_sol1_gd1_rs0_bd1_str-lenient_t00_n1,194,1,1,Qwen/Qwen2.5-72B-Instruct,1,0,1,1,lenient,0.0,11.5,0.0
2026-05-23 23:12:56,L-N03_m-qwen2.5-72b_sol1_gd1_rs0_bd1_str-lenient_t00_n1,194,2,1,Qwen/Qwen2.5-72B-Instruct,1,0,1,1,lenient,0.0,9.5,0.0
2026-05-23 23:13:11,L-N03_m-qwen2.5-72b_sol1_gd1_rs0_bd1_str-lenient_t00_n1,194,3,1,Qwen/Qwen2.5-72B-Instruct,1,0,1,1,lenient,0.0,7.5,0.0
2026-05-23 23:13:24,L-N03_m-qwen2.5-72b_sol1_gd1_rs0_bd1_str-lenient_t00_n1,195,1,1,Qwen/Qwen2.5-72B-Instruct,1,0,1,1,lenient,0.0,11.5,4.0
2026-05-23 23:13:35,L-N03_m-qwen2.5-72b_sol1_gd1_rs0_bd1_str-lenient_t00_n1,195,2,1,Qwen/Qwen2.5-72B-Instruct,1,0,1,1,lenient,0.0,10.0,0.0
2026-05-23 23:13:46,L-N03_m-qwen2.5-72b_sol1_gd1_rs0_bd1_str-lenient_t00_n1,195,3,1,Qwen/Qwen2.5-72B-Instruct,1,0,1,1,lenient,0.0,11.5,0.0
2026-05-23 23:13:50,L-N03_m-qwen2.5-72b_sol1_gd1_rs0_bd1_str-lenient_t00_n1,195,4,1,Qwen/Qwen2.5-72B-Instruct,1,0,1,1,lenient,0.0,0.0,0.0
2026-05-23 23:14:04,L-N03_m-qwen2.5-72b_sol1_gd1_rs0_bd1_str-lenient_t00_n1,196,1,1,Qwen/Qwen2.5-72B-Instruct,1,0,1,1,lenient,0.0,9.5,0.0
2026-05-23 23:14:16,L-N03_m-qwen2.5-72b_sol1_gd1_rs0_bd1_str-lenient_t00_n1,196,2,1,Qwen/Qwen2.5-72B-Instruct,1,0,1,1,lenient,0.0,8.5,0.0
2026-05-23 23:14:32,L-N03_m-qwen2.5-72b_sol1_gd1_rs0_bd1_str-lenient_t00_n1,196,3,1,Qwen/Qwen2.5-72B-Instruct,1,0,1,1,lenient,0.0,9.0,0.0
2026-05-23 23:14:52,L-N03_m-qwen2.5-72b_sol1_gd1_rs0_bd1_str-lenient_t00_n1,197,1,1,Qwen/Qwen2.5-72B-Instruct,1,0,1,1,lenient,0.0,11.5,0.0
2026-05-23 23:15:04,L-N03_m-qwen2.5-72b_sol1_gd1_rs0_bd1_str-lenient_t00_n1,197,2,1,Qwen/Qwen2.5-72B-Instruct,1,0,1,1,lenient,0.0,9.0,0.0
2026-05-23 23:15:14,L-N03_m-qwen2.5-72b_sol1_gd1_rs0_bd1_str-lenient_t00_n1,197,3,1,Qwen/Qwen2.5-72B-Instruct,1,0,1,1,lenient,0.0,11.0,0.0
2026-05-23 23:15:26,L-N03_m-qwen2.5-72b_sol1_gd1_rs0_bd1_str-lenient_t00_n1,198,1,1,Qwen/Qwen2.5-72B-Instruct,1,0,1,1,lenient,0.0,10.5,0.0
2026-05-23 23:15:37,L-N03_m-qwen2.5-72b_sol1_gd1_rs0_bd1_str-lenient_t00_n1,198,2,1,Qwen/Qwen2.5-72B-Instruct,1,0,1,1,lenient,0.0,9.5,0.0
2026-05-23 23:15:48,L-N03_m-qwen2.5-72b_sol1_gd1_rs0_bd1_str-lenient_t00_n1,198,3,1,Qwen/Qwen2.5-72B-Instruct,1,0,1,1,lenient,0.0,11.0,0.0
2026-05-23 23:16:08,L-N03_m-qwen2.5-72b_sol1_gd1_rs0_bd1_str-lenient_t00_n1,199,1,1,Qwen/Qwen2.5-72B-Instruct,1,0,1,1,lenient,0.0,11.5,0.0
2026-05-23 23:16:28,L-N03_m-qwen2.5-72b_sol1_gd1_rs0_bd1_str-lenient_t00_n1,199,2,1,Qwen/Qwen2.5-72B-Instruct,1,0,1,1,lenient,0.0,7.5,0.0
2026-05-23 23:16:38,L-N03_m-qwen2.5-72b_sol1_gd1_rs0_bd1_str-lenient_t00_n1,199,3,1,Qwen/Qwen2.5-72B-Instruct,1,0,1,1,lenient,0.0,11.0,0.0
2026-05-23 23:16:58,L-N03_m-qwen2.5-72b_sol1_gd1_rs0_bd1_str-lenient_t00_n1,200,1,1,Qwen/Qwen2.5-72B-Instruct,1,0,1,1,lenient,0.0,6.5,0.0
2026-05-23 23:17:11,L-N03_m-qwen2.5-72b_sol1_gd1_rs0_bd1_str-lenient_t00_n1,200,2,1,Qwen/Qwen2.5-72B-Instruct,1,0,1,1,lenient,0.0,7.5,0.0
2026-05-23 23:17:29,L-N03_m-qwen2.5-72b_sol1_gd1_rs0_bd1_str-lenient_t00_n1,200,3,1,Qwen/Qwen2.5-72B-Instruct,1,0,1,1,lenient,0.0,7.5,0.0
2026-05-23 23:17:34,L-N03_m-qwen2.5-72b_sol1_gd1_rs0_bd1_str-lenient_t00_n1,200,4,1,Qwen/Qwen2.5-72B-Instruct,1,0,1,1,lenient,0.0,0.0,0.0
2026-05-23 23:17:46,L-N03_m-qwen2.5-72b_sol1_gd1_rs0_bd1_str-lenient_t00_n1,201,1,1,Qwen/Qwen2.5-72B-Instruct,1,0,1,1,lenient,0.0,10.5,0.0
2026-05-23 23:18:00,L-N03_m-qwen2.5-72b_sol1_gd1_rs0_bd1_str-lenient_t00_n1,201,2,1,Qwen/Qwen2.5-72B-Instruct,1,0,1,1,lenient,0.0,9.5,0.0
2026-05-23 23:18:18,L-N03_m-qwen2.5-72b_sol1_gd1_rs0_bd1_str-lenient_t00_n1,201,3,1,Qwen/Qwen2.5-72B-Instruct,1,0,1,1,lenient,0.0,9.0,0.0
2026-05-23 23:18:31,L-N03_m-qwen2.5-72b_sol1_gd1_rs0_bd1_str-lenient_t00_n1,202,1,1,Qwen/Qwen2.5-72B-Instruct,1,0,1,1,lenient,0.0,11.5,0.0
2026-05-23 23:18:43,L-N03_m-qwen2.5-72b_sol1_gd1_rs0_bd1_str-lenient_t00_n1,202,2,1,Qwen/Qwen2.5-72B-Instruct,1,0,1,1,lenient,0.0,10.0,0.0
2026-05-23 23:19:00,L-N03_m-qwen2.5-72b_sol1_gd1_rs0_bd1_str-lenient_t00_n1,202,3,1,Qwen/Qwen2.5-72B-Instruct,1,0,1,1,lenient,0.0,9.0,0.0
2026-05-23 23:19:13,L-N03_m-qwen2.5-72b_sol1_gd1_rs0_bd1_str-lenient_t00_n1,203,1,1,Qwen/Qwen2.5-72B-Instruct,1,0,1,1,lenient,0.0,11.5,4.0
2026-05-23 23:19:25,L-N03_m-qwen2.5-72b_sol1_gd1_rs0_bd1_str-lenient_t00_n1,203,2,1,Qwen/Qwen2.5-72B-Instruct,1,0,1,1,lenient,0.0,10.5,4.0
2026-05-23 23:19:35,L-N03_m-qwen2.5-72b_sol1_gd1_rs0_bd1_str-lenient_t00_n1,203,3,1,Qwen/Qwen2.5-72B-Instruct,1,0,1,1,lenient,0.0,11.5,0.0
2026-05-23 23:19:40,L-N03_m-qwen2.5-72b_sol1_gd1_rs0_bd1_str-lenient_t00_n1,203,4,1,Qwen/Qwen2.5-72B-Instruct,1,0,1,1,lenient,0.0,5.0,0.0
2026-05-23 23:19:53,L-N03_m-qwen2.5-72b_sol1_gd1_rs0_bd1_str-lenient_t00_n1,204,1,1,Qwen/Qwen2.5-72B-Instruct,1,0,1,1,lenient,0.0,11.5,0.0
2026-05-23 23:20:05,L-N03_m-qwen2.5-72b_sol1_gd1_rs0_bd1_str-lenient_t00_n1,204,2,1,Qwen/Qwen2.5-72B-Instruct,1,0,1,1,lenient,0.0,9.0,0.0
2026-05-23 23:20:15,L-N03_m-qwen2.5-72b_sol1_gd1_rs0_bd1_str-lenient_t00_n1,204,3,1,Qwen/Qwen2.5-72B-Instruct,1,0,1,1,lenient,0.0,9.0,0.0
2026-05-23 23:20:28,L-N03_m-qwen2.5-72b_sol1_gd1_rs0_bd1_str-lenient_t00_n1,205,1,1,Qwen/Qwen2.5-72B-Instruct,1,0,1,1,lenient,0.0,10.5,0.0
2026-05-23 23:20:41,L-N03_m-qwen2.5-72b_sol1_gd1_rs0_bd1_str-lenient_t00_n1,205,2,1,Qwen/Qwen2.5-72B-Instruct,1,0,1,1,lenient,0.0,8.5,0.0
2026-05-23 23:20:57,L-N03_m-qwen2.5-72b_sol1_gd1_rs0_bd1_str-lenient_t00_n1,205,3,1,Qwen/Qwen2.5-72B-Instruct,1,0,1,1,lenient,0.0,9.0,0.0
2026-05-23 23:21:10,L-N03_m-qwen2.5-72b_sol1_gd1_rs0_bd1_str-lenient_t00_n1,206,1,1,Qwen/Qwen2.5-72B-Instruct,1,0,1,1,lenient,0.0,11.5,4.0
2026-05-23 23:21:22,L-N03_m-qwen2.5-72b_sol1_gd1_rs0_bd1_str-lenient_t00_n1,206,2,1,Qwen/Qwen2.5-72B-Instruct,1,0,1,1,lenient,0.0,10.0,0.0
2026-05-23 23:21:33,L-N03_m-qwen2.5-72b_sol1_gd1_rs0_bd1_str-lenient_t00_n1,206,3,1,Qwen/Qwen2.5-72B-Instruct,1,0,1,1,lenient,0.0,11.5,0.0
2026-05-23 23:21:37,L-N03_m-qwen2.5-72b_sol1_gd1_rs0_bd1_str-lenient_t00_n1,206,4,1,Qwen/Qwen2.5-72B-Instruct,1,0,1,1,lenient,0.0,0.0,0.0
2026-05-23 23:21:50,L-N03_m-qwen2.5-72b_sol1_gd1_rs0_bd1_str-lenient_t00_n1,207,1,1,Qwen/Qwen2.5-72B-Instruct,1,0,1,1,lenient,0.0,11.5,4.0
2026-05-23 23:22:02,L-N03_m-qwen2.5-72b_sol1_gd1_rs0_bd1_str-lenient_t00_n1,207,2,1,Qwen/Qwen2.5-72B-Instruct,1,0,1,1,lenient,0.0,10.5,4.0
2026-05-23 23:22:13,L-N03_m-qwen2.5-72b_sol1_gd1_rs0_bd1_str-lenient_t00_n1,207,3,1,Qwen/Qwen2.5-72B-Instruct,1,0,1,1,lenient,0.0,11.5,0.0
2026-05-23 23:22:18,L-N03_m-qwen2.5-72b_sol1_gd1_rs0_bd1_str-lenient_t00_n1,207,4,1,Qwen/Qwen2.5-72B-Instruct,1,0,1,1,lenient,0.0,5.0,0.0
2026-05-23 23:22:32,L-N03_m-qwen2.5-72b_sol1_gd1_rs0_bd1_str-lenient_t00_n1,208,1,1,Qwen/Qwen2.5-72B-Instruct,1,0,1,1,lenient,0.0,11.5,0.0
2026-05-23 23:22:43,L-N03_m-qwen2.5-72b_sol1_gd1_rs0_bd1_str-lenient_t00_n1,208,2,1,Qwen/Qwen2.5-72B-Instruct,1,0,1,1,lenient,0.0,9.5,0.0
2026-05-23 23:22:54,L-N03_m-qwen2.5-72b_sol1_gd1_rs0_bd1_str-lenient_t00_n1,208,3,1,Qwen/Qwen2.5-72B-Instruct,1,0,1,1,lenient,0.0,11.5,0.0
2026-05-23 23:22:58,L-N03_m-qwen2.5-72b_sol1_gd1_rs0_bd1_str-lenient_t00_n1,208,4,1,Qwen/Qwen2.5-72B-Instruct,1,0,1,1,lenient,0.0,0.0,0.0
2026-05-23 23:23:12,L-N03_m-qwen2.5-72b_sol1_gd1_rs0_bd1_str-lenient_t00_n1,209,1,1,Qwen/Qwen2.5-72B-Instruct,1,0,1,1,lenient,0.0,11.5,0.0
2026-05-23 23:23:24,L-N03_m-qwen2.5-72b_sol1_gd1_rs0_bd1_str-lenient_t00_n1,209,2,1,Qwen/Qwen2.5-72B-Instruct,1,0,1,1,lenient,0.0,9.5,0.0
2026-05-23 23:23:35,L-N03_m-qwen2.5-72b_sol1_gd1_rs0_bd1_str-lenient_t00_n1,209,3,1,Qwen/Qwen2.5-72B-Instruct,1,0,1,1,lenient,0.0,10.0,0.0
2026-05-23 23:23:47,L-N03_m-qwen2.5-72b_sol1_gd1_rs0_bd1_str-lenient_t00_n1,210,1,1,Qwen/Qwen2.5-72B-Instruct,1,0,1,1,lenient,0.0,11.5,0.0
2026-05-23 23:24:00,L-N03_m-qwen2.5-72b_sol1_gd1_rs0_bd1_str-lenient_t00_n1,210,2,1,Qwen/Qwen2.5-72B-Instruct,1,0,1,1,lenient,0.0,10.0,0.0
2026-05-23 23:24:16,L-N03_m-qwen2.5-72b_sol1_gd1_rs0_bd1_str-lenient_t00_n1,210,3,1,Qwen/Qwen2.5-72B-Instruct,1,0,1,1,lenient,0.0,10.5,0.0
2026-05-23 23:24:22,L-N03_m-qwen2.5-72b_sol1_gd1_rs0_bd1_str-lenient_t00_n1,210,4,1,Qwen/Qwen2.5-72B-Instruct,1,0,1,1,lenient,0.0,5.0,0.0
2026-05-23 23:24:36,L-N03_m-qwen2.5-72b_sol1_gd1_rs0_bd1_str-lenient_t00_n1,211,1,1,Qwen/Qwen2.5-72B-Instruct,1,0,1,1,lenient,0.0,8.5,0.0
2026-05-23 23:24:47,L-N03_m-qwen2.5-72b_sol1_gd1_rs0_bd1_str-lenient_t00_n1,211,2,1,Qwen/Qwen2.5-72B-Instruct,1,0,1,1,lenient,0.0,8.5,0.0
2026-05-23 23:24:58,L-N03_m-qwen2.5-72b_sol1_gd1_rs0_bd1_str-lenient_t00_n1,211,3,1,Qwen/Qwen2.5-72B-Instruct,1,0,1,1,lenient,0.0,11.0,0.0
2026-05-23 23:25:12,L-N03_m-qwen2.5-72b_sol1_gd1_rs0_bd1_str-lenient_t00_n1,212,1,1,Qwen/Qwen2.5-72B-Instruct,1,0,1,1,lenient,0.0,11.5,4.0
2026-05-23 23:25:24,L-N03_m-qwen2.5-72b_sol1_gd1_rs0_bd1_str-lenient_t00_n1,212,2,1,Qwen/Qwen2.5-72B-Instruct,1,0,1,1,lenient,0.0,9.5,3.0
2026-05-23 23:25:34,L-N03_m-qwen2.5-72b_sol1_gd1_rs0_bd1_str-lenient_t00_n1,212,3,1,Qwen/Qwen2.5-72B-Instruct,1,0,1,1,lenient,0.0,11.5,0.0
2026-05-23 23:25:48,L-N03_m-qwen2.5-72b_sol1_gd1_rs0_bd1_str-lenient_t00_n1,213,1,1,Qwen/Qwen2.5-72B-Instruct,1,0,1,1,lenient,0.0,11.5,4.0
2026-05-23 23:25:59,L-N03_m-qwen2.5-72b_sol1_gd1_rs0_bd1_str-lenient_t00_n1,213,2,1,Qwen/Qwen2.5-72B-Instruct,1,0,1,1,lenient,0.0,10.5,3.0
2026-05-23 23:26:10,L-N03_m-qwen2.5-72b_sol1_gd1_rs0_bd1_str-lenient_t00_n1,213,3,1,Qwen/Qwen2.5-72B-Instruct,1,0,1,1,lenient,0.0,11.0,0.0
2026-05-23 23:26:15,L-N03_m-qwen2.5-72b_sol1_gd1_rs0_bd1_str-lenient_t00_n1,213,4,1,Qwen/Qwen2.5-72B-Instruct,1,0,1,1,lenient,0.0,5.0,0.0
2026-05-23 23:26:37,L-N03_m-qwen2.5-72b_sol1_gd1_rs0_bd1_str-lenient_t00_n1,214,1,1,Qwen/Qwen2.5-72B-Instruct,1,0,1,1,lenient,0.0,8.5,0.0
2026-05-23 23:26:49,L-N03_m-qwen2.5-72b_sol1_gd1_rs0_bd1_str-lenient_t00_n1,214,2,1,Qwen/Qwen2.5-72B-Instruct,1,0,1,1,lenient,0.0,8.5,0.0
2026-05-23 23:27:01,L-N03_m-qwen2.5-72b_sol1_gd1_rs0_bd1_str-lenient_t00_n1,214,3,1,Qwen/Qwen2.5-72B-Instruct,1,0,1,1,lenient,0.0,9.0,0.0
2026-05-23 23:27:14,L-N03_m-qwen2.5-72b_sol1_gd1_rs0_bd1_str-lenient_t00_n1,215,1,1,Qwen/Qwen2.5-72B-Instruct,1,0,1,1,lenient,0.0,8.5,0.0
2026-05-23 23:27:26,L-N03_m-qwen2.5-72b_sol1_gd1_rs0_bd1_str-lenient_t00_n1,215,2,1,Qwen/Qwen2.5-72B-Instruct,1,0,1,1,lenient,0.0,8.5,0.0
2026-05-23 23:27:42,L-N03_m-qwen2.5-72b_sol1_gd1_rs0_bd1_str-lenient_t00_n1,215,3,1,Qwen/Qwen2.5-72B-Instruct,1,0,1,1,lenient,0.0,9.0,0.0
2026-05-23 23:27:55,L-N03_m-qwen2.5-72b_sol1_gd1_rs0_bd1_str-lenient_t00_n1,216,1,1,Qwen/Qwen2.5-72B-Instruct,1,0,1,1,lenient,0.0,10.5,0.0
2026-05-23 23:28:07,L-N03_m-qwen2.5-72b_sol1_gd1_rs0_bd1_str-lenient_t00_n1,216,2,1,Qwen/Qwen2.5-72B-Instruct,1,0,1,1,lenient,0.0,9.5,0.0
2026-05-23 23:28:25,L-N03_m-qwen2.5-72b_sol1_gd1_rs0_bd1_str-lenient_t00_n1,216,3,1,Qwen/Qwen2.5-72B-Instruct,1,0,1,1,lenient,0.0,9.0,0.0
2026-05-23 23:28:37,L-N03_m-qwen2.5-72b_sol1_gd1_rs0_bd1_str-lenient_t00_n1,217,1,1,Qwen/Qwen2.5-72B-Instruct,1,0,1,1,lenient,0.0,11.5,0.0
2026-05-23 23:28:51,L-N03_m-qwen2.5-72b_sol1_gd1_rs0_bd1_str-lenient_t00_n1,217,2,1,Qwen/Qwen2.5-72B-Instruct,1,0,1,1,lenient,0.0,10.5,0.0
2026-05-23 23:29:01,L-N03_m-qwen2.5-72b_sol1_gd1_rs0_bd1_str-lenient_t00_n1,217,3,1,Qwen/Qwen2.5-72B-Instruct,1,0,1,1,lenient,0.0,11.5,0.0
2026-05-23 23:29:14,L-N03_m-qwen2.5-72b_sol1_gd1_rs0_bd1_str-lenient_t00_n1,218,1,1,Qwen/Qwen2.5-72B-Instruct,1,0,1,1,lenient,0.0,11.5,0.0
2026-05-23 23:29:26,L-N03_m-qwen2.5-72b_sol1_gd1_rs0_bd1_str-lenient_t00_n1,218,2,1,Qwen/Qwen2.5-72B-Instruct,1,0,1,1,lenient,0.0,8.5,0.0
2026-05-23 23:29:37,L-N03_m-qwen2.5-72b_sol1_gd1_rs0_bd1_str-lenient_t00_n1,218,3,1,Qwen/Qwen2.5-72B-Instruct,1,0,1,1,lenient,0.0,11.0,0.0
2026-05-23 23:29:50,L-N03_m-qwen2.5-72b_sol1_gd1_rs0_bd1_str-lenient_t00_n1,219,1,1,Qwen/Qwen2.5-72B-Instruct,1,0,1,1,lenient,0.0,11.5,4.0
2026-05-23 23:30:02,L-N03_m-qwen2.5-72b_sol1_gd1_rs0_bd1_str-lenient_t00_n1,219,2,1,Qwen/Qwen2.5-72B-Instruct,1,0,1,1,lenient,0.0,10.0,3.0
2026-05-23 23:30:13,L-N03_m-qwen2.5-72b_sol1_gd1_rs0_bd1_str-lenient_t00_n1,219,3,1,Qwen/Qwen2.5-72B-Instruct,1,0,1,1,lenient,0.0,11.0,0.0
2026-05-23 23:30:18,L-N03_m-qwen2.5-72b_sol1_gd1_rs0_bd1_str-lenient_t00_n1,219,4,1,Qwen/Qwen2.5-72B-Instruct,1,0,1,1,lenient,0.0,0.0,0.0
2026-05-23 23:30:30,L-N03_m-qwen2.5-72b_sol1_gd1_rs0_bd1_str-lenient_t00_n1,220,1,1,Qwen/Qwen2.5-72B-Instruct,1,0,1,1,lenient,0.0,11.5,4.0
2026-05-23 23:30:39,L-N03_m-qwen2.5-72b_sol1_gd1_rs0_bd1_str-lenient_t00_n1,220,2,1,Qwen/Qwen2.5-72B-Instruct,1,0,1,1,lenient,0.0,0.0,0.0
2026-05-23 23:30:47,L-N03_m-qwen2.5-72b_sol1_gd1_rs0_bd1_str-lenient_t00_n1,220,3,1,Qwen/Qwen2.5-72B-Instruct,1,0,1,1,lenient,0.0,0.0,0.0
2026-05-23 23:31:01,L-N03_m-qwen2.5-72b_sol1_gd1_rs0_bd1_str-lenient_t00_n1,221,1,1,Qwen/Qwen2.5-72B-Instruct,1,0,1,1,lenient,0.0,11.5,3.0
2026-05-23 23:31:13,L-N03_m-qwen2.5-72b_sol1_gd1_rs0_bd1_str-lenient_t00_n1,221,2,1,Qwen/Qwen2.5-72B-Instruct,1,0,1,1,lenient,0.0,9.5,0.0
2026-05-23 23:31:24,L-N03_m-qwen2.5-72b_sol1_gd1_rs0_bd1_str-lenient_t00_n1,221,3,1,Qwen/Qwen2.5-72B-Instruct,1,0,1,1,lenient,0.0,9.0,0.0
2026-05-23 23:31:38,L-N03_m-qwen2.5-72b_sol1_gd1_rs0_bd1_str-lenient_t00_n1,222,1,1,Qwen/Qwen2.5-72B-Instruct,1,0,1,1,lenient,0.0,10.5,0.0
2026-05-23 23:31:49,L-N03_m-qwen2.5-72b_sol1_gd1_rs0_bd1_str-lenient_t00_n1,222,2,1,Qwen/Qwen2.5-72B-Instruct,1,0,1,1,lenient,0.0,9.5,0.0
2026-05-23 23:32:07,L-N03_m-qwen2.5-72b_sol1_gd1_rs0_bd1_str-lenient_t00_n1,222,3,1,Qwen/Qwen2.5-72B-Instruct,1,0,1,1,lenient,0.0,9.0,0.0
2026-05-23 23:32:11,L-N03_m-qwen2.5-72b_sol1_gd1_rs0_bd1_str-lenient_t00_n1,222,4,1,Qwen/Qwen2.5-72B-Instruct,1,0,1,1,lenient,0.0,0.0,0.0
2026-05-23 23:32:24,L-N03_m-qwen2.5-72b_sol1_gd1_rs0_bd1_str-lenient_t00_n1,223,1,1,Qwen/Qwen2.5-72B-Instruct,1,0,1,1,lenient,0.0,9.5,0.0
2026-05-23 23:32:36,L-N03_m-qwen2.5-72b_sol1_gd1_rs0_bd1_str-lenient_t00_n1,223,2,1,Qwen/Qwen2.5-72B-Instruct,1,0,1,1,lenient,0.0,8.5,0.0
2026-05-23 23:32:53,L-N03_m-qwen2.5-72b_sol1_gd1_rs0_bd1_str-lenient_t00_n1,223,3,1,Qwen/Qwen2.5-72B-Instruct,1,0,1,1,lenient,0.0,7.5,0.0
2026-05-23 23:33:06,L-N03_m-qwen2.5-72b_sol1_gd1_rs0_bd1_str-lenient_t00_n1,224,1,1,Qwen/Qwen2.5-72B-Instruct,1,0,1,1,lenient,0.0,10.5,0.0
2026-05-23 23:33:19,L-N03_m-qwen2.5-72b_sol1_gd1_rs0_bd1_str-lenient_t00_n1,224,2,1,Qwen/Qwen2.5-72B-Instruct,1,0,1,1,lenient,0.0,10.0,0.0
2026-05-23 23:33:34,L-N03_m-qwen2.5-72b_sol1_gd1_rs0_bd1_str-lenient_t00_n1,224,3,1,Qwen/Qwen2.5-72B-Instruct,1,0,1,1,lenient,0.0,10.0,0.0
2026-05-23 23:33:47,L-N03_m-qwen2.5-72b_sol1_gd1_rs0_bd1_str-lenient_t00_n1,225,1,1,Qwen/Qwen2.5-72B-Instruct,1,0,1,1,lenient,0.0,11.5,0.0
2026-05-23 23:33:59,L-N03_m-qwen2.5-72b_sol1_gd1_rs0_bd1_str-lenient_t00_n1,225,2,1,Qwen/Qwen2.5-72B-Instruct,1,0,1,1,lenient,0.0,9.5,0.0
2026-05-23 23:34:17,L-N03_m-qwen2.5-72b_sol1_gd1_rs0_bd1_str-lenient_t00_n1,225,3,1,Qwen/Qwen2.5-72B-Instruct,1,0,1,1,lenient,0.0,8.5,0.0
2026-05-23 23:34:30,L-N03_m-qwen2.5-72b_sol1_gd1_rs0_bd1_str-lenient_t00_n1,226,1,1,Qwen/Qwen2.5-72B-Instruct,1,0,1,1,lenient,0.0,11.5,0.0
2026-05-23 23:34:43,L-N03_m-qwen2.5-72b_sol1_gd1_rs0_bd1_str-lenient_t00_n1,226,2,1,Qwen/Qwen2.5-72B-Instruct,1,0,1,1,lenient,0.0,9.5,0.0
2026-05-23 23:34:53,L-N03_m-qwen2.5-72b_sol1_gd1_rs0_bd1_str-lenient_t00_n1,226,3,1,Qwen/Qwen2.5-72B-Instruct,1,0,1,1,lenient,0.0,9.0,0.0
2026-05-23 23:35:05,L-N03_m-qwen2.5-72b_sol1_gd1_rs0_bd1_str-lenient_t00_n1,227,1,1,Qwen/Qwen2.5-72B-Instruct,1,0,1,1,lenient,0.0,10.5,0.0
2026-05-23 23:35:17,L-N03_m-qwen2.5-72b_sol1_gd1_rs0_bd1_str-lenient_t00_n1,227,2,1,Qwen/Qwen2.5-72B-Instruct,1,0,1,1,lenient,0.0,9.5,0.0
2026-05-23 23:35:33,L-N03_m-qwen2.5-72b_sol1_gd1_rs0_bd1_str-lenient_t00_n1,227,3,1,Qwen/Qwen2.5-72B-Instruct,1,0,1,1,lenient,0.0,8.5,0.0
2026-05-23 23:35:53,L-N03_m-qwen2.5-72b_sol1_gd1_rs0_bd1_str-lenient_t00_n1,228,1,1,Qwen/Qwen2.5-72B-Instruct,1,0,1,1,lenient,0.0,11.5,0.0
2026-05-23 23:36:04,L-N03_m-qwen2.5-72b_sol1_gd1_rs0_bd1_str-lenient_t00_n1,228,2,1,Qwen/Qwen2.5-72B-Instruct,1,0,1,1,lenient,0.0,9.5,0.0
2026-05-23 23:36:14,L-N03_m-qwen2.5-72b_sol1_gd1_rs0_bd1_str-lenient_t00_n1,228,3,1,Qwen/Qwen2.5-72B-Instruct,1,0,1,1,lenient,0.0,11.5,0.0
2026-05-23 23:36:27,L-N03_m-qwen2.5-72b_sol1_gd1_rs0_bd1_str-lenient_t00_n1,229,1,1,Qwen/Qwen2.5-72B-Instruct,1,0,1,1,lenient,0.0,11.5,0.0
2026-05-23 23:36:39,L-N03_m-qwen2.5-72b_sol1_gd1_rs0_bd1_str-lenient_t00_n1,229,2,1,Qwen/Qwen2.5-72B-Instruct,1,0,1,1,lenient,0.0,10.0,0.0
2026-05-23 23:36:49,L-N03_m-qwen2.5-72b_sol1_gd1_rs0_bd1_str-lenient_t00_n1,229,3,1,Qwen/Qwen2.5-72B-Instruct,1,0,1,1,lenient,0.0,11.5,0.0
2026-05-23 23:36:54,L-N03_m-qwen2.5-72b_sol1_gd1_rs0_bd1_str-lenient_t00_n1,229,4,1,Qwen/Qwen2.5-72B-Instruct,1,0,1,1,lenient,0.0,5.0,0.0
2026-05-23 23:37:07,L-N03_m-qwen2.5-72b_sol1_gd1_rs0_bd1_str-lenient_t00_n1,230,1,1,Qwen/Qwen2.5-72B-Instruct,1,0,1,1,lenient,0.0,11.5,0.0
2026-05-23 23:37:20,L-N03_m-qwen2.5-72b_sol1_gd1_rs0_bd1_str-lenient_t00_n1,230,2,1,Qwen/Qwen2.5-72B-Instruct,1,0,1,1,lenient,0.0,9.5,2.0
2026-05-23 23:37:30,L-N03_m-qwen2.5-72b_sol1_gd1_rs0_bd1_str-lenient_t00_n1,230,3,1,Qwen/Qwen2.5-72B-Instruct,1,0,1,1,lenient,0.0,11.5,0.0
2026-05-23 23:37:34,L-N03_m-qwen2.5-72b_sol1_gd1_rs0_bd1_str-lenient_t00_n1,230,4,1,Qwen/Qwen2.5-72B-Instruct,1,0,1,1,lenient,0.0,0.0,0.0
2026-05-23 23:37:47,L-N03_m-qwen2.5-72b_sol1_gd1_rs0_bd1_str-lenient_t00_n1,231,1,1,Qwen/Qwen2.5-72B-Instruct,1,0,1,1,lenient,0.0,11.5,0.0
2026-05-23 23:37:58,L-N03_m-qwen2.5-72b_sol1_gd1_rs0_bd1_str-lenient_t00_n1,231,2,1,Qwen/Qwen2.5-72B-Instruct,1,0,1,1,lenient,0.0,9.5,0.0
2026-05-23 23:38:19,L-N03_m-qwen2.5-72b_sol1_gd1_rs0_bd1_str-lenient_t00_n1,231,3,1,Qwen/Qwen2.5-72B-Instruct,1,0,1,1,lenient,0.0,9.0,0.0
2026-05-23 23:38:32,L-N03_m-qwen2.5-72b_sol1_gd1_rs0_bd1_str-lenient_t00_n1,232,1,1,Qwen/Qwen2.5-72B-Instruct,1,0,1,1,lenient,0.0,11.5,0.0
2026-05-23 23:38:44,L-N03_m-qwen2.5-72b_sol1_gd1_rs0_bd1_str-lenient_t00_n1,232,2,1,Qwen/Qwen2.5-72B-Instruct,1,0,1,1,lenient,0.0,8.5,0.0
2026-05-23 23:38:55,L-N03_m-qwen2.5-72b_sol1_gd1_rs0_bd1_str-lenient_t00_n1,232,3,1,Qwen/Qwen2.5-72B-Instruct,1,0,1,1,lenient,0.0,11.0,0.0
2026-05-23 23:39:08,L-N03_m-qwen2.5-72b_sol1_gd1_rs0_bd1_str-lenient_t00_n1,233,1,1,Qwen/Qwen2.5-72B-Instruct,1,0,1,1,lenient,0.0,10.5,0.0
2026-05-23 23:39:21,L-N03_m-qwen2.5-72b_sol1_gd1_rs0_bd1_str-lenient_t00_n1,233,2,1,Qwen/Qwen2.5-72B-Instruct,1,0,1,1,lenient,0.0,10.0,0.0
2026-05-23 23:39:36,L-N03_m-qwen2.5-72b_sol1_gd1_rs0_bd1_str-lenient_t00_n1,233,3,1,Qwen/Qwen2.5-72B-Instruct,1,0,1,1,lenient,0.0,9.0,0.0
2026-05-23 23:39:48,L-N03_m-qwen2.5-72b_sol1_gd1_rs0_bd1_str-lenient_t00_n1,234,1,1,Qwen/Qwen2.5-72B-Instruct,1,0,1,1,lenient,0.0,10.5,0.0
2026-05-23 23:40:01,L-N03_m-qwen2.5-72b_sol1_gd1_rs0_bd1_str-lenient_t00_n1,234,2,1,Qwen/Qwen2.5-72B-Instruct,1,0,1,1,lenient,0.0,9.5,0.0
2026-05-23 23:40:17,L-N03_m-qwen2.5-72b_sol1_gd1_rs0_bd1_str-lenient_t00_n1,234,3,1,Qwen/Qwen2.5-72B-Instruct,1,0,1,1,lenient,0.0,7.5,0.0
2026-05-23 23:40:30,L-N03_m-qwen2.5-72b_sol1_gd1_rs0_bd1_str-lenient_t00_n1,235,1,1,Qwen/Qwen2.5-72B-Instruct,1,0,1,1,lenient,0.0,11.5,2.0
2026-05-23 23:40:43,L-N03_m-qwen2.5-72b_sol1_gd1_rs0_bd1_str-lenient_t00_n1,235,2,1,Qwen/Qwen2.5-72B-Instruct,1,0,1,1,lenient,0.0,10.0,0.0
2026-05-23 23:40:59,L-N03_m-qwen2.5-72b_sol1_gd1_rs0_bd1_str-lenient_t00_n1,235,3,1,Qwen/Qwen2.5-72B-Instruct,1,0,1,1,lenient,0.0,9.0,0.0
2026-05-23 23:41:12,L-N03_m-qwen2.5-72b_sol1_gd1_rs0_bd1_str-lenient_t00_n1,236,1,1,Qwen/Qwen2.5-72B-Instruct,1,0,1,1,lenient,0.0,11.5,4.0
2026-05-23 23:41:22,L-N03_m-qwen2.5-72b_sol1_gd1_rs0_bd1_str-lenient_t00_n1,236,2,1,Qwen/Qwen2.5-72B-Instruct,1,0,1,1,lenient,0.0,0.0,0.0
2026-05-23 23:41:33,L-N03_m-qwen2.5-72b_sol1_gd1_rs0_bd1_str-lenient_t00_n1,236,3,1,Qwen/Qwen2.5-72B-Instruct,1,0,1,1,lenient,0.0,11.5,0.0
2026-05-23 23:41:39,L-N03_m-qwen2.5-72b_sol1_gd1_rs0_bd1_str-lenient_t00_n1,236,4,1,Qwen/Qwen2.5-72B-Instruct,1,0,1,1,lenient,0.0,5.0,0.0
2026-05-23 23:41:51,L-N03_m-qwen2.5-72b_sol1_gd1_rs0_bd1_str-lenient_t00_n1,237,1,1,Qwen/Qwen2.5-72B-Instruct,1,0,1,1,lenient,0.0,11.5,0.0
2026-05-23 23:42:04,L-N03_m-qwen2.5-72b_sol1_gd1_rs0_bd1_str-lenient_t00_n1,237,2,1,Qwen/Qwen2.5-72B-Instruct,1,0,1,1,lenient,0.0,10.0,0.0
2026-05-23 23:42:14,L-N03_m-qwen2.5-72b_sol1_gd1_rs0_bd1_str-lenient_t00_n1,237,3,1,Qwen/Qwen2.5-72B-Instruct,1,0,1,1,lenient,0.0,11.5,0.0
2026-05-23 23:42:26,L-N03_m-qwen2.5-72b_sol1_gd1_rs0_bd1_str-lenient_t00_n1,238,1,1,Qwen/Qwen2.5-72B-Instruct,1,0,1,1,lenient,0.0,11.5,0.0
2026-05-23 23:42:38,L-N03_m-qwen2.5-72b_sol1_gd1_rs0_bd1_str-lenient_t00_n1,238,2,1,Qwen/Qwen2.5-72B-Instruct,1,0,1,1,lenient,0.0,8.5,0.0
2026-05-23 23:42:48,L-N03_m-qwen2.5-72b_sol1_gd1_rs0_bd1_str-lenient_t00_n1,238,3,1,Qwen/Qwen2.5-72B-Instruct,1,0,1,1,lenient,0.0,11.0,0.0
2026-05-23 23:43:02,L-N03_m-qwen2.5-72b_sol1_gd1_rs0_bd1_str-lenient_t00_n1,239,1,1,Qwen/Qwen2.5-72B-Instruct,1,0,1,1,lenient,0.0,11.5,3.0
2026-05-23 23:43:15,L-N03_m-qwen2.5-72b_sol1_gd1_rs0_bd1_str-lenient_t00_n1,239,2,1,Qwen/Qwen2.5-72B-Instruct,1,0,1,1,lenient,0.0,9.5,3.0
2026-05-23 23:43:32,L-N03_m-qwen2.5-72b_sol1_gd1_rs0_bd1_str-lenient_t00_n1,239,3,1,Qwen/Qwen2.5-72B-Instruct,1,0,1,1,lenient,0.0,9.0,0.0
2026-05-23 23:43:38,L-N03_m-qwen2.5-72b_sol1_gd1_rs0_bd1_str-lenient_t00_n1,239,4,1,Qwen/Qwen2.5-72B-Instruct,1,0,1,1,lenient,0.0,5.0,0.0
2026-05-23 23:43:59,L-N03_m-qwen2.5-72b_sol1_gd1_rs0_bd1_str-lenient_t00_n1,240,1,1,Qwen/Qwen2.5-72B-Instruct,1,0,1,1,lenient,0.0,10.5,0.0
2026-05-23 23:44:11,L-N03_m-qwen2.5-72b_sol1_gd1_rs0_bd1_str-lenient_t00_n1,240,2,1,Qwen/Qwen2.5-72B-Instruct,1,0,1,1,lenient,0.0,10.0,0.0
2026-05-23 23:44:21,L-N03_m-qwen2.5-72b_sol1_gd1_rs0_bd1_str-lenient_t00_n1,240,3,1,Qwen/Qwen2.5-72B-Instruct,1,0,1,1,lenient,0.0,11.5,0.0
2026-05-23 23:44:25,L-N03_m-qwen2.5-72b_sol1_gd1_rs0_bd1_str-lenient_t00_n1,240,4,1,Qwen/Qwen2.5-72B-Instruct,1,0,1,1,lenient,0.0,0.0,0.0
2026-05-23 23:44:38,L-N03_m-qwen2.5-72b_sol1_gd1_rs0_bd1_str-lenient_t00_n1,241,1,1,Qwen/Qwen2.5-72B-Instruct,1,0,1,1,lenient,0.0,9.5,0.0
2026-05-23 23:44:51,L-N03_m-qwen2.5-72b_sol1_gd1_rs0_bd1_str-lenient_t00_n1,241,2,1,Qwen/Qwen2.5-72B-Instruct,1,0,1,1,lenient,0.0,9.0,0.0
2026-05-23 23:45:07,L-N03_m-qwen2.5-72b_sol1_gd1_rs0_bd1_str-lenient_t00_n1,241,3,1,Qwen/Qwen2.5-72B-Instruct,1,0,1,1,lenient,0.0,7.5,0.0
2026-05-23 23:45:21,L-N03_m-qwen2.5-72b_sol1_gd1_rs0_bd1_str-lenient_t00_n1,242,1,1,Qwen/Qwen2.5-72B-Instruct,1,0,1,1,lenient,0.0,11.5,2.0
2026-05-23 23:45:34,L-N03_m-qwen2.5-72b_sol1_gd1_rs0_bd1_str-lenient_t00_n1,242,2,1,Qwen/Qwen2.5-72B-Instruct,1,0,1,1,lenient,0.0,10.0,3.0
2026-05-23 23:45:44,L-N03_m-qwen2.5-72b_sol1_gd1_rs0_bd1_str-lenient_t00_n1,242,3,1,Qwen/Qwen2.5-72B-Instruct,1,0,1,1,lenient,0.0,11.5,0.0
2026-05-23 23:45:48,L-N03_m-qwen2.5-72b_sol1_gd1_rs0_bd1_str-lenient_t00_n1,242,4,1,Qwen/Qwen2.5-72B-Instruct,1,0,1,1,lenient,0.0,0.0,0.0
2026-05-23 23:46:02,L-N03_m-qwen2.5-72b_sol1_gd1_rs0_bd1_str-lenient_t00_n1,243,1,1,Qwen/Qwen2.5-72B-Instruct,1,0,1,1,lenient,0.0,11.5,2.0
2026-05-23 23:46:14,L-N03_m-qwen2.5-72b_sol1_gd1_rs0_bd1_str-lenient_t00_n1,243,2,1,Qwen/Qwen2.5-72B-Instruct,1,0,1,1,lenient,0.0,8.5,0.0
2026-05-23 23:46:25,L-N03_m-qwen2.5-72b_sol1_gd1_rs0_bd1_str-lenient_t00_n1,243,3,1,Qwen/Qwen2.5-72B-Instruct,1,0,1,1,lenient,0.0,9.0,0.0
2026-05-23 23:46:38,L-N03_m-qwen2.5-72b_sol1_gd1_rs0_bd1_str-lenient_t00_n1,244,1,1,Qwen/Qwen2.5-72B-Instruct,1,0,1,1,lenient,0.0,7.5,0.0
2026-05-23 23:46:55,L-N03_m-qwen2.5-72b_sol1_gd1_rs0_bd1_str-lenient_t00_n1,244,2,1,Qwen/Qwen2.5-72B-Instruct,1,0,1,1,lenient,0.0,7.5,0.0
2026-05-23 23:47:12,L-N03_m-qwen2.5-72b_sol1_gd1_rs0_bd1_str-lenient_t00_n1,244,3,1,Qwen/Qwen2.5-72B-Instruct,1,0,1,1,lenient,0.0,7.5,0.0
2026-05-23 23:47:25,L-N03_m-qwen2.5-72b_sol1_gd1_rs0_bd1_str-lenient_t00_n1,245,1,1,Qwen/Qwen2.5-72B-Instruct,1,0,1,1,lenient,0.0,10.5,0.0
2026-05-23 23:47:36,L-N03_m-qwen2.5-72b_sol1_gd1_rs0_bd1_str-lenient_t00_n1,245,2,1,Qwen/Qwen2.5-72B-Instruct,1,0,1,1,lenient,0.0,10.0,0.0
2026-05-23 23:47:52,L-N03_m-qwen2.5-72b_sol1_gd1_rs0_bd1_str-lenient_t00_n1,245,3,1,Qwen/Qwen2.5-72B-Instruct,1,0,1,1,lenient,0.0,9.0,0.0
2026-05-23 23:48:06,L-N03_m-qwen2.5-72b_sol1_gd1_rs0_bd1_str-lenient_t00_n1,246,1,1,Qwen/Qwen2.5-72B-Instruct,1,0,1,1,lenient,0.0,11.5,0.0
2026-05-23 23:48:19,L-N03_m-qwen2.5-72b_sol1_gd1_rs0_bd1_str-lenient_t00_n1,246,2,1,Qwen/Qwen2.5-72B-Instruct,1,0,1,1,lenient,0.0,9.5,2.0
2026-05-23 23:48:33,L-N03_m-qwen2.5-72b_sol1_gd1_rs0_bd1_str-lenient_t00_n1,246,3,1,Qwen/Qwen2.5-72B-Instruct,1,0,1,1,lenient,0.0,10.0,0.0
2026-05-23 23:48:46,L-N03_m-qwen2.5-72b_sol1_gd1_rs0_bd1_str-lenient_t00_n1,247,1,1,Qwen/Qwen2.5-72B-Instruct,1,0,1,1,lenient,0.0,11.5,0.0
2026-05-23 23:48:59,L-N03_m-qwen2.5-72b_sol1_gd1_rs0_bd1_str-lenient_t00_n1,247,2,1,Qwen/Qwen2.5-72B-Instruct,1,0,1,1,lenient,0.0,9.5,0.0
2026-05-23 23:49:09,L-N03_m-qwen2.5-72b_sol1_gd1_rs0_bd1_str-lenient_t00_n1,247,3,1,Qwen/Qwen2.5-72B-Instruct,1,0,1,1,lenient,0.0,10.5,0.0
2026-05-23 23:49:21,L-N03_m-qwen2.5-72b_sol1_gd1_rs0_bd1_str-lenient_t00_n1,248,1,1,Qwen/Qwen2.5-72B-Instruct,1,0,1,1,lenient,0.0,11.5,0.0
2026-05-23 23:49:33,L-N03_m-qwen2.5-72b_sol1_gd1_rs0_bd1_str-lenient_t00_n1,248,2,1,Qwen/Qwen2.5-72B-Instruct,1,0,1,1,lenient,0.0,8.5,0.0
2026-05-23 23:49:43,L-N03_m-qwen2.5-72b_sol1_gd1_rs0_bd1_str-lenient_t00_n1,248,3,1,Qwen/Qwen2.5-72B-Instruct,1,0,1,1,lenient,0.0,7.5,0.0
2026-05-23 23:49:56,L-N03_m-qwen2.5-72b_sol1_gd1_rs0_bd1_str-lenient_t00_n1,249,1,1,Qwen/Qwen2.5-72B-Instruct,1,0,1,1,lenient,0.0,7.5,0.0
2026-05-23 23:50:07,L-N03_m-qwen2.5-72b_sol1_gd1_rs0_bd1_str-lenient_t00_n1,249,2,1,Qwen/Qwen2.5-72B-Instruct,1,0,1,1,lenient,0.0,9.5,0.0
2026-05-23 23:50:23,L-N03_m-qwen2.5-72b_sol1_gd1_rs0_bd1_str-lenient_t00_n1,249,3,1,Qwen/Qwen2.5-72B-Instruct,1,0,1,1,lenient,0.0,9.0,0.0
2026-05-23 23:50:35,L-N03_m-qwen2.5-72b_sol1_gd1_rs0_bd1_str-lenient_t00_n1,250,1,1,Qwen/Qwen2.5-72B-Instruct,1,0,1,1,lenient,0.0,11.5,0.0
2026-05-23 23:50:47,L-N03_m-qwen2.5-72b_sol1_gd1_rs0_bd1_str-lenient_t00_n1,250,2,1,Qwen/Qwen2.5-72B-Instruct,1,0,1,1,lenient,0.0,10.0,0.0
2026-05-23 23:50:57,L-N03_m-qwen2.5-72b_sol1_gd1_rs0_bd1_str-lenient_t00_n1,250,3,1,Qwen/Qwen2.5-72B-Instruct,1,0,1,1,lenient,0.0,3.0,0.0
2026-05-23 23:51:02,L-N03_m-qwen2.5-72b_sol1_gd1_rs0_bd1_str-lenient_t00_n1,250,4,1,Qwen/Qwen2.5-72B-Instruct,1,0,1,1,lenient,0.0,5.0,0.0
2026-05-23 23:51:13,L-N03_m-qwen2.5-72b_sol1_gd1_rs0_bd1_str-lenient_t00_n1,251,1,1,Qwen/Qwen2.5-72B-Instruct,1,0,1,1,lenient,0.0,7.5,0.0
2026-05-23 23:51:26,L-N03_m-qwen2.5-72b_sol1_gd1_rs0_bd1_str-lenient_t00_n1,251,2,1,Qwen/Qwen2.5-72B-Instruct,1,0,1,1,lenient,0.0,9.0,0.0
2026-05-23 23:51:43,L-N03_m-qwen2.5-72b_sol1_gd1_rs0_bd1_str-lenient_t00_n1,251,3,1,Qwen/Qwen2.5-72B-Instruct,1,0,1,1,lenient,0.0,9.0,0.0
2026-05-23 23:51:57,L-N03_m-qwen2.5-72b_sol1_gd1_rs0_bd1_str-lenient_t00_n1,252,1,1,Qwen/Qwen2.5-72B-Instruct,1,0,1,1,lenient,0.0,11.5,2.0
2026-05-23 23:52:10,L-N03_m-qwen2.5-72b_sol1_gd1_rs0_bd1_str-lenient_t00_n1,252,2,1,Qwen/Qwen2.5-72B-Instruct,1,0,1,1,lenient,0.0,9.5,2.0
2026-05-23 23:52:21,L-N03_m-qwen2.5-72b_sol1_gd1_rs0_bd1_str-lenient_t00_n1,252,3,1,Qwen/Qwen2.5-72B-Instruct,1,0,1,1,lenient,0.0,11.5,0.0
2026-05-23 23:52:34,L-N03_m-qwen2.5-72b_sol1_gd1_rs0_bd1_str-lenient_t00_n1,253,1,1,Qwen/Qwen2.5-72B-Instruct,1,0,1,1,lenient,0.0,9.5,0.0
2026-05-23 23:52:48,L-N03_m-qwen2.5-72b_sol1_gd1_rs0_bd1_str-lenient_t00_n1,253,2,1,Qwen/Qwen2.5-72B-Instruct,1,0,1,1,lenient,0.0,8.5,0.0
2026-05-23 23:52:58,L-N03_m-qwen2.5-72b_sol1_gd1_rs0_bd1_str-lenient_t00_n1,253,3,1,Qwen/Qwen2.5-72B-Instruct,1,0,1,1,lenient,0.0,11.0,0.0
2026-05-23 23:53:19,L-N03_m-qwen2.5-72b_sol1_gd1_rs0_bd1_str-lenient_t00_n1,254,1,1,Qwen/Qwen2.5-72B-Instruct,1,0,1,1,lenient,0.0,9.5,0.0
2026-05-23 23:53:29,L-N03_m-qwen2.5-72b_sol1_gd1_rs0_bd1_str-lenient_t00_n1,254,2,1,Qwen/Qwen2.5-72B-Instruct,1,0,1,1,lenient,0.0,0.0,0.0
2026-05-23 23:53:38,L-N03_m-qwen2.5-72b_sol1_gd1_rs0_bd1_str-lenient_t00_n1,254,3,1,Qwen/Qwen2.5-72B-Instruct,1,0,1,1,lenient,0.0,3.0,0.0
2026-05-23 23:53:42,L-N03_m-qwen2.5-72b_sol1_gd1_rs0_bd1_str-lenient_t00_n1,254,4,1,Qwen/Qwen2.5-72B-Instruct,1,0,1,1,lenient,0.0,0.0,0.0
2026-05-23 23:53:55,L-N03_m-qwen2.5-72b_sol1_gd1_rs0_bd1_str-lenient_t00_n1,255,1,1,Qwen/Qwen2.5-72B-Instruct,1,0,1,1,lenient,0.0,11.5,0.0
2026-05-23 23:54:06,L-N03_m-qwen2.5-72b_sol1_gd1_rs0_bd1_str-lenient_t00_n1,255,2,1,Qwen/Qwen2.5-72B-Instruct,1,0,1,1,lenient,0.0,10.0,0.0
2026-05-23 23:54:16,L-N03_m-qwen2.5-72b_sol1_gd1_rs0_bd1_str-lenient_t00_n1,255,3,1,Qwen/Qwen2.5-72B-Instruct,1,0,1,1,lenient,0.0,11.0,0.0
2026-05-23 23:54:29,L-N03_m-qwen2.5-72b_sol1_gd1_rs0_bd1_str-lenient_t00_n1,256,1,1,Qwen/Qwen2.5-72B-Instruct,1,0,1,1,lenient,0.0,11.5,2.0
2026-05-23 23:54:43,L-N03_m-qwen2.5-72b_sol1_gd1_rs0_bd1_str-lenient_t00_n1,256,2,1,Qwen/Qwen2.5-72B-Instruct,1,0,1,1,lenient,0.0,10.0,3.0
2026-05-23 23:54:53,L-N03_m-qwen2.5-72b_sol1_gd1_rs0_bd1_str-lenient_t00_n1,256,3,1,Qwen/Qwen2.5-72B-Instruct,1,0,1,1,lenient,0.0,11.5,0.0
2026-05-23 23:54:58,L-N03_m-qwen2.5-72b_sol1_gd1_rs0_bd1_str-lenient_t00_n1,256,4,1,Qwen/Qwen2.5-72B-Instruct,1,0,1,1,lenient,0.0,5.0,0.0
2026-05-23 23:55:12,L-N03_m-qwen2.5-72b_sol1_gd1_rs0_bd1_str-lenient_t00_n1,257,1,1,Qwen/Qwen2.5-72B-Instruct,1,0,1,1,lenient,0.0,10.5,0.0
2026-05-23 23:55:23,L-N03_m-qwen2.5-72b_sol1_gd1_rs0_bd1_str-lenient_t00_n1,257,2,1,Qwen/Qwen2.5-72B-Instruct,1,0,1,1,lenient,0.0,7.5,0.0
2026-05-23 23:55:39,L-N03_m-qwen2.5-72b_sol1_gd1_rs0_bd1_str-lenient_t00_n1,257,3,1,Qwen/Qwen2.5-72B-Instruct,1,0,1,1,lenient,0.0,7.5,0.0
2026-05-23 23:55:52,L-N03_m-qwen2.5-72b_sol1_gd1_rs0_bd1_str-lenient_t00_n1,258,1,1,Qwen/Qwen2.5-72B-Instruct,1,0,1,1,lenient,0.0,11.5,0.0
2026-05-23 23:56:04,L-N03_m-qwen2.5-72b_sol1_gd1_rs0_bd1_str-lenient_t00_n1,258,2,1,Qwen/Qwen2.5-72B-Instruct,1,0,1,1,lenient,0.0,8.5,0.0
2026-05-23 23:56:14,L-N03_m-qwen2.5-72b_sol1_gd1_rs0_bd1_str-lenient_t00_n1,258,3,1,Qwen/Qwen2.5-72B-Instruct,1,0,1,1,lenient,0.0,11.0,0.0
2026-05-23 23:56:17,L-N03_m-qwen2.5-72b_sol1_gd1_rs0_bd1_str-lenient_t00_n1,258,4,1,Qwen/Qwen2.5-72B-Instruct,1,0,1,1,lenient,0.0,0.0,0.0
2026-05-23 23:56:30,L-N03_m-qwen2.5-72b_sol1_gd1_rs0_bd1_str-lenient_t00_n1,259,1,1,Qwen/Qwen2.5-72B-Instruct,1,0,1,1,lenient,0.0,11.5,0.0
2026-05-23 23:56:41,L-N03_m-qwen2.5-72b_sol1_gd1_rs0_bd1_str-lenient_t00_n1,259,2,1,Qwen/Qwen2.5-72B-Instruct,1,0,1,1,lenient,0.0,8.5,0.0
2026-05-23 23:56:57,L-N03_m-qwen2.5-72b_sol1_gd1_rs0_bd1_str-lenient_t00_n1,259,3,1,Qwen/Qwen2.5-72B-Instruct,1,0,1,1,lenient,0.0,9.0,0.0
2026-05-23 23:57:02,L-N03_m-qwen2.5-72b_sol1_gd1_rs0_bd1_str-lenient_t00_n1,259,4,1,Qwen/Qwen2.5-72B-Instruct,1,0,1,1,lenient,0.0,0.0,0.0
2026-05-23 23:57:24,L-N03_m-qwen2.5-72b_sol1_gd1_rs0_bd1_str-lenient_t00_n1,260,1,1,Qwen/Qwen2.5-72B-Instruct,1,0,1,1,lenient,0.0,7.5,0.0
2026-05-23 23:57:36,L-N03_m-qwen2.5-72b_sol1_gd1_rs0_bd1_str-lenient_t00_n1,260,2,1,Qwen/Qwen2.5-72B-Instruct,1,0,1,1,lenient,0.0,8.5,0.0
2026-05-23 23:57:53,L-N03_m-qwen2.5-72b_sol1_gd1_rs0_bd1_str-lenient_t00_n1,260,3,1,Qwen/Qwen2.5-72B-Instruct,1,0,1,1,lenient,0.0,9.0,0.0
2026-05-23 23:57:57,L-N03_m-qwen2.5-72b_sol1_gd1_rs0_bd1_str-lenient_t00_n1,260,4,1,Qwen/Qwen2.5-72B-Instruct,1,0,1,1,lenient,0.0,0.0,0.0
2026-05-23 23:58:09,L-N03_m-qwen2.5-72b_sol1_gd1_rs0_bd1_str-lenient_t00_n1,261,1,1,Qwen/Qwen2.5-72B-Instruct,1,0,1,1,lenient,0.0,11.5,0.0
2026-05-23 23:58:22,L-N03_m-qwen2.5-72b_sol1_gd1_rs0_bd1_str-lenient_t00_n1,261,2,1,Qwen/Qwen2.5-72B-Instruct,1,0,1,1,lenient,0.0,9.5,3.0
2026-05-23 23:58:38,L-N03_m-qwen2.5-72b_sol1_gd1_rs0_bd1_str-lenient_t00_n1,261,3,1,Qwen/Qwen2.5-72B-Instruct,1,0,1,1,lenient,0.0,9.0,0.0
2026-05-23 23:58:51,L-N03_m-qwen2.5-72b_sol1_gd1_rs0_bd1_str-lenient_t00_n1,262,1,1,Qwen/Qwen2.5-72B-Instruct,1,0,1,1,lenient,0.0,11.5,0.0
2026-05-23 23:59:03,L-N03_m-qwen2.5-72b_sol1_gd1_rs0_bd1_str-lenient_t00_n1,262,2,1,Qwen/Qwen2.5-72B-Instruct,1,0,1,1,lenient,0.0,10.0,0.0
2026-05-23 23:59:13,L-N03_m-qwen2.5-72b_sol1_gd1_rs0_bd1_str-lenient_t00_n1,262,3,1,Qwen/Qwen2.5-72B-Instruct,1,0,1,1,lenient,0.0,11.5,0.0
2026-05-23 23:59:19,L-N03_m-qwen2.5-72b_sol1_gd1_rs0_bd1_str-lenient_t00_n1,262,4,1,Qwen/Qwen2.5-72B-Instruct,1,0,1,1,lenient,0.0,5.0,0.0
2026-05-23 23:59:32,L-N03_m-qwen2.5-72b_sol1_gd1_rs0_bd1_str-lenient_t00_n1,263,1,1,Qwen/Qwen2.5-72B-Instruct,1,0,1,1,lenient,0.0,11.5,2.0
2026-05-23 23:59:45,L-N03_m-qwen2.5-72b_sol1_gd1_rs0_bd1_str-lenient_t00_n1,263,2,1,Qwen/Qwen2.5-72B-Instruct,1,0,1,1,lenient,0.0,9.5,2.0
2026-05-24 00:00:04,L-N03_m-qwen2.5-72b_sol1_gd1_rs0_bd1_str-lenient_t00_n1,263,3,1,Qwen/Qwen2.5-72B-Instruct,1,0,1,1,lenient,0.0,9.0,0.0
2026-05-24 00:00:07,L-N03_m-qwen2.5-72b_sol1_gd1_rs0_bd1_str-lenient_t00_n1,263,4,1,Qwen/Qwen2.5-72B-Instruct,1,0,1,1,lenient,0.0,0.0,0.0
2026-05-24 00:00:20,L-N03_m-qwen2.5-72b_sol1_gd1_rs0_bd1_str-lenient_t00_n1,264,1,1,Qwen/Qwen2.5-72B-Instruct,1,0,1,1,lenient,0.0,9.5,0.0
2026-05-24 00:00:32,L-N03_m-qwen2.5-72b_sol1_gd1_rs0_bd1_str-lenient_t00_n1,264,2,1,Qwen/Qwen2.5-72B-Instruct,1,0,1,1,lenient,0.0,9.5,0.0
2026-05-24 00:00:42,L-N03_m-qwen2.5-72b_sol1_gd1_rs0_bd1_str-lenient_t00_n1,264,3,1,Qwen/Qwen2.5-72B-Instruct,1,0,1,1,lenient,0.0,11.5,0.0
2026-05-24 00:00:56,L-N03_m-qwen2.5-72b_sol1_gd1_rs0_bd1_str-lenient_t00_n1,265,1,1,Qwen/Qwen2.5-72B-Instruct,1,0,1,1,lenient,0.0,11.5,3.0
2026-05-24 00:01:07,L-N03_m-qwen2.5-72b_sol1_gd1_rs0_bd1_str-lenient_t00_n1,265,2,1,Qwen/Qwen2.5-72B-Instruct,1,0,1,1,lenient,0.0,10.0,3.0
2026-05-24 00:01:17,L-N03_m-qwen2.5-72b_sol1_gd1_rs0_bd1_str-lenient_t00_n1,265,3,1,Qwen/Qwen2.5-72B-Instruct,1,0,1,1,lenient,0.0,11.5,0.0
2026-05-24 00:01:37,L-N03_m-qwen2.5-72b_sol1_gd1_rs0_bd1_str-lenient_t00_n1,266,1,1,Qwen/Qwen2.5-72B-Instruct,1,0,1,1,lenient,0.0,9.5,0.0
2026-05-24 00:01:50,L-N03_m-qwen2.5-72b_sol1_gd1_rs0_bd1_str-lenient_t00_n1,267,1,1,Qwen/Qwen2.5-72B-Instruct,1,0,1,1,lenient,0.0,11.5,0.0
2026-05-24 00:02:02,L-N03_m-qwen2.5-72b_sol1_gd1_rs0_bd1_str-lenient_t00_n1,267,2,1,Qwen/Qwen2.5-72B-Instruct,1,0,1,1,lenient,0.0,9.0,0.0
2026-05-24 00:02:12,L-N03_m-qwen2.5-72b_sol1_gd1_rs0_bd1_str-lenient_t00_n1,267,3,1,Qwen/Qwen2.5-72B-Instruct,1,0,1,1,lenient,0.0,11.5,0.0
2026-05-24 00:02:25,L-N03_m-qwen2.5-72b_sol1_gd1_rs0_bd1_str-lenient_t00_n1,268,1,1,Qwen/Qwen2.5-72B-Instruct,1,0,1,1,lenient,0.0,10.5,0.0
2026-05-24 00:02:43,L-N03_m-qwen2.5-72b_sol1_gd1_rs0_bd1_str-lenient_t00_n1,268,2,1,Qwen/Qwen2.5-72B-Instruct,1,0,1,1,lenient,0.0,7.5,0.0
2026-05-24 00:02:53,L-N03_m-qwen2.5-72b_sol1_gd1_rs0_bd1_str-lenient_t00_n1,268,3,1,Qwen/Qwen2.5-72B-Instruct,1,0,1,1,lenient,0.0,11.0,0.0
2026-05-24 00:03:06,L-N03_m-qwen2.5-72b_sol1_gd1_rs0_bd1_str-lenient_t00_n1,269,1,1,Qwen/Qwen2.5-72B-Instruct,1,0,1,1,lenient,0.0,11.5,4.0
2026-05-24 00:03:18,L-N03_m-qwen2.5-72b_sol1_gd1_rs0_bd1_str-lenient_t00_n1,269,2,1,Qwen/Qwen2.5-72B-Instruct,1,0,1,1,lenient,0.0,10.0,3.0
2026-05-24 00:03:33,L-N03_m-qwen2.5-72b_sol1_gd1_rs0_bd1_str-lenient_t00_n1,269,3,1,Qwen/Qwen2.5-72B-Instruct,1,0,1,1,lenient,0.0,9.0,0.0
2026-05-24 00:03:45,L-N03_m-qwen2.5-72b_sol1_gd1_rs0_bd1_str-lenient_t00_n1,270,1,1,Qwen/Qwen2.5-72B-Instruct,1,0,1,1,lenient,0.0,12.0,4.0
2026-05-24 00:03:56,L-N03_m-qwen2.5-72b_sol1_gd1_rs0_bd1_str-lenient_t00_n1,270,2,1,Qwen/Qwen2.5-72B-Instruct,1,0,1,1,lenient,0.0,10.5,3.0
2026-05-24 00:04:07,L-N03_m-qwen2.5-72b_sol1_gd1_rs0_bd1_str-lenient_t00_n1,270,3,1,Qwen/Qwen2.5-72B-Instruct,1,0,1,1,lenient,0.0,11.5,0.0
2026-05-24 00:04:12,L-N03_m-qwen2.5-72b_sol1_gd1_rs0_bd1_str-lenient_t00_n1,270,4,1,Qwen/Qwen2.5-72B-Instruct,1,0,1,1,lenient,0.0,5.0,0.0
2026-05-24 00:04:25,L-N03_m-qwen2.5-72b_sol1_gd1_rs0_bd1_str-lenient_t00_n1,271,1,1,Qwen/Qwen2.5-72B-Instruct,1,0,1,1,lenient,0.0,11.5,4.0
2026-05-24 00:04:37,L-N03_m-qwen2.5-72b_sol1_gd1_rs0_bd1_str-lenient_t00_n1,271,2,1,Qwen/Qwen2.5-72B-Instruct,1,0,1,1,lenient,0.0,10.5,3.0
2026-05-24 00:04:47,L-N03_m-qwen2.5-72b_sol1_gd1_rs0_bd1_str-lenient_t00_n1,271,3,1,Qwen/Qwen2.5-72B-Instruct,1,0,1,1,lenient,0.0,11.5,0.0
2026-05-24 00:04:53,L-N03_m-qwen2.5-72b_sol1_gd1_rs0_bd1_str-lenient_t00_n1,271,4,1,Qwen/Qwen2.5-72B-Instruct,1,0,1,1,lenient,0.0,5.0,0.0
2026-05-24 00:05:12,L-N03_m-qwen2.5-72b_sol1_gd1_rs0_bd1_str-lenient_t00_n1,272,1,1,Qwen/Qwen2.5-72B-Instruct,1,0,1,1,lenient,0.0,8.5,0.0
2026-05-24 00:05:25,L-N03_m-qwen2.5-72b_sol1_gd1_rs0_bd1_str-lenient_t00_n1,272,2,1,Qwen/Qwen2.5-72B-Instruct,1,0,1,1,lenient,0.0,8.5,0.0
2026-05-24 00:05:35,L-N03_m-qwen2.5-72b_sol1_gd1_rs0_bd1_str-lenient_t00_n1,272,3,1,Qwen/Qwen2.5-72B-Instruct,1,0,1,1,lenient,0.0,11.0,0.0
2026-05-24 00:05:39,L-N03_m-qwen2.5-72b_sol1_gd1_rs0_bd1_str-lenient_t00_n1,272,4,1,Qwen/Qwen2.5-72B-Instruct,1,0,1,1,lenient,0.0,0.0,0.0
2026-05-24 00:05:52,L-N03_m-qwen2.5-72b_sol1_gd1_rs0_bd1_str-lenient_t00_n1,273,1,1,Qwen/Qwen2.5-72B-Instruct,1,0,1,1,lenient,0.0,10.5,0.0
2026-05-24 00:06:03,L-N03_m-qwen2.5-72b_sol1_gd1_rs0_bd1_str-lenient_t00_n1,273,2,1,Qwen/Qwen2.5-72B-Instruct,1,0,1,1,lenient,0.0,7.5,0.0
2026-05-24 00:06:19,L-N03_m-qwen2.5-72b_sol1_gd1_rs0_bd1_str-lenient_t00_n1,273,3,1,Qwen/Qwen2.5-72B-Instruct,1,0,1,1,lenient,0.0,7.5,0.0
2026-05-24 00:06:32,L-N03_m-qwen2.5-72b_sol1_gd1_rs0_bd1_str-lenient_t00_n1,274,1,1,Qwen/Qwen2.5-72B-Instruct,1,0,1,1,lenient,0.0,11.5,0.0
2026-05-24 00:06:46,L-N03_m-qwen2.5-72b_sol1_gd1_rs0_bd1_str-lenient_t00_n1,274,2,1,Qwen/Qwen2.5-72B-Instruct,1,0,1,1,lenient,0.0,10.0,0.0
2026-05-24 00:07:02,L-N03_m-qwen2.5-72b_sol1_gd1_rs0_bd1_str-lenient_t00_n1,274,3,1,Qwen/Qwen2.5-72B-Instruct,1,0,1,1,lenient,0.0,7.5,0.0
2026-05-24 00:07:14,L-N03_m-qwen2.5-72b_sol1_gd1_rs0_bd1_str-lenient_t00_n1,275,1,1,Qwen/Qwen2.5-72B-Instruct,1,0,1,1,lenient,0.0,11.5,0.0
2026-05-24 00:07:26,L-N03_m-qwen2.5-72b_sol1_gd1_rs0_bd1_str-lenient_t00_n1,275,2,1,Qwen/Qwen2.5-72B-Instruct,1,0,1,1,lenient,0.0,9.5,0.0
2026-05-24 00:07:42,L-N03_m-qwen2.5-72b_sol1_gd1_rs0_bd1_str-lenient_t00_n1,275,3,1,Qwen/Qwen2.5-72B-Instruct,1,0,1,1,lenient,0.0,9.0,0.0
2026-05-24 00:07:56,L-N03_m-qwen2.5-72b_sol1_gd1_rs0_bd1_str-lenient_t00_n1,276,1,1,Qwen/Qwen2.5-72B-Instruct,1,0,1,1,lenient,0.0,11.5,0.0
2026-05-24 00:08:08,L-N03_m-qwen2.5-72b_sol1_gd1_rs0_bd1_str-lenient_t00_n1,276,2,1,Qwen/Qwen2.5-72B-Instruct,1,0,1,1,lenient,0.0,9.5,0.0
2026-05-24 00:08:18,L-N03_m-qwen2.5-72b_sol1_gd1_rs0_bd1_str-lenient_t00_n1,276,3,1,Qwen/Qwen2.5-72B-Instruct,1,0,1,1,lenient,0.0,11.0,0.0
2026-05-24 00:08:33,L-N03_m-qwen2.5-72b_sol1_gd1_rs0_bd1_str-lenient_t00_n1,277,1,1,Qwen/Qwen2.5-72B-Instruct,1,0,1,1,lenient,0.0,9.5,2.0
2026-05-24 00:08:45,L-N03_m-qwen2.5-72b_sol1_gd1_rs0_bd1_str-lenient_t00_n1,277,2,1,Qwen/Qwen2.5-72B-Instruct,1,0,1,1,lenient,0.0,9.5,2.0
2026-05-24 00:09:04,L-N03_m-qwen2.5-72b_sol1_gd1_rs0_bd1_str-lenient_t00_n1,277,3,1,Qwen/Qwen2.5-72B-Instruct,1,0,1,1,lenient,0.0,9.0,0.0
2026-05-24 00:09:18,L-N03_m-qwen2.5-72b_sol1_gd1_rs0_bd1_str-lenient_t00_n1,278,1,1,Qwen/Qwen2.5-72B-Instruct,1,0,1,1,lenient,0.0,11.5,4.0
2026-05-24 00:09:31,L-N03_m-qwen2.5-72b_sol1_gd1_rs0_bd1_str-lenient_t00_n1,278,2,1,Qwen/Qwen2.5-72B-Instruct,1,0,1,1,lenient,0.0,9.5,2.0
2026-05-24 00:09:42,L-N03_m-qwen2.5-72b_sol1_gd1_rs0_bd1_str-lenient_t00_n1,278,3,1,Qwen/Qwen2.5-72B-Instruct,1,0,1,1,lenient,0.0,11.5,0.0
2026-05-24 00:09:48,L-N03_m-qwen2.5-72b_sol1_gd1_rs0_bd1_str-lenient_t00_n1,278,4,1,Qwen/Qwen2.5-72B-Instruct,1,0,1,1,lenient,0.0,5.0,0.0
2026-05-24 00:10:09,L-N03_m-qwen2.5-72b_sol1_gd1_rs0_bd1_str-lenient_t00_n1,279,1,1,Qwen/Qwen2.5-72B-Instruct,1,0,1,1,lenient,0.0,10.5,0.0
2026-05-24 00:10:22,L-N03_m-qwen2.5-72b_sol1_gd1_rs0_bd1_str-lenient_t00_n1,279,2,1,Qwen/Qwen2.5-72B-Instruct,1,0,1,1,lenient,0.0,8.5,0.0
2026-05-24 00:10:37,L-N03_m-qwen2.5-72b_sol1_gd1_rs0_bd1_str-lenient_t00_n1,279,3,1,Qwen/Qwen2.5-72B-Instruct,1,0,1,1,lenient,0.0,10.0,0.0
2026-05-24 00:10:57,L-N03_m-qwen2.5-72b_sol1_gd1_rs0_bd1_str-lenient_t00_n1,280,1,1,Qwen/Qwen2.5-72B-Instruct,1,0,1,1,lenient,0.0,7.5,0.0
2026-05-24 00:11:08,L-N03_m-qwen2.5-72b_sol1_gd1_rs0_bd1_str-lenient_t00_n1,280,2,1,Qwen/Qwen2.5-72B-Instruct,1,0,1,1,lenient,0.0,9.5,0.0
2026-05-24 00:11:24,L-N03_m-qwen2.5-72b_sol1_gd1_rs0_bd1_str-lenient_t00_n1,280,3,1,Qwen/Qwen2.5-72B-Instruct,1,0,1,1,lenient,0.0,9.0,0.0
2026-05-24 00:11:37,L-N03_m-qwen2.5-72b_sol1_gd1_rs0_bd1_str-lenient_t00_n1,281,1,1,Qwen/Qwen2.5-72B-Instruct,1,0,1,1,lenient,0.0,11.5,4.0
2026-05-24 00:11:49,L-N03_m-qwen2.5-72b_sol1_gd1_rs0_bd1_str-lenient_t00_n1,281,2,1,Qwen/Qwen2.5-72B-Instruct,1,0,1,1,lenient,0.0,10.0,3.0
2026-05-24 00:12:00,L-N03_m-qwen2.5-72b_sol1_gd1_rs0_bd1_str-lenient_t00_n1,281,3,1,Qwen/Qwen2.5-72B-Instruct,1,0,1,1,lenient,0.0,11.5,0.0
2026-05-24 00:12:05,L-N03_m-qwen2.5-72b_sol1_gd1_rs0_bd1_str-lenient_t00_n1,281,4,1,Qwen/Qwen2.5-72B-Instruct,1,0,1,1,lenient,0.0,5.0,0.0
2026-05-24 00:12:18,L-N03_m-qwen2.5-72b_sol1_gd1_rs0_bd1_str-lenient_t00_n1,282,1,1,Qwen/Qwen2.5-72B-Instruct,1,0,1,1,lenient,0.0,11.5,0.0
2026-05-24 00:12:30,L-N03_m-qwen2.5-72b_sol1_gd1_rs0_bd1_str-lenient_t00_n1,282,2,1,Qwen/Qwen2.5-72B-Instruct,1,0,1,1,lenient,0.0,7.5,0.0
2026-05-24 00:12:45,L-N03_m-qwen2.5-72b_sol1_gd1_rs0_bd1_str-lenient_t00_n1,282,3,1,Qwen/Qwen2.5-72B-Instruct,1,0,1,1,lenient,0.0,7.5,0.0
2026-05-24 00:12:58,L-N03_m-qwen2.5-72b_sol1_gd1_rs0_bd1_str-lenient_t00_n1,283,1,1,Qwen/Qwen2.5-72B-Instruct,1,0,1,1,lenient,0.0,10.5,0.0
2026-05-24 00:13:10,L-N03_m-qwen2.5-72b_sol1_gd1_rs0_bd1_str-lenient_t00_n1,283,2,1,Qwen/Qwen2.5-72B-Instruct,1,0,1,1,lenient,0.0,9.5,0.0
2026-05-24 00:13:25,L-N03_m-qwen2.5-72b_sol1_gd1_rs0_bd1_str-lenient_t00_n1,283,3,1,Qwen/Qwen2.5-72B-Instruct,1,0,1,1,lenient,0.0,9.0,0.0
2026-05-24 00:13:39,L-N03_m-qwen2.5-72b_sol1_gd1_rs0_bd1_str-lenient_t00_n1,284,1,1,Qwen/Qwen2.5-72B-Instruct,1,0,1,1,lenient,0.0,11.5,2.0
2026-05-24 00:13:52,L-N03_m-qwen2.5-72b_sol1_gd1_rs0_bd1_str-lenient_t00_n1,284,2,1,Qwen/Qwen2.5-72B-Instruct,1,0,1,1,lenient,0.0,10.0,0.0
2026-05-24 00:14:03,L-N03_m-qwen2.5-72b_sol1_gd1_rs0_bd1_str-lenient_t00_n1,284,3,1,Qwen/Qwen2.5-72B-Instruct,1,0,1,1,lenient,0.0,11.5,0.0
2026-05-24 00:14:07,L-N03_m-qwen2.5-72b_sol1_gd1_rs0_bd1_str-lenient_t00_n1,284,4,1,Qwen/Qwen2.5-72B-Instruct,1,0,1,1,lenient,0.0,0.0,0.0
2026-05-24 00:14:20,L-N03_m-qwen2.5-72b_sol1_gd1_rs0_bd1_str-lenient_t00_n1,285,1,1,Qwen/Qwen2.5-72B-Instruct,1,0,1,1,lenient,0.0,11.5,0.0
2026-05-24 00:14:33,L-N03_m-qwen2.5-72b_sol1_gd1_rs0_bd1_str-lenient_t00_n1,285,2,1,Qwen/Qwen2.5-72B-Instruct,1,0,1,1,lenient,0.0,9.5,0.0
2026-05-24 00:14:44,L-N03_m-qwen2.5-72b_sol1_gd1_rs0_bd1_str-lenient_t00_n1,285,3,1,Qwen/Qwen2.5-72B-Instruct,1,0,1,1,lenient,0.0,10.5,0.0
2026-05-24 00:14:57,L-N03_m-qwen2.5-72b_sol1_gd1_rs0_bd1_str-lenient_t00_n1,286,1,1,Qwen/Qwen2.5-72B-Instruct,1,0,1,1,lenient,0.0,11.5,0.0
2026-05-24 00:15:09,L-N03_m-qwen2.5-72b_sol1_gd1_rs0_bd1_str-lenient_t00_n1,286,2,1,Qwen/Qwen2.5-72B-Instruct,1,0,1,1,lenient,0.0,9.5,0.0
2026-05-24 00:15:26,L-N03_m-qwen2.5-72b_sol1_gd1_rs0_bd1_str-lenient_t00_n1,286,3,1,Qwen/Qwen2.5-72B-Instruct,1,0,1,1,lenient,0.0,9.0,0.0
2026-05-24 00:15:40,L-N03_m-qwen2.5-72b_sol1_gd1_rs0_bd1_str-lenient_t00_n1,287,1,1,Qwen/Qwen2.5-72B-Instruct,1,0,1,1,lenient,0.0,11.5,0.0
2026-05-24 00:15:53,L-N03_m-qwen2.5-72b_sol1_gd1_rs0_bd1_str-lenient_t00_n1,287,2,1,Qwen/Qwen2.5-72B-Instruct,1,0,1,1,lenient,0.0,9.5,0.0
2026-05-24 00:16:04,L-N03_m-qwen2.5-72b_sol1_gd1_rs0_bd1_str-lenient_t00_n1,287,3,1,Qwen/Qwen2.5-72B-Instruct,1,0,1,1,lenient,0.0,11.0,0.0
2026-05-24 00:16:17,L-N03_m-qwen2.5-72b_sol1_gd1_rs0_bd1_str-lenient_t00_n1,288,1,1,Qwen/Qwen2.5-72B-Instruct,1,0,1,1,lenient,0.0,10.5,0.0
2026-05-24 00:16:36,L-N03_m-qwen2.5-72b_sol1_gd1_rs0_bd1_str-lenient_t00_n1,288,2,1,Qwen/Qwen2.5-72B-Instruct,1,0,1,1,lenient,0.0,7.5,0.0
2026-05-24 00:16:52,L-N03_m-qwen2.5-72b_sol1_gd1_rs0_bd1_str-lenient_t00_n1,288,3,1,Qwen/Qwen2.5-72B-Instruct,1,0,1,1,lenient,0.0,9.0,0.0
2026-05-24 00:17:05,L-N03_m-qwen2.5-72b_sol1_gd1_rs0_bd1_str-lenient_t00_n1,289,1,1,Qwen/Qwen2.5-72B-Instruct,1,0,1,1,lenient,0.0,11.5,4.0
2026-05-24 00:17:18,L-N03_m-qwen2.5-72b_sol1_gd1_rs0_bd1_str-lenient_t00_n1,289,2,1,Qwen/Qwen2.5-72B-Instruct,1,0,1,1,lenient,0.0,8.5,0.0
2026-05-24 00:17:28,L-N03_m-qwen2.5-72b_sol1_gd1_rs0_bd1_str-lenient_t00_n1,289,3,1,Qwen/Qwen2.5-72B-Instruct,1,0,1,1,lenient,0.0,11.0,0.0
2026-05-24 00:17:32,L-N03_m-qwen2.5-72b_sol1_gd1_rs0_bd1_str-lenient_t00_n1,289,4,1,Qwen/Qwen2.5-72B-Instruct,1,0,1,1,lenient,0.0,0.0,0.0
2026-05-24 00:17:45,L-N03_m-qwen2.5-72b_sol1_gd1_rs0_bd1_str-lenient_t00_n1,290,1,1,Qwen/Qwen2.5-72B-Instruct,1,0,1,1,lenient,0.0,9.5,0.0
2026-05-24 00:17:58,L-N03_m-qwen2.5-72b_sol1_gd1_rs0_bd1_str-lenient_t00_n1,290,2,1,Qwen/Qwen2.5-72B-Instruct,1,0,1,1,lenient,0.0,10.0,0.0
2026-05-24 00:18:12,L-N03_m-qwen2.5-72b_sol1_gd1_rs0_bd1_str-lenient_t00_n1,290,3,1,Qwen/Qwen2.5-72B-Instruct,1,0,1,1,lenient,0.0,7.5,0.0
2026-05-24 00:18:25,L-N03_m-qwen2.5-72b_sol1_gd1_rs0_bd1_str-lenient_t00_n1,291,1,1,Qwen/Qwen2.5-72B-Instruct,1,0,1,1,lenient,0.0,7.5,0.0
2026-05-24 00:18:39,L-N03_m-qwen2.5-72b_sol1_gd1_rs0_bd1_str-lenient_t00_n1,291,2,1,Qwen/Qwen2.5-72B-Instruct,1,0,1,1,lenient,0.0,9.5,0.0
2026-05-24 00:18:57,L-N03_m-qwen2.5-72b_sol1_gd1_rs0_bd1_str-lenient_t00_n1,291,3,1,Qwen/Qwen2.5-72B-Instruct,1,0,1,1,lenient,0.0,9.0,0.0
2026-05-24 00:19:11,L-N03_m-qwen2.5-72b_sol1_gd1_rs0_bd1_str-lenient_t00_n1,292,1,1,Qwen/Qwen2.5-72B-Instruct,1,0,1,1,lenient,0.0,11.5,4.0
2026-05-24 00:19:22,L-N03_m-qwen2.5-72b_sol1_gd1_rs0_bd1_str-lenient_t00_n1,292,2,1,Qwen/Qwen2.5-72B-Instruct,1,0,1,1,lenient,0.0,9.5,2.0
2026-05-24 00:19:32,L-N03_m-qwen2.5-72b_sol1_gd1_rs0_bd1_str-lenient_t00_n1,292,3,1,Qwen/Qwen2.5-72B-Instruct,1,0,1,1,lenient,0.0,11.5,0.0
2026-05-24 00:19:38,L-N03_m-qwen2.5-72b_sol1_gd1_rs0_bd1_str-lenient_t00_n1,292,4,1,Qwen/Qwen2.5-72B-Instruct,1,0,1,1,lenient,0.0,5.0,0.0
2026-05-24 00:19:50,L-N03_m-qwen2.5-72b_sol1_gd1_rs0_bd1_str-lenient_t00_n1,293,1,1,Qwen/Qwen2.5-72B-Instruct,1,0,1,1,lenient,0.0,11.5,0.0
2026-05-24 00:20:03,L-N03_m-qwen2.5-72b_sol1_gd1_rs0_bd1_str-lenient_t00_n1,293,2,1,Qwen/Qwen2.5-72B-Instruct,1,0,1,1,lenient,0.0,10.0,0.0
2026-05-24 00:20:13,L-N03_m-qwen2.5-72b_sol1_gd1_rs0_bd1_str-lenient_t00_n1,293,3,1,Qwen/Qwen2.5-72B-Instruct,1,0,1,1,lenient,0.0,11.5,0.0
2026-05-24 00:20:27,L-N03_m-qwen2.5-72b_sol1_gd1_rs0_bd1_str-lenient_t00_n1,294,1,1,Qwen/Qwen2.5-72B-Instruct,1,0,1,1,lenient,0.0,11.5,0.0
2026-05-24 00:20:39,L-N03_m-qwen2.5-72b_sol1_gd1_rs0_bd1_str-lenient_t00_n1,294,2,1,Qwen/Qwen2.5-72B-Instruct,1,0,1,1,lenient,0.0,9.5,0.0
2026-05-24 00:20:50,L-N03_m-qwen2.5-72b_sol1_gd1_rs0_bd1_str-lenient_t00_n1,294,3,1,Qwen/Qwen2.5-72B-Instruct,1,0,1,1,lenient,0.0,11.5,0.0
2026-05-24 00:21:04,L-N03_m-qwen2.5-72b_sol1_gd1_rs0_bd1_str-lenient_t00_n1,295,1,1,Qwen/Qwen2.5-72B-Instruct,1,0,1,1,lenient,0.0,11.5,0.0
2026-05-24 00:21:15,L-N03_m-qwen2.5-72b_sol1_gd1_rs0_bd1_str-lenient_t00_n1,295,2,1,Qwen/Qwen2.5-72B-Instruct,1,0,1,1,lenient,0.0,8.5,0.0
2026-05-24 00:21:30,L-N03_m-qwen2.5-72b_sol1_gd1_rs0_bd1_str-lenient_t00_n1,295,3,1,Qwen/Qwen2.5-72B-Instruct,1,0,1,1,lenient,0.0,9.0,0.0
2026-05-24 00:21:53,L-N03_m-qwen2.5-72b_sol1_gd1_rs0_bd1_str-lenient_t00_n1,296,1,1,Qwen/Qwen2.5-72B-Instruct,1,0,1,1,lenient,0.0,10.5,0.0
2026-05-24 00:22:04,L-N03_m-qwen2.5-72b_sol1_gd1_rs0_bd1_str-lenient_t00_n1,296,2,1,Qwen/Qwen2.5-72B-Instruct,1,0,1,1,lenient,0.0,8.5,0.0
2026-05-24 00:22:15,L-N03_m-qwen2.5-72b_sol1_gd1_rs0_bd1_str-lenient_t00_n1,296,3,1,Qwen/Qwen2.5-72B-Instruct,1,0,1,1,lenient,0.0,11.5,0.0
2026-05-24 00:22:20,L-N03_m-qwen2.5-72b_sol1_gd1_rs0_bd1_str-lenient_t00_n1,296,4,1,Qwen/Qwen2.5-72B-Instruct,1,0,1,1,lenient,0.0,5.0,0.0
2026-05-24 00:22:33,L-N03_m-qwen2.5-72b_sol1_gd1_rs0_bd1_str-lenient_t00_n1,297,1,1,Qwen/Qwen2.5-72B-Instruct,1,0,1,1,lenient,0.0,10.5,0.0
2026-05-24 00:22:46,L-N03_m-qwen2.5-72b_sol1_gd1_rs0_bd1_str-lenient_t00_n1,297,2,1,Qwen/Qwen2.5-72B-Instruct,1,0,1,1,lenient,0.0,8.5,0.0
2026-05-24 00:22:56,L-N03_m-qwen2.5-72b_sol1_gd1_rs0_bd1_str-lenient_t00_n1,297,3,1,Qwen/Qwen2.5-72B-Instruct,1,0,1,1,lenient,0.0,11.5,0.0
2026-05-24 00:23:00,L-N03_m-qwen2.5-72b_sol1_gd1_rs0_bd1_str-lenient_t00_n1,297,4,1,Qwen/Qwen2.5-72B-Instruct,1,0,1,1,lenient,0.0,0.0,0.0
2026-05-24 00:23:26,L-N03_m-qwen2.5-72b_sol1_gd1_rs0_bd1_str-lenient_t00_n1,298,1,1,Qwen/Qwen2.5-72B-Instruct,1,0,1,1,lenient,0.0,7.5,0.0
2026-05-24 00:23:45,L-N03_m-qwen2.5-72b_sol1_gd1_rs0_bd1_str-lenient_t00_n1,298,2,1,Qwen/Qwen2.5-72B-Instruct,1,0,1,1,lenient,0.0,5.5,0.0
2026-05-24 00:24:02,L-N03_m-qwen2.5-72b_sol1_gd1_rs0_bd1_str-lenient_t00_n1,298,3,1,Qwen/Qwen2.5-72B-Instruct,1,0,1,1,lenient,0.0,9.0,0.0
2026-05-24 00:24:07,L-N03_m-qwen2.5-72b_sol1_gd1_rs0_bd1_str-lenient_t00_n1,298,4,1,Qwen/Qwen2.5-72B-Instruct,1,0,1,1,lenient,0.0,0.0,0.0
2026-05-24 00:24:19,L-N03_m-qwen2.5-72b_sol1_gd1_rs0_bd1_str-lenient_t00_n1,299,1,1,Qwen/Qwen2.5-72B-Instruct,1,0,1,1,lenient,0.0,8.5,0.0
2026-05-24 00:24:38,L-N03_m-qwen2.5-72b_sol1_gd1_rs0_bd1_str-lenient_t00_n1,299,2,1,Qwen/Qwen2.5-72B-Instruct,1,0,1,1,lenient,0.0,7.5,0.0
2026-05-24 00:24:55,L-N03_m-qwen2.5-72b_sol1_gd1_rs0_bd1_str-lenient_t00_n1,299,3,1,Qwen/Qwen2.5-72B-Instruct,1,0,1,1,lenient,0.0,9.0,0.0
2026-05-24 00:25:09,L-N03_m-qwen2.5-72b_sol1_gd1_rs0_bd1_str-lenient_t00_n1,300,1,1,Qwen/Qwen2.5-72B-Instruct,1,0,1,1,lenient,0.0,11.5,0.0
2026-05-24 00:25:20,L-N03_m-qwen2.5-72b_sol1_gd1_rs0_bd1_str-lenient_t00_n1,300,2,1,Qwen/Qwen2.5-72B-Instruct,1,0,1,1,lenient,0.0,9.5,0.0
2026-05-24 00:25:31,L-N03_m-qwen2.5-72b_sol1_gd1_rs0_bd1_str-lenient_t00_n1,300,3,1,Qwen/Qwen2.5-72B-Instruct,1,0,1,1,lenient,0.0,11.0,0.0
2026-05-24 00:25:35,L-N03_m-qwen2.5-72b_sol1_gd1_rs0_bd1_str-lenient_t00_n1,300,4,1,Qwen/Qwen2.5-72B-Instruct,1,0,1,1,lenient,0.0,0.0,0.0
2026-05-24 00:25:47,L-N03_m-qwen2.5-72b_sol1_gd1_rs0_bd1_str-lenient_t00_n1,301,1,1,Qwen/Qwen2.5-72B-Instruct,1,0,1,1,lenient,0.0,7.5,0.0
2026-05-24 00:26:00,L-N03_m-qwen2.5-72b_sol1_gd1_rs0_bd1_str-lenient_t00_n1,301,2,1,Qwen/Qwen2.5-72B-Instruct,1,0,1,1,lenient,0.0,10.0,0.0
2026-05-24 00:26:14,L-N03_m-qwen2.5-72b_sol1_gd1_rs0_bd1_str-lenient_t00_n1,302,1,1,Qwen/Qwen2.5-72B-Instruct,1,0,1,1,lenient,0.0,9.5,0.0
2026-05-24 00:26:27,L-N03_m-qwen2.5-72b_sol1_gd1_rs0_bd1_str-lenient_t00_n1,302,2,1,Qwen/Qwen2.5-72B-Instruct,1,0,1,1,lenient,0.0,10.0,0.0
2026-05-24 00:26:37,L-N03_m-qwen2.5-72b_sol1_gd1_rs0_bd1_str-lenient_t00_n1,302,3,1,Qwen/Qwen2.5-72B-Instruct,1,0,1,1,lenient,0.0,11.5,0.0
2026-05-24 00:26:43,L-N03_m-qwen2.5-72b_sol1_gd1_rs0_bd1_str-lenient_t00_n1,302,4,1,Qwen/Qwen2.5-72B-Instruct,1,0,1,1,lenient,0.0,0.0,0.0
2026-05-24 00:27:03,L-N03_m-qwen2.5-72b_sol1_gd1_rs0_bd1_str-lenient_t00_n1,303,1,1,Qwen/Qwen2.5-72B-Instruct,1,0,1,1,lenient,0.0,11.5,3.0
2026-05-24 00:27:16,L-N03_m-qwen2.5-72b_sol1_gd1_rs0_bd1_str-lenient_t00_n1,303,2,1,Qwen/Qwen2.5-72B-Instruct,1,0,1,1,lenient,0.0,9.5,3.0
2026-05-24 00:27:28,L-N03_m-qwen2.5-72b_sol1_gd1_rs0_bd1_str-lenient_t00_n1,303,3,1,Qwen/Qwen2.5-72B-Instruct,1,0,1,1,lenient,0.0,11.5,0.0
2026-05-24 00:27:51,L-N03_m-qwen2.5-72b_sol1_gd1_rs0_bd1_str-lenient_t00_n1,304,1,1,Qwen/Qwen2.5-72B-Instruct,1,0,1,1,lenient,0.0,9.5,0.0
2026-05-24 00:28:03,L-N03_m-qwen2.5-72b_sol1_gd1_rs0_bd1_str-lenient_t00_n1,304,2,1,Qwen/Qwen2.5-72B-Instruct,1,0,1,1,lenient,0.0,7.5,0.0
2026-05-24 00:28:20,L-N03_m-qwen2.5-72b_sol1_gd1_rs0_bd1_str-lenient_t00_n1,304,3,1,Qwen/Qwen2.5-72B-Instruct,1,0,1,1,lenient,0.0,9.0,0.0
2026-05-24 00:28:34,L-N03_m-qwen2.5-72b_sol1_gd1_rs0_bd1_str-lenient_t00_n1,305,1,1,Qwen/Qwen2.5-72B-Instruct,1,0,1,1,lenient,0.0,10.5,0.0
2026-05-24 00:28:54,L-N03_m-qwen2.5-72b_sol1_gd1_rs0_bd1_str-lenient_t00_n1,305,2,1,Qwen/Qwen2.5-72B-Instruct,1,0,1,1,lenient,0.0,8.5,0.0
2026-05-24 00:29:10,L-N03_m-qwen2.5-72b_sol1_gd1_rs0_bd1_str-lenient_t00_n1,305,3,1,Qwen/Qwen2.5-72B-Instruct,1,0,1,1,lenient,0.0,7.5,0.0
2026-05-24 00:29:23,L-N03_m-qwen2.5-72b_sol1_gd1_rs0_bd1_str-lenient_t00_n1,306,1,1,Qwen/Qwen2.5-72B-Instruct,1,0,1,1,lenient,0.0,7.5,0.0
2026-05-24 00:29:36,L-N03_m-qwen2.5-72b_sol1_gd1_rs0_bd1_str-lenient_t00_n1,306,2,1,Qwen/Qwen2.5-72B-Instruct,1,0,1,1,lenient,0.0,9.5,0.0
2026-05-24 00:29:47,L-N03_m-qwen2.5-72b_sol1_gd1_rs0_bd1_str-lenient_t00_n1,306,3,1,Qwen/Qwen2.5-72B-Instruct,1,0,1,1,lenient,0.0,9.0,0.0
2026-05-24 00:30:07,L-N03_m-qwen2.5-72b_sol1_gd1_rs0_bd1_str-lenient_t00_n1,307,1,1,Qwen/Qwen2.5-72B-Instruct,1,0,1,1,lenient,0.0,9.5,0.0
2026-05-24 00:30:21,L-N03_m-qwen2.5-72b_sol1_gd1_rs0_bd1_str-lenient_t00_n1,307,2,1,Qwen/Qwen2.5-72B-Instruct,1,0,1,1,lenient,0.0,9.5,0.0
2026-05-24 00:30:32,L-N03_m-qwen2.5-72b_sol1_gd1_rs0_bd1_str-lenient_t00_n1,307,3,1,Qwen/Qwen2.5-72B-Instruct,1,0,1,1,lenient,0.0,9.0,0.0
2026-05-24 00:30:37,L-N03_m-qwen2.5-72b_sol1_gd1_rs0_bd1_str-lenient_t00_n1,307,4,1,Qwen/Qwen2.5-72B-Instruct,1,0,1,1,lenient,0.0,0.0,0.0
2026-05-24 00:30:50,L-N03_m-qwen2.5-72b_sol1_gd1_rs0_bd1_str-lenient_t00_n1,308,1,1,Qwen/Qwen2.5-72B-Instruct,1,0,1,1,lenient,0.0,11.5,0.0
2026-05-24 00:31:02,L-N03_m-qwen2.5-72b_sol1_gd1_rs0_bd1_str-lenient_t00_n1,308,2,1,Qwen/Qwen2.5-72B-Instruct,1,0,1,1,lenient,0.0,10.0,0.0
2026-05-24 00:31:15,L-N03_m-qwen2.5-72b_sol1_gd1_rs0_bd1_str-lenient_t00_n1,309,1,1,Qwen/Qwen2.5-72B-Instruct,1,0,1,1,lenient,0.0,11.5,0.0
2026-05-24 00:31:27,L-N03_m-qwen2.5-72b_sol1_gd1_rs0_bd1_str-lenient_t00_n1,309,2,1,Qwen/Qwen2.5-72B-Instruct,1,0,1,1,lenient,0.0,10.0,0.0
2026-05-24 00:31:36,L-N03_m-qwen2.5-72b_sol1_gd1_rs0_bd1_str-lenient_t00_n1,309,3,1,Qwen/Qwen2.5-72B-Instruct,1,0,1,1,lenient,0.0,11.5,0.0
2026-05-24 00:31:50,L-N03_m-qwen2.5-72b_sol1_gd1_rs0_bd1_str-lenient_t00_n1,310,1,1,Qwen/Qwen2.5-72B-Instruct,1,0,1,1,lenient,0.0,10.5,0.0
2026-05-24 00:32:01,L-N03_m-qwen2.5-72b_sol1_gd1_rs0_bd1_str-lenient_t00_n1,310,2,1,Qwen/Qwen2.5-72B-Instruct,1,0,1,1,lenient,0.0,10.0,0.0
2026-05-24 00:32:12,L-N03_m-qwen2.5-72b_sol1_gd1_rs0_bd1_str-lenient_t00_n1,310,3,1,Qwen/Qwen2.5-72B-Instruct,1,0,1,1,lenient,0.0,10.5,0.0
2026-05-24 00:32:26,L-N03_m-qwen2.5-72b_sol1_gd1_rs0_bd1_str-lenient_t00_n1,311,1,1,Qwen/Qwen2.5-72B-Instruct,1,0,1,1,lenient,0.0,9.5,0.0
2026-05-24 00:32:39,L-N03_m-qwen2.5-72b_sol1_gd1_rs0_bd1_str-lenient_t00_n1,311,2,1,Qwen/Qwen2.5-72B-Instruct,1,0,1,1,lenient,0.0,9.5,0.0
2026-05-24 00:32:50,L-N03_m-qwen2.5-72b_sol1_gd1_rs0_bd1_str-lenient_t00_n1,311,3,1,Qwen/Qwen2.5-72B-Instruct,1,0,1,1,lenient,0.0,11.0,0.0
2026-05-24 00:33:03,L-N03_m-qwen2.5-72b_sol1_gd1_rs0_bd1_str-lenient_t00_n1,312,1,1,Qwen/Qwen2.5-72B-Instruct,1,0,1,1,lenient,0.0,11.5,0.0
2026-05-24 00:33:16,L-N03_m-qwen2.5-72b_sol1_gd1_rs0_bd1_str-lenient_t00_n1,312,2,1,Qwen/Qwen2.5-72B-Instruct,1,0,1,1,lenient,0.0,10.0,0.0
2026-05-24 00:33:26,L-N03_m-qwen2.5-72b_sol1_gd1_rs0_bd1_str-lenient_t00_n1,312,3,1,Qwen/Qwen2.5-72B-Instruct,1,0,1,1,lenient,0.0,11.5,0.0
2026-05-24 00:33:48,L-N03_m-qwen2.5-72b_sol1_gd1_rs0_bd1_str-lenient_t00_n1,313,1,1,Qwen/Qwen2.5-72B-Instruct,1,0,1,1,lenient,0.0,11.5,2.0
2026-05-24 00:34:01,L-N03_m-qwen2.5-72b_sol1_gd1_rs0_bd1_str-lenient_t00_n1,313,2,1,Qwen/Qwen2.5-72B-Instruct,1,0,1,1,lenient,0.0,9.0,2.0
2026-05-24 00:34:11,L-N03_m-qwen2.5-72b_sol1_gd1_rs0_bd1_str-lenient_t00_n1,313,3,1,Qwen/Qwen2.5-72B-Instruct,1,0,1,1,lenient,0.0,11.5,0.0
2026-05-24 00:34:24,L-N03_m-qwen2.5-72b_sol1_gd1_rs0_bd1_str-lenient_t00_n1,314,1,1,Qwen/Qwen2.5-72B-Instruct,1,0,1,1,lenient,0.0,8.5,0.0
2026-05-24 00:34:36,L-N03_m-qwen2.5-72b_sol1_gd1_rs0_bd1_str-lenient_t00_n1,314,2,1,Qwen/Qwen2.5-72B-Instruct,1,0,1,1,lenient,0.0,9.0,0.0
2026-05-24 00:34:52,L-N03_m-qwen2.5-72b_sol1_gd1_rs0_bd1_str-lenient_t00_n1,314,3,1,Qwen/Qwen2.5-72B-Instruct,1,0,1,1,lenient,0.0,7.5,0.0
2026-05-24 00:35:05,L-N03_m-qwen2.5-72b_sol1_gd1_rs0_bd1_str-lenient_t00_n1,315,1,1,Qwen/Qwen2.5-72B-Instruct,1,0,1,1,lenient,0.0,11.5,0.0
2026-05-24 00:35:17,L-N03_m-qwen2.5-72b_sol1_gd1_rs0_bd1_str-lenient_t00_n1,315,2,1,Qwen/Qwen2.5-72B-Instruct,1,0,1,1,lenient,0.0,9.5,0.0
2026-05-24 00:35:33,L-N03_m-qwen2.5-72b_sol1_gd1_rs0_bd1_str-lenient_t00_n1,315,3,1,Qwen/Qwen2.5-72B-Instruct,1,0,1,1,lenient,0.0,10.5,0.0
2026-05-24 00:35:46,L-N03_m-qwen2.5-72b_sol1_gd1_rs0_bd1_str-lenient_t00_n1,316,1,1,Qwen/Qwen2.5-72B-Instruct,1,0,1,1,lenient,0.0,11.5,0.0
2026-05-24 00:35:57,L-N03_m-qwen2.5-72b_sol1_gd1_rs0_bd1_str-lenient_t00_n1,316,2,1,Qwen/Qwen2.5-72B-Instruct,1,0,1,1,lenient,0.0,11.0,4.0
2026-05-24 00:36:08,L-N03_m-qwen2.5-72b_sol1_gd1_rs0_bd1_str-lenient_t00_n1,316,3,1,Qwen/Qwen2.5-72B-Instruct,1,0,1,1,lenient,0.0,11.5,0.0
2026-05-24 00:36:22,L-N03_m-qwen2.5-72b_sol1_gd1_rs0_bd1_str-lenient_t00_n1,317,1,1,Qwen/Qwen2.5-72B-Instruct,1,0,1,1,lenient,0.0,11.5,0.0
2026-05-24 00:36:34,L-N03_m-qwen2.5-72b_sol1_gd1_rs0_bd1_str-lenient_t00_n1,317,2,1,Qwen/Qwen2.5-72B-Instruct,1,0,1,1,lenient,0.0,9.5,0.0
2026-05-24 00:36:44,L-N03_m-qwen2.5-72b_sol1_gd1_rs0_bd1_str-lenient_t00_n1,317,3,1,Qwen/Qwen2.5-72B-Instruct,1,0,1,1,lenient,0.0,11.5,0.0
2026-05-24 00:36:57,L-N03_m-qwen2.5-72b_sol1_gd1_rs0_bd1_str-lenient_t00_n1,318,1,1,Qwen/Qwen2.5-72B-Instruct,1,0,1,1,lenient,0.0,11.5,0.0
2026-05-24 00:37:09,L-N03_m-qwen2.5-72b_sol1_gd1_rs0_bd1_str-lenient_t00_n1,318,2,1,Qwen/Qwen2.5-72B-Instruct,1,0,1,1,lenient,0.0,9.5,0.0
2026-05-24 00:37:20,L-N03_m-qwen2.5-72b_sol1_gd1_rs0_bd1_str-lenient_t00_n1,318,3,1,Qwen/Qwen2.5-72B-Instruct,1,0,1,1,lenient,0.0,11.5,0.0
2026-05-24 00:37:24,L-N03_m-qwen2.5-72b_sol1_gd1_rs0_bd1_str-lenient_t00_n1,318,4,1,Qwen/Qwen2.5-72B-Instruct,1,0,1,1,lenient,0.0,0.0,0.0
2026-05-24 00:37:37,L-N03_m-qwen2.5-72b_sol1_gd1_rs0_bd1_str-lenient_t00_n1,319,1,1,Qwen/Qwen2.5-72B-Instruct,1,0,1,1,lenient,0.0,9.5,0.0
2026-05-24 00:37:49,L-N03_m-qwen2.5-72b_sol1_gd1_rs0_bd1_str-lenient_t00_n1,319,2,1,Qwen/Qwen2.5-72B-Instruct,1,0,1,1,lenient,0.0,9.5,0.0
2026-05-24 00:38:00,L-N03_m-qwen2.5-72b_sol1_gd1_rs0_bd1_str-lenient_t00_n1,319,3,1,Qwen/Qwen2.5-72B-Instruct,1,0,1,1,lenient,0.0,11.0,0.0
2026-05-24 00:38:14,L-N03_m-qwen2.5-72b_sol1_gd1_rs0_bd1_str-lenient_t00_n1,320,1,1,Qwen/Qwen2.5-72B-Instruct,1,0,1,1,lenient,0.0,11.5,0.0
2026-05-24 00:38:25,L-N03_m-qwen2.5-72b_sol1_gd1_rs0_bd1_str-lenient_t00_n1,320,2,1,Qwen/Qwen2.5-72B-Instruct,1,0,1,1,lenient,0.0,8.5,0.0
2026-05-24 00:38:36,L-N03_m-qwen2.5-72b_sol1_gd1_rs0_bd1_str-lenient_t00_n1,320,3,1,Qwen/Qwen2.5-72B-Instruct,1,0,1,1,lenient,0.0,11.0,0.0
2026-05-24 00:38:49,L-N03_m-qwen2.5-72b_sol1_gd1_rs0_bd1_str-lenient_t00_n1,321,1,1,Qwen/Qwen2.5-72B-Instruct,1,0,1,1,lenient,0.0,11.5,0.0
2026-05-24 00:39:01,L-N03_m-qwen2.5-72b_sol1_gd1_rs0_bd1_str-lenient_t00_n1,321,2,1,Qwen/Qwen2.5-72B-Instruct,1,0,1,1,lenient,0.0,9.0,0.0
2026-05-24 00:39:11,L-N03_m-qwen2.5-72b_sol1_gd1_rs0_bd1_str-lenient_t00_n1,321,3,1,Qwen/Qwen2.5-72B-Instruct,1,0,1,1,lenient,0.0,11.0,0.0
2026-05-24 00:39:25,L-N03_m-qwen2.5-72b_sol1_gd1_rs0_bd1_str-lenient_t00_n1,322,1,1,Qwen/Qwen2.5-72B-Instruct,1,0,1,1,lenient,0.0,10.5,0.0
2026-05-24 00:39:36,L-N03_m-qwen2.5-72b_sol1_gd1_rs0_bd1_str-lenient_t00_n1,322,2,1,Qwen/Qwen2.5-72B-Instruct,1,0,1,1,lenient,0.0,10.0,3.0
2026-05-24 00:39:52,L-N03_m-qwen2.5-72b_sol1_gd1_rs0_bd1_str-lenient_t00_n1,322,3,1,Qwen/Qwen2.5-72B-Instruct,1,0,1,1,lenient,0.0,9.0,0.0
2026-05-24 00:39:57,L-N03_m-qwen2.5-72b_sol1_gd1_rs0_bd1_str-lenient_t00_n1,322,4,1,Qwen/Qwen2.5-72B-Instruct,1,0,1,1,lenient,0.0,0.0,0.0
2026-05-24 00:40:11,L-N03_m-qwen2.5-72b_sol1_gd1_rs0_bd1_str-lenient_t00_n1,323,1,1,Qwen/Qwen2.5-72B-Instruct,1,0,1,1,lenient,0.0,11.5,0.0
2026-05-24 00:40:23,L-N03_m-qwen2.5-72b_sol1_gd1_rs0_bd1_str-lenient_t00_n1,323,2,1,Qwen/Qwen2.5-72B-Instruct,1,0,1,1,lenient,0.0,9.5,0.0
2026-05-24 00:40:34,L-N03_m-qwen2.5-72b_sol1_gd1_rs0_bd1_str-lenient_t00_n1,323,3,1,Qwen/Qwen2.5-72B-Instruct,1,0,1,1,lenient,0.0,11.5,0.0
2026-05-24 00:40:45,L-N03_m-qwen2.5-72b_sol1_gd1_rs0_bd1_str-lenient_t00_n1,324,1,1,Qwen/Qwen2.5-72B-Instruct,1,0,1,1,lenient,0.0,7.5,0.0
2026-05-24 00:40:59,L-N03_m-qwen2.5-72b_sol1_gd1_rs0_bd1_str-lenient_t00_n1,324,2,1,Qwen/Qwen2.5-72B-Instruct,1,0,1,1,lenient,0.0,9.0,0.0
2026-05-24 00:41:09,L-N03_m-qwen2.5-72b_sol1_gd1_rs0_bd1_str-lenient_t00_n1,324,3,1,Qwen/Qwen2.5-72B-Instruct,1,0,1,1,lenient,0.0,11.5,0.0
2026-05-24 00:41:23,L-N03_m-qwen2.5-72b_sol1_gd1_rs0_bd1_str-lenient_t00_n1,325,1,1,Qwen/Qwen2.5-72B-Instruct,1,0,1,1,lenient,0.0,10.5,0.0
2026-05-24 00:41:35,L-N03_m-qwen2.5-72b_sol1_gd1_rs0_bd1_str-lenient_t00_n1,325,2,1,Qwen/Qwen2.5-72B-Instruct,1,0,1,1,lenient,0.0,8.5,0.0
2026-05-24 00:41:49,L-N03_m-qwen2.5-72b_sol1_gd1_rs0_bd1_str-lenient_t00_n1,325,3,1,Qwen/Qwen2.5-72B-Instruct,1,0,1,1,lenient,0.0,11.0,0.0
2026-05-24 00:42:02,L-N03_m-qwen2.5-72b_sol1_gd1_rs0_bd1_str-lenient_t00_n1,326,1,1,Qwen/Qwen2.5-72B-Instruct,1,0,1,1,lenient,0.0,9.0,0.0
2026-05-24 00:42:15,L-N03_m-qwen2.5-72b_sol1_gd1_rs0_bd1_str-lenient_t00_n1,326,2,1,Qwen/Qwen2.5-72B-Instruct,1,0,1,1,lenient,0.0,7.5,0.0
2026-05-24 00:42:30,L-N03_m-qwen2.5-72b_sol1_gd1_rs0_bd1_str-lenient_t00_n1,326,3,1,Qwen/Qwen2.5-72B-Instruct,1,0,1,1,lenient,0.0,9.0,0.0
2026-05-24 00:42:34,L-N03_m-qwen2.5-72b_sol1_gd1_rs0_bd1_str-lenient_t00_n1,326,4,1,Qwen/Qwen2.5-72B-Instruct,1,0,1,1,lenient,0.0,0.0,0.0
2026-05-24 00:42:46,L-N03_m-qwen2.5-72b_sol1_gd1_rs0_bd1_str-lenient_t00_n1,327,1,1,Qwen/Qwen2.5-72B-Instruct,1,0,1,1,lenient,0.0,9.5,0.0
2026-05-24 00:42:57,L-N03_m-qwen2.5-72b_sol1_gd1_rs0_bd1_str-lenient_t00_n1,327,2,1,Qwen/Qwen2.5-72B-Instruct,1,0,1,1,lenient,0.0,8.5,0.0
2026-05-24 00:43:14,L-N03_m-qwen2.5-72b_sol1_gd1_rs0_bd1_str-lenient_t00_n1,327,3,1,Qwen/Qwen2.5-72B-Instruct,1,0,1,1,lenient,0.0,9.0,0.0
2026-05-24 00:43:19,L-N03_m-qwen2.5-72b_sol1_gd1_rs0_bd1_str-lenient_t00_n1,327,4,1,Qwen/Qwen2.5-72B-Instruct,1,0,1,1,lenient,0.0,0.0,0.0
2026-05-24 00:43:43,L-N03_m-qwen2.5-72b_sol1_gd1_rs0_bd1_str-lenient_t00_n1,328,1,1,Qwen/Qwen2.5-72B-Instruct,1,0,1,1,lenient,0.0,10.5,0.0
2026-05-24 00:43:56,L-N03_m-qwen2.5-72b_sol1_gd1_rs0_bd1_str-lenient_t00_n1,328,2,1,Qwen/Qwen2.5-72B-Instruct,1,0,1,1,lenient,0.0,10.0,0.0
2026-05-24 00:44:13,L-N03_m-qwen2.5-72b_sol1_gd1_rs0_bd1_str-lenient_t00_n1,328,3,1,Qwen/Qwen2.5-72B-Instruct,1,0,1,1,lenient,0.0,9.0,0.0
2026-05-24 00:44:26,L-N03_m-qwen2.5-72b_sol1_gd1_rs0_bd1_str-lenient_t00_n1,329,1,1,Qwen/Qwen2.5-72B-Instruct,1,0,1,1,lenient,0.0,11.5,0.0
2026-05-24 00:44:38,L-N03_m-qwen2.5-72b_sol1_gd1_rs0_bd1_str-lenient_t00_n1,329,2,1,Qwen/Qwen2.5-72B-Instruct,1,0,1,1,lenient,0.0,9.5,0.0
2026-05-24 00:44:49,L-N03_m-qwen2.5-72b_sol1_gd1_rs0_bd1_str-lenient_t00_n1,329,3,1,Qwen/Qwen2.5-72B-Instruct,1,0,1,1,lenient,0.0,11.5,0.0
2026-05-24 00:44:55,L-N03_m-qwen2.5-72b_sol1_gd1_rs0_bd1_str-lenient_t00_n1,329,4,1,Qwen/Qwen2.5-72B-Instruct,1,0,1,1,lenient,0.0,5.0,0.0
2026-05-24 00:45:07,L-N03_m-qwen2.5-72b_sol1_gd1_rs0_bd1_str-lenient_t00_n1,330,1,1,Qwen/Qwen2.5-72B-Instruct,1,0,1,1,lenient,0.0,11.5,0.0
2026-05-24 00:45:20,L-N03_m-qwen2.5-72b_sol1_gd1_rs0_bd1_str-lenient_t00_n1,330,2,1,Qwen/Qwen2.5-72B-Instruct,1,0,1,1,lenient,0.0,8.5,0.0
2026-05-24 00:45:29,L-N03_m-qwen2.5-72b_sol1_gd1_rs0_bd1_str-lenient_t00_n1,330,3,1,Qwen/Qwen2.5-72B-Instruct,1,0,1,1,lenient,0.0,3.0,0.0
2026-05-24 00:45:42,L-N03_m-qwen2.5-72b_sol1_gd1_rs0_bd1_str-lenient_t00_n1,331,1,1,Qwen/Qwen2.5-72B-Instruct,1,0,1,1,lenient,0.0,11.5,3.0
2026-05-24 00:45:55,L-N03_m-qwen2.5-72b_sol1_gd1_rs0_bd1_str-lenient_t00_n1,331,2,1,Qwen/Qwen2.5-72B-Instruct,1,0,1,1,lenient,0.0,10.0,3.0
2026-05-24 00:46:11,L-N03_m-qwen2.5-72b_sol1_gd1_rs0_bd1_str-lenient_t00_n1,331,3,1,Qwen/Qwen2.5-72B-Instruct,1,0,1,1,lenient,0.0,9.0,0.0
2026-05-24 00:46:15,L-N03_m-qwen2.5-72b_sol1_gd1_rs0_bd1_str-lenient_t00_n1,331,4,1,Qwen/Qwen2.5-72B-Instruct,1,0,1,1,lenient,0.0,0.0,0.0
2026-05-24 00:46:29,L-N03_m-qwen2.5-72b_sol1_gd1_rs0_bd1_str-lenient_t00_n1,332,1,1,Qwen/Qwen2.5-72B-Instruct,1,0,1,1,lenient,0.0,9.5,0.0
2026-05-24 00:46:41,L-N03_m-qwen2.5-72b_sol1_gd1_rs0_bd1_str-lenient_t00_n1,332,2,1,Qwen/Qwen2.5-72B-Instruct,1,0,1,1,lenient,0.0,9.5,0.0
2026-05-24 00:46:52,L-N03_m-qwen2.5-72b_sol1_gd1_rs0_bd1_str-lenient_t00_n1,332,3,1,Qwen/Qwen2.5-72B-Instruct,1,0,1,1,lenient,0.0,11.0,0.0
2026-05-24 00:47:11,L-N03_m-qwen2.5-72b_sol1_gd1_rs0_bd1_str-lenient_t00_n1,333,1,1,Qwen/Qwen2.5-72B-Instruct,1,0,1,1,lenient,0.0,6.5,0.0
2026-05-24 00:47:23,L-N03_m-qwen2.5-72b_sol1_gd1_rs0_bd1_str-lenient_t00_n1,333,2,1,Qwen/Qwen2.5-72B-Instruct,1,0,1,1,lenient,0.0,2.5,0.0
2026-05-24 00:47:43,L-N03_m-qwen2.5-72b_sol1_gd1_rs0_bd1_str-lenient_t00_n1,333,3,1,Qwen/Qwen2.5-72B-Instruct,1,0,1,1,lenient,0.0,4.5,0.0
2026-05-24 00:47:56,L-N03_m-qwen2.5-72b_sol1_gd1_rs0_bd1_str-lenient_t00_n1,334,1,1,Qwen/Qwen2.5-72B-Instruct,1,0,1,1,lenient,0.0,11.5,0.0
2026-05-24 00:48:07,L-N03_m-qwen2.5-72b_sol1_gd1_rs0_bd1_str-lenient_t00_n1,334,2,1,Qwen/Qwen2.5-72B-Instruct,1,0,1,1,lenient,0.0,8.5,0.0
2026-05-24 00:48:27,L-N03_m-qwen2.5-72b_sol1_gd1_rs0_bd1_str-lenient_t00_n1,334,3,1,Qwen/Qwen2.5-72B-Instruct,1,0,1,1,lenient,0.0,9.0,0.0
2026-05-24 00:48:40,L-N03_m-qwen2.5-72b_sol1_gd1_rs0_bd1_str-lenient_t00_n1,335,1,1,Qwen/Qwen2.5-72B-Instruct,1,0,1,1,lenient,0.0,11.5,0.0
2026-05-24 00:48:51,L-N03_m-qwen2.5-72b_sol1_gd1_rs0_bd1_str-lenient_t00_n1,335,2,1,Qwen/Qwen2.5-72B-Instruct,1,0,1,1,lenient,0.0,10.0,0.0
2026-05-24 00:49:07,L-N03_m-qwen2.5-72b_sol1_gd1_rs0_bd1_str-lenient_t00_n1,335,3,1,Qwen/Qwen2.5-72B-Instruct,1,0,1,1,lenient,0.0,9.0,0.0
2026-05-24 00:49:21,L-N03_m-qwen2.5-72b_sol1_gd1_rs0_bd1_str-lenient_t00_n1,336,1,1,Qwen/Qwen2.5-72B-Instruct,1,0,1,1,lenient,0.0,11.5,0.0
2026-05-24 00:49:33,L-N03_m-qwen2.5-72b_sol1_gd1_rs0_bd1_str-lenient_t00_n1,336,2,1,Qwen/Qwen2.5-72B-Instruct,1,0,1,1,lenient,0.0,9.5,0.0
2026-05-24 00:49:44,L-N03_m-qwen2.5-72b_sol1_gd1_rs0_bd1_str-lenient_t00_n1,336,3,1,Qwen/Qwen2.5-72B-Instruct,1,0,1,1,lenient,0.0,11.5,0.0
2026-05-24 00:49:49,L-N03_m-qwen2.5-72b_sol1_gd1_rs0_bd1_str-lenient_t00_n1,336,4,1,Qwen/Qwen2.5-72B-Instruct,1,0,1,1,lenient,0.0,0.0,0.0
2026-05-24 00:50:01,L-N03_m-qwen2.5-72b_sol1_gd1_rs0_bd1_str-lenient_t00_n1,337,1,1,Qwen/Qwen2.5-72B-Instruct,1,0,1,1,lenient,0.0,11.5,0.0
2026-05-24 00:50:13,L-N03_m-qwen2.5-72b_sol1_gd1_rs0_bd1_str-lenient_t00_n1,337,2,1,Qwen/Qwen2.5-72B-Instruct,1,0,1,1,lenient,0.0,10.0,0.0
2026-05-24 00:50:23,L-N03_m-qwen2.5-72b_sol1_gd1_rs0_bd1_str-lenient_t00_n1,337,3,1,Qwen/Qwen2.5-72B-Instruct,1,0,1,1,lenient,0.0,2.0,0.0
2026-05-24 00:50:26,L-N03_m-qwen2.5-72b_sol1_gd1_rs0_bd1_str-lenient_t00_n1,337,4,1,Qwen/Qwen2.5-72B-Instruct,1,0,1,1,lenient,0.0,0.0,0.0
2026-05-24 00:50:50,L-N03_m-qwen2.5-72b_sol1_gd1_rs0_bd1_str-lenient_t00_n1,338,1,1,Qwen/Qwen2.5-72B-Instruct,1,0,1,1,lenient,0.0,10.5,0.0
2026-05-24 00:51:01,L-N03_m-qwen2.5-72b_sol1_gd1_rs0_bd1_str-lenient_t00_n1,338,2,1,Qwen/Qwen2.5-72B-Instruct,1,0,1,1,lenient,0.0,10.0,2.0
2026-05-24 00:51:17,L-N03_m-qwen2.5-72b_sol1_gd1_rs0_bd1_str-lenient_t00_n1,338,3,1,Qwen/Qwen2.5-72B-Instruct,1,0,1,1,lenient,0.0,9.0,0.0
2026-05-24 00:51:21,L-N03_m-qwen2.5-72b_sol1_gd1_rs0_bd1_str-lenient_t00_n1,338,4,1,Qwen/Qwen2.5-72B-Instruct,1,0,1,1,lenient,0.0,0.0,0.0
2026-05-24 00:51:34,L-N03_m-qwen2.5-72b_sol1_gd1_rs0_bd1_str-lenient_t00_n1,339,1,1,Qwen/Qwen2.5-72B-Instruct,1,0,1,1,lenient,0.0,11.5,0.0
2026-05-24 00:51:46,L-N03_m-qwen2.5-72b_sol1_gd1_rs0_bd1_str-lenient_t00_n1,339,2,1,Qwen/Qwen2.5-72B-Instruct,1,0,1,1,lenient,0.0,10.0,0.0
2026-05-24 00:51:57,L-N03_m-qwen2.5-72b_sol1_gd1_rs0_bd1_str-lenient_t00_n1,339,3,1,Qwen/Qwen2.5-72B-Instruct,1,0,1,1,lenient,0.0,11.5,0.0
2026-05-24 00:52:10,L-N03_m-qwen2.5-72b_sol1_gd1_rs0_bd1_str-lenient_t00_n1,340,1,1,Qwen/Qwen2.5-72B-Instruct,1,0,1,1,lenient,0.0,11.5,0.0
2026-05-24 00:52:22,L-N03_m-qwen2.5-72b_sol1_gd1_rs0_bd1_str-lenient_t00_n1,340,2,1,Qwen/Qwen2.5-72B-Instruct,1,0,1,1,lenient,0.0,10.5,3.0
2026-05-24 00:52:33,L-N03_m-qwen2.5-72b_sol1_gd1_rs0_bd1_str-lenient_t00_n1,340,3,1,Qwen/Qwen2.5-72B-Instruct,1,0,1,1,lenient,0.0,11.0,0.0
2026-05-24 00:52:54,L-N03_m-qwen2.5-72b_sol1_gd1_rs0_bd1_str-lenient_t00_n1,341,1,1,Qwen/Qwen2.5-72B-Instruct,1,0,1,1,lenient,0.0,10.5,0.0
2026-05-24 00:53:06,L-N03_m-qwen2.5-72b_sol1_gd1_rs0_bd1_str-lenient_t00_n1,341,2,1,Qwen/Qwen2.5-72B-Instruct,1,0,1,1,lenient,0.0,8.5,0.0
2026-05-24 00:53:23,L-N03_m-qwen2.5-72b_sol1_gd1_rs0_bd1_str-lenient_t00_n1,341,3,1,Qwen/Qwen2.5-72B-Instruct,1,0,1,1,lenient,0.0,9.0,0.0
2026-05-24 00:53:37,L-N03_m-qwen2.5-72b_sol1_gd1_rs0_bd1_str-lenient_t00_n1,342,1,1,Qwen/Qwen2.5-72B-Instruct,1,0,1,1,lenient,0.0,9.5,0.0
2026-05-24 00:53:49,L-N03_m-qwen2.5-72b_sol1_gd1_rs0_bd1_str-lenient_t00_n1,342,2,1,Qwen/Qwen2.5-72B-Instruct,1,0,1,1,lenient,0.0,8.5,0.0
2026-05-24 00:54:04,L-N03_m-qwen2.5-72b_sol1_gd1_rs0_bd1_str-lenient_t00_n1,342,3,1,Qwen/Qwen2.5-72B-Instruct,1,0,1,1,lenient,0.0,9.0,0.0
2026-05-24 00:54:17,L-N03_m-qwen2.5-72b_sol1_gd1_rs0_bd1_str-lenient_t00_n1,343,1,1,Qwen/Qwen2.5-72B-Instruct,1,0,1,1,lenient,0.0,11.5,0.0
2026-05-24 00:54:28,L-N03_m-qwen2.5-72b_sol1_gd1_rs0_bd1_str-lenient_t00_n1,343,2,1,Qwen/Qwen2.5-72B-Instruct,1,0,1,1,lenient,0.0,10.0,0.0
2026-05-24 00:54:38,L-N03_m-qwen2.5-72b_sol1_gd1_rs0_bd1_str-lenient_t00_n1,343,3,1,Qwen/Qwen2.5-72B-Instruct,1,0,1,1,lenient,0.0,10.5,0.0
2026-05-24 00:54:44,L-N03_m-qwen2.5-72b_sol1_gd1_rs0_bd1_str-lenient_t00_n1,343,4,1,Qwen/Qwen2.5-72B-Instruct,1,0,1,1,lenient,0.0,5.0,0.0
2026-05-24 00:55:06,L-N03_m-qwen2.5-72b_sol1_gd1_rs0_bd1_str-lenient_t00_n1,344,1,1,Qwen/Qwen2.5-72B-Instruct,1,0,1,1,lenient,0.0,10.5,3.0
2026-05-24 00:55:18,L-N03_m-qwen2.5-72b_sol1_gd1_rs0_bd1_str-lenient_t00_n1,344,2,1,Qwen/Qwen2.5-72B-Instruct,1,0,1,1,lenient,0.0,9.5,0.0
2026-05-24 00:55:28,L-N03_m-qwen2.5-72b_sol1_gd1_rs0_bd1_str-lenient_t00_n1,344,3,1,Qwen/Qwen2.5-72B-Instruct,1,0,1,1,lenient,0.0,11.0,0.0
2026-05-24 00:55:34,L-N03_m-qwen2.5-72b_sol1_gd1_rs0_bd1_str-lenient_t00_n1,344,4,1,Qwen/Qwen2.5-72B-Instruct,1,0,1,1,lenient,0.0,5.0,0.0
2026-05-24 00:55:47,L-N03_m-qwen2.5-72b_sol1_gd1_rs0_bd1_str-lenient_t00_n1,345,1,1,Qwen/Qwen2.5-72B-Instruct,1,0,1,1,lenient,0.0,9.5,0.0
2026-05-24 00:55:59,L-N03_m-qwen2.5-72b_sol1_gd1_rs0_bd1_str-lenient_t00_n1,345,2,1,Qwen/Qwen2.5-72B-Instruct,1,0,1,1,lenient,0.0,7.5,0.0
2026-05-24 00:56:10,L-N03_m-qwen2.5-72b_sol1_gd1_rs0_bd1_str-lenient_t00_n1,345,3,1,Qwen/Qwen2.5-72B-Instruct,1,0,1,1,lenient,0.0,11.0,0.0
2026-05-24 00:56:22,L-N03_m-qwen2.5-72b_sol1_gd1_rs0_bd1_str-lenient_t00_n1,346,1,1,Qwen/Qwen2.5-72B-Instruct,1,0,1,1,lenient,0.0,11.5,0.0
2026-05-24 00:56:35,L-N03_m-qwen2.5-72b_sol1_gd1_rs0_bd1_str-lenient_t00_n1,346,2,1,Qwen/Qwen2.5-72B-Instruct,1,0,1,1,lenient,0.0,8.5,0.0
2026-05-24 00:56:51,L-N03_m-qwen2.5-72b_sol1_gd1_rs0_bd1_str-lenient_t00_n1,346,3,1,Qwen/Qwen2.5-72B-Instruct,1,0,1,1,lenient,0.0,9.0,0.0
2026-05-24 00:56:54,L-N03_m-qwen2.5-72b_sol1_gd1_rs0_bd1_str-lenient_t00_n1,346,4,1,Qwen/Qwen2.5-72B-Instruct,1,0,1,1,lenient,0.0,0.0,0.0
2026-05-24 00:57:08,L-N03_m-qwen2.5-72b_sol1_gd1_rs0_bd1_str-lenient_t00_n1,347,1,1,Qwen/Qwen2.5-72B-Instruct,1,0,1,1,lenient,0.0,11.5,4.0
2026-05-24 00:57:19,L-N03_m-qwen2.5-72b_sol1_gd1_rs0_bd1_str-lenient_t00_n1,347,2,1,Qwen/Qwen2.5-72B-Instruct,1,0,1,1,lenient,0.0,8.5,0.0
2026-05-24 00:57:30,L-N03_m-qwen2.5-72b_sol1_gd1_rs0_bd1_str-lenient_t00_n1,347,3,1,Qwen/Qwen2.5-72B-Instruct,1,0,1,1,lenient,0.0,11.5,0.0
2026-05-24 00:57:36,L-N03_m-qwen2.5-72b_sol1_gd1_rs0_bd1_str-lenient_t00_n1,347,4,1,Qwen/Qwen2.5-72B-Instruct,1,0,1,1,lenient,0.0,5.0,0.0
2026-05-24 00:57:51,L-N03_m-qwen2.5-72b_sol1_gd1_rs0_bd1_str-lenient_t00_n1,348,1,1,Qwen/Qwen2.5-72B-Instruct,1,0,1,1,lenient,0.0,8.5,0.0
2026-05-24 00:58:04,L-N03_m-qwen2.5-72b_sol1_gd1_rs0_bd1_str-lenient_t00_n1,348,2,1,Qwen/Qwen2.5-72B-Instruct,1,0,1,1,lenient,0.0,10.0,0.0
2026-05-24 00:58:15,L-N03_m-qwen2.5-72b_sol1_gd1_rs0_bd1_str-lenient_t00_n1,348,3,1,Qwen/Qwen2.5-72B-Instruct,1,0,1,1,lenient,0.0,11.5,0.0
2026-05-24 00:58:27,L-N03_m-qwen2.5-72b_sol1_gd1_rs0_bd1_str-lenient_t00_n1,349,1,1,Qwen/Qwen2.5-72B-Instruct,1,0,1,1,lenient,0.0,11.5,0.0
2026-05-24 00:58:41,L-N03_m-qwen2.5-72b_sol1_gd1_rs0_bd1_str-lenient_t00_n1,349,2,1,Qwen/Qwen2.5-72B-Instruct,1,0,1,1,lenient,0.0,10.0,0.0
2026-05-24 00:58:55,L-N03_m-qwen2.5-72b_sol1_gd1_rs0_bd1_str-lenient_t00_n1,349,3,1,Qwen/Qwen2.5-72B-Instruct,1,0,1,1,lenient,0.0,4.5,0.0
2026-05-24 00:58:58,L-N03_m-qwen2.5-72b_sol1_gd1_rs0_bd1_str-lenient_t00_n1,349,4,1,Qwen/Qwen2.5-72B-Instruct,1,0,1,1,lenient,0.0,0.0,0.0
2026-05-24 00:59:11,L-N03_m-qwen2.5-72b_sol1_gd1_rs0_bd1_str-lenient_t00_n1,350,1,1,Qwen/Qwen2.5-72B-Instruct,1,0,1,1,lenient,0.0,11.5,2.0
2026-05-24 00:59:25,L-N03_m-qwen2.5-72b_sol1_gd1_rs0_bd1_str-lenient_t00_n1,350,2,1,Qwen/Qwen2.5-72B-Instruct,1,0,1,1,lenient,0.0,8.5,0.0
2026-05-24 00:59:35,L-N03_m-qwen2.5-72b_sol1_gd1_rs0_bd1_str-lenient_t00_n1,350,3,1,Qwen/Qwen2.5-72B-Instruct,1,0,1,1,lenient,0.0,11.5,0.0
2026-05-24 00:59:40,L-N03_m-qwen2.5-72b_sol1_gd1_rs0_bd1_str-lenient_t00_n1,350,4,1,Qwen/Qwen2.5-72B-Instruct,1,0,1,1,lenient,0.0,0.0,0.0
2026-05-24 01:00:02,L-N03_m-qwen2.5-72b_sol1_gd1_rs0_bd1_str-lenient_t00_n1,351,1,1,Qwen/Qwen2.5-72B-Instruct,1,0,1,1,lenient,0.0,10.5,4.0
2026-05-24 01:00:15,L-N03_m-qwen2.5-72b_sol1_gd1_rs0_bd1_str-lenient_t00_n1,351,2,1,Qwen/Qwen2.5-72B-Instruct,1,0,1,1,lenient,0.0,11.0,4.0
2026-05-24 01:00:25,L-N03_m-qwen2.5-72b_sol1_gd1_rs0_bd1_str-lenient_t00_n1,351,3,1,Qwen/Qwen2.5-72B-Instruct,1,0,1,1,lenient,0.0,11.0,0.0
2026-05-24 01:00:31,L-N03_m-qwen2.5-72b_sol1_gd1_rs0_bd1_str-lenient_t00_n1,351,4,1,Qwen/Qwen2.5-72B-Instruct,1,0,1,1,lenient,0.0,5.0,0.0
2026-05-24 01:00:43,L-N03_m-qwen2.5-72b_sol1_gd1_rs0_bd1_str-lenient_t00_n1,352,1,1,Qwen/Qwen2.5-72B-Instruct,1,0,1,1,lenient,0.0,7.5,0.0
2026-05-24 01:00:54,L-N03_m-qwen2.5-72b_sol1_gd1_rs0_bd1_str-lenient_t00_n1,352,2,1,Qwen/Qwen2.5-72B-Instruct,1,0,1,1,lenient,0.0,9.5,0.0
2026-05-24 01:01:13,L-N03_m-qwen2.5-72b_sol1_gd1_rs0_bd1_str-lenient_t00_n1,352,3,1,Qwen/Qwen2.5-72B-Instruct,1,0,1,1,lenient,0.0,9.0,0.0
2026-05-24 01:01:27,L-N03_m-qwen2.5-72b_sol1_gd1_rs0_bd1_str-lenient_t00_n1,353,1,1,Qwen/Qwen2.5-72B-Instruct,1,0,1,1,lenient,0.0,11.5,0.0
2026-05-24 01:01:38,L-N03_m-qwen2.5-72b_sol1_gd1_rs0_bd1_str-lenient_t00_n1,353,2,1,Qwen/Qwen2.5-72B-Instruct,1,0,1,1,lenient,0.0,9.5,0.0
2026-05-24 01:01:49,L-N03_m-qwen2.5-72b_sol1_gd1_rs0_bd1_str-lenient_t00_n1,353,3,1,Qwen/Qwen2.5-72B-Instruct,1,0,1,1,lenient,0.0,11.5,0.0
2026-05-24 01:02:07,L-N03_m-qwen2.5-72b_sol1_gd1_rs0_bd1_str-lenient_t00_n1,354,1,1,Qwen/Qwen2.5-72B-Instruct,1,0,1,1,lenient,0.0,10.5,0.0
2026-05-24 01:02:18,L-N03_m-qwen2.5-72b_sol1_gd1_rs0_bd1_str-lenient_t00_n1,354,2,1,Qwen/Qwen2.5-72B-Instruct,1,0,1,1,lenient,0.0,9.5,0.0
2026-05-24 01:02:29,L-N03_m-qwen2.5-72b_sol1_gd1_rs0_bd1_str-lenient_t00_n1,354,3,1,Qwen/Qwen2.5-72B-Instruct,1,0,1,1,lenient,0.0,10.5,0.0
2026-05-24 01:02:42,L-N03_m-qwen2.5-72b_sol1_gd1_rs0_bd1_str-lenient_t00_n1,355,1,1,Qwen/Qwen2.5-72B-Instruct,1,0,1,1,lenient,0.0,11.5,0.0
2026-05-24 01:02:54,L-N03_m-qwen2.5-72b_sol1_gd1_rs0_bd1_str-lenient_t00_n1,355,2,1,Qwen/Qwen2.5-72B-Instruct,1,0,1,1,lenient,0.0,8.5,0.0
2026-05-24 01:03:08,L-N03_m-qwen2.5-72b_sol1_gd1_rs0_bd1_str-lenient_t00_n1,355,3,1,Qwen/Qwen2.5-72B-Instruct,1,0,1,1,lenient,0.0,10.5,0.0
2026-05-24 01:03:13,L-N03_m-qwen2.5-72b_sol1_gd1_rs0_bd1_str-lenient_t00_n1,355,4,1,Qwen/Qwen2.5-72B-Instruct,1,0,1,1,lenient,0.0,0.0,0.0
2026-05-24 01:03:25,L-N03_m-qwen2.5-72b_sol1_gd1_rs0_bd1_str-lenient_t00_n1,356,1,1,Qwen/Qwen2.5-72B-Instruct,1,0,1,1,lenient,0.0,9.5,0.0
2026-05-24 01:03:38,L-N03_m-qwen2.5-72b_sol1_gd1_rs0_bd1_str-lenient_t00_n1,356,2,1,Qwen/Qwen2.5-72B-Instruct,1,0,1,1,lenient,0.0,9.5,0.0
2026-05-24 01:03:53,L-N03_m-qwen2.5-72b_sol1_gd1_rs0_bd1_str-lenient_t00_n1,356,3,1,Qwen/Qwen2.5-72B-Instruct,1,0,1,1,lenient,0.0,4.5,0.0
2026-05-24 01:04:06,L-N03_m-qwen2.5-72b_sol1_gd1_rs0_bd1_str-lenient_t00_n1,357,1,1,Qwen/Qwen2.5-72B-Instruct,1,0,1,1,lenient,0.0,11.5,2.0
2026-05-24 01:04:18,L-N03_m-qwen2.5-72b_sol1_gd1_rs0_bd1_str-lenient_t00_n1,357,2,1,Qwen/Qwen2.5-72B-Instruct,1,0,1,1,lenient,0.0,10.0,0.0
2026-05-24 01:04:28,L-N03_m-qwen2.5-72b_sol1_gd1_rs0_bd1_str-lenient_t00_n1,357,3,1,Qwen/Qwen2.5-72B-Instruct,1,0,1,1,lenient,0.0,11.5,0.0
2026-05-24 01:04:48,L-N03_m-qwen2.5-72b_sol1_gd1_rs0_bd1_str-lenient_t00_n1,358,1,1,Qwen/Qwen2.5-72B-Instruct,1,0,1,1,lenient,0.0,11.5,0.0
2026-05-24 01:05:01,L-N03_m-qwen2.5-72b_sol1_gd1_rs0_bd1_str-lenient_t00_n1,358,2,1,Qwen/Qwen2.5-72B-Instruct,1,0,1,1,lenient,0.0,10.5,0.0
2026-05-24 01:05:11,L-N03_m-qwen2.5-72b_sol1_gd1_rs0_bd1_str-lenient_t00_n1,358,3,1,Qwen/Qwen2.5-72B-Instruct,1,0,1,1,lenient,0.0,11.0,0.0
2026-05-24 01:05:16,L-N03_m-qwen2.5-72b_sol1_gd1_rs0_bd1_str-lenient_t00_n1,358,4,1,Qwen/Qwen2.5-72B-Instruct,1,0,1,1,lenient,0.0,5.0,0.0
2026-05-24 01:05:28,L-N03_m-qwen2.5-72b_sol1_gd1_rs0_bd1_str-lenient_t00_n1,359,1,1,Qwen/Qwen2.5-72B-Instruct,1,0,1,1,lenient,0.0,10.5,0.0
2026-05-24 01:05:41,L-N03_m-qwen2.5-72b_sol1_gd1_rs0_bd1_str-lenient_t00_n1,359,2,1,Qwen/Qwen2.5-72B-Instruct,1,0,1,1,lenient,0.0,9.0,0.0
2026-05-24 01:05:54,L-N03_m-qwen2.5-72b_sol1_gd1_rs0_bd1_str-lenient_t00_n1,360,1,1,Qwen/Qwen2.5-72B-Instruct,1,0,1,1,lenient,0.0,10.5,0.0
2026-05-24 01:06:06,L-N03_m-qwen2.5-72b_sol1_gd1_rs0_bd1_str-lenient_t00_n1,360,2,1,Qwen/Qwen2.5-72B-Instruct,1,0,1,1,lenient,0.0,9.5,0.0
2026-05-24 01:06:16,L-N03_m-qwen2.5-72b_sol1_gd1_rs0_bd1_str-lenient_t00_n1,360,3,1,Qwen/Qwen2.5-72B-Instruct,1,0,1,1,lenient,0.0,11.5,0.0
2026-05-24 01:06:30,L-N03_m-qwen2.5-72b_sol1_gd1_rs0_bd1_str-lenient_t00_n1,361,1,1,Qwen/Qwen2.5-72B-Instruct,1,0,1,1,lenient,0.0,11.5,0.0
2026-05-24 01:06:42,L-N03_m-qwen2.5-72b_sol1_gd1_rs0_bd1_str-lenient_t00_n1,361,2,1,Qwen/Qwen2.5-72B-Instruct,1,0,1,1,lenient,0.0,9.5,0.0
2026-05-24 01:06:58,L-N03_m-qwen2.5-72b_sol1_gd1_rs0_bd1_str-lenient_t00_n1,361,3,1,Qwen/Qwen2.5-72B-Instruct,1,0,1,1,lenient,0.0,6.0,0.0
2026-05-24 01:07:12,L-N03_m-qwen2.5-72b_sol1_gd1_rs0_bd1_str-lenient_t00_n1,362,1,1,Qwen/Qwen2.5-72B-Instruct,1,0,1,1,lenient,0.0,10.5,0.0
2026-05-24 01:07:24,L-N03_m-qwen2.5-72b_sol1_gd1_rs0_bd1_str-lenient_t00_n1,362,2,1,Qwen/Qwen2.5-72B-Instruct,1,0,1,1,lenient,0.0,10.0,0.0
2026-05-24 01:07:42,L-N03_m-qwen2.5-72b_sol1_gd1_rs0_bd1_str-lenient_t00_n1,362,3,1,Qwen/Qwen2.5-72B-Instruct,1,0,1,1,lenient,0.0,9.0,0.0
2026-05-24 01:07:57,L-N03_m-qwen2.5-72b_sol1_gd1_rs0_bd1_str-lenient_t00_n1,363,1,1,Qwen/Qwen2.5-72B-Instruct,1,0,1,1,lenient,0.0,11.5,0.0
2026-05-24 01:08:09,L-N03_m-qwen2.5-72b_sol1_gd1_rs0_bd1_str-lenient_t00_n1,363,2,1,Qwen/Qwen2.5-72B-Instruct,1,0,1,1,lenient,0.0,10.0,0.0
2026-05-24 01:08:20,L-N03_m-qwen2.5-72b_sol1_gd1_rs0_bd1_str-lenient_t00_n1,363,3,1,Qwen/Qwen2.5-72B-Instruct,1,0,1,1,lenient,0.0,11.5,0.0
2026-05-24 01:08:34,L-N03_m-qwen2.5-72b_sol1_gd1_rs0_bd1_str-lenient_t00_n1,364,1,1,Qwen/Qwen2.5-72B-Instruct,1,0,1,1,lenient,0.0,8.5,0.0
2026-05-24 01:08:46,L-N03_m-qwen2.5-72b_sol1_gd1_rs0_bd1_str-lenient_t00_n1,364,2,1,Qwen/Qwen2.5-72B-Instruct,1,0,1,1,lenient,0.0,9.5,0.0
2026-05-24 01:09:02,L-N03_m-qwen2.5-72b_sol1_gd1_rs0_bd1_str-lenient_t00_n1,364,3,1,Qwen/Qwen2.5-72B-Instruct,1,0,1,1,lenient,0.0,9.0,0.0
2026-05-24 01:09:15,L-N03_m-qwen2.5-72b_sol1_gd1_rs0_bd1_str-lenient_t00_n1,365,1,1,Qwen/Qwen2.5-72B-Instruct,1,0,1,1,lenient,0.0,9.5,0.0
2026-05-24 01:09:29,L-N03_m-qwen2.5-72b_sol1_gd1_rs0_bd1_str-lenient_t00_n1,365,2,1,Qwen/Qwen2.5-72B-Instruct,1,0,1,1,lenient,0.0,9.5,3.0
2026-05-24 01:09:43,L-N03_m-qwen2.5-72b_sol1_gd1_rs0_bd1_str-lenient_t00_n1,365,3,1,Qwen/Qwen2.5-72B-Instruct,1,0,1,1,lenient,0.0,11.0,0.0
2026-05-24 01:09:48,L-N03_m-qwen2.5-72b_sol1_gd1_rs0_bd1_str-lenient_t00_n1,365,4,1,Qwen/Qwen2.5-72B-Instruct,1,0,1,1,lenient,0.0,5.0,0.0
2026-05-24 01:10:01,L-N03_m-qwen2.5-72b_sol1_gd1_rs0_bd1_str-lenient_t00_n1,366,1,1,Qwen/Qwen2.5-72B-Instruct,1,0,1,1,lenient,0.0,11.5,0.0
2026-05-24 01:10:13,L-N03_m-qwen2.5-72b_sol1_gd1_rs0_bd1_str-lenient_t00_n1,366,2,1,Qwen/Qwen2.5-72B-Instruct,1,0,1,1,lenient,0.0,10.0,0.0
2026-05-24 01:10:27,L-N03_m-qwen2.5-72b_sol1_gd1_rs0_bd1_str-lenient_t00_n1,366,3,1,Qwen/Qwen2.5-72B-Instruct,1,0,1,1,lenient,0.0,7.5,0.0
2026-05-24 01:10:40,L-N03_m-qwen2.5-72b_sol1_gd1_rs0_bd1_str-lenient_t00_n1,367,1,1,Qwen/Qwen2.5-72B-Instruct,1,0,1,1,lenient,0.0,11.5,0.0
2026-05-24 01:10:53,L-N03_m-qwen2.5-72b_sol1_gd1_rs0_bd1_str-lenient_t00_n1,367,2,1,Qwen/Qwen2.5-72B-Instruct,1,0,1,1,lenient,0.0,10.0,0.0
2026-05-24 01:11:11,L-N03_m-qwen2.5-72b_sol1_gd1_rs0_bd1_str-lenient_t00_n1,367,3,1,Qwen/Qwen2.5-72B-Instruct,1,0,1,1,lenient,0.0,9.0,0.0
2026-05-24 01:11:14,L-N03_m-qwen2.5-72b_sol1_gd1_rs0_bd1_str-lenient_t00_n1,367,4,1,Qwen/Qwen2.5-72B-Instruct,1,0,1,1,lenient,0.0,0.0,0.0
2026-05-24 01:11:28,L-N03_m-qwen2.5-72b_sol1_gd1_rs0_bd1_str-lenient_t00_n1,368,1,1,Qwen/Qwen2.5-72B-Instruct,1,0,1,1,lenient,0.0,11.5,0.0
2026-05-24 01:11:41,L-N03_m-qwen2.5-72b_sol1_gd1_rs0_bd1_str-lenient_t00_n1,368,2,1,Qwen/Qwen2.5-72B-Instruct,1,0,1,1,lenient,0.0,10.0,0.0
2026-05-24 01:11:51,L-N03_m-qwen2.5-72b_sol1_gd1_rs0_bd1_str-lenient_t00_n1,368,3,1,Qwen/Qwen2.5-72B-Instruct,1,0,1,1,lenient,0.0,11.0,0.0
2026-05-24 01:12:05,L-N03_m-qwen2.5-72b_sol1_gd1_rs0_bd1_str-lenient_t00_n1,369,1,1,Qwen/Qwen2.5-72B-Instruct,1,0,1,1,lenient,0.0,11.5,4.0
2026-05-24 01:12:16,L-N03_m-qwen2.5-72b_sol1_gd1_rs0_bd1_str-lenient_t00_n1,369,2,1,Qwen/Qwen2.5-72B-Instruct,1,0,1,1,lenient,0.0,11.0,4.0
2026-05-24 01:12:27,L-N03_m-qwen2.5-72b_sol1_gd1_rs0_bd1_str-lenient_t00_n1,369,3,1,Qwen/Qwen2.5-72B-Instruct,1,0,1,1,lenient,0.0,11.0,0.0
2026-05-24 01:12:32,L-N03_m-qwen2.5-72b_sol1_gd1_rs0_bd1_str-lenient_t00_n1,369,4,1,Qwen/Qwen2.5-72B-Instruct,1,0,1,1,lenient,0.0,5.0,0.0
2026-05-24 01:12:45,L-N03_m-qwen2.5-72b_sol1_gd1_rs0_bd1_str-lenient_t00_n1,370,1,1,Qwen/Qwen2.5-72B-Instruct,1,0,1,1,lenient,0.0,11.5,0.0
2026-05-24 01:12:56,L-N03_m-qwen2.5-72b_sol1_gd1_rs0_bd1_str-lenient_t00_n1,370,2,1,Qwen/Qwen2.5-72B-Instruct,1,0,1,1,lenient,0.0,10.0,0.0
2026-05-24 01:13:07,L-N03_m-qwen2.5-72b_sol1_gd1_rs0_bd1_str-lenient_t00_n1,370,3,1,Qwen/Qwen2.5-72B-Instruct,1,0,1,1,lenient,0.0,11.0,0.0
2026-05-24 01:13:21,L-N03_m-qwen2.5-72b_sol1_gd1_rs0_bd1_str-lenient_t00_n1,371,1,1,Qwen/Qwen2.5-72B-Instruct,1,0,1,1,lenient,0.0,11.5,0.0
2026-05-24 01:13:34,L-N03_m-qwen2.5-72b_sol1_gd1_rs0_bd1_str-lenient_t00_n1,371,2,1,Qwen/Qwen2.5-72B-Instruct,1,0,1,1,lenient,0.0,9.5,0.0
2026-05-24 01:13:50,L-N03_m-qwen2.5-72b_sol1_gd1_rs0_bd1_str-lenient_t00_n1,371,3,1,Qwen/Qwen2.5-72B-Instruct,1,0,1,1,lenient,0.0,9.0,0.0
2026-05-24 01:14:04,L-N03_m-qwen2.5-72b_sol1_gd1_rs0_bd1_str-lenient_t00_n1,372,1,1,Qwen/Qwen2.5-72B-Instruct,1,0,1,1,lenient,0.0,11.5,0.0
2026-05-24 01:14:17,L-N03_m-qwen2.5-72b_sol1_gd1_rs0_bd1_str-lenient_t00_n1,372,2,1,Qwen/Qwen2.5-72B-Instruct,1,0,1,1,lenient,0.0,9.5,0.0
2026-05-24 01:14:33,L-N03_m-qwen2.5-72b_sol1_gd1_rs0_bd1_str-lenient_t00_n1,372,3,1,Qwen/Qwen2.5-72B-Instruct,1,0,1,1,lenient,0.0,9.0,0.0
2026-05-24 01:14:47,L-N03_m-qwen2.5-72b_sol1_gd1_rs0_bd1_str-lenient_t00_n1,373,1,1,Qwen/Qwen2.5-72B-Instruct,1,0,1,1,lenient,0.0,11.5,0.0
2026-05-24 01:14:58,L-N03_m-qwen2.5-72b_sol1_gd1_rs0_bd1_str-lenient_t00_n1,373,2,1,Qwen/Qwen2.5-72B-Instruct,1,0,1,1,lenient,0.0,9.5,0.0
2026-05-24 01:15:08,L-N03_m-qwen2.5-72b_sol1_gd1_rs0_bd1_str-lenient_t00_n1,373,3,1,Qwen/Qwen2.5-72B-Instruct,1,0,1,1,lenient,0.0,11.5,0.0
2026-05-24 01:15:22,L-N03_m-qwen2.5-72b_sol1_gd1_rs0_bd1_str-lenient_t00_n1,374,1,1,Qwen/Qwen2.5-72B-Instruct,1,0,1,1,lenient,0.0,11.5,0.0
2026-05-24 01:15:35,L-N03_m-qwen2.5-72b_sol1_gd1_rs0_bd1_str-lenient_t00_n1,374,2,1,Qwen/Qwen2.5-72B-Instruct,1,0,1,1,lenient,0.0,9.5,2.0
2026-05-24 01:15:53,L-N03_m-qwen2.5-72b_sol1_gd1_rs0_bd1_str-lenient_t00_n1,374,3,1,Qwen/Qwen2.5-72B-Instruct,1,0,1,1,lenient,0.0,7.5,0.0
2026-05-24 01:15:57,L-N03_m-qwen2.5-72b_sol1_gd1_rs0_bd1_str-lenient_t00_n1,374,4,1,Qwen/Qwen2.5-72B-Instruct,1,0,1,1,lenient,0.0,0.0,0.0
2026-05-24 01:16:11,L-N03_m-qwen2.5-72b_sol1_gd1_rs0_bd1_str-lenient_t00_n1,375,1,1,Qwen/Qwen2.5-72B-Instruct,1,0,1,1,lenient,0.0,11.5,0.0
2026-05-24 01:16:22,L-N03_m-qwen2.5-72b_sol1_gd1_rs0_bd1_str-lenient_t00_n1,375,2,1,Qwen/Qwen2.5-72B-Instruct,1,0,1,1,lenient,0.0,10.0,0.0
2026-05-24 01:16:33,L-N03_m-qwen2.5-72b_sol1_gd1_rs0_bd1_str-lenient_t00_n1,375,3,1,Qwen/Qwen2.5-72B-Instruct,1,0,1,1,lenient,0.0,9.0,0.0
2026-05-24 01:16:58,L-N03_m-qwen2.5-72b_sol1_gd1_rs0_bd1_str-lenient_t00_n1,376,1,1,Qwen/Qwen2.5-72B-Instruct,1,0,1,1,lenient,0.0,10.5,0.0
2026-05-24 01:17:09,L-N03_m-qwen2.5-72b_sol1_gd1_rs0_bd1_str-lenient_t00_n1,376,2,1,Qwen/Qwen2.5-72B-Instruct,1,0,1,1,lenient,0.0,9.5,0.0
2026-05-24 01:17:19,L-N03_m-qwen2.5-72b_sol1_gd1_rs0_bd1_str-lenient_t00_n1,376,3,1,Qwen/Qwen2.5-72B-Instruct,1,0,1,1,lenient,0.0,10.5,0.0
2026-05-24 01:17:32,L-N03_m-qwen2.5-72b_sol1_gd1_rs0_bd1_str-lenient_t00_n1,377,1,1,Qwen/Qwen2.5-72B-Instruct,1,0,1,1,lenient,0.0,11.5,0.0
2026-05-24 01:17:43,L-N03_m-qwen2.5-72b_sol1_gd1_rs0_bd1_str-lenient_t00_n1,377,2,1,Qwen/Qwen2.5-72B-Instruct,1,0,1,1,lenient,0.0,9.5,0.0
2026-05-24 01:17:54,L-N03_m-qwen2.5-72b_sol1_gd1_rs0_bd1_str-lenient_t00_n1,377,3,1,Qwen/Qwen2.5-72B-Instruct,1,0,1,1,lenient,0.0,10.0,0.0
2026-05-24 01:18:15,L-N03_m-qwen2.5-72b_sol1_gd1_rs0_bd1_str-lenient_t00_n1,378,1,1,Qwen/Qwen2.5-72B-Instruct,1,0,1,1,lenient,0.0,11.5,3.0
2026-05-24 01:18:27,L-N03_m-qwen2.5-72b_sol1_gd1_rs0_bd1_str-lenient_t00_n1,378,2,1,Qwen/Qwen2.5-72B-Instruct,1,0,1,1,lenient,0.0,10.0,3.0
2026-05-24 01:18:38,L-N03_m-qwen2.5-72b_sol1_gd1_rs0_bd1_str-lenient_t00_n1,378,3,1,Qwen/Qwen2.5-72B-Instruct,1,0,1,1,lenient,0.0,11.0,0.0
2026-05-24 01:18:44,L-N03_m-qwen2.5-72b_sol1_gd1_rs0_bd1_str-lenient_t00_n1,378,4,1,Qwen/Qwen2.5-72B-Instruct,1,0,1,1,lenient,0.0,5.0,0.0
2026-05-24 01:18:57,L-N03_m-qwen2.5-72b_sol1_gd1_rs0_bd1_str-lenient_t00_n1,379,1,1,Qwen/Qwen2.5-72B-Instruct,1,0,1,1,lenient,0.0,11.5,4.0
2026-05-24 01:19:09,L-N03_m-qwen2.5-72b_sol1_gd1_rs0_bd1_str-lenient_t00_n1,379,2,1,Qwen/Qwen2.5-72B-Instruct,1,0,1,1,lenient,0.0,10.5,3.0
2026-05-24 01:19:20,L-N03_m-qwen2.5-72b_sol1_gd1_rs0_bd1_str-lenient_t00_n1,379,3,1,Qwen/Qwen2.5-72B-Instruct,1,0,1,1,lenient,0.0,11.5,0.0
2026-05-24 01:19:24,L-N03_m-qwen2.5-72b_sol1_gd1_rs0_bd1_str-lenient_t00_n1,379,4,1,Qwen/Qwen2.5-72B-Instruct,1,0,1,1,lenient,0.0,0.0,0.0
2026-05-24 01:19:38,L-N03_m-qwen2.5-72b_sol1_gd1_rs0_bd1_str-lenient_t00_n1,380,1,1,Qwen/Qwen2.5-72B-Instruct,1,0,1,1,lenient,0.0,11.5,4.0
2026-05-24 01:19:50,L-N03_m-qwen2.5-72b_sol1_gd1_rs0_bd1_str-lenient_t00_n1,380,2,1,Qwen/Qwen2.5-72B-Instruct,1,0,1,1,lenient,0.0,10.0,3.0
2026-05-24 01:20:00,L-N03_m-qwen2.5-72b_sol1_gd1_rs0_bd1_str-lenient_t00_n1,380,3,1,Qwen/Qwen2.5-72B-Instruct,1,0,1,1,lenient,0.0,11.5,0.0
2026-05-24 01:20:05,L-N03_m-qwen2.5-72b_sol1_gd1_rs0_bd1_str-lenient_t00_n1,380,4,1,Qwen/Qwen2.5-72B-Instruct,1,0,1,1,lenient,0.0,5.0,0.0
2026-05-24 01:20:18,L-N03_m-qwen2.5-72b_sol1_gd1_rs0_bd1_str-lenient_t00_n1,381,1,1,Qwen/Qwen2.5-72B-Instruct,1,0,1,1,lenient,0.0,11.5,3.0
2026-05-24 01:20:32,L-N03_m-qwen2.5-72b_sol1_gd1_rs0_bd1_str-lenient_t00_n1,381,2,1,Qwen/Qwen2.5-72B-Instruct,1,0,1,1,lenient,0.0,9.5,3.0
2026-05-24 01:20:42,L-N03_m-qwen2.5-72b_sol1_gd1_rs0_bd1_str-lenient_t00_n1,381,3,1,Qwen/Qwen2.5-72B-Instruct,1,0,1,1,lenient,0.0,11.5,0.0
2026-05-24 01:20:56,L-N03_m-qwen2.5-72b_sol1_gd1_rs0_bd1_str-lenient_t00_n1,382,1,1,Qwen/Qwen2.5-72B-Instruct,1,0,1,1,lenient,0.0,11.5,0.0
2026-05-24 01:21:08,L-N03_m-qwen2.5-72b_sol1_gd1_rs0_bd1_str-lenient_t00_n1,382,2,1,Qwen/Qwen2.5-72B-Instruct,1,0,1,1,lenient,0.0,9.5,0.0
2026-05-24 01:21:26,L-N03_m-qwen2.5-72b_sol1_gd1_rs0_bd1_str-lenient_t00_n1,382,3,1,Qwen/Qwen2.5-72B-Instruct,1,0,1,1,lenient,0.0,9.0,0.0
2026-05-24 01:21:39,L-N03_m-qwen2.5-72b_sol1_gd1_rs0_bd1_str-lenient_t00_n1,383,1,1,Qwen/Qwen2.5-72B-Instruct,1,0,1,1,lenient,0.0,11.5,0.0
2026-05-24 01:21:51,L-N03_m-qwen2.5-72b_sol1_gd1_rs0_bd1_str-lenient_t00_n1,383,2,1,Qwen/Qwen2.5-72B-Instruct,1,0,1,1,lenient,0.0,9.5,0.0
2026-05-24 01:22:01,L-N03_m-qwen2.5-72b_sol1_gd1_rs0_bd1_str-lenient_t00_n1,383,3,1,Qwen/Qwen2.5-72B-Instruct,1,0,1,1,lenient,0.0,11.0,0.0
2026-05-24 01:22:14,L-N03_m-qwen2.5-72b_sol1_gd1_rs0_bd1_str-lenient_t00_n1,384,1,1,Qwen/Qwen2.5-72B-Instruct,1,0,1,1,lenient,0.0,7.5,0.0
2026-05-24 01:22:25,L-N03_m-qwen2.5-72b_sol1_gd1_rs0_bd1_str-lenient_t00_n1,384,2,1,Qwen/Qwen2.5-72B-Instruct,1,0,1,1,lenient,0.0,7.5,0.0
2026-05-24 01:22:40,L-N03_m-qwen2.5-72b_sol1_gd1_rs0_bd1_str-lenient_t00_n1,384,3,1,Qwen/Qwen2.5-72B-Instruct,1,0,1,1,lenient,0.0,10.0,0.0
2026-05-24 01:22:53,L-N03_m-qwen2.5-72b_sol1_gd1_rs0_bd1_str-lenient_t00_n1,385,1,1,Qwen/Qwen2.5-72B-Instruct,1,0,1,1,lenient,0.0,9.5,0.0
2026-05-24 01:23:04,L-N03_m-qwen2.5-72b_sol1_gd1_rs0_bd1_str-lenient_t00_n1,385,2,1,Qwen/Qwen2.5-72B-Instruct,1,0,1,1,lenient,0.0,9.5,0.0
2026-05-24 01:23:21,L-N03_m-qwen2.5-72b_sol1_gd1_rs0_bd1_str-lenient_t00_n1,385,3,1,Qwen/Qwen2.5-72B-Instruct,1,0,1,1,lenient,0.0,9.0,0.0
2026-05-24 01:23:35,L-N03_m-qwen2.5-72b_sol1_gd1_rs0_bd1_str-lenient_t00_n1,386,1,1,Qwen/Qwen2.5-72B-Instruct,1,0,1,1,lenient,0.0,11.5,3.0
2026-05-24 01:23:47,L-N03_m-qwen2.5-72b_sol1_gd1_rs0_bd1_str-lenient_t00_n1,386,2,1,Qwen/Qwen2.5-72B-Instruct,1,0,1,1,lenient,0.0,10.0,3.0
2026-05-24 01:23:59,L-N03_m-qwen2.5-72b_sol1_gd1_rs0_bd1_str-lenient_t00_n1,386,3,1,Qwen/Qwen2.5-72B-Instruct,1,0,1,1,lenient,0.0,9.0,0.0
2026-05-24 01:24:11,L-N03_m-qwen2.5-72b_sol1_gd1_rs0_bd1_str-lenient_t00_n1,387,1,1,Qwen/Qwen2.5-72B-Instruct,1,0,1,1,lenient,0.0,12.0,4.0
2026-05-24 01:24:24,L-N03_m-qwen2.5-72b_sol1_gd1_rs0_bd1_str-lenient_t00_n1,387,2,1,Qwen/Qwen2.5-72B-Instruct,1,0,1,1,lenient,0.0,10.5,3.0
2026-05-24 01:24:34,L-N03_m-qwen2.5-72b_sol1_gd1_rs0_bd1_str-lenient_t00_n1,387,3,1,Qwen/Qwen2.5-72B-Instruct,1,0,1,1,lenient,0.0,11.0,0.0
2026-05-24 01:24:47,L-N03_m-qwen2.5-72b_sol1_gd1_rs0_bd1_str-lenient_t00_n1,388,1,1,Qwen/Qwen2.5-72B-Instruct,1,0,1,1,lenient,0.0,9.5,0.0
2026-05-24 01:25:00,L-N03_m-qwen2.5-72b_sol1_gd1_rs0_bd1_str-lenient_t00_n1,388,2,1,Qwen/Qwen2.5-72B-Instruct,1,0,1,1,lenient,0.0,8.5,0.0
2026-05-24 01:25:17,L-N03_m-qwen2.5-72b_sol1_gd1_rs0_bd1_str-lenient_t00_n1,388,3,1,Qwen/Qwen2.5-72B-Instruct,1,0,1,1,lenient,0.0,9.0,0.0
2026-05-24 01:25:30,L-N03_m-qwen2.5-72b_sol1_gd1_rs0_bd1_str-lenient_t00_n1,389,1,1,Qwen/Qwen2.5-72B-Instruct,1,0,1,1,lenient,0.0,11.5,4.0
2026-05-24 01:25:42,L-N03_m-qwen2.5-72b_sol1_gd1_rs0_bd1_str-lenient_t00_n1,389,2,1,Qwen/Qwen2.5-72B-Instruct,1,0,1,1,lenient,0.0,10.0,3.0
2026-05-24 01:25:52,L-N03_m-qwen2.5-72b_sol1_gd1_rs0_bd1_str-lenient_t00_n1,389,3,1,Qwen/Qwen2.5-72B-Instruct,1,0,1,1,lenient,0.0,11.0,0.0
2026-05-24 01:25:57,L-N03_m-qwen2.5-72b_sol1_gd1_rs0_bd1_str-lenient_t00_n1,389,4,1,Qwen/Qwen2.5-72B-Instruct,1,0,1,1,lenient,0.0,5.0,0.0
2026-05-24 01:26:10,L-N03_m-qwen2.5-72b_sol1_gd1_rs0_bd1_str-lenient_t00_n1,390,1,1,Qwen/Qwen2.5-72B-Instruct,1,0,1,1,lenient,0.0,11.5,0.0
2026-05-24 01:26:23,L-N03_m-qwen2.5-72b_sol1_gd1_rs0_bd1_str-lenient_t00_n1,390,2,1,Qwen/Qwen2.5-72B-Instruct,1,0,1,1,lenient,0.0,10.5,0.0
2026-05-24 01:26:34,L-N03_m-qwen2.5-72b_sol1_gd1_rs0_bd1_str-lenient_t00_n1,390,3,1,Qwen/Qwen2.5-72B-Instruct,1,0,1,1,lenient,0.0,11.0,0.0
2026-05-24 01:26:37,L-N03_m-qwen2.5-72b_sol1_gd1_rs0_bd1_str-lenient_t00_n1,390,4,1,Qwen/Qwen2.5-72B-Instruct,1,0,1,1,lenient,0.0,0.0,0.0
2026-05-24 01:26:58,L-N03_m-qwen2.5-72b_sol1_gd1_rs0_bd1_str-lenient_t00_n1,391,1,1,Qwen/Qwen2.5-72B-Instruct,1,0,1,1,lenient,0.0,10.5,0.0
2026-05-24 01:27:10,L-N03_m-qwen2.5-72b_sol1_gd1_rs0_bd1_str-lenient_t00_n1,391,2,1,Qwen/Qwen2.5-72B-Instruct,1,0,1,1,lenient,0.0,9.5,0.0
2026-05-24 01:27:21,L-N03_m-qwen2.5-72b_sol1_gd1_rs0_bd1_str-lenient_t00_n1,391,3,1,Qwen/Qwen2.5-72B-Instruct,1,0,1,1,lenient,0.0,11.0,0.0
2026-05-24 01:27:25,L-N03_m-qwen2.5-72b_sol1_gd1_rs0_bd1_str-lenient_t00_n1,391,4,1,Qwen/Qwen2.5-72B-Instruct,1,0,1,1,lenient,0.0,0.0,0.0
2026-05-24 01:27:39,L-N03_m-qwen2.5-72b_sol1_gd1_rs0_bd1_str-lenient_t00_n1,392,1,1,Qwen/Qwen2.5-72B-Instruct,1,0,1,1,lenient,0.0,10.5,2.0
2026-05-24 01:27:51,L-N03_m-qwen2.5-72b_sol1_gd1_rs0_bd1_str-lenient_t00_n1,392,2,1,Qwen/Qwen2.5-72B-Instruct,1,0,1,1,lenient,0.0,10.0,0.0
2026-05-24 01:28:06,L-N03_m-qwen2.5-72b_sol1_gd1_rs0_bd1_str-lenient_t00_n1,392,3,1,Qwen/Qwen2.5-72B-Instruct,1,0,1,1,lenient,0.0,9.0,0.0
2026-05-24 01:28:20,L-N03_m-qwen2.5-72b_sol1_gd1_rs0_bd1_str-lenient_t00_n1,393,1,1,Qwen/Qwen2.5-72B-Instruct,1,0,1,1,lenient,0.0,11.5,0.0
2026-05-24 01:28:33,L-N03_m-qwen2.5-72b_sol1_gd1_rs0_bd1_str-lenient_t00_n1,393,2,1,Qwen/Qwen2.5-72B-Instruct,1,0,1,1,lenient,0.0,10.0,0.0
2026-05-24 01:28:43,L-N03_m-qwen2.5-72b_sol1_gd1_rs0_bd1_str-lenient_t00_n1,393,3,1,Qwen/Qwen2.5-72B-Instruct,1,0,1,1,lenient,0.0,11.0,0.0
2026-05-24 01:29:06,L-N03_m-qwen2.5-72b_sol1_gd1_rs0_bd1_str-lenient_t00_n1,394,1,1,Qwen/Qwen2.5-72B-Instruct,1,0,1,1,lenient,0.0,8.5,0.0
2026-05-24 01:29:18,L-N03_m-qwen2.5-72b_sol1_gd1_rs0_bd1_str-lenient_t00_n1,394,2,1,Qwen/Qwen2.5-72B-Instruct,1,0,1,1,lenient,0.0,10.0,0.0
2026-05-24 01:29:28,L-N03_m-qwen2.5-72b_sol1_gd1_rs0_bd1_str-lenient_t00_n1,394,3,1,Qwen/Qwen2.5-72B-Instruct,1,0,1,1,lenient,0.0,9.0,0.0
2026-05-24 01:29:42,L-N03_m-qwen2.5-72b_sol1_gd1_rs0_bd1_str-lenient_t00_n1,395,1,1,Qwen/Qwen2.5-72B-Instruct,1,0,1,1,lenient,0.0,11.5,0.0
2026-05-24 01:29:54,L-N03_m-qwen2.5-72b_sol1_gd1_rs0_bd1_str-lenient_t00_n1,395,2,1,Qwen/Qwen2.5-72B-Instruct,1,0,1,1,lenient,0.0,10.0,3.0
2026-05-24 01:30:05,L-N03_m-qwen2.5-72b_sol1_gd1_rs0_bd1_str-lenient_t00_n1,395,3,1,Qwen/Qwen2.5-72B-Instruct,1,0,1,1,lenient,0.0,11.5,0.0
2026-05-24 01:30:26,L-N03_m-qwen2.5-72b_sol1_gd1_rs0_bd1_str-lenient_t00_n1,396,1,1,Qwen/Qwen2.5-72B-Instruct,1,0,1,1,lenient,0.0,7.5,0.0
2026-05-24 01:30:38,L-N03_m-qwen2.5-72b_sol1_gd1_rs0_bd1_str-lenient_t00_n1,396,2,1,Qwen/Qwen2.5-72B-Instruct,1,0,1,1,lenient,0.0,9.0,0.0
2026-05-24 01:30:53,L-N03_m-qwen2.5-72b_sol1_gd1_rs0_bd1_str-lenient_t00_n1,396,3,1,Qwen/Qwen2.5-72B-Instruct,1,0,1,1,lenient,0.0,9.0,0.0
2026-05-24 01:31:05,L-N03_m-qwen2.5-72b_sol1_gd1_rs0_bd1_str-lenient_t00_n1,397,1,1,Qwen/Qwen2.5-72B-Instruct,1,0,1,1,lenient,0.0,11.5,0.0
2026-05-24 01:31:17,L-N03_m-qwen2.5-72b_sol1_gd1_rs0_bd1_str-lenient_t00_n1,397,2,1,Qwen/Qwen2.5-72B-Instruct,1,0,1,1,lenient,0.0,9.5,0.0
2026-05-24 01:31:35,L-N03_m-qwen2.5-72b_sol1_gd1_rs0_bd1_str-lenient_t00_n1,397,3,1,Qwen/Qwen2.5-72B-Instruct,1,0,1,1,lenient,0.0,9.0,0.0
2026-05-24 01:31:49,L-N03_m-qwen2.5-72b_sol1_gd1_rs0_bd1_str-lenient_t00_n1,398,1,1,Qwen/Qwen2.5-72B-Instruct,1,0,1,1,lenient,0.0,10.5,0.0
2026-05-24 01:32:03,L-N03_m-qwen2.5-72b_sol1_gd1_rs0_bd1_str-lenient_t00_n1,398,2,1,Qwen/Qwen2.5-72B-Instruct,1,0,1,1,lenient,0.0,8.5,0.0
2026-05-24 01:32:19,L-N03_m-qwen2.5-72b_sol1_gd1_rs0_bd1_str-lenient_t00_n1,398,3,1,Qwen/Qwen2.5-72B-Instruct,1,0,1,1,lenient,0.0,9.0,0.0
2026-05-24 01:32:32,L-N03_m-qwen2.5-72b_sol1_gd1_rs0_bd1_str-lenient_t00_n1,399,1,1,Qwen/Qwen2.5-72B-Instruct,1,0,1,1,lenient,0.0,11.5,0.0
2026-05-24 01:32:42,L-N03_m-qwen2.5-72b_sol1_gd1_rs0_bd1_str-lenient_t00_n1,399,2,1,Qwen/Qwen2.5-72B-Instruct,1,0,1,1,lenient,0.0,0.0,0.0
2026-05-24 01:32:53,L-N03_m-qwen2.5-72b_sol1_gd1_rs0_bd1_str-lenient_t00_n1,399,3,1,Qwen/Qwen2.5-72B-Instruct,1,0,1,1,lenient,0.0,11.5,0.0
2026-05-24 01:33:06,L-N03_m-qwen2.5-72b_sol1_gd1_rs0_bd1_str-lenient_t00_n1,400,1,1,Qwen/Qwen2.5-72B-Instruct,1,0,1,1,lenient,0.0,11.5,3.0
2026-05-24 01:33:17,L-N03_m-qwen2.5-72b_sol1_gd1_rs0_bd1_str-lenient_t00_n1,400,2,1,Qwen/Qwen2.5-72B-Instruct,1,0,1,1,lenient,0.0,9.5,0.0
2026-05-24 01:33:28,L-N03_m-qwen2.5-72b_sol1_gd1_rs0_bd1_str-lenient_t00_n1,400,3,1,Qwen/Qwen2.5-72B-Instruct,1,0,1,1,lenient,0.0,11.5,0.0
2026-05-24 01:33:33,L-N03_m-qwen2.5-72b_sol1_gd1_rs0_bd1_str-lenient_t00_n1,400,4,1,Qwen/Qwen2.5-72B-Instruct,1,0,1,1,lenient,0.0,0.0,0.0
2026-05-24 01:33:45,L-N03_m-qwen2.5-72b_sol1_gd1_rs0_bd1_str-lenient_t00_n1,401,1,1,Qwen/Qwen2.5-72B-Instruct,1,0,1,1,lenient,0.0,11.5,4.0
2026-05-24 01:33:59,L-N03_m-qwen2.5-72b_sol1_gd1_rs0_bd1_str-lenient_t00_n1,401,2,1,Qwen/Qwen2.5-72B-Instruct,1,0,1,1,lenient,0.0,9.5,3.0
2026-05-24 01:34:16,L-N03_m-qwen2.5-72b_sol1_gd1_rs0_bd1_str-lenient_t00_n1,401,3,1,Qwen/Qwen2.5-72B-Instruct,1,0,1,1,lenient,0.0,9.0,0.0
2026-05-24 01:34:37,L-N03_m-qwen2.5-72b_sol1_gd1_rs0_bd1_str-lenient_t00_n1,402,1,1,Qwen/Qwen2.5-72B-Instruct,1,0,1,1,lenient,0.0,10.5,0.0
2026-05-24 01:34:50,L-N03_m-qwen2.5-72b_sol1_gd1_rs0_bd1_str-lenient_t00_n1,402,2,1,Qwen/Qwen2.5-72B-Instruct,1,0,1,1,lenient,0.0,10.0,0.0
2026-05-24 01:35:05,L-N03_m-qwen2.5-72b_sol1_gd1_rs0_bd1_str-lenient_t00_n1,402,3,1,Qwen/Qwen2.5-72B-Instruct,1,0,1,1,lenient,0.0,9.0,0.0
2026-05-24 01:35:10,L-N03_m-qwen2.5-72b_sol1_gd1_rs0_bd1_str-lenient_t00_n1,402,4,1,Qwen/Qwen2.5-72B-Instruct,1,0,1,1,lenient,0.0,0.0,0.0
2026-05-24 01:35:22,L-N03_m-qwen2.5-72b_sol1_gd1_rs0_bd1_str-lenient_t00_n1,403,1,1,Qwen/Qwen2.5-72B-Instruct,1,0,1,1,lenient,0.0,9.5,0.0
2026-05-24 01:35:41,L-N03_m-qwen2.5-72b_sol1_gd1_rs0_bd1_str-lenient_t00_n1,403,2,1,Qwen/Qwen2.5-72B-Instruct,1,0,1,1,lenient,0.0,7.5,0.0
2026-05-24 01:35:52,L-N03_m-qwen2.5-72b_sol1_gd1_rs0_bd1_str-lenient_t00_n1,403,3,1,Qwen/Qwen2.5-72B-Instruct,1,0,1,1,lenient,0.0,11.0,0.0
2026-05-24 01:36:13,L-N03_m-qwen2.5-72b_sol1_gd1_rs0_bd1_str-lenient_t00_n1,404,1,1,Qwen/Qwen2.5-72B-Instruct,1,0,1,1,lenient,0.0,11.5,3.0
2026-05-24 01:36:25,L-N03_m-qwen2.5-72b_sol1_gd1_rs0_bd1_str-lenient_t00_n1,404,2,1,Qwen/Qwen2.5-72B-Instruct,1,0,1,1,lenient,0.0,10.5,3.0
2026-05-24 01:36:35,L-N03_m-qwen2.5-72b_sol1_gd1_rs0_bd1_str-lenient_t00_n1,404,3,1,Qwen/Qwen2.5-72B-Instruct,1,0,1,1,lenient,0.0,11.5,0.0
2026-05-24 01:36:49,L-N03_m-qwen2.5-72b_sol1_gd1_rs0_bd1_str-lenient_t00_n1,405,1,1,Qwen/Qwen2.5-72B-Instruct,1,0,1,1,lenient,0.0,11.5,4.0
2026-05-24 01:37:02,L-N03_m-qwen2.5-72b_sol1_gd1_rs0_bd1_str-lenient_t00_n1,405,2,1,Qwen/Qwen2.5-72B-Instruct,1,0,1,1,lenient,0.0,9.5,0.0
2026-05-24 01:37:11,L-N03_m-qwen2.5-72b_sol1_gd1_rs0_bd1_str-lenient_t00_n1,405,3,1,Qwen/Qwen2.5-72B-Instruct,1,0,1,1,lenient,0.0,11.5,0.0
2026-05-24 01:37:16,L-N03_m-qwen2.5-72b_sol1_gd1_rs0_bd1_str-lenient_t00_n1,405,4,1,Qwen/Qwen2.5-72B-Instruct,1,0,1,1,lenient,0.0,0.0,0.0
2026-05-24 01:37:29,L-N03_m-qwen2.5-72b_sol1_gd1_rs0_bd1_str-lenient_t00_n1,406,1,1,Qwen/Qwen2.5-72B-Instruct,1,0,1,1,lenient,0.0,11.5,0.0
2026-05-24 01:37:42,L-N03_m-qwen2.5-72b_sol1_gd1_rs0_bd1_str-lenient_t00_n1,406,2,1,Qwen/Qwen2.5-72B-Instruct,1,0,1,1,lenient,0.0,9.5,0.0
2026-05-24 01:37:52,L-N03_m-qwen2.5-72b_sol1_gd1_rs0_bd1_str-lenient_t00_n1,406,3,1,Qwen/Qwen2.5-72B-Instruct,1,0,1,1,lenient,0.0,11.5,0.0
2026-05-24 01:38:06,L-N03_m-qwen2.5-72b_sol1_gd1_rs0_bd1_str-lenient_t00_n1,407,1,1,Qwen/Qwen2.5-72B-Instruct,1,0,1,1,lenient,0.0,9.5,0.0
2026-05-24 01:38:19,L-N03_m-qwen2.5-72b_sol1_gd1_rs0_bd1_str-lenient_t00_n1,407,2,1,Qwen/Qwen2.5-72B-Instruct,1,0,1,1,lenient,0.0,7.5,0.0
2026-05-24 01:38:29,L-N03_m-qwen2.5-72b_sol1_gd1_rs0_bd1_str-lenient_t00_n1,407,3,1,Qwen/Qwen2.5-72B-Instruct,1,0,1,1,lenient,0.0,9.0,0.0
2026-05-24 01:38:42,L-N03_m-qwen2.5-72b_sol1_gd1_rs0_bd1_str-lenient_t00_n1,408,1,1,Qwen/Qwen2.5-72B-Instruct,1,0,1,1,lenient,0.0,11.5,0.0
2026-05-24 01:38:55,L-N03_m-qwen2.5-72b_sol1_gd1_rs0_bd1_str-lenient_t00_n1,408,2,1,Qwen/Qwen2.5-72B-Instruct,1,0,1,1,lenient,0.0,9.5,0.0
2026-05-24 01:39:05,L-N03_m-qwen2.5-72b_sol1_gd1_rs0_bd1_str-lenient_t00_n1,408,3,1,Qwen/Qwen2.5-72B-Instruct,1,0,1,1,lenient,0.0,11.5,0.0
2026-05-24 01:39:19,L-N03_m-qwen2.5-72b_sol1_gd1_rs0_bd1_str-lenient_t00_n1,409,1,1,Qwen/Qwen2.5-72B-Instruct,1,0,1,1,lenient,0.0,9.5,0.0
2026-05-24 01:39:32,L-N03_m-qwen2.5-72b_sol1_gd1_rs0_bd1_str-lenient_t00_n1,409,2,1,Qwen/Qwen2.5-72B-Instruct,1,0,1,1,lenient,0.0,10.0,0.0
2026-05-24 01:39:42,L-N03_m-qwen2.5-72b_sol1_gd1_rs0_bd1_str-lenient_t00_n1,409,3,1,Qwen/Qwen2.5-72B-Instruct,1,0,1,1,lenient,0.0,11.0,0.0
2026-05-24 01:40:05,L-N03_m-qwen2.5-72b_sol1_gd1_rs0_bd1_str-lenient_t00_n1,410,1,1,Qwen/Qwen2.5-72B-Instruct,1,0,1,1,lenient,0.0,10.5,0.0
2026-05-24 01:40:18,L-N03_m-qwen2.5-72b_sol1_gd1_rs0_bd1_str-lenient_t00_n1,410,2,1,Qwen/Qwen2.5-72B-Instruct,1,0,1,1,lenient,0.0,9.5,3.0
2026-05-24 01:40:29,L-N03_m-qwen2.5-72b_sol1_gd1_rs0_bd1_str-lenient_t00_n1,410,3,1,Qwen/Qwen2.5-72B-Instruct,1,0,1,1,lenient,0.0,11.5,0.0
2026-05-24 01:40:44,L-N03_m-qwen2.5-72b_sol1_gd1_rs0_bd1_str-lenient_t00_n1,411,1,1,Qwen/Qwen2.5-72B-Instruct,1,0,1,1,lenient,0.0,11.5,3.0
2026-05-24 01:40:56,L-N03_m-qwen2.5-72b_sol1_gd1_rs0_bd1_str-lenient_t00_n1,411,2,1,Qwen/Qwen2.5-72B-Instruct,1,0,1,1,lenient,0.0,10.0,3.0
2026-05-24 01:41:05,L-N03_m-qwen2.5-72b_sol1_gd1_rs0_bd1_str-lenient_t00_n1,411,3,1,Qwen/Qwen2.5-72B-Instruct,1,0,1,1,lenient,0.0,11.0,0.0
2026-05-24 01:41:26,L-N03_m-qwen2.5-72b_sol1_gd1_rs0_bd1_str-lenient_t00_n1,412,1,1,Qwen/Qwen2.5-72B-Instruct,1,0,1,1,lenient,0.0,8.5,0.0
2026-05-24 01:41:37,L-N03_m-qwen2.5-72b_sol1_gd1_rs0_bd1_str-lenient_t00_n1,412,2,1,Qwen/Qwen2.5-72B-Instruct,1,0,1,1,lenient,0.0,9.5,0.0
2026-05-24 01:41:54,L-N03_m-qwen2.5-72b_sol1_gd1_rs0_bd1_str-lenient_t00_n1,412,3,1,Qwen/Qwen2.5-72B-Instruct,1,0,1,1,lenient,0.0,9.0,0.0
2026-05-24 01:42:07,L-N03_m-qwen2.5-72b_sol1_gd1_rs0_bd1_str-lenient_t00_n1,413,1,1,Qwen/Qwen2.5-72B-Instruct,1,0,1,1,lenient,0.0,9.5,0.0
2026-05-24 01:42:18,L-N03_m-qwen2.5-72b_sol1_gd1_rs0_bd1_str-lenient_t00_n1,413,2,1,Qwen/Qwen2.5-72B-Instruct,1,0,1,1,lenient,0.0,8.5,0.0
2026-05-24 01:42:29,L-N03_m-qwen2.5-72b_sol1_gd1_rs0_bd1_str-lenient_t00_n1,413,3,1,Qwen/Qwen2.5-72B-Instruct,1,0,1,1,lenient,0.0,11.5,0.0
2026-05-24 01:42:41,L-N03_m-qwen2.5-72b_sol1_gd1_rs0_bd1_str-lenient_t00_n1,414,1,1,Qwen/Qwen2.5-72B-Instruct,1,0,1,1,lenient,0.0,7.5,0.0
2026-05-24 01:42:53,L-N03_m-qwen2.5-72b_sol1_gd1_rs0_bd1_str-lenient_t00_n1,414,2,1,Qwen/Qwen2.5-72B-Instruct,1,0,1,1,lenient,0.0,8.5,0.0
2026-05-24 01:43:03,L-N03_m-qwen2.5-72b_sol1_gd1_rs0_bd1_str-lenient_t00_n1,414,3,1,Qwen/Qwen2.5-72B-Instruct,1,0,1,1,lenient,0.0,11.0,0.0
2026-05-24 01:43:17,L-N03_m-qwen2.5-72b_sol1_gd1_rs0_bd1_str-lenient_t00_n1,415,1,1,Qwen/Qwen2.5-72B-Instruct,1,0,1,1,lenient,0.0,11.5,3.0
2026-05-24 01:43:29,L-N03_m-qwen2.5-72b_sol1_gd1_rs0_bd1_str-lenient_t00_n1,415,2,1,Qwen/Qwen2.5-72B-Instruct,1,0,1,1,lenient,0.0,9.5,2.0
2026-05-24 01:43:41,L-N03_m-qwen2.5-72b_sol1_gd1_rs0_bd1_str-lenient_t00_n1,415,3,1,Qwen/Qwen2.5-72B-Instruct,1,0,1,1,lenient,0.0,11.5,0.0
2026-05-24 01:43:46,L-N03_m-qwen2.5-72b_sol1_gd1_rs0_bd1_str-lenient_t00_n1,415,4,1,Qwen/Qwen2.5-72B-Instruct,1,0,1,1,lenient,0.0,5.0,0.0
2026-05-24 01:43:58,L-N03_m-qwen2.5-72b_sol1_gd1_rs0_bd1_str-lenient_t00_n1,416,1,1,Qwen/Qwen2.5-72B-Instruct,1,0,1,1,lenient,0.0,11.5,0.0
2026-05-24 01:44:11,L-N03_m-qwen2.5-72b_sol1_gd1_rs0_bd1_str-lenient_t00_n1,416,2,1,Qwen/Qwen2.5-72B-Instruct,1,0,1,1,lenient,0.0,10.0,0.0
2026-05-24 01:44:20,L-N03_m-qwen2.5-72b_sol1_gd1_rs0_bd1_str-lenient_t00_n1,416,3,1,Qwen/Qwen2.5-72B-Instruct,1,0,1,1,lenient,0.0,6.0,0.0
2026-05-24 01:44:33,L-N03_m-qwen2.5-72b_sol1_gd1_rs0_bd1_str-lenient_t00_n1,417,1,1,Qwen/Qwen2.5-72B-Instruct,1,0,1,1,lenient,0.0,11.5,4.0
2026-05-24 01:44:45,L-N03_m-qwen2.5-72b_sol1_gd1_rs0_bd1_str-lenient_t00_n1,417,2,1,Qwen/Qwen2.5-72B-Instruct,1,0,1,1,lenient,0.0,10.0,0.0
2026-05-24 01:44:57,L-N03_m-qwen2.5-72b_sol1_gd1_rs0_bd1_str-lenient_t00_n1,417,3,1,Qwen/Qwen2.5-72B-Instruct,1,0,1,1,lenient,0.0,11.5,0.0
2026-05-24 01:45:09,L-N03_m-qwen2.5-72b_sol1_gd1_rs0_bd1_str-lenient_t00_n1,418,1,1,Qwen/Qwen2.5-72B-Instruct,1,0,1,1,lenient,0.0,11.5,0.0
2026-05-24 01:45:21,L-N03_m-qwen2.5-72b_sol1_gd1_rs0_bd1_str-lenient_t00_n1,418,2,1,Qwen/Qwen2.5-72B-Instruct,1,0,1,1,lenient,0.0,9.5,0.0
2026-05-24 01:45:32,L-N03_m-qwen2.5-72b_sol1_gd1_rs0_bd1_str-lenient_t00_n1,418,3,1,Qwen/Qwen2.5-72B-Instruct,1,0,1,1,lenient,0.0,10.0,0.0
2026-05-24 01:45:45,L-N03_m-qwen2.5-72b_sol1_gd1_rs0_bd1_str-lenient_t00_n1,419,1,1,Qwen/Qwen2.5-72B-Instruct,1,0,1,1,lenient,0.0,10.5,0.0
2026-05-24 01:45:56,L-N03_m-qwen2.5-72b_sol1_gd1_rs0_bd1_str-lenient_t00_n1,419,2,1,Qwen/Qwen2.5-72B-Instruct,1,0,1,1,lenient,0.0,10.0,0.0
2026-05-24 01:46:12,L-N03_m-qwen2.5-72b_sol1_gd1_rs0_bd1_str-lenient_t00_n1,419,3,1,Qwen/Qwen2.5-72B-Instruct,1,0,1,1,lenient,0.0,9.0,0.0
2026-05-24 01:46:25,L-N03_m-qwen2.5-72b_sol1_gd1_rs0_bd1_str-lenient_t00_n1,420,1,1,Qwen/Qwen2.5-72B-Instruct,1,0,1,1,lenient,0.0,11.5,0.0
2026-05-24 01:46:38,L-N03_m-qwen2.5-72b_sol1_gd1_rs0_bd1_str-lenient_t00_n1,420,2,1,Qwen/Qwen2.5-72B-Instruct,1,0,1,1,lenient,0.0,10.0,0.0
2026-05-24 01:46:48,L-N03_m-qwen2.5-72b_sol1_gd1_rs0_bd1_str-lenient_t00_n1,420,3,1,Qwen/Qwen2.5-72B-Instruct,1,0,1,1,lenient,0.0,9.0,0.0
2026-05-24 01:47:08,L-N03_m-qwen2.5-72b_sol1_gd1_rs0_bd1_str-lenient_t00_n1,421,1,1,Qwen/Qwen2.5-72B-Instruct,1,0,1,1,lenient,0.0,9.5,0.0
2026-05-24 01:47:20,L-N03_m-qwen2.5-72b_sol1_gd1_rs0_bd1_str-lenient_t00_n1,421,2,1,Qwen/Qwen2.5-72B-Instruct,1,0,1,1,lenient,0.0,7.5,0.0
2026-05-24 01:47:37,L-N03_m-qwen2.5-72b_sol1_gd1_rs0_bd1_str-lenient_t00_n1,421,3,1,Qwen/Qwen2.5-72B-Instruct,1,0,1,1,lenient,0.0,8.5,0.0
2026-05-24 01:47:57,L-N03_m-qwen2.5-72b_sol1_gd1_rs0_bd1_str-lenient_t00_n1,422,1,1,Qwen/Qwen2.5-72B-Instruct,1,0,1,1,lenient,0.0,7.5,0.0
2026-05-24 01:48:09,L-N03_m-qwen2.5-72b_sol1_gd1_rs0_bd1_str-lenient_t00_n1,422,2,1,Qwen/Qwen2.5-72B-Instruct,1,0,1,1,lenient,0.0,7.5,0.0
2026-05-24 01:48:19,L-N03_m-qwen2.5-72b_sol1_gd1_rs0_bd1_str-lenient_t00_n1,422,3,1,Qwen/Qwen2.5-72B-Instruct,1,0,1,1,lenient,0.0,11.0,0.0
2026-05-24 01:48:39,L-N03_m-qwen2.5-72b_sol1_gd1_rs0_bd1_str-lenient_t00_n1,423,1,1,Qwen/Qwen2.5-72B-Instruct,1,0,1,1,lenient,0.0,11.5,4.0
2026-05-24 01:48:51,L-N03_m-qwen2.5-72b_sol1_gd1_rs0_bd1_str-lenient_t00_n1,423,2,1,Qwen/Qwen2.5-72B-Instruct,1,0,1,1,lenient,0.0,10.0,0.0
2026-05-24 01:49:02,L-N03_m-qwen2.5-72b_sol1_gd1_rs0_bd1_str-lenient_t00_n1,423,3,1,Qwen/Qwen2.5-72B-Instruct,1,0,1,1,lenient,0.0,11.0,0.0
2026-05-24 01:49:08,L-N03_m-qwen2.5-72b_sol1_gd1_rs0_bd1_str-lenient_t00_n1,423,4,1,Qwen/Qwen2.5-72B-Instruct,1,0,1,1,lenient,0.0,5.0,0.0
2026-05-24 01:49:21,L-N03_m-qwen2.5-72b_sol1_gd1_rs0_bd1_str-lenient_t00_n1,424,1,1,Qwen/Qwen2.5-72B-Instruct,1,0,1,1,lenient,0.0,11.5,0.0
2026-05-24 01:49:33,L-N03_m-qwen2.5-72b_sol1_gd1_rs0_bd1_str-lenient_t00_n1,424,2,1,Qwen/Qwen2.5-72B-Instruct,1,0,1,1,lenient,0.0,8.5,0.0
2026-05-24 01:49:44,L-N03_m-qwen2.5-72b_sol1_gd1_rs0_bd1_str-lenient_t00_n1,424,3,1,Qwen/Qwen2.5-72B-Instruct,1,0,1,1,lenient,0.0,11.5,0.0
2026-05-24 01:49:49,L-N03_m-qwen2.5-72b_sol1_gd1_rs0_bd1_str-lenient_t00_n1,424,4,1,Qwen/Qwen2.5-72B-Instruct,1,0,1,1,lenient,0.0,5.0,0.0
2026-05-24 01:50:02,L-N03_m-qwen2.5-72b_sol1_gd1_rs0_bd1_str-lenient_t00_n1,425,1,1,Qwen/Qwen2.5-72B-Instruct,1,0,1,1,lenient,0.0,10.5,0.0
2026-05-24 01:50:14,L-N03_m-qwen2.5-72b_sol1_gd1_rs0_bd1_str-lenient_t00_n1,425,2,1,Qwen/Qwen2.5-72B-Instruct,1,0,1,1,lenient,0.0,8.5,0.0
2026-05-24 01:50:23,L-N03_m-qwen2.5-72b_sol1_gd1_rs0_bd1_str-lenient_t00_n1,425,3,1,Qwen/Qwen2.5-72B-Instruct,1,0,1,1,lenient,0.0,10.0,0.0
2026-05-24 01:50:36,L-N03_m-qwen2.5-72b_sol1_gd1_rs0_bd1_str-lenient_t00_n1,426,1,1,Qwen/Qwen2.5-72B-Instruct,1,0,1,1,lenient,0.0,11.5,0.0
2026-05-24 01:50:49,L-N03_m-qwen2.5-72b_sol1_gd1_rs0_bd1_str-lenient_t00_n1,426,2,1,Qwen/Qwen2.5-72B-Instruct,1,0,1,1,lenient,0.0,10.0,0.0
2026-05-24 01:50:59,L-N03_m-qwen2.5-72b_sol1_gd1_rs0_bd1_str-lenient_t00_n1,426,3,1,Qwen/Qwen2.5-72B-Instruct,1,0,1,1,lenient,0.0,11.5,0.0
2026-05-24 01:51:03,L-N03_m-qwen2.5-72b_sol1_gd1_rs0_bd1_str-lenient_t00_n1,426,4,1,Qwen/Qwen2.5-72B-Instruct,1,0,1,1,lenient,0.0,0.0,0.0
2026-05-24 01:51:16,L-N03_m-qwen2.5-72b_sol1_gd1_rs0_bd1_str-lenient_t00_n1,427,1,1,Qwen/Qwen2.5-72B-Instruct,1,0,1,1,lenient,0.0,11.5,4.0
2026-05-24 01:51:30,L-N03_m-qwen2.5-72b_sol1_gd1_rs0_bd1_str-lenient_t00_n1,427,2,1,Qwen/Qwen2.5-72B-Instruct,1,0,1,1,lenient,0.0,10.0,3.0
2026-05-24 01:51:41,L-N03_m-qwen2.5-72b_sol1_gd1_rs0_bd1_str-lenient_t00_n1,427,3,1,Qwen/Qwen2.5-72B-Instruct,1,0,1,1,lenient,0.0,11.0,0.0
2026-05-24 01:51:53,L-N03_m-qwen2.5-72b_sol1_gd1_rs0_bd1_str-lenient_t00_n1,428,1,1,Qwen/Qwen2.5-72B-Instruct,1,0,1,1,lenient,0.0,11.5,0.0
2026-05-24 01:52:06,L-N03_m-qwen2.5-72b_sol1_gd1_rs0_bd1_str-lenient_t00_n1,428,2,1,Qwen/Qwen2.5-72B-Instruct,1,0,1,1,lenient,0.0,9.5,0.0
2026-05-24 01:52:16,L-N03_m-qwen2.5-72b_sol1_gd1_rs0_bd1_str-lenient_t00_n1,428,3,1,Qwen/Qwen2.5-72B-Instruct,1,0,1,1,lenient,0.0,11.5,0.0
2026-05-24 01:52:29,L-N03_m-qwen2.5-72b_sol1_gd1_rs0_bd1_str-lenient_t00_n1,429,1,1,Qwen/Qwen2.5-72B-Instruct,1,0,1,1,lenient,0.0,11.5,0.0
2026-05-24 01:52:41,L-N03_m-qwen2.5-72b_sol1_gd1_rs0_bd1_str-lenient_t00_n1,429,2,1,Qwen/Qwen2.5-72B-Instruct,1,0,1,1,lenient,0.0,9.0,0.0
2026-05-24 01:53:00,L-N03_m-qwen2.5-72b_sol1_gd1_rs0_bd1_str-lenient_t00_n1,429,3,1,Qwen/Qwen2.5-72B-Instruct,1,0,1,1,lenient,0.0,10.0,0.0
2026-05-24 01:53:13,L-N03_m-qwen2.5-72b_sol1_gd1_rs0_bd1_str-lenient_t00_n1,430,1,1,Qwen/Qwen2.5-72B-Instruct,1,0,1,1,lenient,0.0,11.5,0.0
2026-05-24 01:53:26,L-N03_m-qwen2.5-72b_sol1_gd1_rs0_bd1_str-lenient_t00_n1,430,2,1,Qwen/Qwen2.5-72B-Instruct,1,0,1,1,lenient,0.0,9.5,0.0
2026-05-24 01:53:36,L-N03_m-qwen2.5-72b_sol1_gd1_rs0_bd1_str-lenient_t00_n1,430,3,1,Qwen/Qwen2.5-72B-Instruct,1,0,1,1,lenient,0.0,11.5,0.0
2026-05-24 01:53:50,L-N03_m-qwen2.5-72b_sol1_gd1_rs0_bd1_str-lenient_t00_n1,431,1,1,Qwen/Qwen2.5-72B-Instruct,1,0,1,1,lenient,0.0,7.5,0.0
2026-05-24 01:54:02,L-N03_m-qwen2.5-72b_sol1_gd1_rs0_bd1_str-lenient_t00_n1,431,2,1,Qwen/Qwen2.5-72B-Instruct,1,0,1,1,lenient,0.0,8.5,0.0
2026-05-24 01:54:20,L-N03_m-qwen2.5-72b_sol1_gd1_rs0_bd1_str-lenient_t00_n1,431,3,1,Qwen/Qwen2.5-72B-Instruct,1,0,1,1,lenient,0.0,8.5,0.0
2026-05-24 01:54:33,L-N03_m-qwen2.5-72b_sol1_gd1_rs0_bd1_str-lenient_t00_n1,432,1,1,Qwen/Qwen2.5-72B-Instruct,1,0,1,1,lenient,0.0,9.5,0.0
2026-05-24 01:54:45,L-N03_m-qwen2.5-72b_sol1_gd1_rs0_bd1_str-lenient_t00_n1,432,2,1,Qwen/Qwen2.5-72B-Instruct,1,0,1,1,lenient,0.0,8.5,0.0
2026-05-24 01:55:04,L-N03_m-qwen2.5-72b_sol1_gd1_rs0_bd1_str-lenient_t00_n1,432,3,1,Qwen/Qwen2.5-72B-Instruct,1,0,1,1,lenient,0.0,9.0,0.0
2026-05-24 01:55:18,L-N03_m-qwen2.5-72b_sol1_gd1_rs0_bd1_str-lenient_t00_n1,433,1,1,Qwen/Qwen2.5-72B-Instruct,1,0,1,1,lenient,0.0,9.5,0.0
2026-05-24 01:55:30,L-N03_m-qwen2.5-72b_sol1_gd1_rs0_bd1_str-lenient_t00_n1,433,2,1,Qwen/Qwen2.5-72B-Instruct,1,0,1,1,lenient,0.0,8.5,0.0
2026-05-24 01:55:50,L-N03_m-qwen2.5-72b_sol1_gd1_rs0_bd1_str-lenient_t00_n1,433,3,1,Qwen/Qwen2.5-72B-Instruct,1,0,1,1,lenient,0.0,7.5,0.0
2026-05-24 01:56:03,L-N03_m-qwen2.5-72b_sol1_gd1_rs0_bd1_str-lenient_t00_n1,434,1,1,Qwen/Qwen2.5-72B-Instruct,1,0,1,1,lenient,0.0,9.5,0.0
2026-05-24 01:56:16,L-N03_m-qwen2.5-72b_sol1_gd1_rs0_bd1_str-lenient_t00_n1,434,2,1,Qwen/Qwen2.5-72B-Instruct,1,0,1,1,lenient,0.0,9.0,2.0
2026-05-24 01:56:28,L-N03_m-qwen2.5-72b_sol1_gd1_rs0_bd1_str-lenient_t00_n1,434,3,1,Qwen/Qwen2.5-72B-Instruct,1,0,1,1,lenient,0.0,9.0,0.0
2026-05-24 01:56:40,L-N03_m-qwen2.5-72b_sol1_gd1_rs0_bd1_str-lenient_t00_n1,435,1,1,Qwen/Qwen2.5-72B-Instruct,1,0,1,1,lenient,0.0,11.5,0.0
2026-05-24 01:56:52,L-N03_m-qwen2.5-72b_sol1_gd1_rs0_bd1_str-lenient_t00_n1,435,2,1,Qwen/Qwen2.5-72B-Instruct,1,0,1,1,lenient,0.0,10.0,0.0
2026-05-24 01:57:03,L-N03_m-qwen2.5-72b_sol1_gd1_rs0_bd1_str-lenient_t00_n1,435,3,1,Qwen/Qwen2.5-72B-Instruct,1,0,1,1,lenient,0.0,11.5,0.0
2026-05-24 01:57:09,L-N03_m-qwen2.5-72b_sol1_gd1_rs0_bd1_str-lenient_t00_n1,435,4,1,Qwen/Qwen2.5-72B-Instruct,1,0,1,1,lenient,0.0,5.0,0.0
2026-05-24 01:57:29,L-N03_m-qwen2.5-72b_sol1_gd1_rs0_bd1_str-lenient_t00_n1,436,1,1,Qwen/Qwen2.5-72B-Instruct,1,0,1,1,lenient,0.0,8.5,0.0
2026-05-24 01:57:49,L-N03_m-qwen2.5-72b_sol1_gd1_rs0_bd1_str-lenient_t00_n1,436,2,1,Qwen/Qwen2.5-72B-Instruct,1,0,1,1,lenient,0.0,8.5,0.0
2026-05-24 01:58:06,L-N03_m-qwen2.5-72b_sol1_gd1_rs0_bd1_str-lenient_t00_n1,436,3,1,Qwen/Qwen2.5-72B-Instruct,1,0,1,1,lenient,0.0,7.5,0.0
2026-05-24 01:58:19,L-N03_m-qwen2.5-72b_sol1_gd1_rs0_bd1_str-lenient_t00_n1,437,1,1,Qwen/Qwen2.5-72B-Instruct,1,0,1,1,lenient,0.0,11.5,0.0
2026-05-24 01:58:30,L-N03_m-qwen2.5-72b_sol1_gd1_rs0_bd1_str-lenient_t00_n1,437,2,1,Qwen/Qwen2.5-72B-Instruct,1,0,1,1,lenient,0.0,8.5,0.0
2026-05-24 01:58:41,L-N03_m-qwen2.5-72b_sol1_gd1_rs0_bd1_str-lenient_t00_n1,437,3,1,Qwen/Qwen2.5-72B-Instruct,1,0,1,1,lenient,0.0,11.5,0.0
2026-05-24 01:58:54,L-N03_m-qwen2.5-72b_sol1_gd1_rs0_bd1_str-lenient_t00_n1,438,1,1,Qwen/Qwen2.5-72B-Instruct,1,0,1,1,lenient,0.0,10.5,0.0
2026-05-24 01:59:07,L-N03_m-qwen2.5-72b_sol1_gd1_rs0_bd1_str-lenient_t00_n1,438,2,1,Qwen/Qwen2.5-72B-Instruct,1,0,1,1,lenient,0.0,9.5,2.0
2026-05-24 01:59:24,L-N03_m-qwen2.5-72b_sol1_gd1_rs0_bd1_str-lenient_t00_n1,438,3,1,Qwen/Qwen2.5-72B-Instruct,1,0,1,1,lenient,0.0,9.0,0.0
2026-05-24 01:59:37,L-N03_m-qwen2.5-72b_sol1_gd1_rs0_bd1_str-lenient_t00_n1,439,1,1,Qwen/Qwen2.5-72B-Instruct,1,0,1,1,lenient,0.0,11.5,0.0
2026-05-24 01:59:48,L-N03_m-qwen2.5-72b_sol1_gd1_rs0_bd1_str-lenient_t00_n1,439,2,1,Qwen/Qwen2.5-72B-Instruct,1,0,1,1,lenient,0.0,10.0,0.0
2026-05-24 01:59:58,L-N03_m-qwen2.5-72b_sol1_gd1_rs0_bd1_str-lenient_t00_n1,439,3,1,Qwen/Qwen2.5-72B-Instruct,1,0,1,1,lenient,0.0,3.0,0.0
2026-05-24 02:00:21,L-N03_m-qwen2.5-72b_sol1_gd1_rs0_bd1_str-lenient_t00_n1,440,1,1,Qwen/Qwen2.5-72B-Instruct,1,0,1,1,lenient,0.0,7.5,0.0
2026-05-24 02:00:39,L-N03_m-qwen2.5-72b_sol1_gd1_rs0_bd1_str-lenient_t00_n1,440,2,1,Qwen/Qwen2.5-72B-Instruct,1,0,1,1,lenient,0.0,5.5,0.0
2026-05-24 02:00:53,L-N03_m-qwen2.5-72b_sol1_gd1_rs0_bd1_str-lenient_t00_n1,440,3,1,Qwen/Qwen2.5-72B-Instruct,1,0,1,1,lenient,0.0,7.5,0.0
2026-05-24 02:01:06,L-N03_m-qwen2.5-72b_sol1_gd1_rs0_bd1_str-lenient_t00_n1,441,1,1,Qwen/Qwen2.5-72B-Instruct,1,0,1,1,lenient,0.0,11.5,0.0
2026-05-24 02:01:21,L-N03_m-qwen2.5-72b_sol1_gd1_rs0_bd1_str-lenient_t00_n1,441,2,1,Qwen/Qwen2.5-72B-Instruct,1,0,1,1,lenient,0.0,8.5,0.0
2026-05-24 02:01:37,L-N03_m-qwen2.5-72b_sol1_gd1_rs0_bd1_str-lenient_t00_n1,441,3,1,Qwen/Qwen2.5-72B-Instruct,1,0,1,1,lenient,0.0,9.0,0.0
2026-05-24 02:01:41,L-N03_m-qwen2.5-72b_sol1_gd1_rs0_bd1_str-lenient_t00_n1,441,4,1,Qwen/Qwen2.5-72B-Instruct,1,0,1,1,lenient,0.0,0.0,0.0
2026-05-24 02:01:53,L-N03_m-qwen2.5-72b_sol1_gd1_rs0_bd1_str-lenient_t00_n1,442,1,1,Qwen/Qwen2.5-72B-Instruct,1,0,1,1,lenient,0.0,10.5,0.0
2026-05-24 02:02:06,L-N03_m-qwen2.5-72b_sol1_gd1_rs0_bd1_str-lenient_t00_n1,442,2,1,Qwen/Qwen2.5-72B-Instruct,1,0,1,1,lenient,0.0,9.5,0.0
2026-05-24 02:02:22,L-N03_m-qwen2.5-72b_sol1_gd1_rs0_bd1_str-lenient_t00_n1,442,3,1,Qwen/Qwen2.5-72B-Instruct,1,0,1,1,lenient,0.0,9.0,0.0
2026-05-24 02:02:36,L-N03_m-qwen2.5-72b_sol1_gd1_rs0_bd1_str-lenient_t00_n1,443,1,1,Qwen/Qwen2.5-72B-Instruct,1,0,1,1,lenient,0.0,9.5,0.0
2026-05-24 02:02:48,L-N03_m-qwen2.5-72b_sol1_gd1_rs0_bd1_str-lenient_t00_n1,443,2,1,Qwen/Qwen2.5-72B-Instruct,1,0,1,1,lenient,0.0,8.5,0.0
2026-05-24 02:02:59,L-N03_m-qwen2.5-72b_sol1_gd1_rs0_bd1_str-lenient_t00_n1,443,3,1,Qwen/Qwen2.5-72B-Instruct,1,0,1,1,lenient,0.0,11.5,0.0
2026-05-24 02:03:11,L-N03_m-qwen2.5-72b_sol1_gd1_rs0_bd1_str-lenient_t00_n1,444,1,1,Qwen/Qwen2.5-72B-Instruct,1,0,1,1,lenient,0.0,7.5,0.0
2026-05-24 02:03:24,L-N03_m-qwen2.5-72b_sol1_gd1_rs0_bd1_str-lenient_t00_n1,444,2,1,Qwen/Qwen2.5-72B-Instruct,1,0,1,1,lenient,0.0,7.5,0.0
2026-05-24 02:03:40,L-N03_m-qwen2.5-72b_sol1_gd1_rs0_bd1_str-lenient_t00_n1,444,3,1,Qwen/Qwen2.5-72B-Instruct,1,0,1,1,lenient,0.0,9.0,0.0
2026-05-24 02:03:54,L-N03_m-qwen2.5-72b_sol1_gd1_rs0_bd1_str-lenient_t00_n1,445,1,1,Qwen/Qwen2.5-72B-Instruct,1,0,1,1,lenient,0.0,8.5,0.0
2026-05-24 02:04:13,L-N03_m-qwen2.5-72b_sol1_gd1_rs0_bd1_str-lenient_t00_n1,445,2,1,Qwen/Qwen2.5-72B-Instruct,1,0,1,1,lenient,0.0,5.5,0.0
2026-05-24 02:04:21,L-N03_m-qwen2.5-72b_sol1_gd1_rs0_bd1_str-lenient_t00_n1,445,3,1,Qwen/Qwen2.5-72B-Instruct,1,0,1,1,lenient,0.0,0.0,0.0
2026-05-24 02:04:34,L-N03_m-qwen2.5-72b_sol1_gd1_rs0_bd1_str-lenient_t00_n1,446,1,1,Qwen/Qwen2.5-72B-Instruct,1,0,1,1,lenient,0.0,11.5,0.0
2026-05-24 02:04:46,L-N03_m-qwen2.5-72b_sol1_gd1_rs0_bd1_str-lenient_t00_n1,446,2,1,Qwen/Qwen2.5-72B-Instruct,1,0,1,1,lenient,0.0,8.5,0.0
2026-05-24 02:05:02,L-N03_m-qwen2.5-72b_sol1_gd1_rs0_bd1_str-lenient_t00_n1,446,3,1,Qwen/Qwen2.5-72B-Instruct,1,0,1,1,lenient,0.0,9.0,0.0
2026-05-24 02:05:15,L-N03_m-qwen2.5-72b_sol1_gd1_rs0_bd1_str-lenient_t00_n1,447,1,1,Qwen/Qwen2.5-72B-Instruct,1,0,1,1,lenient,0.0,10.5,0.0
2026-05-24 02:05:25,L-N03_m-qwen2.5-72b_sol1_gd1_rs0_bd1_str-lenient_t00_n1,447,2,1,Qwen/Qwen2.5-72B-Instruct,1,0,1,1,lenient,0.0,0.0,0.0
2026-05-24 02:05:35,L-N03_m-qwen2.5-72b_sol1_gd1_rs0_bd1_str-lenient_t00_n1,447,3,1,Qwen/Qwen2.5-72B-Instruct,1,0,1,1,lenient,0.0,10.0,0.0
2026-05-24 02:05:49,L-N03_m-qwen2.5-72b_sol1_gd1_rs0_bd1_str-lenient_t00_n1,448,1,1,Qwen/Qwen2.5-72B-Instruct,1,0,1,1,lenient,0.0,11.5,0.0
2026-05-24 02:06:01,L-N03_m-qwen2.5-72b_sol1_gd1_rs0_bd1_str-lenient_t00_n1,448,2,1,Qwen/Qwen2.5-72B-Instruct,1,0,1,1,lenient,0.0,10.0,0.0
2026-05-24 02:06:10,L-N03_m-qwen2.5-72b_sol1_gd1_rs0_bd1_str-lenient_t00_n1,448,3,1,Qwen/Qwen2.5-72B-Instruct,1,0,1,1,lenient,0.0,11.5,0.0
2026-05-24 02:06:24,L-N03_m-qwen2.5-72b_sol1_gd1_rs0_bd1_str-lenient_t00_n1,449,1,1,Qwen/Qwen2.5-72B-Instruct,1,0,1,1,lenient,0.0,10.5,3.0
2026-05-24 02:06:35,L-N03_m-qwen2.5-72b_sol1_gd1_rs0_bd1_str-lenient_t00_n1,449,2,1,Qwen/Qwen2.5-72B-Instruct,1,0,1,1,lenient,0.0,7.5,0.0
2026-05-24 02:06:55,L-N03_m-qwen2.5-72b_sol1_gd1_rs0_bd1_str-lenient_t00_n1,450,1,1,Qwen/Qwen2.5-72B-Instruct,1,0,1,1,lenient,0.0,7.5,0.0
2026-05-24 02:07:08,L-N03_m-qwen2.5-72b_sol1_gd1_rs0_bd1_str-lenient_t00_n1,450,2,1,Qwen/Qwen2.5-72B-Instruct,1,0,1,1,lenient,0.0,9.5,0.0
2026-05-24 02:07:22,L-N03_m-qwen2.5-72b_sol1_gd1_rs0_bd1_str-lenient_t00_n1,451,1,1,Qwen/Qwen2.5-72B-Instruct,1,0,1,1,lenient,0.0,9.5,0.0
2026-05-24 02:07:36,L-N03_m-qwen2.5-72b_sol1_gd1_rs0_bd1_str-lenient_t00_n1,451,2,1,Qwen/Qwen2.5-72B-Instruct,1,0,1,1,lenient,0.0,9.0,0.0
2026-05-24 02:07:47,L-N03_m-qwen2.5-72b_sol1_gd1_rs0_bd1_str-lenient_t00_n1,451,3,1,Qwen/Qwen2.5-72B-Instruct,1,0,1,1,lenient,0.0,11.0,0.0
2026-05-24 02:08:01,L-N03_m-qwen2.5-72b_sol1_gd1_rs0_bd1_str-lenient_t00_n1,452,1,1,Qwen/Qwen2.5-72B-Instruct,1,0,1,1,lenient,0.0,11.5,4.0
2026-05-24 02:08:14,L-N03_m-qwen2.5-72b_sol1_gd1_rs0_bd1_str-lenient_t00_n1,452,2,1,Qwen/Qwen2.5-72B-Instruct,1,0,1,1,lenient,0.0,10.5,3.0
2026-05-24 02:08:31,L-N03_m-qwen2.5-72b_sol1_gd1_rs0_bd1_str-lenient_t00_n1,452,3,1,Qwen/Qwen2.5-72B-Instruct,1,0,1,1,lenient,0.0,7.5,0.0
2026-05-24 02:08:36,L-N03_m-qwen2.5-72b_sol1_gd1_rs0_bd1_str-lenient_t00_n1,452,4,1,Qwen/Qwen2.5-72B-Instruct,1,0,1,1,lenient,0.0,5.0,0.0
2026-05-24 02:08:49,L-N03_m-qwen2.5-72b_sol1_gd1_rs0_bd1_str-lenient_t00_n1,453,1,1,Qwen/Qwen2.5-72B-Instruct,1,0,1,1,lenient,0.0,11.5,0.0
2026-05-24 02:09:02,L-N03_m-qwen2.5-72b_sol1_gd1_rs0_bd1_str-lenient_t00_n1,453,2,1,Qwen/Qwen2.5-72B-Instruct,1,0,1,1,lenient,0.0,9.5,0.0
2026-05-24 02:09:13,L-N03_m-qwen2.5-72b_sol1_gd1_rs0_bd1_str-lenient_t00_n1,453,3,1,Qwen/Qwen2.5-72B-Instruct,1,0,1,1,lenient,0.0,11.5,0.0
2026-05-24 02:09:18,L-N03_m-qwen2.5-72b_sol1_gd1_rs0_bd1_str-lenient_t00_n1,453,4,1,Qwen/Qwen2.5-72B-Instruct,1,0,1,1,lenient,0.0,5.0,0.0
2026-05-24 02:09:30,L-N03_m-qwen2.5-72b_sol1_gd1_rs0_bd1_str-lenient_t00_n1,454,1,1,Qwen/Qwen2.5-72B-Instruct,1,0,1,1,lenient,0.0,8.5,0.0
2026-05-24 02:09:42,L-N03_m-qwen2.5-72b_sol1_gd1_rs0_bd1_str-lenient_t00_n1,454,2,1,Qwen/Qwen2.5-72B-Instruct,1,0,1,1,lenient,0.0,9.0,0.0
2026-05-24 02:09:57,L-N03_m-qwen2.5-72b_sol1_gd1_rs0_bd1_str-lenient_t00_n1,454,3,1,Qwen/Qwen2.5-72B-Instruct,1,0,1,1,lenient,0.0,7.5,0.0
2026-05-24 02:10:11,L-N03_m-qwen2.5-72b_sol1_gd1_rs0_bd1_str-lenient_t00_n1,455,1,1,Qwen/Qwen2.5-72B-Instruct,1,0,1,1,lenient,0.0,11.5,0.0
2026-05-24 02:10:23,L-N03_m-qwen2.5-72b_sol1_gd1_rs0_bd1_str-lenient_t00_n1,455,2,1,Qwen/Qwen2.5-72B-Instruct,1,0,1,1,lenient,0.0,9.5,0.0
2026-05-24 02:10:33,L-N03_m-qwen2.5-72b_sol1_gd1_rs0_bd1_str-lenient_t00_n1,455,3,1,Qwen/Qwen2.5-72B-Instruct,1,0,1,1,lenient,0.0,9.0,0.0
2026-05-24 02:10:48,L-N03_m-qwen2.5-72b_sol1_gd1_rs0_bd1_str-lenient_t00_n1,456,1,1,Qwen/Qwen2.5-72B-Instruct,1,0,1,1,lenient,0.0,11.5,0.0
2026-05-24 02:11:00,L-N03_m-qwen2.5-72b_sol1_gd1_rs0_bd1_str-lenient_t00_n1,456,2,1,Qwen/Qwen2.5-72B-Instruct,1,0,1,1,lenient,0.0,8.5,0.0
2026-05-24 02:11:09,L-N03_m-qwen2.5-72b_sol1_gd1_rs0_bd1_str-lenient_t00_n1,456,3,1,Qwen/Qwen2.5-72B-Instruct,1,0,1,1,lenient,0.0,11.0,0.0
2026-05-24 02:11:23,L-N03_m-qwen2.5-72b_sol1_gd1_rs0_bd1_str-lenient_t00_n1,457,1,1,Qwen/Qwen2.5-72B-Instruct,1,0,1,1,lenient,0.0,11.5,0.0
2026-05-24 02:11:36,L-N03_m-qwen2.5-72b_sol1_gd1_rs0_bd1_str-lenient_t00_n1,457,2,1,Qwen/Qwen2.5-72B-Instruct,1,0,1,1,lenient,0.0,9.5,0.0
2026-05-24 02:11:46,L-N03_m-qwen2.5-72b_sol1_gd1_rs0_bd1_str-lenient_t00_n1,457,3,1,Qwen/Qwen2.5-72B-Instruct,1,0,1,1,lenient,0.0,11.5,0.0
2026-05-24 02:11:58,L-N03_m-qwen2.5-72b_sol1_gd1_rs0_bd1_str-lenient_t00_n1,458,1,1,Qwen/Qwen2.5-72B-Instruct,1,0,1,1,lenient,0.0,11.5,0.0
2026-05-24 02:12:11,L-N03_m-qwen2.5-72b_sol1_gd1_rs0_bd1_str-lenient_t00_n1,458,2,1,Qwen/Qwen2.5-72B-Instruct,1,0,1,1,lenient,0.0,10.0,0.0
2026-05-24 02:12:28,L-N03_m-qwen2.5-72b_sol1_gd1_rs0_bd1_str-lenient_t00_n1,458,3,1,Qwen/Qwen2.5-72B-Instruct,1,0,1,1,lenient,0.0,11.0,0.0
2026-05-24 02:12:41,L-N03_m-qwen2.5-72b_sol1_gd1_rs0_bd1_str-lenient_t00_n1,459,1,1,Qwen/Qwen2.5-72B-Instruct,1,0,1,1,lenient,0.0,11.5,4.0
2026-05-24 02:12:53,L-N03_m-qwen2.5-72b_sol1_gd1_rs0_bd1_str-lenient_t00_n1,459,2,1,Qwen/Qwen2.5-72B-Instruct,1,0,1,1,lenient,0.0,11.0,4.0
2026-05-24 02:13:04,L-N03_m-qwen2.5-72b_sol1_gd1_rs0_bd1_str-lenient_t00_n1,459,3,1,Qwen/Qwen2.5-72B-Instruct,1,0,1,1,lenient,0.0,11.5,0.0
2026-05-24 02:13:09,L-N03_m-qwen2.5-72b_sol1_gd1_rs0_bd1_str-lenient_t00_n1,459,4,1,Qwen/Qwen2.5-72B-Instruct,1,0,1,1,lenient,0.0,5.0,0.0
2026-05-24 02:13:22,L-N03_m-qwen2.5-72b_sol1_gd1_rs0_bd1_str-lenient_t00_n1,460,1,1,Qwen/Qwen2.5-72B-Instruct,1,0,1,1,lenient,0.0,11.5,3.0
2026-05-24 02:13:35,L-N03_m-qwen2.5-72b_sol1_gd1_rs0_bd1_str-lenient_t00_n1,460,2,1,Qwen/Qwen2.5-72B-Instruct,1,0,1,1,lenient,0.0,10.5,3.0
2026-05-24 02:13:46,L-N03_m-qwen2.5-72b_sol1_gd1_rs0_bd1_str-lenient_t00_n1,460,3,1,Qwen/Qwen2.5-72B-Instruct,1,0,1,1,lenient,0.0,11.0,0.0
2026-05-24 02:13:51,L-N03_m-qwen2.5-72b_sol1_gd1_rs0_bd1_str-lenient_t00_n1,460,4,1,Qwen/Qwen2.5-72B-Instruct,1,0,1,1,lenient,0.0,5.0,0.0
2026-05-24 02:14:04,L-N03_m-qwen2.5-72b_sol1_gd1_rs0_bd1_str-lenient_t00_n1,461,1,1,Qwen/Qwen2.5-72B-Instruct,1,0,1,1,lenient,0.0,11.5,0.0
2026-05-24 02:14:16,L-N03_m-qwen2.5-72b_sol1_gd1_rs0_bd1_str-lenient_t00_n1,461,2,1,Qwen/Qwen2.5-72B-Instruct,1,0,1,1,lenient,0.0,9.5,0.0
2026-05-24 02:14:27,L-N03_m-qwen2.5-72b_sol1_gd1_rs0_bd1_str-lenient_t00_n1,461,3,1,Qwen/Qwen2.5-72B-Instruct,1,0,1,1,lenient,0.0,11.5,0.0
2026-05-24 02:14:32,L-N03_m-qwen2.5-72b_sol1_gd1_rs0_bd1_str-lenient_t00_n1,461,4,1,Qwen/Qwen2.5-72B-Instruct,1,0,1,1,lenient,0.0,5.0,0.0
2026-05-24 02:14:46,L-N03_m-qwen2.5-72b_sol1_gd1_rs0_bd1_str-lenient_t00_n1,462,1,1,Qwen/Qwen2.5-72B-Instruct,1,0,1,1,lenient,0.0,9.5,0.0
2026-05-24 02:14:58,L-N03_m-qwen2.5-72b_sol1_gd1_rs0_bd1_str-lenient_t00_n1,462,2,1,Qwen/Qwen2.5-72B-Instruct,1,0,1,1,lenient,0.0,10.0,0.0
2026-05-24 02:15:15,L-N03_m-qwen2.5-72b_sol1_gd1_rs0_bd1_str-lenient_t00_n1,462,3,1,Qwen/Qwen2.5-72B-Instruct,1,0,1,1,lenient,0.0,9.0,0.0
2026-05-24 02:15:28,L-N03_m-qwen2.5-72b_sol1_gd1_rs0_bd1_str-lenient_t00_n1,463,1,1,Qwen/Qwen2.5-72B-Instruct,1,0,1,1,lenient,0.0,11.5,4.0
2026-05-24 02:15:40,L-N03_m-qwen2.5-72b_sol1_gd1_rs0_bd1_str-lenient_t00_n1,463,2,1,Qwen/Qwen2.5-72B-Instruct,1,0,1,1,lenient,0.0,10.5,3.0
2026-05-24 02:15:51,L-N03_m-qwen2.5-72b_sol1_gd1_rs0_bd1_str-lenient_t00_n1,463,3,1,Qwen/Qwen2.5-72B-Instruct,1,0,1,1,lenient,0.0,11.5,0.0
2026-05-24 02:15:56,L-N03_m-qwen2.5-72b_sol1_gd1_rs0_bd1_str-lenient_t00_n1,463,4,1,Qwen/Qwen2.5-72B-Instruct,1,0,1,1,lenient,0.0,5.0,0.0
2026-05-24 02:16:09,L-N03_m-qwen2.5-72b_sol1_gd1_rs0_bd1_str-lenient_t00_n1,464,1,1,Qwen/Qwen2.5-72B-Instruct,1,0,1,1,lenient,0.0,11.5,0.0
2026-05-24 02:16:21,L-N03_m-qwen2.5-72b_sol1_gd1_rs0_bd1_str-lenient_t00_n1,464,2,1,Qwen/Qwen2.5-72B-Instruct,1,0,1,1,lenient,0.0,10.0,0.0
2026-05-24 02:16:38,L-N03_m-qwen2.5-72b_sol1_gd1_rs0_bd1_str-lenient_t00_n1,464,3,1,Qwen/Qwen2.5-72B-Instruct,1,0,1,1,lenient,0.0,9.0,0.0
2026-05-24 02:16:51,L-N03_m-qwen2.5-72b_sol1_gd1_rs0_bd1_str-lenient_t00_n1,465,1,1,Qwen/Qwen2.5-72B-Instruct,1,0,1,1,lenient,0.0,11.5,0.0
2026-05-24 02:17:03,L-N03_m-qwen2.5-72b_sol1_gd1_rs0_bd1_str-lenient_t00_n1,465,2,1,Qwen/Qwen2.5-72B-Instruct,1,0,1,1,lenient,0.0,10.0,0.0
2026-05-24 02:17:14,L-N03_m-qwen2.5-72b_sol1_gd1_rs0_bd1_str-lenient_t00_n1,465,3,1,Qwen/Qwen2.5-72B-Instruct,1,0,1,1,lenient,0.0,11.0,0.0
2026-05-24 02:17:35,L-N03_m-qwen2.5-72b_sol1_gd1_rs0_bd1_str-lenient_t00_n1,466,1,1,Qwen/Qwen2.5-72B-Instruct,1,0,1,1,lenient,0.0,7.5,0.0
2026-05-24 02:17:47,L-N03_m-qwen2.5-72b_sol1_gd1_rs0_bd1_str-lenient_t00_n1,466,2,1,Qwen/Qwen2.5-72B-Instruct,1,0,1,1,lenient,0.0,8.5,0.0
2026-05-24 02:18:04,L-N03_m-qwen2.5-72b_sol1_gd1_rs0_bd1_str-lenient_t00_n1,466,3,1,Qwen/Qwen2.5-72B-Instruct,1,0,1,1,lenient,0.0,9.0,0.0
2026-05-24 02:18:17,L-N03_m-qwen2.5-72b_sol1_gd1_rs0_bd1_str-lenient_t00_n1,467,1,1,Qwen/Qwen2.5-72B-Instruct,1,0,1,1,lenient,0.0,11.5,0.0
2026-05-24 02:18:31,L-N03_m-qwen2.5-72b_sol1_gd1_rs0_bd1_str-lenient_t00_n1,467,2,1,Qwen/Qwen2.5-72B-Instruct,1,0,1,1,lenient,0.0,10.0,0.0
2026-05-24 02:18:48,L-N03_m-qwen2.5-72b_sol1_gd1_rs0_bd1_str-lenient_t00_n1,467,3,1,Qwen/Qwen2.5-72B-Instruct,1,0,1,1,lenient,0.0,9.0,0.0
2026-05-24 02:19:12,L-N03_m-qwen2.5-72b_sol1_gd1_rs0_bd1_str-lenient_t00_n1,468,1,1,Qwen/Qwen2.5-72B-Instruct,1,0,1,1,lenient,0.0,8.5,0.0
2026-05-24 02:19:25,L-N03_m-qwen2.5-72b_sol1_gd1_rs0_bd1_str-lenient_t00_n1,468,2,1,Qwen/Qwen2.5-72B-Instruct,1,0,1,1,lenient,0.0,9.5,0.0
2026-05-24 02:19:42,L-N03_m-qwen2.5-72b_sol1_gd1_rs0_bd1_str-lenient_t00_n1,468,3,1,Qwen/Qwen2.5-72B-Instruct,1,0,1,1,lenient,0.0,7.5,0.0
2026-05-24 02:19:45,L-N03_m-qwen2.5-72b_sol1_gd1_rs0_bd1_str-lenient_t00_n1,468,4,1,Qwen/Qwen2.5-72B-Instruct,1,0,1,1,lenient,0.0,0.0,0.0
2026-05-24 02:19:58,L-N03_m-qwen2.5-72b_sol1_gd1_rs0_bd1_str-lenient_t00_n1,469,1,1,Qwen/Qwen2.5-72B-Instruct,1,0,1,1,lenient,0.0,11.5,0.0
2026-05-24 02:20:13,L-N03_m-qwen2.5-72b_sol1_gd1_rs0_bd1_str-lenient_t00_n1,469,2,1,Qwen/Qwen2.5-72B-Instruct,1,0,1,1,lenient,0.0,8.5,0.0
2026-05-24 02:20:30,L-N03_m-qwen2.5-72b_sol1_gd1_rs0_bd1_str-lenient_t00_n1,469,3,1,Qwen/Qwen2.5-72B-Instruct,1,0,1,1,lenient,0.0,9.0,0.0
2026-05-24 02:20:34,L-N03_m-qwen2.5-72b_sol1_gd1_rs0_bd1_str-lenient_t00_n1,469,4,1,Qwen/Qwen2.5-72B-Instruct,1,0,1,1,lenient,0.0,0.0,0.0
2026-05-24 02:20:48,L-N03_m-qwen2.5-72b_sol1_gd1_rs0_bd1_str-lenient_t00_n1,470,1,1,Qwen/Qwen2.5-72B-Instruct,1,0,1,1,lenient,0.0,11.5,3.5
2026-05-24 02:21:00,L-N03_m-qwen2.5-72b_sol1_gd1_rs0_bd1_str-lenient_t00_n1,470,2,1,Qwen/Qwen2.5-72B-Instruct,1,0,1,1,lenient,0.0,10.0,0.0
2026-05-24 02:21:12,L-N03_m-qwen2.5-72b_sol1_gd1_rs0_bd1_str-lenient_t00_n1,470,3,1,Qwen/Qwen2.5-72B-Instruct,1,0,1,1,lenient,0.0,10.0,0.0
2026-05-24 02:21:24,L-N03_m-qwen2.5-72b_sol1_gd1_rs0_bd1_str-lenient_t00_n1,471,1,1,Qwen/Qwen2.5-72B-Instruct,1,0,1,1,lenient,0.0,11.5,4.0
2026-05-24 02:21:36,L-N03_m-qwen2.5-72b_sol1_gd1_rs0_bd1_str-lenient_t00_n1,471,2,1,Qwen/Qwen2.5-72B-Instruct,1,0,1,1,lenient,0.0,11.0,4.0
2026-05-24 02:21:47,L-N03_m-qwen2.5-72b_sol1_gd1_rs0_bd1_str-lenient_t00_n1,471,3,1,Qwen/Qwen2.5-72B-Instruct,1,0,1,1,lenient,0.0,11.5,0.0
2026-05-24 02:21:52,L-N03_m-qwen2.5-72b_sol1_gd1_rs0_bd1_str-lenient_t00_n1,471,4,1,Qwen/Qwen2.5-72B-Instruct,1,0,1,1,lenient,0.0,5.0,0.0
2026-05-24 02:22:06,L-N03_m-qwen2.5-72b_sol1_gd1_rs0_bd1_str-lenient_t00_n1,472,1,1,Qwen/Qwen2.5-72B-Instruct,1,0,1,1,lenient,0.0,11.5,4.0
2026-05-24 02:22:18,L-N03_m-qwen2.5-72b_sol1_gd1_rs0_bd1_str-lenient_t00_n1,472,2,1,Qwen/Qwen2.5-72B-Instruct,1,0,1,1,lenient,0.0,10.0,3.0
2026-05-24 02:22:28,L-N03_m-qwen2.5-72b_sol1_gd1_rs0_bd1_str-lenient_t00_n1,472,3,1,Qwen/Qwen2.5-72B-Instruct,1,0,1,1,lenient,0.0,11.5,0.0
2026-05-24 02:22:34,L-N03_m-qwen2.5-72b_sol1_gd1_rs0_bd1_str-lenient_t00_n1,472,4,1,Qwen/Qwen2.5-72B-Instruct,1,0,1,1,lenient,0.0,5.0,0.0
2026-05-24 02:22:46,L-N03_m-qwen2.5-72b_sol1_gd1_rs0_bd1_str-lenient_t00_n1,473,1,1,Qwen/Qwen2.5-72B-Instruct,1,0,1,1,lenient,0.0,11.5,2.0
2026-05-24 02:22:58,L-N03_m-qwen2.5-72b_sol1_gd1_rs0_bd1_str-lenient_t00_n1,473,2,1,Qwen/Qwen2.5-72B-Instruct,1,0,1,1,lenient,0.0,9.5,0.0
2026-05-24 02:23:09,L-N03_m-qwen2.5-72b_sol1_gd1_rs0_bd1_str-lenient_t00_n1,473,3,1,Qwen/Qwen2.5-72B-Instruct,1,0,1,1,lenient,0.0,11.5,0.0
2026-05-24 02:23:15,L-N03_m-qwen2.5-72b_sol1_gd1_rs0_bd1_str-lenient_t00_n1,473,4,1,Qwen/Qwen2.5-72B-Instruct,1,0,1,1,lenient,0.0,5.0,0.0
2026-05-24 02:23:28,L-N03_m-qwen2.5-72b_sol1_gd1_rs0_bd1_str-lenient_t00_n1,474,1,1,Qwen/Qwen2.5-72B-Instruct,1,0,1,1,lenient,0.0,10.5,0.0
2026-05-24 02:23:40,L-N03_m-qwen2.5-72b_sol1_gd1_rs0_bd1_str-lenient_t00_n1,474,2,1,Qwen/Qwen2.5-72B-Instruct,1,0,1,1,lenient,0.0,9.5,0.0
2026-05-24 02:23:51,L-N03_m-qwen2.5-72b_sol1_gd1_rs0_bd1_str-lenient_t00_n1,474,3,1,Qwen/Qwen2.5-72B-Instruct,1,0,1,1,lenient,0.0,11.5,0.0
2026-05-24 02:23:55,L-N03_m-qwen2.5-72b_sol1_gd1_rs0_bd1_str-lenient_t00_n1,474,4,1,Qwen/Qwen2.5-72B-Instruct,1,0,1,1,lenient,0.0,0.0,0.0
2026-05-24 02:24:09,L-N03_m-qwen2.5-72b_sol1_gd1_rs0_bd1_str-lenient_t00_n1,475,1,1,Qwen/Qwen2.5-72B-Instruct,1,0,1,1,lenient,0.0,8.5,0.0
2026-05-24 02:24:22,L-N03_m-qwen2.5-72b_sol1_gd1_rs0_bd1_str-lenient_t00_n1,475,2,1,Qwen/Qwen2.5-72B-Instruct,1,0,1,1,lenient,0.0,9.0,0.0
2026-05-24 02:24:33,L-N03_m-qwen2.5-72b_sol1_gd1_rs0_bd1_str-lenient_t00_n1,475,3,1,Qwen/Qwen2.5-72B-Instruct,1,0,1,1,lenient,0.0,11.0,0.0
2026-05-24 02:24:53,L-N03_m-qwen2.5-72b_sol1_gd1_rs0_bd1_str-lenient_t00_n1,476,1,1,Qwen/Qwen2.5-72B-Instruct,1,0,1,1,lenient,0.0,6.5,0.0
2026-05-24 02:25:05,L-N03_m-qwen2.5-72b_sol1_gd1_rs0_bd1_str-lenient_t00_n1,476,2,1,Qwen/Qwen2.5-72B-Instruct,1,0,1,1,lenient,0.0,7.5,0.0
2026-05-24 02:25:16,L-N03_m-qwen2.5-72b_sol1_gd1_rs0_bd1_str-lenient_t00_n1,476,3,1,Qwen/Qwen2.5-72B-Instruct,1,0,1,1,lenient,0.0,11.0,0.0
2026-05-24 02:25:36,L-N03_m-qwen2.5-72b_sol1_gd1_rs0_bd1_str-lenient_t00_n1,477,1,1,Qwen/Qwen2.5-72B-Instruct,1,0,1,1,lenient,0.0,10.5,0.0
2026-05-24 02:25:49,L-N03_m-qwen2.5-72b_sol1_gd1_rs0_bd1_str-lenient_t00_n1,477,2,1,Qwen/Qwen2.5-72B-Instruct,1,0,1,1,lenient,0.0,10.0,0.0
2026-05-24 02:26:04,L-N03_m-qwen2.5-72b_sol1_gd1_rs0_bd1_str-lenient_t00_n1,477,3,1,Qwen/Qwen2.5-72B-Instruct,1,0,1,1,lenient,0.0,10.0,0.0
2026-05-24 02:26:24,L-N03_m-qwen2.5-72b_sol1_gd1_rs0_bd1_str-lenient_t00_n1,478,1,1,Qwen/Qwen2.5-72B-Instruct,1,0,1,1,lenient,0.0,9.5,0.0
2026-05-24 02:26:36,L-N03_m-qwen2.5-72b_sol1_gd1_rs0_bd1_str-lenient_t00_n1,478,2,1,Qwen/Qwen2.5-72B-Instruct,1,0,1,1,lenient,0.0,9.0,0.0
2026-05-24 02:26:53,L-N03_m-qwen2.5-72b_sol1_gd1_rs0_bd1_str-lenient_t00_n1,478,3,1,Qwen/Qwen2.5-72B-Instruct,1,0,1,1,lenient,0.0,9.0,0.0
2026-05-24 02:27:07,L-N03_m-qwen2.5-72b_sol1_gd1_rs0_bd1_str-lenient_t00_n1,479,1,1,Qwen/Qwen2.5-72B-Instruct,1,0,1,1,lenient,0.0,11.5,0.0
2026-05-24 02:27:19,L-N03_m-qwen2.5-72b_sol1_gd1_rs0_bd1_str-lenient_t00_n1,479,2,1,Qwen/Qwen2.5-72B-Instruct,1,0,1,1,lenient,0.0,9.5,0.0
2026-05-24 02:27:30,L-N03_m-qwen2.5-72b_sol1_gd1_rs0_bd1_str-lenient_t00_n1,479,3,1,Qwen/Qwen2.5-72B-Instruct,1,0,1,1,lenient,0.0,11.5,0.0
2026-05-24 02:27:43,L-N03_m-qwen2.5-72b_sol1_gd1_rs0_bd1_str-lenient_t00_n1,480,1,1,Qwen/Qwen2.5-72B-Instruct,1,0,1,1,lenient,0.0,11.5,0.0
2026-05-24 02:27:54,L-N03_m-qwen2.5-72b_sol1_gd1_rs0_bd1_str-lenient_t00_n1,480,2,1,Qwen/Qwen2.5-72B-Instruct,1,0,1,1,lenient,0.0,9.5,0.0
2026-05-24 02:28:12,L-N03_m-qwen2.5-72b_sol1_gd1_rs0_bd1_str-lenient_t00_n1,480,3,1,Qwen/Qwen2.5-72B-Instruct,1,0,1,1,lenient,0.0,9.0,0.0
2026-05-24 02:28:17,L-N03_m-qwen2.5-72b_sol1_gd1_rs0_bd1_str-lenient_t00_n1,480,4,1,Qwen/Qwen2.5-72B-Instruct,1,0,1,1,lenient,0.0,0.0,0.0
2026-05-24 02:28:30,L-N03_m-qwen2.5-72b_sol1_gd1_rs0_bd1_str-lenient_t00_n1,481,1,1,Qwen/Qwen2.5-72B-Instruct,1,0,1,1,lenient,0.0,11.5,0.0
2026-05-24 02:28:41,L-N03_m-qwen2.5-72b_sol1_gd1_rs0_bd1_str-lenient_t00_n1,481,2,1,Qwen/Qwen2.5-72B-Instruct,1,0,1,1,lenient,0.0,9.0,0.0
2026-05-24 02:28:53,L-N03_m-qwen2.5-72b_sol1_gd1_rs0_bd1_str-lenient_t00_n1,481,3,1,Qwen/Qwen2.5-72B-Instruct,1,0,1,1,lenient,0.0,9.0,0.0
2026-05-24 02:29:06,L-N03_m-qwen2.5-72b_sol1_gd1_rs0_bd1_str-lenient_t00_n1,482,1,1,Qwen/Qwen2.5-72B-Instruct,1,0,1,1,lenient,0.0,9.5,0.0
2026-05-24 02:29:19,L-N03_m-qwen2.5-72b_sol1_gd1_rs0_bd1_str-lenient_t00_n1,482,2,1,Qwen/Qwen2.5-72B-Instruct,1,0,1,1,lenient,0.0,9.5,0.0
2026-05-24 02:29:38,L-N03_m-qwen2.5-72b_sol1_gd1_rs0_bd1_str-lenient_t00_n1,482,3,1,Qwen/Qwen2.5-72B-Instruct,1,0,1,1,lenient,0.0,9.0,0.0
2026-05-24 02:29:51,L-N03_m-qwen2.5-72b_sol1_gd1_rs0_bd1_str-lenient_t00_n1,483,1,1,Qwen/Qwen2.5-72B-Instruct,1,0,1,1,lenient,0.0,11.5,4.0
2026-05-24 02:30:03,L-N03_m-qwen2.5-72b_sol1_gd1_rs0_bd1_str-lenient_t00_n1,483,2,1,Qwen/Qwen2.5-72B-Instruct,1,0,1,1,lenient,0.0,10.0,3.0
2026-05-24 02:30:13,L-N03_m-qwen2.5-72b_sol1_gd1_rs0_bd1_str-lenient_t00_n1,483,3,1,Qwen/Qwen2.5-72B-Instruct,1,0,1,1,lenient,0.0,11.0,0.0
2026-05-24 02:30:18,L-N03_m-qwen2.5-72b_sol1_gd1_rs0_bd1_str-lenient_t00_n1,483,4,1,Qwen/Qwen2.5-72B-Instruct,1,0,1,1,lenient,0.0,5.0,0.0
2026-05-24 02:30:32,L-N03_m-qwen2.5-72b_sol1_gd1_rs0_bd1_str-lenient_t00_n1,484,1,1,Qwen/Qwen2.5-72B-Instruct,1,0,1,1,lenient,0.0,11.5,0.0
2026-05-24 02:30:44,L-N03_m-qwen2.5-72b_sol1_gd1_rs0_bd1_str-lenient_t00_n1,484,2,1,Qwen/Qwen2.5-72B-Instruct,1,0,1,1,lenient,0.0,10.0,3.0
2026-05-24 02:30:54,L-N03_m-qwen2.5-72b_sol1_gd1_rs0_bd1_str-lenient_t00_n1,484,3,1,Qwen/Qwen2.5-72B-Instruct,1,0,1,1,lenient,0.0,11.5,0.0
2026-05-24 02:30:59,L-N03_m-qwen2.5-72b_sol1_gd1_rs0_bd1_str-lenient_t00_n1,484,4,1,Qwen/Qwen2.5-72B-Instruct,1,0,1,1,lenient,0.0,5.0,0.0
2026-05-24 02:31:11,L-N03_m-qwen2.5-72b_sol1_gd1_rs0_bd1_str-lenient_t00_n1,485,1,1,Qwen/Qwen2.5-72B-Instruct,1,0,1,1,lenient,0.0,11.5,0.0
2026-05-24 02:31:24,L-N03_m-qwen2.5-72b_sol1_gd1_rs0_bd1_str-lenient_t00_n1,485,2,1,Qwen/Qwen2.5-72B-Instruct,1,0,1,1,lenient,0.0,9.5,0.0
2026-05-24 02:31:40,L-N03_m-qwen2.5-72b_sol1_gd1_rs0_bd1_str-lenient_t00_n1,485,3,1,Qwen/Qwen2.5-72B-Instruct,1,0,1,1,lenient,0.0,7.5,0.0
2026-05-24 02:31:53,L-N03_m-qwen2.5-72b_sol1_gd1_rs0_bd1_str-lenient_t00_n1,486,1,1,Qwen/Qwen2.5-72B-Instruct,1,0,1,1,lenient,0.0,8.5,0.0
2026-05-24 02:32:06,L-N03_m-qwen2.5-72b_sol1_gd1_rs0_bd1_str-lenient_t00_n1,486,2,1,Qwen/Qwen2.5-72B-Instruct,1,0,1,1,lenient,0.0,8.5,0.0
2026-05-24 02:32:24,L-N03_m-qwen2.5-72b_sol1_gd1_rs0_bd1_str-lenient_t00_n1,486,3,1,Qwen/Qwen2.5-72B-Instruct,1,0,1,1,lenient,0.0,9.0,0.0
2026-05-24 02:32:37,L-N03_m-qwen2.5-72b_sol1_gd1_rs0_bd1_str-lenient_t00_n1,487,1,1,Qwen/Qwen2.5-72B-Instruct,1,0,1,1,lenient,0.0,11.5,0.0
2026-05-24 02:32:49,L-N03_m-qwen2.5-72b_sol1_gd1_rs0_bd1_str-lenient_t00_n1,487,2,1,Qwen/Qwen2.5-72B-Instruct,1,0,1,1,lenient,0.0,9.5,0.0
2026-05-24 02:33:00,L-N03_m-qwen2.5-72b_sol1_gd1_rs0_bd1_str-lenient_t00_n1,487,3,1,Qwen/Qwen2.5-72B-Instruct,1,0,1,1,lenient,0.0,11.0,0.0
2026-05-24 02:33:14,L-N03_m-qwen2.5-72b_sol1_gd1_rs0_bd1_str-lenient_t00_n1,488,1,1,Qwen/Qwen2.5-72B-Instruct,1,0,1,1,lenient,0.0,10.5,0.0
2026-05-24 02:33:34,L-N03_m-qwen2.5-72b_sol1_gd1_rs0_bd1_str-lenient_t00_n1,488,2,1,Qwen/Qwen2.5-72B-Instruct,1,0,1,1,lenient,0.0,8.5,0.0
2026-05-24 02:33:49,L-N03_m-qwen2.5-72b_sol1_gd1_rs0_bd1_str-lenient_t00_n1,488,3,1,Qwen/Qwen2.5-72B-Instruct,1,0,1,1,lenient,0.0,11.0,0.0
2026-05-24 02:34:03,L-N03_m-qwen2.5-72b_sol1_gd1_rs0_bd1_str-lenient_t00_n1,489,1,1,Qwen/Qwen2.5-72B-Instruct,1,0,1,1,lenient,0.0,11.5,2.0
2026-05-24 02:34:16,L-N03_m-qwen2.5-72b_sol1_gd1_rs0_bd1_str-lenient_t00_n1,489,2,1,Qwen/Qwen2.5-72B-Instruct,1,0,1,1,lenient,0.0,8.5,2.0
2026-05-24 02:34:27,L-N03_m-qwen2.5-72b_sol1_gd1_rs0_bd1_str-lenient_t00_n1,489,3,1,Qwen/Qwen2.5-72B-Instruct,1,0,1,1,lenient,0.0,11.0,0.0
2026-05-24 02:34:47,L-N03_m-qwen2.5-72b_sol1_gd1_rs0_bd1_str-lenient_t00_n1,490,1,1,Qwen/Qwen2.5-72B-Instruct,1,0,1,1,lenient,0.0,7.5,0.0
2026-05-24 02:34:59,L-N03_m-qwen2.5-72b_sol1_gd1_rs0_bd1_str-lenient_t00_n1,490,2,1,Qwen/Qwen2.5-72B-Instruct,1,0,1,1,lenient,0.0,7.5,0.0
2026-05-24 02:35:17,L-N03_m-qwen2.5-72b_sol1_gd1_rs0_bd1_str-lenient_t00_n1,490,3,1,Qwen/Qwen2.5-72B-Instruct,1,0,1,1,lenient,0.0,9.0,0.0
2026-05-24 02:35:30,L-N03_m-qwen2.5-72b_sol1_gd1_rs0_bd1_str-lenient_t00_n1,491,1,1,Qwen/Qwen2.5-72B-Instruct,1,0,1,1,lenient,0.0,11.5,0.0
2026-05-24 02:35:43,L-N03_m-qwen2.5-72b_sol1_gd1_rs0_bd1_str-lenient_t00_n1,491,2,1,Qwen/Qwen2.5-72B-Instruct,1,0,1,1,lenient,0.0,9.5,0.0
2026-05-24 02:35:53,L-N03_m-qwen2.5-72b_sol1_gd1_rs0_bd1_str-lenient_t00_n1,491,3,1,Qwen/Qwen2.5-72B-Instruct,1,0,1,1,lenient,0.0,11.5,0.0
2026-05-24 02:36:06,L-N03_m-qwen2.5-72b_sol1_gd1_rs0_bd1_str-lenient_t00_n1,492,1,1,Qwen/Qwen2.5-72B-Instruct,1,0,1,1,lenient,0.0,8.5,0.0
2026-05-24 02:36:18,L-N03_m-qwen2.5-72b_sol1_gd1_rs0_bd1_str-lenient_t00_n1,492,2,1,Qwen/Qwen2.5-72B-Instruct,1,0,1,1,lenient,0.0,7.5,0.0
2026-05-24 02:36:33,L-N03_m-qwen2.5-72b_sol1_gd1_rs0_bd1_str-lenient_t00_n1,492,3,1,Qwen/Qwen2.5-72B-Instruct,1,0,1,1,lenient,0.0,8.5,0.0
2026-05-24 02:36:54,L-N03_m-qwen2.5-72b_sol1_gd1_rs0_bd1_str-lenient_t00_n1,493,1,1,Qwen/Qwen2.5-72B-Instruct,1,0,1,1,lenient,0.0,9.5,0.0
2026-05-24 02:37:07,L-N03_m-qwen2.5-72b_sol1_gd1_rs0_bd1_str-lenient_t00_n1,493,2,1,Qwen/Qwen2.5-72B-Instruct,1,0,1,1,lenient,0.0,10.0,0.0
2026-05-24 02:37:17,L-N03_m-qwen2.5-72b_sol1_gd1_rs0_bd1_str-lenient_t00_n1,493,3,1,Qwen/Qwen2.5-72B-Instruct,1,0,1,1,lenient,0.0,11.0,0.0
2026-05-24 02:37:32,L-N03_m-qwen2.5-72b_sol1_gd1_rs0_bd1_str-lenient_t00_n1,494,1,1,Qwen/Qwen2.5-72B-Instruct,1,0,1,1,lenient,0.0,11.5,3.0
2026-05-24 02:37:43,L-N03_m-qwen2.5-72b_sol1_gd1_rs0_bd1_str-lenient_t00_n1,494,2,1,Qwen/Qwen2.5-72B-Instruct,1,0,1,1,lenient,0.0,11.0,4.0
2026-05-24 02:37:54,L-N03_m-qwen2.5-72b_sol1_gd1_rs0_bd1_str-lenient_t00_n1,494,3,1,Qwen/Qwen2.5-72B-Instruct,1,0,1,1,lenient,0.0,11.5,0.0
2026-05-24 02:38:00,L-N03_m-qwen2.5-72b_sol1_gd1_rs0_bd1_str-lenient_t00_n1,494,4,1,Qwen/Qwen2.5-72B-Instruct,1,0,1,1,lenient,0.0,5.0,0.0
2026-05-24 02:38:13,L-N03_m-qwen2.5-72b_sol1_gd1_rs0_bd1_str-lenient_t00_n1,495,1,1,Qwen/Qwen2.5-72B-Instruct,1,0,1,1,lenient,0.0,11.5,0.0
2026-05-24 02:38:24,L-N03_m-qwen2.5-72b_sol1_gd1_rs0_bd1_str-lenient_t00_n1,495,2,1,Qwen/Qwen2.5-72B-Instruct,1,0,1,1,lenient,0.0,10.0,0.0
2026-05-24 02:38:35,L-N03_m-qwen2.5-72b_sol1_gd1_rs0_bd1_str-lenient_t00_n1,495,3,1,Qwen/Qwen2.5-72B-Instruct,1,0,1,1,lenient,0.0,11.5,0.0
2026-05-24 02:38:48,L-N03_m-qwen2.5-72b_sol1_gd1_rs0_bd1_str-lenient_t00_n1,496,1,1,Qwen/Qwen2.5-72B-Instruct,1,0,1,1,lenient,0.0,10.5,0.0
2026-05-24 02:39:02,L-N03_m-qwen2.5-72b_sol1_gd1_rs0_bd1_str-lenient_t00_n1,496,2,1,Qwen/Qwen2.5-72B-Instruct,1,0,1,1,lenient,0.0,10.0,0.0
2026-05-24 02:39:12,L-N03_m-qwen2.5-72b_sol1_gd1_rs0_bd1_str-lenient_t00_n1,496,3,1,Qwen/Qwen2.5-72B-Instruct,1,0,1,1,lenient,0.0,11.5,0.0
2026-05-24 02:39:26,L-N03_m-qwen2.5-72b_sol1_gd1_rs0_bd1_str-lenient_t00_n1,497,1,1,Qwen/Qwen2.5-72B-Instruct,1,0,1,1,lenient,0.0,11.5,0.0
2026-05-24 02:39:37,L-N03_m-qwen2.5-72b_sol1_gd1_rs0_bd1_str-lenient_t00_n1,497,2,1,Qwen/Qwen2.5-72B-Instruct,1,0,1,1,lenient,0.0,9.5,0.0
2026-05-24 02:39:48,L-N03_m-qwen2.5-72b_sol1_gd1_rs0_bd1_str-lenient_t00_n1,497,3,1,Qwen/Qwen2.5-72B-Instruct,1,0,1,1,lenient,0.0,11.0,0.0
2026-05-24 02:40:02,L-N03_m-qwen2.5-72b_sol1_gd1_rs0_bd1_str-lenient_t00_n1,498,1,1,Qwen/Qwen2.5-72B-Instruct,1,0,1,1,lenient,0.0,11.5,3.0
2026-05-24 02:40:14,L-N03_m-qwen2.5-72b_sol1_gd1_rs0_bd1_str-lenient_t00_n1,498,2,1,Qwen/Qwen2.5-72B-Instruct,1,0,1,1,lenient,0.0,10.0,3.0
2026-05-24 02:40:24,L-N03_m-qwen2.5-72b_sol1_gd1_rs0_bd1_str-lenient_t00_n1,498,3,1,Qwen/Qwen2.5-72B-Instruct,1,0,1,1,lenient,0.0,11.5,0.0
2026-05-24 02:40:37,L-N03_m-qwen2.5-72b_sol1_gd1_rs0_bd1_str-lenient_t00_n1,499,1,1,Qwen/Qwen2.5-72B-Instruct,1,0,1,1,lenient,0.0,11.5,0.0
2026-05-24 02:40:50,L-N03_m-qwen2.5-72b_sol1_gd1_rs0_bd1_str-lenient_t00_n1,499,2,1,Qwen/Qwen2.5-72B-Instruct,1,0,1,1,lenient,0.0,9.5,0.0
2026-05-24 02:41:02,L-N03_m-qwen2.5-72b_sol1_gd1_rs0_bd1_str-lenient_t00_n1,499,3,1,Qwen/Qwen2.5-72B-Instruct,1,0,1,1,lenient,0.0,11.0,0.0
2026-05-24 02:41:08,L-N03_m-qwen2.5-72b_sol1_gd1_rs0_bd1_str-lenient_t00_n1,499,4,1,Qwen/Qwen2.5-72B-Instruct,1,0,1,1,lenient,0.0,5.0,0.0
2026-05-24 02:41:20,L-N03_m-qwen2.5-72b_sol1_gd1_rs0_bd1_str-lenient_t00_n1,500,1,1,Qwen/Qwen2.5-72B-Instruct,1,0,1,1,lenient,0.0,11.5,0.0
2026-05-24 02:41:33,L-N03_m-qwen2.5-72b_sol1_gd1_rs0_bd1_str-lenient_t00_n1,500,2,1,Qwen/Qwen2.5-72B-Instruct,1,0,1,1,lenient,0.0,10.0,0.0
2026-05-24 02:41:43,L-N03_m-qwen2.5-72b_sol1_gd1_rs0_bd1_str-lenient_t00_n1,500,3,1,Qwen/Qwen2.5-72B-Instruct,1,0,1,1,lenient,0.0,11.5,0.0
2026-05-24 02:41:57,L-N03_m-qwen2.5-72b_sol1_gd1_rs0_bd1_str-lenient_t00_n1,501,1,1,Qwen/Qwen2.5-72B-Instruct,1,0,1,1,lenient,0.0,10.5,0.0
2026-05-24 02:42:09,L-N03_m-qwen2.5-72b_sol1_gd1_rs0_bd1_str-lenient_t00_n1,501,2,1,Qwen/Qwen2.5-72B-Instruct,1,0,1,1,lenient,0.0,7.5,0.0
2026-05-24 02:42:20,L-N03_m-qwen2.5-72b_sol1_gd1_rs0_bd1_str-lenient_t00_n1,501,3,1,Qwen/Qwen2.5-72B-Instruct,1,0,1,1,lenient,0.0,9.0,0.0
2026-05-24 02:42:40,L-N03_m-qwen2.5-72b_sol1_gd1_rs0_bd1_str-lenient_t00_n1,502,1,1,Qwen/Qwen2.5-72B-Instruct,1,0,1,1,lenient,0.0,9.5,0.0
2026-05-24 02:42:51,L-N03_m-qwen2.5-72b_sol1_gd1_rs0_bd1_str-lenient_t00_n1,502,2,1,Qwen/Qwen2.5-72B-Instruct,1,0,1,1,lenient,0.0,8.5,0.0
2026-05-24 02:43:08,L-N03_m-qwen2.5-72b_sol1_gd1_rs0_bd1_str-lenient_t00_n1,502,3,1,Qwen/Qwen2.5-72B-Instruct,1,0,1,1,lenient,0.0,10.5,0.0
2026-05-24 02:43:21,L-N03_m-qwen2.5-72b_sol1_gd1_rs0_bd1_str-lenient_t00_n1,503,1,1,Qwen/Qwen2.5-72B-Instruct,1,0,1,1,lenient,0.0,9.5,0.0
2026-05-24 02:43:32,L-N03_m-qwen2.5-72b_sol1_gd1_rs0_bd1_str-lenient_t00_n1,503,2,1,Qwen/Qwen2.5-72B-Instruct,1,0,1,1,lenient,0.0,9.5,0.0
2026-05-24 02:43:45,L-N03_m-qwen2.5-72b_sol1_gd1_rs0_bd1_str-lenient_t00_n1,503,3,1,Qwen/Qwen2.5-72B-Instruct,1,0,1,1,lenient,0.0,11.0,0.0
2026-05-24 02:43:58,L-N03_m-qwen2.5-72b_sol1_gd1_rs0_bd1_str-lenient_t00_n1,504,1,1,Qwen/Qwen2.5-72B-Instruct,1,0,1,1,lenient,0.0,9.5,0.0
2026-05-24 02:44:10,L-N03_m-qwen2.5-72b_sol1_gd1_rs0_bd1_str-lenient_t00_n1,504,2,1,Qwen/Qwen2.5-72B-Instruct,1,0,1,1,lenient,0.0,10.5,3.0
2026-05-24 02:44:20,L-N03_m-qwen2.5-72b_sol1_gd1_rs0_bd1_str-lenient_t00_n1,504,3,1,Qwen/Qwen2.5-72B-Instruct,1,0,1,1,lenient,0.0,11.0,0.0
2026-05-24 02:44:25,L-N03_m-qwen2.5-72b_sol1_gd1_rs0_bd1_str-lenient_t00_n1,504,4,1,Qwen/Qwen2.5-72B-Instruct,1,0,1,1,lenient,0.0,5.0,0.0
2026-05-24 02:44:45,L-N03_m-qwen2.5-72b_sol1_gd1_rs0_bd1_str-lenient_t00_n1,505,1,1,Qwen/Qwen2.5-72B-Instruct,1,0,1,1,lenient,0.0,9.5,3.0
2026-05-24 02:44:58,L-N03_m-qwen2.5-72b_sol1_gd1_rs0_bd1_str-lenient_t00_n1,505,2,1,Qwen/Qwen2.5-72B-Instruct,1,0,1,1,lenient,0.0,8.5,0.0
2026-05-24 02:45:08,L-N03_m-qwen2.5-72b_sol1_gd1_rs0_bd1_str-lenient_t00_n1,505,3,1,Qwen/Qwen2.5-72B-Instruct,1,0,1,1,lenient,0.0,10.0,0.0
2026-05-24 02:45:14,L-N03_m-qwen2.5-72b_sol1_gd1_rs0_bd1_str-lenient_t00_n1,505,4,1,Qwen/Qwen2.5-72B-Instruct,1,0,1,1,lenient,0.0,5.0,0.0
2026-05-24 02:45:26,L-N03_m-qwen2.5-72b_sol1_gd1_rs0_bd1_str-lenient_t00_n1,506,1,1,Qwen/Qwen2.5-72B-Instruct,1,0,1,1,lenient,0.0,11.5,0.0
2026-05-24 02:45:39,L-N03_m-qwen2.5-72b_sol1_gd1_rs0_bd1_str-lenient_t00_n1,506,2,1,Qwen/Qwen2.5-72B-Instruct,1,0,1,1,lenient,0.0,10.0,0.0
2026-05-24 02:45:48,L-N03_m-qwen2.5-72b_sol1_gd1_rs0_bd1_str-lenient_t00_n1,506,3,1,Qwen/Qwen2.5-72B-Instruct,1,0,1,1,lenient,0.0,11.0,0.0
2026-05-24 02:46:01,L-N03_m-qwen2.5-72b_sol1_gd1_rs0_bd1_str-lenient_t00_n1,507,1,1,Qwen/Qwen2.5-72B-Instruct,1,0,1,1,lenient,0.0,9.5,0.0
2026-05-24 02:46:13,L-N03_m-qwen2.5-72b_sol1_gd1_rs0_bd1_str-lenient_t00_n1,507,2,1,Qwen/Qwen2.5-72B-Instruct,1,0,1,1,lenient,0.0,8.5,0.0
2026-05-24 02:46:31,L-N03_m-qwen2.5-72b_sol1_gd1_rs0_bd1_str-lenient_t00_n1,507,3,1,Qwen/Qwen2.5-72B-Instruct,1,0,1,1,lenient,0.0,8.5,0.0
2026-05-24 02:46:44,L-N03_m-qwen2.5-72b_sol1_gd1_rs0_bd1_str-lenient_t00_n1,508,1,1,Qwen/Qwen2.5-72B-Instruct,1,0,1,1,lenient,0.0,10.5,0.0
2026-05-24 02:46:57,L-N03_m-qwen2.5-72b_sol1_gd1_rs0_bd1_str-lenient_t00_n1,508,2,1,Qwen/Qwen2.5-72B-Instruct,1,0,1,1,lenient,0.0,9.5,0.0
2026-05-24 02:47:07,L-N03_m-qwen2.5-72b_sol1_gd1_rs0_bd1_str-lenient_t00_n1,508,3,1,Qwen/Qwen2.5-72B-Instruct,1,0,1,1,lenient,0.0,11.0,0.0
2026-05-24 02:47:21,L-N03_m-qwen2.5-72b_sol1_gd1_rs0_bd1_str-lenient_t00_n1,509,1,1,Qwen/Qwen2.5-72B-Instruct,1,0,1,1,lenient,0.0,10.5,0.0
2026-05-24 02:47:32,L-N03_m-qwen2.5-72b_sol1_gd1_rs0_bd1_str-lenient_t00_n1,509,2,1,Qwen/Qwen2.5-72B-Instruct,1,0,1,1,lenient,0.0,9.5,0.0
2026-05-24 02:47:49,L-N03_m-qwen2.5-72b_sol1_gd1_rs0_bd1_str-lenient_t00_n1,509,3,1,Qwen/Qwen2.5-72B-Instruct,1,0,1,1,lenient,0.0,9.0,0.0
2026-05-24 02:47:53,L-N03_m-qwen2.5-72b_sol1_gd1_rs0_bd1_str-lenient_t00_n1,509,4,1,Qwen/Qwen2.5-72B-Instruct,1,0,1,1,lenient,0.0,0.0,0.0
2026-05-24 02:48:06,L-N03_m-qwen2.5-72b_sol1_gd1_rs0_bd1_str-lenient_t00_n1,510,1,1,Qwen/Qwen2.5-72B-Instruct,1,0,1,1,lenient,0.0,11.5,3.0
2026-05-24 02:48:19,L-N03_m-qwen2.5-72b_sol1_gd1_rs0_bd1_str-lenient_t00_n1,510,2,1,Qwen/Qwen2.5-72B-Instruct,1,0,1,1,lenient,0.0,10.0,3.0
2026-05-24 02:48:29,L-N03_m-qwen2.5-72b_sol1_gd1_rs0_bd1_str-lenient_t00_n1,510,3,1,Qwen/Qwen2.5-72B-Instruct,1,0,1,1,lenient,0.0,11.0,0.0
2026-05-24 02:48:34,L-N03_m-qwen2.5-72b_sol1_gd1_rs0_bd1_str-lenient_t00_n1,510,4,1,Qwen/Qwen2.5-72B-Instruct,1,0,1,1,lenient,0.0,5.0,0.0
2026-05-24 02:48:48,L-N03_m-qwen2.5-72b_sol1_gd1_rs0_bd1_str-lenient_t00_n1,511,1,1,Qwen/Qwen2.5-72B-Instruct,1,0,1,1,lenient,0.0,10.5,0.0
2026-05-24 02:49:00,L-N03_m-qwen2.5-72b_sol1_gd1_rs0_bd1_str-lenient_t00_n1,511,2,1,Qwen/Qwen2.5-72B-Instruct,1,0,1,1,lenient,0.0,9.5,0.0
2026-05-24 02:49:18,L-N03_m-qwen2.5-72b_sol1_gd1_rs0_bd1_str-lenient_t00_n1,511,3,1,Qwen/Qwen2.5-72B-Instruct,1,0,1,1,lenient,0.0,9.0,0.0
2026-05-24 02:49:31,L-N03_m-qwen2.5-72b_sol1_gd1_rs0_bd1_str-lenient_t00_n1,512,1,1,Qwen/Qwen2.5-72B-Instruct,1,0,1,1,lenient,0.0,11.5,0.0
2026-05-24 02:49:44,L-N03_m-qwen2.5-72b_sol1_gd1_rs0_bd1_str-lenient_t00_n1,512,2,1,Qwen/Qwen2.5-72B-Instruct,1,0,1,1,lenient,0.0,8.5,0.0
2026-05-24 02:49:54,L-N03_m-qwen2.5-72b_sol1_gd1_rs0_bd1_str-lenient_t00_n1,512,3,1,Qwen/Qwen2.5-72B-Instruct,1,0,1,1,lenient,0.0,11.5,0.0
2026-05-24 02:49:59,L-N03_m-qwen2.5-72b_sol1_gd1_rs0_bd1_str-lenient_t00_n1,512,4,1,Qwen/Qwen2.5-72B-Instruct,1,0,1,1,lenient,0.0,0.0,0.0
2026-05-24 02:50:13,L-N03_m-qwen2.5-72b_sol1_gd1_rs0_bd1_str-lenient_t00_n1,513,1,1,Qwen/Qwen2.5-72B-Instruct,1,0,1,1,lenient,0.0,11.5,0.0
2026-05-24 02:50:25,L-N03_m-qwen2.5-72b_sol1_gd1_rs0_bd1_str-lenient_t00_n1,513,2,1,Qwen/Qwen2.5-72B-Instruct,1,0,1,1,lenient,0.0,8.5,0.0
2026-05-24 02:50:35,L-N03_m-qwen2.5-72b_sol1_gd1_rs0_bd1_str-lenient_t00_n1,513,3,1,Qwen/Qwen2.5-72B-Instruct,1,0,1,1,lenient,0.0,11.0,0.0
2026-05-24 02:50:49,L-N03_m-qwen2.5-72b_sol1_gd1_rs0_bd1_str-lenient_t00_n1,514,1,1,Qwen/Qwen2.5-72B-Instruct,1,0,1,1,lenient,0.0,11.5,3.0
2026-05-24 02:51:01,L-N03_m-qwen2.5-72b_sol1_gd1_rs0_bd1_str-lenient_t00_n1,514,2,1,Qwen/Qwen2.5-72B-Instruct,1,0,1,1,lenient,0.0,10.5,3.0
2026-05-24 02:51:12,L-N03_m-qwen2.5-72b_sol1_gd1_rs0_bd1_str-lenient_t00_n1,514,3,1,Qwen/Qwen2.5-72B-Instruct,1,0,1,1,lenient,0.0,11.5,0.0
2026-05-24 02:51:17,L-N03_m-qwen2.5-72b_sol1_gd1_rs0_bd1_str-lenient_t00_n1,514,4,1,Qwen/Qwen2.5-72B-Instruct,1,0,1,1,lenient,0.0,5.0,0.0
2026-05-24 02:51:38,L-N03_m-qwen2.5-72b_sol1_gd1_rs0_bd1_str-lenient_t00_n1,515,1,1,Qwen/Qwen2.5-72B-Instruct,1,0,1,1,lenient,0.0,10.5,0.0
2026-05-24 02:51:51,L-N03_m-qwen2.5-72b_sol1_gd1_rs0_bd1_str-lenient_t00_n1,515,2,1,Qwen/Qwen2.5-72B-Instruct,1,0,1,1,lenient,0.0,8.5,2.0
2026-05-24 02:52:02,L-N03_m-qwen2.5-72b_sol1_gd1_rs0_bd1_str-lenient_t00_n1,515,3,1,Qwen/Qwen2.5-72B-Instruct,1,0,1,1,lenient,0.0,11.0,0.0
2026-05-24 02:52:24,L-N03_m-qwen2.5-72b_sol1_gd1_rs0_bd1_str-lenient_t00_n1,516,1,1,Qwen/Qwen2.5-72B-Instruct,1,0,1,1,lenient,0.0,10.5,0.0
2026-05-24 02:52:36,L-N03_m-qwen2.5-72b_sol1_gd1_rs0_bd1_str-lenient_t00_n1,516,2,1,Qwen/Qwen2.5-72B-Instruct,1,0,1,1,lenient,0.0,9.5,0.0
2026-05-24 02:52:46,L-N03_m-qwen2.5-72b_sol1_gd1_rs0_bd1_str-lenient_t00_n1,516,3,1,Qwen/Qwen2.5-72B-Instruct,1,0,1,1,lenient,0.0,11.0,0.0
2026-05-24 02:52:50,L-N03_m-qwen2.5-72b_sol1_gd1_rs0_bd1_str-lenient_t00_n1,516,4,1,Qwen/Qwen2.5-72B-Instruct,1,0,1,1,lenient,0.0,0.0,0.0
2026-05-24 02:53:04,L-N03_m-qwen2.5-72b_sol1_gd1_rs0_bd1_str-lenient_t00_n1,517,1,1,Qwen/Qwen2.5-72B-Instruct,1,0,1,1,lenient,0.0,10.5,0.0
2026-05-24 02:53:16,L-N03_m-qwen2.5-72b_sol1_gd1_rs0_bd1_str-lenient_t00_n1,517,2,1,Qwen/Qwen2.5-72B-Instruct,1,0,1,1,lenient,0.0,8.5,0.0
2026-05-24 02:53:27,L-N03_m-qwen2.5-72b_sol1_gd1_rs0_bd1_str-lenient_t00_n1,517,3,1,Qwen/Qwen2.5-72B-Instruct,1,0,1,1,lenient,0.0,9.0,0.0
2026-05-24 02:53:32,L-N03_m-qwen2.5-72b_sol1_gd1_rs0_bd1_str-lenient_t00_n1,517,4,1,Qwen/Qwen2.5-72B-Instruct,1,0,1,1,lenient,0.0,0.0,0.0
2026-05-24 02:53:46,L-N03_m-qwen2.5-72b_sol1_gd1_rs0_bd1_str-lenient_t00_n1,518,1,1,Qwen/Qwen2.5-72B-Instruct,1,0,1,1,lenient,0.0,10.5,0.0
2026-05-24 02:53:57,L-N03_m-qwen2.5-72b_sol1_gd1_rs0_bd1_str-lenient_t00_n1,518,2,1,Qwen/Qwen2.5-72B-Instruct,1,0,1,1,lenient,0.0,9.5,0.0
2026-05-24 02:54:13,L-N03_m-qwen2.5-72b_sol1_gd1_rs0_bd1_str-lenient_t00_n1,518,3,1,Qwen/Qwen2.5-72B-Instruct,1,0,1,1,lenient,0.0,8.5,0.0
2026-05-24 02:54:27,L-N03_m-qwen2.5-72b_sol1_gd1_rs0_bd1_str-lenient_t00_n1,519,1,1,Qwen/Qwen2.5-72B-Instruct,1,0,1,1,lenient,0.0,10.5,2.0
2026-05-24 02:54:39,L-N03_m-qwen2.5-72b_sol1_gd1_rs0_bd1_str-lenient_t00_n1,519,2,1,Qwen/Qwen2.5-72B-Instruct,1,0,1,1,lenient,0.0,9.0,0.0
2026-05-24 02:54:53,L-N03_m-qwen2.5-72b_sol1_gd1_rs0_bd1_str-lenient_t00_n1,519,3,1,Qwen/Qwen2.5-72B-Instruct,1,0,1,1,lenient,0.0,9.0,0.0
2026-05-24 02:55:16,L-N03_m-qwen2.5-72b_sol1_gd1_rs0_bd1_str-lenient_t00_n1,520,1,1,Qwen/Qwen2.5-72B-Instruct,1,0,1,1,lenient,0.0,11.5,0.0
2026-05-24 02:55:27,L-N03_m-qwen2.5-72b_sol1_gd1_rs0_bd1_str-lenient_t00_n1,520,2,1,Qwen/Qwen2.5-72B-Instruct,1,0,1,1,lenient,0.0,10.0,0.0
2026-05-24 02:55:39,L-N03_m-qwen2.5-72b_sol1_gd1_rs0_bd1_str-lenient_t00_n1,520,3,1,Qwen/Qwen2.5-72B-Instruct,1,0,1,1,lenient,0.0,11.0,0.0
2026-05-24 02:55:52,L-N03_m-qwen2.5-72b_sol1_gd1_rs0_bd1_str-lenient_t00_n1,521,1,1,Qwen/Qwen2.5-72B-Instruct,1,0,1,1,lenient,0.0,11.5,4.0
2026-05-24 02:56:04,L-N03_m-qwen2.5-72b_sol1_gd1_rs0_bd1_str-lenient_t00_n1,521,2,1,Qwen/Qwen2.5-72B-Instruct,1,0,1,1,lenient,0.0,10.5,3.0
2026-05-24 02:56:14,L-N03_m-qwen2.5-72b_sol1_gd1_rs0_bd1_str-lenient_t00_n1,521,3,1,Qwen/Qwen2.5-72B-Instruct,1,0,1,1,lenient,0.0,11.5,0.0
2026-05-24 02:56:20,L-N03_m-qwen2.5-72b_sol1_gd1_rs0_bd1_str-lenient_t00_n1,521,4,1,Qwen/Qwen2.5-72B-Instruct,1,0,1,1,lenient,0.0,5.0,0.0
2026-05-24 02:56:32,L-N03_m-qwen2.5-72b_sol1_gd1_rs0_bd1_str-lenient_t00_n1,522,1,1,Qwen/Qwen2.5-72B-Instruct,1,0,1,1,lenient,0.0,11.5,0.0
2026-05-24 02:56:44,L-N03_m-qwen2.5-72b_sol1_gd1_rs0_bd1_str-lenient_t00_n1,522,2,1,Qwen/Qwen2.5-72B-Instruct,1,0,1,1,lenient,0.0,8.5,0.0
2026-05-24 02:56:58,L-N03_m-qwen2.5-72b_sol1_gd1_rs0_bd1_str-lenient_t00_n1,522,3,1,Qwen/Qwen2.5-72B-Instruct,1,0,1,1,lenient,0.0,7.5,0.0
2026-05-24 02:57:12,L-N03_m-qwen2.5-72b_sol1_gd1_rs0_bd1_str-lenient_t00_n1,523,1,1,Qwen/Qwen2.5-72B-Instruct,1,0,1,1,lenient,0.0,11.5,0.0
2026-05-24 02:57:24,L-N03_m-qwen2.5-72b_sol1_gd1_rs0_bd1_str-lenient_t00_n1,523,2,1,Qwen/Qwen2.5-72B-Instruct,1,0,1,1,lenient,0.0,10.0,0.0
2026-05-24 02:57:34,L-N03_m-qwen2.5-72b_sol1_gd1_rs0_bd1_str-lenient_t00_n1,523,3,1,Qwen/Qwen2.5-72B-Instruct,1,0,1,1,lenient,0.0,9.0,0.0
2026-05-24 02:57:57,L-N03_m-qwen2.5-72b_sol1_gd1_rs0_bd1_str-lenient_t00_n1,524,1,1,Qwen/Qwen2.5-72B-Instruct,1,0,1,1,lenient,0.0,10.5,0.0
2026-05-24 02:58:09,L-N03_m-qwen2.5-72b_sol1_gd1_rs0_bd1_str-lenient_t00_n1,524,2,1,Qwen/Qwen2.5-72B-Instruct,1,0,1,1,lenient,0.0,9.5,0.0
2026-05-24 02:58:21,L-N03_m-qwen2.5-72b_sol1_gd1_rs0_bd1_str-lenient_t00_n1,524,3,1,Qwen/Qwen2.5-72B-Instruct,1,0,1,1,lenient,0.0,11.0,0.0
2026-05-24 02:58:34,L-N03_m-qwen2.5-72b_sol1_gd1_rs0_bd1_str-lenient_t00_n1,525,1,1,Qwen/Qwen2.5-72B-Instruct,1,0,1,1,lenient,0.0,11.5,0.0
2026-05-24 02:58:45,L-N03_m-qwen2.5-72b_sol1_gd1_rs0_bd1_str-lenient_t00_n1,525,2,1,Qwen/Qwen2.5-72B-Instruct,1,0,1,1,lenient,0.0,9.5,0.0
2026-05-24 02:58:56,L-N03_m-qwen2.5-72b_sol1_gd1_rs0_bd1_str-lenient_t00_n1,525,3,1,Qwen/Qwen2.5-72B-Instruct,1,0,1,1,lenient,0.0,11.0,0.0
2026-05-24 02:59:09,L-N03_m-qwen2.5-72b_sol1_gd1_rs0_bd1_str-lenient_t00_n1,526,1,1,Qwen/Qwen2.5-72B-Instruct,1,0,1,1,lenient,0.0,11.5,4.0
2026-05-24 02:59:21,L-N03_m-qwen2.5-72b_sol1_gd1_rs0_bd1_str-lenient_t00_n1,526,2,1,Qwen/Qwen2.5-72B-Instruct,1,0,1,1,lenient,0.0,10.5,3.0
2026-05-24 02:59:32,L-N03_m-qwen2.5-72b_sol1_gd1_rs0_bd1_str-lenient_t00_n1,526,3,1,Qwen/Qwen2.5-72B-Instruct,1,0,1,1,lenient,0.0,11.5,0.0
2026-05-24 02:59:37,L-N03_m-qwen2.5-72b_sol1_gd1_rs0_bd1_str-lenient_t00_n1,526,4,1,Qwen/Qwen2.5-72B-Instruct,1,0,1,1,lenient,0.0,5.0,0.0
2026-05-24 02:59:51,L-N03_m-qwen2.5-72b_sol1_gd1_rs0_bd1_str-lenient_t00_n1,527,1,1,Qwen/Qwen2.5-72B-Instruct,1,0,1,1,lenient,0.0,11.5,0.0
2026-05-24 03:00:04,L-N03_m-qwen2.5-72b_sol1_gd1_rs0_bd1_str-lenient_t00_n1,527,2,1,Qwen/Qwen2.5-72B-Instruct,1,0,1,1,lenient,0.0,10.0,0.0
2026-05-24 03:00:14,L-N03_m-qwen2.5-72b_sol1_gd1_rs0_bd1_str-lenient_t00_n1,527,3,1,Qwen/Qwen2.5-72B-Instruct,1,0,1,1,lenient,0.0,9.0,0.0
2026-05-24 03:00:28,L-N03_m-qwen2.5-72b_sol1_gd1_rs0_bd1_str-lenient_t00_n1,528,1,1,Qwen/Qwen2.5-72B-Instruct,1,0,1,1,lenient,0.0,11.5,3.0
2026-05-24 03:00:41,L-N03_m-qwen2.5-72b_sol1_gd1_rs0_bd1_str-lenient_t00_n1,528,2,1,Qwen/Qwen2.5-72B-Instruct,1,0,1,1,lenient,0.0,10.0,3.0
2026-05-24 03:00:51,L-N03_m-qwen2.5-72b_sol1_gd1_rs0_bd1_str-lenient_t00_n1,528,3,1,Qwen/Qwen2.5-72B-Instruct,1,0,1,1,lenient,0.0,11.5,0.0
2026-05-24 03:00:55,L-N03_m-qwen2.5-72b_sol1_gd1_rs0_bd1_str-lenient_t00_n1,528,4,1,Qwen/Qwen2.5-72B-Instruct,1,0,1,1,lenient,0.0,0.0,0.0
2026-05-24 03:01:09,L-N03_m-qwen2.5-72b_sol1_gd1_rs0_bd1_str-lenient_t00_n1,529,1,1,Qwen/Qwen2.5-72B-Instruct,1,0,1,1,lenient,0.0,11.5,0.0
2026-05-24 03:01:20,L-N03_m-qwen2.5-72b_sol1_gd1_rs0_bd1_str-lenient_t00_n1,529,2,1,Qwen/Qwen2.5-72B-Instruct,1,0,1,1,lenient,0.0,10.0,0.0
2026-05-24 03:01:31,L-N03_m-qwen2.5-72b_sol1_gd1_rs0_bd1_str-lenient_t00_n1,529,3,1,Qwen/Qwen2.5-72B-Instruct,1,0,1,1,lenient,0.0,9.0,0.0
2026-05-24 03:01:54,L-N03_m-qwen2.5-72b_sol1_gd1_rs0_bd1_str-lenient_t00_n1,530,1,1,Qwen/Qwen2.5-72B-Instruct,1,0,1,1,lenient,0.0,11.5,0.0
2026-05-24 03:02:03,L-N03_m-qwen2.5-72b_sol1_gd1_rs0_bd1_str-lenient_t00_n1,530,2,1,Qwen/Qwen2.5-72B-Instruct,1,0,1,1,lenient,0.0,0.0,0.0
2026-05-24 03:02:13,L-N03_m-qwen2.5-72b_sol1_gd1_rs0_bd1_str-lenient_t00_n1,530,3,1,Qwen/Qwen2.5-72B-Instruct,1,0,1,1,lenient,0.0,9.0,0.0
2026-05-24 03:02:17,L-N03_m-qwen2.5-72b_sol1_gd1_rs0_bd1_str-lenient_t00_n1,530,4,1,Qwen/Qwen2.5-72B-Instruct,1,0,1,1,lenient,0.0,0.0,0.0
2026-05-24 03:02:31,L-N03_m-qwen2.5-72b_sol1_gd1_rs0_bd1_str-lenient_t00_n1,531,1,1,Qwen/Qwen2.5-72B-Instruct,1,0,1,1,lenient,0.0,10.5,0.0
2026-05-24 03:02:43,L-N03_m-qwen2.5-72b_sol1_gd1_rs0_bd1_str-lenient_t00_n1,531,2,1,Qwen/Qwen2.5-72B-Instruct,1,0,1,1,lenient,0.0,8.5,2.0
2026-05-24 03:02:53,L-N03_m-qwen2.5-72b_sol1_gd1_rs0_bd1_str-lenient_t00_n1,531,3,1,Qwen/Qwen2.5-72B-Instruct,1,0,1,1,lenient,0.0,11.5,0.0
2026-05-24 03:02:56,L-N03_m-qwen2.5-72b_sol1_gd1_rs0_bd1_str-lenient_t00_n1,531,4,1,Qwen/Qwen2.5-72B-Instruct,1,0,1,1,lenient,0.0,0.0,0.0
2026-05-24 03:03:10,L-N03_m-qwen2.5-72b_sol1_gd1_rs0_bd1_str-lenient_t00_n1,532,1,1,Qwen/Qwen2.5-72B-Instruct,1,0,1,1,lenient,0.0,11.5,0.0
2026-05-24 03:03:24,L-N03_m-qwen2.5-72b_sol1_gd1_rs0_bd1_str-lenient_t00_n1,532,2,1,Qwen/Qwen2.5-72B-Instruct,1,0,1,1,lenient,0.0,10.0,0.0
2026-05-24 03:03:33,L-N03_m-qwen2.5-72b_sol1_gd1_rs0_bd1_str-lenient_t00_n1,532,3,1,Qwen/Qwen2.5-72B-Instruct,1,0,1,1,lenient,0.0,11.0,0.0
2026-05-24 03:03:39,L-N03_m-qwen2.5-72b_sol1_gd1_rs0_bd1_str-lenient_t00_n1,532,4,1,Qwen/Qwen2.5-72B-Instruct,1,0,1,1,lenient,0.0,0.0,0.0
2026-05-24 03:03:53,L-N03_m-qwen2.5-72b_sol1_gd1_rs0_bd1_str-lenient_t00_n1,533,1,1,Qwen/Qwen2.5-72B-Instruct,1,0,1,1,lenient,0.0,10.5,0.0
2026-05-24 03:04:05,L-N03_m-qwen2.5-72b_sol1_gd1_rs0_bd1_str-lenient_t00_n1,533,2,1,Qwen/Qwen2.5-72B-Instruct,1,0,1,1,lenient,0.0,8.5,0.0
2026-05-24 03:04:21,L-N03_m-qwen2.5-72b_sol1_gd1_rs0_bd1_str-lenient_t00_n1,533,3,1,Qwen/Qwen2.5-72B-Instruct,1,0,1,1,lenient,0.0,9.0,0.0
2026-05-24 03:04:35,L-N03_m-qwen2.5-72b_sol1_gd1_rs0_bd1_str-lenient_t00_n1,534,1,1,Qwen/Qwen2.5-72B-Instruct,1,0,1,1,lenient,0.0,11.5,0.0
2026-05-24 03:04:46,L-N03_m-qwen2.5-72b_sol1_gd1_rs0_bd1_str-lenient_t00_n1,534,2,1,Qwen/Qwen2.5-72B-Instruct,1,0,1,1,lenient,0.0,9.5,0.0
2026-05-24 03:05:03,L-N03_m-qwen2.5-72b_sol1_gd1_rs0_bd1_str-lenient_t00_n1,534,3,1,Qwen/Qwen2.5-72B-Instruct,1,0,1,1,lenient,0.0,9.0,0.0
2026-05-24 03:05:08,L-N03_m-qwen2.5-72b_sol1_gd1_rs0_bd1_str-lenient_t00_n1,534,4,1,Qwen/Qwen2.5-72B-Instruct,1,0,1,1,lenient,0.0,5.0,0.0
2026-05-24 03:05:20,L-N03_m-qwen2.5-72b_sol1_gd1_rs0_bd1_str-lenient_t00_n1,535,1,1,Qwen/Qwen2.5-72B-Instruct,1,0,1,1,lenient,0.0,8.5,0.0
2026-05-24 03:05:36,L-N03_m-qwen2.5-72b_sol1_gd1_rs0_bd1_str-lenient_t00_n1,535,2,1,Qwen/Qwen2.5-72B-Instruct,1,0,1,1,lenient,0.0,8.5,0.0
2026-05-24 03:05:53,L-N03_m-qwen2.5-72b_sol1_gd1_rs0_bd1_str-lenient_t00_n1,535,3,1,Qwen/Qwen2.5-72B-Instruct,1,0,1,1,lenient,0.0,7.5,0.0
2026-05-24 03:05:59,L-N03_m-qwen2.5-72b_sol1_gd1_rs0_bd1_str-lenient_t00_n1,535,4,1,Qwen/Qwen2.5-72B-Instruct,1,0,1,1,lenient,0.0,0.0,0.0
2026-05-24 03:06:13,L-N03_m-qwen2.5-72b_sol1_gd1_rs0_bd1_str-lenient_t00_n1,536,1,1,Qwen/Qwen2.5-72B-Instruct,1,0,1,1,lenient,0.0,11.5,0.0
2026-05-24 03:06:24,L-N03_m-qwen2.5-72b_sol1_gd1_rs0_bd1_str-lenient_t00_n1,536,2,1,Qwen/Qwen2.5-72B-Instruct,1,0,1,1,lenient,0.0,9.5,0.0
2026-05-24 03:06:35,L-N03_m-qwen2.5-72b_sol1_gd1_rs0_bd1_str-lenient_t00_n1,536,3,1,Qwen/Qwen2.5-72B-Instruct,1,0,1,1,lenient,0.0,11.5,0.0
2026-05-24 03:06:38,L-N03_m-qwen2.5-72b_sol1_gd1_rs0_bd1_str-lenient_t00_n1,536,4,1,Qwen/Qwen2.5-72B-Instruct,1,0,1,1,lenient,0.0,0.0,0.0
2026-05-24 03:06:52,L-N03_m-qwen2.5-72b_sol1_gd1_rs0_bd1_str-lenient_t00_n1,537,1,1,Qwen/Qwen2.5-72B-Instruct,1,0,1,1,lenient,0.0,11.5,4.0
2026-05-24 03:07:04,L-N03_m-qwen2.5-72b_sol1_gd1_rs0_bd1_str-lenient_t00_n1,537,2,1,Qwen/Qwen2.5-72B-Instruct,1,0,1,1,lenient,0.0,9.5,2.0
2026-05-24 03:07:14,L-N03_m-qwen2.5-72b_sol1_gd1_rs0_bd1_str-lenient_t00_n1,537,3,1,Qwen/Qwen2.5-72B-Instruct,1,0,1,1,lenient,0.0,11.5,0.0
2026-05-24 03:07:27,L-N03_m-qwen2.5-72b_sol1_gd1_rs0_bd1_str-lenient_t00_n1,538,1,1,Qwen/Qwen2.5-72B-Instruct,1,0,1,1,lenient,0.0,10.5,0.0
2026-05-24 03:07:40,L-N03_m-qwen2.5-72b_sol1_gd1_rs0_bd1_str-lenient_t00_n1,538,2,1,Qwen/Qwen2.5-72B-Instruct,1,0,1,1,lenient,0.0,9.5,0.0
2026-05-24 03:07:58,L-N03_m-qwen2.5-72b_sol1_gd1_rs0_bd1_str-lenient_t00_n1,538,3,1,Qwen/Qwen2.5-72B-Instruct,1,0,1,1,lenient,0.0,9.0,0.0
2026-05-24 03:08:11,L-N03_m-qwen2.5-72b_sol1_gd1_rs0_bd1_str-lenient_t00_n1,539,1,1,Qwen/Qwen2.5-72B-Instruct,1,0,1,1,lenient,0.0,11.5,0.0
2026-05-24 03:08:24,L-N03_m-qwen2.5-72b_sol1_gd1_rs0_bd1_str-lenient_t00_n1,539,2,1,Qwen/Qwen2.5-72B-Instruct,1,0,1,1,lenient,0.0,9.5,3.0
2026-05-24 03:08:35,L-N03_m-qwen2.5-72b_sol1_gd1_rs0_bd1_str-lenient_t00_n1,539,3,1,Qwen/Qwen2.5-72B-Instruct,1,0,1,1,lenient,0.0,9.0,0.0
2026-05-24 03:08:48,L-N03_m-qwen2.5-72b_sol1_gd1_rs0_bd1_str-lenient_t00_n1,540,1,1,Qwen/Qwen2.5-72B-Instruct,1,0,1,1,lenient,0.0,10.5,0.0
2026-05-24 03:09:00,L-N03_m-qwen2.5-72b_sol1_gd1_rs0_bd1_str-lenient_t00_n1,540,2,1,Qwen/Qwen2.5-72B-Instruct,1,0,1,1,lenient,0.0,9.5,0.0
2026-05-24 03:09:11,L-N03_m-qwen2.5-72b_sol1_gd1_rs0_bd1_str-lenient_t00_n1,540,3,1,Qwen/Qwen2.5-72B-Instruct,1,0,1,1,lenient,0.0,11.5,0.0
2026-05-24 03:09:24,L-N03_m-qwen2.5-72b_sol1_gd1_rs0_bd1_str-lenient_t00_n1,541,1,1,Qwen/Qwen2.5-72B-Instruct,1,0,1,1,lenient,0.0,8.5,0.0
2026-05-24 03:09:37,L-N03_m-qwen2.5-72b_sol1_gd1_rs0_bd1_str-lenient_t00_n1,541,2,1,Qwen/Qwen2.5-72B-Instruct,1,0,1,1,lenient,0.0,8.5,0.0
2026-05-24 03:09:54,L-N03_m-qwen2.5-72b_sol1_gd1_rs0_bd1_str-lenient_t00_n1,541,3,1,Qwen/Qwen2.5-72B-Instruct,1,0,1,1,lenient,0.0,7.5,0.0
2026-05-24 03:09:58,L-N03_m-qwen2.5-72b_sol1_gd1_rs0_bd1_str-lenient_t00_n1,541,4,1,Qwen/Qwen2.5-72B-Instruct,1,0,1,1,lenient,0.0,0.0,0.0
2026-05-24 03:10:20,L-N03_m-qwen2.5-72b_sol1_gd1_rs0_bd1_str-lenient_t00_n1,542,1,1,Qwen/Qwen2.5-72B-Instruct,1,0,1,1,lenient,0.0,11.5,0.0
2026-05-24 03:10:31,L-N03_m-qwen2.5-72b_sol1_gd1_rs0_bd1_str-lenient_t00_n1,542,2,1,Qwen/Qwen2.5-72B-Instruct,1,0,1,1,lenient,0.0,8.5,0.0
2026-05-24 03:10:42,L-N03_m-qwen2.5-72b_sol1_gd1_rs0_bd1_str-lenient_t00_n1,542,3,1,Qwen/Qwen2.5-72B-Instruct,1,0,1,1,lenient,0.0,11.0,0.0
2026-05-24 03:11:03,L-N03_m-qwen2.5-72b_sol1_gd1_rs0_bd1_str-lenient_t00_n1,543,1,1,Qwen/Qwen2.5-72B-Instruct,1,0,1,1,lenient,0.0,7.5,0.0
2026-05-24 03:11:17,L-N03_m-qwen2.5-72b_sol1_gd1_rs0_bd1_str-lenient_t00_n1,543,2,1,Qwen/Qwen2.5-72B-Instruct,1,0,1,1,lenient,0.0,7.5,0.0
2026-05-24 03:11:33,L-N03_m-qwen2.5-72b_sol1_gd1_rs0_bd1_str-lenient_t00_n1,543,3,1,Qwen/Qwen2.5-72B-Instruct,1,0,1,1,lenient,0.0,7.5,0.0
2026-05-24 03:11:48,L-N03_m-qwen2.5-72b_sol1_gd1_rs0_bd1_str-lenient_t00_n1,544,1,1,Qwen/Qwen2.5-72B-Instruct,1,0,1,1,lenient,0.0,11.5,3.0
2026-05-24 03:12:00,L-N03_m-qwen2.5-72b_sol1_gd1_rs0_bd1_str-lenient_t00_n1,544,2,1,Qwen/Qwen2.5-72B-Instruct,1,0,1,1,lenient,0.0,9.5,0.0
2026-05-24 03:12:10,L-N03_m-qwen2.5-72b_sol1_gd1_rs0_bd1_str-lenient_t00_n1,544,3,1,Qwen/Qwen2.5-72B-Instruct,1,0,1,1,lenient,0.0,11.5,0.0
2026-05-24 03:12:15,L-N03_m-qwen2.5-72b_sol1_gd1_rs0_bd1_str-lenient_t00_n1,544,4,1,Qwen/Qwen2.5-72B-Instruct,1,0,1,1,lenient,0.0,0.0,0.0
2026-05-24 03:12:28,L-N03_m-qwen2.5-72b_sol1_gd1_rs0_bd1_str-lenient_t00_n1,545,1,1,Qwen/Qwen2.5-72B-Instruct,1,0,1,1,lenient,0.0,11.5,4.0
2026-05-24 03:12:42,L-N03_m-qwen2.5-72b_sol1_gd1_rs0_bd1_str-lenient_t00_n1,545,2,1,Qwen/Qwen2.5-72B-Instruct,1,0,1,1,lenient,0.0,10.5,3.0
2026-05-24 03:12:52,L-N03_m-qwen2.5-72b_sol1_gd1_rs0_bd1_str-lenient_t00_n1,545,3,1,Qwen/Qwen2.5-72B-Instruct,1,0,1,1,lenient,0.0,11.5,0.0
2026-05-24 03:12:58,L-N03_m-qwen2.5-72b_sol1_gd1_rs0_bd1_str-lenient_t00_n1,545,4,1,Qwen/Qwen2.5-72B-Instruct,1,0,1,1,lenient,0.0,5.0,0.0
2026-05-24 03:13:10,L-N03_m-qwen2.5-72b_sol1_gd1_rs0_bd1_str-lenient_t00_n1,546,1,1,Qwen/Qwen2.5-72B-Instruct,1,0,1,1,lenient,0.0,11.5,0.0
2026-05-24 03:13:23,L-N03_m-qwen2.5-72b_sol1_gd1_rs0_bd1_str-lenient_t00_n1,546,2,1,Qwen/Qwen2.5-72B-Instruct,1,0,1,1,lenient,0.0,10.0,0.0
2026-05-24 03:13:41,L-N03_m-qwen2.5-72b_sol1_gd1_rs0_bd1_str-lenient_t00_n1,546,3,1,Qwen/Qwen2.5-72B-Instruct,1,0,1,1,lenient,0.0,9.0,0.0
2026-05-24 03:13:45,L-N03_m-qwen2.5-72b_sol1_gd1_rs0_bd1_str-lenient_t00_n1,546,4,1,Qwen/Qwen2.5-72B-Instruct,1,0,1,1,lenient,0.0,0.0,0.0
2026-05-24 03:13:59,L-N03_m-qwen2.5-72b_sol1_gd1_rs0_bd1_str-lenient_t00_n1,547,1,1,Qwen/Qwen2.5-72B-Instruct,1,0,1,1,lenient,0.0,11.5,0.0
2026-05-24 03:14:12,L-N03_m-qwen2.5-72b_sol1_gd1_rs0_bd1_str-lenient_t00_n1,547,2,1,Qwen/Qwen2.5-72B-Instruct,1,0,1,1,lenient,0.0,10.0,0.0
2026-05-24 03:14:23,L-N03_m-qwen2.5-72b_sol1_gd1_rs0_bd1_str-lenient_t00_n1,547,3,1,Qwen/Qwen2.5-72B-Instruct,1,0,1,1,lenient,0.0,11.5,0.0
2026-05-24 03:14:37,L-N03_m-qwen2.5-72b_sol1_gd1_rs0_bd1_str-lenient_t00_n1,548,1,1,Qwen/Qwen2.5-72B-Instruct,1,0,1,1,lenient,0.0,8.5,0.0
2026-05-24 03:14:56,L-N03_m-qwen2.5-72b_sol1_gd1_rs0_bd1_str-lenient_t00_n1,548,2,1,Qwen/Qwen2.5-72B-Instruct,1,0,1,1,lenient,0.0,8.5,0.0
2026-05-24 03:15:12,L-N03_m-qwen2.5-72b_sol1_gd1_rs0_bd1_str-lenient_t00_n1,548,3,1,Qwen/Qwen2.5-72B-Instruct,1,0,1,1,lenient,0.0,7.5,0.0
2026-05-24 03:15:33,L-N03_m-qwen2.5-72b_sol1_gd1_rs0_bd1_str-lenient_t00_n1,549,1,1,Qwen/Qwen2.5-72B-Instruct,1,0,1,1,lenient,0.0,9.5,0.0
2026-05-24 03:15:46,L-N03_m-qwen2.5-72b_sol1_gd1_rs0_bd1_str-lenient_t00_n1,549,2,1,Qwen/Qwen2.5-72B-Instruct,1,0,1,1,lenient,0.0,9.5,0.0
2026-05-24 03:16:01,L-N03_m-qwen2.5-72b_sol1_gd1_rs0_bd1_str-lenient_t00_n1,549,3,1,Qwen/Qwen2.5-72B-Instruct,1,0,1,1,lenient,0.0,9.0,0.0
2026-05-24 03:16:16,L-N03_m-qwen2.5-72b_sol1_gd1_rs0_bd1_str-lenient_t00_n1,550,1,1,Qwen/Qwen2.5-72B-Instruct,1,0,1,1,lenient,0.0,11.5,4.0
2026-05-24 03:16:29,L-N03_m-qwen2.5-72b_sol1_gd1_rs0_bd1_str-lenient_t00_n1,550,2,1,Qwen/Qwen2.5-72B-Instruct,1,0,1,1,lenient,0.0,8.5,0.0
2026-05-24 03:16:48,L-N03_m-qwen2.5-72b_sol1_gd1_rs0_bd1_str-lenient_t00_n1,550,3,1,Qwen/Qwen2.5-72B-Instruct,1,0,1,1,lenient,0.0,9.0,0.0
2026-05-24 03:17:02,L-N03_m-qwen2.5-72b_sol1_gd1_rs0_bd1_str-lenient_t00_n1,551,1,1,Qwen/Qwen2.5-72B-Instruct,1,0,1,1,lenient,0.0,11.5,4.0
2026-05-24 03:17:15,L-N03_m-qwen2.5-72b_sol1_gd1_rs0_bd1_str-lenient_t00_n1,551,2,1,Qwen/Qwen2.5-72B-Instruct,1,0,1,1,lenient,0.0,10.0,2.0
2026-05-24 03:17:31,L-N03_m-qwen2.5-72b_sol1_gd1_rs0_bd1_str-lenient_t00_n1,551,3,1,Qwen/Qwen2.5-72B-Instruct,1,0,1,1,lenient,0.0,9.0,0.0
2026-05-24 03:17:45,L-N03_m-qwen2.5-72b_sol1_gd1_rs0_bd1_str-lenient_t00_n1,552,1,1,Qwen/Qwen2.5-72B-Instruct,1,0,1,1,lenient,0.0,11.5,4.0
2026-05-24 03:17:57,L-N03_m-qwen2.5-72b_sol1_gd1_rs0_bd1_str-lenient_t00_n1,552,2,1,Qwen/Qwen2.5-72B-Instruct,1,0,1,1,lenient,0.0,10.0,0.0
2026-05-24 03:18:17,L-N03_m-qwen2.5-72b_sol1_gd1_rs0_bd1_str-lenient_t00_n1,552,3,1,Qwen/Qwen2.5-72B-Instruct,1,0,1,1,lenient,0.0,9.0,0.0
2026-05-24 03:18:31,L-N03_m-qwen2.5-72b_sol1_gd1_rs0_bd1_str-lenient_t00_n1,553,1,1,Qwen/Qwen2.5-72B-Instruct,1,0,1,1,lenient,0.0,11.5,3.0
2026-05-24 03:18:44,L-N03_m-qwen2.5-72b_sol1_gd1_rs0_bd1_str-lenient_t00_n1,553,2,1,Qwen/Qwen2.5-72B-Instruct,1,0,1,1,lenient,0.0,10.0,3.0
2026-05-24 03:18:54,L-N03_m-qwen2.5-72b_sol1_gd1_rs0_bd1_str-lenient_t00_n1,553,3,1,Qwen/Qwen2.5-72B-Instruct,1,0,1,1,lenient,0.0,11.5,0.0
2026-05-24 03:19:00,L-N03_m-qwen2.5-72b_sol1_gd1_rs0_bd1_str-lenient_t00_n1,553,4,1,Qwen/Qwen2.5-72B-Instruct,1,0,1,1,lenient,0.0,5.0,0.0
2026-05-24 03:19:13,L-N03_m-qwen2.5-72b_sol1_gd1_rs0_bd1_str-lenient_t00_n1,554,1,1,Qwen/Qwen2.5-72B-Instruct,1,0,1,1,lenient,0.0,10.5,0.0
2026-05-24 03:19:25,L-N03_m-qwen2.5-72b_sol1_gd1_rs0_bd1_str-lenient_t00_n1,554,2,1,Qwen/Qwen2.5-72B-Instruct,1,0,1,1,lenient,0.0,9.5,2.0
2026-05-24 03:19:36,L-N03_m-qwen2.5-72b_sol1_gd1_rs0_bd1_str-lenient_t00_n1,554,3,1,Qwen/Qwen2.5-72B-Instruct,1,0,1,1,lenient,0.0,11.5,0.0
2026-05-24 03:19:49,L-N03_m-qwen2.5-72b_sol1_gd1_rs0_bd1_str-lenient_t00_n1,555,1,1,Qwen/Qwen2.5-72B-Instruct,1,0,1,1,lenient,0.0,9.5,0.0
2026-05-24 03:20:01,L-N03_m-qwen2.5-72b_sol1_gd1_rs0_bd1_str-lenient_t00_n1,555,2,1,Qwen/Qwen2.5-72B-Instruct,1,0,1,1,lenient,0.0,9.5,0.0
2026-05-24 03:20:13,L-N03_m-qwen2.5-72b_sol1_gd1_rs0_bd1_str-lenient_t00_n1,555,3,1,Qwen/Qwen2.5-72B-Instruct,1,0,1,1,lenient,0.0,11.0,0.0
2026-05-24 03:20:26,L-N03_m-qwen2.5-72b_sol1_gd1_rs0_bd1_str-lenient_t00_n1,556,1,1,Qwen/Qwen2.5-72B-Instruct,1,0,1,1,lenient,0.0,10.5,3.0
2026-05-24 03:20:39,L-N03_m-qwen2.5-72b_sol1_gd1_rs0_bd1_str-lenient_t00_n1,556,2,1,Qwen/Qwen2.5-72B-Instruct,1,0,1,1,lenient,0.0,9.5,2.0
2026-05-24 03:20:50,L-N03_m-qwen2.5-72b_sol1_gd1_rs0_bd1_str-lenient_t00_n1,556,3,1,Qwen/Qwen2.5-72B-Instruct,1,0,1,1,lenient,0.0,11.5,0.0
2026-05-24 03:20:55,L-N03_m-qwen2.5-72b_sol1_gd1_rs0_bd1_str-lenient_t00_n1,556,4,1,Qwen/Qwen2.5-72B-Instruct,1,0,1,1,lenient,0.0,5.0,0.0
2026-05-24 03:21:15,L-N03_m-qwen2.5-72b_sol1_gd1_rs0_bd1_str-lenient_t00_n1,557,1,1,Qwen/Qwen2.5-72B-Instruct,1,0,1,1,lenient,0.0,10.5,0.0
2026-05-24 03:21:29,L-N03_m-qwen2.5-72b_sol1_gd1_rs0_bd1_str-lenient_t00_n1,557,2,1,Qwen/Qwen2.5-72B-Instruct,1,0,1,1,lenient,0.0,10.0,0.0
2026-05-24 03:21:46,L-N03_m-qwen2.5-72b_sol1_gd1_rs0_bd1_str-lenient_t00_n1,557,3,1,Qwen/Qwen2.5-72B-Instruct,1,0,1,1,lenient,0.0,8.5,0.0
2026-05-24 03:22:07,L-N03_m-qwen2.5-72b_sol1_gd1_rs0_bd1_str-lenient_t00_n1,558,1,1,Qwen/Qwen2.5-72B-Instruct,1,0,1,1,lenient,0.0,7.5,0.0
2026-05-24 03:22:19,L-N03_m-qwen2.5-72b_sol1_gd1_rs0_bd1_str-lenient_t00_n1,558,2,1,Qwen/Qwen2.5-72B-Instruct,1,0,1,1,lenient,0.0,7.5,0.0
2026-05-24 03:22:39,L-N03_m-qwen2.5-72b_sol1_gd1_rs0_bd1_str-lenient_t00_n1,558,3,1,Qwen/Qwen2.5-72B-Instruct,1,0,1,1,lenient,0.0,7.5,0.0
2026-05-24 03:22:42,L-N03_m-qwen2.5-72b_sol1_gd1_rs0_bd1_str-lenient_t00_n1,558,4,1,Qwen/Qwen2.5-72B-Instruct,1,0,1,1,lenient,0.0,0.0,0.0
2026-05-24 03:22:55,L-N03_m-qwen2.5-72b_sol1_gd1_rs0_bd1_str-lenient_t00_n1,559,1,1,Qwen/Qwen2.5-72B-Instruct,1,0,1,1,lenient,0.0,11.5,2.0
2026-05-24 03:23:08,L-N03_m-qwen2.5-72b_sol1_gd1_rs0_bd1_str-lenient_t00_n1,559,2,1,Qwen/Qwen2.5-72B-Instruct,1,0,1,1,lenient,0.0,10.0,3.0
2026-05-24 03:23:18,L-N03_m-qwen2.5-72b_sol1_gd1_rs0_bd1_str-lenient_t00_n1,559,3,1,Qwen/Qwen2.5-72B-Instruct,1,0,1,1,lenient,0.0,11.5,0.0
2026-05-24 03:23:22,L-N03_m-qwen2.5-72b_sol1_gd1_rs0_bd1_str-lenient_t00_n1,559,4,1,Qwen/Qwen2.5-72B-Instruct,1,0,1,1,lenient,0.0,0.0,0.0
2026-05-24 03:23:43,L-N03_m-qwen2.5-72b_sol1_gd1_rs0_bd1_str-lenient_t00_n1,560,1,1,Qwen/Qwen2.5-72B-Instruct,1,0,1,1,lenient,0.0,9.5,0.0
2026-05-24 03:23:55,L-N03_m-qwen2.5-72b_sol1_gd1_rs0_bd1_str-lenient_t00_n1,560,2,1,Qwen/Qwen2.5-72B-Instruct,1,0,1,1,lenient,0.0,8.5,0.0
2026-05-24 03:24:06,L-N03_m-qwen2.5-72b_sol1_gd1_rs0_bd1_str-lenient_t00_n1,560,3,1,Qwen/Qwen2.5-72B-Instruct,1,0,1,1,lenient,0.0,11.5,0.0
2026-05-24 03:24:10,L-N03_m-qwen2.5-72b_sol1_gd1_rs0_bd1_str-lenient_t00_n1,560,4,1,Qwen/Qwen2.5-72B-Instruct,1,0,1,1,lenient,0.0,0.0,0.0
2026-05-24 03:24:23,L-N03_m-qwen2.5-72b_sol1_gd1_rs0_bd1_str-lenient_t00_n1,561,1,1,Qwen/Qwen2.5-72B-Instruct,1,0,1,1,lenient,0.0,11.5,0.0
2026-05-24 03:24:35,L-N03_m-qwen2.5-72b_sol1_gd1_rs0_bd1_str-lenient_t00_n1,561,2,1,Qwen/Qwen2.5-72B-Instruct,1,0,1,1,lenient,0.0,10.0,0.0
2026-05-24 03:24:51,L-N03_m-qwen2.5-72b_sol1_gd1_rs0_bd1_str-lenient_t00_n1,561,3,1,Qwen/Qwen2.5-72B-Instruct,1,0,1,1,lenient,0.0,9.0,0.0
2026-05-24 03:25:12,L-N03_m-qwen2.5-72b_sol1_gd1_rs0_bd1_str-lenient_t00_n1,562,1,1,Qwen/Qwen2.5-72B-Instruct,1,0,1,1,lenient,0.0,11.5,0.0
2026-05-24 03:25:25,L-N03_m-qwen2.5-72b_sol1_gd1_rs0_bd1_str-lenient_t00_n1,562,2,1,Qwen/Qwen2.5-72B-Instruct,1,0,1,1,lenient,0.0,10.0,0.0
2026-05-24 03:25:35,L-N03_m-qwen2.5-72b_sol1_gd1_rs0_bd1_str-lenient_t00_n1,562,3,1,Qwen/Qwen2.5-72B-Instruct,1,0,1,1,lenient,0.0,11.5,0.0
2026-05-24 03:25:48,L-N03_m-qwen2.5-72b_sol1_gd1_rs0_bd1_str-lenient_t00_n1,563,1,1,Qwen/Qwen2.5-72B-Instruct,1,0,1,1,lenient,0.0,11.5,0.0
2026-05-24 03:26:03,L-N03_m-qwen2.5-72b_sol1_gd1_rs0_bd1_str-lenient_t00_n1,563,2,1,Qwen/Qwen2.5-72B-Instruct,1,0,1,1,lenient,0.0,9.5,0.0
2026-05-24 03:26:17,L-N03_m-qwen2.5-72b_sol1_gd1_rs0_bd1_str-lenient_t00_n1,563,3,1,Qwen/Qwen2.5-72B-Instruct,1,0,1,1,lenient,0.0,7.5,0.0
2026-05-24 03:26:37,L-N03_m-qwen2.5-72b_sol1_gd1_rs0_bd1_str-lenient_t00_n1,564,1,1,Qwen/Qwen2.5-72B-Instruct,1,0,1,1,lenient,0.0,6.0,0.0
2026-05-24 03:26:46,L-N03_m-qwen2.5-72b_sol1_gd1_rs0_bd1_str-lenient_t00_n1,564,2,1,Qwen/Qwen2.5-72B-Instruct,1,0,1,1,lenient,0.0,0.0,0.0
2026-05-24 03:26:54,L-N03_m-qwen2.5-72b_sol1_gd1_rs0_bd1_str-lenient_t00_n1,564,3,1,Qwen/Qwen2.5-72B-Instruct,1,0,1,1,lenient,0.0,0.0,0.0
2026-05-24 03:27:08,L-N03_m-qwen2.5-72b_sol1_gd1_rs0_bd1_str-lenient_t00_n1,565,1,1,Qwen/Qwen2.5-72B-Instruct,1,0,1,1,lenient,0.0,8.5,0.0
2026-05-24 03:27:21,L-N03_m-qwen2.5-72b_sol1_gd1_rs0_bd1_str-lenient_t00_n1,565,2,1,Qwen/Qwen2.5-72B-Instruct,1,0,1,1,lenient,0.0,10.0,0.0
2026-05-24 03:27:32,L-N03_m-qwen2.5-72b_sol1_gd1_rs0_bd1_str-lenient_t00_n1,565,3,1,Qwen/Qwen2.5-72B-Instruct,1,0,1,1,lenient,0.0,11.5,0.0
2026-05-24 03:27:44,L-N03_m-qwen2.5-72b_sol1_gd1_rs0_bd1_str-lenient_t00_n1,566,1,1,Qwen/Qwen2.5-72B-Instruct,1,0,1,1,lenient,0.0,11.5,0.0
2026-05-24 03:27:56,L-N03_m-qwen2.5-72b_sol1_gd1_rs0_bd1_str-lenient_t00_n1,566,2,1,Qwen/Qwen2.5-72B-Instruct,1,0,1,1,lenient,0.0,10.0,3.0
2026-05-24 03:28:07,L-N03_m-qwen2.5-72b_sol1_gd1_rs0_bd1_str-lenient_t00_n1,566,3,1,Qwen/Qwen2.5-72B-Instruct,1,0,1,1,lenient,0.0,11.0,0.0
2026-05-24 03:28:11,L-N03_m-qwen2.5-72b_sol1_gd1_rs0_bd1_str-lenient_t00_n1,566,4,1,Qwen/Qwen2.5-72B-Instruct,1,0,1,1,lenient,0.0,0.0,0.0
2026-05-24 03:28:24,L-N03_m-qwen2.5-72b_sol1_gd1_rs0_bd1_str-lenient_t00_n1,567,1,1,Qwen/Qwen2.5-72B-Instruct,1,0,1,1,lenient,0.0,11.5,0.0
2026-05-24 03:28:37,L-N03_m-qwen2.5-72b_sol1_gd1_rs0_bd1_str-lenient_t00_n1,567,2,1,Qwen/Qwen2.5-72B-Instruct,1,0,1,1,lenient,0.0,10.0,0.0
2026-05-24 03:28:48,L-N03_m-qwen2.5-72b_sol1_gd1_rs0_bd1_str-lenient_t00_n1,567,3,1,Qwen/Qwen2.5-72B-Instruct,1,0,1,1,lenient,0.0,11.5,0.0
2026-05-24 03:29:09,L-N03_m-qwen2.5-72b_sol1_gd1_rs0_bd1_str-lenient_t00_n1,568,1,1,Qwen/Qwen2.5-72B-Instruct,1,0,1,1,lenient,0.0,11.5,3.0
2026-05-24 03:29:21,L-N03_m-qwen2.5-72b_sol1_gd1_rs0_bd1_str-lenient_t00_n1,568,2,1,Qwen/Qwen2.5-72B-Instruct,1,0,1,1,lenient,0.0,10.0,3.0
2026-05-24 03:29:31,L-N03_m-qwen2.5-72b_sol1_gd1_rs0_bd1_str-lenient_t00_n1,568,3,1,Qwen/Qwen2.5-72B-Instruct,1,0,1,1,lenient,0.0,11.0,0.0
2026-05-24 03:29:37,L-N03_m-qwen2.5-72b_sol1_gd1_rs0_bd1_str-lenient_t00_n1,568,4,1,Qwen/Qwen2.5-72B-Instruct,1,0,1,1,lenient,0.0,5.0,0.0
2026-05-24 03:29:50,L-N03_m-qwen2.5-72b_sol1_gd1_rs0_bd1_str-lenient_t00_n1,569,1,1,Qwen/Qwen2.5-72B-Instruct,1,0,1,1,lenient,0.0,11.5,0.0
2026-05-24 03:30:03,L-N03_m-qwen2.5-72b_sol1_gd1_rs0_bd1_str-lenient_t00_n1,569,2,1,Qwen/Qwen2.5-72B-Instruct,1,0,1,1,lenient,0.0,9.5,2.0
2026-05-24 03:30:14,L-N03_m-qwen2.5-72b_sol1_gd1_rs0_bd1_str-lenient_t00_n1,569,3,1,Qwen/Qwen2.5-72B-Instruct,1,0,1,1,lenient,0.0,11.5,0.0
2026-05-24 03:30:27,L-N03_m-qwen2.5-72b_sol1_gd1_rs0_bd1_str-lenient_t00_n1,570,1,1,Qwen/Qwen2.5-72B-Instruct,1,0,1,1,lenient,0.0,10.5,2.0
2026-05-24 03:30:39,L-N03_m-qwen2.5-72b_sol1_gd1_rs0_bd1_str-lenient_t00_n1,570,2,1,Qwen/Qwen2.5-72B-Instruct,1,0,1,1,lenient,0.0,9.5,2.0
2026-05-24 03:30:49,L-N03_m-qwen2.5-72b_sol1_gd1_rs0_bd1_str-lenient_t00_n1,570,3,1,Qwen/Qwen2.5-72B-Instruct,1,0,1,1,lenient,0.0,11.5,0.0
