timestamp,tag,student,question,run,model,use_solution,use_reasoning,use_breakdown,use_guidelines,strictness,temperature,score,bonus
2026-05-20 15:31:08,L-P02_m-qwen2.5-coder-32b_sol1_gd1_rs0_bd1_str-exacting_t00_n1,1,1,1,Qwen/Qwen2.5-Coder-32B-Instruct,1,0,1,1,exacting,0.0,6.0,0.0
2026-05-20 15:31:16,L-P02_m-qwen2.5-coder-32b_sol1_gd1_rs0_bd1_str-exacting_t00_n1,1,2,1,Qwen/Qwen2.5-Coder-32B-Instruct,1,0,1,1,exacting,0.0,5.0,0.0
2026-05-20 15:31:25,L-P02_m-qwen2.5-coder-32b_sol1_gd1_rs0_bd1_str-exacting_t00_n1,1,3,1,Qwen/Qwen2.5-Coder-32B-Instruct,1,0,1,1,exacting,0.0,3.0,0.0
2026-05-20 15:31:33,L-P02_m-qwen2.5-coder-32b_sol1_gd1_rs0_bd1_str-exacting_t00_n1,2,1,1,Qwen/Qwen2.5-Coder-32B-Instruct,1,0,1,1,exacting,0.0,7.5,0.0
2026-05-20 15:31:41,L-P02_m-qwen2.5-coder-32b_sol1_gd1_rs0_bd1_str-exacting_t00_n1,2,2,1,Qwen/Qwen2.5-Coder-32B-Instruct,1,0,1,1,exacting,0.0,6.0,0.0
2026-05-20 15:31:49,L-P02_m-qwen2.5-coder-32b_sol1_gd1_rs0_bd1_str-exacting_t00_n1,2,3,1,Qwen/Qwen2.5-Coder-32B-Instruct,1,0,1,1,exacting,0.0,8.0,0.0
2026-05-20 15:31:58,L-P02_m-qwen2.5-coder-32b_sol1_gd1_rs0_bd1_str-exacting_t00_n1,3,1,1,Qwen/Qwen2.5-Coder-32B-Instruct,1,0,1,1,exacting,0.0,8.5,0.0
2026-05-20 15:32:09,L-P02_m-qwen2.5-coder-32b_sol1_gd1_rs0_bd1_str-exacting_t00_n1,3,2,1,Qwen/Qwen2.5-Coder-32B-Instruct,1,0,1,1,exacting,0.0,5.0,0.0
2026-05-20 15:32:14,L-P02_m-qwen2.5-coder-32b_sol1_gd1_rs0_bd1_str-exacting_t00_n1,3,3,1,Qwen/Qwen2.5-Coder-32B-Instruct,1,0,1,1,exacting,0.0,8.0,0.0
2026-05-20 15:32:23,L-P02_m-qwen2.5-coder-32b_sol1_gd1_rs0_bd1_str-exacting_t00_n1,4,1,1,Qwen/Qwen2.5-Coder-32B-Instruct,1,0,1,1,exacting,0.0,8.0,0.0
2026-05-20 15:32:30,L-P02_m-qwen2.5-coder-32b_sol1_gd1_rs0_bd1_str-exacting_t00_n1,4,2,1,Qwen/Qwen2.5-Coder-32B-Instruct,1,0,1,1,exacting,0.0,7.0,0.0
2026-05-20 15:32:40,L-P02_m-qwen2.5-coder-32b_sol1_gd1_rs0_bd1_str-exacting_t00_n1,4,3,1,Qwen/Qwen2.5-Coder-32B-Instruct,1,0,1,1,exacting,0.0,4.0,0.0
2026-05-20 15:32:43,L-P02_m-qwen2.5-coder-32b_sol1_gd1_rs0_bd1_str-exacting_t00_n1,4,4,1,Qwen/Qwen2.5-Coder-32B-Instruct,1,0,1,1,exacting,0.0,5.0,0.0
2026-05-20 15:32:51,L-P02_m-qwen2.5-coder-32b_sol1_gd1_rs0_bd1_str-exacting_t00_n1,5,1,1,Qwen/Qwen2.5-Coder-32B-Instruct,1,0,1,1,exacting,0.0,4.0,0.0
2026-05-20 15:33:02,L-P02_m-qwen2.5-coder-32b_sol1_gd1_rs0_bd1_str-exacting_t00_n1,5,2,1,Qwen/Qwen2.5-Coder-32B-Instruct,1,0,1,1,exacting,0.0,5.0,0.0
2026-05-20 15:33:07,L-P02_m-qwen2.5-coder-32b_sol1_gd1_rs0_bd1_str-exacting_t00_n1,5,3,1,Qwen/Qwen2.5-Coder-32B-Instruct,1,0,1,1,exacting,0.0,5.0,0.0
2026-05-20 15:33:19,L-P02_m-qwen2.5-coder-32b_sol1_gd1_rs0_bd1_str-exacting_t00_n1,6,1,1,Qwen/Qwen2.5-Coder-32B-Instruct,1,0,1,1,exacting,0.0,4.0,0.0
2026-05-20 15:33:26,L-P02_m-qwen2.5-coder-32b_sol1_gd1_rs0_bd1_str-exacting_t00_n1,6,2,1,Qwen/Qwen2.5-Coder-32B-Instruct,1,0,1,1,exacting,0.0,8.0,0.0
2026-05-20 15:33:31,L-P02_m-qwen2.5-coder-32b_sol1_gd1_rs0_bd1_str-exacting_t00_n1,6,3,1,Qwen/Qwen2.5-Coder-32B-Instruct,1,0,1,1,exacting,0.0,4.0,0.0
2026-05-20 15:33:34,L-P02_m-qwen2.5-coder-32b_sol1_gd1_rs0_bd1_str-exacting_t00_n1,6,4,1,Qwen/Qwen2.5-Coder-32B-Instruct,1,0,1,1,exacting,0.0,0.0,0.0
2026-05-20 15:33:42,L-P02_m-qwen2.5-coder-32b_sol1_gd1_rs0_bd1_str-exacting_t00_n1,7,1,1,Qwen/Qwen2.5-Coder-32B-Instruct,1,0,1,1,exacting,0.0,5.0,0.0
2026-05-20 15:33:52,L-P02_m-qwen2.5-coder-32b_sol1_gd1_rs0_bd1_str-exacting_t00_n1,7,2,1,Qwen/Qwen2.5-Coder-32B-Instruct,1,0,1,1,exacting,0.0,5.0,0.0
2026-05-20 15:34:04,L-P02_m-qwen2.5-coder-32b_sol1_gd1_rs0_bd1_str-exacting_t00_n1,7,3,1,Qwen/Qwen2.5-Coder-32B-Instruct,1,0,1,1,exacting,0.0,4.0,0.0
2026-05-20 15:34:11,L-P02_m-qwen2.5-coder-32b_sol1_gd1_rs0_bd1_str-exacting_t00_n1,8,1,1,Qwen/Qwen2.5-Coder-32B-Instruct,1,0,1,1,exacting,0.0,5.0,0.0
2026-05-20 15:34:21,L-P02_m-qwen2.5-coder-32b_sol1_gd1_rs0_bd1_str-exacting_t00_n1,8,2,1,Qwen/Qwen2.5-Coder-32B-Instruct,1,0,1,1,exacting,0.0,5.0,0.0
2026-05-20 15:34:29,L-P02_m-qwen2.5-coder-32b_sol1_gd1_rs0_bd1_str-exacting_t00_n1,8,3,1,Qwen/Qwen2.5-Coder-32B-Instruct,1,0,1,1,exacting,0.0,8.0,0.0
2026-05-20 15:34:37,L-P02_m-qwen2.5-coder-32b_sol1_gd1_rs0_bd1_str-exacting_t00_n1,9,1,1,Qwen/Qwen2.5-Coder-32B-Instruct,1,0,1,1,exacting,0.0,7.5,0.0
2026-05-20 15:34:48,L-P02_m-qwen2.5-coder-32b_sol1_gd1_rs0_bd1_str-exacting_t00_n1,9,2,1,Qwen/Qwen2.5-Coder-32B-Instruct,1,0,1,1,exacting,0.0,7.0,0.0
2026-05-20 15:34:56,L-P02_m-qwen2.5-coder-32b_sol1_gd1_rs0_bd1_str-exacting_t00_n1,9,3,1,Qwen/Qwen2.5-Coder-32B-Instruct,1,0,1,1,exacting,0.0,8.0,0.0
2026-05-20 15:35:05,L-P02_m-qwen2.5-coder-32b_sol1_gd1_rs0_bd1_str-exacting_t00_n1,10,1,1,Qwen/Qwen2.5-Coder-32B-Instruct,1,0,1,1,exacting,0.0,7.0,0.0
2026-05-20 15:35:11,L-P02_m-qwen2.5-coder-32b_sol1_gd1_rs0_bd1_str-exacting_t00_n1,10,2,1,Qwen/Qwen2.5-Coder-32B-Instruct,1,0,1,1,exacting,0.0,7.0,0.0
2026-05-20 15:35:21,L-P02_m-qwen2.5-coder-32b_sol1_gd1_rs0_bd1_str-exacting_t00_n1,10,3,1,Qwen/Qwen2.5-Coder-32B-Instruct,1,0,1,1,exacting,0.0,6.0,0.0
2026-05-20 15:35:29,L-P02_m-qwen2.5-coder-32b_sol1_gd1_rs0_bd1_str-exacting_t00_n1,11,1,1,Qwen/Qwen2.5-Coder-32B-Instruct,1,0,1,1,exacting,0.0,5.0,0.0
2026-05-20 15:35:38,L-P02_m-qwen2.5-coder-32b_sol1_gd1_rs0_bd1_str-exacting_t00_n1,11,2,1,Qwen/Qwen2.5-Coder-32B-Instruct,1,0,1,1,exacting,0.0,5.0,0.0
2026-05-20 15:35:44,L-P02_m-qwen2.5-coder-32b_sol1_gd1_rs0_bd1_str-exacting_t00_n1,11,3,1,Qwen/Qwen2.5-Coder-32B-Instruct,1,0,1,1,exacting,0.0,7.0,0.0
2026-05-20 15:36:16,L-P02_m-qwen2.5-coder-32b_sol1_gd1_rs0_bd1_str-exacting_t00_n1,12,1,1,Qwen/Qwen2.5-Coder-32B-Instruct,1,0,1,1,exacting,0.0,5.0,0.0
2026-05-20 15:36:23,L-P02_m-qwen2.5-coder-32b_sol1_gd1_rs0_bd1_str-exacting_t00_n1,12,2,1,Qwen/Qwen2.5-Coder-32B-Instruct,1,0,1,1,exacting,0.0,8.0,0.0
2026-05-20 15:36:30,L-P02_m-qwen2.5-coder-32b_sol1_gd1_rs0_bd1_str-exacting_t00_n1,12,3,1,Qwen/Qwen2.5-Coder-32B-Instruct,1,0,1,1,exacting,0.0,8.0,0.0
2026-05-20 15:36:44,L-P02_m-qwen2.5-coder-32b_sol1_gd1_rs0_bd1_str-exacting_t00_n1,13,1,1,Qwen/Qwen2.5-Coder-32B-Instruct,1,0,1,1,exacting,0.0,4.0,0.0
2026-05-20 15:36:52,L-P02_m-qwen2.5-coder-32b_sol1_gd1_rs0_bd1_str-exacting_t00_n1,13,2,1,Qwen/Qwen2.5-Coder-32B-Instruct,1,0,1,1,exacting,0.0,0.0,0.0
2026-05-20 15:37:01,L-P02_m-qwen2.5-coder-32b_sol1_gd1_rs0_bd1_str-exacting_t00_n1,13,3,1,Qwen/Qwen2.5-Coder-32B-Instruct,1,0,1,1,exacting,0.0,0.5,0.0
2026-05-20 15:37:10,L-P02_m-qwen2.5-coder-32b_sol1_gd1_rs0_bd1_str-exacting_t00_n1,14,1,1,Qwen/Qwen2.5-Coder-32B-Instruct,1,0,1,1,exacting,0.0,10.5,4.0
2026-05-20 15:37:17,L-P02_m-qwen2.5-coder-32b_sol1_gd1_rs0_bd1_str-exacting_t00_n1,14,2,1,Qwen/Qwen2.5-Coder-32B-Instruct,1,0,1,1,exacting,0.0,8.5,3.0
2026-05-20 15:37:23,L-P02_m-qwen2.5-coder-32b_sol1_gd1_rs0_bd1_str-exacting_t00_n1,14,3,1,Qwen/Qwen2.5-Coder-32B-Instruct,1,0,1,1,exacting,0.0,8.0,0.0
2026-05-20 15:37:31,L-P02_m-qwen2.5-coder-32b_sol1_gd1_rs0_bd1_str-exacting_t00_n1,15,1,1,Qwen/Qwen2.5-Coder-32B-Instruct,1,0,1,1,exacting,0.0,2.5,0.0
2026-05-20 15:37:41,L-P02_m-qwen2.5-coder-32b_sol1_gd1_rs0_bd1_str-exacting_t00_n1,15,2,1,Qwen/Qwen2.5-Coder-32B-Instruct,1,0,1,1,exacting,0.0,5.0,0.0
2026-05-20 15:37:53,L-P02_m-qwen2.5-coder-32b_sol1_gd1_rs0_bd1_str-exacting_t00_n1,15,3,1,Qwen/Qwen2.5-Coder-32B-Instruct,1,0,1,1,exacting,0.0,2.0,0.0
2026-05-20 15:38:01,L-P02_m-qwen2.5-coder-32b_sol1_gd1_rs0_bd1_str-exacting_t00_n1,16,1,1,Qwen/Qwen2.5-Coder-32B-Instruct,1,0,1,1,exacting,0.0,6.0,0.0
2026-05-20 15:38:08,L-P02_m-qwen2.5-coder-32b_sol1_gd1_rs0_bd1_str-exacting_t00_n1,16,2,1,Qwen/Qwen2.5-Coder-32B-Instruct,1,0,1,1,exacting,0.0,6.0,0.0
2026-05-20 15:38:16,L-P02_m-qwen2.5-coder-32b_sol1_gd1_rs0_bd1_str-exacting_t00_n1,16,3,1,Qwen/Qwen2.5-Coder-32B-Instruct,1,0,1,1,exacting,0.0,4.0,0.0
2026-05-20 15:38:24,L-P02_m-qwen2.5-coder-32b_sol1_gd1_rs0_bd1_str-exacting_t00_n1,17,1,1,Qwen/Qwen2.5-Coder-32B-Instruct,1,0,1,1,exacting,0.0,4.0,0.0
2026-05-20 15:38:33,L-P02_m-qwen2.5-coder-32b_sol1_gd1_rs0_bd1_str-exacting_t00_n1,17,2,1,Qwen/Qwen2.5-Coder-32B-Instruct,1,0,1,1,exacting,0.0,4.0,0.0
2026-05-20 15:38:44,L-P02_m-qwen2.5-coder-32b_sol1_gd1_rs0_bd1_str-exacting_t00_n1,17,3,1,Qwen/Qwen2.5-Coder-32B-Instruct,1,0,1,1,exacting,0.0,2.0,0.0
2026-05-20 15:38:55,L-P02_m-qwen2.5-coder-32b_sol1_gd1_rs0_bd1_str-exacting_t00_n1,18,1,1,Qwen/Qwen2.5-Coder-32B-Instruct,1,0,1,1,exacting,0.0,4.0,0.0
2026-05-20 15:39:02,L-P02_m-qwen2.5-coder-32b_sol1_gd1_rs0_bd1_str-exacting_t00_n1,18,2,1,Qwen/Qwen2.5-Coder-32B-Instruct,1,0,1,1,exacting,0.0,5.0,0.0
2026-05-20 15:39:07,L-P02_m-qwen2.5-coder-32b_sol1_gd1_rs0_bd1_str-exacting_t00_n1,18,3,1,Qwen/Qwen2.5-Coder-32B-Instruct,1,0,1,1,exacting,0.0,6.0,0.0
2026-05-20 15:39:11,L-P02_m-qwen2.5-coder-32b_sol1_gd1_rs0_bd1_str-exacting_t00_n1,18,4,1,Qwen/Qwen2.5-Coder-32B-Instruct,1,0,1,1,exacting,0.0,0.0,0.0
2026-05-20 15:39:20,L-P02_m-qwen2.5-coder-32b_sol1_gd1_rs0_bd1_str-exacting_t00_n1,19,1,1,Qwen/Qwen2.5-Coder-32B-Instruct,1,0,1,1,exacting,0.0,2.0,0.0
2026-05-20 15:39:29,L-P02_m-qwen2.5-coder-32b_sol1_gd1_rs0_bd1_str-exacting_t00_n1,19,2,1,Qwen/Qwen2.5-Coder-32B-Instruct,1,0,1,1,exacting,0.0,0.0,0.0
2026-05-20 15:39:37,L-P02_m-qwen2.5-coder-32b_sol1_gd1_rs0_bd1_str-exacting_t00_n1,19,3,1,Qwen/Qwen2.5-Coder-32B-Instruct,1,0,1,1,exacting,0.0,8.0,0.0
2026-05-20 15:39:41,L-P02_m-qwen2.5-coder-32b_sol1_gd1_rs0_bd1_str-exacting_t00_n1,19,4,1,Qwen/Qwen2.5-Coder-32B-Instruct,1,0,1,1,exacting,0.0,0.0,0.0
2026-05-20 15:39:50,L-P02_m-qwen2.5-coder-32b_sol1_gd1_rs0_bd1_str-exacting_t00_n1,20,1,1,Qwen/Qwen2.5-Coder-32B-Instruct,1,0,1,1,exacting,0.0,5.5,0.0
2026-05-20 15:39:57,L-P02_m-qwen2.5-coder-32b_sol1_gd1_rs0_bd1_str-exacting_t00_n1,20,2,1,Qwen/Qwen2.5-Coder-32B-Instruct,1,0,1,1,exacting,0.0,3.0,0.0
2026-05-20 15:40:03,L-P02_m-qwen2.5-coder-32b_sol1_gd1_rs0_bd1_str-exacting_t00_n1,20,3,1,Qwen/Qwen2.5-Coder-32B-Instruct,1,0,1,1,exacting,0.0,5.0,0.0
2026-05-20 15:40:11,L-P02_m-qwen2.5-coder-32b_sol1_gd1_rs0_bd1_str-exacting_t00_n1,21,1,1,Qwen/Qwen2.5-Coder-32B-Instruct,1,0,1,1,exacting,0.0,4.0,0.0
2026-05-20 15:40:18,L-P02_m-qwen2.5-coder-32b_sol1_gd1_rs0_bd1_str-exacting_t00_n1,21,2,1,Qwen/Qwen2.5-Coder-32B-Instruct,1,0,1,1,exacting,0.0,5.0,0.0
2026-05-20 15:40:30,L-P02_m-qwen2.5-coder-32b_sol1_gd1_rs0_bd1_str-exacting_t00_n1,21,3,1,Qwen/Qwen2.5-Coder-32B-Instruct,1,0,1,1,exacting,0.0,2.0,0.0
2026-05-20 15:40:32,L-P02_m-qwen2.5-coder-32b_sol1_gd1_rs0_bd1_str-exacting_t00_n1,21,4,1,Qwen/Qwen2.5-Coder-32B-Instruct,1,0,1,1,exacting,0.0,0.0,0.0
2026-05-20 15:40:40,L-P02_m-qwen2.5-coder-32b_sol1_gd1_rs0_bd1_str-exacting_t00_n1,22,1,1,Qwen/Qwen2.5-Coder-32B-Instruct,1,0,1,1,exacting,0.0,2.0,0.0
2026-05-20 15:40:48,L-P02_m-qwen2.5-coder-32b_sol1_gd1_rs0_bd1_str-exacting_t00_n1,22,2,1,Qwen/Qwen2.5-Coder-32B-Instruct,1,0,1,1,exacting,0.0,5.0,0.0
2026-05-20 15:40:58,L-P02_m-qwen2.5-coder-32b_sol1_gd1_rs0_bd1_str-exacting_t00_n1,22,3,1,Qwen/Qwen2.5-Coder-32B-Instruct,1,0,1,1,exacting,0.0,3.0,0.0
2026-05-20 15:41:06,L-P02_m-qwen2.5-coder-32b_sol1_gd1_rs0_bd1_str-exacting_t00_n1,23,1,1,Qwen/Qwen2.5-Coder-32B-Instruct,1,0,1,1,exacting,0.0,7.5,0.0
2026-05-20 15:41:14,L-P02_m-qwen2.5-coder-32b_sol1_gd1_rs0_bd1_str-exacting_t00_n1,23,2,1,Qwen/Qwen2.5-Coder-32B-Instruct,1,0,1,1,exacting,0.0,6.0,0.0
2026-05-20 15:41:21,L-P02_m-qwen2.5-coder-32b_sol1_gd1_rs0_bd1_str-exacting_t00_n1,23,3,1,Qwen/Qwen2.5-Coder-32B-Instruct,1,0,1,1,exacting,0.0,8.0,0.0
2026-05-20 15:41:30,L-P02_m-qwen2.5-coder-32b_sol1_gd1_rs0_bd1_str-exacting_t00_n1,24,1,1,Qwen/Qwen2.5-Coder-32B-Instruct,1,0,1,1,exacting,0.0,8.0,0.0
2026-05-20 15:41:38,L-P02_m-qwen2.5-coder-32b_sol1_gd1_rs0_bd1_str-exacting_t00_n1,24,2,1,Qwen/Qwen2.5-Coder-32B-Instruct,1,0,1,1,exacting,0.0,6.0,0.0
2026-05-20 15:41:45,L-P02_m-qwen2.5-coder-32b_sol1_gd1_rs0_bd1_str-exacting_t00_n1,24,3,1,Qwen/Qwen2.5-Coder-32B-Instruct,1,0,1,1,exacting,0.0,8.0,0.0
2026-05-20 15:41:54,L-P02_m-qwen2.5-coder-32b_sol1_gd1_rs0_bd1_str-exacting_t00_n1,25,1,1,Qwen/Qwen2.5-Coder-32B-Instruct,1,0,1,1,exacting,0.0,6.0,0.0
2026-05-20 15:42:02,L-P02_m-qwen2.5-coder-32b_sol1_gd1_rs0_bd1_str-exacting_t00_n1,25,2,1,Qwen/Qwen2.5-Coder-32B-Instruct,1,0,1,1,exacting,0.0,6.0,0.0
2026-05-20 15:42:09,L-P02_m-qwen2.5-coder-32b_sol1_gd1_rs0_bd1_str-exacting_t00_n1,25,3,1,Qwen/Qwen2.5-Coder-32B-Instruct,1,0,1,1,exacting,0.0,8.0,0.0
2026-05-20 15:42:18,L-P02_m-qwen2.5-coder-32b_sol1_gd1_rs0_bd1_str-exacting_t00_n1,26,1,1,Qwen/Qwen2.5-Coder-32B-Instruct,1,0,1,1,exacting,0.0,5.5,0.0
2026-05-20 15:42:25,L-P02_m-qwen2.5-coder-32b_sol1_gd1_rs0_bd1_str-exacting_t00_n1,26,2,1,Qwen/Qwen2.5-Coder-32B-Instruct,1,0,1,1,exacting,0.0,5.0,0.0
2026-05-20 15:42:31,L-P02_m-qwen2.5-coder-32b_sol1_gd1_rs0_bd1_str-exacting_t00_n1,26,3,1,Qwen/Qwen2.5-Coder-32B-Instruct,1,0,1,1,exacting,0.0,5.0,0.0
2026-05-20 15:42:40,L-P02_m-qwen2.5-coder-32b_sol1_gd1_rs0_bd1_str-exacting_t00_n1,27,1,1,Qwen/Qwen2.5-Coder-32B-Instruct,1,0,1,1,exacting,0.0,7.0,0.0
2026-05-20 15:42:46,L-P02_m-qwen2.5-coder-32b_sol1_gd1_rs0_bd1_str-exacting_t00_n1,27,2,1,Qwen/Qwen2.5-Coder-32B-Instruct,1,0,1,1,exacting,0.0,6.0,0.0
2026-05-20 15:42:54,L-P02_m-qwen2.5-coder-32b_sol1_gd1_rs0_bd1_str-exacting_t00_n1,27,3,1,Qwen/Qwen2.5-Coder-32B-Instruct,1,0,1,1,exacting,0.0,7.0,0.0
2026-05-20 15:42:57,L-P02_m-qwen2.5-coder-32b_sol1_gd1_rs0_bd1_str-exacting_t00_n1,27,4,1,Qwen/Qwen2.5-Coder-32B-Instruct,1,0,1,1,exacting,0.0,0.0,0.0
2026-05-20 15:43:05,L-P02_m-qwen2.5-coder-32b_sol1_gd1_rs0_bd1_str-exacting_t00_n1,28,1,1,Qwen/Qwen2.5-Coder-32B-Instruct,1,0,1,1,exacting,0.0,7.0,0.0
2026-05-20 15:43:12,L-P02_m-qwen2.5-coder-32b_sol1_gd1_rs0_bd1_str-exacting_t00_n1,28,2,1,Qwen/Qwen2.5-Coder-32B-Instruct,1,0,1,1,exacting,0.0,5.0,0.0
2026-05-20 15:43:18,L-P02_m-qwen2.5-coder-32b_sol1_gd1_rs0_bd1_str-exacting_t00_n1,28,3,1,Qwen/Qwen2.5-Coder-32B-Instruct,1,0,1,1,exacting,0.0,5.0,0.0
2026-05-20 15:43:27,L-P02_m-qwen2.5-coder-32b_sol1_gd1_rs0_bd1_str-exacting_t00_n1,29,1,1,Qwen/Qwen2.5-Coder-32B-Instruct,1,0,1,1,exacting,0.0,5.0,0.0
2026-05-20 15:43:35,L-P02_m-qwen2.5-coder-32b_sol1_gd1_rs0_bd1_str-exacting_t00_n1,29,2,1,Qwen/Qwen2.5-Coder-32B-Instruct,1,0,1,1,exacting,0.0,5.0,0.0
2026-05-20 15:43:43,L-P02_m-qwen2.5-coder-32b_sol1_gd1_rs0_bd1_str-exacting_t00_n1,29,3,1,Qwen/Qwen2.5-Coder-32B-Instruct,1,0,1,1,exacting,0.0,8.0,0.0
2026-05-20 15:43:46,L-P02_m-qwen2.5-coder-32b_sol1_gd1_rs0_bd1_str-exacting_t00_n1,29,4,1,Qwen/Qwen2.5-Coder-32B-Instruct,1,0,1,1,exacting,0.0,0.0,0.0
2026-05-20 15:43:54,L-P02_m-qwen2.5-coder-32b_sol1_gd1_rs0_bd1_str-exacting_t00_n1,30,1,1,Qwen/Qwen2.5-Coder-32B-Instruct,1,0,1,1,exacting,0.0,3.0,0.0
2026-05-20 15:44:05,L-P02_m-qwen2.5-coder-32b_sol1_gd1_rs0_bd1_str-exacting_t00_n1,30,2,1,Qwen/Qwen2.5-Coder-32B-Instruct,1,0,1,1,exacting,0.0,2.0,0.0
2026-05-20 15:44:11,L-P02_m-qwen2.5-coder-32b_sol1_gd1_rs0_bd1_str-exacting_t00_n1,30,3,1,Qwen/Qwen2.5-Coder-32B-Instruct,1,0,1,1,exacting,0.0,5.0,0.0
2026-05-20 15:44:18,L-P02_m-qwen2.5-coder-32b_sol1_gd1_rs0_bd1_str-exacting_t00_n1,31,1,1,Qwen/Qwen2.5-Coder-32B-Instruct,1,0,1,1,exacting,0.0,0.5,0.0
2026-05-20 15:44:31,L-P02_m-qwen2.5-coder-32b_sol1_gd1_rs0_bd1_str-exacting_t00_n1,31,2,1,Qwen/Qwen2.5-Coder-32B-Instruct,1,0,1,1,exacting,0.0,3.0,0.0
2026-05-20 15:44:41,L-P02_m-qwen2.5-coder-32b_sol1_gd1_rs0_bd1_str-exacting_t00_n1,31,3,1,Qwen/Qwen2.5-Coder-32B-Instruct,1,0,1,1,exacting,0.0,3.0,0.0
2026-05-20 15:44:44,L-P02_m-qwen2.5-coder-32b_sol1_gd1_rs0_bd1_str-exacting_t00_n1,31,4,1,Qwen/Qwen2.5-Coder-32B-Instruct,1,0,1,1,exacting,0.0,0.0,0.0
2026-05-20 15:44:53,L-P02_m-qwen2.5-coder-32b_sol1_gd1_rs0_bd1_str-exacting_t00_n1,32,1,1,Qwen/Qwen2.5-Coder-32B-Instruct,1,0,1,1,exacting,0.0,6.0,0.0
2026-05-20 15:45:01,L-P02_m-qwen2.5-coder-32b_sol1_gd1_rs0_bd1_str-exacting_t00_n1,32,2,1,Qwen/Qwen2.5-Coder-32B-Instruct,1,0,1,1,exacting,0.0,6.0,0.0
2026-05-20 15:45:07,L-P02_m-qwen2.5-coder-32b_sol1_gd1_rs0_bd1_str-exacting_t00_n1,32,3,1,Qwen/Qwen2.5-Coder-32B-Instruct,1,0,1,1,exacting,0.0,8.0,0.0
2026-05-20 15:45:10,L-P02_m-qwen2.5-coder-32b_sol1_gd1_rs0_bd1_str-exacting_t00_n1,32,4,1,Qwen/Qwen2.5-Coder-32B-Instruct,1,0,1,1,exacting,0.0,0.0,0.0
2026-05-20 15:45:21,L-P02_m-qwen2.5-coder-32b_sol1_gd1_rs0_bd1_str-exacting_t00_n1,33,1,1,Qwen/Qwen2.5-Coder-32B-Instruct,1,0,1,1,exacting,0.0,2.0,0.0
2026-05-20 15:45:29,L-P02_m-qwen2.5-coder-32b_sol1_gd1_rs0_bd1_str-exacting_t00_n1,33,2,1,Qwen/Qwen2.5-Coder-32B-Instruct,1,0,1,1,exacting,0.0,4.0,0.0
2026-05-20 15:45:34,L-P02_m-qwen2.5-coder-32b_sol1_gd1_rs0_bd1_str-exacting_t00_n1,33,3,1,Qwen/Qwen2.5-Coder-32B-Instruct,1,0,1,1,exacting,0.0,2.0,0.0
2026-05-20 15:45:38,L-P02_m-qwen2.5-coder-32b_sol1_gd1_rs0_bd1_str-exacting_t00_n1,33,4,1,Qwen/Qwen2.5-Coder-32B-Instruct,1,0,1,1,exacting,0.0,0.0,0.0
2026-05-20 15:45:46,L-P02_m-qwen2.5-coder-32b_sol1_gd1_rs0_bd1_str-exacting_t00_n1,34,1,1,Qwen/Qwen2.5-Coder-32B-Instruct,1,0,1,1,exacting,0.0,5.0,0.0
2026-05-20 15:45:52,L-P02_m-qwen2.5-coder-32b_sol1_gd1_rs0_bd1_str-exacting_t00_n1,34,2,1,Qwen/Qwen2.5-Coder-32B-Instruct,1,0,1,1,exacting,0.0,6.0,0.0
2026-05-20 15:45:58,L-P02_m-qwen2.5-coder-32b_sol1_gd1_rs0_bd1_str-exacting_t00_n1,34,3,1,Qwen/Qwen2.5-Coder-32B-Instruct,1,0,1,1,exacting,0.0,1.5,0.0
2026-05-20 15:46:01,L-P02_m-qwen2.5-coder-32b_sol1_gd1_rs0_bd1_str-exacting_t00_n1,34,4,1,Qwen/Qwen2.5-Coder-32B-Instruct,1,0,1,1,exacting,0.0,0.0,0.0
2026-05-20 15:46:09,L-P02_m-qwen2.5-coder-32b_sol1_gd1_rs0_bd1_str-exacting_t00_n1,35,1,1,Qwen/Qwen2.5-Coder-32B-Instruct,1,0,1,1,exacting,0.0,4.0,0.0
2026-05-20 15:46:16,L-P02_m-qwen2.5-coder-32b_sol1_gd1_rs0_bd1_str-exacting_t00_n1,35,2,1,Qwen/Qwen2.5-Coder-32B-Instruct,1,0,1,1,exacting,0.0,6.0,0.0
2026-05-20 15:46:25,L-P02_m-qwen2.5-coder-32b_sol1_gd1_rs0_bd1_str-exacting_t00_n1,35,3,1,Qwen/Qwen2.5-Coder-32B-Instruct,1,0,1,1,exacting,0.0,7.0,0.0
2026-05-20 15:46:34,L-P02_m-qwen2.5-coder-32b_sol1_gd1_rs0_bd1_str-exacting_t00_n1,36,1,1,Qwen/Qwen2.5-Coder-32B-Instruct,1,0,1,1,exacting,0.0,4.0,0.0
2026-05-20 15:46:41,L-P02_m-qwen2.5-coder-32b_sol1_gd1_rs0_bd1_str-exacting_t00_n1,36,2,1,Qwen/Qwen2.5-Coder-32B-Instruct,1,0,1,1,exacting,0.0,4.0,0.0
2026-05-20 15:46:49,L-P02_m-qwen2.5-coder-32b_sol1_gd1_rs0_bd1_str-exacting_t00_n1,36,3,1,Qwen/Qwen2.5-Coder-32B-Instruct,1,0,1,1,exacting,0.0,7.0,0.0
2026-05-20 15:46:57,L-P02_m-qwen2.5-coder-32b_sol1_gd1_rs0_bd1_str-exacting_t00_n1,37,1,1,Qwen/Qwen2.5-Coder-32B-Instruct,1,0,1,1,exacting,0.0,4.0,0.0
2026-05-20 15:48:28,L-P02_m-qwen2.5-coder-32b_sol1_gd1_rs0_bd1_str-exacting_t00_n1,37,2,1,Qwen/Qwen2.5-Coder-32B-Instruct,1,0,1,1,exacting,0.0,3.0,0.0
2026-05-20 15:48:38,L-P02_m-qwen2.5-coder-32b_sol1_gd1_rs0_bd1_str-exacting_t00_n1,37,3,1,Qwen/Qwen2.5-Coder-32B-Instruct,1,0,1,1,exacting,0.0,1.5,0.0
2026-05-20 15:48:46,L-P02_m-qwen2.5-coder-32b_sol1_gd1_rs0_bd1_str-exacting_t00_n1,38,1,1,Qwen/Qwen2.5-Coder-32B-Instruct,1,0,1,1,exacting,0.0,10.5,4.0
2026-05-20 15:48:53,L-P02_m-qwen2.5-coder-32b_sol1_gd1_rs0_bd1_str-exacting_t00_n1,38,2,1,Qwen/Qwen2.5-Coder-32B-Instruct,1,0,1,1,exacting,0.0,7.0,0.0
2026-05-20 15:49:00,L-P02_m-qwen2.5-coder-32b_sol1_gd1_rs0_bd1_str-exacting_t00_n1,38,3,1,Qwen/Qwen2.5-Coder-32B-Instruct,1,0,1,1,exacting,0.0,8.0,0.0
2026-05-20 15:49:09,L-P02_m-qwen2.5-coder-32b_sol1_gd1_rs0_bd1_str-exacting_t00_n1,39,1,1,Qwen/Qwen2.5-Coder-32B-Instruct,1,0,1,1,exacting,0.0,8.5,3.0
2026-05-20 15:49:17,L-P02_m-qwen2.5-coder-32b_sol1_gd1_rs0_bd1_str-exacting_t00_n1,39,2,1,Qwen/Qwen2.5-Coder-32B-Instruct,1,0,1,1,exacting,0.0,8.0,1.0
2026-05-20 15:49:23,L-P02_m-qwen2.5-coder-32b_sol1_gd1_rs0_bd1_str-exacting_t00_n1,39,3,1,Qwen/Qwen2.5-Coder-32B-Instruct,1,0,1,1,exacting,0.0,8.0,0.0
2026-05-20 15:49:27,L-P02_m-qwen2.5-coder-32b_sol1_gd1_rs0_bd1_str-exacting_t00_n1,39,4,1,Qwen/Qwen2.5-Coder-32B-Instruct,1,0,1,1,exacting,0.0,0.0,0.0
2026-05-20 15:49:35,L-P02_m-qwen2.5-coder-32b_sol1_gd1_rs0_bd1_str-exacting_t00_n1,40,1,1,Qwen/Qwen2.5-Coder-32B-Instruct,1,0,1,1,exacting,0.0,5.0,0.0
2026-05-20 15:49:42,L-P02_m-qwen2.5-coder-32b_sol1_gd1_rs0_bd1_str-exacting_t00_n1,40,2,1,Qwen/Qwen2.5-Coder-32B-Instruct,1,0,1,1,exacting,0.0,6.0,0.0
2026-05-20 15:49:48,L-P02_m-qwen2.5-coder-32b_sol1_gd1_rs0_bd1_str-exacting_t00_n1,40,3,1,Qwen/Qwen2.5-Coder-32B-Instruct,1,0,1,1,exacting,0.0,4.0,0.0
2026-05-20 15:49:50,L-P02_m-qwen2.5-coder-32b_sol1_gd1_rs0_bd1_str-exacting_t00_n1,40,4,1,Qwen/Qwen2.5-Coder-32B-Instruct,1,0,1,1,exacting,0.0,0.0,0.0
2026-05-20 15:49:59,L-P02_m-qwen2.5-coder-32b_sol1_gd1_rs0_bd1_str-exacting_t00_n1,41,1,1,Qwen/Qwen2.5-Coder-32B-Instruct,1,0,1,1,exacting,0.0,7.0,0.0
2026-05-20 15:50:07,L-P02_m-qwen2.5-coder-32b_sol1_gd1_rs0_bd1_str-exacting_t00_n1,41,2,1,Qwen/Qwen2.5-Coder-32B-Instruct,1,0,1,1,exacting,0.0,7.0,0.0
2026-05-20 15:50:14,L-P02_m-qwen2.5-coder-32b_sol1_gd1_rs0_bd1_str-exacting_t00_n1,41,3,1,Qwen/Qwen2.5-Coder-32B-Instruct,1,0,1,1,exacting,0.0,8.0,0.0
2026-05-20 15:50:23,L-P02_m-qwen2.5-coder-32b_sol1_gd1_rs0_bd1_str-exacting_t00_n1,42,1,1,Qwen/Qwen2.5-Coder-32B-Instruct,1,0,1,1,exacting,0.0,2.5,0.0
2026-05-20 15:50:30,L-P02_m-qwen2.5-coder-32b_sol1_gd1_rs0_bd1_str-exacting_t00_n1,42,2,1,Qwen/Qwen2.5-Coder-32B-Instruct,1,0,1,1,exacting,0.0,6.0,0.0
2026-05-20 15:50:37,L-P02_m-qwen2.5-coder-32b_sol1_gd1_rs0_bd1_str-exacting_t00_n1,42,3,1,Qwen/Qwen2.5-Coder-32B-Instruct,1,0,1,1,exacting,0.0,7.0,0.0
2026-05-20 15:50:45,L-P02_m-qwen2.5-coder-32b_sol1_gd1_rs0_bd1_str-exacting_t00_n1,43,1,1,Qwen/Qwen2.5-Coder-32B-Instruct,1,0,1,1,exacting,0.0,5.0,0.0
2026-05-20 15:50:55,L-P02_m-qwen2.5-coder-32b_sol1_gd1_rs0_bd1_str-exacting_t00_n1,43,2,1,Qwen/Qwen2.5-Coder-32B-Instruct,1,0,1,1,exacting,0.0,5.0,0.0
2026-05-20 15:51:02,L-P02_m-qwen2.5-coder-32b_sol1_gd1_rs0_bd1_str-exacting_t00_n1,43,3,1,Qwen/Qwen2.5-Coder-32B-Instruct,1,0,1,1,exacting,0.0,5.0,0.0
2026-05-20 15:51:10,L-P02_m-qwen2.5-coder-32b_sol1_gd1_rs0_bd1_str-exacting_t00_n1,44,1,1,Qwen/Qwen2.5-Coder-32B-Instruct,1,0,1,1,exacting,0.0,6.0,0.0
2026-05-20 15:51:20,L-P02_m-qwen2.5-coder-32b_sol1_gd1_rs0_bd1_str-exacting_t00_n1,44,2,1,Qwen/Qwen2.5-Coder-32B-Instruct,1,0,1,1,exacting,0.0,8.5,0.0
2026-05-20 15:51:28,L-P02_m-qwen2.5-coder-32b_sol1_gd1_rs0_bd1_str-exacting_t00_n1,44,3,1,Qwen/Qwen2.5-Coder-32B-Instruct,1,0,1,1,exacting,0.0,7.0,0.0
2026-05-20 15:51:37,L-P02_m-qwen2.5-coder-32b_sol1_gd1_rs0_bd1_str-exacting_t00_n1,45,1,1,Qwen/Qwen2.5-Coder-32B-Instruct,1,0,1,1,exacting,0.0,4.0,0.0
2026-05-20 15:51:45,L-P02_m-qwen2.5-coder-32b_sol1_gd1_rs0_bd1_str-exacting_t00_n1,45,2,1,Qwen/Qwen2.5-Coder-32B-Instruct,1,0,1,1,exacting,0.0,4.0,0.0
2026-05-20 15:51:52,L-P02_m-qwen2.5-coder-32b_sol1_gd1_rs0_bd1_str-exacting_t00_n1,45,3,1,Qwen/Qwen2.5-Coder-32B-Instruct,1,0,1,1,exacting,0.0,2.0,0.0
2026-05-20 15:52:00,L-P02_m-qwen2.5-coder-32b_sol1_gd1_rs0_bd1_str-exacting_t00_n1,46,1,1,Qwen/Qwen2.5-Coder-32B-Instruct,1,0,1,1,exacting,0.0,4.0,0.0
2026-05-20 15:52:08,L-P02_m-qwen2.5-coder-32b_sol1_gd1_rs0_bd1_str-exacting_t00_n1,46,2,1,Qwen/Qwen2.5-Coder-32B-Instruct,1,0,1,1,exacting,0.0,5.0,0.0
2026-05-20 15:52:16,L-P02_m-qwen2.5-coder-32b_sol1_gd1_rs0_bd1_str-exacting_t00_n1,46,3,1,Qwen/Qwen2.5-Coder-32B-Instruct,1,0,1,1,exacting,0.0,3.0,0.0
2026-05-20 15:52:24,L-P02_m-qwen2.5-coder-32b_sol1_gd1_rs0_bd1_str-exacting_t00_n1,47,1,1,Qwen/Qwen2.5-Coder-32B-Instruct,1,0,1,1,exacting,0.0,8.5,0.0
2026-05-20 15:52:32,L-P02_m-qwen2.5-coder-32b_sol1_gd1_rs0_bd1_str-exacting_t00_n1,47,2,1,Qwen/Qwen2.5-Coder-32B-Instruct,1,0,1,1,exacting,0.0,6.0,0.0
2026-05-20 15:52:37,L-P02_m-qwen2.5-coder-32b_sol1_gd1_rs0_bd1_str-exacting_t00_n1,47,3,1,Qwen/Qwen2.5-Coder-32B-Instruct,1,0,1,1,exacting,0.0,0.5,0.0
2026-05-20 15:52:45,L-P02_m-qwen2.5-coder-32b_sol1_gd1_rs0_bd1_str-exacting_t00_n1,48,1,1,Qwen/Qwen2.5-Coder-32B-Instruct,1,0,1,1,exacting,0.0,6.0,0.0
2026-05-20 15:52:53,L-P02_m-qwen2.5-coder-32b_sol1_gd1_rs0_bd1_str-exacting_t00_n1,48,2,1,Qwen/Qwen2.5-Coder-32B-Instruct,1,0,1,1,exacting,0.0,3.0,0.0
2026-05-20 15:53:00,L-P02_m-qwen2.5-coder-32b_sol1_gd1_rs0_bd1_str-exacting_t00_n1,48,3,1,Qwen/Qwen2.5-Coder-32B-Instruct,1,0,1,1,exacting,0.0,8.0,0.0
2026-05-20 15:53:08,L-P02_m-qwen2.5-coder-32b_sol1_gd1_rs0_bd1_str-exacting_t00_n1,49,1,1,Qwen/Qwen2.5-Coder-32B-Instruct,1,0,1,1,exacting,0.0,5.0,0.0
2026-05-20 15:53:17,L-P02_m-qwen2.5-coder-32b_sol1_gd1_rs0_bd1_str-exacting_t00_n1,49,2,1,Qwen/Qwen2.5-Coder-32B-Instruct,1,0,1,1,exacting,0.0,0.0,0.0
2026-05-20 15:53:26,L-P02_m-qwen2.5-coder-32b_sol1_gd1_rs0_bd1_str-exacting_t00_n1,49,3,1,Qwen/Qwen2.5-Coder-32B-Instruct,1,0,1,1,exacting,0.0,3.0,0.0
2026-05-20 15:53:34,L-P02_m-qwen2.5-coder-32b_sol1_gd1_rs0_bd1_str-exacting_t00_n1,50,1,1,Qwen/Qwen2.5-Coder-32B-Instruct,1,0,1,1,exacting,0.0,4.0,0.0
2026-05-20 15:53:40,L-P02_m-qwen2.5-coder-32b_sol1_gd1_rs0_bd1_str-exacting_t00_n1,50,2,1,Qwen/Qwen2.5-Coder-32B-Instruct,1,0,1,1,exacting,0.0,5.0,0.0
2026-05-20 15:53:48,L-P02_m-qwen2.5-coder-32b_sol1_gd1_rs0_bd1_str-exacting_t00_n1,50,3,1,Qwen/Qwen2.5-Coder-32B-Instruct,1,0,1,1,exacting,0.0,8.0,0.0
2026-05-20 15:53:56,L-P02_m-qwen2.5-coder-32b_sol1_gd1_rs0_bd1_str-exacting_t00_n1,51,1,1,Qwen/Qwen2.5-Coder-32B-Instruct,1,0,1,1,exacting,0.0,6.0,0.0
2026-05-20 15:54:03,L-P02_m-qwen2.5-coder-32b_sol1_gd1_rs0_bd1_str-exacting_t00_n1,51,2,1,Qwen/Qwen2.5-Coder-32B-Instruct,1,0,1,1,exacting,0.0,6.0,0.0
2026-05-20 15:54:10,L-P02_m-qwen2.5-coder-32b_sol1_gd1_rs0_bd1_str-exacting_t00_n1,51,3,1,Qwen/Qwen2.5-Coder-32B-Instruct,1,0,1,1,exacting,0.0,7.0,0.0
2026-05-20 15:54:19,L-P02_m-qwen2.5-coder-32b_sol1_gd1_rs0_bd1_str-exacting_t00_n1,52,1,1,Qwen/Qwen2.5-Coder-32B-Instruct,1,0,1,1,exacting,0.0,5.0,0.0
2026-05-20 15:54:26,L-P02_m-qwen2.5-coder-32b_sol1_gd1_rs0_bd1_str-exacting_t00_n1,52,2,1,Qwen/Qwen2.5-Coder-32B-Instruct,1,0,1,1,exacting,0.0,5.0,0.0
2026-05-20 15:54:34,L-P02_m-qwen2.5-coder-32b_sol1_gd1_rs0_bd1_str-exacting_t00_n1,52,3,1,Qwen/Qwen2.5-Coder-32B-Instruct,1,0,1,1,exacting,0.0,4.0,0.0
2026-05-20 15:54:44,L-P02_m-qwen2.5-coder-32b_sol1_gd1_rs0_bd1_str-exacting_t00_n1,53,1,1,Qwen/Qwen2.5-Coder-32B-Instruct,1,0,1,1,exacting,0.0,2.0,0.0
2026-05-20 15:54:51,L-P02_m-qwen2.5-coder-32b_sol1_gd1_rs0_bd1_str-exacting_t00_n1,53,2,1,Qwen/Qwen2.5-Coder-32B-Instruct,1,0,1,1,exacting,0.0,7.0,0.0
2026-05-20 15:55:00,L-P02_m-qwen2.5-coder-32b_sol1_gd1_rs0_bd1_str-exacting_t00_n1,53,3,1,Qwen/Qwen2.5-Coder-32B-Instruct,1,0,1,1,exacting,0.0,4.0,0.0
2026-05-20 15:55:12,L-P02_m-qwen2.5-coder-32b_sol1_gd1_rs0_bd1_str-exacting_t00_n1,54,1,1,Qwen/Qwen2.5-Coder-32B-Instruct,1,0,1,1,exacting,0.0,5.0,0.0
2026-05-20 15:55:23,L-P02_m-qwen2.5-coder-32b_sol1_gd1_rs0_bd1_str-exacting_t00_n1,54,2,1,Qwen/Qwen2.5-Coder-32B-Instruct,1,0,1,1,exacting,0.0,5.0,0.0
2026-05-20 15:55:30,L-P02_m-qwen2.5-coder-32b_sol1_gd1_rs0_bd1_str-exacting_t00_n1,54,3,1,Qwen/Qwen2.5-Coder-32B-Instruct,1,0,1,1,exacting,0.0,7.0,0.0
2026-05-20 15:55:39,L-P02_m-qwen2.5-coder-32b_sol1_gd1_rs0_bd1_str-exacting_t00_n1,55,1,1,Qwen/Qwen2.5-Coder-32B-Instruct,1,0,1,1,exacting,0.0,7.0,0.0
2026-05-20 15:55:46,L-P02_m-qwen2.5-coder-32b_sol1_gd1_rs0_bd1_str-exacting_t00_n1,55,2,1,Qwen/Qwen2.5-Coder-32B-Instruct,1,0,1,1,exacting,0.0,6.0,0.0
2026-05-20 15:55:52,L-P02_m-qwen2.5-coder-32b_sol1_gd1_rs0_bd1_str-exacting_t00_n1,55,3,1,Qwen/Qwen2.5-Coder-32B-Instruct,1,0,1,1,exacting,0.0,8.0,0.0
2026-05-20 15:56:00,L-P02_m-qwen2.5-coder-32b_sol1_gd1_rs0_bd1_str-exacting_t00_n1,56,1,1,Qwen/Qwen2.5-Coder-32B-Instruct,1,0,1,1,exacting,0.0,3.0,0.0
2026-05-20 15:56:13,L-P02_m-qwen2.5-coder-32b_sol1_gd1_rs0_bd1_str-exacting_t00_n1,56,2,1,Qwen/Qwen2.5-Coder-32B-Instruct,1,0,1,1,exacting,0.0,5.0,0.0
2026-05-20 15:56:24,L-P02_m-qwen2.5-coder-32b_sol1_gd1_rs0_bd1_str-exacting_t00_n1,56,3,1,Qwen/Qwen2.5-Coder-32B-Instruct,1,0,1,1,exacting,0.0,4.0,0.0
2026-05-20 15:56:36,L-P02_m-qwen2.5-coder-32b_sol1_gd1_rs0_bd1_str-exacting_t00_n1,57,1,1,Qwen/Qwen2.5-Coder-32B-Instruct,1,0,1,1,exacting,0.0,4.0,0.0
2026-05-20 15:56:46,L-P02_m-qwen2.5-coder-32b_sol1_gd1_rs0_bd1_str-exacting_t00_n1,57,2,1,Qwen/Qwen2.5-Coder-32B-Instruct,1,0,1,1,exacting,0.0,3.5,0.0
2026-05-20 15:56:52,L-P02_m-qwen2.5-coder-32b_sol1_gd1_rs0_bd1_str-exacting_t00_n1,57,3,1,Qwen/Qwen2.5-Coder-32B-Instruct,1,0,1,1,exacting,0.0,5.0,0.0
2026-05-20 15:57:00,L-P02_m-qwen2.5-coder-32b_sol1_gd1_rs0_bd1_str-exacting_t00_n1,58,1,1,Qwen/Qwen2.5-Coder-32B-Instruct,1,0,1,1,exacting,0.0,10.5,0.0
2026-05-20 15:57:07,L-P02_m-qwen2.5-coder-32b_sol1_gd1_rs0_bd1_str-exacting_t00_n1,58,2,1,Qwen/Qwen2.5-Coder-32B-Instruct,1,0,1,1,exacting,0.0,6.0,0.0
2026-05-20 15:57:15,L-P02_m-qwen2.5-coder-32b_sol1_gd1_rs0_bd1_str-exacting_t00_n1,58,3,1,Qwen/Qwen2.5-Coder-32B-Instruct,1,0,1,1,exacting,0.0,3.0,0.0
2026-05-20 15:57:24,L-P02_m-qwen2.5-coder-32b_sol1_gd1_rs0_bd1_str-exacting_t00_n1,59,1,1,Qwen/Qwen2.5-Coder-32B-Instruct,1,0,1,1,exacting,0.0,7.0,0.0
2026-05-20 15:57:31,L-P02_m-qwen2.5-coder-32b_sol1_gd1_rs0_bd1_str-exacting_t00_n1,59,2,1,Qwen/Qwen2.5-Coder-32B-Instruct,1,0,1,1,exacting,0.0,5.0,0.0
2026-05-20 15:57:36,L-P02_m-qwen2.5-coder-32b_sol1_gd1_rs0_bd1_str-exacting_t00_n1,59,3,1,Qwen/Qwen2.5-Coder-32B-Instruct,1,0,1,1,exacting,0.0,0.0,0.0
2026-05-20 15:57:39,L-P02_m-qwen2.5-coder-32b_sol1_gd1_rs0_bd1_str-exacting_t00_n1,59,4,1,Qwen/Qwen2.5-Coder-32B-Instruct,1,0,1,1,exacting,0.0,0.0,0.0
2026-05-20 15:57:47,L-P02_m-qwen2.5-coder-32b_sol1_gd1_rs0_bd1_str-exacting_t00_n1,60,1,1,Qwen/Qwen2.5-Coder-32B-Instruct,1,0,1,1,exacting,0.0,5.0,0.0
2026-05-20 15:57:56,L-P02_m-qwen2.5-coder-32b_sol1_gd1_rs0_bd1_str-exacting_t00_n1,60,2,1,Qwen/Qwen2.5-Coder-32B-Instruct,1,0,1,1,exacting,0.0,0.0,0.0
2026-05-20 15:58:01,L-P02_m-qwen2.5-coder-32b_sol1_gd1_rs0_bd1_str-exacting_t00_n1,60,3,1,Qwen/Qwen2.5-Coder-32B-Instruct,1,0,1,1,exacting,0.0,4.0,0.0
2026-05-20 15:58:10,L-P02_m-qwen2.5-coder-32b_sol1_gd1_rs0_bd1_str-exacting_t00_n1,61,1,1,Qwen/Qwen2.5-Coder-32B-Instruct,1,0,1,1,exacting,0.0,5.5,0.0
2026-05-20 15:58:17,L-P02_m-qwen2.5-coder-32b_sol1_gd1_rs0_bd1_str-exacting_t00_n1,61,2,1,Qwen/Qwen2.5-Coder-32B-Instruct,1,0,1,1,exacting,0.0,6.0,0.0
2026-05-20 15:58:23,L-P02_m-qwen2.5-coder-32b_sol1_gd1_rs0_bd1_str-exacting_t00_n1,61,3,1,Qwen/Qwen2.5-Coder-32B-Instruct,1,0,1,1,exacting,0.0,5.0,0.0
2026-05-20 15:58:27,L-P02_m-qwen2.5-coder-32b_sol1_gd1_rs0_bd1_str-exacting_t00_n1,61,4,1,Qwen/Qwen2.5-Coder-32B-Instruct,1,0,1,1,exacting,0.0,0.0,0.0
2026-05-20 15:58:36,L-P02_m-qwen2.5-coder-32b_sol1_gd1_rs0_bd1_str-exacting_t00_n1,62,1,1,Qwen/Qwen2.5-Coder-32B-Instruct,1,0,1,1,exacting,0.0,5.5,0.0
2026-05-20 15:58:43,L-P02_m-qwen2.5-coder-32b_sol1_gd1_rs0_bd1_str-exacting_t00_n1,62,2,1,Qwen/Qwen2.5-Coder-32B-Instruct,1,0,1,1,exacting,0.0,8.0,0.0
2026-05-20 15:58:51,L-P02_m-qwen2.5-coder-32b_sol1_gd1_rs0_bd1_str-exacting_t00_n1,62,3,1,Qwen/Qwen2.5-Coder-32B-Instruct,1,0,1,1,exacting,0.0,8.0,0.0
2026-05-20 15:58:55,L-P02_m-qwen2.5-coder-32b_sol1_gd1_rs0_bd1_str-exacting_t00_n1,62,4,1,Qwen/Qwen2.5-Coder-32B-Instruct,1,0,1,1,exacting,0.0,0.0,0.0
2026-05-20 15:59:03,L-P02_m-qwen2.5-coder-32b_sol1_gd1_rs0_bd1_str-exacting_t00_n1,63,1,1,Qwen/Qwen2.5-Coder-32B-Instruct,1,0,1,1,exacting,0.0,4.0,0.0
2026-05-20 15:59:10,L-P02_m-qwen2.5-coder-32b_sol1_gd1_rs0_bd1_str-exacting_t00_n1,63,2,1,Qwen/Qwen2.5-Coder-32B-Instruct,1,0,1,1,exacting,0.0,7.0,0.0
2026-05-20 15:59:18,L-P02_m-qwen2.5-coder-32b_sol1_gd1_rs0_bd1_str-exacting_t00_n1,63,3,1,Qwen/Qwen2.5-Coder-32B-Instruct,1,0,1,1,exacting,0.0,8.0,0.0
2026-05-20 15:59:26,L-P02_m-qwen2.5-coder-32b_sol1_gd1_rs0_bd1_str-exacting_t00_n1,64,1,1,Qwen/Qwen2.5-Coder-32B-Instruct,1,0,1,1,exacting,0.0,5.0,0.0
2026-05-20 15:59:34,L-P02_m-qwen2.5-coder-32b_sol1_gd1_rs0_bd1_str-exacting_t00_n1,64,2,1,Qwen/Qwen2.5-Coder-32B-Instruct,1,0,1,1,exacting,0.0,5.0,0.0
2026-05-20 15:59:42,L-P02_m-qwen2.5-coder-32b_sol1_gd1_rs0_bd1_str-exacting_t00_n1,64,3,1,Qwen/Qwen2.5-Coder-32B-Instruct,1,0,1,1,exacting,0.0,3.0,0.0
2026-05-20 15:59:51,L-P02_m-qwen2.5-coder-32b_sol1_gd1_rs0_bd1_str-exacting_t00_n1,65,1,1,Qwen/Qwen2.5-Coder-32B-Instruct,1,0,1,1,exacting,0.0,5.0,0.0
2026-05-20 15:59:57,L-P02_m-qwen2.5-coder-32b_sol1_gd1_rs0_bd1_str-exacting_t00_n1,65,2,1,Qwen/Qwen2.5-Coder-32B-Instruct,1,0,1,1,exacting,0.0,6.0,0.0
2026-05-20 16:00:05,L-P02_m-qwen2.5-coder-32b_sol1_gd1_rs0_bd1_str-exacting_t00_n1,65,3,1,Qwen/Qwen2.5-Coder-32B-Instruct,1,0,1,1,exacting,0.0,7.0,0.0
2026-05-20 16:00:13,L-P02_m-qwen2.5-coder-32b_sol1_gd1_rs0_bd1_str-exacting_t00_n1,66,1,1,Qwen/Qwen2.5-Coder-32B-Instruct,1,0,1,1,exacting,0.0,7.0,0.0
2026-05-20 16:00:23,L-P02_m-qwen2.5-coder-32b_sol1_gd1_rs0_bd1_str-exacting_t00_n1,66,2,1,Qwen/Qwen2.5-Coder-32B-Instruct,1,0,1,1,exacting,0.0,5.0,0.0
2026-05-20 16:00:33,L-P02_m-qwen2.5-coder-32b_sol1_gd1_rs0_bd1_str-exacting_t00_n1,66,3,1,Qwen/Qwen2.5-Coder-32B-Instruct,1,0,1,1,exacting,0.0,2.0,0.0
2026-05-20 16:00:42,L-P02_m-qwen2.5-coder-32b_sol1_gd1_rs0_bd1_str-exacting_t00_n1,67,1,1,Qwen/Qwen2.5-Coder-32B-Instruct,1,0,1,1,exacting,0.0,5.0,0.0
2026-05-20 16:00:48,L-P02_m-qwen2.5-coder-32b_sol1_gd1_rs0_bd1_str-exacting_t00_n1,67,2,1,Qwen/Qwen2.5-Coder-32B-Instruct,1,0,1,1,exacting,0.0,5.0,0.0
2026-05-20 16:00:56,L-P02_m-qwen2.5-coder-32b_sol1_gd1_rs0_bd1_str-exacting_t00_n1,67,3,1,Qwen/Qwen2.5-Coder-32B-Instruct,1,0,1,1,exacting,0.0,7.0,0.0
2026-05-20 16:01:04,L-P02_m-qwen2.5-coder-32b_sol1_gd1_rs0_bd1_str-exacting_t00_n1,68,1,1,Qwen/Qwen2.5-Coder-32B-Instruct,1,0,1,1,exacting,0.0,5.5,0.0
2026-05-20 16:01:11,L-P02_m-qwen2.5-coder-32b_sol1_gd1_rs0_bd1_str-exacting_t00_n1,68,2,1,Qwen/Qwen2.5-Coder-32B-Instruct,1,0,1,1,exacting,0.0,5.0,0.0
2026-05-20 16:01:17,L-P02_m-qwen2.5-coder-32b_sol1_gd1_rs0_bd1_str-exacting_t00_n1,68,3,1,Qwen/Qwen2.5-Coder-32B-Instruct,1,0,1,1,exacting,0.0,5.0,0.0
2026-05-20 16:01:29,L-P02_m-qwen2.5-coder-32b_sol1_gd1_rs0_bd1_str-exacting_t00_n1,69,1,1,Qwen/Qwen2.5-Coder-32B-Instruct,1,0,1,1,exacting,0.0,7.0,0.0
2026-05-20 16:01:35,L-P02_m-qwen2.5-coder-32b_sol1_gd1_rs0_bd1_str-exacting_t00_n1,69,2,1,Qwen/Qwen2.5-Coder-32B-Instruct,1,0,1,1,exacting,0.0,6.0,0.0
2026-05-20 16:01:42,L-P02_m-qwen2.5-coder-32b_sol1_gd1_rs0_bd1_str-exacting_t00_n1,69,3,1,Qwen/Qwen2.5-Coder-32B-Instruct,1,0,1,1,exacting,0.0,7.0,0.0
2026-05-20 16:01:51,L-P02_m-qwen2.5-coder-32b_sol1_gd1_rs0_bd1_str-exacting_t00_n1,70,1,1,Qwen/Qwen2.5-Coder-32B-Instruct,1,0,1,1,exacting,0.0,4.0,0.0
2026-05-20 16:01:58,L-P02_m-qwen2.5-coder-32b_sol1_gd1_rs0_bd1_str-exacting_t00_n1,70,2,1,Qwen/Qwen2.5-Coder-32B-Instruct,1,0,1,1,exacting,0.0,7.0,0.0
2026-05-20 16:02:04,L-P02_m-qwen2.5-coder-32b_sol1_gd1_rs0_bd1_str-exacting_t00_n1,70,3,1,Qwen/Qwen2.5-Coder-32B-Instruct,1,0,1,1,exacting,0.0,4.0,0.0
2026-05-20 16:02:13,L-P02_m-qwen2.5-coder-32b_sol1_gd1_rs0_bd1_str-exacting_t00_n1,71,1,1,Qwen/Qwen2.5-Coder-32B-Instruct,1,0,1,1,exacting,0.0,7.0,0.0
2026-05-20 16:02:20,L-P02_m-qwen2.5-coder-32b_sol1_gd1_rs0_bd1_str-exacting_t00_n1,71,2,1,Qwen/Qwen2.5-Coder-32B-Instruct,1,0,1,1,exacting,0.0,6.0,0.0
2026-05-20 16:02:26,L-P02_m-qwen2.5-coder-32b_sol1_gd1_rs0_bd1_str-exacting_t00_n1,71,3,1,Qwen/Qwen2.5-Coder-32B-Instruct,1,0,1,1,exacting,0.0,8.0,0.0
2026-05-20 16:02:29,L-P02_m-qwen2.5-coder-32b_sol1_gd1_rs0_bd1_str-exacting_t00_n1,71,4,1,Qwen/Qwen2.5-Coder-32B-Instruct,1,0,1,1,exacting,0.0,0.0,0.0
2026-05-20 16:02:38,L-P02_m-qwen2.5-coder-32b_sol1_gd1_rs0_bd1_str-exacting_t00_n1,72,1,1,Qwen/Qwen2.5-Coder-32B-Instruct,1,0,1,1,exacting,0.0,5.0,0.0
2026-05-20 16:02:46,L-P02_m-qwen2.5-coder-32b_sol1_gd1_rs0_bd1_str-exacting_t00_n1,72,2,1,Qwen/Qwen2.5-Coder-32B-Instruct,1,0,1,1,exacting,0.0,6.0,0.0
2026-05-20 16:02:51,L-P02_m-qwen2.5-coder-32b_sol1_gd1_rs0_bd1_str-exacting_t00_n1,72,3,1,Qwen/Qwen2.5-Coder-32B-Instruct,1,0,1,1,exacting,0.0,5.0,0.0
2026-05-20 16:03:00,L-P02_m-qwen2.5-coder-32b_sol1_gd1_rs0_bd1_str-exacting_t00_n1,73,1,1,Qwen/Qwen2.5-Coder-32B-Instruct,1,0,1,1,exacting,0.0,4.0,0.0
2026-05-20 16:03:08,L-P02_m-qwen2.5-coder-32b_sol1_gd1_rs0_bd1_str-exacting_t00_n1,73,2,1,Qwen/Qwen2.5-Coder-32B-Instruct,1,0,1,1,exacting,0.0,3.0,0.0
2026-05-20 16:03:16,L-P02_m-qwen2.5-coder-32b_sol1_gd1_rs0_bd1_str-exacting_t00_n1,73,3,1,Qwen/Qwen2.5-Coder-32B-Instruct,1,0,1,1,exacting,0.0,4.0,0.0
2026-05-20 16:03:25,L-P02_m-qwen2.5-coder-32b_sol1_gd1_rs0_bd1_str-exacting_t00_n1,74,1,1,Qwen/Qwen2.5-Coder-32B-Instruct,1,0,1,1,exacting,0.0,3.0,0.0
2026-05-20 16:03:33,L-P02_m-qwen2.5-coder-32b_sol1_gd1_rs0_bd1_str-exacting_t00_n1,74,2,1,Qwen/Qwen2.5-Coder-32B-Instruct,1,0,1,1,exacting,0.0,6.0,0.0
2026-05-20 16:03:44,L-P02_m-qwen2.5-coder-32b_sol1_gd1_rs0_bd1_str-exacting_t00_n1,74,3,1,Qwen/Qwen2.5-Coder-32B-Instruct,1,0,1,1,exacting,0.0,2.0,0.0
2026-05-20 16:03:48,L-P02_m-qwen2.5-coder-32b_sol1_gd1_rs0_bd1_str-exacting_t00_n1,74,4,1,Qwen/Qwen2.5-Coder-32B-Instruct,1,0,1,1,exacting,0.0,0.0,0.0
2026-05-20 16:03:56,L-P02_m-qwen2.5-coder-32b_sol1_gd1_rs0_bd1_str-exacting_t00_n1,75,1,1,Qwen/Qwen2.5-Coder-32B-Instruct,1,0,1,1,exacting,0.0,7.0,0.0
2026-05-20 16:04:03,L-P02_m-qwen2.5-coder-32b_sol1_gd1_rs0_bd1_str-exacting_t00_n1,75,2,1,Qwen/Qwen2.5-Coder-32B-Instruct,1,0,1,1,exacting,0.0,7.0,1.0
2026-05-20 16:04:08,L-P02_m-qwen2.5-coder-32b_sol1_gd1_rs0_bd1_str-exacting_t00_n1,75,3,1,Qwen/Qwen2.5-Coder-32B-Instruct,1,0,1,1,exacting,0.0,8.0,0.0
2026-05-20 16:04:17,L-P02_m-qwen2.5-coder-32b_sol1_gd1_rs0_bd1_str-exacting_t00_n1,76,1,1,Qwen/Qwen2.5-Coder-32B-Instruct,1,0,1,1,exacting,0.0,8.0,0.0
2026-05-20 16:04:25,L-P02_m-qwen2.5-coder-32b_sol1_gd1_rs0_bd1_str-exacting_t00_n1,76,2,1,Qwen/Qwen2.5-Coder-32B-Instruct,1,0,1,1,exacting,0.0,7.0,0.0
2026-05-20 16:04:33,L-P02_m-qwen2.5-coder-32b_sol1_gd1_rs0_bd1_str-exacting_t00_n1,76,3,1,Qwen/Qwen2.5-Coder-32B-Instruct,1,0,1,1,exacting,0.0,7.0,0.0
2026-05-20 16:04:36,L-P02_m-qwen2.5-coder-32b_sol1_gd1_rs0_bd1_str-exacting_t00_n1,76,4,1,Qwen/Qwen2.5-Coder-32B-Instruct,1,0,1,1,exacting,0.0,5.0,0.0
2026-05-20 16:04:45,L-P02_m-qwen2.5-coder-32b_sol1_gd1_rs0_bd1_str-exacting_t00_n1,77,1,1,Qwen/Qwen2.5-Coder-32B-Instruct,1,0,1,1,exacting,0.0,6.0,0.0
2026-05-20 16:04:51,L-P02_m-qwen2.5-coder-32b_sol1_gd1_rs0_bd1_str-exacting_t00_n1,77,2,1,Qwen/Qwen2.5-Coder-32B-Instruct,1,0,1,1,exacting,0.0,5.0,0.0
2026-05-20 16:04:59,L-P02_m-qwen2.5-coder-32b_sol1_gd1_rs0_bd1_str-exacting_t00_n1,77,3,1,Qwen/Qwen2.5-Coder-32B-Instruct,1,0,1,1,exacting,0.0,7.0,0.0
2026-05-20 16:05:08,L-P02_m-qwen2.5-coder-32b_sol1_gd1_rs0_bd1_str-exacting_t00_n1,78,1,1,Qwen/Qwen2.5-Coder-32B-Instruct,1,0,1,1,exacting,0.0,5.0,0.0
2026-05-20 16:05:15,L-P02_m-qwen2.5-coder-32b_sol1_gd1_rs0_bd1_str-exacting_t00_n1,78,2,1,Qwen/Qwen2.5-Coder-32B-Instruct,1,0,1,1,exacting,0.0,2.5,0.0
2026-05-20 16:05:21,L-P02_m-qwen2.5-coder-32b_sol1_gd1_rs0_bd1_str-exacting_t00_n1,78,3,1,Qwen/Qwen2.5-Coder-32B-Instruct,1,0,1,1,exacting,0.0,4.0,0.0
2026-05-20 16:05:30,L-P02_m-qwen2.5-coder-32b_sol1_gd1_rs0_bd1_str-exacting_t00_n1,79,1,1,Qwen/Qwen2.5-Coder-32B-Instruct,1,0,1,1,exacting,0.0,6.0,0.0
2026-05-20 16:05:37,L-P02_m-qwen2.5-coder-32b_sol1_gd1_rs0_bd1_str-exacting_t00_n1,79,2,1,Qwen/Qwen2.5-Coder-32B-Instruct,1,0,1,1,exacting,0.0,8.0,1.0
2026-05-20 16:05:45,L-P02_m-qwen2.5-coder-32b_sol1_gd1_rs0_bd1_str-exacting_t00_n1,79,3,1,Qwen/Qwen2.5-Coder-32B-Instruct,1,0,1,1,exacting,0.0,8.0,0.0
2026-05-20 16:05:48,L-P02_m-qwen2.5-coder-32b_sol1_gd1_rs0_bd1_str-exacting_t00_n1,79,4,1,Qwen/Qwen2.5-Coder-32B-Instruct,1,0,1,1,exacting,0.0,5.0,0.0
2026-05-20 16:05:57,L-P02_m-qwen2.5-coder-32b_sol1_gd1_rs0_bd1_str-exacting_t00_n1,80,1,1,Qwen/Qwen2.5-Coder-32B-Instruct,1,0,1,1,exacting,0.0,10.5,3.0
2026-05-20 16:06:03,L-P02_m-qwen2.5-coder-32b_sol1_gd1_rs0_bd1_str-exacting_t00_n1,80,2,1,Qwen/Qwen2.5-Coder-32B-Instruct,1,0,1,1,exacting,0.0,8.0,0.0
2026-05-20 16:06:11,L-P02_m-qwen2.5-coder-32b_sol1_gd1_rs0_bd1_str-exacting_t00_n1,80,3,1,Qwen/Qwen2.5-Coder-32B-Instruct,1,0,1,1,exacting,0.0,8.5,0.0
2026-05-20 16:06:14,L-P02_m-qwen2.5-coder-32b_sol1_gd1_rs0_bd1_str-exacting_t00_n1,80,4,1,Qwen/Qwen2.5-Coder-32B-Instruct,1,0,1,1,exacting,0.0,0.0,0.0
2026-05-20 16:06:23,L-P02_m-qwen2.5-coder-32b_sol1_gd1_rs0_bd1_str-exacting_t00_n1,81,1,1,Qwen/Qwen2.5-Coder-32B-Instruct,1,0,1,1,exacting,0.0,8.0,0.0
2026-05-20 16:06:30,L-P02_m-qwen2.5-coder-32b_sol1_gd1_rs0_bd1_str-exacting_t00_n1,81,2,1,Qwen/Qwen2.5-Coder-32B-Instruct,1,0,1,1,exacting,0.0,7.0,0.0
2026-05-20 16:06:38,L-P02_m-qwen2.5-coder-32b_sol1_gd1_rs0_bd1_str-exacting_t00_n1,81,3,1,Qwen/Qwen2.5-Coder-32B-Instruct,1,0,1,1,exacting,0.0,7.0,0.0
2026-05-20 16:06:41,L-P02_m-qwen2.5-coder-32b_sol1_gd1_rs0_bd1_str-exacting_t00_n1,81,4,1,Qwen/Qwen2.5-Coder-32B-Instruct,1,0,1,1,exacting,0.0,0.0,0.0
2026-05-20 16:06:49,L-P02_m-qwen2.5-coder-32b_sol1_gd1_rs0_bd1_str-exacting_t00_n1,82,1,1,Qwen/Qwen2.5-Coder-32B-Instruct,1,0,1,1,exacting,0.0,6.0,0.0
2026-05-20 16:06:56,L-P02_m-qwen2.5-coder-32b_sol1_gd1_rs0_bd1_str-exacting_t00_n1,82,2,1,Qwen/Qwen2.5-Coder-32B-Instruct,1,0,1,1,exacting,0.0,7.0,0.0
2026-05-20 16:07:03,L-P02_m-qwen2.5-coder-32b_sol1_gd1_rs0_bd1_str-exacting_t00_n1,82,3,1,Qwen/Qwen2.5-Coder-32B-Instruct,1,0,1,1,exacting,0.0,8.0,0.0
2026-05-20 16:07:12,L-P02_m-qwen2.5-coder-32b_sol1_gd1_rs0_bd1_str-exacting_t00_n1,83,1,1,Qwen/Qwen2.5-Coder-32B-Instruct,1,0,1,1,exacting,0.0,7.0,0.0
2026-05-20 16:07:19,L-P02_m-qwen2.5-coder-32b_sol1_gd1_rs0_bd1_str-exacting_t00_n1,83,2,1,Qwen/Qwen2.5-Coder-32B-Instruct,1,0,1,1,exacting,0.0,6.0,0.0
2026-05-20 16:07:25,L-P02_m-qwen2.5-coder-32b_sol1_gd1_rs0_bd1_str-exacting_t00_n1,83,3,1,Qwen/Qwen2.5-Coder-32B-Instruct,1,0,1,1,exacting,0.0,8.0,0.0
2026-05-20 16:07:28,L-P02_m-qwen2.5-coder-32b_sol1_gd1_rs0_bd1_str-exacting_t00_n1,83,4,1,Qwen/Qwen2.5-Coder-32B-Instruct,1,0,1,1,exacting,0.0,0.0,0.0
2026-05-20 16:07:36,L-P02_m-qwen2.5-coder-32b_sol1_gd1_rs0_bd1_str-exacting_t00_n1,84,1,1,Qwen/Qwen2.5-Coder-32B-Instruct,1,0,1,1,exacting,0.0,8.5,0.0
2026-05-20 16:07:44,L-P02_m-qwen2.5-coder-32b_sol1_gd1_rs0_bd1_str-exacting_t00_n1,84,2,1,Qwen/Qwen2.5-Coder-32B-Instruct,1,0,1,1,exacting,0.0,6.0,0.0
2026-05-20 16:07:52,L-P02_m-qwen2.5-coder-32b_sol1_gd1_rs0_bd1_str-exacting_t00_n1,84,3,1,Qwen/Qwen2.5-Coder-32B-Instruct,1,0,1,1,exacting,0.0,7.0,0.0
2026-05-20 16:07:55,L-P02_m-qwen2.5-coder-32b_sol1_gd1_rs0_bd1_str-exacting_t00_n1,84,4,1,Qwen/Qwen2.5-Coder-32B-Instruct,1,0,1,1,exacting,0.0,5.0,0.0
2026-05-20 16:08:03,L-P02_m-qwen2.5-coder-32b_sol1_gd1_rs0_bd1_str-exacting_t00_n1,85,1,1,Qwen/Qwen2.5-Coder-32B-Instruct,1,0,1,1,exacting,0.0,8.5,3.0
2026-05-20 16:08:10,L-P02_m-qwen2.5-coder-32b_sol1_gd1_rs0_bd1_str-exacting_t00_n1,85,2,1,Qwen/Qwen2.5-Coder-32B-Instruct,1,0,1,1,exacting,0.0,8.0,1.0
2026-05-20 16:08:18,L-P02_m-qwen2.5-coder-32b_sol1_gd1_rs0_bd1_str-exacting_t00_n1,85,3,1,Qwen/Qwen2.5-Coder-32B-Instruct,1,0,1,1,exacting,0.0,8.0,0.0
2026-05-20 16:08:26,L-P02_m-qwen2.5-coder-32b_sol1_gd1_rs0_bd1_str-exacting_t00_n1,86,1,1,Qwen/Qwen2.5-Coder-32B-Instruct,1,0,1,1,exacting,0.0,6.5,0.0
2026-05-20 16:08:34,L-P02_m-qwen2.5-coder-32b_sol1_gd1_rs0_bd1_str-exacting_t00_n1,86,2,1,Qwen/Qwen2.5-Coder-32B-Instruct,1,0,1,1,exacting,0.0,7.0,0.0
2026-05-20 16:08:41,L-P02_m-qwen2.5-coder-32b_sol1_gd1_rs0_bd1_str-exacting_t00_n1,86,3,1,Qwen/Qwen2.5-Coder-32B-Instruct,1,0,1,1,exacting,0.0,7.0,0.0
2026-05-20 16:08:49,L-P02_m-qwen2.5-coder-32b_sol1_gd1_rs0_bd1_str-exacting_t00_n1,87,1,1,Qwen/Qwen2.5-Coder-32B-Instruct,1,0,1,1,exacting,0.0,6.0,0.0
2026-05-20 16:08:56,L-P02_m-qwen2.5-coder-32b_sol1_gd1_rs0_bd1_str-exacting_t00_n1,87,2,1,Qwen/Qwen2.5-Coder-32B-Instruct,1,0,1,1,exacting,0.0,7.0,0.0
2026-05-20 16:09:01,L-P02_m-qwen2.5-coder-32b_sol1_gd1_rs0_bd1_str-exacting_t00_n1,87,3,1,Qwen/Qwen2.5-Coder-32B-Instruct,1,0,1,1,exacting,0.0,5.0,0.0
2026-05-20 16:09:04,L-P02_m-qwen2.5-coder-32b_sol1_gd1_rs0_bd1_str-exacting_t00_n1,87,4,1,Qwen/Qwen2.5-Coder-32B-Instruct,1,0,1,1,exacting,0.0,5.0,0.0
2026-05-20 16:09:12,L-P02_m-qwen2.5-coder-32b_sol1_gd1_rs0_bd1_str-exacting_t00_n1,88,1,1,Qwen/Qwen2.5-Coder-32B-Instruct,1,0,1,1,exacting,0.0,7.0,0.0
2026-05-20 16:09:19,L-P02_m-qwen2.5-coder-32b_sol1_gd1_rs0_bd1_str-exacting_t00_n1,88,2,1,Qwen/Qwen2.5-Coder-32B-Instruct,1,0,1,1,exacting,0.0,7.0,0.0
2026-05-20 16:09:25,L-P02_m-qwen2.5-coder-32b_sol1_gd1_rs0_bd1_str-exacting_t00_n1,88,3,1,Qwen/Qwen2.5-Coder-32B-Instruct,1,0,1,1,exacting,0.0,7.0,0.0
2026-05-20 16:09:33,L-P02_m-qwen2.5-coder-32b_sol1_gd1_rs0_bd1_str-exacting_t00_n1,89,1,1,Qwen/Qwen2.5-Coder-32B-Instruct,1,0,1,1,exacting,0.0,5.0,0.0
2026-05-20 16:09:40,L-P02_m-qwen2.5-coder-32b_sol1_gd1_rs0_bd1_str-exacting_t00_n1,89,2,1,Qwen/Qwen2.5-Coder-32B-Instruct,1,0,1,1,exacting,0.0,5.0,0.0
2026-05-20 16:09:49,L-P02_m-qwen2.5-coder-32b_sol1_gd1_rs0_bd1_str-exacting_t00_n1,89,3,1,Qwen/Qwen2.5-Coder-32B-Instruct,1,0,1,1,exacting,0.0,5.0,0.0
2026-05-20 16:09:56,L-P02_m-qwen2.5-coder-32b_sol1_gd1_rs0_bd1_str-exacting_t00_n1,90,1,1,Qwen/Qwen2.5-Coder-32B-Instruct,1,0,1,1,exacting,0.0,7.5,0.0
2026-05-20 16:10:04,L-P02_m-qwen2.5-coder-32b_sol1_gd1_rs0_bd1_str-exacting_t00_n1,90,2,1,Qwen/Qwen2.5-Coder-32B-Instruct,1,0,1,1,exacting,0.0,5.0,0.0
2026-05-20 16:10:11,L-P02_m-qwen2.5-coder-32b_sol1_gd1_rs0_bd1_str-exacting_t00_n1,90,3,1,Qwen/Qwen2.5-Coder-32B-Instruct,1,0,1,1,exacting,0.0,8.0,0.0
2026-05-20 16:10:14,L-P02_m-qwen2.5-coder-32b_sol1_gd1_rs0_bd1_str-exacting_t00_n1,90,4,1,Qwen/Qwen2.5-Coder-32B-Instruct,1,0,1,1,exacting,0.0,0.0,0.0
2026-05-20 16:10:22,L-P02_m-qwen2.5-coder-32b_sol1_gd1_rs0_bd1_str-exacting_t00_n1,91,1,1,Qwen/Qwen2.5-Coder-32B-Instruct,1,0,1,1,exacting,0.0,5.0,0.0
2026-05-20 16:10:30,L-P02_m-qwen2.5-coder-32b_sol1_gd1_rs0_bd1_str-exacting_t00_n1,91,2,1,Qwen/Qwen2.5-Coder-32B-Instruct,1,0,1,1,exacting,0.0,6.0,0.0
2026-05-20 16:10:35,L-P02_m-qwen2.5-coder-32b_sol1_gd1_rs0_bd1_str-exacting_t00_n1,91,3,1,Qwen/Qwen2.5-Coder-32B-Instruct,1,0,1,1,exacting,0.0,4.0,0.0
2026-05-20 16:10:39,L-P02_m-qwen2.5-coder-32b_sol1_gd1_rs0_bd1_str-exacting_t00_n1,91,4,1,Qwen/Qwen2.5-Coder-32B-Instruct,1,0,1,1,exacting,0.0,0.0,0.0
2026-05-20 16:10:47,L-P02_m-qwen2.5-coder-32b_sol1_gd1_rs0_bd1_str-exacting_t00_n1,92,1,1,Qwen/Qwen2.5-Coder-32B-Instruct,1,0,1,1,exacting,0.0,6.0,0.0
2026-05-20 16:10:54,L-P02_m-qwen2.5-coder-32b_sol1_gd1_rs0_bd1_str-exacting_t00_n1,92,2,1,Qwen/Qwen2.5-Coder-32B-Instruct,1,0,1,1,exacting,0.0,7.0,0.0
2026-05-20 16:11:02,L-P02_m-qwen2.5-coder-32b_sol1_gd1_rs0_bd1_str-exacting_t00_n1,92,3,1,Qwen/Qwen2.5-Coder-32B-Instruct,1,0,1,1,exacting,0.0,8.0,0.0
2026-05-20 16:11:10,L-P02_m-qwen2.5-coder-32b_sol1_gd1_rs0_bd1_str-exacting_t00_n1,93,1,1,Qwen/Qwen2.5-Coder-32B-Instruct,1,0,1,1,exacting,0.0,7.5,0.0
2026-05-20 16:11:17,L-P02_m-qwen2.5-coder-32b_sol1_gd1_rs0_bd1_str-exacting_t00_n1,93,2,1,Qwen/Qwen2.5-Coder-32B-Instruct,1,0,1,1,exacting,0.0,6.0,0.0
2026-05-20 16:11:23,L-P02_m-qwen2.5-coder-32b_sol1_gd1_rs0_bd1_str-exacting_t00_n1,93,3,1,Qwen/Qwen2.5-Coder-32B-Instruct,1,0,1,1,exacting,0.0,7.0,0.0
2026-05-20 16:11:32,L-P02_m-qwen2.5-coder-32b_sol1_gd1_rs0_bd1_str-exacting_t00_n1,94,1,1,Qwen/Qwen2.5-Coder-32B-Instruct,1,0,1,1,exacting,0.0,8.0,0.0
2026-05-20 16:11:41,L-P02_m-qwen2.5-coder-32b_sol1_gd1_rs0_bd1_str-exacting_t00_n1,94,2,1,Qwen/Qwen2.5-Coder-32B-Instruct,1,0,1,1,exacting,0.0,4.0,0.0
2026-05-20 16:11:48,L-P02_m-qwen2.5-coder-32b_sol1_gd1_rs0_bd1_str-exacting_t00_n1,94,3,1,Qwen/Qwen2.5-Coder-32B-Instruct,1,0,1,1,exacting,0.0,8.0,0.0
2026-05-20 16:11:57,L-P02_m-qwen2.5-coder-32b_sol1_gd1_rs0_bd1_str-exacting_t00_n1,95,1,1,Qwen/Qwen2.5-Coder-32B-Instruct,1,0,1,1,exacting,0.0,7.0,0.0
2026-05-20 16:12:06,L-P02_m-qwen2.5-coder-32b_sol1_gd1_rs0_bd1_str-exacting_t00_n1,95,2,1,Qwen/Qwen2.5-Coder-32B-Instruct,1,0,1,1,exacting,0.0,5.0,0.0
2026-05-20 16:12:13,L-P02_m-qwen2.5-coder-32b_sol1_gd1_rs0_bd1_str-exacting_t00_n1,95,3,1,Qwen/Qwen2.5-Coder-32B-Instruct,1,0,1,1,exacting,0.0,7.0,0.0
2026-05-20 16:12:17,L-P02_m-qwen2.5-coder-32b_sol1_gd1_rs0_bd1_str-exacting_t00_n1,95,4,1,Qwen/Qwen2.5-Coder-32B-Instruct,1,0,1,1,exacting,0.0,0.0,0.0
2026-05-20 16:12:25,L-P02_m-qwen2.5-coder-32b_sol1_gd1_rs0_bd1_str-exacting_t00_n1,96,1,1,Qwen/Qwen2.5-Coder-32B-Instruct,1,0,1,1,exacting,0.0,4.0,0.0
2026-05-20 16:12:36,L-P02_m-qwen2.5-coder-32b_sol1_gd1_rs0_bd1_str-exacting_t00_n1,96,2,1,Qwen/Qwen2.5-Coder-32B-Instruct,1,0,1,1,exacting,0.0,0.5,0.0
2026-05-20 16:12:45,L-P02_m-qwen2.5-coder-32b_sol1_gd1_rs0_bd1_str-exacting_t00_n1,96,3,1,Qwen/Qwen2.5-Coder-32B-Instruct,1,0,1,1,exacting,0.0,2.0,0.0
2026-05-20 16:12:53,L-P02_m-qwen2.5-coder-32b_sol1_gd1_rs0_bd1_str-exacting_t00_n1,97,1,1,Qwen/Qwen2.5-Coder-32B-Instruct,1,0,1,1,exacting,0.0,7.0,0.0
2026-05-20 16:13:01,L-P02_m-qwen2.5-coder-32b_sol1_gd1_rs0_bd1_str-exacting_t00_n1,97,2,1,Qwen/Qwen2.5-Coder-32B-Instruct,1,0,1,1,exacting,0.0,6.0,0.0
2026-05-20 16:13:09,L-P02_m-qwen2.5-coder-32b_sol1_gd1_rs0_bd1_str-exacting_t00_n1,97,3,1,Qwen/Qwen2.5-Coder-32B-Instruct,1,0,1,1,exacting,0.0,8.0,0.0
2026-05-20 16:13:17,L-P02_m-qwen2.5-coder-32b_sol1_gd1_rs0_bd1_str-exacting_t00_n1,98,1,1,Qwen/Qwen2.5-Coder-32B-Instruct,1,0,1,1,exacting,0.0,4.0,0.0
2026-05-20 16:13:27,L-P02_m-qwen2.5-coder-32b_sol1_gd1_rs0_bd1_str-exacting_t00_n1,98,2,1,Qwen/Qwen2.5-Coder-32B-Instruct,1,0,1,1,exacting,0.0,3.0,0.0
2026-05-20 16:13:37,L-P02_m-qwen2.5-coder-32b_sol1_gd1_rs0_bd1_str-exacting_t00_n1,98,3,1,Qwen/Qwen2.5-Coder-32B-Instruct,1,0,1,1,exacting,0.0,2.0,0.0
2026-05-20 16:13:40,L-P02_m-qwen2.5-coder-32b_sol1_gd1_rs0_bd1_str-exacting_t00_n1,98,4,1,Qwen/Qwen2.5-Coder-32B-Instruct,1,0,1,1,exacting,0.0,0.0,0.0
2026-05-20 16:13:49,L-P02_m-qwen2.5-coder-32b_sol1_gd1_rs0_bd1_str-exacting_t00_n1,99,1,1,Qwen/Qwen2.5-Coder-32B-Instruct,1,0,1,1,exacting,0.0,8.0,0.0
2026-05-20 16:13:56,L-P02_m-qwen2.5-coder-32b_sol1_gd1_rs0_bd1_str-exacting_t00_n1,99,2,1,Qwen/Qwen2.5-Coder-32B-Instruct,1,0,1,1,exacting,0.0,7.0,0.0
2026-05-20 16:14:01,L-P02_m-qwen2.5-coder-32b_sol1_gd1_rs0_bd1_str-exacting_t00_n1,99,3,1,Qwen/Qwen2.5-Coder-32B-Instruct,1,0,1,1,exacting,0.0,0.5,0.0
2026-05-20 16:14:04,L-P02_m-qwen2.5-coder-32b_sol1_gd1_rs0_bd1_str-exacting_t00_n1,99,4,1,Qwen/Qwen2.5-Coder-32B-Instruct,1,0,1,1,exacting,0.0,5.0,0.0
2026-05-20 16:14:13,L-P02_m-qwen2.5-coder-32b_sol1_gd1_rs0_bd1_str-exacting_t00_n1,100,1,1,Qwen/Qwen2.5-Coder-32B-Instruct,1,0,1,1,exacting,0.0,4.0,0.0
2026-05-20 16:14:20,L-P02_m-qwen2.5-coder-32b_sol1_gd1_rs0_bd1_str-exacting_t00_n1,100,2,1,Qwen/Qwen2.5-Coder-32B-Instruct,1,0,1,1,exacting,0.0,5.0,0.0
2026-05-20 16:14:28,L-P02_m-qwen2.5-coder-32b_sol1_gd1_rs0_bd1_str-exacting_t00_n1,100,3,1,Qwen/Qwen2.5-Coder-32B-Instruct,1,0,1,1,exacting,0.0,7.0,0.0
2026-05-20 16:14:31,L-P02_m-qwen2.5-coder-32b_sol1_gd1_rs0_bd1_str-exacting_t00_n1,100,4,1,Qwen/Qwen2.5-Coder-32B-Instruct,1,0,1,1,exacting,0.0,0.0,0.0
2026-05-20 16:14:38,L-P02_m-qwen2.5-coder-32b_sol1_gd1_rs0_bd1_str-exacting_t00_n1,101,1,1,Qwen/Qwen2.5-Coder-32B-Instruct,1,0,1,1,exacting,0.0,5.0,0.0
2026-05-20 16:14:49,L-P02_m-qwen2.5-coder-32b_sol1_gd1_rs0_bd1_str-exacting_t00_n1,101,2,1,Qwen/Qwen2.5-Coder-32B-Instruct,1,0,1,1,exacting,0.0,2.0,0.0
2026-05-20 16:14:55,L-P02_m-qwen2.5-coder-32b_sol1_gd1_rs0_bd1_str-exacting_t00_n1,101,3,1,Qwen/Qwen2.5-Coder-32B-Instruct,1,0,1,1,exacting,0.0,7.0,0.0
2026-05-20 16:15:03,L-P02_m-qwen2.5-coder-32b_sol1_gd1_rs0_bd1_str-exacting_t00_n1,102,1,1,Qwen/Qwen2.5-Coder-32B-Instruct,1,0,1,1,exacting,0.0,4.0,0.0
2026-05-20 16:15:13,L-P02_m-qwen2.5-coder-32b_sol1_gd1_rs0_bd1_str-exacting_t00_n1,102,2,1,Qwen/Qwen2.5-Coder-32B-Instruct,1,0,1,1,exacting,0.0,5.0,0.0
2026-05-20 16:15:23,L-P02_m-qwen2.5-coder-32b_sol1_gd1_rs0_bd1_str-exacting_t00_n1,102,3,1,Qwen/Qwen2.5-Coder-32B-Instruct,1,0,1,1,exacting,0.0,3.0,0.0
2026-05-20 16:15:30,L-P02_m-qwen2.5-coder-32b_sol1_gd1_rs0_bd1_str-exacting_t00_n1,103,1,1,Qwen/Qwen2.5-Coder-32B-Instruct,1,0,1,1,exacting,0.0,10.5,3.0
2026-05-20 16:15:37,L-P02_m-qwen2.5-coder-32b_sol1_gd1_rs0_bd1_str-exacting_t00_n1,103,2,1,Qwen/Qwen2.5-Coder-32B-Instruct,1,0,1,1,exacting,0.0,8.0,0.0
2026-05-20 16:15:44,L-P02_m-qwen2.5-coder-32b_sol1_gd1_rs0_bd1_str-exacting_t00_n1,103,3,1,Qwen/Qwen2.5-Coder-32B-Instruct,1,0,1,1,exacting,0.0,7.0,0.0
2026-05-20 16:15:47,L-P02_m-qwen2.5-coder-32b_sol1_gd1_rs0_bd1_str-exacting_t00_n1,103,4,1,Qwen/Qwen2.5-Coder-32B-Instruct,1,0,1,1,exacting,0.0,5.0,0.0
2026-05-20 16:15:56,L-P02_m-qwen2.5-coder-32b_sol1_gd1_rs0_bd1_str-exacting_t00_n1,104,1,1,Qwen/Qwen2.5-Coder-32B-Instruct,1,0,1,1,exacting,0.0,10.5,3.0
2026-05-20 16:16:04,L-P02_m-qwen2.5-coder-32b_sol1_gd1_rs0_bd1_str-exacting_t00_n1,104,2,1,Qwen/Qwen2.5-Coder-32B-Instruct,1,0,1,1,exacting,0.0,8.5,1.0
2026-05-20 16:16:11,L-P02_m-qwen2.5-coder-32b_sol1_gd1_rs0_bd1_str-exacting_t00_n1,104,3,1,Qwen/Qwen2.5-Coder-32B-Instruct,1,0,1,1,exacting,0.0,8.0,0.0
2026-05-20 16:16:20,L-P02_m-qwen2.5-coder-32b_sol1_gd1_rs0_bd1_str-exacting_t00_n1,105,1,1,Qwen/Qwen2.5-Coder-32B-Instruct,1,0,1,1,exacting,0.0,0.5,0.0
2026-05-20 16:16:26,L-P02_m-qwen2.5-coder-32b_sol1_gd1_rs0_bd1_str-exacting_t00_n1,105,2,1,Qwen/Qwen2.5-Coder-32B-Instruct,1,0,1,1,exacting,0.0,3.0,0.0
2026-05-20 16:16:31,L-P02_m-qwen2.5-coder-32b_sol1_gd1_rs0_bd1_str-exacting_t00_n1,105,3,1,Qwen/Qwen2.5-Coder-32B-Instruct,1,0,1,1,exacting,0.0,0.0,0.0
2026-05-20 16:16:40,L-P02_m-qwen2.5-coder-32b_sol1_gd1_rs0_bd1_str-exacting_t00_n1,106,1,1,Qwen/Qwen2.5-Coder-32B-Instruct,1,0,1,1,exacting,0.0,10.5,4.0
2026-05-20 16:16:49,L-P02_m-qwen2.5-coder-32b_sol1_gd1_rs0_bd1_str-exacting_t00_n1,106,2,1,Qwen/Qwen2.5-Coder-32B-Instruct,1,0,1,1,exacting,0.0,7.0,0.0
2026-05-20 16:16:57,L-P02_m-qwen2.5-coder-32b_sol1_gd1_rs0_bd1_str-exacting_t00_n1,106,3,1,Qwen/Qwen2.5-Coder-32B-Instruct,1,0,1,1,exacting,0.0,8.0,0.0
2026-05-20 16:17:00,L-P02_m-qwen2.5-coder-32b_sol1_gd1_rs0_bd1_str-exacting_t00_n1,106,4,1,Qwen/Qwen2.5-Coder-32B-Instruct,1,0,1,1,exacting,0.0,5.0,0.0
2026-05-20 16:17:08,L-P02_m-qwen2.5-coder-32b_sol1_gd1_rs0_bd1_str-exacting_t00_n1,107,1,1,Qwen/Qwen2.5-Coder-32B-Instruct,1,0,1,1,exacting,0.0,7.0,0.0
2026-05-20 16:17:15,L-P02_m-qwen2.5-coder-32b_sol1_gd1_rs0_bd1_str-exacting_t00_n1,107,2,1,Qwen/Qwen2.5-Coder-32B-Instruct,1,0,1,1,exacting,0.0,6.0,0.0
2026-05-20 16:17:26,L-P02_m-qwen2.5-coder-32b_sol1_gd1_rs0_bd1_str-exacting_t00_n1,107,3,1,Qwen/Qwen2.5-Coder-32B-Instruct,1,0,1,1,exacting,0.0,2.0,0.0
2026-05-20 16:17:35,L-P02_m-qwen2.5-coder-32b_sol1_gd1_rs0_bd1_str-exacting_t00_n1,108,1,1,Qwen/Qwen2.5-Coder-32B-Instruct,1,0,1,1,exacting,0.0,8.0,0.0
2026-05-20 16:17:42,L-P02_m-qwen2.5-coder-32b_sol1_gd1_rs0_bd1_str-exacting_t00_n1,108,2,1,Qwen/Qwen2.5-Coder-32B-Instruct,1,0,1,1,exacting,0.0,3.0,0.0
2026-05-20 16:17:49,L-P02_m-qwen2.5-coder-32b_sol1_gd1_rs0_bd1_str-exacting_t00_n1,108,3,1,Qwen/Qwen2.5-Coder-32B-Instruct,1,0,1,1,exacting,0.0,7.0,0.0
2026-05-20 16:17:54,L-P02_m-qwen2.5-coder-32b_sol1_gd1_rs0_bd1_str-exacting_t00_n1,108,4,1,Qwen/Qwen2.5-Coder-32B-Instruct,1,0,1,1,exacting,0.0,0.0,0.0
2026-05-20 16:18:01,L-P02_m-qwen2.5-coder-32b_sol1_gd1_rs0_bd1_str-exacting_t00_n1,109,1,1,Qwen/Qwen2.5-Coder-32B-Instruct,1,0,1,1,exacting,0.0,8.5,3.0
2026-05-20 16:18:07,L-P02_m-qwen2.5-coder-32b_sol1_gd1_rs0_bd1_str-exacting_t00_n1,109,2,1,Qwen/Qwen2.5-Coder-32B-Instruct,1,0,1,1,exacting,0.0,8.5,0.0
2026-05-20 16:18:15,L-P02_m-qwen2.5-coder-32b_sol1_gd1_rs0_bd1_str-exacting_t00_n1,109,3,1,Qwen/Qwen2.5-Coder-32B-Instruct,1,0,1,1,exacting,0.0,8.0,0.0
2026-05-20 16:18:19,L-P02_m-qwen2.5-coder-32b_sol1_gd1_rs0_bd1_str-exacting_t00_n1,109,4,1,Qwen/Qwen2.5-Coder-32B-Instruct,1,0,1,1,exacting,0.0,0.0,0.0
2026-05-20 16:18:27,L-P02_m-qwen2.5-coder-32b_sol1_gd1_rs0_bd1_str-exacting_t00_n1,110,1,1,Qwen/Qwen2.5-Coder-32B-Instruct,1,0,1,1,exacting,0.0,7.5,0.0
2026-05-20 16:18:34,L-P02_m-qwen2.5-coder-32b_sol1_gd1_rs0_bd1_str-exacting_t00_n1,110,2,1,Qwen/Qwen2.5-Coder-32B-Instruct,1,0,1,1,exacting,0.0,5.0,0.0
2026-05-20 16:18:42,L-P02_m-qwen2.5-coder-32b_sol1_gd1_rs0_bd1_str-exacting_t00_n1,110,3,1,Qwen/Qwen2.5-Coder-32B-Instruct,1,0,1,1,exacting,0.0,8.0,0.0
2026-05-20 16:18:50,L-P02_m-qwen2.5-coder-32b_sol1_gd1_rs0_bd1_str-exacting_t00_n1,111,1,1,Qwen/Qwen2.5-Coder-32B-Instruct,1,0,1,1,exacting,0.0,5.0,0.0
2026-05-20 16:19:01,L-P02_m-qwen2.5-coder-32b_sol1_gd1_rs0_bd1_str-exacting_t00_n1,111,2,1,Qwen/Qwen2.5-Coder-32B-Instruct,1,0,1,1,exacting,0.0,5.0,0.0
2026-05-20 16:19:08,L-P02_m-qwen2.5-coder-32b_sol1_gd1_rs0_bd1_str-exacting_t00_n1,111,3,1,Qwen/Qwen2.5-Coder-32B-Instruct,1,0,1,1,exacting,0.0,7.0,0.0
2026-05-20 16:19:16,L-P02_m-qwen2.5-coder-32b_sol1_gd1_rs0_bd1_str-exacting_t00_n1,112,1,1,Qwen/Qwen2.5-Coder-32B-Instruct,1,0,1,1,exacting,0.0,8.5,0.0
2026-05-20 16:19:25,L-P02_m-qwen2.5-coder-32b_sol1_gd1_rs0_bd1_str-exacting_t00_n1,112,2,1,Qwen/Qwen2.5-Coder-32B-Instruct,1,0,1,1,exacting,0.0,3.0,0.0
2026-05-20 16:19:33,L-P02_m-qwen2.5-coder-32b_sol1_gd1_rs0_bd1_str-exacting_t00_n1,112,3,1,Qwen/Qwen2.5-Coder-32B-Instruct,1,0,1,1,exacting,0.0,5.0,0.0
2026-05-20 16:19:45,L-P02_m-qwen2.5-coder-32b_sol1_gd1_rs0_bd1_str-exacting_t00_n1,113,1,1,Qwen/Qwen2.5-Coder-32B-Instruct,1,0,1,1,exacting,0.0,4.0,0.0
2026-05-20 16:19:52,L-P02_m-qwen2.5-coder-32b_sol1_gd1_rs0_bd1_str-exacting_t00_n1,113,2,1,Qwen/Qwen2.5-Coder-32B-Instruct,1,0,1,1,exacting,0.0,7.0,0.0
2026-05-20 16:20:02,L-P02_m-qwen2.5-coder-32b_sol1_gd1_rs0_bd1_str-exacting_t00_n1,113,3,1,Qwen/Qwen2.5-Coder-32B-Instruct,1,0,1,1,exacting,0.0,3.0,0.0
2026-05-20 16:20:10,L-P02_m-qwen2.5-coder-32b_sol1_gd1_rs0_bd1_str-exacting_t00_n1,114,1,1,Qwen/Qwen2.5-Coder-32B-Instruct,1,0,1,1,exacting,0.0,8.0,0.0
2026-05-20 16:20:16,L-P02_m-qwen2.5-coder-32b_sol1_gd1_rs0_bd1_str-exacting_t00_n1,114,2,1,Qwen/Qwen2.5-Coder-32B-Instruct,1,0,1,1,exacting,0.0,7.0,0.0
2026-05-20 16:20:26,L-P02_m-qwen2.5-coder-32b_sol1_gd1_rs0_bd1_str-exacting_t00_n1,114,3,1,Qwen/Qwen2.5-Coder-32B-Instruct,1,0,1,1,exacting,0.0,2.0,0.0
2026-05-20 16:20:37,L-P02_m-qwen2.5-coder-32b_sol1_gd1_rs0_bd1_str-exacting_t00_n1,115,1,1,Qwen/Qwen2.5-Coder-32B-Instruct,1,0,1,1,exacting,0.0,5.5,0.0
2026-05-20 16:20:46,L-P02_m-qwen2.5-coder-32b_sol1_gd1_rs0_bd1_str-exacting_t00_n1,115,2,1,Qwen/Qwen2.5-Coder-32B-Instruct,1,0,1,1,exacting,0.0,5.0,0.0
2026-05-20 16:20:51,L-P02_m-qwen2.5-coder-32b_sol1_gd1_rs0_bd1_str-exacting_t00_n1,115,3,1,Qwen/Qwen2.5-Coder-32B-Instruct,1,0,1,1,exacting,0.0,8.0,0.0
2026-05-20 16:20:59,L-P02_m-qwen2.5-coder-32b_sol1_gd1_rs0_bd1_str-exacting_t00_n1,116,1,1,Qwen/Qwen2.5-Coder-32B-Instruct,1,0,1,1,exacting,0.0,3.0,0.0
2026-05-20 16:21:09,L-P02_m-qwen2.5-coder-32b_sol1_gd1_rs0_bd1_str-exacting_t00_n1,116,2,1,Qwen/Qwen2.5-Coder-32B-Instruct,1,0,1,1,exacting,0.0,3.0,0.0
2026-05-20 16:21:15,L-P02_m-qwen2.5-coder-32b_sol1_gd1_rs0_bd1_str-exacting_t00_n1,116,3,1,Qwen/Qwen2.5-Coder-32B-Instruct,1,0,1,1,exacting,0.0,4.0,0.0
2026-05-20 16:21:23,L-P02_m-qwen2.5-coder-32b_sol1_gd1_rs0_bd1_str-exacting_t00_n1,117,1,1,Qwen/Qwen2.5-Coder-32B-Instruct,1,0,1,1,exacting,0.0,5.0,0.0
2026-05-20 16:21:33,L-P02_m-qwen2.5-coder-32b_sol1_gd1_rs0_bd1_str-exacting_t00_n1,117,2,1,Qwen/Qwen2.5-Coder-32B-Instruct,1,0,1,1,exacting,0.0,7.0,0.0
2026-05-20 16:21:40,L-P02_m-qwen2.5-coder-32b_sol1_gd1_rs0_bd1_str-exacting_t00_n1,117,3,1,Qwen/Qwen2.5-Coder-32B-Instruct,1,0,1,1,exacting,0.0,7.0,0.0
2026-05-20 16:21:49,L-P02_m-qwen2.5-coder-32b_sol1_gd1_rs0_bd1_str-exacting_t00_n1,118,1,1,Qwen/Qwen2.5-Coder-32B-Instruct,1,0,1,1,exacting,0.0,8.5,3.0
2026-05-20 16:21:56,L-P02_m-qwen2.5-coder-32b_sol1_gd1_rs0_bd1_str-exacting_t00_n1,118,2,1,Qwen/Qwen2.5-Coder-32B-Instruct,1,0,1,1,exacting,0.0,6.0,0.0
2026-05-20 16:22:04,L-P02_m-qwen2.5-coder-32b_sol1_gd1_rs0_bd1_str-exacting_t00_n1,118,3,1,Qwen/Qwen2.5-Coder-32B-Instruct,1,0,1,1,exacting,0.0,8.0,0.0
2026-05-20 16:22:07,L-P02_m-qwen2.5-coder-32b_sol1_gd1_rs0_bd1_str-exacting_t00_n1,118,4,1,Qwen/Qwen2.5-Coder-32B-Instruct,1,0,1,1,exacting,0.0,5.0,0.0
2026-05-20 16:22:15,L-P02_m-qwen2.5-coder-32b_sol1_gd1_rs0_bd1_str-exacting_t00_n1,119,1,1,Qwen/Qwen2.5-Coder-32B-Instruct,1,0,1,1,exacting,0.0,7.0,0.0
2026-05-20 16:22:22,L-P02_m-qwen2.5-coder-32b_sol1_gd1_rs0_bd1_str-exacting_t00_n1,119,2,1,Qwen/Qwen2.5-Coder-32B-Instruct,1,0,1,1,exacting,0.0,5.0,0.0
2026-05-20 16:22:29,L-P02_m-qwen2.5-coder-32b_sol1_gd1_rs0_bd1_str-exacting_t00_n1,119,3,1,Qwen/Qwen2.5-Coder-32B-Instruct,1,0,1,1,exacting,0.0,8.0,0.0
2026-05-20 16:22:33,L-P02_m-qwen2.5-coder-32b_sol1_gd1_rs0_bd1_str-exacting_t00_n1,119,4,1,Qwen/Qwen2.5-Coder-32B-Instruct,1,0,1,1,exacting,0.0,0.0,0.0
2026-05-20 16:22:42,L-P02_m-qwen2.5-coder-32b_sol1_gd1_rs0_bd1_str-exacting_t00_n1,120,1,1,Qwen/Qwen2.5-Coder-32B-Instruct,1,0,1,1,exacting,0.0,5.0,0.0
2026-05-20 16:22:49,L-P02_m-qwen2.5-coder-32b_sol1_gd1_rs0_bd1_str-exacting_t00_n1,120,2,1,Qwen/Qwen2.5-Coder-32B-Instruct,1,0,1,1,exacting,0.0,7.0,0.0
2026-05-20 16:22:55,L-P02_m-qwen2.5-coder-32b_sol1_gd1_rs0_bd1_str-exacting_t00_n1,120,3,1,Qwen/Qwen2.5-Coder-32B-Instruct,1,0,1,1,exacting,0.0,4.0,0.0
2026-05-20 16:22:58,L-P02_m-qwen2.5-coder-32b_sol1_gd1_rs0_bd1_str-exacting_t00_n1,120,4,1,Qwen/Qwen2.5-Coder-32B-Instruct,1,0,1,1,exacting,0.0,0.0,0.0
2026-05-20 16:23:07,L-P02_m-qwen2.5-coder-32b_sol1_gd1_rs0_bd1_str-exacting_t00_n1,121,1,1,Qwen/Qwen2.5-Coder-32B-Instruct,1,0,1,1,exacting,0.0,7.0,0.0
2026-05-20 16:23:13,L-P02_m-qwen2.5-coder-32b_sol1_gd1_rs0_bd1_str-exacting_t00_n1,121,2,1,Qwen/Qwen2.5-Coder-32B-Instruct,1,0,1,1,exacting,0.0,7.0,0.0
2026-05-20 16:23:21,L-P02_m-qwen2.5-coder-32b_sol1_gd1_rs0_bd1_str-exacting_t00_n1,121,3,1,Qwen/Qwen2.5-Coder-32B-Instruct,1,0,1,1,exacting,0.0,8.0,0.0
2026-05-20 16:23:31,L-P02_m-qwen2.5-coder-32b_sol1_gd1_rs0_bd1_str-exacting_t00_n1,122,1,1,Qwen/Qwen2.5-Coder-32B-Instruct,1,0,1,1,exacting,0.0,3.0,0.0
2026-05-20 16:23:39,L-P02_m-qwen2.5-coder-32b_sol1_gd1_rs0_bd1_str-exacting_t00_n1,122,2,1,Qwen/Qwen2.5-Coder-32B-Instruct,1,0,1,1,exacting,0.0,6.0,0.0
2026-05-20 16:23:47,L-P02_m-qwen2.5-coder-32b_sol1_gd1_rs0_bd1_str-exacting_t00_n1,122,3,1,Qwen/Qwen2.5-Coder-32B-Instruct,1,0,1,1,exacting,0.0,6.0,0.0
2026-05-20 16:23:55,L-P02_m-qwen2.5-coder-32b_sol1_gd1_rs0_bd1_str-exacting_t00_n1,123,1,1,Qwen/Qwen2.5-Coder-32B-Instruct,1,0,1,1,exacting,0.0,8.5,0.0
2026-05-20 16:24:03,L-P02_m-qwen2.5-coder-32b_sol1_gd1_rs0_bd1_str-exacting_t00_n1,123,2,1,Qwen/Qwen2.5-Coder-32B-Instruct,1,0,1,1,exacting,0.0,3.0,0.0
2026-05-20 16:24:11,L-P02_m-qwen2.5-coder-32b_sol1_gd1_rs0_bd1_str-exacting_t00_n1,123,3,1,Qwen/Qwen2.5-Coder-32B-Instruct,1,0,1,1,exacting,0.0,7.0,0.0
2026-05-20 16:24:18,L-P02_m-qwen2.5-coder-32b_sol1_gd1_rs0_bd1_str-exacting_t00_n1,124,1,1,Qwen/Qwen2.5-Coder-32B-Instruct,1,0,1,1,exacting,0.0,2.5,0.0
2026-05-20 16:24:28,L-P02_m-qwen2.5-coder-32b_sol1_gd1_rs0_bd1_str-exacting_t00_n1,124,2,1,Qwen/Qwen2.5-Coder-32B-Instruct,1,0,1,1,exacting,0.0,5.0,0.0
2026-05-20 16:24:38,L-P02_m-qwen2.5-coder-32b_sol1_gd1_rs0_bd1_str-exacting_t00_n1,124,3,1,Qwen/Qwen2.5-Coder-32B-Instruct,1,0,1,1,exacting,0.0,5.0,0.0
2026-05-20 16:24:47,L-P02_m-qwen2.5-coder-32b_sol1_gd1_rs0_bd1_str-exacting_t00_n1,125,1,1,Qwen/Qwen2.5-Coder-32B-Instruct,1,0,1,1,exacting,0.0,4.0,0.0
2026-05-20 16:24:54,L-P02_m-qwen2.5-coder-32b_sol1_gd1_rs0_bd1_str-exacting_t00_n1,125,2,1,Qwen/Qwen2.5-Coder-32B-Instruct,1,0,1,1,exacting,0.0,6.0,0.0
2026-05-20 16:25:00,L-P02_m-qwen2.5-coder-32b_sol1_gd1_rs0_bd1_str-exacting_t00_n1,125,3,1,Qwen/Qwen2.5-Coder-32B-Instruct,1,0,1,1,exacting,0.0,5.0,0.0
2026-05-20 16:25:11,L-P02_m-qwen2.5-coder-32b_sol1_gd1_rs0_bd1_str-exacting_t00_n1,126,1,1,Qwen/Qwen2.5-Coder-32B-Instruct,1,0,1,1,exacting,0.0,7.0,0.0
2026-05-20 16:25:18,L-P02_m-qwen2.5-coder-32b_sol1_gd1_rs0_bd1_str-exacting_t00_n1,126,2,1,Qwen/Qwen2.5-Coder-32B-Instruct,1,0,1,1,exacting,0.0,6.0,0.0
2026-05-20 16:25:23,L-P02_m-qwen2.5-coder-32b_sol1_gd1_rs0_bd1_str-exacting_t00_n1,126,3,1,Qwen/Qwen2.5-Coder-32B-Instruct,1,0,1,1,exacting,0.0,4.0,0.0
2026-05-20 16:25:31,L-P02_m-qwen2.5-coder-32b_sol1_gd1_rs0_bd1_str-exacting_t00_n1,127,1,1,Qwen/Qwen2.5-Coder-32B-Instruct,1,0,1,1,exacting,0.0,8.0,0.0
2026-05-20 16:25:39,L-P02_m-qwen2.5-coder-32b_sol1_gd1_rs0_bd1_str-exacting_t00_n1,127,2,1,Qwen/Qwen2.5-Coder-32B-Instruct,1,0,1,1,exacting,0.0,3.0,0.0
2026-05-20 16:25:49,L-P02_m-qwen2.5-coder-32b_sol1_gd1_rs0_bd1_str-exacting_t00_n1,127,3,1,Qwen/Qwen2.5-Coder-32B-Instruct,1,0,1,1,exacting,0.0,2.0,0.0
2026-05-20 16:25:53,L-P02_m-qwen2.5-coder-32b_sol1_gd1_rs0_bd1_str-exacting_t00_n1,127,4,1,Qwen/Qwen2.5-Coder-32B-Instruct,1,0,1,1,exacting,0.0,0.0,0.0
2026-05-20 16:26:05,L-P02_m-qwen2.5-coder-32b_sol1_gd1_rs0_bd1_str-exacting_t00_n1,128,1,1,Qwen/Qwen2.5-Coder-32B-Instruct,1,0,1,1,exacting,0.0,4.0,0.0
2026-05-20 16:26:12,L-P02_m-qwen2.5-coder-32b_sol1_gd1_rs0_bd1_str-exacting_t00_n1,128,2,1,Qwen/Qwen2.5-Coder-32B-Instruct,1,0,1,1,exacting,0.0,6.0,0.0
2026-05-20 16:26:18,L-P02_m-qwen2.5-coder-32b_sol1_gd1_rs0_bd1_str-exacting_t00_n1,128,3,1,Qwen/Qwen2.5-Coder-32B-Instruct,1,0,1,1,exacting,0.0,2.0,0.0
2026-05-20 16:26:29,L-P02_m-qwen2.5-coder-32b_sol1_gd1_rs0_bd1_str-exacting_t00_n1,129,1,1,Qwen/Qwen2.5-Coder-32B-Instruct,1,0,1,1,exacting,0.0,8.0,0.0
2026-05-20 16:26:36,L-P02_m-qwen2.5-coder-32b_sol1_gd1_rs0_bd1_str-exacting_t00_n1,129,2,1,Qwen/Qwen2.5-Coder-32B-Instruct,1,0,1,1,exacting,0.0,7.0,0.0
2026-05-20 16:26:44,L-P02_m-qwen2.5-coder-32b_sol1_gd1_rs0_bd1_str-exacting_t00_n1,129,3,1,Qwen/Qwen2.5-Coder-32B-Instruct,1,0,1,1,exacting,0.0,7.0,0.0
2026-05-20 16:26:47,L-P02_m-qwen2.5-coder-32b_sol1_gd1_rs0_bd1_str-exacting_t00_n1,129,4,1,Qwen/Qwen2.5-Coder-32B-Instruct,1,0,1,1,exacting,0.0,5.0,0.0
2026-05-20 16:26:56,L-P02_m-qwen2.5-coder-32b_sol1_gd1_rs0_bd1_str-exacting_t00_n1,130,1,1,Qwen/Qwen2.5-Coder-32B-Instruct,1,0,1,1,exacting,0.0,7.5,0.0
2026-05-20 16:27:07,L-P02_m-qwen2.5-coder-32b_sol1_gd1_rs0_bd1_str-exacting_t00_n1,130,2,1,Qwen/Qwen2.5-Coder-32B-Instruct,1,0,1,1,exacting,0.0,5.0,0.0
2026-05-20 16:27:15,L-P02_m-qwen2.5-coder-32b_sol1_gd1_rs0_bd1_str-exacting_t00_n1,130,3,1,Qwen/Qwen2.5-Coder-32B-Instruct,1,0,1,1,exacting,0.0,8.0,0.0
2026-05-20 16:27:18,L-P02_m-qwen2.5-coder-32b_sol1_gd1_rs0_bd1_str-exacting_t00_n1,130,4,1,Qwen/Qwen2.5-Coder-32B-Instruct,1,0,1,1,exacting,0.0,5.0,0.0
2026-05-20 16:27:26,L-P02_m-qwen2.5-coder-32b_sol1_gd1_rs0_bd1_str-exacting_t00_n1,131,1,1,Qwen/Qwen2.5-Coder-32B-Instruct,1,0,1,1,exacting,0.0,6.0,0.0
2026-05-20 16:27:32,L-P02_m-qwen2.5-coder-32b_sol1_gd1_rs0_bd1_str-exacting_t00_n1,131,2,1,Qwen/Qwen2.5-Coder-32B-Instruct,1,0,1,1,exacting,0.0,5.0,0.0
2026-05-20 16:27:38,L-P02_m-qwen2.5-coder-32b_sol1_gd1_rs0_bd1_str-exacting_t00_n1,131,3,1,Qwen/Qwen2.5-Coder-32B-Instruct,1,0,1,1,exacting,0.0,8.0,0.0
2026-05-20 16:27:46,L-P02_m-qwen2.5-coder-32b_sol1_gd1_rs0_bd1_str-exacting_t00_n1,132,1,1,Qwen/Qwen2.5-Coder-32B-Instruct,1,0,1,1,exacting,0.0,7.5,0.0
2026-05-20 16:27:52,L-P02_m-qwen2.5-coder-32b_sol1_gd1_rs0_bd1_str-exacting_t00_n1,132,2,1,Qwen/Qwen2.5-Coder-32B-Instruct,1,0,1,1,exacting,0.0,7.0,0.0
2026-05-20 16:28:00,L-P02_m-qwen2.5-coder-32b_sol1_gd1_rs0_bd1_str-exacting_t00_n1,132,3,1,Qwen/Qwen2.5-Coder-32B-Instruct,1,0,1,1,exacting,0.0,8.0,0.0
2026-05-20 16:28:04,L-P02_m-qwen2.5-coder-32b_sol1_gd1_rs0_bd1_str-exacting_t00_n1,132,4,1,Qwen/Qwen2.5-Coder-32B-Instruct,1,0,1,1,exacting,0.0,0.0,0.0
2026-05-20 16:28:14,L-P02_m-qwen2.5-coder-32b_sol1_gd1_rs0_bd1_str-exacting_t00_n1,133,1,1,Qwen/Qwen2.5-Coder-32B-Instruct,1,0,1,1,exacting,0.0,4.0,0.0
2026-05-20 16:28:22,L-P02_m-qwen2.5-coder-32b_sol1_gd1_rs0_bd1_str-exacting_t00_n1,133,2,1,Qwen/Qwen2.5-Coder-32B-Instruct,1,0,1,1,exacting,0.0,6.0,0.0
2026-05-20 16:28:29,L-P02_m-qwen2.5-coder-32b_sol1_gd1_rs0_bd1_str-exacting_t00_n1,133,3,1,Qwen/Qwen2.5-Coder-32B-Instruct,1,0,1,1,exacting,0.0,8.0,0.0
2026-05-20 16:28:38,L-P02_m-qwen2.5-coder-32b_sol1_gd1_rs0_bd1_str-exacting_t00_n1,134,1,1,Qwen/Qwen2.5-Coder-32B-Instruct,1,0,1,1,exacting,0.0,4.0,0.0
2026-05-20 16:28:51,L-P02_m-qwen2.5-coder-32b_sol1_gd1_rs0_bd1_str-exacting_t00_n1,134,2,1,Qwen/Qwen2.5-Coder-32B-Instruct,1,0,1,1,exacting,0.0,4.0,0.0
2026-05-20 16:28:57,L-P02_m-qwen2.5-coder-32b_sol1_gd1_rs0_bd1_str-exacting_t00_n1,134,3,1,Qwen/Qwen2.5-Coder-32B-Instruct,1,0,1,1,exacting,0.0,0.5,0.0
2026-05-20 16:29:09,L-P02_m-qwen2.5-coder-32b_sol1_gd1_rs0_bd1_str-exacting_t00_n1,135,1,1,Qwen/Qwen2.5-Coder-32B-Instruct,1,0,1,1,exacting,0.0,2.0,0.0
2026-05-20 16:29:16,L-P02_m-qwen2.5-coder-32b_sol1_gd1_rs0_bd1_str-exacting_t00_n1,135,2,1,Qwen/Qwen2.5-Coder-32B-Instruct,1,0,1,1,exacting,0.0,4.0,0.0
2026-05-20 16:29:25,L-P02_m-qwen2.5-coder-32b_sol1_gd1_rs0_bd1_str-exacting_t00_n1,135,3,1,Qwen/Qwen2.5-Coder-32B-Instruct,1,0,1,1,exacting,0.0,3.0,0.0
2026-05-20 16:29:33,L-P02_m-qwen2.5-coder-32b_sol1_gd1_rs0_bd1_str-exacting_t00_n1,136,1,1,Qwen/Qwen2.5-Coder-32B-Instruct,1,0,1,1,exacting,0.0,4.0,0.0
2026-05-20 16:29:41,L-P02_m-qwen2.5-coder-32b_sol1_gd1_rs0_bd1_str-exacting_t00_n1,136,2,1,Qwen/Qwen2.5-Coder-32B-Instruct,1,0,1,1,exacting,0.0,6.0,0.0
2026-05-20 16:29:52,L-P02_m-qwen2.5-coder-32b_sol1_gd1_rs0_bd1_str-exacting_t00_n1,136,3,1,Qwen/Qwen2.5-Coder-32B-Instruct,1,0,1,1,exacting,0.0,4.0,0.0
2026-05-20 16:29:56,L-P02_m-qwen2.5-coder-32b_sol1_gd1_rs0_bd1_str-exacting_t00_n1,136,4,1,Qwen/Qwen2.5-Coder-32B-Instruct,1,0,1,1,exacting,0.0,0.0,0.0
2026-05-20 16:30:04,L-P02_m-qwen2.5-coder-32b_sol1_gd1_rs0_bd1_str-exacting_t00_n1,137,1,1,Qwen/Qwen2.5-Coder-32B-Instruct,1,0,1,1,exacting,0.0,3.0,0.0
2026-05-20 16:30:11,L-P02_m-qwen2.5-coder-32b_sol1_gd1_rs0_bd1_str-exacting_t00_n1,137,2,1,Qwen/Qwen2.5-Coder-32B-Instruct,1,0,1,1,exacting,0.0,2.0,0.0
2026-05-20 16:30:21,L-P02_m-qwen2.5-coder-32b_sol1_gd1_rs0_bd1_str-exacting_t00_n1,137,3,1,Qwen/Qwen2.5-Coder-32B-Instruct,1,0,1,1,exacting,0.0,2.0,0.0
2026-05-20 16:30:30,L-P02_m-qwen2.5-coder-32b_sol1_gd1_rs0_bd1_str-exacting_t00_n1,138,1,1,Qwen/Qwen2.5-Coder-32B-Instruct,1,0,1,1,exacting,0.0,7.0,0.0
2026-05-20 16:30:37,L-P02_m-qwen2.5-coder-32b_sol1_gd1_rs0_bd1_str-exacting_t00_n1,138,2,1,Qwen/Qwen2.5-Coder-32B-Instruct,1,0,1,1,exacting,0.0,7.5,0.0
2026-05-20 16:30:44,L-P02_m-qwen2.5-coder-32b_sol1_gd1_rs0_bd1_str-exacting_t00_n1,138,3,1,Qwen/Qwen2.5-Coder-32B-Instruct,1,0,1,1,exacting,0.0,7.0,0.0
2026-05-20 16:30:53,L-P02_m-qwen2.5-coder-32b_sol1_gd1_rs0_bd1_str-exacting_t00_n1,139,1,1,Qwen/Qwen2.5-Coder-32B-Instruct,1,0,1,1,exacting,0.0,3.0,0.0
2026-05-20 16:31:03,L-P02_m-qwen2.5-coder-32b_sol1_gd1_rs0_bd1_str-exacting_t00_n1,139,2,1,Qwen/Qwen2.5-Coder-32B-Instruct,1,0,1,1,exacting,0.0,5.0,0.0
2026-05-20 16:31:09,L-P02_m-qwen2.5-coder-32b_sol1_gd1_rs0_bd1_str-exacting_t00_n1,139,3,1,Qwen/Qwen2.5-Coder-32B-Instruct,1,0,1,1,exacting,0.0,5.0,0.0
2026-05-20 16:31:18,L-P02_m-qwen2.5-coder-32b_sol1_gd1_rs0_bd1_str-exacting_t00_n1,140,1,1,Qwen/Qwen2.5-Coder-32B-Instruct,1,0,1,1,exacting,0.0,5.0,0.0
2026-05-20 16:31:25,L-P02_m-qwen2.5-coder-32b_sol1_gd1_rs0_bd1_str-exacting_t00_n1,140,2,1,Qwen/Qwen2.5-Coder-32B-Instruct,1,0,1,1,exacting,0.0,5.0,0.0
2026-05-20 16:31:35,L-P02_m-qwen2.5-coder-32b_sol1_gd1_rs0_bd1_str-exacting_t00_n1,140,3,1,Qwen/Qwen2.5-Coder-32B-Instruct,1,0,1,1,exacting,0.0,2.0,0.0
2026-05-20 16:31:38,L-P02_m-qwen2.5-coder-32b_sol1_gd1_rs0_bd1_str-exacting_t00_n1,140,4,1,Qwen/Qwen2.5-Coder-32B-Instruct,1,0,1,1,exacting,0.0,0.0,0.0
2026-05-20 16:31:47,L-P02_m-qwen2.5-coder-32b_sol1_gd1_rs0_bd1_str-exacting_t00_n1,141,1,1,Qwen/Qwen2.5-Coder-32B-Instruct,1,0,1,1,exacting,0.0,10.5,4.0
2026-05-20 16:31:54,L-P02_m-qwen2.5-coder-32b_sol1_gd1_rs0_bd1_str-exacting_t00_n1,141,2,1,Qwen/Qwen2.5-Coder-32B-Instruct,1,0,1,1,exacting,0.0,8.5,1.0
2026-05-20 16:32:00,L-P02_m-qwen2.5-coder-32b_sol1_gd1_rs0_bd1_str-exacting_t00_n1,141,3,1,Qwen/Qwen2.5-Coder-32B-Instruct,1,0,1,1,exacting,0.0,7.0,0.0
2026-05-20 16:32:03,L-P02_m-qwen2.5-coder-32b_sol1_gd1_rs0_bd1_str-exacting_t00_n1,141,4,1,Qwen/Qwen2.5-Coder-32B-Instruct,1,0,1,1,exacting,0.0,5.0,0.0
2026-05-20 16:32:11,L-P02_m-qwen2.5-coder-32b_sol1_gd1_rs0_bd1_str-exacting_t00_n1,142,1,1,Qwen/Qwen2.5-Coder-32B-Instruct,1,0,1,1,exacting,0.0,2.0,0.0
2026-05-20 16:32:19,L-P02_m-qwen2.5-coder-32b_sol1_gd1_rs0_bd1_str-exacting_t00_n1,142,2,1,Qwen/Qwen2.5-Coder-32B-Instruct,1,0,1,1,exacting,0.0,2.0,0.0
2026-05-20 16:32:26,L-P02_m-qwen2.5-coder-32b_sol1_gd1_rs0_bd1_str-exacting_t00_n1,142,3,1,Qwen/Qwen2.5-Coder-32B-Instruct,1,0,1,1,exacting,0.0,6.0,0.0
2026-05-20 16:32:34,L-P02_m-qwen2.5-coder-32b_sol1_gd1_rs0_bd1_str-exacting_t00_n1,143,1,1,Qwen/Qwen2.5-Coder-32B-Instruct,1,0,1,1,exacting,0.0,8.0,0.0
2026-05-20 16:32:41,L-P02_m-qwen2.5-coder-32b_sol1_gd1_rs0_bd1_str-exacting_t00_n1,143,2,1,Qwen/Qwen2.5-Coder-32B-Instruct,1,0,1,1,exacting,0.0,5.0,0.0
2026-05-20 16:32:47,L-P02_m-qwen2.5-coder-32b_sol1_gd1_rs0_bd1_str-exacting_t00_n1,143,3,1,Qwen/Qwen2.5-Coder-32B-Instruct,1,0,1,1,exacting,0.0,6.0,0.0
2026-05-20 16:32:51,L-P02_m-qwen2.5-coder-32b_sol1_gd1_rs0_bd1_str-exacting_t00_n1,143,4,1,Qwen/Qwen2.5-Coder-32B-Instruct,1,0,1,1,exacting,0.0,0.0,0.0
2026-05-20 16:32:59,L-P02_m-qwen2.5-coder-32b_sol1_gd1_rs0_bd1_str-exacting_t00_n1,144,1,1,Qwen/Qwen2.5-Coder-32B-Instruct,1,0,1,1,exacting,0.0,5.0,0.0
2026-05-20 16:33:07,L-P02_m-qwen2.5-coder-32b_sol1_gd1_rs0_bd1_str-exacting_t00_n1,144,2,1,Qwen/Qwen2.5-Coder-32B-Instruct,1,0,1,1,exacting,0.0,4.0,0.0
2026-05-20 16:33:12,L-P02_m-qwen2.5-coder-32b_sol1_gd1_rs0_bd1_str-exacting_t00_n1,144,3,1,Qwen/Qwen2.5-Coder-32B-Instruct,1,0,1,1,exacting,0.0,4.0,0.0
2026-05-20 16:33:21,L-P02_m-qwen2.5-coder-32b_sol1_gd1_rs0_bd1_str-exacting_t00_n1,145,1,1,Qwen/Qwen2.5-Coder-32B-Instruct,1,0,1,1,exacting,0.0,4.0,0.0
2026-05-20 16:33:29,L-P02_m-qwen2.5-coder-32b_sol1_gd1_rs0_bd1_str-exacting_t00_n1,145,2,1,Qwen/Qwen2.5-Coder-32B-Instruct,1,0,1,1,exacting,0.0,7.0,0.0
2026-05-20 16:33:36,L-P02_m-qwen2.5-coder-32b_sol1_gd1_rs0_bd1_str-exacting_t00_n1,145,3,1,Qwen/Qwen2.5-Coder-32B-Instruct,1,0,1,1,exacting,0.0,8.0,0.0
2026-05-20 16:33:41,L-P02_m-qwen2.5-coder-32b_sol1_gd1_rs0_bd1_str-exacting_t00_n1,145,4,1,Qwen/Qwen2.5-Coder-32B-Instruct,1,0,1,1,exacting,0.0,0.0,0.0
2026-05-20 16:33:48,L-P02_m-qwen2.5-coder-32b_sol1_gd1_rs0_bd1_str-exacting_t00_n1,146,1,1,Qwen/Qwen2.5-Coder-32B-Instruct,1,0,1,1,exacting,0.0,6.0,0.0
2026-05-20 16:33:55,L-P02_m-qwen2.5-coder-32b_sol1_gd1_rs0_bd1_str-exacting_t00_n1,146,2,1,Qwen/Qwen2.5-Coder-32B-Instruct,1,0,1,1,exacting,0.0,6.0,0.0
2026-05-20 16:34:01,L-P02_m-qwen2.5-coder-32b_sol1_gd1_rs0_bd1_str-exacting_t00_n1,146,3,1,Qwen/Qwen2.5-Coder-32B-Instruct,1,0,1,1,exacting,0.0,5.0,0.0
2026-05-20 16:34:09,L-P02_m-qwen2.5-coder-32b_sol1_gd1_rs0_bd1_str-exacting_t00_n1,147,1,1,Qwen/Qwen2.5-Coder-32B-Instruct,1,0,1,1,exacting,0.0,3.0,0.0
2026-05-20 16:34:18,L-P02_m-qwen2.5-coder-32b_sol1_gd1_rs0_bd1_str-exacting_t00_n1,147,2,1,Qwen/Qwen2.5-Coder-32B-Instruct,1,0,1,1,exacting,0.0,6.0,0.0
2026-05-20 16:34:24,L-P02_m-qwen2.5-coder-32b_sol1_gd1_rs0_bd1_str-exacting_t00_n1,147,3,1,Qwen/Qwen2.5-Coder-32B-Instruct,1,0,1,1,exacting,0.0,4.0,0.0
2026-05-20 16:34:32,L-P02_m-qwen2.5-coder-32b_sol1_gd1_rs0_bd1_str-exacting_t00_n1,148,1,1,Qwen/Qwen2.5-Coder-32B-Instruct,1,0,1,1,exacting,0.0,0.0,0.0
2026-05-20 16:34:40,L-P02_m-qwen2.5-coder-32b_sol1_gd1_rs0_bd1_str-exacting_t00_n1,148,2,1,Qwen/Qwen2.5-Coder-32B-Instruct,1,0,1,1,exacting,0.0,5.0,0.0
2026-05-20 16:34:51,L-P02_m-qwen2.5-coder-32b_sol1_gd1_rs0_bd1_str-exacting_t00_n1,148,3,1,Qwen/Qwen2.5-Coder-32B-Instruct,1,0,1,1,exacting,0.0,2.0,0.0
2026-05-20 16:34:59,L-P02_m-qwen2.5-coder-32b_sol1_gd1_rs0_bd1_str-exacting_t00_n1,149,1,1,Qwen/Qwen2.5-Coder-32B-Instruct,1,0,1,1,exacting,0.0,5.0,0.0
2026-05-20 16:35:06,L-P02_m-qwen2.5-coder-32b_sol1_gd1_rs0_bd1_str-exacting_t00_n1,149,2,1,Qwen/Qwen2.5-Coder-32B-Instruct,1,0,1,1,exacting,0.0,3.0,0.0
2026-05-20 16:35:16,L-P02_m-qwen2.5-coder-32b_sol1_gd1_rs0_bd1_str-exacting_t00_n1,149,3,1,Qwen/Qwen2.5-Coder-32B-Instruct,1,0,1,1,exacting,0.0,2.0,0.0
2026-05-20 16:35:26,L-P02_m-qwen2.5-coder-32b_sol1_gd1_rs0_bd1_str-exacting_t00_n1,150,1,1,Qwen/Qwen2.5-Coder-32B-Instruct,1,0,1,1,exacting,0.0,4.0,0.0
2026-05-20 16:35:36,L-P02_m-qwen2.5-coder-32b_sol1_gd1_rs0_bd1_str-exacting_t00_n1,150,2,1,Qwen/Qwen2.5-Coder-32B-Instruct,1,0,1,1,exacting,0.0,4.0,0.0
2026-05-20 16:35:45,L-P02_m-qwen2.5-coder-32b_sol1_gd1_rs0_bd1_str-exacting_t00_n1,150,3,1,Qwen/Qwen2.5-Coder-32B-Instruct,1,0,1,1,exacting,0.0,7.0,0.0
2026-05-20 16:35:53,L-P02_m-qwen2.5-coder-32b_sol1_gd1_rs0_bd1_str-exacting_t00_n1,151,1,1,Qwen/Qwen2.5-Coder-32B-Instruct,1,0,1,1,exacting,0.0,10.5,3.0
2026-05-20 16:36:05,L-P02_m-qwen2.5-coder-32b_sol1_gd1_rs0_bd1_str-exacting_t00_n1,152,1,1,Qwen/Qwen2.5-Coder-32B-Instruct,1,0,1,1,exacting,0.0,5.5,0.0
2026-05-20 16:36:14,L-P02_m-qwen2.5-coder-32b_sol1_gd1_rs0_bd1_str-exacting_t00_n1,152,2,1,Qwen/Qwen2.5-Coder-32B-Instruct,1,0,1,1,exacting,0.0,7.5,0.0
2026-05-20 16:36:21,L-P02_m-qwen2.5-coder-32b_sol1_gd1_rs0_bd1_str-exacting_t00_n1,152,3,1,Qwen/Qwen2.5-Coder-32B-Instruct,1,0,1,1,exacting,0.0,8.0,0.0
2026-05-20 16:36:30,L-P02_m-qwen2.5-coder-32b_sol1_gd1_rs0_bd1_str-exacting_t00_n1,153,1,1,Qwen/Qwen2.5-Coder-32B-Instruct,1,0,1,1,exacting,0.0,4.0,0.0
2026-05-20 16:36:37,L-P02_m-qwen2.5-coder-32b_sol1_gd1_rs0_bd1_str-exacting_t00_n1,153,2,1,Qwen/Qwen2.5-Coder-32B-Instruct,1,0,1,1,exacting,0.0,5.0,0.0
2026-05-20 16:36:49,L-P02_m-qwen2.5-coder-32b_sol1_gd1_rs0_bd1_str-exacting_t00_n1,153,3,1,Qwen/Qwen2.5-Coder-32B-Instruct,1,0,1,1,exacting,0.0,2.0,0.0
2026-05-20 16:36:58,L-P02_m-qwen2.5-coder-32b_sol1_gd1_rs0_bd1_str-exacting_t00_n1,154,1,1,Qwen/Qwen2.5-Coder-32B-Instruct,1,0,1,1,exacting,0.0,5.0,0.0
2026-05-20 16:37:09,L-P02_m-qwen2.5-coder-32b_sol1_gd1_rs0_bd1_str-exacting_t00_n1,154,2,1,Qwen/Qwen2.5-Coder-32B-Instruct,1,0,1,1,exacting,0.0,5.0,0.0
2026-05-20 16:37:17,L-P02_m-qwen2.5-coder-32b_sol1_gd1_rs0_bd1_str-exacting_t00_n1,154,3,1,Qwen/Qwen2.5-Coder-32B-Instruct,1,0,1,1,exacting,0.0,6.0,0.0
2026-05-20 16:37:19,L-P02_m-qwen2.5-coder-32b_sol1_gd1_rs0_bd1_str-exacting_t00_n1,154,4,1,Qwen/Qwen2.5-Coder-32B-Instruct,1,0,1,1,exacting,0.0,5.0,0.0
2026-05-20 16:37:28,L-P02_m-qwen2.5-coder-32b_sol1_gd1_rs0_bd1_str-exacting_t00_n1,155,1,1,Qwen/Qwen2.5-Coder-32B-Instruct,1,0,1,1,exacting,0.0,6.5,0.0
2026-05-20 16:37:36,L-P02_m-qwen2.5-coder-32b_sol1_gd1_rs0_bd1_str-exacting_t00_n1,155,2,1,Qwen/Qwen2.5-Coder-32B-Instruct,1,0,1,1,exacting,0.0,5.0,0.0
2026-05-20 16:37:43,L-P02_m-qwen2.5-coder-32b_sol1_gd1_rs0_bd1_str-exacting_t00_n1,155,3,1,Qwen/Qwen2.5-Coder-32B-Instruct,1,0,1,1,exacting,0.0,7.0,0.0
2026-05-20 16:37:52,L-P02_m-qwen2.5-coder-32b_sol1_gd1_rs0_bd1_str-exacting_t00_n1,156,1,1,Qwen/Qwen2.5-Coder-32B-Instruct,1,0,1,1,exacting,0.0,5.0,0.0
2026-05-20 16:37:59,L-P02_m-qwen2.5-coder-32b_sol1_gd1_rs0_bd1_str-exacting_t00_n1,156,2,1,Qwen/Qwen2.5-Coder-32B-Instruct,1,0,1,1,exacting,0.0,6.0,0.0
2026-05-20 16:38:07,L-P02_m-qwen2.5-coder-32b_sol1_gd1_rs0_bd1_str-exacting_t00_n1,156,3,1,Qwen/Qwen2.5-Coder-32B-Instruct,1,0,1,1,exacting,0.0,8.0,0.0
2026-05-20 16:38:16,L-P02_m-qwen2.5-coder-32b_sol1_gd1_rs0_bd1_str-exacting_t00_n1,157,1,1,Qwen/Qwen2.5-Coder-32B-Instruct,1,0,1,1,exacting,0.0,8.0,0.0
2026-05-20 16:38:27,L-P02_m-qwen2.5-coder-32b_sol1_gd1_rs0_bd1_str-exacting_t00_n1,157,2,1,Qwen/Qwen2.5-Coder-32B-Instruct,1,0,1,1,exacting,0.0,5.0,0.0
2026-05-20 16:38:34,L-P02_m-qwen2.5-coder-32b_sol1_gd1_rs0_bd1_str-exacting_t00_n1,157,3,1,Qwen/Qwen2.5-Coder-32B-Instruct,1,0,1,1,exacting,0.0,8.0,0.0
2026-05-20 16:38:37,L-P02_m-qwen2.5-coder-32b_sol1_gd1_rs0_bd1_str-exacting_t00_n1,157,4,1,Qwen/Qwen2.5-Coder-32B-Instruct,1,0,1,1,exacting,0.0,5.0,0.0
2026-05-20 16:38:45,L-P02_m-qwen2.5-coder-32b_sol1_gd1_rs0_bd1_str-exacting_t00_n1,158,1,1,Qwen/Qwen2.5-Coder-32B-Instruct,1,0,1,1,exacting,0.0,4.0,0.0
2026-05-20 16:38:51,L-P02_m-qwen2.5-coder-32b_sol1_gd1_rs0_bd1_str-exacting_t00_n1,158,2,1,Qwen/Qwen2.5-Coder-32B-Instruct,1,0,1,1,exacting,0.0,3.0,0.0
2026-05-20 16:38:57,L-P02_m-qwen2.5-coder-32b_sol1_gd1_rs0_bd1_str-exacting_t00_n1,158,3,1,Qwen/Qwen2.5-Coder-32B-Instruct,1,0,1,1,exacting,0.0,5.0,0.0
2026-05-20 16:39:05,L-P02_m-qwen2.5-coder-32b_sol1_gd1_rs0_bd1_str-exacting_t00_n1,159,1,1,Qwen/Qwen2.5-Coder-32B-Instruct,1,0,1,1,exacting,0.0,4.0,0.0
2026-05-20 16:39:13,L-P02_m-qwen2.5-coder-32b_sol1_gd1_rs0_bd1_str-exacting_t00_n1,159,2,1,Qwen/Qwen2.5-Coder-32B-Instruct,1,0,1,1,exacting,0.0,5.0,0.0
2026-05-20 16:39:21,L-P02_m-qwen2.5-coder-32b_sol1_gd1_rs0_bd1_str-exacting_t00_n1,159,3,1,Qwen/Qwen2.5-Coder-32B-Instruct,1,0,1,1,exacting,0.0,2.0,0.0
2026-05-20 16:39:30,L-P02_m-qwen2.5-coder-32b_sol1_gd1_rs0_bd1_str-exacting_t00_n1,160,1,1,Qwen/Qwen2.5-Coder-32B-Instruct,1,0,1,1,exacting,0.0,8.5,0.0
2026-05-20 16:39:37,L-P02_m-qwen2.5-coder-32b_sol1_gd1_rs0_bd1_str-exacting_t00_n1,160,2,1,Qwen/Qwen2.5-Coder-32B-Instruct,1,0,1,1,exacting,0.0,7.0,0.0
2026-05-20 16:39:43,L-P02_m-qwen2.5-coder-32b_sol1_gd1_rs0_bd1_str-exacting_t00_n1,160,3,1,Qwen/Qwen2.5-Coder-32B-Instruct,1,0,1,1,exacting,0.0,6.0,0.0
2026-05-20 16:39:53,L-P02_m-qwen2.5-coder-32b_sol1_gd1_rs0_bd1_str-exacting_t00_n1,161,1,1,Qwen/Qwen2.5-Coder-32B-Instruct,1,0,1,1,exacting,0.0,2.0,0.0
2026-05-20 16:39:59,L-P02_m-qwen2.5-coder-32b_sol1_gd1_rs0_bd1_str-exacting_t00_n1,161,2,1,Qwen/Qwen2.5-Coder-32B-Instruct,1,0,1,1,exacting,0.0,6.0,0.0
2026-05-20 16:40:07,L-P02_m-qwen2.5-coder-32b_sol1_gd1_rs0_bd1_str-exacting_t00_n1,161,3,1,Qwen/Qwen2.5-Coder-32B-Instruct,1,0,1,1,exacting,0.0,8.0,0.0
2026-05-20 16:40:15,L-P02_m-qwen2.5-coder-32b_sol1_gd1_rs0_bd1_str-exacting_t00_n1,162,1,1,Qwen/Qwen2.5-Coder-32B-Instruct,1,0,1,1,exacting,0.0,5.0,0.0
2026-05-20 16:40:22,L-P02_m-qwen2.5-coder-32b_sol1_gd1_rs0_bd1_str-exacting_t00_n1,162,2,1,Qwen/Qwen2.5-Coder-32B-Instruct,1,0,1,1,exacting,0.0,5.0,0.0
2026-05-20 16:40:27,L-P02_m-qwen2.5-coder-32b_sol1_gd1_rs0_bd1_str-exacting_t00_n1,162,3,1,Qwen/Qwen2.5-Coder-32B-Instruct,1,0,1,1,exacting,0.0,4.0,0.0
2026-05-20 16:40:30,L-P02_m-qwen2.5-coder-32b_sol1_gd1_rs0_bd1_str-exacting_t00_n1,162,4,1,Qwen/Qwen2.5-Coder-32B-Instruct,1,0,1,1,exacting,0.0,0.0,0.0
2026-05-20 16:40:38,L-P02_m-qwen2.5-coder-32b_sol1_gd1_rs0_bd1_str-exacting_t00_n1,163,1,1,Qwen/Qwen2.5-Coder-32B-Instruct,1,0,1,1,exacting,0.0,5.0,0.0
2026-05-20 16:40:46,L-P02_m-qwen2.5-coder-32b_sol1_gd1_rs0_bd1_str-exacting_t00_n1,163,2,1,Qwen/Qwen2.5-Coder-32B-Instruct,1,0,1,1,exacting,0.0,3.0,0.0
2026-05-20 16:40:53,L-P02_m-qwen2.5-coder-32b_sol1_gd1_rs0_bd1_str-exacting_t00_n1,163,3,1,Qwen/Qwen2.5-Coder-32B-Instruct,1,0,1,1,exacting,0.0,8.0,0.0
2026-05-20 16:41:01,L-P02_m-qwen2.5-coder-32b_sol1_gd1_rs0_bd1_str-exacting_t00_n1,164,1,1,Qwen/Qwen2.5-Coder-32B-Instruct,1,0,1,1,exacting,0.0,10.5,3.0
2026-05-20 16:41:09,L-P02_m-qwen2.5-coder-32b_sol1_gd1_rs0_bd1_str-exacting_t00_n1,164,2,1,Qwen/Qwen2.5-Coder-32B-Instruct,1,0,1,1,exacting,0.0,6.0,0.0
2026-05-20 16:41:17,L-P02_m-qwen2.5-coder-32b_sol1_gd1_rs0_bd1_str-exacting_t00_n1,164,3,1,Qwen/Qwen2.5-Coder-32B-Instruct,1,0,1,1,exacting,0.0,8.0,0.0
2026-05-20 16:41:20,L-P02_m-qwen2.5-coder-32b_sol1_gd1_rs0_bd1_str-exacting_t00_n1,164,4,1,Qwen/Qwen2.5-Coder-32B-Instruct,1,0,1,1,exacting,0.0,5.0,0.0
2026-05-20 16:41:29,L-P02_m-qwen2.5-coder-32b_sol1_gd1_rs0_bd1_str-exacting_t00_n1,165,1,1,Qwen/Qwen2.5-Coder-32B-Instruct,1,0,1,1,exacting,0.0,8.0,0.0
2026-05-20 16:41:36,L-P02_m-qwen2.5-coder-32b_sol1_gd1_rs0_bd1_str-exacting_t00_n1,165,2,1,Qwen/Qwen2.5-Coder-32B-Instruct,1,0,1,1,exacting,0.0,6.0,0.0
2026-05-20 16:41:44,L-P02_m-qwen2.5-coder-32b_sol1_gd1_rs0_bd1_str-exacting_t00_n1,165,3,1,Qwen/Qwen2.5-Coder-32B-Instruct,1,0,1,1,exacting,0.0,8.0,0.0
2026-05-20 16:41:48,L-P02_m-qwen2.5-coder-32b_sol1_gd1_rs0_bd1_str-exacting_t00_n1,165,4,1,Qwen/Qwen2.5-Coder-32B-Instruct,1,0,1,1,exacting,0.0,0.0,0.0
2026-05-20 16:41:56,L-P02_m-qwen2.5-coder-32b_sol1_gd1_rs0_bd1_str-exacting_t00_n1,166,1,1,Qwen/Qwen2.5-Coder-32B-Instruct,1,0,1,1,exacting,0.0,7.5,0.0
2026-05-20 16:42:04,L-P02_m-qwen2.5-coder-32b_sol1_gd1_rs0_bd1_str-exacting_t00_n1,166,2,1,Qwen/Qwen2.5-Coder-32B-Instruct,1,0,1,1,exacting,0.0,6.0,0.0
2026-05-20 16:42:11,L-P02_m-qwen2.5-coder-32b_sol1_gd1_rs0_bd1_str-exacting_t00_n1,166,3,1,Qwen/Qwen2.5-Coder-32B-Instruct,1,0,1,1,exacting,0.0,8.0,0.0
2026-05-20 16:42:19,L-P02_m-qwen2.5-coder-32b_sol1_gd1_rs0_bd1_str-exacting_t00_n1,167,1,1,Qwen/Qwen2.5-Coder-32B-Instruct,1,0,1,1,exacting,0.0,3.0,0.0
2026-05-20 16:42:27,L-P02_m-qwen2.5-coder-32b_sol1_gd1_rs0_bd1_str-exacting_t00_n1,167,2,1,Qwen/Qwen2.5-Coder-32B-Instruct,1,0,1,1,exacting,0.0,6.0,0.0
2026-05-20 16:42:32,L-P02_m-qwen2.5-coder-32b_sol1_gd1_rs0_bd1_str-exacting_t00_n1,167,3,1,Qwen/Qwen2.5-Coder-32B-Instruct,1,0,1,1,exacting,0.0,3.0,0.0
2026-05-20 16:42:41,L-P02_m-qwen2.5-coder-32b_sol1_gd1_rs0_bd1_str-exacting_t00_n1,168,1,1,Qwen/Qwen2.5-Coder-32B-Instruct,1,0,1,1,exacting,0.0,5.0,0.0
2026-05-20 16:42:51,L-P02_m-qwen2.5-coder-32b_sol1_gd1_rs0_bd1_str-exacting_t00_n1,168,2,1,Qwen/Qwen2.5-Coder-32B-Instruct,1,0,1,1,exacting,0.0,6.0,0.0
2026-05-20 16:42:57,L-P02_m-qwen2.5-coder-32b_sol1_gd1_rs0_bd1_str-exacting_t00_n1,168,3,1,Qwen/Qwen2.5-Coder-32B-Instruct,1,0,1,1,exacting,0.0,6.0,0.0
2026-05-20 16:43:06,L-P02_m-qwen2.5-coder-32b_sol1_gd1_rs0_bd1_str-exacting_t00_n1,169,1,1,Qwen/Qwen2.5-Coder-32B-Instruct,1,0,1,1,exacting,0.0,7.0,0.0
2026-05-20 16:43:13,L-P02_m-qwen2.5-coder-32b_sol1_gd1_rs0_bd1_str-exacting_t00_n1,169,2,1,Qwen/Qwen2.5-Coder-32B-Instruct,1,0,1,1,exacting,0.0,7.0,0.0
2026-05-20 16:43:19,L-P02_m-qwen2.5-coder-32b_sol1_gd1_rs0_bd1_str-exacting_t00_n1,169,3,1,Qwen/Qwen2.5-Coder-32B-Instruct,1,0,1,1,exacting,0.0,6.0,0.0
2026-05-20 16:43:22,L-P02_m-qwen2.5-coder-32b_sol1_gd1_rs0_bd1_str-exacting_t00_n1,169,4,1,Qwen/Qwen2.5-Coder-32B-Instruct,1,0,1,1,exacting,0.0,0.0,0.0
2026-05-20 16:43:30,L-P02_m-qwen2.5-coder-32b_sol1_gd1_rs0_bd1_str-exacting_t00_n1,170,1,1,Qwen/Qwen2.5-Coder-32B-Instruct,1,0,1,1,exacting,0.0,8.0,0.0
2026-05-20 16:43:37,L-P02_m-qwen2.5-coder-32b_sol1_gd1_rs0_bd1_str-exacting_t00_n1,170,2,1,Qwen/Qwen2.5-Coder-32B-Instruct,1,0,1,1,exacting,0.0,7.0,0.0
2026-05-20 16:43:47,L-P02_m-qwen2.5-coder-32b_sol1_gd1_rs0_bd1_str-exacting_t00_n1,170,3,1,Qwen/Qwen2.5-Coder-32B-Instruct,1,0,1,1,exacting,0.0,4.0,0.0
2026-05-20 16:43:52,L-P02_m-qwen2.5-coder-32b_sol1_gd1_rs0_bd1_str-exacting_t00_n1,170,4,1,Qwen/Qwen2.5-Coder-32B-Instruct,1,0,1,1,exacting,0.0,0.0,0.0
2026-05-20 16:44:01,L-P02_m-qwen2.5-coder-32b_sol1_gd1_rs0_bd1_str-exacting_t00_n1,171,1,1,Qwen/Qwen2.5-Coder-32B-Instruct,1,0,1,1,exacting,0.0,8.0,3.0
2026-05-20 16:44:07,L-P02_m-qwen2.5-coder-32b_sol1_gd1_rs0_bd1_str-exacting_t00_n1,171,2,1,Qwen/Qwen2.5-Coder-32B-Instruct,1,0,1,1,exacting,0.0,6.0,0.0
2026-05-20 16:44:13,L-P02_m-qwen2.5-coder-32b_sol1_gd1_rs0_bd1_str-exacting_t00_n1,171,3,1,Qwen/Qwen2.5-Coder-32B-Instruct,1,0,1,1,exacting,0.0,5.0,0.0
2026-05-20 16:44:16,L-P02_m-qwen2.5-coder-32b_sol1_gd1_rs0_bd1_str-exacting_t00_n1,171,4,1,Qwen/Qwen2.5-Coder-32B-Instruct,1,0,1,1,exacting,0.0,5.0,0.0
2026-05-20 16:44:23,L-P02_m-qwen2.5-coder-32b_sol1_gd1_rs0_bd1_str-exacting_t00_n1,172,1,1,Qwen/Qwen2.5-Coder-32B-Instruct,1,0,1,1,exacting,0.0,7.5,0.0
2026-05-20 16:44:30,L-P02_m-qwen2.5-coder-32b_sol1_gd1_rs0_bd1_str-exacting_t00_n1,172,2,1,Qwen/Qwen2.5-Coder-32B-Instruct,1,0,1,1,exacting,0.0,3.0,0.0
2026-05-20 16:44:35,L-P02_m-qwen2.5-coder-32b_sol1_gd1_rs0_bd1_str-exacting_t00_n1,172,3,1,Qwen/Qwen2.5-Coder-32B-Instruct,1,0,1,1,exacting,0.0,5.0,0.0
2026-05-20 16:44:43,L-P02_m-qwen2.5-coder-32b_sol1_gd1_rs0_bd1_str-exacting_t00_n1,173,1,1,Qwen/Qwen2.5-Coder-32B-Instruct,1,0,1,1,exacting,0.0,5.0,0.0
2026-05-20 16:44:50,L-P02_m-qwen2.5-coder-32b_sol1_gd1_rs0_bd1_str-exacting_t00_n1,173,2,1,Qwen/Qwen2.5-Coder-32B-Instruct,1,0,1,1,exacting,0.0,6.0,0.0
2026-05-20 16:44:56,L-P02_m-qwen2.5-coder-32b_sol1_gd1_rs0_bd1_str-exacting_t00_n1,173,3,1,Qwen/Qwen2.5-Coder-32B-Instruct,1,0,1,1,exacting,0.0,8.0,0.0
2026-05-20 16:45:04,L-P02_m-qwen2.5-coder-32b_sol1_gd1_rs0_bd1_str-exacting_t00_n1,174,1,1,Qwen/Qwen2.5-Coder-32B-Instruct,1,0,1,1,exacting,0.0,3.0,0.0
2026-05-20 16:45:13,L-P02_m-qwen2.5-coder-32b_sol1_gd1_rs0_bd1_str-exacting_t00_n1,174,2,1,Qwen/Qwen2.5-Coder-32B-Instruct,1,0,1,1,exacting,0.0,2.5,0.0
2026-05-20 16:45:24,L-P02_m-qwen2.5-coder-32b_sol1_gd1_rs0_bd1_str-exacting_t00_n1,174,3,1,Qwen/Qwen2.5-Coder-32B-Instruct,1,0,1,1,exacting,0.0,4.0,0.0
2026-05-20 16:45:32,L-P02_m-qwen2.5-coder-32b_sol1_gd1_rs0_bd1_str-exacting_t00_n1,175,1,1,Qwen/Qwen2.5-Coder-32B-Instruct,1,0,1,1,exacting,0.0,6.5,0.0
2026-05-20 16:45:40,L-P02_m-qwen2.5-coder-32b_sol1_gd1_rs0_bd1_str-exacting_t00_n1,175,2,1,Qwen/Qwen2.5-Coder-32B-Instruct,1,0,1,1,exacting,0.0,6.0,0.0
2026-05-20 16:45:47,L-P02_m-qwen2.5-coder-32b_sol1_gd1_rs0_bd1_str-exacting_t00_n1,175,3,1,Qwen/Qwen2.5-Coder-32B-Instruct,1,0,1,1,exacting,0.0,8.0,0.0
2026-05-20 16:45:55,L-P02_m-qwen2.5-coder-32b_sol1_gd1_rs0_bd1_str-exacting_t00_n1,176,1,1,Qwen/Qwen2.5-Coder-32B-Instruct,1,0,1,1,exacting,0.0,4.0,0.0
2026-05-20 16:46:03,L-P02_m-qwen2.5-coder-32b_sol1_gd1_rs0_bd1_str-exacting_t00_n1,176,2,1,Qwen/Qwen2.5-Coder-32B-Instruct,1,0,1,1,exacting,0.0,5.0,0.0
2026-05-20 16:46:09,L-P02_m-qwen2.5-coder-32b_sol1_gd1_rs0_bd1_str-exacting_t00_n1,176,3,1,Qwen/Qwen2.5-Coder-32B-Instruct,1,0,1,1,exacting,0.0,5.0,0.0
2026-05-20 16:46:17,L-P02_m-qwen2.5-coder-32b_sol1_gd1_rs0_bd1_str-exacting_t00_n1,177,1,1,Qwen/Qwen2.5-Coder-32B-Instruct,1,0,1,1,exacting,0.0,8.5,2.0
2026-05-20 16:46:28,L-P02_m-qwen2.5-coder-32b_sol1_gd1_rs0_bd1_str-exacting_t00_n1,177,2,1,Qwen/Qwen2.5-Coder-32B-Instruct,1,0,1,1,exacting,0.0,7.5,0.0
2026-05-20 16:46:35,L-P02_m-qwen2.5-coder-32b_sol1_gd1_rs0_bd1_str-exacting_t00_n1,177,3,1,Qwen/Qwen2.5-Coder-32B-Instruct,1,0,1,1,exacting,0.0,7.0,0.0
2026-05-20 16:46:39,L-P02_m-qwen2.5-coder-32b_sol1_gd1_rs0_bd1_str-exacting_t00_n1,177,4,1,Qwen/Qwen2.5-Coder-32B-Instruct,1,0,1,1,exacting,0.0,0.0,0.0
2026-05-20 16:46:47,L-P02_m-qwen2.5-coder-32b_sol1_gd1_rs0_bd1_str-exacting_t00_n1,178,1,1,Qwen/Qwen2.5-Coder-32B-Instruct,1,0,1,1,exacting,0.0,5.0,0.0
2026-05-20 16:46:55,L-P02_m-qwen2.5-coder-32b_sol1_gd1_rs0_bd1_str-exacting_t00_n1,178,2,1,Qwen/Qwen2.5-Coder-32B-Instruct,1,0,1,1,exacting,0.0,5.0,0.0
2026-05-20 16:47:02,L-P02_m-qwen2.5-coder-32b_sol1_gd1_rs0_bd1_str-exacting_t00_n1,178,3,1,Qwen/Qwen2.5-Coder-32B-Instruct,1,0,1,1,exacting,0.0,7.0,0.0
2026-05-20 16:47:06,L-P02_m-qwen2.5-coder-32b_sol1_gd1_rs0_bd1_str-exacting_t00_n1,178,4,1,Qwen/Qwen2.5-Coder-32B-Instruct,1,0,1,1,exacting,0.0,0.0,0.0
2026-05-20 16:47:15,L-P02_m-qwen2.5-coder-32b_sol1_gd1_rs0_bd1_str-exacting_t00_n1,179,1,1,Qwen/Qwen2.5-Coder-32B-Instruct,1,0,1,1,exacting,0.0,2.0,0.0
2026-05-20 16:47:25,L-P02_m-qwen2.5-coder-32b_sol1_gd1_rs0_bd1_str-exacting_t00_n1,179,2,1,Qwen/Qwen2.5-Coder-32B-Instruct,1,0,1,1,exacting,0.0,3.0,0.0
2026-05-20 16:47:58,L-P02_m-qwen2.5-coder-32b_sol1_gd1_rs0_bd1_str-exacting_t00_n1,179,3,1,Qwen/Qwen2.5-Coder-32B-Instruct,1,0,1,1,exacting,0.0,3.0,0.0
2026-05-20 16:48:06,L-P02_m-qwen2.5-coder-32b_sol1_gd1_rs0_bd1_str-exacting_t00_n1,180,1,1,Qwen/Qwen2.5-Coder-32B-Instruct,1,0,1,1,exacting,0.0,7.0,0.0
2026-05-20 16:48:14,L-P02_m-qwen2.5-coder-32b_sol1_gd1_rs0_bd1_str-exacting_t00_n1,180,2,1,Qwen/Qwen2.5-Coder-32B-Instruct,1,0,1,1,exacting,0.0,4.0,0.0
2026-05-20 16:48:20,L-P02_m-qwen2.5-coder-32b_sol1_gd1_rs0_bd1_str-exacting_t00_n1,180,3,1,Qwen/Qwen2.5-Coder-32B-Instruct,1,0,1,1,exacting,0.0,4.0,0.0
2026-05-20 16:48:28,L-P02_m-qwen2.5-coder-32b_sol1_gd1_rs0_bd1_str-exacting_t00_n1,181,1,1,Qwen/Qwen2.5-Coder-32B-Instruct,1,0,1,1,exacting,0.0,2.0,0.0
2026-05-20 16:48:37,L-P02_m-qwen2.5-coder-32b_sol1_gd1_rs0_bd1_str-exacting_t00_n1,181,2,1,Qwen/Qwen2.5-Coder-32B-Instruct,1,0,1,1,exacting,0.0,2.0,0.0
2026-05-20 16:48:48,L-P02_m-qwen2.5-coder-32b_sol1_gd1_rs0_bd1_str-exacting_t00_n1,181,3,1,Qwen/Qwen2.5-Coder-32B-Instruct,1,0,1,1,exacting,0.0,2.0,0.0
2026-05-20 16:48:56,L-P02_m-qwen2.5-coder-32b_sol1_gd1_rs0_bd1_str-exacting_t00_n1,182,1,1,Qwen/Qwen2.5-Coder-32B-Instruct,1,0,1,1,exacting,0.0,8.5,0.0
2026-05-20 16:49:03,L-P02_m-qwen2.5-coder-32b_sol1_gd1_rs0_bd1_str-exacting_t00_n1,182,2,1,Qwen/Qwen2.5-Coder-32B-Instruct,1,0,1,1,exacting,0.0,8.5,1.0
2026-05-20 16:49:09,L-P02_m-qwen2.5-coder-32b_sol1_gd1_rs0_bd1_str-exacting_t00_n1,182,3,1,Qwen/Qwen2.5-Coder-32B-Instruct,1,0,1,1,exacting,0.0,5.0,0.0
2026-05-20 16:49:12,L-P02_m-qwen2.5-coder-32b_sol1_gd1_rs0_bd1_str-exacting_t00_n1,182,4,1,Qwen/Qwen2.5-Coder-32B-Instruct,1,0,1,1,exacting,0.0,5.0,0.0
2026-05-20 16:49:20,L-P02_m-qwen2.5-coder-32b_sol1_gd1_rs0_bd1_str-exacting_t00_n1,183,1,1,Qwen/Qwen2.5-Coder-32B-Instruct,1,0,1,1,exacting,0.0,7.0,0.0
2026-05-20 16:49:28,L-P02_m-qwen2.5-coder-32b_sol1_gd1_rs0_bd1_str-exacting_t00_n1,183,2,1,Qwen/Qwen2.5-Coder-32B-Instruct,1,0,1,1,exacting,0.0,7.0,0.0
2026-05-20 16:49:35,L-P02_m-qwen2.5-coder-32b_sol1_gd1_rs0_bd1_str-exacting_t00_n1,183,3,1,Qwen/Qwen2.5-Coder-32B-Instruct,1,0,1,1,exacting,0.0,8.0,0.0
2026-05-20 16:49:39,L-P02_m-qwen2.5-coder-32b_sol1_gd1_rs0_bd1_str-exacting_t00_n1,183,4,1,Qwen/Qwen2.5-Coder-32B-Instruct,1,0,1,1,exacting,0.0,0.0,0.0
2026-05-20 16:49:48,L-P02_m-qwen2.5-coder-32b_sol1_gd1_rs0_bd1_str-exacting_t00_n1,184,1,1,Qwen/Qwen2.5-Coder-32B-Instruct,1,0,1,1,exacting,0.0,5.0,0.0
2026-05-20 16:49:56,L-P02_m-qwen2.5-coder-32b_sol1_gd1_rs0_bd1_str-exacting_t00_n1,184,2,1,Qwen/Qwen2.5-Coder-32B-Instruct,1,0,1,1,exacting,0.0,5.0,0.0
2026-05-20 16:50:02,L-P02_m-qwen2.5-coder-32b_sol1_gd1_rs0_bd1_str-exacting_t00_n1,184,3,1,Qwen/Qwen2.5-Coder-32B-Instruct,1,0,1,1,exacting,0.0,8.0,0.0
2026-05-20 16:50:10,L-P02_m-qwen2.5-coder-32b_sol1_gd1_rs0_bd1_str-exacting_t00_n1,185,1,1,Qwen/Qwen2.5-Coder-32B-Instruct,1,0,1,1,exacting,0.0,5.0,0.0
2026-05-20 16:50:17,L-P02_m-qwen2.5-coder-32b_sol1_gd1_rs0_bd1_str-exacting_t00_n1,185,2,1,Qwen/Qwen2.5-Coder-32B-Instruct,1,0,1,1,exacting,0.0,7.0,0.0
2026-05-20 16:50:25,L-P02_m-qwen2.5-coder-32b_sol1_gd1_rs0_bd1_str-exacting_t00_n1,185,3,1,Qwen/Qwen2.5-Coder-32B-Instruct,1,0,1,1,exacting,0.0,8.0,0.0
2026-05-20 16:50:33,L-P02_m-qwen2.5-coder-32b_sol1_gd1_rs0_bd1_str-exacting_t00_n1,186,1,1,Qwen/Qwen2.5-Coder-32B-Instruct,1,0,1,1,exacting,0.0,8.5,0.0
2026-05-20 16:50:41,L-P02_m-qwen2.5-coder-32b_sol1_gd1_rs0_bd1_str-exacting_t00_n1,186,2,1,Qwen/Qwen2.5-Coder-32B-Instruct,1,0,1,1,exacting,0.0,6.0,0.0
2026-05-20 16:50:46,L-P02_m-qwen2.5-coder-32b_sol1_gd1_rs0_bd1_str-exacting_t00_n1,186,3,1,Qwen/Qwen2.5-Coder-32B-Instruct,1,0,1,1,exacting,0.0,0.0,0.0
2026-05-20 16:50:54,L-P02_m-qwen2.5-coder-32b_sol1_gd1_rs0_bd1_str-exacting_t00_n1,187,1,1,Qwen/Qwen2.5-Coder-32B-Instruct,1,0,1,1,exacting,0.0,3.0,0.0
2026-05-20 16:51:02,L-P02_m-qwen2.5-coder-32b_sol1_gd1_rs0_bd1_str-exacting_t00_n1,187,2,1,Qwen/Qwen2.5-Coder-32B-Instruct,1,0,1,1,exacting,0.0,6.0,0.0
2026-05-20 16:51:08,L-P02_m-qwen2.5-coder-32b_sol1_gd1_rs0_bd1_str-exacting_t00_n1,187,3,1,Qwen/Qwen2.5-Coder-32B-Instruct,1,0,1,1,exacting,0.0,4.0,0.0
2026-05-20 16:51:16,L-P02_m-qwen2.5-coder-32b_sol1_gd1_rs0_bd1_str-exacting_t00_n1,188,1,1,Qwen/Qwen2.5-Coder-32B-Instruct,1,0,1,1,exacting,0.0,7.5,0.0
2026-05-20 16:51:23,L-P02_m-qwen2.5-coder-32b_sol1_gd1_rs0_bd1_str-exacting_t00_n1,188,2,1,Qwen/Qwen2.5-Coder-32B-Instruct,1,0,1,1,exacting,0.0,7.0,0.0
2026-05-20 16:51:31,L-P02_m-qwen2.5-coder-32b_sol1_gd1_rs0_bd1_str-exacting_t00_n1,188,3,1,Qwen/Qwen2.5-Coder-32B-Instruct,1,0,1,1,exacting,0.0,7.0,0.0
2026-05-20 16:51:39,L-P02_m-qwen2.5-coder-32b_sol1_gd1_rs0_bd1_str-exacting_t00_n1,189,1,1,Qwen/Qwen2.5-Coder-32B-Instruct,1,0,1,1,exacting,0.0,8.5,3.0
2026-05-20 16:51:46,L-P02_m-qwen2.5-coder-32b_sol1_gd1_rs0_bd1_str-exacting_t00_n1,189,2,1,Qwen/Qwen2.5-Coder-32B-Instruct,1,0,1,1,exacting,0.0,6.0,0.0
2026-05-20 16:51:51,L-P02_m-qwen2.5-coder-32b_sol1_gd1_rs0_bd1_str-exacting_t00_n1,189,3,1,Qwen/Qwen2.5-Coder-32B-Instruct,1,0,1,1,exacting,0.0,0.0,0.0
2026-05-20 16:51:59,L-P02_m-qwen2.5-coder-32b_sol1_gd1_rs0_bd1_str-exacting_t00_n1,190,1,1,Qwen/Qwen2.5-Coder-32B-Instruct,1,0,1,1,exacting,0.0,8.0,0.0
2026-05-20 16:52:07,L-P02_m-qwen2.5-coder-32b_sol1_gd1_rs0_bd1_str-exacting_t00_n1,190,2,1,Qwen/Qwen2.5-Coder-32B-Instruct,1,0,1,1,exacting,0.0,7.0,0.0
2026-05-20 16:52:15,L-P02_m-qwen2.5-coder-32b_sol1_gd1_rs0_bd1_str-exacting_t00_n1,190,3,1,Qwen/Qwen2.5-Coder-32B-Instruct,1,0,1,1,exacting,0.0,8.0,0.0
2026-05-20 16:52:23,L-P02_m-qwen2.5-coder-32b_sol1_gd1_rs0_bd1_str-exacting_t00_n1,191,1,1,Qwen/Qwen2.5-Coder-32B-Instruct,1,0,1,1,exacting,0.0,8.0,0.0
2026-05-20 16:52:30,L-P02_m-qwen2.5-coder-32b_sol1_gd1_rs0_bd1_str-exacting_t00_n1,191,2,1,Qwen/Qwen2.5-Coder-32B-Instruct,1,0,1,1,exacting,0.0,6.0,0.0
2026-05-20 16:52:40,L-P02_m-qwen2.5-coder-32b_sol1_gd1_rs0_bd1_str-exacting_t00_n1,191,3,1,Qwen/Qwen2.5-Coder-32B-Instruct,1,0,1,1,exacting,0.0,2.0,0.0
2026-05-20 16:52:42,L-P02_m-qwen2.5-coder-32b_sol1_gd1_rs0_bd1_str-exacting_t00_n1,191,4,1,Qwen/Qwen2.5-Coder-32B-Instruct,1,0,1,1,exacting,0.0,0.0,0.0
2026-05-20 16:52:50,L-P02_m-qwen2.5-coder-32b_sol1_gd1_rs0_bd1_str-exacting_t00_n1,192,1,1,Qwen/Qwen2.5-Coder-32B-Instruct,1,0,1,1,exacting,0.0,5.0,0.0
2026-05-20 16:53:01,L-P02_m-qwen2.5-coder-32b_sol1_gd1_rs0_bd1_str-exacting_t00_n1,192,2,1,Qwen/Qwen2.5-Coder-32B-Instruct,1,0,1,1,exacting,0.0,5.0,0.0
2026-05-20 16:53:09,L-P02_m-qwen2.5-coder-32b_sol1_gd1_rs0_bd1_str-exacting_t00_n1,192,3,1,Qwen/Qwen2.5-Coder-32B-Instruct,1,0,1,1,exacting,0.0,7.0,0.0
2026-05-20 16:53:18,L-P02_m-qwen2.5-coder-32b_sol1_gd1_rs0_bd1_str-exacting_t00_n1,193,1,1,Qwen/Qwen2.5-Coder-32B-Instruct,1,0,1,1,exacting,0.0,7.5,0.0
2026-05-20 16:53:25,L-P02_m-qwen2.5-coder-32b_sol1_gd1_rs0_bd1_str-exacting_t00_n1,193,2,1,Qwen/Qwen2.5-Coder-32B-Instruct,1,0,1,1,exacting,0.0,7.0,0.0
2026-05-20 16:53:33,L-P02_m-qwen2.5-coder-32b_sol1_gd1_rs0_bd1_str-exacting_t00_n1,193,3,1,Qwen/Qwen2.5-Coder-32B-Instruct,1,0,1,1,exacting,0.0,4.0,0.0
2026-05-20 16:53:41,L-P02_m-qwen2.5-coder-32b_sol1_gd1_rs0_bd1_str-exacting_t00_n1,194,1,1,Qwen/Qwen2.5-Coder-32B-Instruct,1,0,1,1,exacting,0.0,8.0,0.0
2026-05-20 16:53:48,L-P02_m-qwen2.5-coder-32b_sol1_gd1_rs0_bd1_str-exacting_t00_n1,194,2,1,Qwen/Qwen2.5-Coder-32B-Instruct,1,0,1,1,exacting,0.0,5.0,0.0
2026-05-20 16:53:57,L-P02_m-qwen2.5-coder-32b_sol1_gd1_rs0_bd1_str-exacting_t00_n1,194,3,1,Qwen/Qwen2.5-Coder-32B-Instruct,1,0,1,1,exacting,0.0,2.0,0.0
2026-05-20 16:54:06,L-P02_m-qwen2.5-coder-32b_sol1_gd1_rs0_bd1_str-exacting_t00_n1,195,1,1,Qwen/Qwen2.5-Coder-32B-Instruct,1,0,1,1,exacting,0.0,8.0,0.0
2026-05-20 16:54:13,L-P02_m-qwen2.5-coder-32b_sol1_gd1_rs0_bd1_str-exacting_t00_n1,195,2,1,Qwen/Qwen2.5-Coder-32B-Instruct,1,0,1,1,exacting,0.0,7.0,0.0
2026-05-20 16:54:18,L-P02_m-qwen2.5-coder-32b_sol1_gd1_rs0_bd1_str-exacting_t00_n1,195,3,1,Qwen/Qwen2.5-Coder-32B-Instruct,1,0,1,1,exacting,0.0,8.0,0.0
2026-05-20 16:54:22,L-P02_m-qwen2.5-coder-32b_sol1_gd1_rs0_bd1_str-exacting_t00_n1,195,4,1,Qwen/Qwen2.5-Coder-32B-Instruct,1,0,1,1,exacting,0.0,0.0,0.0
2026-05-20 16:54:35,L-P02_m-qwen2.5-coder-32b_sol1_gd1_rs0_bd1_str-exacting_t00_n1,196,1,1,Qwen/Qwen2.5-Coder-32B-Instruct,1,0,1,1,exacting,0.0,0.0,0.0
2026-05-20 16:54:45,L-P02_m-qwen2.5-coder-32b_sol1_gd1_rs0_bd1_str-exacting_t00_n1,196,2,1,Qwen/Qwen2.5-Coder-32B-Instruct,1,0,1,1,exacting,0.0,5.0,0.0
2026-05-20 16:54:54,L-P02_m-qwen2.5-coder-32b_sol1_gd1_rs0_bd1_str-exacting_t00_n1,196,3,1,Qwen/Qwen2.5-Coder-32B-Instruct,1,0,1,1,exacting,0.0,2.0,0.0
2026-05-20 16:55:03,L-P02_m-qwen2.5-coder-32b_sol1_gd1_rs0_bd1_str-exacting_t00_n1,197,1,1,Qwen/Qwen2.5-Coder-32B-Instruct,1,0,1,1,exacting,0.0,5.0,0.0
2026-05-20 16:55:10,L-P02_m-qwen2.5-coder-32b_sol1_gd1_rs0_bd1_str-exacting_t00_n1,197,2,1,Qwen/Qwen2.5-Coder-32B-Instruct,1,0,1,1,exacting,0.0,5.0,0.0
2026-05-20 16:55:15,L-P02_m-qwen2.5-coder-32b_sol1_gd1_rs0_bd1_str-exacting_t00_n1,197,3,1,Qwen/Qwen2.5-Coder-32B-Instruct,1,0,1,1,exacting,0.0,5.0,0.0
2026-05-20 16:55:23,L-P02_m-qwen2.5-coder-32b_sol1_gd1_rs0_bd1_str-exacting_t00_n1,198,1,1,Qwen/Qwen2.5-Coder-32B-Instruct,1,0,1,1,exacting,0.0,7.0,0.0
2026-05-20 16:55:29,L-P02_m-qwen2.5-coder-32b_sol1_gd1_rs0_bd1_str-exacting_t00_n1,198,2,1,Qwen/Qwen2.5-Coder-32B-Instruct,1,0,1,1,exacting,0.0,7.0,0.0
2026-05-20 16:55:37,L-P02_m-qwen2.5-coder-32b_sol1_gd1_rs0_bd1_str-exacting_t00_n1,198,3,1,Qwen/Qwen2.5-Coder-32B-Instruct,1,0,1,1,exacting,0.0,7.0,0.0
2026-05-20 16:55:46,L-P02_m-qwen2.5-coder-32b_sol1_gd1_rs0_bd1_str-exacting_t00_n1,199,1,1,Qwen/Qwen2.5-Coder-32B-Instruct,1,0,1,1,exacting,0.0,6.0,0.0
2026-05-20 16:55:52,L-P02_m-qwen2.5-coder-32b_sol1_gd1_rs0_bd1_str-exacting_t00_n1,199,2,1,Qwen/Qwen2.5-Coder-32B-Instruct,1,0,1,1,exacting,0.0,0.0,0.0
2026-05-20 16:56:00,L-P02_m-qwen2.5-coder-32b_sol1_gd1_rs0_bd1_str-exacting_t00_n1,199,3,1,Qwen/Qwen2.5-Coder-32B-Instruct,1,0,1,1,exacting,0.0,7.0,0.0
2026-05-20 16:56:11,L-P02_m-qwen2.5-coder-32b_sol1_gd1_rs0_bd1_str-exacting_t00_n1,200,1,1,Qwen/Qwen2.5-Coder-32B-Instruct,1,0,1,1,exacting,0.0,0.0,0.0
2026-05-20 16:56:22,L-P02_m-qwen2.5-coder-32b_sol1_gd1_rs0_bd1_str-exacting_t00_n1,200,2,1,Qwen/Qwen2.5-Coder-32B-Instruct,1,0,1,1,exacting,0.0,0.0,0.0
2026-05-20 16:56:33,L-P02_m-qwen2.5-coder-32b_sol1_gd1_rs0_bd1_str-exacting_t00_n1,200,3,1,Qwen/Qwen2.5-Coder-32B-Instruct,1,0,1,1,exacting,0.0,2.0,0.0
2026-05-20 16:56:37,L-P02_m-qwen2.5-coder-32b_sol1_gd1_rs0_bd1_str-exacting_t00_n1,200,4,1,Qwen/Qwen2.5-Coder-32B-Instruct,1,0,1,1,exacting,0.0,0.0,0.0
2026-05-20 16:56:44,L-P02_m-qwen2.5-coder-32b_sol1_gd1_rs0_bd1_str-exacting_t00_n1,201,1,1,Qwen/Qwen2.5-Coder-32B-Instruct,1,0,1,1,exacting,0.0,5.0,0.0
2026-05-20 16:56:52,L-P02_m-qwen2.5-coder-32b_sol1_gd1_rs0_bd1_str-exacting_t00_n1,201,2,1,Qwen/Qwen2.5-Coder-32B-Instruct,1,0,1,1,exacting,0.0,6.0,0.0
2026-05-20 16:57:00,L-P02_m-qwen2.5-coder-32b_sol1_gd1_rs0_bd1_str-exacting_t00_n1,201,3,1,Qwen/Qwen2.5-Coder-32B-Instruct,1,0,1,1,exacting,0.0,4.0,0.0
2026-05-20 16:57:09,L-P02_m-qwen2.5-coder-32b_sol1_gd1_rs0_bd1_str-exacting_t00_n1,202,1,1,Qwen/Qwen2.5-Coder-32B-Instruct,1,0,1,1,exacting,0.0,7.5,0.0
2026-05-20 16:57:16,L-P02_m-qwen2.5-coder-32b_sol1_gd1_rs0_bd1_str-exacting_t00_n1,202,2,1,Qwen/Qwen2.5-Coder-32B-Instruct,1,0,1,1,exacting,0.0,3.0,0.0
2026-05-20 16:57:22,L-P02_m-qwen2.5-coder-32b_sol1_gd1_rs0_bd1_str-exacting_t00_n1,202,3,1,Qwen/Qwen2.5-Coder-32B-Instruct,1,0,1,1,exacting,0.0,4.0,0.0
2026-05-20 16:57:30,L-P02_m-qwen2.5-coder-32b_sol1_gd1_rs0_bd1_str-exacting_t00_n1,203,1,1,Qwen/Qwen2.5-Coder-32B-Instruct,1,0,1,1,exacting,0.0,10.5,4.0
2026-05-20 16:57:37,L-P02_m-qwen2.5-coder-32b_sol1_gd1_rs0_bd1_str-exacting_t00_n1,203,2,1,Qwen/Qwen2.5-Coder-32B-Instruct,1,0,1,1,exacting,0.0,8.0,1.0
2026-05-20 16:57:45,L-P02_m-qwen2.5-coder-32b_sol1_gd1_rs0_bd1_str-exacting_t00_n1,203,3,1,Qwen/Qwen2.5-Coder-32B-Instruct,1,0,1,1,exacting,0.0,8.0,0.0
2026-05-20 16:57:48,L-P02_m-qwen2.5-coder-32b_sol1_gd1_rs0_bd1_str-exacting_t00_n1,203,4,1,Qwen/Qwen2.5-Coder-32B-Instruct,1,0,1,1,exacting,0.0,5.0,0.0
2026-05-20 16:57:56,L-P02_m-qwen2.5-coder-32b_sol1_gd1_rs0_bd1_str-exacting_t00_n1,204,1,1,Qwen/Qwen2.5-Coder-32B-Instruct,1,0,1,1,exacting,0.0,7.5,0.0
2026-05-20 16:58:02,L-P02_m-qwen2.5-coder-32b_sol1_gd1_rs0_bd1_str-exacting_t00_n1,204,2,1,Qwen/Qwen2.5-Coder-32B-Instruct,1,0,1,1,exacting,0.0,6.0,0.0
2026-05-20 16:58:08,L-P02_m-qwen2.5-coder-32b_sol1_gd1_rs0_bd1_str-exacting_t00_n1,204,3,1,Qwen/Qwen2.5-Coder-32B-Instruct,1,0,1,1,exacting,0.0,4.0,0.0
2026-05-20 16:58:17,L-P02_m-qwen2.5-coder-32b_sol1_gd1_rs0_bd1_str-exacting_t00_n1,205,1,1,Qwen/Qwen2.5-Coder-32B-Instruct,1,0,1,1,exacting,0.0,4.0,0.0
2026-05-20 16:58:29,L-P02_m-qwen2.5-coder-32b_sol1_gd1_rs0_bd1_str-exacting_t00_n1,205,2,1,Qwen/Qwen2.5-Coder-32B-Instruct,1,0,1,1,exacting,0.0,4.0,0.0
2026-05-20 16:58:35,L-P02_m-qwen2.5-coder-32b_sol1_gd1_rs0_bd1_str-exacting_t00_n1,205,3,1,Qwen/Qwen2.5-Coder-32B-Instruct,1,0,1,1,exacting,0.0,4.0,0.0
2026-05-20 16:58:43,L-P02_m-qwen2.5-coder-32b_sol1_gd1_rs0_bd1_str-exacting_t00_n1,206,1,1,Qwen/Qwen2.5-Coder-32B-Instruct,1,0,1,1,exacting,0.0,7.0,0.0
2026-05-20 16:58:51,L-P02_m-qwen2.5-coder-32b_sol1_gd1_rs0_bd1_str-exacting_t00_n1,206,2,1,Qwen/Qwen2.5-Coder-32B-Instruct,1,0,1,1,exacting,0.0,7.0,0.0
2026-05-20 16:58:58,L-P02_m-qwen2.5-coder-32b_sol1_gd1_rs0_bd1_str-exacting_t00_n1,206,3,1,Qwen/Qwen2.5-Coder-32B-Instruct,1,0,1,1,exacting,0.0,7.0,0.0
2026-05-20 16:59:01,L-P02_m-qwen2.5-coder-32b_sol1_gd1_rs0_bd1_str-exacting_t00_n1,206,4,1,Qwen/Qwen2.5-Coder-32B-Instruct,1,0,1,1,exacting,0.0,0.0,0.0
2026-05-20 16:59:09,L-P02_m-qwen2.5-coder-32b_sol1_gd1_rs0_bd1_str-exacting_t00_n1,207,1,1,Qwen/Qwen2.5-Coder-32B-Instruct,1,0,1,1,exacting,0.0,10.5,4.0
2026-05-20 16:59:16,L-P02_m-qwen2.5-coder-32b_sol1_gd1_rs0_bd1_str-exacting_t00_n1,207,2,1,Qwen/Qwen2.5-Coder-32B-Instruct,1,0,1,1,exacting,0.0,8.0,1.0
2026-05-20 16:59:23,L-P02_m-qwen2.5-coder-32b_sol1_gd1_rs0_bd1_str-exacting_t00_n1,207,3,1,Qwen/Qwen2.5-Coder-32B-Instruct,1,0,1,1,exacting,0.0,8.0,0.0
2026-05-20 16:59:27,L-P02_m-qwen2.5-coder-32b_sol1_gd1_rs0_bd1_str-exacting_t00_n1,207,4,1,Qwen/Qwen2.5-Coder-32B-Instruct,1,0,1,1,exacting,0.0,0.0,0.0
2026-05-20 16:59:36,L-P02_m-qwen2.5-coder-32b_sol1_gd1_rs0_bd1_str-exacting_t00_n1,208,1,1,Qwen/Qwen2.5-Coder-32B-Instruct,1,0,1,1,exacting,0.0,6.0,0.0
2026-05-20 16:59:43,L-P02_m-qwen2.5-coder-32b_sol1_gd1_rs0_bd1_str-exacting_t00_n1,208,2,1,Qwen/Qwen2.5-Coder-32B-Instruct,1,0,1,1,exacting,0.0,6.0,0.0
2026-05-20 16:59:51,L-P02_m-qwen2.5-coder-32b_sol1_gd1_rs0_bd1_str-exacting_t00_n1,208,3,1,Qwen/Qwen2.5-Coder-32B-Instruct,1,0,1,1,exacting,0.0,8.0,0.0
2026-05-20 16:59:54,L-P02_m-qwen2.5-coder-32b_sol1_gd1_rs0_bd1_str-exacting_t00_n1,208,4,1,Qwen/Qwen2.5-Coder-32B-Instruct,1,0,1,1,exacting,0.0,0.0,0.0
2026-05-20 17:00:03,L-P02_m-qwen2.5-coder-32b_sol1_gd1_rs0_bd1_str-exacting_t00_n1,209,1,1,Qwen/Qwen2.5-Coder-32B-Instruct,1,0,1,1,exacting,0.0,6.0,0.0
2026-05-20 17:00:10,L-P02_m-qwen2.5-coder-32b_sol1_gd1_rs0_bd1_str-exacting_t00_n1,209,2,1,Qwen/Qwen2.5-Coder-32B-Instruct,1,0,1,1,exacting,0.0,6.0,0.0
2026-05-20 17:00:16,L-P02_m-qwen2.5-coder-32b_sol1_gd1_rs0_bd1_str-exacting_t00_n1,209,3,1,Qwen/Qwen2.5-Coder-32B-Instruct,1,0,1,1,exacting,0.0,4.0,0.0
2026-05-20 17:00:24,L-P02_m-qwen2.5-coder-32b_sol1_gd1_rs0_bd1_str-exacting_t00_n1,210,1,1,Qwen/Qwen2.5-Coder-32B-Instruct,1,0,1,1,exacting,0.0,7.0,0.0
2026-05-20 17:00:31,L-P02_m-qwen2.5-coder-32b_sol1_gd1_rs0_bd1_str-exacting_t00_n1,210,2,1,Qwen/Qwen2.5-Coder-32B-Instruct,1,0,1,1,exacting,0.0,6.0,0.0
2026-05-20 17:00:36,L-P02_m-qwen2.5-coder-32b_sol1_gd1_rs0_bd1_str-exacting_t00_n1,210,3,1,Qwen/Qwen2.5-Coder-32B-Instruct,1,0,1,1,exacting,0.0,4.0,0.0
2026-05-20 17:00:39,L-P02_m-qwen2.5-coder-32b_sol1_gd1_rs0_bd1_str-exacting_t00_n1,210,4,1,Qwen/Qwen2.5-Coder-32B-Instruct,1,0,1,1,exacting,0.0,0.0,0.0
2026-05-20 17:00:48,L-P02_m-qwen2.5-coder-32b_sol1_gd1_rs0_bd1_str-exacting_t00_n1,211,1,1,Qwen/Qwen2.5-Coder-32B-Instruct,1,0,1,1,exacting,0.0,2.0,0.0
2026-05-20 17:00:54,L-P02_m-qwen2.5-coder-32b_sol1_gd1_rs0_bd1_str-exacting_t00_n1,211,2,1,Qwen/Qwen2.5-Coder-32B-Instruct,1,0,1,1,exacting,0.0,3.0,0.0
2026-05-20 17:01:00,L-P02_m-qwen2.5-coder-32b_sol1_gd1_rs0_bd1_str-exacting_t00_n1,211,3,1,Qwen/Qwen2.5-Coder-32B-Instruct,1,0,1,1,exacting,0.0,5.0,0.0
2026-05-20 17:01:09,L-P02_m-qwen2.5-coder-32b_sol1_gd1_rs0_bd1_str-exacting_t00_n1,212,1,1,Qwen/Qwen2.5-Coder-32B-Instruct,1,0,1,1,exacting,0.0,8.0,0.0
2026-05-20 17:01:18,L-P02_m-qwen2.5-coder-32b_sol1_gd1_rs0_bd1_str-exacting_t00_n1,212,2,1,Qwen/Qwen2.5-Coder-32B-Instruct,1,0,1,1,exacting,0.0,6.0,0.0
2026-05-20 17:01:26,L-P02_m-qwen2.5-coder-32b_sol1_gd1_rs0_bd1_str-exacting_t00_n1,212,3,1,Qwen/Qwen2.5-Coder-32B-Instruct,1,0,1,1,exacting,0.0,8.0,0.0
2026-05-20 17:01:35,L-P02_m-qwen2.5-coder-32b_sol1_gd1_rs0_bd1_str-exacting_t00_n1,213,1,1,Qwen/Qwen2.5-Coder-32B-Instruct,1,0,1,1,exacting,0.0,10.5,3.0
2026-05-20 17:01:42,L-P02_m-qwen2.5-coder-32b_sol1_gd1_rs0_bd1_str-exacting_t00_n1,213,2,1,Qwen/Qwen2.5-Coder-32B-Instruct,1,0,1,1,exacting,0.0,7.0,0.0
2026-05-20 17:01:50,L-P02_m-qwen2.5-coder-32b_sol1_gd1_rs0_bd1_str-exacting_t00_n1,213,3,1,Qwen/Qwen2.5-Coder-32B-Instruct,1,0,1,1,exacting,0.0,7.0,0.0
2026-05-20 17:01:53,L-P02_m-qwen2.5-coder-32b_sol1_gd1_rs0_bd1_str-exacting_t00_n1,213,4,1,Qwen/Qwen2.5-Coder-32B-Instruct,1,0,1,1,exacting,0.0,5.0,0.0
2026-05-20 17:02:01,L-P02_m-qwen2.5-coder-32b_sol1_gd1_rs0_bd1_str-exacting_t00_n1,214,1,1,Qwen/Qwen2.5-Coder-32B-Instruct,1,0,1,1,exacting,0.0,3.0,0.0
2026-05-20 17:02:09,L-P02_m-qwen2.5-coder-32b_sol1_gd1_rs0_bd1_str-exacting_t00_n1,214,2,1,Qwen/Qwen2.5-Coder-32B-Instruct,1,0,1,1,exacting,0.0,5.0,0.0
2026-05-20 17:02:19,L-P02_m-qwen2.5-coder-32b_sol1_gd1_rs0_bd1_str-exacting_t00_n1,214,3,1,Qwen/Qwen2.5-Coder-32B-Instruct,1,0,1,1,exacting,0.0,4.0,0.0
2026-05-20 17:02:27,L-P02_m-qwen2.5-coder-32b_sol1_gd1_rs0_bd1_str-exacting_t00_n1,215,1,1,Qwen/Qwen2.5-Coder-32B-Instruct,1,0,1,1,exacting,0.0,3.0,0.0
2026-05-20 17:02:34,L-P02_m-qwen2.5-coder-32b_sol1_gd1_rs0_bd1_str-exacting_t00_n1,215,2,1,Qwen/Qwen2.5-Coder-32B-Instruct,1,0,1,1,exacting,0.0,5.0,0.0
2026-05-20 17:02:40,L-P02_m-qwen2.5-coder-32b_sol1_gd1_rs0_bd1_str-exacting_t00_n1,215,3,1,Qwen/Qwen2.5-Coder-32B-Instruct,1,0,1,1,exacting,0.0,4.0,0.0
2026-05-20 17:02:48,L-P02_m-qwen2.5-coder-32b_sol1_gd1_rs0_bd1_str-exacting_t00_n1,216,1,1,Qwen/Qwen2.5-Coder-32B-Instruct,1,0,1,1,exacting,0.0,4.0,0.0
2026-05-20 17:02:57,L-P02_m-qwen2.5-coder-32b_sol1_gd1_rs0_bd1_str-exacting_t00_n1,216,2,1,Qwen/Qwen2.5-Coder-32B-Instruct,1,0,1,1,exacting,0.0,6.0,0.0
2026-05-20 17:03:05,L-P02_m-qwen2.5-coder-32b_sol1_gd1_rs0_bd1_str-exacting_t00_n1,216,3,1,Qwen/Qwen2.5-Coder-32B-Instruct,1,0,1,1,exacting,0.0,5.0,0.0
2026-05-20 17:03:14,L-P02_m-qwen2.5-coder-32b_sol1_gd1_rs0_bd1_str-exacting_t00_n1,217,1,1,Qwen/Qwen2.5-Coder-32B-Instruct,1,0,1,1,exacting,0.0,6.0,0.0
2026-05-20 17:03:22,L-P02_m-qwen2.5-coder-32b_sol1_gd1_rs0_bd1_str-exacting_t00_n1,217,2,1,Qwen/Qwen2.5-Coder-32B-Instruct,1,0,1,1,exacting,0.0,7.0,0.0
2026-05-20 17:03:30,L-P02_m-qwen2.5-coder-32b_sol1_gd1_rs0_bd1_str-exacting_t00_n1,217,3,1,Qwen/Qwen2.5-Coder-32B-Instruct,1,0,1,1,exacting,0.0,8.0,0.0
2026-05-20 17:03:38,L-P02_m-qwen2.5-coder-32b_sol1_gd1_rs0_bd1_str-exacting_t00_n1,218,1,1,Qwen/Qwen2.5-Coder-32B-Instruct,1,0,1,1,exacting,0.0,7.0,0.0
2026-05-20 17:03:47,L-P02_m-qwen2.5-coder-32b_sol1_gd1_rs0_bd1_str-exacting_t00_n1,218,2,1,Qwen/Qwen2.5-Coder-32B-Instruct,1,0,1,1,exacting,0.0,3.0,0.0
2026-05-20 17:03:53,L-P02_m-qwen2.5-coder-32b_sol1_gd1_rs0_bd1_str-exacting_t00_n1,218,3,1,Qwen/Qwen2.5-Coder-32B-Instruct,1,0,1,1,exacting,0.0,5.0,0.0
2026-05-20 17:04:02,L-P02_m-qwen2.5-coder-32b_sol1_gd1_rs0_bd1_str-exacting_t00_n1,219,1,1,Qwen/Qwen2.5-Coder-32B-Instruct,1,0,1,1,exacting,0.0,6.0,0.0
2026-05-20 17:04:09,L-P02_m-qwen2.5-coder-32b_sol1_gd1_rs0_bd1_str-exacting_t00_n1,219,2,1,Qwen/Qwen2.5-Coder-32B-Instruct,1,0,1,1,exacting,0.0,7.0,0.0
2026-05-20 17:04:17,L-P02_m-qwen2.5-coder-32b_sol1_gd1_rs0_bd1_str-exacting_t00_n1,219,3,1,Qwen/Qwen2.5-Coder-32B-Instruct,1,0,1,1,exacting,0.0,8.0,0.0
2026-05-20 17:04:21,L-P02_m-qwen2.5-coder-32b_sol1_gd1_rs0_bd1_str-exacting_t00_n1,219,4,1,Qwen/Qwen2.5-Coder-32B-Instruct,1,0,1,1,exacting,0.0,0.0,0.0
2026-05-20 17:04:32,L-P02_m-qwen2.5-coder-32b_sol1_gd1_rs0_bd1_str-exacting_t00_n1,220,1,1,Qwen/Qwen2.5-Coder-32B-Instruct,1,0,1,1,exacting,0.0,4.0,0.0
2026-05-20 17:04:37,L-P02_m-qwen2.5-coder-32b_sol1_gd1_rs0_bd1_str-exacting_t00_n1,220,2,1,Qwen/Qwen2.5-Coder-32B-Instruct,1,0,1,1,exacting,0.0,0.0,0.0
2026-05-20 17:04:42,L-P02_m-qwen2.5-coder-32b_sol1_gd1_rs0_bd1_str-exacting_t00_n1,220,3,1,Qwen/Qwen2.5-Coder-32B-Instruct,1,0,1,1,exacting,0.0,0.0,0.0
2026-05-20 17:04:50,L-P02_m-qwen2.5-coder-32b_sol1_gd1_rs0_bd1_str-exacting_t00_n1,221,1,1,Qwen/Qwen2.5-Coder-32B-Instruct,1,0,1,1,exacting,0.0,5.5,0.0
2026-05-20 17:04:58,L-P02_m-qwen2.5-coder-32b_sol1_gd1_rs0_bd1_str-exacting_t00_n1,221,2,1,Qwen/Qwen2.5-Coder-32B-Instruct,1,0,1,1,exacting,0.0,6.0,0.0
2026-05-20 17:05:03,L-P02_m-qwen2.5-coder-32b_sol1_gd1_rs0_bd1_str-exacting_t00_n1,221,3,1,Qwen/Qwen2.5-Coder-32B-Instruct,1,0,1,1,exacting,0.0,4.0,0.0
2026-05-20 17:05:12,L-P02_m-qwen2.5-coder-32b_sol1_gd1_rs0_bd1_str-exacting_t00_n1,222,1,1,Qwen/Qwen2.5-Coder-32B-Instruct,1,0,1,1,exacting,0.0,5.0,0.0
2026-05-20 17:05:20,L-P02_m-qwen2.5-coder-32b_sol1_gd1_rs0_bd1_str-exacting_t00_n1,222,2,1,Qwen/Qwen2.5-Coder-32B-Instruct,1,0,1,1,exacting,0.0,6.0,0.0
2026-05-20 17:05:30,L-P02_m-qwen2.5-coder-32b_sol1_gd1_rs0_bd1_str-exacting_t00_n1,222,3,1,Qwen/Qwen2.5-Coder-32B-Instruct,1,0,1,1,exacting,0.0,2.0,0.0
2026-05-20 17:05:33,L-P02_m-qwen2.5-coder-32b_sol1_gd1_rs0_bd1_str-exacting_t00_n1,222,4,1,Qwen/Qwen2.5-Coder-32B-Instruct,1,0,1,1,exacting,0.0,0.0,0.0
2026-05-20 17:05:41,L-P02_m-qwen2.5-coder-32b_sol1_gd1_rs0_bd1_str-exacting_t00_n1,223,1,1,Qwen/Qwen2.5-Coder-32B-Instruct,1,0,1,1,exacting,0.0,4.0,0.0
2026-05-20 17:05:51,L-P02_m-qwen2.5-coder-32b_sol1_gd1_rs0_bd1_str-exacting_t00_n1,223,2,1,Qwen/Qwen2.5-Coder-32B-Instruct,1,0,1,1,exacting,0.0,3.0,0.0
2026-05-20 17:05:57,L-P02_m-qwen2.5-coder-32b_sol1_gd1_rs0_bd1_str-exacting_t00_n1,223,3,1,Qwen/Qwen2.5-Coder-32B-Instruct,1,0,1,1,exacting,0.0,0.0,0.0
2026-05-20 17:06:05,L-P02_m-qwen2.5-coder-32b_sol1_gd1_rs0_bd1_str-exacting_t00_n1,224,1,1,Qwen/Qwen2.5-Coder-32B-Instruct,1,0,1,1,exacting,0.0,5.5,0.0
2026-05-20 17:06:13,L-P02_m-qwen2.5-coder-32b_sol1_gd1_rs0_bd1_str-exacting_t00_n1,224,2,1,Qwen/Qwen2.5-Coder-32B-Instruct,1,0,1,1,exacting,0.0,8.0,0.0
2026-05-20 17:06:18,L-P02_m-qwen2.5-coder-32b_sol1_gd1_rs0_bd1_str-exacting_t00_n1,224,3,1,Qwen/Qwen2.5-Coder-32B-Instruct,1,0,1,1,exacting,0.0,4.0,0.0
2026-05-20 17:06:26,L-P02_m-qwen2.5-coder-32b_sol1_gd1_rs0_bd1_str-exacting_t00_n1,225,1,1,Qwen/Qwen2.5-Coder-32B-Instruct,1,0,1,1,exacting,0.0,7.5,0.0
2026-05-20 17:06:34,L-P02_m-qwen2.5-coder-32b_sol1_gd1_rs0_bd1_str-exacting_t00_n1,225,2,1,Qwen/Qwen2.5-Coder-32B-Instruct,1,0,1,1,exacting,0.0,5.0,0.0
2026-05-20 17:06:44,L-P02_m-qwen2.5-coder-32b_sol1_gd1_rs0_bd1_str-exacting_t00_n1,225,3,1,Qwen/Qwen2.5-Coder-32B-Instruct,1,0,1,1,exacting,0.0,4.0,0.0
2026-05-20 17:06:52,L-P02_m-qwen2.5-coder-32b_sol1_gd1_rs0_bd1_str-exacting_t00_n1,226,1,1,Qwen/Qwen2.5-Coder-32B-Instruct,1,0,1,1,exacting,0.0,7.0,0.0
2026-05-20 17:06:59,L-P02_m-qwen2.5-coder-32b_sol1_gd1_rs0_bd1_str-exacting_t00_n1,226,2,1,Qwen/Qwen2.5-Coder-32B-Instruct,1,0,1,1,exacting,0.0,5.0,0.0
2026-05-20 17:07:04,L-P02_m-qwen2.5-coder-32b_sol1_gd1_rs0_bd1_str-exacting_t00_n1,226,3,1,Qwen/Qwen2.5-Coder-32B-Instruct,1,0,1,1,exacting,0.0,3.0,0.0
2026-05-20 17:07:12,L-P02_m-qwen2.5-coder-32b_sol1_gd1_rs0_bd1_str-exacting_t00_n1,227,1,1,Qwen/Qwen2.5-Coder-32B-Instruct,1,0,1,1,exacting,0.0,5.0,0.0
2026-05-20 17:07:20,L-P02_m-qwen2.5-coder-32b_sol1_gd1_rs0_bd1_str-exacting_t00_n1,227,2,1,Qwen/Qwen2.5-Coder-32B-Instruct,1,0,1,1,exacting,0.0,6.0,0.0
2026-05-20 17:07:30,L-P02_m-qwen2.5-coder-32b_sol1_gd1_rs0_bd1_str-exacting_t00_n1,227,3,1,Qwen/Qwen2.5-Coder-32B-Instruct,1,0,1,1,exacting,0.0,2.0,0.0
2026-05-20 17:07:38,L-P02_m-qwen2.5-coder-32b_sol1_gd1_rs0_bd1_str-exacting_t00_n1,228,1,1,Qwen/Qwen2.5-Coder-32B-Instruct,1,0,1,1,exacting,0.0,7.0,0.0
2026-05-20 17:07:46,L-P02_m-qwen2.5-coder-32b_sol1_gd1_rs0_bd1_str-exacting_t00_n1,228,2,1,Qwen/Qwen2.5-Coder-32B-Instruct,1,0,1,1,exacting,0.0,5.0,0.0
2026-05-20 17:07:54,L-P02_m-qwen2.5-coder-32b_sol1_gd1_rs0_bd1_str-exacting_t00_n1,228,3,1,Qwen/Qwen2.5-Coder-32B-Instruct,1,0,1,1,exacting,0.0,8.0,0.0
2026-05-20 17:08:02,L-P02_m-qwen2.5-coder-32b_sol1_gd1_rs0_bd1_str-exacting_t00_n1,229,1,1,Qwen/Qwen2.5-Coder-32B-Instruct,1,0,1,1,exacting,0.0,8.0,0.0
2026-05-20 17:08:09,L-P02_m-qwen2.5-coder-32b_sol1_gd1_rs0_bd1_str-exacting_t00_n1,229,2,1,Qwen/Qwen2.5-Coder-32B-Instruct,1,0,1,1,exacting,0.0,8.0,0.0
2026-05-20 17:08:14,L-P02_m-qwen2.5-coder-32b_sol1_gd1_rs0_bd1_str-exacting_t00_n1,229,3,1,Qwen/Qwen2.5-Coder-32B-Instruct,1,0,1,1,exacting,0.0,8.0,0.0
2026-05-20 17:08:18,L-P02_m-qwen2.5-coder-32b_sol1_gd1_rs0_bd1_str-exacting_t00_n1,229,4,1,Qwen/Qwen2.5-Coder-32B-Instruct,1,0,1,1,exacting,0.0,0.0,0.0
2026-05-20 17:08:27,L-P02_m-qwen2.5-coder-32b_sol1_gd1_rs0_bd1_str-exacting_t00_n1,230,1,1,Qwen/Qwen2.5-Coder-32B-Instruct,1,0,1,1,exacting,0.0,6.0,0.0
2026-05-20 17:08:34,L-P02_m-qwen2.5-coder-32b_sol1_gd1_rs0_bd1_str-exacting_t00_n1,230,2,1,Qwen/Qwen2.5-Coder-32B-Instruct,1,0,1,1,exacting,0.0,5.0,0.0
2026-05-20 17:08:43,L-P02_m-qwen2.5-coder-32b_sol1_gd1_rs0_bd1_str-exacting_t00_n1,230,3,1,Qwen/Qwen2.5-Coder-32B-Instruct,1,0,1,1,exacting,0.0,7.0,0.0
2026-05-20 17:08:45,L-P02_m-qwen2.5-coder-32b_sol1_gd1_rs0_bd1_str-exacting_t00_n1,230,4,1,Qwen/Qwen2.5-Coder-32B-Instruct,1,0,1,1,exacting,0.0,0.0,0.0
2026-05-20 17:08:53,L-P02_m-qwen2.5-coder-32b_sol1_gd1_rs0_bd1_str-exacting_t00_n1,231,1,1,Qwen/Qwen2.5-Coder-32B-Instruct,1,0,1,1,exacting,0.0,7.0,0.0
2026-05-20 17:09:00,L-P02_m-qwen2.5-coder-32b_sol1_gd1_rs0_bd1_str-exacting_t00_n1,231,2,1,Qwen/Qwen2.5-Coder-32B-Instruct,1,0,1,1,exacting,0.0,5.0,0.0
2026-05-20 17:09:06,L-P02_m-qwen2.5-coder-32b_sol1_gd1_rs0_bd1_str-exacting_t00_n1,231,3,1,Qwen/Qwen2.5-Coder-32B-Instruct,1,0,1,1,exacting,0.0,4.0,0.0
2026-05-20 17:09:14,L-P02_m-qwen2.5-coder-32b_sol1_gd1_rs0_bd1_str-exacting_t00_n1,232,1,1,Qwen/Qwen2.5-Coder-32B-Instruct,1,0,1,1,exacting,0.0,5.0,0.0
2026-05-20 17:09:22,L-P02_m-qwen2.5-coder-32b_sol1_gd1_rs0_bd1_str-exacting_t00_n1,232,2,1,Qwen/Qwen2.5-Coder-32B-Instruct,1,0,1,1,exacting,0.0,4.0,0.0
2026-05-20 17:09:28,L-P02_m-qwen2.5-coder-32b_sol1_gd1_rs0_bd1_str-exacting_t00_n1,232,3,1,Qwen/Qwen2.5-Coder-32B-Instruct,1,0,1,1,exacting,0.0,5.0,0.0
2026-05-20 17:09:36,L-P02_m-qwen2.5-coder-32b_sol1_gd1_rs0_bd1_str-exacting_t00_n1,233,1,1,Qwen/Qwen2.5-Coder-32B-Instruct,1,0,1,1,exacting,0.0,5.0,0.0
2026-05-20 17:09:44,L-P02_m-qwen2.5-coder-32b_sol1_gd1_rs0_bd1_str-exacting_t00_n1,233,2,1,Qwen/Qwen2.5-Coder-32B-Instruct,1,0,1,1,exacting,0.0,7.0,0.0
2026-05-20 17:09:49,L-P02_m-qwen2.5-coder-32b_sol1_gd1_rs0_bd1_str-exacting_t00_n1,233,3,1,Qwen/Qwen2.5-Coder-32B-Instruct,1,0,1,1,exacting,0.0,3.0,0.0
2026-05-20 17:10:00,L-P02_m-qwen2.5-coder-32b_sol1_gd1_rs0_bd1_str-exacting_t00_n1,234,1,1,Qwen/Qwen2.5-Coder-32B-Instruct,1,0,1,1,exacting,0.0,4.0,0.0
2026-05-20 17:10:07,L-P02_m-qwen2.5-coder-32b_sol1_gd1_rs0_bd1_str-exacting_t00_n1,234,2,1,Qwen/Qwen2.5-Coder-32B-Instruct,1,0,1,1,exacting,0.0,6.0,0.0
2026-05-20 17:10:19,L-P02_m-qwen2.5-coder-32b_sol1_gd1_rs0_bd1_str-exacting_t00_n1,234,3,1,Qwen/Qwen2.5-Coder-32B-Instruct,1,0,1,1,exacting,0.0,2.0,0.0
2026-05-20 17:10:27,L-P02_m-qwen2.5-coder-32b_sol1_gd1_rs0_bd1_str-exacting_t00_n1,235,1,1,Qwen/Qwen2.5-Coder-32B-Instruct,1,0,1,1,exacting,0.0,8.0,0.0
2026-05-20 17:10:34,L-P02_m-qwen2.5-coder-32b_sol1_gd1_rs0_bd1_str-exacting_t00_n1,235,2,1,Qwen/Qwen2.5-Coder-32B-Instruct,1,0,1,1,exacting,0.0,7.0,0.0
2026-05-20 17:10:43,L-P02_m-qwen2.5-coder-32b_sol1_gd1_rs0_bd1_str-exacting_t00_n1,235,3,1,Qwen/Qwen2.5-Coder-32B-Instruct,1,0,1,1,exacting,0.0,3.0,0.0
2026-05-20 17:10:50,L-P02_m-qwen2.5-coder-32b_sol1_gd1_rs0_bd1_str-exacting_t00_n1,236,1,1,Qwen/Qwen2.5-Coder-32B-Instruct,1,0,1,1,exacting,0.0,8.0,0.0
2026-05-20 17:10:55,L-P02_m-qwen2.5-coder-32b_sol1_gd1_rs0_bd1_str-exacting_t00_n1,236,2,1,Qwen/Qwen2.5-Coder-32B-Instruct,1,0,1,1,exacting,0.0,0.0,0.0
2026-05-20 17:11:03,L-P02_m-qwen2.5-coder-32b_sol1_gd1_rs0_bd1_str-exacting_t00_n1,236,3,1,Qwen/Qwen2.5-Coder-32B-Instruct,1,0,1,1,exacting,0.0,8.0,0.0
2026-05-20 17:11:06,L-P02_m-qwen2.5-coder-32b_sol1_gd1_rs0_bd1_str-exacting_t00_n1,236,4,1,Qwen/Qwen2.5-Coder-32B-Instruct,1,0,1,1,exacting,0.0,5.0,0.0
2026-05-20 17:11:14,L-P02_m-qwen2.5-coder-32b_sol1_gd1_rs0_bd1_str-exacting_t00_n1,237,1,1,Qwen/Qwen2.5-Coder-32B-Instruct,1,0,1,1,exacting,0.0,7.0,0.0
2026-05-20 17:11:22,L-P02_m-qwen2.5-coder-32b_sol1_gd1_rs0_bd1_str-exacting_t00_n1,237,2,1,Qwen/Qwen2.5-Coder-32B-Instruct,1,0,1,1,exacting,0.0,8.0,0.0
2026-05-20 17:11:30,L-P02_m-qwen2.5-coder-32b_sol1_gd1_rs0_bd1_str-exacting_t00_n1,237,3,1,Qwen/Qwen2.5-Coder-32B-Instruct,1,0,1,1,exacting,0.0,8.0,0.0
2026-05-20 17:11:38,L-P02_m-qwen2.5-coder-32b_sol1_gd1_rs0_bd1_str-exacting_t00_n1,238,1,1,Qwen/Qwen2.5-Coder-32B-Instruct,1,0,1,1,exacting,0.0,7.5,0.0
2026-05-20 17:11:44,L-P02_m-qwen2.5-coder-32b_sol1_gd1_rs0_bd1_str-exacting_t00_n1,238,2,1,Qwen/Qwen2.5-Coder-32B-Instruct,1,0,1,1,exacting,0.0,5.0,0.0
2026-05-20 17:11:50,L-P02_m-qwen2.5-coder-32b_sol1_gd1_rs0_bd1_str-exacting_t00_n1,238,3,1,Qwen/Qwen2.5-Coder-32B-Instruct,1,0,1,1,exacting,0.0,4.0,0.0
2026-05-20 17:11:59,L-P02_m-qwen2.5-coder-32b_sol1_gd1_rs0_bd1_str-exacting_t00_n1,239,1,1,Qwen/Qwen2.5-Coder-32B-Instruct,1,0,1,1,exacting,0.0,6.0,0.0
2026-05-20 17:12:07,L-P02_m-qwen2.5-coder-32b_sol1_gd1_rs0_bd1_str-exacting_t00_n1,239,2,1,Qwen/Qwen2.5-Coder-32B-Instruct,1,0,1,1,exacting,0.0,6.0,0.0
2026-05-20 17:12:12,L-P02_m-qwen2.5-coder-32b_sol1_gd1_rs0_bd1_str-exacting_t00_n1,239,3,1,Qwen/Qwen2.5-Coder-32B-Instruct,1,0,1,1,exacting,0.0,4.0,0.0
2026-05-20 17:12:16,L-P02_m-qwen2.5-coder-32b_sol1_gd1_rs0_bd1_str-exacting_t00_n1,239,4,1,Qwen/Qwen2.5-Coder-32B-Instruct,1,0,1,1,exacting,0.0,0.0,0.0
2026-05-20 17:12:28,L-P02_m-qwen2.5-coder-32b_sol1_gd1_rs0_bd1_str-exacting_t00_n1,240,1,1,Qwen/Qwen2.5-Coder-32B-Instruct,1,0,1,1,exacting,0.0,3.0,0.0
2026-05-20 17:12:35,L-P02_m-qwen2.5-coder-32b_sol1_gd1_rs0_bd1_str-exacting_t00_n1,240,2,1,Qwen/Qwen2.5-Coder-32B-Instruct,1,0,1,1,exacting,0.0,7.0,0.0
2026-05-20 17:12:43,L-P02_m-qwen2.5-coder-32b_sol1_gd1_rs0_bd1_str-exacting_t00_n1,240,3,1,Qwen/Qwen2.5-Coder-32B-Instruct,1,0,1,1,exacting,0.0,7.0,0.0
2026-05-20 17:12:46,L-P02_m-qwen2.5-coder-32b_sol1_gd1_rs0_bd1_str-exacting_t00_n1,240,4,1,Qwen/Qwen2.5-Coder-32B-Instruct,1,0,1,1,exacting,0.0,0.0,0.0
2026-05-20 17:12:54,L-P02_m-qwen2.5-coder-32b_sol1_gd1_rs0_bd1_str-exacting_t00_n1,241,1,1,Qwen/Qwen2.5-Coder-32B-Instruct,1,0,1,1,exacting,0.0,3.0,0.0
2026-05-20 17:13:01,L-P02_m-qwen2.5-coder-32b_sol1_gd1_rs0_bd1_str-exacting_t00_n1,241,2,1,Qwen/Qwen2.5-Coder-32B-Instruct,1,0,1,1,exacting,0.0,5.0,0.0
2026-05-20 17:13:07,L-P02_m-qwen2.5-coder-32b_sol1_gd1_rs0_bd1_str-exacting_t00_n1,241,3,1,Qwen/Qwen2.5-Coder-32B-Instruct,1,0,1,1,exacting,0.0,2.0,0.0
2026-05-20 17:13:16,L-P02_m-qwen2.5-coder-32b_sol1_gd1_rs0_bd1_str-exacting_t00_n1,242,1,1,Qwen/Qwen2.5-Coder-32B-Instruct,1,0,1,1,exacting,0.0,7.0,0.0
2026-05-20 17:13:24,L-P02_m-qwen2.5-coder-32b_sol1_gd1_rs0_bd1_str-exacting_t00_n1,242,2,1,Qwen/Qwen2.5-Coder-32B-Instruct,1,0,1,1,exacting,0.0,6.0,0.0
2026-05-20 17:13:29,L-P02_m-qwen2.5-coder-32b_sol1_gd1_rs0_bd1_str-exacting_t00_n1,242,3,1,Qwen/Qwen2.5-Coder-32B-Instruct,1,0,1,1,exacting,0.0,8.0,0.0
2026-05-20 17:13:33,L-P02_m-qwen2.5-coder-32b_sol1_gd1_rs0_bd1_str-exacting_t00_n1,242,4,1,Qwen/Qwen2.5-Coder-32B-Instruct,1,0,1,1,exacting,0.0,0.0,0.0
2026-05-20 17:13:41,L-P02_m-qwen2.5-coder-32b_sol1_gd1_rs0_bd1_str-exacting_t00_n1,243,1,1,Qwen/Qwen2.5-Coder-32B-Instruct,1,0,1,1,exacting,0.0,5.0,0.0
2026-05-20 17:13:51,L-P02_m-qwen2.5-coder-32b_sol1_gd1_rs0_bd1_str-exacting_t00_n1,243,2,1,Qwen/Qwen2.5-Coder-32B-Instruct,1,0,1,1,exacting,0.0,3.0,0.0
2026-05-20 17:13:57,L-P02_m-qwen2.5-coder-32b_sol1_gd1_rs0_bd1_str-exacting_t00_n1,243,3,1,Qwen/Qwen2.5-Coder-32B-Instruct,1,0,1,1,exacting,0.0,5.0,0.0
2026-05-20 17:14:09,L-P02_m-qwen2.5-coder-32b_sol1_gd1_rs0_bd1_str-exacting_t00_n1,244,1,1,Qwen/Qwen2.5-Coder-32B-Instruct,1,0,1,1,exacting,0.0,2.0,0.0
2026-05-20 17:14:19,L-P02_m-qwen2.5-coder-32b_sol1_gd1_rs0_bd1_str-exacting_t00_n1,244,2,1,Qwen/Qwen2.5-Coder-32B-Instruct,1,0,1,1,exacting,0.0,1.5,0.0
2026-05-20 17:14:24,L-P02_m-qwen2.5-coder-32b_sol1_gd1_rs0_bd1_str-exacting_t00_n1,244,3,1,Qwen/Qwen2.5-Coder-32B-Instruct,1,0,1,1,exacting,0.0,0.0,0.0
2026-05-20 17:14:32,L-P02_m-qwen2.5-coder-32b_sol1_gd1_rs0_bd1_str-exacting_t00_n1,245,1,1,Qwen/Qwen2.5-Coder-32B-Instruct,1,0,1,1,exacting,0.0,4.0,0.0
2026-05-20 17:14:39,L-P02_m-qwen2.5-coder-32b_sol1_gd1_rs0_bd1_str-exacting_t00_n1,245,2,1,Qwen/Qwen2.5-Coder-32B-Instruct,1,0,1,1,exacting,0.0,7.0,0.0
2026-05-20 17:14:47,L-P02_m-qwen2.5-coder-32b_sol1_gd1_rs0_bd1_str-exacting_t00_n1,245,3,1,Qwen/Qwen2.5-Coder-32B-Instruct,1,0,1,1,exacting,0.0,3.0,0.0
2026-05-20 17:14:55,L-P02_m-qwen2.5-coder-32b_sol1_gd1_rs0_bd1_str-exacting_t00_n1,246,1,1,Qwen/Qwen2.5-Coder-32B-Instruct,1,0,1,1,exacting,0.0,7.0,0.0
2026-05-20 17:15:03,L-P02_m-qwen2.5-coder-32b_sol1_gd1_rs0_bd1_str-exacting_t00_n1,246,2,1,Qwen/Qwen2.5-Coder-32B-Instruct,1,0,1,1,exacting,0.0,6.0,0.0
2026-05-20 17:15:09,L-P02_m-qwen2.5-coder-32b_sol1_gd1_rs0_bd1_str-exacting_t00_n1,246,3,1,Qwen/Qwen2.5-Coder-32B-Instruct,1,0,1,1,exacting,0.0,4.0,0.0
2026-05-20 17:15:16,L-P02_m-qwen2.5-coder-32b_sol1_gd1_rs0_bd1_str-exacting_t00_n1,247,1,1,Qwen/Qwen2.5-Coder-32B-Instruct,1,0,1,1,exacting,0.0,5.0,0.0
2026-05-20 17:15:23,L-P02_m-qwen2.5-coder-32b_sol1_gd1_rs0_bd1_str-exacting_t00_n1,247,2,1,Qwen/Qwen2.5-Coder-32B-Instruct,1,0,1,1,exacting,0.0,6.0,0.0
2026-05-20 17:15:29,L-P02_m-qwen2.5-coder-32b_sol1_gd1_rs0_bd1_str-exacting_t00_n1,247,3,1,Qwen/Qwen2.5-Coder-32B-Instruct,1,0,1,1,exacting,0.0,4.0,0.0
2026-05-20 17:15:37,L-P02_m-qwen2.5-coder-32b_sol1_gd1_rs0_bd1_str-exacting_t00_n1,248,1,1,Qwen/Qwen2.5-Coder-32B-Instruct,1,0,1,1,exacting,0.0,6.0,0.0
2026-05-20 17:15:47,L-P02_m-qwen2.5-coder-32b_sol1_gd1_rs0_bd1_str-exacting_t00_n1,248,2,1,Qwen/Qwen2.5-Coder-32B-Instruct,1,0,1,1,exacting,0.0,5.0,0.0
2026-05-20 17:15:56,L-P02_m-qwen2.5-coder-32b_sol1_gd1_rs0_bd1_str-exacting_t00_n1,248,3,1,Qwen/Qwen2.5-Coder-32B-Instruct,1,0,1,1,exacting,0.0,0.5,0.0
2026-05-20 17:16:08,L-P02_m-qwen2.5-coder-32b_sol1_gd1_rs0_bd1_str-exacting_t00_n1,249,1,1,Qwen/Qwen2.5-Coder-32B-Instruct,1,0,1,1,exacting,0.0,0.0,0.0
2026-05-20 17:16:14,L-P02_m-qwen2.5-coder-32b_sol1_gd1_rs0_bd1_str-exacting_t00_n1,249,2,1,Qwen/Qwen2.5-Coder-32B-Instruct,1,0,1,1,exacting,0.0,6.0,0.0
2026-05-20 17:16:19,L-P02_m-qwen2.5-coder-32b_sol1_gd1_rs0_bd1_str-exacting_t00_n1,249,3,1,Qwen/Qwen2.5-Coder-32B-Instruct,1,0,1,1,exacting,0.0,4.0,0.0
2026-05-20 17:16:28,L-P02_m-qwen2.5-coder-32b_sol1_gd1_rs0_bd1_str-exacting_t00_n1,250,1,1,Qwen/Qwen2.5-Coder-32B-Instruct,1,0,1,1,exacting,0.0,7.0,0.0
2026-05-20 17:16:35,L-P02_m-qwen2.5-coder-32b_sol1_gd1_rs0_bd1_str-exacting_t00_n1,250,2,1,Qwen/Qwen2.5-Coder-32B-Instruct,1,0,1,1,exacting,0.0,6.0,0.0
2026-05-20 17:16:40,L-P02_m-qwen2.5-coder-32b_sol1_gd1_rs0_bd1_str-exacting_t00_n1,250,3,1,Qwen/Qwen2.5-Coder-32B-Instruct,1,0,1,1,exacting,0.0,0.0,0.0
2026-05-20 17:16:43,L-P02_m-qwen2.5-coder-32b_sol1_gd1_rs0_bd1_str-exacting_t00_n1,250,4,1,Qwen/Qwen2.5-Coder-32B-Instruct,1,0,1,1,exacting,0.0,0.0,0.0
2026-05-20 17:16:50,L-P02_m-qwen2.5-coder-32b_sol1_gd1_rs0_bd1_str-exacting_t00_n1,251,1,1,Qwen/Qwen2.5-Coder-32B-Instruct,1,0,1,1,exacting,0.0,2.5,0.0
2026-05-20 17:16:58,L-P02_m-qwen2.5-coder-32b_sol1_gd1_rs0_bd1_str-exacting_t00_n1,251,2,1,Qwen/Qwen2.5-Coder-32B-Instruct,1,0,1,1,exacting,0.0,5.0,0.0
2026-05-20 17:17:07,L-P02_m-qwen2.5-coder-32b_sol1_gd1_rs0_bd1_str-exacting_t00_n1,251,3,1,Qwen/Qwen2.5-Coder-32B-Instruct,1,0,1,1,exacting,0.0,3.0,0.0
2026-05-20 17:17:16,L-P02_m-qwen2.5-coder-32b_sol1_gd1_rs0_bd1_str-exacting_t00_n1,252,1,1,Qwen/Qwen2.5-Coder-32B-Instruct,1,0,1,1,exacting,0.0,6.0,0.0
2026-05-20 17:17:23,L-P02_m-qwen2.5-coder-32b_sol1_gd1_rs0_bd1_str-exacting_t00_n1,252,2,1,Qwen/Qwen2.5-Coder-32B-Instruct,1,0,1,1,exacting,0.0,5.0,0.0
2026-05-20 17:17:30,L-P02_m-qwen2.5-coder-32b_sol1_gd1_rs0_bd1_str-exacting_t00_n1,252,3,1,Qwen/Qwen2.5-Coder-32B-Instruct,1,0,1,1,exacting,0.0,8.0,0.0
2026-05-20 17:17:42,L-P02_m-qwen2.5-coder-32b_sol1_gd1_rs0_bd1_str-exacting_t00_n1,253,1,1,Qwen/Qwen2.5-Coder-32B-Instruct,1,0,1,1,exacting,0.0,4.0,0.0
2026-05-20 17:17:50,L-P02_m-qwen2.5-coder-32b_sol1_gd1_rs0_bd1_str-exacting_t00_n1,253,2,1,Qwen/Qwen2.5-Coder-32B-Instruct,1,0,1,1,exacting,0.0,4.0,0.0
2026-05-20 17:17:56,L-P02_m-qwen2.5-coder-32b_sol1_gd1_rs0_bd1_str-exacting_t00_n1,253,3,1,Qwen/Qwen2.5-Coder-32B-Instruct,1,0,1,1,exacting,0.0,5.0,0.0
2026-05-20 17:18:04,L-P02_m-qwen2.5-coder-32b_sol1_gd1_rs0_bd1_str-exacting_t00_n1,254,1,1,Qwen/Qwen2.5-Coder-32B-Instruct,1,0,1,1,exacting,0.0,2.0,0.0
2026-05-20 17:18:12,L-P02_m-qwen2.5-coder-32b_sol1_gd1_rs0_bd1_str-exacting_t00_n1,254,2,1,Qwen/Qwen2.5-Coder-32B-Instruct,1,0,1,1,exacting,0.0,0.0,0.0
2026-05-20 17:18:17,L-P02_m-qwen2.5-coder-32b_sol1_gd1_rs0_bd1_str-exacting_t00_n1,254,3,1,Qwen/Qwen2.5-Coder-32B-Instruct,1,0,1,1,exacting,0.0,0.0,0.0
2026-05-20 17:18:20,L-P02_m-qwen2.5-coder-32b_sol1_gd1_rs0_bd1_str-exacting_t00_n1,254,4,1,Qwen/Qwen2.5-Coder-32B-Instruct,1,0,1,1,exacting,0.0,0.0,0.0
2026-05-20 17:18:28,L-P02_m-qwen2.5-coder-32b_sol1_gd1_rs0_bd1_str-exacting_t00_n1,255,1,1,Qwen/Qwen2.5-Coder-32B-Instruct,1,0,1,1,exacting,0.0,5.0,0.0
2026-05-20 17:18:34,L-P02_m-qwen2.5-coder-32b_sol1_gd1_rs0_bd1_str-exacting_t00_n1,255,2,1,Qwen/Qwen2.5-Coder-32B-Instruct,1,0,1,1,exacting,0.0,7.0,0.0
2026-05-20 17:18:42,L-P02_m-qwen2.5-coder-32b_sol1_gd1_rs0_bd1_str-exacting_t00_n1,255,3,1,Qwen/Qwen2.5-Coder-32B-Instruct,1,0,1,1,exacting,0.0,7.0,0.0
2026-05-20 17:18:50,L-P02_m-qwen2.5-coder-32b_sol1_gd1_rs0_bd1_str-exacting_t00_n1,256,1,1,Qwen/Qwen2.5-Coder-32B-Instruct,1,0,1,1,exacting,0.0,8.5,0.0
2026-05-20 17:18:57,L-P02_m-qwen2.5-coder-32b_sol1_gd1_rs0_bd1_str-exacting_t00_n1,256,2,1,Qwen/Qwen2.5-Coder-32B-Instruct,1,0,1,1,exacting,0.0,7.0,0.0
2026-05-20 17:19:03,L-P02_m-qwen2.5-coder-32b_sol1_gd1_rs0_bd1_str-exacting_t00_n1,256,3,1,Qwen/Qwen2.5-Coder-32B-Instruct,1,0,1,1,exacting,0.0,8.0,0.0
2026-05-20 17:19:06,L-P02_m-qwen2.5-coder-32b_sol1_gd1_rs0_bd1_str-exacting_t00_n1,256,4,1,Qwen/Qwen2.5-Coder-32B-Instruct,1,0,1,1,exacting,0.0,5.0,0.0
2026-05-20 17:19:14,L-P02_m-qwen2.5-coder-32b_sol1_gd1_rs0_bd1_str-exacting_t00_n1,257,1,1,Qwen/Qwen2.5-Coder-32B-Instruct,1,0,1,1,exacting,0.0,7.0,0.0
2026-05-20 17:19:21,L-P02_m-qwen2.5-coder-32b_sol1_gd1_rs0_bd1_str-exacting_t00_n1,257,2,1,Qwen/Qwen2.5-Coder-32B-Instruct,1,0,1,1,exacting,0.0,3.0,0.0
2026-05-20 17:19:30,L-P02_m-qwen2.5-coder-32b_sol1_gd1_rs0_bd1_str-exacting_t00_n1,257,3,1,Qwen/Qwen2.5-Coder-32B-Instruct,1,0,1,1,exacting,0.0,2.0,0.0
2026-05-20 17:19:38,L-P02_m-qwen2.5-coder-32b_sol1_gd1_rs0_bd1_str-exacting_t00_n1,258,1,1,Qwen/Qwen2.5-Coder-32B-Instruct,1,0,1,1,exacting,0.0,7.0,0.0
2026-05-20 17:19:51,L-P02_m-qwen2.5-coder-32b_sol1_gd1_rs0_bd1_str-exacting_t00_n1,258,2,1,Qwen/Qwen2.5-Coder-32B-Instruct,1,0,1,1,exacting,0.0,3.0,0.0
2026-05-20 17:19:57,L-P02_m-qwen2.5-coder-32b_sol1_gd1_rs0_bd1_str-exacting_t00_n1,258,3,1,Qwen/Qwen2.5-Coder-32B-Instruct,1,0,1,1,exacting,0.0,8.0,0.0
2026-05-20 17:19:59,L-P02_m-qwen2.5-coder-32b_sol1_gd1_rs0_bd1_str-exacting_t00_n1,258,4,1,Qwen/Qwen2.5-Coder-32B-Instruct,1,0,1,1,exacting,0.0,0.0,0.0
2026-05-20 17:20:08,L-P02_m-qwen2.5-coder-32b_sol1_gd1_rs0_bd1_str-exacting_t00_n1,259,1,1,Qwen/Qwen2.5-Coder-32B-Instruct,1,0,1,1,exacting,0.0,5.5,0.0
2026-05-20 17:20:16,L-P02_m-qwen2.5-coder-32b_sol1_gd1_rs0_bd1_str-exacting_t00_n1,259,2,1,Qwen/Qwen2.5-Coder-32B-Instruct,1,0,1,1,exacting,0.0,5.0,0.0
2026-05-20 17:20:25,L-P02_m-qwen2.5-coder-32b_sol1_gd1_rs0_bd1_str-exacting_t00_n1,259,3,1,Qwen/Qwen2.5-Coder-32B-Instruct,1,0,1,1,exacting,0.0,3.0,0.0
2026-05-20 17:20:29,L-P02_m-qwen2.5-coder-32b_sol1_gd1_rs0_bd1_str-exacting_t00_n1,259,4,1,Qwen/Qwen2.5-Coder-32B-Instruct,1,0,1,1,exacting,0.0,0.0,0.0
2026-05-20 17:20:37,L-P02_m-qwen2.5-coder-32b_sol1_gd1_rs0_bd1_str-exacting_t00_n1,260,1,1,Qwen/Qwen2.5-Coder-32B-Instruct,1,0,1,1,exacting,0.0,2.0,0.0
2026-05-20 17:20:48,L-P02_m-qwen2.5-coder-32b_sol1_gd1_rs0_bd1_str-exacting_t00_n1,260,2,1,Qwen/Qwen2.5-Coder-32B-Instruct,1,0,1,1,exacting,0.0,5.0,0.0
2026-05-20 17:20:58,L-P02_m-qwen2.5-coder-32b_sol1_gd1_rs0_bd1_str-exacting_t00_n1,260,3,1,Qwen/Qwen2.5-Coder-32B-Instruct,1,0,1,1,exacting,0.0,3.0,0.0
2026-05-20 17:21:02,L-P02_m-qwen2.5-coder-32b_sol1_gd1_rs0_bd1_str-exacting_t00_n1,260,4,1,Qwen/Qwen2.5-Coder-32B-Instruct,1,0,1,1,exacting,0.0,0.0,0.0
2026-05-20 17:21:10,L-P02_m-qwen2.5-coder-32b_sol1_gd1_rs0_bd1_str-exacting_t00_n1,261,1,1,Qwen/Qwen2.5-Coder-32B-Instruct,1,0,1,1,exacting,0.0,5.0,0.0
2026-05-20 17:21:17,L-P02_m-qwen2.5-coder-32b_sol1_gd1_rs0_bd1_str-exacting_t00_n1,261,2,1,Qwen/Qwen2.5-Coder-32B-Instruct,1,0,1,1,exacting,0.0,5.0,0.0
2026-05-20 17:21:23,L-P02_m-qwen2.5-coder-32b_sol1_gd1_rs0_bd1_str-exacting_t00_n1,261,3,1,Qwen/Qwen2.5-Coder-32B-Instruct,1,0,1,1,exacting,0.0,4.0,0.0
2026-05-20 17:21:31,L-P02_m-qwen2.5-coder-32b_sol1_gd1_rs0_bd1_str-exacting_t00_n1,262,1,1,Qwen/Qwen2.5-Coder-32B-Instruct,1,0,1,1,exacting,0.0,8.0,0.0
2026-05-20 17:21:38,L-P02_m-qwen2.5-coder-32b_sol1_gd1_rs0_bd1_str-exacting_t00_n1,262,2,1,Qwen/Qwen2.5-Coder-32B-Instruct,1,0,1,1,exacting,0.0,8.0,0.0
2026-05-20 17:21:44,L-P02_m-qwen2.5-coder-32b_sol1_gd1_rs0_bd1_str-exacting_t00_n1,262,3,1,Qwen/Qwen2.5-Coder-32B-Instruct,1,0,1,1,exacting,0.0,6.0,0.0
2026-05-20 17:21:47,L-P02_m-qwen2.5-coder-32b_sol1_gd1_rs0_bd1_str-exacting_t00_n1,262,4,1,Qwen/Qwen2.5-Coder-32B-Instruct,1,0,1,1,exacting,0.0,5.0,0.0
2026-05-20 17:21:56,L-P02_m-qwen2.5-coder-32b_sol1_gd1_rs0_bd1_str-exacting_t00_n1,263,1,1,Qwen/Qwen2.5-Coder-32B-Instruct,1,0,1,1,exacting,0.0,6.0,0.0
2026-05-20 17:22:03,L-P02_m-qwen2.5-coder-32b_sol1_gd1_rs0_bd1_str-exacting_t00_n1,263,2,1,Qwen/Qwen2.5-Coder-32B-Instruct,1,0,1,1,exacting,0.0,5.0,0.0
2026-05-20 17:22:12,L-P02_m-qwen2.5-coder-32b_sol1_gd1_rs0_bd1_str-exacting_t00_n1,263,3,1,Qwen/Qwen2.5-Coder-32B-Instruct,1,0,1,1,exacting,0.0,3.0,0.0
2026-05-20 17:22:14,L-P02_m-qwen2.5-coder-32b_sol1_gd1_rs0_bd1_str-exacting_t00_n1,263,4,1,Qwen/Qwen2.5-Coder-32B-Instruct,1,0,1,1,exacting,0.0,0.0,0.0
2026-05-20 17:22:23,L-P02_m-qwen2.5-coder-32b_sol1_gd1_rs0_bd1_str-exacting_t00_n1,264,1,1,Qwen/Qwen2.5-Coder-32B-Instruct,1,0,1,1,exacting,0.0,4.0,0.0
2026-05-20 17:22:30,L-P02_m-qwen2.5-coder-32b_sol1_gd1_rs0_bd1_str-exacting_t00_n1,264,2,1,Qwen/Qwen2.5-Coder-32B-Instruct,1,0,1,1,exacting,0.0,7.0,0.0
2026-05-20 17:22:38,L-P02_m-qwen2.5-coder-32b_sol1_gd1_rs0_bd1_str-exacting_t00_n1,264,3,1,Qwen/Qwen2.5-Coder-32B-Instruct,1,0,1,1,exacting,0.0,7.0,0.0
2026-05-20 17:22:46,L-P02_m-qwen2.5-coder-32b_sol1_gd1_rs0_bd1_str-exacting_t00_n1,265,1,1,Qwen/Qwen2.5-Coder-32B-Instruct,1,0,1,1,exacting,0.0,5.0,0.0
2026-05-20 17:22:54,L-P02_m-qwen2.5-coder-32b_sol1_gd1_rs0_bd1_str-exacting_t00_n1,265,2,1,Qwen/Qwen2.5-Coder-32B-Instruct,1,0,1,1,exacting,0.0,7.0,0.0
2026-05-20 17:23:02,L-P02_m-qwen2.5-coder-32b_sol1_gd1_rs0_bd1_str-exacting_t00_n1,265,3,1,Qwen/Qwen2.5-Coder-32B-Instruct,1,0,1,1,exacting,0.0,8.0,0.0
2026-05-20 17:23:10,L-P02_m-qwen2.5-coder-32b_sol1_gd1_rs0_bd1_str-exacting_t00_n1,266,1,1,Qwen/Qwen2.5-Coder-32B-Instruct,1,0,1,1,exacting,0.0,2.5,0.0
2026-05-20 17:23:21,L-P02_m-qwen2.5-coder-32b_sol1_gd1_rs0_bd1_str-exacting_t00_n1,267,1,1,Qwen/Qwen2.5-Coder-32B-Instruct,1,0,1,1,exacting,0.0,7.0,0.0
2026-05-20 17:23:31,L-P02_m-qwen2.5-coder-32b_sol1_gd1_rs0_bd1_str-exacting_t00_n1,267,2,1,Qwen/Qwen2.5-Coder-32B-Instruct,1,0,1,1,exacting,0.0,5.0,0.0
2026-05-20 17:23:38,L-P02_m-qwen2.5-coder-32b_sol1_gd1_rs0_bd1_str-exacting_t00_n1,267,3,1,Qwen/Qwen2.5-Coder-32B-Instruct,1,0,1,1,exacting,0.0,8.0,0.0
2026-05-20 17:23:47,L-P02_m-qwen2.5-coder-32b_sol1_gd1_rs0_bd1_str-exacting_t00_n1,268,1,1,Qwen/Qwen2.5-Coder-32B-Instruct,1,0,1,1,exacting,0.0,4.0,0.0
2026-05-20 17:23:56,L-P02_m-qwen2.5-coder-32b_sol1_gd1_rs0_bd1_str-exacting_t00_n1,268,2,1,Qwen/Qwen2.5-Coder-32B-Instruct,1,0,1,1,exacting,0.0,0.0,0.0
2026-05-20 17:24:02,L-P02_m-qwen2.5-coder-32b_sol1_gd1_rs0_bd1_str-exacting_t00_n1,268,3,1,Qwen/Qwen2.5-Coder-32B-Instruct,1,0,1,1,exacting,0.0,7.0,0.0
2026-05-20 17:24:11,L-P02_m-qwen2.5-coder-32b_sol1_gd1_rs0_bd1_str-exacting_t00_n1,269,1,1,Qwen/Qwen2.5-Coder-32B-Instruct,1,0,1,1,exacting,0.0,7.0,0.0
2026-05-20 17:24:19,L-P02_m-qwen2.5-coder-32b_sol1_gd1_rs0_bd1_str-exacting_t00_n1,269,2,1,Qwen/Qwen2.5-Coder-32B-Instruct,1,0,1,1,exacting,0.0,7.0,0.0
2026-05-20 17:24:25,L-P02_m-qwen2.5-coder-32b_sol1_gd1_rs0_bd1_str-exacting_t00_n1,269,3,1,Qwen/Qwen2.5-Coder-32B-Instruct,1,0,1,1,exacting,0.0,5.0,0.0
2026-05-20 17:24:33,L-P02_m-qwen2.5-coder-32b_sol1_gd1_rs0_bd1_str-exacting_t00_n1,270,1,1,Qwen/Qwen2.5-Coder-32B-Instruct,1,0,1,1,exacting,0.0,10.5,4.0
2026-05-20 17:24:40,L-P02_m-qwen2.5-coder-32b_sol1_gd1_rs0_bd1_str-exacting_t00_n1,270,2,1,Qwen/Qwen2.5-Coder-32B-Instruct,1,0,1,1,exacting,0.0,8.5,1.0
2026-05-20 17:24:47,L-P02_m-qwen2.5-coder-32b_sol1_gd1_rs0_bd1_str-exacting_t00_n1,270,3,1,Qwen/Qwen2.5-Coder-32B-Instruct,1,0,1,1,exacting,0.0,8.0,0.0
2026-05-20 17:24:50,L-P02_m-qwen2.5-coder-32b_sol1_gd1_rs0_bd1_str-exacting_t00_n1,270,4,1,Qwen/Qwen2.5-Coder-32B-Instruct,1,0,1,1,exacting,0.0,5.0,0.0
2026-05-20 17:24:58,L-P02_m-qwen2.5-coder-32b_sol1_gd1_rs0_bd1_str-exacting_t00_n1,271,1,1,Qwen/Qwen2.5-Coder-32B-Instruct,1,0,1,1,exacting,0.0,10.5,4.0
2026-05-20 17:25:05,L-P02_m-qwen2.5-coder-32b_sol1_gd1_rs0_bd1_str-exacting_t00_n1,271,2,1,Qwen/Qwen2.5-Coder-32B-Instruct,1,0,1,1,exacting,0.0,8.0,0.0
2026-05-20 17:25:13,L-P02_m-qwen2.5-coder-32b_sol1_gd1_rs0_bd1_str-exacting_t00_n1,271,3,1,Qwen/Qwen2.5-Coder-32B-Instruct,1,0,1,1,exacting,0.0,7.0,0.0
2026-05-20 17:25:16,L-P02_m-qwen2.5-coder-32b_sol1_gd1_rs0_bd1_str-exacting_t00_n1,271,4,1,Qwen/Qwen2.5-Coder-32B-Instruct,1,0,1,1,exacting,0.0,0.0,0.0
2026-05-20 17:25:25,L-P02_m-qwen2.5-coder-32b_sol1_gd1_rs0_bd1_str-exacting_t00_n1,272,1,1,Qwen/Qwen2.5-Coder-32B-Instruct,1,0,1,1,exacting,0.0,2.5,0.0
2026-05-20 17:25:34,L-P02_m-qwen2.5-coder-32b_sol1_gd1_rs0_bd1_str-exacting_t00_n1,272,2,1,Qwen/Qwen2.5-Coder-32B-Instruct,1,0,1,1,exacting,0.0,3.0,0.0
2026-05-20 17:25:43,L-P02_m-qwen2.5-coder-32b_sol1_gd1_rs0_bd1_str-exacting_t00_n1,272,3,1,Qwen/Qwen2.5-Coder-32B-Instruct,1,0,1,1,exacting,0.0,4.0,0.0
2026-05-20 17:25:46,L-P02_m-qwen2.5-coder-32b_sol1_gd1_rs0_bd1_str-exacting_t00_n1,272,4,1,Qwen/Qwen2.5-Coder-32B-Instruct,1,0,1,1,exacting,0.0,0.0,0.0
2026-05-20 17:25:55,L-P02_m-qwen2.5-coder-32b_sol1_gd1_rs0_bd1_str-exacting_t00_n1,273,1,1,Qwen/Qwen2.5-Coder-32B-Instruct,1,0,1,1,exacting,0.0,4.0,0.0
2026-05-20 17:26:02,L-P02_m-qwen2.5-coder-32b_sol1_gd1_rs0_bd1_str-exacting_t00_n1,273,2,1,Qwen/Qwen2.5-Coder-32B-Instruct,1,0,1,1,exacting,0.0,2.5,0.0
2026-05-20 17:26:12,L-P02_m-qwen2.5-coder-32b_sol1_gd1_rs0_bd1_str-exacting_t00_n1,273,3,1,Qwen/Qwen2.5-Coder-32B-Instruct,1,0,1,1,exacting,0.0,2.0,0.0
2026-05-20 17:26:21,L-P02_m-qwen2.5-coder-32b_sol1_gd1_rs0_bd1_str-exacting_t00_n1,274,1,1,Qwen/Qwen2.5-Coder-32B-Instruct,1,0,1,1,exacting,0.0,8.0,0.0
2026-05-20 17:26:28,L-P02_m-qwen2.5-coder-32b_sol1_gd1_rs0_bd1_str-exacting_t00_n1,274,2,1,Qwen/Qwen2.5-Coder-32B-Instruct,1,0,1,1,exacting,0.0,7.0,0.0
2026-05-20 17:26:37,L-P02_m-qwen2.5-coder-32b_sol1_gd1_rs0_bd1_str-exacting_t00_n1,274,3,1,Qwen/Qwen2.5-Coder-32B-Instruct,1,0,1,1,exacting,0.0,2.0,0.0
2026-05-20 17:26:45,L-P02_m-qwen2.5-coder-32b_sol1_gd1_rs0_bd1_str-exacting_t00_n1,275,1,1,Qwen/Qwen2.5-Coder-32B-Instruct,1,0,1,1,exacting,0.0,7.0,0.0
2026-05-20 17:26:52,L-P02_m-qwen2.5-coder-32b_sol1_gd1_rs0_bd1_str-exacting_t00_n1,275,2,1,Qwen/Qwen2.5-Coder-32B-Instruct,1,0,1,1,exacting,0.0,6.0,0.0
2026-05-20 17:27:00,L-P02_m-qwen2.5-coder-32b_sol1_gd1_rs0_bd1_str-exacting_t00_n1,275,3,1,Qwen/Qwen2.5-Coder-32B-Instruct,1,0,1,1,exacting,0.0,3.0,0.0
2026-05-20 17:27:08,L-P02_m-qwen2.5-coder-32b_sol1_gd1_rs0_bd1_str-exacting_t00_n1,276,1,1,Qwen/Qwen2.5-Coder-32B-Instruct,1,0,1,1,exacting,0.0,7.0,0.0
2026-05-20 17:27:19,L-P02_m-qwen2.5-coder-32b_sol1_gd1_rs0_bd1_str-exacting_t00_n1,276,2,1,Qwen/Qwen2.5-Coder-32B-Instruct,1,0,1,1,exacting,0.0,5.0,0.0
2026-05-20 17:27:27,L-P02_m-qwen2.5-coder-32b_sol1_gd1_rs0_bd1_str-exacting_t00_n1,276,3,1,Qwen/Qwen2.5-Coder-32B-Instruct,1,0,1,1,exacting,0.0,8.0,0.0
2026-05-20 17:27:36,L-P02_m-qwen2.5-coder-32b_sol1_gd1_rs0_bd1_str-exacting_t00_n1,277,1,1,Qwen/Qwen2.5-Coder-32B-Instruct,1,0,1,1,exacting,0.0,3.0,0.0
2026-05-20 17:27:43,L-P02_m-qwen2.5-coder-32b_sol1_gd1_rs0_bd1_str-exacting_t00_n1,277,2,1,Qwen/Qwen2.5-Coder-32B-Instruct,1,0,1,1,exacting,0.0,5.0,0.0
2026-05-20 17:27:52,L-P02_m-qwen2.5-coder-32b_sol1_gd1_rs0_bd1_str-exacting_t00_n1,277,3,1,Qwen/Qwen2.5-Coder-32B-Instruct,1,0,1,1,exacting,0.0,3.0,0.0
2026-05-20 17:28:01,L-P02_m-qwen2.5-coder-32b_sol1_gd1_rs0_bd1_str-exacting_t00_n1,278,1,1,Qwen/Qwen2.5-Coder-32B-Instruct,1,0,1,1,exacting,0.0,5.0,0.0
2026-05-20 17:28:09,L-P02_m-qwen2.5-coder-32b_sol1_gd1_rs0_bd1_str-exacting_t00_n1,278,2,1,Qwen/Qwen2.5-Coder-32B-Instruct,1,0,1,1,exacting,0.0,4.0,0.0
2026-05-20 17:28:17,L-P02_m-qwen2.5-coder-32b_sol1_gd1_rs0_bd1_str-exacting_t00_n1,278,3,1,Qwen/Qwen2.5-Coder-32B-Instruct,1,0,1,1,exacting,0.0,7.0,0.0
2026-05-20 17:28:21,L-P02_m-qwen2.5-coder-32b_sol1_gd1_rs0_bd1_str-exacting_t00_n1,278,4,1,Qwen/Qwen2.5-Coder-32B-Instruct,1,0,1,1,exacting,0.0,0.0,0.0
2026-05-20 17:28:29,L-P02_m-qwen2.5-coder-32b_sol1_gd1_rs0_bd1_str-exacting_t00_n1,279,1,1,Qwen/Qwen2.5-Coder-32B-Instruct,1,0,1,1,exacting,0.0,4.0,0.0
2026-05-20 17:28:39,L-P02_m-qwen2.5-coder-32b_sol1_gd1_rs0_bd1_str-exacting_t00_n1,279,2,1,Qwen/Qwen2.5-Coder-32B-Instruct,1,0,1,1,exacting,0.0,0.0,0.0
2026-05-20 17:28:44,L-P02_m-qwen2.5-coder-32b_sol1_gd1_rs0_bd1_str-exacting_t00_n1,279,3,1,Qwen/Qwen2.5-Coder-32B-Instruct,1,0,1,1,exacting,0.0,5.0,0.0
2026-05-20 17:28:52,L-P02_m-qwen2.5-coder-32b_sol1_gd1_rs0_bd1_str-exacting_t00_n1,280,1,1,Qwen/Qwen2.5-Coder-32B-Instruct,1,0,1,1,exacting,0.0,2.0,0.0
2026-05-20 17:29:02,L-P02_m-qwen2.5-coder-32b_sol1_gd1_rs0_bd1_str-exacting_t00_n1,280,2,1,Qwen/Qwen2.5-Coder-32B-Instruct,1,0,1,1,exacting,0.0,6.0,0.0
2026-05-20 17:29:13,L-P02_m-qwen2.5-coder-32b_sol1_gd1_rs0_bd1_str-exacting_t00_n1,280,3,1,Qwen/Qwen2.5-Coder-32B-Instruct,1,0,1,1,exacting,0.0,3.0,0.0
2026-05-20 17:29:21,L-P02_m-qwen2.5-coder-32b_sol1_gd1_rs0_bd1_str-exacting_t00_n1,281,1,1,Qwen/Qwen2.5-Coder-32B-Instruct,1,0,1,1,exacting,0.0,8.5,0.0
2026-05-20 17:29:27,L-P02_m-qwen2.5-coder-32b_sol1_gd1_rs0_bd1_str-exacting_t00_n1,281,2,1,Qwen/Qwen2.5-Coder-32B-Instruct,1,0,1,1,exacting,0.0,8.0,0.0
2026-05-20 17:29:35,L-P02_m-qwen2.5-coder-32b_sol1_gd1_rs0_bd1_str-exacting_t00_n1,281,3,1,Qwen/Qwen2.5-Coder-32B-Instruct,1,0,1,1,exacting,0.0,7.0,0.0
2026-05-20 17:29:38,L-P02_m-qwen2.5-coder-32b_sol1_gd1_rs0_bd1_str-exacting_t00_n1,281,4,1,Qwen/Qwen2.5-Coder-32B-Instruct,1,0,1,1,exacting,0.0,5.0,0.0
2026-05-20 17:29:46,L-P02_m-qwen2.5-coder-32b_sol1_gd1_rs0_bd1_str-exacting_t00_n1,282,1,1,Qwen/Qwen2.5-Coder-32B-Instruct,1,0,1,1,exacting,0.0,6.0,0.0
2026-05-20 17:29:52,L-P02_m-qwen2.5-coder-32b_sol1_gd1_rs0_bd1_str-exacting_t00_n1,282,2,1,Qwen/Qwen2.5-Coder-32B-Instruct,1,0,1,1,exacting,0.0,2.0,0.0
2026-05-20 17:30:01,L-P02_m-qwen2.5-coder-32b_sol1_gd1_rs0_bd1_str-exacting_t00_n1,282,3,1,Qwen/Qwen2.5-Coder-32B-Instruct,1,0,1,1,exacting,0.0,2.0,0.0
2026-05-20 17:30:10,L-P02_m-qwen2.5-coder-32b_sol1_gd1_rs0_bd1_str-exacting_t00_n1,283,1,1,Qwen/Qwen2.5-Coder-32B-Instruct,1,0,1,1,exacting,0.0,5.0,0.0
2026-05-20 17:30:16,L-P02_m-qwen2.5-coder-32b_sol1_gd1_rs0_bd1_str-exacting_t00_n1,283,2,1,Qwen/Qwen2.5-Coder-32B-Instruct,1,0,1,1,exacting,0.0,7.0,0.0
2026-05-20 17:30:24,L-P02_m-qwen2.5-coder-32b_sol1_gd1_rs0_bd1_str-exacting_t00_n1,283,3,1,Qwen/Qwen2.5-Coder-32B-Instruct,1,0,1,1,exacting,0.0,2.0,0.0
2026-05-20 17:30:32,L-P02_m-qwen2.5-coder-32b_sol1_gd1_rs0_bd1_str-exacting_t00_n1,284,1,1,Qwen/Qwen2.5-Coder-32B-Instruct,1,0,1,1,exacting,0.0,7.0,0.0
2026-05-20 17:30:39,L-P02_m-qwen2.5-coder-32b_sol1_gd1_rs0_bd1_str-exacting_t00_n1,284,2,1,Qwen/Qwen2.5-Coder-32B-Instruct,1,0,1,1,exacting,0.0,7.0,0.0
2026-05-20 17:30:47,L-P02_m-qwen2.5-coder-32b_sol1_gd1_rs0_bd1_str-exacting_t00_n1,284,3,1,Qwen/Qwen2.5-Coder-32B-Instruct,1,0,1,1,exacting,0.0,8.0,0.0
2026-05-20 17:30:50,L-P02_m-qwen2.5-coder-32b_sol1_gd1_rs0_bd1_str-exacting_t00_n1,284,4,1,Qwen/Qwen2.5-Coder-32B-Instruct,1,0,1,1,exacting,0.0,0.0,0.0
2026-05-20 17:30:59,L-P02_m-qwen2.5-coder-32b_sol1_gd1_rs0_bd1_str-exacting_t00_n1,285,1,1,Qwen/Qwen2.5-Coder-32B-Instruct,1,0,1,1,exacting,0.0,5.0,0.0
2026-05-20 17:31:07,L-P02_m-qwen2.5-coder-32b_sol1_gd1_rs0_bd1_str-exacting_t00_n1,285,2,1,Qwen/Qwen2.5-Coder-32B-Instruct,1,0,1,1,exacting,0.0,7.0,0.0
2026-05-20 17:31:16,L-P02_m-qwen2.5-coder-32b_sol1_gd1_rs0_bd1_str-exacting_t00_n1,285,3,1,Qwen/Qwen2.5-Coder-32B-Instruct,1,0,1,1,exacting,0.0,4.0,0.0
2026-05-20 17:31:25,L-P02_m-qwen2.5-coder-32b_sol1_gd1_rs0_bd1_str-exacting_t00_n1,286,1,1,Qwen/Qwen2.5-Coder-32B-Instruct,1,0,1,1,exacting,0.0,5.0,0.0
2026-05-20 17:31:31,L-P02_m-qwen2.5-coder-32b_sol1_gd1_rs0_bd1_str-exacting_t00_n1,286,2,1,Qwen/Qwen2.5-Coder-32B-Instruct,1,0,1,1,exacting,0.0,6.0,0.0
2026-05-20 17:31:40,L-P02_m-qwen2.5-coder-32b_sol1_gd1_rs0_bd1_str-exacting_t00_n1,286,3,1,Qwen/Qwen2.5-Coder-32B-Instruct,1,0,1,1,exacting,0.0,3.0,0.0
2026-05-20 17:31:49,L-P02_m-qwen2.5-coder-32b_sol1_gd1_rs0_bd1_str-exacting_t00_n1,287,1,1,Qwen/Qwen2.5-Coder-32B-Instruct,1,0,1,1,exacting,0.0,4.0,0.0
2026-05-20 17:31:57,L-P02_m-qwen2.5-coder-32b_sol1_gd1_rs0_bd1_str-exacting_t00_n1,287,2,1,Qwen/Qwen2.5-Coder-32B-Instruct,1,0,1,1,exacting,0.0,5.0,0.0
2026-05-20 17:32:03,L-P02_m-qwen2.5-coder-32b_sol1_gd1_rs0_bd1_str-exacting_t00_n1,287,3,1,Qwen/Qwen2.5-Coder-32B-Instruct,1,0,1,1,exacting,0.0,6.0,0.0
2026-05-20 17:32:11,L-P02_m-qwen2.5-coder-32b_sol1_gd1_rs0_bd1_str-exacting_t00_n1,288,1,1,Qwen/Qwen2.5-Coder-32B-Instruct,1,0,1,1,exacting,0.0,5.0,0.0
2026-05-20 17:32:20,L-P02_m-qwen2.5-coder-32b_sol1_gd1_rs0_bd1_str-exacting_t00_n1,288,2,1,Qwen/Qwen2.5-Coder-32B-Instruct,1,0,1,1,exacting,0.0,0.0,0.0
2026-05-20 17:32:25,L-P02_m-qwen2.5-coder-32b_sol1_gd1_rs0_bd1_str-exacting_t00_n1,288,3,1,Qwen/Qwen2.5-Coder-32B-Instruct,1,0,1,1,exacting,0.0,4.0,0.0
2026-05-20 17:32:34,L-P02_m-qwen2.5-coder-32b_sol1_gd1_rs0_bd1_str-exacting_t00_n1,289,1,1,Qwen/Qwen2.5-Coder-32B-Instruct,1,0,1,1,exacting,0.0,4.0,0.0
2026-05-20 17:32:44,L-P02_m-qwen2.5-coder-32b_sol1_gd1_rs0_bd1_str-exacting_t00_n1,289,2,1,Qwen/Qwen2.5-Coder-32B-Instruct,1,0,1,1,exacting,0.0,3.0,0.0
2026-05-20 17:32:55,L-P02_m-qwen2.5-coder-32b_sol1_gd1_rs0_bd1_str-exacting_t00_n1,289,3,1,Qwen/Qwen2.5-Coder-32B-Instruct,1,0,1,1,exacting,0.0,4.0,0.0
2026-05-20 17:32:59,L-P02_m-qwen2.5-coder-32b_sol1_gd1_rs0_bd1_str-exacting_t00_n1,289,4,1,Qwen/Qwen2.5-Coder-32B-Instruct,1,0,1,1,exacting,0.0,0.0,0.0
2026-05-20 17:33:08,L-P02_m-qwen2.5-coder-32b_sol1_gd1_rs0_bd1_str-exacting_t00_n1,290,1,1,Qwen/Qwen2.5-Coder-32B-Instruct,1,0,1,1,exacting,0.0,4.0,0.0
2026-05-20 17:33:15,L-P02_m-qwen2.5-coder-32b_sol1_gd1_rs0_bd1_str-exacting_t00_n1,290,2,1,Qwen/Qwen2.5-Coder-32B-Instruct,1,0,1,1,exacting,0.0,7.0,0.0
2026-05-20 17:33:27,L-P02_m-qwen2.5-coder-32b_sol1_gd1_rs0_bd1_str-exacting_t00_n1,290,3,1,Qwen/Qwen2.5-Coder-32B-Instruct,1,0,1,1,exacting,0.0,2.0,0.0
2026-05-20 17:33:35,L-P02_m-qwen2.5-coder-32b_sol1_gd1_rs0_bd1_str-exacting_t00_n1,291,1,1,Qwen/Qwen2.5-Coder-32B-Instruct,1,0,1,1,exacting,0.0,2.0,0.0
2026-05-20 17:33:43,L-P02_m-qwen2.5-coder-32b_sol1_gd1_rs0_bd1_str-exacting_t00_n1,291,2,1,Qwen/Qwen2.5-Coder-32B-Instruct,1,0,1,1,exacting,0.0,5.0,0.0
2026-05-20 17:33:52,L-P02_m-qwen2.5-coder-32b_sol1_gd1_rs0_bd1_str-exacting_t00_n1,291,3,1,Qwen/Qwen2.5-Coder-32B-Instruct,1,0,1,1,exacting,0.0,3.0,0.0
2026-05-20 17:34:01,L-P02_m-qwen2.5-coder-32b_sol1_gd1_rs0_bd1_str-exacting_t00_n1,292,1,1,Qwen/Qwen2.5-Coder-32B-Instruct,1,0,1,1,exacting,0.0,8.0,3.0
2026-05-20 17:34:07,L-P02_m-qwen2.5-coder-32b_sol1_gd1_rs0_bd1_str-exacting_t00_n1,292,2,1,Qwen/Qwen2.5-Coder-32B-Instruct,1,0,1,1,exacting,0.0,5.0,0.0
2026-05-20 17:34:15,L-P02_m-qwen2.5-coder-32b_sol1_gd1_rs0_bd1_str-exacting_t00_n1,292,3,1,Qwen/Qwen2.5-Coder-32B-Instruct,1,0,1,1,exacting,0.0,8.0,0.0
2026-05-20 17:34:19,L-P02_m-qwen2.5-coder-32b_sol1_gd1_rs0_bd1_str-exacting_t00_n1,292,4,1,Qwen/Qwen2.5-Coder-32B-Instruct,1,0,1,1,exacting,0.0,0.0,0.0
2026-05-20 17:34:27,L-P02_m-qwen2.5-coder-32b_sol1_gd1_rs0_bd1_str-exacting_t00_n1,293,1,1,Qwen/Qwen2.5-Coder-32B-Instruct,1,0,1,1,exacting,0.0,7.0,0.0
2026-05-20 17:34:35,L-P02_m-qwen2.5-coder-32b_sol1_gd1_rs0_bd1_str-exacting_t00_n1,293,2,1,Qwen/Qwen2.5-Coder-32B-Instruct,1,0,1,1,exacting,0.0,8.0,0.0
2026-05-20 17:34:41,L-P02_m-qwen2.5-coder-32b_sol1_gd1_rs0_bd1_str-exacting_t00_n1,293,3,1,Qwen/Qwen2.5-Coder-32B-Instruct,1,0,1,1,exacting,0.0,7.0,0.0
2026-05-20 17:34:49,L-P02_m-qwen2.5-coder-32b_sol1_gd1_rs0_bd1_str-exacting_t00_n1,294,1,1,Qwen/Qwen2.5-Coder-32B-Instruct,1,0,1,1,exacting,0.0,5.5,0.0
2026-05-20 17:34:57,L-P02_m-qwen2.5-coder-32b_sol1_gd1_rs0_bd1_str-exacting_t00_n1,294,2,1,Qwen/Qwen2.5-Coder-32B-Instruct,1,0,1,1,exacting,0.0,6.0,0.0
2026-05-20 17:35:04,L-P02_m-qwen2.5-coder-32b_sol1_gd1_rs0_bd1_str-exacting_t00_n1,294,3,1,Qwen/Qwen2.5-Coder-32B-Instruct,1,0,1,1,exacting,0.0,8.5,0.0
2026-05-20 17:35:12,L-P02_m-qwen2.5-coder-32b_sol1_gd1_rs0_bd1_str-exacting_t00_n1,295,1,1,Qwen/Qwen2.5-Coder-32B-Instruct,1,0,1,1,exacting,0.0,7.0,0.0
2026-05-20 17:35:19,L-P02_m-qwen2.5-coder-32b_sol1_gd1_rs0_bd1_str-exacting_t00_n1,295,2,1,Qwen/Qwen2.5-Coder-32B-Instruct,1,0,1,1,exacting,0.0,4.0,0.0
2026-05-20 17:35:27,L-P02_m-qwen2.5-coder-32b_sol1_gd1_rs0_bd1_str-exacting_t00_n1,295,3,1,Qwen/Qwen2.5-Coder-32B-Instruct,1,0,1,1,exacting,0.0,2.0,0.0
2026-05-20 17:35:36,L-P02_m-qwen2.5-coder-32b_sol1_gd1_rs0_bd1_str-exacting_t00_n1,296,1,1,Qwen/Qwen2.5-Coder-32B-Instruct,1,0,1,1,exacting,0.0,5.5,0.0
2026-05-20 17:35:45,L-P02_m-qwen2.5-coder-32b_sol1_gd1_rs0_bd1_str-exacting_t00_n1,296,2,1,Qwen/Qwen2.5-Coder-32B-Instruct,1,0,1,1,exacting,0.0,3.0,0.0
2026-05-20 17:35:50,L-P02_m-qwen2.5-coder-32b_sol1_gd1_rs0_bd1_str-exacting_t00_n1,296,3,1,Qwen/Qwen2.5-Coder-32B-Instruct,1,0,1,1,exacting,0.0,5.0,0.0
2026-05-20 17:35:53,L-P02_m-qwen2.5-coder-32b_sol1_gd1_rs0_bd1_str-exacting_t00_n1,296,4,1,Qwen/Qwen2.5-Coder-32B-Instruct,1,0,1,1,exacting,0.0,5.0,0.0
2026-05-20 17:36:01,L-P02_m-qwen2.5-coder-32b_sol1_gd1_rs0_bd1_str-exacting_t00_n1,297,1,1,Qwen/Qwen2.5-Coder-32B-Instruct,1,0,1,1,exacting,0.0,4.0,0.0
2026-05-20 17:36:08,L-P02_m-qwen2.5-coder-32b_sol1_gd1_rs0_bd1_str-exacting_t00_n1,297,2,1,Qwen/Qwen2.5-Coder-32B-Instruct,1,0,1,1,exacting,0.0,5.0,0.0
2026-05-20 17:36:16,L-P02_m-qwen2.5-coder-32b_sol1_gd1_rs0_bd1_str-exacting_t00_n1,297,3,1,Qwen/Qwen2.5-Coder-32B-Instruct,1,0,1,1,exacting,0.0,8.0,0.0
2026-05-20 17:36:20,L-P02_m-qwen2.5-coder-32b_sol1_gd1_rs0_bd1_str-exacting_t00_n1,297,4,1,Qwen/Qwen2.5-Coder-32B-Instruct,1,0,1,1,exacting,0.0,0.0,0.0
2026-05-20 17:36:32,L-P02_m-qwen2.5-coder-32b_sol1_gd1_rs0_bd1_str-exacting_t00_n1,298,1,1,Qwen/Qwen2.5-Coder-32B-Instruct,1,0,1,1,exacting,0.0,0.0,0.0
2026-05-20 17:36:41,L-P02_m-qwen2.5-coder-32b_sol1_gd1_rs0_bd1_str-exacting_t00_n1,298,2,1,Qwen/Qwen2.5-Coder-32B-Instruct,1,0,1,1,exacting,0.0,0.0,0.0
2026-05-20 17:36:51,L-P02_m-qwen2.5-coder-32b_sol1_gd1_rs0_bd1_str-exacting_t00_n1,298,3,1,Qwen/Qwen2.5-Coder-32B-Instruct,1,0,1,1,exacting,0.0,3.0,0.0
2026-05-20 17:36:54,L-P02_m-qwen2.5-coder-32b_sol1_gd1_rs0_bd1_str-exacting_t00_n1,298,4,1,Qwen/Qwen2.5-Coder-32B-Instruct,1,0,1,1,exacting,0.0,0.0,0.0
2026-05-20 17:37:02,L-P02_m-qwen2.5-coder-32b_sol1_gd1_rs0_bd1_str-exacting_t00_n1,299,1,1,Qwen/Qwen2.5-Coder-32B-Instruct,1,0,1,1,exacting,0.0,2.0,0.0
2026-05-20 17:37:12,L-P02_m-qwen2.5-coder-32b_sol1_gd1_rs0_bd1_str-exacting_t00_n1,299,2,1,Qwen/Qwen2.5-Coder-32B-Instruct,1,0,1,1,exacting,0.0,0.0,0.0
2026-05-20 17:37:18,L-P02_m-qwen2.5-coder-32b_sol1_gd1_rs0_bd1_str-exacting_t00_n1,299,3,1,Qwen/Qwen2.5-Coder-32B-Instruct,1,0,1,1,exacting,0.0,4.0,0.0
2026-05-20 17:37:27,L-P02_m-qwen2.5-coder-32b_sol1_gd1_rs0_bd1_str-exacting_t00_n1,300,1,1,Qwen/Qwen2.5-Coder-32B-Instruct,1,0,1,1,exacting,0.0,6.0,0.0
2026-05-20 17:37:33,L-P02_m-qwen2.5-coder-32b_sol1_gd1_rs0_bd1_str-exacting_t00_n1,300,2,1,Qwen/Qwen2.5-Coder-32B-Instruct,1,0,1,1,exacting,0.0,5.0,0.0
2026-05-20 17:37:39,L-P02_m-qwen2.5-coder-32b_sol1_gd1_rs0_bd1_str-exacting_t00_n1,300,3,1,Qwen/Qwen2.5-Coder-32B-Instruct,1,0,1,1,exacting,0.0,5.0,0.0
2026-05-20 17:37:42,L-P02_m-qwen2.5-coder-32b_sol1_gd1_rs0_bd1_str-exacting_t00_n1,300,4,1,Qwen/Qwen2.5-Coder-32B-Instruct,1,0,1,1,exacting,0.0,0.0,0.0
2026-05-20 17:37:50,L-P02_m-qwen2.5-coder-32b_sol1_gd1_rs0_bd1_str-exacting_t00_n1,301,1,1,Qwen/Qwen2.5-Coder-32B-Instruct,1,0,1,1,exacting,0.0,2.0,0.0
2026-05-20 17:37:57,L-P02_m-qwen2.5-coder-32b_sol1_gd1_rs0_bd1_str-exacting_t00_n1,301,2,1,Qwen/Qwen2.5-Coder-32B-Instruct,1,0,1,1,exacting,0.0,7.0,0.0
2026-05-20 17:38:06,L-P02_m-qwen2.5-coder-32b_sol1_gd1_rs0_bd1_str-exacting_t00_n1,302,1,1,Qwen/Qwen2.5-Coder-32B-Instruct,1,0,1,1,exacting,0.0,4.0,0.0
2026-05-20 17:38:13,L-P02_m-qwen2.5-coder-32b_sol1_gd1_rs0_bd1_str-exacting_t00_n1,302,2,1,Qwen/Qwen2.5-Coder-32B-Instruct,1,0,1,1,exacting,0.0,6.0,0.0
2026-05-20 17:38:20,L-P02_m-qwen2.5-coder-32b_sol1_gd1_rs0_bd1_str-exacting_t00_n1,302,3,1,Qwen/Qwen2.5-Coder-32B-Instruct,1,0,1,1,exacting,0.0,8.0,0.0
2026-05-20 17:38:24,L-P02_m-qwen2.5-coder-32b_sol1_gd1_rs0_bd1_str-exacting_t00_n1,302,4,1,Qwen/Qwen2.5-Coder-32B-Instruct,1,0,1,1,exacting,0.0,0.0,0.0
2026-05-20 17:38:33,L-P02_m-qwen2.5-coder-32b_sol1_gd1_rs0_bd1_str-exacting_t00_n1,303,1,1,Qwen/Qwen2.5-Coder-32B-Instruct,1,0,1,1,exacting,0.0,8.0,0.0
2026-05-20 17:38:41,L-P02_m-qwen2.5-coder-32b_sol1_gd1_rs0_bd1_str-exacting_t00_n1,303,2,1,Qwen/Qwen2.5-Coder-32B-Instruct,1,0,1,1,exacting,0.0,6.0,0.0
2026-05-20 17:38:46,L-P02_m-qwen2.5-coder-32b_sol1_gd1_rs0_bd1_str-exacting_t00_n1,303,3,1,Qwen/Qwen2.5-Coder-32B-Instruct,1,0,1,1,exacting,0.0,8.0,0.0
2026-05-20 17:38:55,L-P02_m-qwen2.5-coder-32b_sol1_gd1_rs0_bd1_str-exacting_t00_n1,304,1,1,Qwen/Qwen2.5-Coder-32B-Instruct,1,0,1,1,exacting,0.0,3.0,0.0
2026-05-20 17:39:02,L-P02_m-qwen2.5-coder-32b_sol1_gd1_rs0_bd1_str-exacting_t00_n1,304,2,1,Qwen/Qwen2.5-Coder-32B-Instruct,1,0,1,1,exacting,0.0,2.0,0.0
2026-05-20 17:39:08,L-P02_m-qwen2.5-coder-32b_sol1_gd1_rs0_bd1_str-exacting_t00_n1,304,3,1,Qwen/Qwen2.5-Coder-32B-Instruct,1,0,1,1,exacting,0.0,4.0,0.0
2026-05-20 17:39:16,L-P02_m-qwen2.5-coder-32b_sol1_gd1_rs0_bd1_str-exacting_t00_n1,305,1,1,Qwen/Qwen2.5-Coder-32B-Instruct,1,0,1,1,exacting,0.0,4.0,0.0
2026-05-20 17:39:24,L-P02_m-qwen2.5-coder-32b_sol1_gd1_rs0_bd1_str-exacting_t00_n1,305,2,1,Qwen/Qwen2.5-Coder-32B-Instruct,1,0,1,1,exacting,0.0,3.0,0.0
2026-05-20 17:39:34,L-P02_m-qwen2.5-coder-32b_sol1_gd1_rs0_bd1_str-exacting_t00_n1,305,3,1,Qwen/Qwen2.5-Coder-32B-Instruct,1,0,1,1,exacting,0.0,2.0,0.0
2026-05-20 17:39:43,L-P02_m-qwen2.5-coder-32b_sol1_gd1_rs0_bd1_str-exacting_t00_n1,306,1,1,Qwen/Qwen2.5-Coder-32B-Instruct,1,0,1,1,exacting,0.0,2.0,0.0
2026-05-20 17:39:50,L-P02_m-qwen2.5-coder-32b_sol1_gd1_rs0_bd1_str-exacting_t00_n1,306,2,1,Qwen/Qwen2.5-Coder-32B-Instruct,1,0,1,1,exacting,0.0,5.0,0.0
2026-05-20 17:39:56,L-P02_m-qwen2.5-coder-32b_sol1_gd1_rs0_bd1_str-exacting_t00_n1,306,3,1,Qwen/Qwen2.5-Coder-32B-Instruct,1,0,1,1,exacting,0.0,4.0,0.0
2026-05-20 17:40:03,L-P02_m-qwen2.5-coder-32b_sol1_gd1_rs0_bd1_str-exacting_t00_n1,307,1,1,Qwen/Qwen2.5-Coder-32B-Instruct,1,0,1,1,exacting,0.0,4.0,0.0
2026-05-20 17:40:14,L-P02_m-qwen2.5-coder-32b_sol1_gd1_rs0_bd1_str-exacting_t00_n1,307,2,1,Qwen/Qwen2.5-Coder-32B-Instruct,1,0,1,1,exacting,0.0,5.0,0.0
2026-05-20 17:40:23,L-P02_m-qwen2.5-coder-32b_sol1_gd1_rs0_bd1_str-exacting_t00_n1,307,3,1,Qwen/Qwen2.5-Coder-32B-Instruct,1,0,1,1,exacting,0.0,4.0,0.0
2026-05-20 17:40:28,L-P02_m-qwen2.5-coder-32b_sol1_gd1_rs0_bd1_str-exacting_t00_n1,307,4,1,Qwen/Qwen2.5-Coder-32B-Instruct,1,0,1,1,exacting,0.0,0.0,0.0
2026-05-20 17:40:37,L-P02_m-qwen2.5-coder-32b_sol1_gd1_rs0_bd1_str-exacting_t00_n1,308,1,1,Qwen/Qwen2.5-Coder-32B-Instruct,1,0,1,1,exacting,0.0,8.0,0.0
2026-05-20 17:40:43,L-P02_m-qwen2.5-coder-32b_sol1_gd1_rs0_bd1_str-exacting_t00_n1,308,2,1,Qwen/Qwen2.5-Coder-32B-Instruct,1,0,1,1,exacting,0.0,8.0,0.0
2026-05-20 17:40:51,L-P02_m-qwen2.5-coder-32b_sol1_gd1_rs0_bd1_str-exacting_t00_n1,309,1,1,Qwen/Qwen2.5-Coder-32B-Instruct,1,0,1,1,exacting,0.0,8.0,0.0
2026-05-20 17:40:59,L-P02_m-qwen2.5-coder-32b_sol1_gd1_rs0_bd1_str-exacting_t00_n1,309,2,1,Qwen/Qwen2.5-Coder-32B-Instruct,1,0,1,1,exacting,0.0,7.0,0.0
2026-05-20 17:41:07,L-P02_m-qwen2.5-coder-32b_sol1_gd1_rs0_bd1_str-exacting_t00_n1,309,3,1,Qwen/Qwen2.5-Coder-32B-Instruct,1,0,1,1,exacting,0.0,6.0,0.0
2026-05-20 17:41:16,L-P02_m-qwen2.5-coder-32b_sol1_gd1_rs0_bd1_str-exacting_t00_n1,310,1,1,Qwen/Qwen2.5-Coder-32B-Instruct,1,0,1,1,exacting,0.0,4.0,0.0
2026-05-20 17:41:23,L-P02_m-qwen2.5-coder-32b_sol1_gd1_rs0_bd1_str-exacting_t00_n1,310,2,1,Qwen/Qwen2.5-Coder-32B-Instruct,1,0,1,1,exacting,0.0,6.0,0.0
2026-05-20 17:41:29,L-P02_m-qwen2.5-coder-32b_sol1_gd1_rs0_bd1_str-exacting_t00_n1,310,3,1,Qwen/Qwen2.5-Coder-32B-Instruct,1,0,1,1,exacting,0.0,4.0,0.0
2026-05-20 17:41:37,L-P02_m-qwen2.5-coder-32b_sol1_gd1_rs0_bd1_str-exacting_t00_n1,311,1,1,Qwen/Qwen2.5-Coder-32B-Instruct,1,0,1,1,exacting,0.0,3.0,0.0
2026-05-20 17:41:45,L-P02_m-qwen2.5-coder-32b_sol1_gd1_rs0_bd1_str-exacting_t00_n1,311,2,1,Qwen/Qwen2.5-Coder-32B-Instruct,1,0,1,1,exacting,0.0,6.0,0.0
2026-05-20 17:41:53,L-P02_m-qwen2.5-coder-32b_sol1_gd1_rs0_bd1_str-exacting_t00_n1,311,3,1,Qwen/Qwen2.5-Coder-32B-Instruct,1,0,1,1,exacting,0.0,6.0,0.0
2026-05-20 17:42:02,L-P02_m-qwen2.5-coder-32b_sol1_gd1_rs0_bd1_str-exacting_t00_n1,312,1,1,Qwen/Qwen2.5-Coder-32B-Instruct,1,0,1,1,exacting,0.0,5.0,0.0
2026-05-20 17:42:09,L-P02_m-qwen2.5-coder-32b_sol1_gd1_rs0_bd1_str-exacting_t00_n1,312,2,1,Qwen/Qwen2.5-Coder-32B-Instruct,1,0,1,1,exacting,0.0,5.0,0.0
2026-05-20 17:42:17,L-P02_m-qwen2.5-coder-32b_sol1_gd1_rs0_bd1_str-exacting_t00_n1,312,3,1,Qwen/Qwen2.5-Coder-32B-Instruct,1,0,1,1,exacting,0.0,8.0,0.0
2026-05-20 17:42:25,L-P02_m-qwen2.5-coder-32b_sol1_gd1_rs0_bd1_str-exacting_t00_n1,313,1,1,Qwen/Qwen2.5-Coder-32B-Instruct,1,0,1,1,exacting,0.0,5.0,0.0
2026-05-20 17:42:33,L-P02_m-qwen2.5-coder-32b_sol1_gd1_rs0_bd1_str-exacting_t00_n1,313,2,1,Qwen/Qwen2.5-Coder-32B-Instruct,1,0,1,1,exacting,0.0,5.0,0.0
2026-05-20 17:42:41,L-P02_m-qwen2.5-coder-32b_sol1_gd1_rs0_bd1_str-exacting_t00_n1,313,3,1,Qwen/Qwen2.5-Coder-32B-Instruct,1,0,1,1,exacting,0.0,8.0,0.0
2026-05-20 17:42:49,L-P02_m-qwen2.5-coder-32b_sol1_gd1_rs0_bd1_str-exacting_t00_n1,314,1,1,Qwen/Qwen2.5-Coder-32B-Instruct,1,0,1,1,exacting,0.0,3.0,0.0
2026-05-20 17:42:56,L-P02_m-qwen2.5-coder-32b_sol1_gd1_rs0_bd1_str-exacting_t00_n1,314,2,1,Qwen/Qwen2.5-Coder-32B-Instruct,1,0,1,1,exacting,0.0,5.0,0.0
2026-05-20 17:43:06,L-P02_m-qwen2.5-coder-32b_sol1_gd1_rs0_bd1_str-exacting_t00_n1,314,3,1,Qwen/Qwen2.5-Coder-32B-Instruct,1,0,1,1,exacting,0.0,3.0,0.0
2026-05-20 17:43:14,L-P02_m-qwen2.5-coder-32b_sol1_gd1_rs0_bd1_str-exacting_t00_n1,315,1,1,Qwen/Qwen2.5-Coder-32B-Instruct,1,0,1,1,exacting,0.0,5.0,0.0
2026-05-20 17:43:21,L-P02_m-qwen2.5-coder-32b_sol1_gd1_rs0_bd1_str-exacting_t00_n1,315,2,1,Qwen/Qwen2.5-Coder-32B-Instruct,1,0,1,1,exacting,0.0,5.0,0.0
2026-05-20 17:43:27,L-P02_m-qwen2.5-coder-32b_sol1_gd1_rs0_bd1_str-exacting_t00_n1,315,3,1,Qwen/Qwen2.5-Coder-32B-Instruct,1,0,1,1,exacting,0.0,5.0,0.0
2026-05-20 17:43:35,L-P02_m-qwen2.5-coder-32b_sol1_gd1_rs0_bd1_str-exacting_t00_n1,316,1,1,Qwen/Qwen2.5-Coder-32B-Instruct,1,0,1,1,exacting,0.0,8.5,0.0
2026-05-20 17:43:42,L-P02_m-qwen2.5-coder-32b_sol1_gd1_rs0_bd1_str-exacting_t00_n1,316,2,1,Qwen/Qwen2.5-Coder-32B-Instruct,1,0,1,1,exacting,0.0,8.5,1.0
2026-05-20 17:43:50,L-P02_m-qwen2.5-coder-32b_sol1_gd1_rs0_bd1_str-exacting_t00_n1,316,3,1,Qwen/Qwen2.5-Coder-32B-Instruct,1,0,1,1,exacting,0.0,8.0,0.0
2026-05-20 17:43:58,L-P02_m-qwen2.5-coder-32b_sol1_gd1_rs0_bd1_str-exacting_t00_n1,317,1,1,Qwen/Qwen2.5-Coder-32B-Instruct,1,0,1,1,exacting,0.0,5.0,0.0
2026-05-20 17:44:04,L-P02_m-qwen2.5-coder-32b_sol1_gd1_rs0_bd1_str-exacting_t00_n1,317,2,1,Qwen/Qwen2.5-Coder-32B-Instruct,1,0,1,1,exacting,0.0,3.0,0.0
2026-05-20 17:44:12,L-P02_m-qwen2.5-coder-32b_sol1_gd1_rs0_bd1_str-exacting_t00_n1,317,3,1,Qwen/Qwen2.5-Coder-32B-Instruct,1,0,1,1,exacting,0.0,7.0,0.0
2026-05-20 17:44:21,L-P02_m-qwen2.5-coder-32b_sol1_gd1_rs0_bd1_str-exacting_t00_n1,318,1,1,Qwen/Qwen2.5-Coder-32B-Instruct,1,0,1,1,exacting,0.0,7.0,0.0
2026-05-20 17:44:27,L-P02_m-qwen2.5-coder-32b_sol1_gd1_rs0_bd1_str-exacting_t00_n1,318,2,1,Qwen/Qwen2.5-Coder-32B-Instruct,1,0,1,1,exacting,0.0,6.0,0.0
2026-05-20 17:44:35,L-P02_m-qwen2.5-coder-32b_sol1_gd1_rs0_bd1_str-exacting_t00_n1,318,3,1,Qwen/Qwen2.5-Coder-32B-Instruct,1,0,1,1,exacting,0.0,7.0,0.0
2026-05-20 17:44:40,L-P02_m-qwen2.5-coder-32b_sol1_gd1_rs0_bd1_str-exacting_t00_n1,318,4,1,Qwen/Qwen2.5-Coder-32B-Instruct,1,0,1,1,exacting,0.0,0.0,0.0
2026-05-20 17:44:49,L-P02_m-qwen2.5-coder-32b_sol1_gd1_rs0_bd1_str-exacting_t00_n1,319,1,1,Qwen/Qwen2.5-Coder-32B-Instruct,1,0,1,1,exacting,0.0,3.0,0.0
2026-05-20 17:44:56,L-P02_m-qwen2.5-coder-32b_sol1_gd1_rs0_bd1_str-exacting_t00_n1,319,2,1,Qwen/Qwen2.5-Coder-32B-Instruct,1,0,1,1,exacting,0.0,4.0,0.0
2026-05-20 17:45:04,L-P02_m-qwen2.5-coder-32b_sol1_gd1_rs0_bd1_str-exacting_t00_n1,319,3,1,Qwen/Qwen2.5-Coder-32B-Instruct,1,0,1,1,exacting,0.0,7.0,0.0
2026-05-20 17:45:12,L-P02_m-qwen2.5-coder-32b_sol1_gd1_rs0_bd1_str-exacting_t00_n1,320,1,1,Qwen/Qwen2.5-Coder-32B-Instruct,1,0,1,1,exacting,0.0,6.0,0.0
2026-05-20 17:45:18,L-P02_m-qwen2.5-coder-32b_sol1_gd1_rs0_bd1_str-exacting_t00_n1,320,2,1,Qwen/Qwen2.5-Coder-32B-Instruct,1,0,1,1,exacting,0.0,5.0,0.0
2026-05-20 17:45:24,L-P02_m-qwen2.5-coder-32b_sol1_gd1_rs0_bd1_str-exacting_t00_n1,320,3,1,Qwen/Qwen2.5-Coder-32B-Instruct,1,0,1,1,exacting,0.0,6.0,0.0
2026-05-20 17:45:33,L-P02_m-qwen2.5-coder-32b_sol1_gd1_rs0_bd1_str-exacting_t00_n1,321,1,1,Qwen/Qwen2.5-Coder-32B-Instruct,1,0,1,1,exacting,0.0,4.0,0.0
2026-05-20 17:45:40,L-P02_m-qwen2.5-coder-32b_sol1_gd1_rs0_bd1_str-exacting_t00_n1,321,2,1,Qwen/Qwen2.5-Coder-32B-Instruct,1,0,1,1,exacting,0.0,5.0,0.0
2026-05-20 17:45:46,L-P02_m-qwen2.5-coder-32b_sol1_gd1_rs0_bd1_str-exacting_t00_n1,321,3,1,Qwen/Qwen2.5-Coder-32B-Instruct,1,0,1,1,exacting,0.0,5.0,0.0
2026-05-20 17:45:53,L-P02_m-qwen2.5-coder-32b_sol1_gd1_rs0_bd1_str-exacting_t00_n1,322,1,1,Qwen/Qwen2.5-Coder-32B-Instruct,1,0,1,1,exacting,0.0,4.0,0.0
2026-05-20 17:46:00,L-P02_m-qwen2.5-coder-32b_sol1_gd1_rs0_bd1_str-exacting_t00_n1,322,2,1,Qwen/Qwen2.5-Coder-32B-Instruct,1,0,1,1,exacting,0.0,5.0,0.0
2026-05-20 17:46:06,L-P02_m-qwen2.5-coder-32b_sol1_gd1_rs0_bd1_str-exacting_t00_n1,322,3,1,Qwen/Qwen2.5-Coder-32B-Instruct,1,0,1,1,exacting,0.0,4.0,0.0
2026-05-20 17:46:09,L-P02_m-qwen2.5-coder-32b_sol1_gd1_rs0_bd1_str-exacting_t00_n1,322,4,1,Qwen/Qwen2.5-Coder-32B-Instruct,1,0,1,1,exacting,0.0,0.0,0.0
2026-05-20 17:46:17,L-P02_m-qwen2.5-coder-32b_sol1_gd1_rs0_bd1_str-exacting_t00_n1,323,1,1,Qwen/Qwen2.5-Coder-32B-Instruct,1,0,1,1,exacting,0.0,7.0,0.0
2026-05-20 17:46:24,L-P02_m-qwen2.5-coder-32b_sol1_gd1_rs0_bd1_str-exacting_t00_n1,323,2,1,Qwen/Qwen2.5-Coder-32B-Instruct,1,0,1,1,exacting,0.0,6.0,0.0
2026-05-20 17:46:31,L-P02_m-qwen2.5-coder-32b_sol1_gd1_rs0_bd1_str-exacting_t00_n1,323,3,1,Qwen/Qwen2.5-Coder-32B-Instruct,1,0,1,1,exacting,0.0,8.0,0.0
2026-05-20 17:46:39,L-P02_m-qwen2.5-coder-32b_sol1_gd1_rs0_bd1_str-exacting_t00_n1,324,1,1,Qwen/Qwen2.5-Coder-32B-Instruct,1,0,1,1,exacting,0.0,2.0,0.0
2026-05-20 17:46:51,L-P02_m-qwen2.5-coder-32b_sol1_gd1_rs0_bd1_str-exacting_t00_n1,324,2,1,Qwen/Qwen2.5-Coder-32B-Instruct,1,0,1,1,exacting,0.0,5.0,0.0
2026-05-20 17:46:58,L-P02_m-qwen2.5-coder-32b_sol1_gd1_rs0_bd1_str-exacting_t00_n1,324,3,1,Qwen/Qwen2.5-Coder-32B-Instruct,1,0,1,1,exacting,0.0,7.0,0.0
2026-05-20 17:47:07,L-P02_m-qwen2.5-coder-32b_sol1_gd1_rs0_bd1_str-exacting_t00_n1,325,1,1,Qwen/Qwen2.5-Coder-32B-Instruct,1,0,1,1,exacting,0.0,5.0,0.0
2026-05-20 17:47:17,L-P02_m-qwen2.5-coder-32b_sol1_gd1_rs0_bd1_str-exacting_t00_n1,325,2,1,Qwen/Qwen2.5-Coder-32B-Instruct,1,0,1,1,exacting,0.0,5.0,0.0
2026-05-20 17:47:25,L-P02_m-qwen2.5-coder-32b_sol1_gd1_rs0_bd1_str-exacting_t00_n1,325,3,1,Qwen/Qwen2.5-Coder-32B-Instruct,1,0,1,1,exacting,0.0,5.0,0.0
2026-05-20 17:47:34,L-P02_m-qwen2.5-coder-32b_sol1_gd1_rs0_bd1_str-exacting_t00_n1,326,1,1,Qwen/Qwen2.5-Coder-32B-Instruct,1,0,1,1,exacting,0.0,3.0,0.0
2026-05-20 17:47:44,L-P02_m-qwen2.5-coder-32b_sol1_gd1_rs0_bd1_str-exacting_t00_n1,326,2,1,Qwen/Qwen2.5-Coder-32B-Instruct,1,0,1,1,exacting,0.0,3.0,0.0
2026-05-20 17:47:53,L-P02_m-qwen2.5-coder-32b_sol1_gd1_rs0_bd1_str-exacting_t00_n1,326,3,1,Qwen/Qwen2.5-Coder-32B-Instruct,1,0,1,1,exacting,0.0,3.0,0.0
2026-05-20 17:47:55,L-P02_m-qwen2.5-coder-32b_sol1_gd1_rs0_bd1_str-exacting_t00_n1,326,4,1,Qwen/Qwen2.5-Coder-32B-Instruct,1,0,1,1,exacting,0.0,0.0,0.0
2026-05-20 17:48:03,L-P02_m-qwen2.5-coder-32b_sol1_gd1_rs0_bd1_str-exacting_t00_n1,327,1,1,Qwen/Qwen2.5-Coder-32B-Instruct,1,0,1,1,exacting,0.0,3.0,0.0
2026-05-20 17:48:13,L-P02_m-qwen2.5-coder-32b_sol1_gd1_rs0_bd1_str-exacting_t00_n1,327,2,1,Qwen/Qwen2.5-Coder-32B-Instruct,1,0,1,1,exacting,0.0,4.0,0.0
2026-05-20 17:48:19,L-P02_m-qwen2.5-coder-32b_sol1_gd1_rs0_bd1_str-exacting_t00_n1,327,3,1,Qwen/Qwen2.5-Coder-32B-Instruct,1,0,1,1,exacting,0.0,4.0,0.0
2026-05-20 17:48:22,L-P02_m-qwen2.5-coder-32b_sol1_gd1_rs0_bd1_str-exacting_t00_n1,327,4,1,Qwen/Qwen2.5-Coder-32B-Instruct,1,0,1,1,exacting,0.0,0.0,0.0
2026-05-20 17:48:31,L-P02_m-qwen2.5-coder-32b_sol1_gd1_rs0_bd1_str-exacting_t00_n1,328,1,1,Qwen/Qwen2.5-Coder-32B-Instruct,1,0,1,1,exacting,0.0,5.0,0.0
2026-05-20 17:48:38,L-P02_m-qwen2.5-coder-32b_sol1_gd1_rs0_bd1_str-exacting_t00_n1,328,2,1,Qwen/Qwen2.5-Coder-32B-Instruct,1,0,1,1,exacting,0.0,6.0,0.0
2026-05-20 17:48:48,L-P02_m-qwen2.5-coder-32b_sol1_gd1_rs0_bd1_str-exacting_t00_n1,328,3,1,Qwen/Qwen2.5-Coder-32B-Instruct,1,0,1,1,exacting,0.0,4.0,0.0
2026-05-20 17:48:57,L-P02_m-qwen2.5-coder-32b_sol1_gd1_rs0_bd1_str-exacting_t00_n1,329,1,1,Qwen/Qwen2.5-Coder-32B-Instruct,1,0,1,1,exacting,0.0,7.5,0.0
2026-05-20 17:49:04,L-P02_m-qwen2.5-coder-32b_sol1_gd1_rs0_bd1_str-exacting_t00_n1,329,2,1,Qwen/Qwen2.5-Coder-32B-Instruct,1,0,1,1,exacting,0.0,5.0,0.0
2026-05-20 17:49:11,L-P02_m-qwen2.5-coder-32b_sol1_gd1_rs0_bd1_str-exacting_t00_n1,329,3,1,Qwen/Qwen2.5-Coder-32B-Instruct,1,0,1,1,exacting,0.0,7.0,0.0
2026-05-20 17:49:14,L-P02_m-qwen2.5-coder-32b_sol1_gd1_rs0_bd1_str-exacting_t00_n1,329,4,1,Qwen/Qwen2.5-Coder-32B-Instruct,1,0,1,1,exacting,0.0,5.0,0.0
2026-05-20 17:49:23,L-P02_m-qwen2.5-coder-32b_sol1_gd1_rs0_bd1_str-exacting_t00_n1,330,1,1,Qwen/Qwen2.5-Coder-32B-Instruct,1,0,1,1,exacting,0.0,8.0,0.0
2026-05-20 17:49:29,L-P02_m-qwen2.5-coder-32b_sol1_gd1_rs0_bd1_str-exacting_t00_n1,330,2,1,Qwen/Qwen2.5-Coder-32B-Instruct,1,0,1,1,exacting,0.0,5.0,0.0
2026-05-20 17:49:35,L-P02_m-qwen2.5-coder-32b_sol1_gd1_rs0_bd1_str-exacting_t00_n1,330,3,1,Qwen/Qwen2.5-Coder-32B-Instruct,1,0,1,1,exacting,0.0,0.0,0.0
2026-05-20 17:49:43,L-P02_m-qwen2.5-coder-32b_sol1_gd1_rs0_bd1_str-exacting_t00_n1,331,1,1,Qwen/Qwen2.5-Coder-32B-Instruct,1,0,1,1,exacting,0.0,6.0,0.0
2026-05-20 17:49:51,L-P02_m-qwen2.5-coder-32b_sol1_gd1_rs0_bd1_str-exacting_t00_n1,331,2,1,Qwen/Qwen2.5-Coder-32B-Instruct,1,0,1,1,exacting,0.0,4.0,0.0
2026-05-20 17:49:57,L-P02_m-qwen2.5-coder-32b_sol1_gd1_rs0_bd1_str-exacting_t00_n1,331,3,1,Qwen/Qwen2.5-Coder-32B-Instruct,1,0,1,1,exacting,0.0,4.0,0.0
2026-05-20 17:50:00,L-P02_m-qwen2.5-coder-32b_sol1_gd1_rs0_bd1_str-exacting_t00_n1,331,4,1,Qwen/Qwen2.5-Coder-32B-Instruct,1,0,1,1,exacting,0.0,0.0,0.0
2026-05-20 17:50:10,L-P02_m-qwen2.5-coder-32b_sol1_gd1_rs0_bd1_str-exacting_t00_n1,332,1,1,Qwen/Qwen2.5-Coder-32B-Instruct,1,0,1,1,exacting,0.0,2.0,0.0
2026-05-20 17:50:17,L-P02_m-qwen2.5-coder-32b_sol1_gd1_rs0_bd1_str-exacting_t00_n1,332,2,1,Qwen/Qwen2.5-Coder-32B-Instruct,1,0,1,1,exacting,0.0,6.0,0.0
2026-05-20 17:50:24,L-P02_m-qwen2.5-coder-32b_sol1_gd1_rs0_bd1_str-exacting_t00_n1,332,3,1,Qwen/Qwen2.5-Coder-32B-Instruct,1,0,1,1,exacting,0.0,7.0,0.0
2026-05-20 17:50:34,L-P02_m-qwen2.5-coder-32b_sol1_gd1_rs0_bd1_str-exacting_t00_n1,333,1,1,Qwen/Qwen2.5-Coder-32B-Instruct,1,0,1,1,exacting,0.0,0.0,0.0
2026-05-20 17:50:43,L-P02_m-qwen2.5-coder-32b_sol1_gd1_rs0_bd1_str-exacting_t00_n1,333,2,1,Qwen/Qwen2.5-Coder-32B-Instruct,1,0,1,1,exacting,0.0,0.0,0.0
2026-05-20 17:50:49,L-P02_m-qwen2.5-coder-32b_sol1_gd1_rs0_bd1_str-exacting_t00_n1,333,3,1,Qwen/Qwen2.5-Coder-32B-Instruct,1,0,1,1,exacting,0.0,0.0,0.0
2026-05-20 17:50:57,L-P02_m-qwen2.5-coder-32b_sol1_gd1_rs0_bd1_str-exacting_t00_n1,334,1,1,Qwen/Qwen2.5-Coder-32B-Instruct,1,0,1,1,exacting,0.0,7.0,0.0
2026-05-20 17:51:05,L-P02_m-qwen2.5-coder-32b_sol1_gd1_rs0_bd1_str-exacting_t00_n1,334,2,1,Qwen/Qwen2.5-Coder-32B-Instruct,1,0,1,1,exacting,0.0,3.0,0.0
2026-05-20 17:51:14,L-P02_m-qwen2.5-coder-32b_sol1_gd1_rs0_bd1_str-exacting_t00_n1,334,3,1,Qwen/Qwen2.5-Coder-32B-Instruct,1,0,1,1,exacting,0.0,4.0,0.0
2026-05-20 17:51:23,L-P02_m-qwen2.5-coder-32b_sol1_gd1_rs0_bd1_str-exacting_t00_n1,335,1,1,Qwen/Qwen2.5-Coder-32B-Instruct,1,0,1,1,exacting,0.0,8.0,0.0
2026-05-20 17:51:30,L-P02_m-qwen2.5-coder-32b_sol1_gd1_rs0_bd1_str-exacting_t00_n1,335,2,1,Qwen/Qwen2.5-Coder-32B-Instruct,1,0,1,1,exacting,0.0,7.0,0.0
2026-05-20 17:51:39,L-P02_m-qwen2.5-coder-32b_sol1_gd1_rs0_bd1_str-exacting_t00_n1,335,3,1,Qwen/Qwen2.5-Coder-32B-Instruct,1,0,1,1,exacting,0.0,3.0,0.0
2026-05-20 17:51:47,L-P02_m-qwen2.5-coder-32b_sol1_gd1_rs0_bd1_str-exacting_t00_n1,336,1,1,Qwen/Qwen2.5-Coder-32B-Instruct,1,0,1,1,exacting,0.0,7.0,0.0
2026-05-20 17:51:57,L-P02_m-qwen2.5-coder-32b_sol1_gd1_rs0_bd1_str-exacting_t00_n1,336,2,1,Qwen/Qwen2.5-Coder-32B-Instruct,1,0,1,1,exacting,0.0,3.0,0.0
2026-05-20 17:52:05,L-P02_m-qwen2.5-coder-32b_sol1_gd1_rs0_bd1_str-exacting_t00_n1,336,3,1,Qwen/Qwen2.5-Coder-32B-Instruct,1,0,1,1,exacting,0.0,8.0,0.0
2026-05-20 17:52:08,L-P02_m-qwen2.5-coder-32b_sol1_gd1_rs0_bd1_str-exacting_t00_n1,336,4,1,Qwen/Qwen2.5-Coder-32B-Instruct,1,0,1,1,exacting,0.0,0.0,0.0
2026-05-20 17:52:16,L-P02_m-qwen2.5-coder-32b_sol1_gd1_rs0_bd1_str-exacting_t00_n1,337,1,1,Qwen/Qwen2.5-Coder-32B-Instruct,1,0,1,1,exacting,0.0,5.5,0.0
2026-05-20 17:52:23,L-P02_m-qwen2.5-coder-32b_sol1_gd1_rs0_bd1_str-exacting_t00_n1,337,2,1,Qwen/Qwen2.5-Coder-32B-Instruct,1,0,1,1,exacting,0.0,7.0,0.0
2026-05-20 17:52:27,L-P02_m-qwen2.5-coder-32b_sol1_gd1_rs0_bd1_str-exacting_t00_n1,337,3,1,Qwen/Qwen2.5-Coder-32B-Instruct,1,0,1,1,exacting,0.0,0.0,0.0
2026-05-20 17:52:30,L-P02_m-qwen2.5-coder-32b_sol1_gd1_rs0_bd1_str-exacting_t00_n1,337,4,1,Qwen/Qwen2.5-Coder-32B-Instruct,1,0,1,1,exacting,0.0,0.0,0.0
2026-05-20 17:52:42,L-P02_m-qwen2.5-coder-32b_sol1_gd1_rs0_bd1_str-exacting_t00_n1,338,1,1,Qwen/Qwen2.5-Coder-32B-Instruct,1,0,1,1,exacting,0.0,3.0,0.0
2026-05-20 17:52:50,L-P02_m-qwen2.5-coder-32b_sol1_gd1_rs0_bd1_str-exacting_t00_n1,338,2,1,Qwen/Qwen2.5-Coder-32B-Instruct,1,0,1,1,exacting,0.0,7.0,0.0
2026-05-20 17:53:00,L-P02_m-qwen2.5-coder-32b_sol1_gd1_rs0_bd1_str-exacting_t00_n1,338,3,1,Qwen/Qwen2.5-Coder-32B-Instruct,1,0,1,1,exacting,0.0,3.0,0.0
2026-05-20 17:53:03,L-P02_m-qwen2.5-coder-32b_sol1_gd1_rs0_bd1_str-exacting_t00_n1,338,4,1,Qwen/Qwen2.5-Coder-32B-Instruct,1,0,1,1,exacting,0.0,0.0,0.0
2026-05-20 17:53:11,L-P02_m-qwen2.5-coder-32b_sol1_gd1_rs0_bd1_str-exacting_t00_n1,339,1,1,Qwen/Qwen2.5-Coder-32B-Instruct,1,0,1,1,exacting,0.0,5.0,0.0
2026-05-20 17:53:18,L-P02_m-qwen2.5-coder-32b_sol1_gd1_rs0_bd1_str-exacting_t00_n1,339,2,1,Qwen/Qwen2.5-Coder-32B-Instruct,1,0,1,1,exacting,0.0,7.0,0.0
2026-05-20 17:53:26,L-P02_m-qwen2.5-coder-32b_sol1_gd1_rs0_bd1_str-exacting_t00_n1,339,3,1,Qwen/Qwen2.5-Coder-32B-Instruct,1,0,1,1,exacting,0.0,7.0,0.0
2026-05-20 17:53:34,L-P02_m-qwen2.5-coder-32b_sol1_gd1_rs0_bd1_str-exacting_t00_n1,340,1,1,Qwen/Qwen2.5-Coder-32B-Instruct,1,0,1,1,exacting,0.0,7.0,0.0
2026-05-20 17:53:40,L-P02_m-qwen2.5-coder-32b_sol1_gd1_rs0_bd1_str-exacting_t00_n1,340,2,1,Qwen/Qwen2.5-Coder-32B-Instruct,1,0,1,1,exacting,0.0,7.0,0.0
2026-05-20 17:53:48,L-P02_m-qwen2.5-coder-32b_sol1_gd1_rs0_bd1_str-exacting_t00_n1,340,3,1,Qwen/Qwen2.5-Coder-32B-Instruct,1,0,1,1,exacting,0.0,6.0,0.0
2026-05-20 17:54:00,L-P02_m-qwen2.5-coder-32b_sol1_gd1_rs0_bd1_str-exacting_t00_n1,341,1,1,Qwen/Qwen2.5-Coder-32B-Instruct,1,0,1,1,exacting,0.0,3.0,0.0
2026-05-20 17:54:09,L-P02_m-qwen2.5-coder-32b_sol1_gd1_rs0_bd1_str-exacting_t00_n1,341,2,1,Qwen/Qwen2.5-Coder-32B-Instruct,1,0,1,1,exacting,0.0,4.0,0.0
2026-05-20 17:54:19,L-P02_m-qwen2.5-coder-32b_sol1_gd1_rs0_bd1_str-exacting_t00_n1,341,3,1,Qwen/Qwen2.5-Coder-32B-Instruct,1,0,1,1,exacting,0.0,4.0,0.0
2026-05-20 17:54:27,L-P02_m-qwen2.5-coder-32b_sol1_gd1_rs0_bd1_str-exacting_t00_n1,342,1,1,Qwen/Qwen2.5-Coder-32B-Instruct,1,0,1,1,exacting,0.0,4.0,0.0
2026-05-20 17:54:35,L-P02_m-qwen2.5-coder-32b_sol1_gd1_rs0_bd1_str-exacting_t00_n1,342,2,1,Qwen/Qwen2.5-Coder-32B-Instruct,1,0,1,1,exacting,0.0,3.0,0.0
2026-05-20 17:54:43,L-P02_m-qwen2.5-coder-32b_sol1_gd1_rs0_bd1_str-exacting_t00_n1,342,3,1,Qwen/Qwen2.5-Coder-32B-Instruct,1,0,1,1,exacting,0.0,2.0,0.0
2026-05-20 17:54:51,L-P02_m-qwen2.5-coder-32b_sol1_gd1_rs0_bd1_str-exacting_t00_n1,343,1,1,Qwen/Qwen2.5-Coder-32B-Instruct,1,0,1,1,exacting,0.0,7.5,0.0
2026-05-20 17:54:59,L-P02_m-qwen2.5-coder-32b_sol1_gd1_rs0_bd1_str-exacting_t00_n1,343,2,1,Qwen/Qwen2.5-Coder-32B-Instruct,1,0,1,1,exacting,0.0,8.0,0.0
2026-05-20 17:55:04,L-P02_m-qwen2.5-coder-32b_sol1_gd1_rs0_bd1_str-exacting_t00_n1,343,3,1,Qwen/Qwen2.5-Coder-32B-Instruct,1,0,1,1,exacting,0.0,5.0,0.0
2026-05-20 17:55:07,L-P02_m-qwen2.5-coder-32b_sol1_gd1_rs0_bd1_str-exacting_t00_n1,343,4,1,Qwen/Qwen2.5-Coder-32B-Instruct,1,0,1,1,exacting,0.0,5.0,0.0
2026-05-20 17:55:16,L-P02_m-qwen2.5-coder-32b_sol1_gd1_rs0_bd1_str-exacting_t00_n1,344,1,1,Qwen/Qwen2.5-Coder-32B-Instruct,1,0,1,1,exacting,0.0,3.0,0.0
2026-05-20 17:55:24,L-P02_m-qwen2.5-coder-32b_sol1_gd1_rs0_bd1_str-exacting_t00_n1,344,2,1,Qwen/Qwen2.5-Coder-32B-Instruct,1,0,1,1,exacting,0.0,5.0,0.0
2026-05-20 17:55:30,L-P02_m-qwen2.5-coder-32b_sol1_gd1_rs0_bd1_str-exacting_t00_n1,344,3,1,Qwen/Qwen2.5-Coder-32B-Instruct,1,0,1,1,exacting,0.0,5.0,0.0
2026-05-20 17:55:34,L-P02_m-qwen2.5-coder-32b_sol1_gd1_rs0_bd1_str-exacting_t00_n1,344,4,1,Qwen/Qwen2.5-Coder-32B-Instruct,1,0,1,1,exacting,0.0,0.0,0.0
2026-05-20 17:55:43,L-P02_m-qwen2.5-coder-32b_sol1_gd1_rs0_bd1_str-exacting_t00_n1,345,1,1,Qwen/Qwen2.5-Coder-32B-Instruct,1,0,1,1,exacting,0.0,3.0,0.0
2026-05-20 17:55:50,L-P02_m-qwen2.5-coder-32b_sol1_gd1_rs0_bd1_str-exacting_t00_n1,345,2,1,Qwen/Qwen2.5-Coder-32B-Instruct,1,0,1,1,exacting,0.0,2.0,0.0
2026-05-20 17:55:56,L-P02_m-qwen2.5-coder-32b_sol1_gd1_rs0_bd1_str-exacting_t00_n1,345,3,1,Qwen/Qwen2.5-Coder-32B-Instruct,1,0,1,1,exacting,0.0,5.0,0.0
2026-05-20 17:56:04,L-P02_m-qwen2.5-coder-32b_sol1_gd1_rs0_bd1_str-exacting_t00_n1,346,1,1,Qwen/Qwen2.5-Coder-32B-Instruct,1,0,1,1,exacting,0.0,6.0,0.0
2026-05-20 17:56:11,L-P02_m-qwen2.5-coder-32b_sol1_gd1_rs0_bd1_str-exacting_t00_n1,346,2,1,Qwen/Qwen2.5-Coder-32B-Instruct,1,0,1,1,exacting,0.0,5.0,0.0
2026-05-20 17:56:22,L-P02_m-qwen2.5-coder-32b_sol1_gd1_rs0_bd1_str-exacting_t00_n1,346,3,1,Qwen/Qwen2.5-Coder-32B-Instruct,1,0,1,1,exacting,0.0,3.0,0.0
2026-05-20 17:56:24,L-P02_m-qwen2.5-coder-32b_sol1_gd1_rs0_bd1_str-exacting_t00_n1,346,4,1,Qwen/Qwen2.5-Coder-32B-Instruct,1,0,1,1,exacting,0.0,0.0,0.0
2026-05-20 17:56:37,L-P02_m-qwen2.5-coder-32b_sol1_gd1_rs0_bd1_str-exacting_t00_n1,347,1,1,Qwen/Qwen2.5-Coder-32B-Instruct,1,0,1,1,exacting,0.0,7.0,0.0
2026-05-20 17:56:44,L-P02_m-qwen2.5-coder-32b_sol1_gd1_rs0_bd1_str-exacting_t00_n1,347,2,1,Qwen/Qwen2.5-Coder-32B-Instruct,1,0,1,1,exacting,0.0,6.0,0.0
2026-05-20 17:56:51,L-P02_m-qwen2.5-coder-32b_sol1_gd1_rs0_bd1_str-exacting_t00_n1,347,3,1,Qwen/Qwen2.5-Coder-32B-Instruct,1,0,1,1,exacting,0.0,8.0,0.0
2026-05-20 17:56:54,L-P02_m-qwen2.5-coder-32b_sol1_gd1_rs0_bd1_str-exacting_t00_n1,347,4,1,Qwen/Qwen2.5-Coder-32B-Instruct,1,0,1,1,exacting,0.0,0.0,0.0
2026-05-20 17:57:03,L-P02_m-qwen2.5-coder-32b_sol1_gd1_rs0_bd1_str-exacting_t00_n1,348,1,1,Qwen/Qwen2.5-Coder-32B-Instruct,1,0,1,1,exacting,0.0,2.0,0.0
2026-05-20 17:57:13,L-P02_m-qwen2.5-coder-32b_sol1_gd1_rs0_bd1_str-exacting_t00_n1,348,2,1,Qwen/Qwen2.5-Coder-32B-Instruct,1,0,1,1,exacting,0.0,6.0,0.0
2026-05-20 17:57:21,L-P02_m-qwen2.5-coder-32b_sol1_gd1_rs0_bd1_str-exacting_t00_n1,348,3,1,Qwen/Qwen2.5-Coder-32B-Instruct,1,0,1,1,exacting,0.0,8.0,0.0
2026-05-20 17:57:29,L-P02_m-qwen2.5-coder-32b_sol1_gd1_rs0_bd1_str-exacting_t00_n1,349,1,1,Qwen/Qwen2.5-Coder-32B-Instruct,1,0,1,1,exacting,0.0,8.0,0.0
2026-05-20 17:57:40,L-P02_m-qwen2.5-coder-32b_sol1_gd1_rs0_bd1_str-exacting_t00_n1,349,2,1,Qwen/Qwen2.5-Coder-32B-Instruct,1,0,1,1,exacting,0.0,7.0,0.0
2026-05-20 17:57:45,L-P02_m-qwen2.5-coder-32b_sol1_gd1_rs0_bd1_str-exacting_t00_n1,349,3,1,Qwen/Qwen2.5-Coder-32B-Instruct,1,0,1,1,exacting,0.0,0.5,0.0
2026-05-20 17:57:48,L-P02_m-qwen2.5-coder-32b_sol1_gd1_rs0_bd1_str-exacting_t00_n1,349,4,1,Qwen/Qwen2.5-Coder-32B-Instruct,1,0,1,1,exacting,0.0,0.0,0.0
2026-05-20 17:57:56,L-P02_m-qwen2.5-coder-32b_sol1_gd1_rs0_bd1_str-exacting_t00_n1,350,1,1,Qwen/Qwen2.5-Coder-32B-Instruct,1,0,1,1,exacting,0.0,5.0,0.0
2026-05-20 17:58:04,L-P02_m-qwen2.5-coder-32b_sol1_gd1_rs0_bd1_str-exacting_t00_n1,350,2,1,Qwen/Qwen2.5-Coder-32B-Instruct,1,0,1,1,exacting,0.0,4.0,0.0
2026-05-20 17:58:11,L-P02_m-qwen2.5-coder-32b_sol1_gd1_rs0_bd1_str-exacting_t00_n1,350,3,1,Qwen/Qwen2.5-Coder-32B-Instruct,1,0,1,1,exacting,0.0,8.0,0.0
2026-05-20 17:58:15,L-P02_m-qwen2.5-coder-32b_sol1_gd1_rs0_bd1_str-exacting_t00_n1,350,4,1,Qwen/Qwen2.5-Coder-32B-Instruct,1,0,1,1,exacting,0.0,0.0,0.0
2026-05-20 17:58:26,L-P02_m-qwen2.5-coder-32b_sol1_gd1_rs0_bd1_str-exacting_t00_n1,351,1,1,Qwen/Qwen2.5-Coder-32B-Instruct,1,0,1,1,exacting,0.0,5.0,0.0
2026-05-20 17:58:33,L-P02_m-qwen2.5-coder-32b_sol1_gd1_rs0_bd1_str-exacting_t00_n1,351,2,1,Qwen/Qwen2.5-Coder-32B-Instruct,1,0,1,1,exacting,0.0,8.5,1.0
2026-05-20 17:58:39,L-P02_m-qwen2.5-coder-32b_sol1_gd1_rs0_bd1_str-exacting_t00_n1,351,3,1,Qwen/Qwen2.5-Coder-32B-Instruct,1,0,1,1,exacting,0.0,5.0,0.0
2026-05-20 17:58:43,L-P02_m-qwen2.5-coder-32b_sol1_gd1_rs0_bd1_str-exacting_t00_n1,351,4,1,Qwen/Qwen2.5-Coder-32B-Instruct,1,0,1,1,exacting,0.0,0.0,0.0
2026-05-20 17:58:51,L-P02_m-qwen2.5-coder-32b_sol1_gd1_rs0_bd1_str-exacting_t00_n1,352,1,1,Qwen/Qwen2.5-Coder-32B-Instruct,1,0,1,1,exacting,0.0,2.0,0.0
2026-05-20 17:58:58,L-P02_m-qwen2.5-coder-32b_sol1_gd1_rs0_bd1_str-exacting_t00_n1,352,2,1,Qwen/Qwen2.5-Coder-32B-Instruct,1,0,1,1,exacting,0.0,7.0,0.0
2026-05-20 17:59:04,L-P02_m-qwen2.5-coder-32b_sol1_gd1_rs0_bd1_str-exacting_t00_n1,352,3,1,Qwen/Qwen2.5-Coder-32B-Instruct,1,0,1,1,exacting,0.0,4.0,0.0
2026-05-20 17:59:12,L-P02_m-qwen2.5-coder-32b_sol1_gd1_rs0_bd1_str-exacting_t00_n1,353,1,1,Qwen/Qwen2.5-Coder-32B-Instruct,1,0,1,1,exacting,0.0,8.0,0.0
2026-05-20 17:59:19,L-P02_m-qwen2.5-coder-32b_sol1_gd1_rs0_bd1_str-exacting_t00_n1,353,2,1,Qwen/Qwen2.5-Coder-32B-Instruct,1,0,1,1,exacting,0.0,5.0,0.0
2026-05-20 17:59:26,L-P02_m-qwen2.5-coder-32b_sol1_gd1_rs0_bd1_str-exacting_t00_n1,353,3,1,Qwen/Qwen2.5-Coder-32B-Instruct,1,0,1,1,exacting,0.0,8.0,0.0
2026-05-20 17:59:36,L-P02_m-qwen2.5-coder-32b_sol1_gd1_rs0_bd1_str-exacting_t00_n1,354,1,1,Qwen/Qwen2.5-Coder-32B-Instruct,1,0,1,1,exacting,0.0,7.0,0.0
2026-05-20 17:59:43,L-P02_m-qwen2.5-coder-32b_sol1_gd1_rs0_bd1_str-exacting_t00_n1,354,2,1,Qwen/Qwen2.5-Coder-32B-Instruct,1,0,1,1,exacting,0.0,5.0,0.0
2026-05-20 17:59:51,L-P02_m-qwen2.5-coder-32b_sol1_gd1_rs0_bd1_str-exacting_t00_n1,354,3,1,Qwen/Qwen2.5-Coder-32B-Instruct,1,0,1,1,exacting,0.0,5.0,0.0
2026-05-20 17:59:59,L-P02_m-qwen2.5-coder-32b_sol1_gd1_rs0_bd1_str-exacting_t00_n1,355,1,1,Qwen/Qwen2.5-Coder-32B-Instruct,1,0,1,1,exacting,0.0,5.0,0.0
2026-05-20 18:00:11,L-P02_m-qwen2.5-coder-32b_sol1_gd1_rs0_bd1_str-exacting_t00_n1,355,2,1,Qwen/Qwen2.5-Coder-32B-Instruct,1,0,1,1,exacting,0.0,5.0,0.0
2026-05-20 18:00:17,L-P02_m-qwen2.5-coder-32b_sol1_gd1_rs0_bd1_str-exacting_t00_n1,355,3,1,Qwen/Qwen2.5-Coder-32B-Instruct,1,0,1,1,exacting,0.0,4.0,0.0
2026-05-20 18:00:21,L-P02_m-qwen2.5-coder-32b_sol1_gd1_rs0_bd1_str-exacting_t00_n1,355,4,1,Qwen/Qwen2.5-Coder-32B-Instruct,1,0,1,1,exacting,0.0,0.0,0.0
2026-05-20 18:00:29,L-P02_m-qwen2.5-coder-32b_sol1_gd1_rs0_bd1_str-exacting_t00_n1,356,1,1,Qwen/Qwen2.5-Coder-32B-Instruct,1,0,1,1,exacting,0.0,3.0,0.0
2026-05-20 18:00:36,L-P02_m-qwen2.5-coder-32b_sol1_gd1_rs0_bd1_str-exacting_t00_n1,356,2,1,Qwen/Qwen2.5-Coder-32B-Instruct,1,0,1,1,exacting,0.0,6.0,0.0
2026-05-20 18:00:41,L-P02_m-qwen2.5-coder-32b_sol1_gd1_rs0_bd1_str-exacting_t00_n1,356,3,1,Qwen/Qwen2.5-Coder-32B-Instruct,1,0,1,1,exacting,0.0,0.0,0.0
2026-05-20 18:00:50,L-P02_m-qwen2.5-coder-32b_sol1_gd1_rs0_bd1_str-exacting_t00_n1,357,1,1,Qwen/Qwen2.5-Coder-32B-Instruct,1,0,1,1,exacting,0.0,6.0,0.0
2026-05-20 18:00:57,L-P02_m-qwen2.5-coder-32b_sol1_gd1_rs0_bd1_str-exacting_t00_n1,357,2,1,Qwen/Qwen2.5-Coder-32B-Instruct,1,0,1,1,exacting,0.0,7.0,0.0
2026-05-20 18:01:03,L-P02_m-qwen2.5-coder-32b_sol1_gd1_rs0_bd1_str-exacting_t00_n1,357,3,1,Qwen/Qwen2.5-Coder-32B-Instruct,1,0,1,1,exacting,0.0,8.0,0.0
2026-05-20 18:01:14,L-P02_m-qwen2.5-coder-32b_sol1_gd1_rs0_bd1_str-exacting_t00_n1,358,1,1,Qwen/Qwen2.5-Coder-32B-Instruct,1,0,1,1,exacting,0.0,7.0,0.0
2026-05-20 18:01:21,L-P02_m-qwen2.5-coder-32b_sol1_gd1_rs0_bd1_str-exacting_t00_n1,358,2,1,Qwen/Qwen2.5-Coder-32B-Instruct,1,0,1,1,exacting,0.0,8.5,0.0
2026-05-20 18:01:29,L-P02_m-qwen2.5-coder-32b_sol1_gd1_rs0_bd1_str-exacting_t00_n1,358,3,1,Qwen/Qwen2.5-Coder-32B-Instruct,1,0,1,1,exacting,0.0,6.0,0.0
2026-05-20 18:01:32,L-P02_m-qwen2.5-coder-32b_sol1_gd1_rs0_bd1_str-exacting_t00_n1,358,4,1,Qwen/Qwen2.5-Coder-32B-Instruct,1,0,1,1,exacting,0.0,5.0,0.0
2026-05-20 18:01:40,L-P02_m-qwen2.5-coder-32b_sol1_gd1_rs0_bd1_str-exacting_t00_n1,359,1,1,Qwen/Qwen2.5-Coder-32B-Instruct,1,0,1,1,exacting,0.0,5.0,0.0
2026-05-20 18:01:50,L-P02_m-qwen2.5-coder-32b_sol1_gd1_rs0_bd1_str-exacting_t00_n1,359,2,1,Qwen/Qwen2.5-Coder-32B-Instruct,1,0,1,1,exacting,0.0,5.0,0.0
2026-05-20 18:01:59,L-P02_m-qwen2.5-coder-32b_sol1_gd1_rs0_bd1_str-exacting_t00_n1,360,1,1,Qwen/Qwen2.5-Coder-32B-Instruct,1,0,1,1,exacting,0.0,4.0,0.0
2026-05-20 18:02:05,L-P02_m-qwen2.5-coder-32b_sol1_gd1_rs0_bd1_str-exacting_t00_n1,360,2,1,Qwen/Qwen2.5-Coder-32B-Instruct,1,0,1,1,exacting,0.0,6.0,0.0
2026-05-20 18:02:13,L-P02_m-qwen2.5-coder-32b_sol1_gd1_rs0_bd1_str-exacting_t00_n1,360,3,1,Qwen/Qwen2.5-Coder-32B-Instruct,1,0,1,1,exacting,0.0,8.0,0.0
2026-05-20 18:02:22,L-P02_m-qwen2.5-coder-32b_sol1_gd1_rs0_bd1_str-exacting_t00_n1,361,1,1,Qwen/Qwen2.5-Coder-32B-Instruct,1,0,1,1,exacting,0.0,5.0,0.0
2026-05-20 18:02:29,L-P02_m-qwen2.5-coder-32b_sol1_gd1_rs0_bd1_str-exacting_t00_n1,361,2,1,Qwen/Qwen2.5-Coder-32B-Instruct,1,0,1,1,exacting,0.0,6.0,0.0
2026-05-20 18:02:34,L-P02_m-qwen2.5-coder-32b_sol1_gd1_rs0_bd1_str-exacting_t00_n1,361,3,1,Qwen/Qwen2.5-Coder-32B-Instruct,1,0,1,1,exacting,0.0,0.0,0.0
2026-05-20 18:02:43,L-P02_m-qwen2.5-coder-32b_sol1_gd1_rs0_bd1_str-exacting_t00_n1,362,1,1,Qwen/Qwen2.5-Coder-32B-Instruct,1,0,1,1,exacting,0.0,4.0,0.0
2026-05-20 18:02:53,L-P02_m-qwen2.5-coder-32b_sol1_gd1_rs0_bd1_str-exacting_t00_n1,362,2,1,Qwen/Qwen2.5-Coder-32B-Instruct,1,0,1,1,exacting,0.0,7.0,0.0
2026-05-20 18:03:02,L-P02_m-qwen2.5-coder-32b_sol1_gd1_rs0_bd1_str-exacting_t00_n1,362,3,1,Qwen/Qwen2.5-Coder-32B-Instruct,1,0,1,1,exacting,0.0,2.0,0.0
2026-05-20 18:03:11,L-P02_m-qwen2.5-coder-32b_sol1_gd1_rs0_bd1_str-exacting_t00_n1,363,1,1,Qwen/Qwen2.5-Coder-32B-Instruct,1,0,1,1,exacting,0.0,6.0,0.0
2026-05-20 18:03:20,L-P02_m-qwen2.5-coder-32b_sol1_gd1_rs0_bd1_str-exacting_t00_n1,363,2,1,Qwen/Qwen2.5-Coder-32B-Instruct,1,0,1,1,exacting,0.0,7.0,0.0
2026-05-20 18:03:28,L-P02_m-qwen2.5-coder-32b_sol1_gd1_rs0_bd1_str-exacting_t00_n1,363,3,1,Qwen/Qwen2.5-Coder-32B-Instruct,1,0,1,1,exacting,0.0,8.0,0.0
2026-05-20 18:03:37,L-P02_m-qwen2.5-coder-32b_sol1_gd1_rs0_bd1_str-exacting_t00_n1,364,1,1,Qwen/Qwen2.5-Coder-32B-Instruct,1,0,1,1,exacting,0.0,3.0,0.0
2026-05-20 18:03:47,L-P02_m-qwen2.5-coder-32b_sol1_gd1_rs0_bd1_str-exacting_t00_n1,364,2,1,Qwen/Qwen2.5-Coder-32B-Instruct,1,0,1,1,exacting,0.0,6.0,0.0
2026-05-20 18:03:58,L-P02_m-qwen2.5-coder-32b_sol1_gd1_rs0_bd1_str-exacting_t00_n1,364,3,1,Qwen/Qwen2.5-Coder-32B-Instruct,1,0,1,1,exacting,0.0,2.0,0.0
2026-05-20 18:04:06,L-P02_m-qwen2.5-coder-32b_sol1_gd1_rs0_bd1_str-exacting_t00_n1,365,1,1,Qwen/Qwen2.5-Coder-32B-Instruct,1,0,1,1,exacting,0.0,4.0,0.0
2026-05-20 18:04:16,L-P02_m-qwen2.5-coder-32b_sol1_gd1_rs0_bd1_str-exacting_t00_n1,365,2,1,Qwen/Qwen2.5-Coder-32B-Instruct,1,0,1,1,exacting,0.0,5.0,0.0
2026-05-20 18:04:23,L-P02_m-qwen2.5-coder-32b_sol1_gd1_rs0_bd1_str-exacting_t00_n1,365,3,1,Qwen/Qwen2.5-Coder-32B-Instruct,1,0,1,1,exacting,0.0,6.0,0.0
2026-05-20 18:04:26,L-P02_m-qwen2.5-coder-32b_sol1_gd1_rs0_bd1_str-exacting_t00_n1,365,4,1,Qwen/Qwen2.5-Coder-32B-Instruct,1,0,1,1,exacting,0.0,5.0,0.0
2026-05-20 18:04:34,L-P02_m-qwen2.5-coder-32b_sol1_gd1_rs0_bd1_str-exacting_t00_n1,366,1,1,Qwen/Qwen2.5-Coder-32B-Instruct,1,0,1,1,exacting,0.0,7.5,0.0
2026-05-20 18:04:42,L-P02_m-qwen2.5-coder-32b_sol1_gd1_rs0_bd1_str-exacting_t00_n1,366,2,1,Qwen/Qwen2.5-Coder-32B-Instruct,1,0,1,1,exacting,0.0,7.0,0.0
2026-05-20 18:04:51,L-P02_m-qwen2.5-coder-32b_sol1_gd1_rs0_bd1_str-exacting_t00_n1,366,3,1,Qwen/Qwen2.5-Coder-32B-Instruct,1,0,1,1,exacting,0.0,2.0,0.0
2026-05-20 18:04:59,L-P02_m-qwen2.5-coder-32b_sol1_gd1_rs0_bd1_str-exacting_t00_n1,367,1,1,Qwen/Qwen2.5-Coder-32B-Instruct,1,0,1,1,exacting,0.0,7.0,0.0
2026-05-20 18:05:06,L-P02_m-qwen2.5-coder-32b_sol1_gd1_rs0_bd1_str-exacting_t00_n1,367,2,1,Qwen/Qwen2.5-Coder-32B-Instruct,1,0,1,1,exacting,0.0,7.0,0.0
2026-05-20 18:05:13,L-P02_m-qwen2.5-coder-32b_sol1_gd1_rs0_bd1_str-exacting_t00_n1,367,3,1,Qwen/Qwen2.5-Coder-32B-Instruct,1,0,1,1,exacting,0.0,4.0,0.0
2026-05-20 18:05:16,L-P02_m-qwen2.5-coder-32b_sol1_gd1_rs0_bd1_str-exacting_t00_n1,367,4,1,Qwen/Qwen2.5-Coder-32B-Instruct,1,0,1,1,exacting,0.0,0.0,0.0
2026-05-20 18:05:24,L-P02_m-qwen2.5-coder-32b_sol1_gd1_rs0_bd1_str-exacting_t00_n1,368,1,1,Qwen/Qwen2.5-Coder-32B-Instruct,1,0,1,1,exacting,0.0,7.5,0.0
2026-05-20 18:05:32,L-P02_m-qwen2.5-coder-32b_sol1_gd1_rs0_bd1_str-exacting_t00_n1,368,2,1,Qwen/Qwen2.5-Coder-32B-Instruct,1,0,1,1,exacting,0.0,7.0,0.0
2026-05-20 18:05:37,L-P02_m-qwen2.5-coder-32b_sol1_gd1_rs0_bd1_str-exacting_t00_n1,368,3,1,Qwen/Qwen2.5-Coder-32B-Instruct,1,0,1,1,exacting,0.0,5.0,0.0
2026-05-20 18:05:45,L-P02_m-qwen2.5-coder-32b_sol1_gd1_rs0_bd1_str-exacting_t00_n1,369,1,1,Qwen/Qwen2.5-Coder-32B-Instruct,1,0,1,1,exacting,0.0,8.5,3.0
2026-05-20 18:05:52,L-P02_m-qwen2.5-coder-32b_sol1_gd1_rs0_bd1_str-exacting_t00_n1,369,2,1,Qwen/Qwen2.5-Coder-32B-Instruct,1,0,1,1,exacting,0.0,8.5,3.0
2026-05-20 18:05:59,L-P02_m-qwen2.5-coder-32b_sol1_gd1_rs0_bd1_str-exacting_t00_n1,369,3,1,Qwen/Qwen2.5-Coder-32B-Instruct,1,0,1,1,exacting,0.0,7.0,0.0
2026-05-20 18:06:02,L-P02_m-qwen2.5-coder-32b_sol1_gd1_rs0_bd1_str-exacting_t00_n1,369,4,1,Qwen/Qwen2.5-Coder-32B-Instruct,1,0,1,1,exacting,0.0,5.0,0.0
2026-05-20 18:06:10,L-P02_m-qwen2.5-coder-32b_sol1_gd1_rs0_bd1_str-exacting_t00_n1,370,1,1,Qwen/Qwen2.5-Coder-32B-Instruct,1,0,1,1,exacting,0.0,8.0,0.0
2026-05-20 18:06:17,L-P02_m-qwen2.5-coder-32b_sol1_gd1_rs0_bd1_str-exacting_t00_n1,370,2,1,Qwen/Qwen2.5-Coder-32B-Instruct,1,0,1,1,exacting,0.0,7.0,0.0
2026-05-20 18:06:25,L-P02_m-qwen2.5-coder-32b_sol1_gd1_rs0_bd1_str-exacting_t00_n1,370,3,1,Qwen/Qwen2.5-Coder-32B-Instruct,1,0,1,1,exacting,0.0,7.0,0.0
2026-05-20 18:06:33,L-P02_m-qwen2.5-coder-32b_sol1_gd1_rs0_bd1_str-exacting_t00_n1,371,1,1,Qwen/Qwen2.5-Coder-32B-Instruct,1,0,1,1,exacting,0.0,5.0,0.0
2026-05-20 18:06:46,L-P02_m-qwen2.5-coder-32b_sol1_gd1_rs0_bd1_str-exacting_t00_n1,371,2,1,Qwen/Qwen2.5-Coder-32B-Instruct,1,0,1,1,exacting,0.0,5.0,0.0
2026-05-20 18:06:57,L-P02_m-qwen2.5-coder-32b_sol1_gd1_rs0_bd1_str-exacting_t00_n1,371,3,1,Qwen/Qwen2.5-Coder-32B-Instruct,1,0,1,1,exacting,0.0,3.0,0.0
2026-05-20 18:07:06,L-P02_m-qwen2.5-coder-32b_sol1_gd1_rs0_bd1_str-exacting_t00_n1,372,1,1,Qwen/Qwen2.5-Coder-32B-Instruct,1,0,1,1,exacting,0.0,7.0,0.0
2026-05-20 18:07:14,L-P02_m-qwen2.5-coder-32b_sol1_gd1_rs0_bd1_str-exacting_t00_n1,372,2,1,Qwen/Qwen2.5-Coder-32B-Instruct,1,0,1,1,exacting,0.0,7.0,0.0
2026-05-20 18:07:20,L-P02_m-qwen2.5-coder-32b_sol1_gd1_rs0_bd1_str-exacting_t00_n1,372,3,1,Qwen/Qwen2.5-Coder-32B-Instruct,1,0,1,1,exacting,0.0,4.0,0.0
2026-05-20 18:07:28,L-P02_m-qwen2.5-coder-32b_sol1_gd1_rs0_bd1_str-exacting_t00_n1,373,1,1,Qwen/Qwen2.5-Coder-32B-Instruct,1,0,1,1,exacting,0.0,5.0,0.0
2026-05-20 18:07:34,L-P02_m-qwen2.5-coder-32b_sol1_gd1_rs0_bd1_str-exacting_t00_n1,373,2,1,Qwen/Qwen2.5-Coder-32B-Instruct,1,0,1,1,exacting,0.0,7.0,0.0
2026-05-20 18:07:42,L-P02_m-qwen2.5-coder-32b_sol1_gd1_rs0_bd1_str-exacting_t00_n1,373,3,1,Qwen/Qwen2.5-Coder-32B-Instruct,1,0,1,1,exacting,0.0,8.0,0.0
2026-05-20 18:07:51,L-P02_m-qwen2.5-coder-32b_sol1_gd1_rs0_bd1_str-exacting_t00_n1,374,1,1,Qwen/Qwen2.5-Coder-32B-Instruct,1,0,1,1,exacting,0.0,5.0,0.0
2026-05-20 18:07:58,L-P02_m-qwen2.5-coder-32b_sol1_gd1_rs0_bd1_str-exacting_t00_n1,374,2,1,Qwen/Qwen2.5-Coder-32B-Instruct,1,0,1,1,exacting,0.0,5.0,0.0
2026-05-20 18:08:08,L-P02_m-qwen2.5-coder-32b_sol1_gd1_rs0_bd1_str-exacting_t00_n1,374,3,1,Qwen/Qwen2.5-Coder-32B-Instruct,1,0,1,1,exacting,0.0,2.0,0.0
2026-05-20 18:08:11,L-P02_m-qwen2.5-coder-32b_sol1_gd1_rs0_bd1_str-exacting_t00_n1,374,4,1,Qwen/Qwen2.5-Coder-32B-Instruct,1,0,1,1,exacting,0.0,0.0,0.0
2026-05-20 18:08:19,L-P02_m-qwen2.5-coder-32b_sol1_gd1_rs0_bd1_str-exacting_t00_n1,375,1,1,Qwen/Qwen2.5-Coder-32B-Instruct,1,0,1,1,exacting,0.0,5.0,0.0
2026-05-20 18:08:26,L-P02_m-qwen2.5-coder-32b_sol1_gd1_rs0_bd1_str-exacting_t00_n1,375,2,1,Qwen/Qwen2.5-Coder-32B-Instruct,1,0,1,1,exacting,0.0,6.0,0.0
2026-05-20 18:08:35,L-P02_m-qwen2.5-coder-32b_sol1_gd1_rs0_bd1_str-exacting_t00_n1,375,3,1,Qwen/Qwen2.5-Coder-32B-Instruct,1,0,1,1,exacting,0.0,3.0,0.0
2026-05-20 18:08:43,L-P02_m-qwen2.5-coder-32b_sol1_gd1_rs0_bd1_str-exacting_t00_n1,376,1,1,Qwen/Qwen2.5-Coder-32B-Instruct,1,0,1,1,exacting,0.0,5.0,0.0
2026-05-20 18:08:49,L-P02_m-qwen2.5-coder-32b_sol1_gd1_rs0_bd1_str-exacting_t00_n1,376,2,1,Qwen/Qwen2.5-Coder-32B-Instruct,1,0,1,1,exacting,0.0,6.0,0.0
2026-05-20 18:08:57,L-P02_m-qwen2.5-coder-32b_sol1_gd1_rs0_bd1_str-exacting_t00_n1,376,3,1,Qwen/Qwen2.5-Coder-32B-Instruct,1,0,1,1,exacting,0.0,5.0,0.0
2026-05-20 18:09:05,L-P02_m-qwen2.5-coder-32b_sol1_gd1_rs0_bd1_str-exacting_t00_n1,377,1,1,Qwen/Qwen2.5-Coder-32B-Instruct,1,0,1,1,exacting,0.0,6.0,0.0
2026-05-20 18:09:12,L-P02_m-qwen2.5-coder-32b_sol1_gd1_rs0_bd1_str-exacting_t00_n1,377,2,1,Qwen/Qwen2.5-Coder-32B-Instruct,1,0,1,1,exacting,0.0,5.0,0.0
2026-05-20 18:09:20,L-P02_m-qwen2.5-coder-32b_sol1_gd1_rs0_bd1_str-exacting_t00_n1,377,3,1,Qwen/Qwen2.5-Coder-32B-Instruct,1,0,1,1,exacting,0.0,4.0,0.0
2026-05-20 18:09:28,L-P02_m-qwen2.5-coder-32b_sol1_gd1_rs0_bd1_str-exacting_t00_n1,378,1,1,Qwen/Qwen2.5-Coder-32B-Instruct,1,0,1,1,exacting,0.0,7.0,0.0
2026-05-20 18:09:36,L-P02_m-qwen2.5-coder-32b_sol1_gd1_rs0_bd1_str-exacting_t00_n1,378,2,1,Qwen/Qwen2.5-Coder-32B-Instruct,1,0,1,1,exacting,0.0,7.0,0.0
2026-05-20 18:09:44,L-P02_m-qwen2.5-coder-32b_sol1_gd1_rs0_bd1_str-exacting_t00_n1,378,3,1,Qwen/Qwen2.5-Coder-32B-Instruct,1,0,1,1,exacting,0.0,7.0,0.0
2026-05-20 18:09:47,L-P02_m-qwen2.5-coder-32b_sol1_gd1_rs0_bd1_str-exacting_t00_n1,378,4,1,Qwen/Qwen2.5-Coder-32B-Instruct,1,0,1,1,exacting,0.0,0.0,0.0
2026-05-20 18:09:56,L-P02_m-qwen2.5-coder-32b_sol1_gd1_rs0_bd1_str-exacting_t00_n1,379,1,1,Qwen/Qwen2.5-Coder-32B-Instruct,1,0,1,1,exacting,0.0,8.0,0.0
2026-05-20 18:10:02,L-P02_m-qwen2.5-coder-32b_sol1_gd1_rs0_bd1_str-exacting_t00_n1,379,2,1,Qwen/Qwen2.5-Coder-32B-Instruct,1,0,1,1,exacting,0.0,7.0,0.0
2026-05-20 18:10:11,L-P02_m-qwen2.5-coder-32b_sol1_gd1_rs0_bd1_str-exacting_t00_n1,379,3,1,Qwen/Qwen2.5-Coder-32B-Instruct,1,0,1,1,exacting,0.0,7.5,0.0
2026-05-20 18:10:15,L-P02_m-qwen2.5-coder-32b_sol1_gd1_rs0_bd1_str-exacting_t00_n1,379,4,1,Qwen/Qwen2.5-Coder-32B-Instruct,1,0,1,1,exacting,0.0,0.0,0.0
2026-05-20 18:10:24,L-P02_m-qwen2.5-coder-32b_sol1_gd1_rs0_bd1_str-exacting_t00_n1,380,1,1,Qwen/Qwen2.5-Coder-32B-Instruct,1,0,1,1,exacting,0.0,7.0,0.0
2026-05-20 18:10:31,L-P02_m-qwen2.5-coder-32b_sol1_gd1_rs0_bd1_str-exacting_t00_n1,380,2,1,Qwen/Qwen2.5-Coder-32B-Instruct,1,0,1,1,exacting,0.0,7.0,0.0
2026-05-20 18:10:39,L-P02_m-qwen2.5-coder-32b_sol1_gd1_rs0_bd1_str-exacting_t00_n1,380,3,1,Qwen/Qwen2.5-Coder-32B-Instruct,1,0,1,1,exacting,0.0,8.0,0.0
2026-05-20 18:10:43,L-P02_m-qwen2.5-coder-32b_sol1_gd1_rs0_bd1_str-exacting_t00_n1,380,4,1,Qwen/Qwen2.5-Coder-32B-Instruct,1,0,1,1,exacting,0.0,0.0,0.0
2026-05-20 18:10:51,L-P02_m-qwen2.5-coder-32b_sol1_gd1_rs0_bd1_str-exacting_t00_n1,381,1,1,Qwen/Qwen2.5-Coder-32B-Instruct,1,0,1,1,exacting,0.0,5.0,0.0
2026-05-20 18:10:58,L-P02_m-qwen2.5-coder-32b_sol1_gd1_rs0_bd1_str-exacting_t00_n1,381,2,1,Qwen/Qwen2.5-Coder-32B-Instruct,1,0,1,1,exacting,0.0,5.0,0.0
2026-05-20 18:11:06,L-P02_m-qwen2.5-coder-32b_sol1_gd1_rs0_bd1_str-exacting_t00_n1,381,3,1,Qwen/Qwen2.5-Coder-32B-Instruct,1,0,1,1,exacting,0.0,8.0,0.0
2026-05-20 18:11:14,L-P02_m-qwen2.5-coder-32b_sol1_gd1_rs0_bd1_str-exacting_t00_n1,382,1,1,Qwen/Qwen2.5-Coder-32B-Instruct,1,0,1,1,exacting,0.0,8.0,0.0
2026-05-20 18:11:21,L-P02_m-qwen2.5-coder-32b_sol1_gd1_rs0_bd1_str-exacting_t00_n1,382,2,1,Qwen/Qwen2.5-Coder-32B-Instruct,1,0,1,1,exacting,0.0,5.0,0.0
2026-05-20 18:11:32,L-P02_m-qwen2.5-coder-32b_sol1_gd1_rs0_bd1_str-exacting_t00_n1,382,3,1,Qwen/Qwen2.5-Coder-32B-Instruct,1,0,1,1,exacting,0.0,4.0,0.0
2026-05-20 18:11:40,L-P02_m-qwen2.5-coder-32b_sol1_gd1_rs0_bd1_str-exacting_t00_n1,383,1,1,Qwen/Qwen2.5-Coder-32B-Instruct,1,0,1,1,exacting,0.0,5.0,0.0
2026-05-20 18:11:48,L-P02_m-qwen2.5-coder-32b_sol1_gd1_rs0_bd1_str-exacting_t00_n1,383,2,1,Qwen/Qwen2.5-Coder-32B-Instruct,1,0,1,1,exacting,0.0,4.0,0.0
2026-05-20 18:11:55,L-P02_m-qwen2.5-coder-32b_sol1_gd1_rs0_bd1_str-exacting_t00_n1,383,3,1,Qwen/Qwen2.5-Coder-32B-Instruct,1,0,1,1,exacting,0.0,8.0,0.0
2026-05-20 18:12:03,L-P02_m-qwen2.5-coder-32b_sol1_gd1_rs0_bd1_str-exacting_t00_n1,384,1,1,Qwen/Qwen2.5-Coder-32B-Instruct,1,0,1,1,exacting,0.0,1.5,0.0
2026-05-20 18:12:11,L-P02_m-qwen2.5-coder-32b_sol1_gd1_rs0_bd1_str-exacting_t00_n1,384,2,1,Qwen/Qwen2.5-Coder-32B-Instruct,1,0,1,1,exacting,0.0,0.0,0.0
2026-05-20 18:12:20,L-P02_m-qwen2.5-coder-32b_sol1_gd1_rs0_bd1_str-exacting_t00_n1,384,3,1,Qwen/Qwen2.5-Coder-32B-Instruct,1,0,1,1,exacting,0.0,4.0,0.0
2026-05-20 18:12:27,L-P02_m-qwen2.5-coder-32b_sol1_gd1_rs0_bd1_str-exacting_t00_n1,385,1,1,Qwen/Qwen2.5-Coder-32B-Instruct,1,0,1,1,exacting,0.0,3.0,0.0
2026-05-20 18:12:36,L-P02_m-qwen2.5-coder-32b_sol1_gd1_rs0_bd1_str-exacting_t00_n1,385,2,1,Qwen/Qwen2.5-Coder-32B-Instruct,1,0,1,1,exacting,0.0,5.0,0.0
2026-05-20 18:12:45,L-P02_m-qwen2.5-coder-32b_sol1_gd1_rs0_bd1_str-exacting_t00_n1,385,3,1,Qwen/Qwen2.5-Coder-32B-Instruct,1,0,1,1,exacting,0.0,3.0,0.0
2026-05-20 18:12:56,L-P02_m-qwen2.5-coder-32b_sol1_gd1_rs0_bd1_str-exacting_t00_n1,386,1,1,Qwen/Qwen2.5-Coder-32B-Instruct,1,0,1,1,exacting,0.0,7.5,0.0
2026-05-20 18:13:04,L-P02_m-qwen2.5-coder-32b_sol1_gd1_rs0_bd1_str-exacting_t00_n1,386,2,1,Qwen/Qwen2.5-Coder-32B-Instruct,1,0,1,1,exacting,0.0,6.0,0.0
2026-05-20 18:13:10,L-P02_m-qwen2.5-coder-32b_sol1_gd1_rs0_bd1_str-exacting_t00_n1,386,3,1,Qwen/Qwen2.5-Coder-32B-Instruct,1,0,1,1,exacting,0.0,4.0,0.0
2026-05-20 18:13:19,L-P02_m-qwen2.5-coder-32b_sol1_gd1_rs0_bd1_str-exacting_t00_n1,387,1,1,Qwen/Qwen2.5-Coder-32B-Instruct,1,0,1,1,exacting,0.0,10.5,3.0
2026-05-20 18:13:27,L-P02_m-qwen2.5-coder-32b_sol1_gd1_rs0_bd1_str-exacting_t00_n1,387,2,1,Qwen/Qwen2.5-Coder-32B-Instruct,1,0,1,1,exacting,0.0,8.0,1.0
2026-05-20 18:13:34,L-P02_m-qwen2.5-coder-32b_sol1_gd1_rs0_bd1_str-exacting_t00_n1,387,3,1,Qwen/Qwen2.5-Coder-32B-Instruct,1,0,1,1,exacting,0.0,8.0,0.0
2026-05-20 18:13:45,L-P02_m-qwen2.5-coder-32b_sol1_gd1_rs0_bd1_str-exacting_t00_n1,388,1,1,Qwen/Qwen2.5-Coder-32B-Instruct,1,0,1,1,exacting,0.0,0.0,0.0
2026-05-20 18:13:52,L-P02_m-qwen2.5-coder-32b_sol1_gd1_rs0_bd1_str-exacting_t00_n1,388,2,1,Qwen/Qwen2.5-Coder-32B-Instruct,1,0,1,1,exacting,0.0,5.0,0.0
2026-05-20 18:14:04,L-P02_m-qwen2.5-coder-32b_sol1_gd1_rs0_bd1_str-exacting_t00_n1,388,3,1,Qwen/Qwen2.5-Coder-32B-Instruct,1,0,1,1,exacting,0.0,3.0,0.0
2026-05-20 18:14:12,L-P02_m-qwen2.5-coder-32b_sol1_gd1_rs0_bd1_str-exacting_t00_n1,389,1,1,Qwen/Qwen2.5-Coder-32B-Instruct,1,0,1,1,exacting,0.0,8.0,0.0
2026-05-20 18:14:21,L-P02_m-qwen2.5-coder-32b_sol1_gd1_rs0_bd1_str-exacting_t00_n1,389,2,1,Qwen/Qwen2.5-Coder-32B-Instruct,1,0,1,1,exacting,0.0,3.5,0.0
2026-05-20 18:14:31,L-P02_m-qwen2.5-coder-32b_sol1_gd1_rs0_bd1_str-exacting_t00_n1,389,3,1,Qwen/Qwen2.5-Coder-32B-Instruct,1,0,1,1,exacting,0.0,5.0,0.0
2026-05-20 18:14:34,L-P02_m-qwen2.5-coder-32b_sol1_gd1_rs0_bd1_str-exacting_t00_n1,389,4,1,Qwen/Qwen2.5-Coder-32B-Instruct,1,0,1,1,exacting,0.0,5.0,0.0
2026-05-20 18:14:43,L-P02_m-qwen2.5-coder-32b_sol1_gd1_rs0_bd1_str-exacting_t00_n1,390,1,1,Qwen/Qwen2.5-Coder-32B-Instruct,1,0,1,1,exacting,0.0,7.0,0.0
2026-05-20 18:14:50,L-P02_m-qwen2.5-coder-32b_sol1_gd1_rs0_bd1_str-exacting_t00_n1,390,2,1,Qwen/Qwen2.5-Coder-32B-Instruct,1,0,1,1,exacting,0.0,8.0,0.0
2026-05-20 18:14:56,L-P02_m-qwen2.5-coder-32b_sol1_gd1_rs0_bd1_str-exacting_t00_n1,390,3,1,Qwen/Qwen2.5-Coder-32B-Instruct,1,0,1,1,exacting,0.0,4.0,0.0
2026-05-20 18:14:58,L-P02_m-qwen2.5-coder-32b_sol1_gd1_rs0_bd1_str-exacting_t00_n1,390,4,1,Qwen/Qwen2.5-Coder-32B-Instruct,1,0,1,1,exacting,0.0,0.0,0.0
2026-05-20 18:15:07,L-P02_m-qwen2.5-coder-32b_sol1_gd1_rs0_bd1_str-exacting_t00_n1,391,1,1,Qwen/Qwen2.5-Coder-32B-Instruct,1,0,1,1,exacting,0.0,4.0,0.0
2026-05-20 18:15:16,L-P02_m-qwen2.5-coder-32b_sol1_gd1_rs0_bd1_str-exacting_t00_n1,391,2,1,Qwen/Qwen2.5-Coder-32B-Instruct,1,0,1,1,exacting,0.0,6.0,0.0
2026-05-20 18:15:24,L-P02_m-qwen2.5-coder-32b_sol1_gd1_rs0_bd1_str-exacting_t00_n1,391,3,1,Qwen/Qwen2.5-Coder-32B-Instruct,1,0,1,1,exacting,0.0,7.0,0.0
2026-05-20 18:15:27,L-P02_m-qwen2.5-coder-32b_sol1_gd1_rs0_bd1_str-exacting_t00_n1,391,4,1,Qwen/Qwen2.5-Coder-32B-Instruct,1,0,1,1,exacting,0.0,0.0,0.0
2026-05-20 18:15:36,L-P02_m-qwen2.5-coder-32b_sol1_gd1_rs0_bd1_str-exacting_t00_n1,392,1,1,Qwen/Qwen2.5-Coder-32B-Instruct,1,0,1,1,exacting,0.0,4.0,0.0
2026-05-20 18:15:43,L-P02_m-qwen2.5-coder-32b_sol1_gd1_rs0_bd1_str-exacting_t00_n1,392,2,1,Qwen/Qwen2.5-Coder-32B-Instruct,1,0,1,1,exacting,0.0,7.0,0.0
2026-05-20 18:15:53,L-P02_m-qwen2.5-coder-32b_sol1_gd1_rs0_bd1_str-exacting_t00_n1,392,3,1,Qwen/Qwen2.5-Coder-32B-Instruct,1,0,1,1,exacting,0.0,0.5,0.0
2026-05-20 18:16:02,L-P02_m-qwen2.5-coder-32b_sol1_gd1_rs0_bd1_str-exacting_t00_n1,393,1,1,Qwen/Qwen2.5-Coder-32B-Instruct,1,0,1,1,exacting,0.0,5.0,0.0
2026-05-20 18:16:09,L-P02_m-qwen2.5-coder-32b_sol1_gd1_rs0_bd1_str-exacting_t00_n1,393,2,1,Qwen/Qwen2.5-Coder-32B-Instruct,1,0,1,1,exacting,0.0,4.0,0.0
2026-05-20 18:16:15,L-P02_m-qwen2.5-coder-32b_sol1_gd1_rs0_bd1_str-exacting_t00_n1,393,3,1,Qwen/Qwen2.5-Coder-32B-Instruct,1,0,1,1,exacting,0.0,5.0,0.0
2026-05-20 18:16:24,L-P02_m-qwen2.5-coder-32b_sol1_gd1_rs0_bd1_str-exacting_t00_n1,394,1,1,Qwen/Qwen2.5-Coder-32B-Instruct,1,0,1,1,exacting,0.0,3.0,0.0
2026-05-20 18:16:31,L-P02_m-qwen2.5-coder-32b_sol1_gd1_rs0_bd1_str-exacting_t00_n1,394,2,1,Qwen/Qwen2.5-Coder-32B-Instruct,1,0,1,1,exacting,0.0,6.0,0.0
2026-05-20 18:16:37,L-P02_m-qwen2.5-coder-32b_sol1_gd1_rs0_bd1_str-exacting_t00_n1,394,3,1,Qwen/Qwen2.5-Coder-32B-Instruct,1,0,1,1,exacting,0.0,4.0,0.0
2026-05-20 18:16:46,L-P02_m-qwen2.5-coder-32b_sol1_gd1_rs0_bd1_str-exacting_t00_n1,395,1,1,Qwen/Qwen2.5-Coder-32B-Instruct,1,0,1,1,exacting,0.0,5.0,0.0
2026-05-20 18:16:53,L-P02_m-qwen2.5-coder-32b_sol1_gd1_rs0_bd1_str-exacting_t00_n1,395,2,1,Qwen/Qwen2.5-Coder-32B-Instruct,1,0,1,1,exacting,0.0,6.0,0.0
2026-05-20 18:17:01,L-P02_m-qwen2.5-coder-32b_sol1_gd1_rs0_bd1_str-exacting_t00_n1,395,3,1,Qwen/Qwen2.5-Coder-32B-Instruct,1,0,1,1,exacting,0.0,8.0,0.0
2026-05-20 18:17:08,L-P02_m-qwen2.5-coder-32b_sol1_gd1_rs0_bd1_str-exacting_t00_n1,396,1,1,Qwen/Qwen2.5-Coder-32B-Instruct,1,0,1,1,exacting,0.0,1.5,0.0
2026-05-20 18:17:15,L-P02_m-qwen2.5-coder-32b_sol1_gd1_rs0_bd1_str-exacting_t00_n1,396,2,1,Qwen/Qwen2.5-Coder-32B-Instruct,1,0,1,1,exacting,0.0,5.0,0.0
2026-05-20 18:17:23,L-P02_m-qwen2.5-coder-32b_sol1_gd1_rs0_bd1_str-exacting_t00_n1,396,3,1,Qwen/Qwen2.5-Coder-32B-Instruct,1,0,1,1,exacting,0.0,3.0,0.0
2026-05-20 18:17:32,L-P02_m-qwen2.5-coder-32b_sol1_gd1_rs0_bd1_str-exacting_t00_n1,397,1,1,Qwen/Qwen2.5-Coder-32B-Instruct,1,0,1,1,exacting,0.0,4.0,0.0
2026-05-20 18:17:38,L-P02_m-qwen2.5-coder-32b_sol1_gd1_rs0_bd1_str-exacting_t00_n1,397,2,1,Qwen/Qwen2.5-Coder-32B-Instruct,1,0,1,1,exacting,0.0,6.0,0.0
2026-05-20 18:17:44,L-P02_m-qwen2.5-coder-32b_sol1_gd1_rs0_bd1_str-exacting_t00_n1,397,3,1,Qwen/Qwen2.5-Coder-32B-Instruct,1,0,1,1,exacting,0.0,2.0,0.0
2026-05-20 18:17:52,L-P02_m-qwen2.5-coder-32b_sol1_gd1_rs0_bd1_str-exacting_t00_n1,398,1,1,Qwen/Qwen2.5-Coder-32B-Instruct,1,0,1,1,exacting,0.0,5.0,0.0
2026-05-20 18:18:00,L-P02_m-qwen2.5-coder-32b_sol1_gd1_rs0_bd1_str-exacting_t00_n1,398,2,1,Qwen/Qwen2.5-Coder-32B-Instruct,1,0,1,1,exacting,0.0,5.0,0.0
2026-05-20 18:18:11,L-P02_m-qwen2.5-coder-32b_sol1_gd1_rs0_bd1_str-exacting_t00_n1,398,3,1,Qwen/Qwen2.5-Coder-32B-Instruct,1,0,1,1,exacting,0.0,3.0,0.0
2026-05-20 18:18:23,L-P02_m-qwen2.5-coder-32b_sol1_gd1_rs0_bd1_str-exacting_t00_n1,399,1,1,Qwen/Qwen2.5-Coder-32B-Instruct,1,0,1,1,exacting,0.0,8.0,0.0
2026-05-20 18:18:28,L-P02_m-qwen2.5-coder-32b_sol1_gd1_rs0_bd1_str-exacting_t00_n1,399,2,1,Qwen/Qwen2.5-Coder-32B-Instruct,1,0,1,1,exacting,0.0,0.0,0.0
2026-05-20 18:18:36,L-P02_m-qwen2.5-coder-32b_sol1_gd1_rs0_bd1_str-exacting_t00_n1,399,3,1,Qwen/Qwen2.5-Coder-32B-Instruct,1,0,1,1,exacting,0.0,8.0,0.0
2026-05-20 18:18:44,L-P02_m-qwen2.5-coder-32b_sol1_gd1_rs0_bd1_str-exacting_t00_n1,400,1,1,Qwen/Qwen2.5-Coder-32B-Instruct,1,0,1,1,exacting,0.0,7.5,0.0
2026-05-20 18:18:51,L-P02_m-qwen2.5-coder-32b_sol1_gd1_rs0_bd1_str-exacting_t00_n1,400,2,1,Qwen/Qwen2.5-Coder-32B-Instruct,1,0,1,1,exacting,0.0,7.0,0.0
2026-05-20 18:18:57,L-P02_m-qwen2.5-coder-32b_sol1_gd1_rs0_bd1_str-exacting_t00_n1,400,3,1,Qwen/Qwen2.5-Coder-32B-Instruct,1,0,1,1,exacting,0.0,8.0,0.0
2026-05-20 18:19:01,L-P02_m-qwen2.5-coder-32b_sol1_gd1_rs0_bd1_str-exacting_t00_n1,400,4,1,Qwen/Qwen2.5-Coder-32B-Instruct,1,0,1,1,exacting,0.0,0.0,0.0
2026-05-20 18:19:10,L-P02_m-qwen2.5-coder-32b_sol1_gd1_rs0_bd1_str-exacting_t00_n1,401,1,1,Qwen/Qwen2.5-Coder-32B-Instruct,1,0,1,1,exacting,0.0,8.5,0.0
2026-05-20 18:19:20,L-P02_m-qwen2.5-coder-32b_sol1_gd1_rs0_bd1_str-exacting_t00_n1,401,2,1,Qwen/Qwen2.5-Coder-32B-Instruct,1,0,1,1,exacting,0.0,5.0,0.0
2026-05-20 18:19:30,L-P02_m-qwen2.5-coder-32b_sol1_gd1_rs0_bd1_str-exacting_t00_n1,401,3,1,Qwen/Qwen2.5-Coder-32B-Instruct,1,0,1,1,exacting,0.0,3.0,0.0
2026-05-20 18:19:38,L-P02_m-qwen2.5-coder-32b_sol1_gd1_rs0_bd1_str-exacting_t00_n1,402,1,1,Qwen/Qwen2.5-Coder-32B-Instruct,1,0,1,1,exacting,0.0,5.0,0.0
2026-05-20 18:19:45,L-P02_m-qwen2.5-coder-32b_sol1_gd1_rs0_bd1_str-exacting_t00_n1,402,2,1,Qwen/Qwen2.5-Coder-32B-Instruct,1,0,1,1,exacting,0.0,6.0,0.0
2026-05-20 18:19:53,L-P02_m-qwen2.5-coder-32b_sol1_gd1_rs0_bd1_str-exacting_t00_n1,402,3,1,Qwen/Qwen2.5-Coder-32B-Instruct,1,0,1,1,exacting,0.0,2.0,0.0
2026-05-20 18:19:57,L-P02_m-qwen2.5-coder-32b_sol1_gd1_rs0_bd1_str-exacting_t00_n1,402,4,1,Qwen/Qwen2.5-Coder-32B-Instruct,1,0,1,1,exacting,0.0,0.0,0.0
2026-05-20 18:20:05,L-P02_m-qwen2.5-coder-32b_sol1_gd1_rs0_bd1_str-exacting_t00_n1,403,1,1,Qwen/Qwen2.5-Coder-32B-Instruct,1,0,1,1,exacting,0.0,3.0,0.0
2026-05-20 18:20:16,L-P02_m-qwen2.5-coder-32b_sol1_gd1_rs0_bd1_str-exacting_t00_n1,403,2,1,Qwen/Qwen2.5-Coder-32B-Instruct,1,0,1,1,exacting,0.0,2.0,0.0
2026-05-20 18:20:22,L-P02_m-qwen2.5-coder-32b_sol1_gd1_rs0_bd1_str-exacting_t00_n1,403,3,1,Qwen/Qwen2.5-Coder-32B-Instruct,1,0,1,1,exacting,0.0,5.0,0.0
2026-05-20 18:20:31,L-P02_m-qwen2.5-coder-32b_sol1_gd1_rs0_bd1_str-exacting_t00_n1,404,1,1,Qwen/Qwen2.5-Coder-32B-Instruct,1,0,1,1,exacting,0.0,5.5,0.0
2026-05-20 18:20:37,L-P02_m-qwen2.5-coder-32b_sol1_gd1_rs0_bd1_str-exacting_t00_n1,404,2,1,Qwen/Qwen2.5-Coder-32B-Instruct,1,0,1,1,exacting,0.0,7.0,0.0
2026-05-20 18:20:43,L-P02_m-qwen2.5-coder-32b_sol1_gd1_rs0_bd1_str-exacting_t00_n1,404,3,1,Qwen/Qwen2.5-Coder-32B-Instruct,1,0,1,1,exacting,0.0,8.0,0.0
2026-05-20 18:20:52,L-P02_m-qwen2.5-coder-32b_sol1_gd1_rs0_bd1_str-exacting_t00_n1,405,1,1,Qwen/Qwen2.5-Coder-32B-Instruct,1,0,1,1,exacting,0.0,7.5,0.0
2026-05-20 18:20:58,L-P02_m-qwen2.5-coder-32b_sol1_gd1_rs0_bd1_str-exacting_t00_n1,405,2,1,Qwen/Qwen2.5-Coder-32B-Instruct,1,0,1,1,exacting,0.0,6.0,0.0
2026-05-20 18:21:04,L-P02_m-qwen2.5-coder-32b_sol1_gd1_rs0_bd1_str-exacting_t00_n1,405,3,1,Qwen/Qwen2.5-Coder-32B-Instruct,1,0,1,1,exacting,0.0,8.0,0.0
2026-05-20 18:21:08,L-P02_m-qwen2.5-coder-32b_sol1_gd1_rs0_bd1_str-exacting_t00_n1,405,4,1,Qwen/Qwen2.5-Coder-32B-Instruct,1,0,1,1,exacting,0.0,0.0,0.0
2026-05-20 18:21:16,L-P02_m-qwen2.5-coder-32b_sol1_gd1_rs0_bd1_str-exacting_t00_n1,406,1,1,Qwen/Qwen2.5-Coder-32B-Instruct,1,0,1,1,exacting,0.0,7.0,0.0
2026-05-20 18:21:23,L-P02_m-qwen2.5-coder-32b_sol1_gd1_rs0_bd1_str-exacting_t00_n1,406,2,1,Qwen/Qwen2.5-Coder-32B-Instruct,1,0,1,1,exacting,0.0,6.0,0.0
2026-05-20 18:21:29,L-P02_m-qwen2.5-coder-32b_sol1_gd1_rs0_bd1_str-exacting_t00_n1,406,3,1,Qwen/Qwen2.5-Coder-32B-Instruct,1,0,1,1,exacting,0.0,8.0,0.0
2026-05-20 18:21:38,L-P02_m-qwen2.5-coder-32b_sol1_gd1_rs0_bd1_str-exacting_t00_n1,407,1,1,Qwen/Qwen2.5-Coder-32B-Instruct,1,0,1,1,exacting,0.0,4.0,0.0
2026-05-20 18:21:48,L-P02_m-qwen2.5-coder-32b_sol1_gd1_rs0_bd1_str-exacting_t00_n1,407,2,1,Qwen/Qwen2.5-Coder-32B-Instruct,1,0,1,1,exacting,0.0,2.0,0.0
2026-05-20 18:21:58,L-P02_m-qwen2.5-coder-32b_sol1_gd1_rs0_bd1_str-exacting_t00_n1,407,3,1,Qwen/Qwen2.5-Coder-32B-Instruct,1,0,1,1,exacting,0.0,4.0,0.0
2026-05-20 18:22:07,L-P02_m-qwen2.5-coder-32b_sol1_gd1_rs0_bd1_str-exacting_t00_n1,408,1,1,Qwen/Qwen2.5-Coder-32B-Instruct,1,0,1,1,exacting,0.0,8.5,0.0
2026-05-20 18:22:15,L-P02_m-qwen2.5-coder-32b_sol1_gd1_rs0_bd1_str-exacting_t00_n1,408,2,1,Qwen/Qwen2.5-Coder-32B-Instruct,1,0,1,1,exacting,0.0,5.0,0.0
2026-05-20 18:22:22,L-P02_m-qwen2.5-coder-32b_sol1_gd1_rs0_bd1_str-exacting_t00_n1,408,3,1,Qwen/Qwen2.5-Coder-32B-Instruct,1,0,1,1,exacting,0.0,7.0,0.0
2026-05-20 18:22:30,L-P02_m-qwen2.5-coder-32b_sol1_gd1_rs0_bd1_str-exacting_t00_n1,409,1,1,Qwen/Qwen2.5-Coder-32B-Instruct,1,0,1,1,exacting,0.0,3.0,0.0
2026-05-20 18:22:41,L-P02_m-qwen2.5-coder-32b_sol1_gd1_rs0_bd1_str-exacting_t00_n1,409,2,1,Qwen/Qwen2.5-Coder-32B-Instruct,1,0,1,1,exacting,0.0,7.0,0.0
2026-05-20 18:22:49,L-P02_m-qwen2.5-coder-32b_sol1_gd1_rs0_bd1_str-exacting_t00_n1,409,3,1,Qwen/Qwen2.5-Coder-32B-Instruct,1,0,1,1,exacting,0.0,5.0,0.0
2026-05-20 18:23:01,L-P02_m-qwen2.5-coder-32b_sol1_gd1_rs0_bd1_str-exacting_t00_n1,410,1,1,Qwen/Qwen2.5-Coder-32B-Instruct,1,0,1,1,exacting,0.0,4.0,0.0
2026-05-20 18:23:09,L-P02_m-qwen2.5-coder-32b_sol1_gd1_rs0_bd1_str-exacting_t00_n1,410,2,1,Qwen/Qwen2.5-Coder-32B-Instruct,1,0,1,1,exacting,0.0,5.0,0.0
2026-05-20 18:23:19,L-P02_m-qwen2.5-coder-32b_sol1_gd1_rs0_bd1_str-exacting_t00_n1,410,3,1,Qwen/Qwen2.5-Coder-32B-Instruct,1,0,1,1,exacting,0.0,7.0,0.0
2026-05-20 18:23:28,L-P02_m-qwen2.5-coder-32b_sol1_gd1_rs0_bd1_str-exacting_t00_n1,411,1,1,Qwen/Qwen2.5-Coder-32B-Instruct,1,0,1,1,exacting,0.0,7.0,0.0
2026-05-20 18:23:36,L-P02_m-qwen2.5-coder-32b_sol1_gd1_rs0_bd1_str-exacting_t00_n1,411,2,1,Qwen/Qwen2.5-Coder-32B-Instruct,1,0,1,1,exacting,0.0,6.0,0.0
2026-05-20 18:23:42,L-P02_m-qwen2.5-coder-32b_sol1_gd1_rs0_bd1_str-exacting_t00_n1,411,3,1,Qwen/Qwen2.5-Coder-32B-Instruct,1,0,1,1,exacting,0.0,6.0,0.0
2026-05-20 18:23:50,L-P02_m-qwen2.5-coder-32b_sol1_gd1_rs0_bd1_str-exacting_t00_n1,412,1,1,Qwen/Qwen2.5-Coder-32B-Instruct,1,0,1,1,exacting,0.0,4.0,0.0
2026-05-20 18:23:57,L-P02_m-qwen2.5-coder-32b_sol1_gd1_rs0_bd1_str-exacting_t00_n1,412,2,1,Qwen/Qwen2.5-Coder-32B-Instruct,1,0,1,1,exacting,0.0,6.0,0.0
2026-05-20 18:24:08,L-P02_m-qwen2.5-coder-32b_sol1_gd1_rs0_bd1_str-exacting_t00_n1,412,3,1,Qwen/Qwen2.5-Coder-32B-Instruct,1,0,1,1,exacting,0.0,4.0,0.0
2026-05-20 18:24:15,L-P02_m-qwen2.5-coder-32b_sol1_gd1_rs0_bd1_str-exacting_t00_n1,413,1,1,Qwen/Qwen2.5-Coder-32B-Instruct,1,0,1,1,exacting,0.0,3.0,0.0
2026-05-20 18:24:25,L-P02_m-qwen2.5-coder-32b_sol1_gd1_rs0_bd1_str-exacting_t00_n1,413,2,1,Qwen/Qwen2.5-Coder-32B-Instruct,1,0,1,1,exacting,0.0,5.0,0.0
2026-05-20 18:24:33,L-P02_m-qwen2.5-coder-32b_sol1_gd1_rs0_bd1_str-exacting_t00_n1,413,3,1,Qwen/Qwen2.5-Coder-32B-Instruct,1,0,1,1,exacting,0.0,8.0,0.0
2026-05-20 18:24:41,L-P02_m-qwen2.5-coder-32b_sol1_gd1_rs0_bd1_str-exacting_t00_n1,414,1,1,Qwen/Qwen2.5-Coder-32B-Instruct,1,0,1,1,exacting,0.0,2.0,0.0
2026-05-20 18:24:50,L-P02_m-qwen2.5-coder-32b_sol1_gd1_rs0_bd1_str-exacting_t00_n1,414,2,1,Qwen/Qwen2.5-Coder-32B-Instruct,1,0,1,1,exacting,0.0,3.0,0.0
2026-05-20 18:24:55,L-P02_m-qwen2.5-coder-32b_sol1_gd1_rs0_bd1_str-exacting_t00_n1,414,3,1,Qwen/Qwen2.5-Coder-32B-Instruct,1,0,1,1,exacting,0.0,5.0,0.0
2026-05-20 18:25:04,L-P02_m-qwen2.5-coder-32b_sol1_gd1_rs0_bd1_str-exacting_t00_n1,415,1,1,Qwen/Qwen2.5-Coder-32B-Instruct,1,0,1,1,exacting,0.0,7.0,0.0
2026-05-20 18:25:12,L-P02_m-qwen2.5-coder-32b_sol1_gd1_rs0_bd1_str-exacting_t00_n1,415,2,1,Qwen/Qwen2.5-Coder-32B-Instruct,1,0,1,1,exacting,0.0,3.0,0.0
2026-05-20 18:25:19,L-P02_m-qwen2.5-coder-32b_sol1_gd1_rs0_bd1_str-exacting_t00_n1,415,3,1,Qwen/Qwen2.5-Coder-32B-Instruct,1,0,1,1,exacting,0.0,8.0,0.0
2026-05-20 18:25:22,L-P02_m-qwen2.5-coder-32b_sol1_gd1_rs0_bd1_str-exacting_t00_n1,415,4,1,Qwen/Qwen2.5-Coder-32B-Instruct,1,0,1,1,exacting,0.0,5.0,0.0
2026-05-20 18:25:31,L-P02_m-qwen2.5-coder-32b_sol1_gd1_rs0_bd1_str-exacting_t00_n1,416,1,1,Qwen/Qwen2.5-Coder-32B-Instruct,1,0,1,1,exacting,0.0,10.5,0.0
2026-05-20 18:25:37,L-P02_m-qwen2.5-coder-32b_sol1_gd1_rs0_bd1_str-exacting_t00_n1,416,2,1,Qwen/Qwen2.5-Coder-32B-Instruct,1,0,1,1,exacting,0.0,8.5,0.0
2026-05-20 18:25:43,L-P02_m-qwen2.5-coder-32b_sol1_gd1_rs0_bd1_str-exacting_t00_n1,416,3,1,Qwen/Qwen2.5-Coder-32B-Instruct,1,0,1,1,exacting,0.0,2.0,0.0
2026-05-20 18:25:52,L-P02_m-qwen2.5-coder-32b_sol1_gd1_rs0_bd1_str-exacting_t00_n1,417,1,1,Qwen/Qwen2.5-Coder-32B-Instruct,1,0,1,1,exacting,0.0,8.0,0.0
2026-05-20 18:25:58,L-P02_m-qwen2.5-coder-32b_sol1_gd1_rs0_bd1_str-exacting_t00_n1,417,2,1,Qwen/Qwen2.5-Coder-32B-Instruct,1,0,1,1,exacting,0.0,7.0,0.0
2026-05-20 18:26:06,L-P02_m-qwen2.5-coder-32b_sol1_gd1_rs0_bd1_str-exacting_t00_n1,417,3,1,Qwen/Qwen2.5-Coder-32B-Instruct,1,0,1,1,exacting,0.0,8.0,0.0
2026-05-20 18:26:15,L-P02_m-qwen2.5-coder-32b_sol1_gd1_rs0_bd1_str-exacting_t00_n1,418,1,1,Qwen/Qwen2.5-Coder-32B-Instruct,1,0,1,1,exacting,0.0,8.0,0.0
2026-05-20 18:26:24,L-P02_m-qwen2.5-coder-32b_sol1_gd1_rs0_bd1_str-exacting_t00_n1,418,2,1,Qwen/Qwen2.5-Coder-32B-Instruct,1,0,1,1,exacting,0.0,3.0,0.0
2026-05-20 18:26:30,L-P02_m-qwen2.5-coder-32b_sol1_gd1_rs0_bd1_str-exacting_t00_n1,418,3,1,Qwen/Qwen2.5-Coder-32B-Instruct,1,0,1,1,exacting,0.0,5.0,0.0
2026-05-20 18:26:39,L-P02_m-qwen2.5-coder-32b_sol1_gd1_rs0_bd1_str-exacting_t00_n1,419,1,1,Qwen/Qwen2.5-Coder-32B-Instruct,1,0,1,1,exacting,0.0,2.0,0.0
2026-05-20 18:26:46,L-P02_m-qwen2.5-coder-32b_sol1_gd1_rs0_bd1_str-exacting_t00_n1,419,2,1,Qwen/Qwen2.5-Coder-32B-Instruct,1,0,1,1,exacting,0.0,6.0,0.0
2026-05-20 18:26:51,L-P02_m-qwen2.5-coder-32b_sol1_gd1_rs0_bd1_str-exacting_t00_n1,419,3,1,Qwen/Qwen2.5-Coder-32B-Instruct,1,0,1,1,exacting,0.0,2.0,0.0
2026-05-20 18:26:59,L-P02_m-qwen2.5-coder-32b_sol1_gd1_rs0_bd1_str-exacting_t00_n1,420,1,1,Qwen/Qwen2.5-Coder-32B-Instruct,1,0,1,1,exacting,0.0,7.5,0.0
2026-05-20 18:27:06,L-P02_m-qwen2.5-coder-32b_sol1_gd1_rs0_bd1_str-exacting_t00_n1,420,2,1,Qwen/Qwen2.5-Coder-32B-Instruct,1,0,1,1,exacting,0.0,7.0,0.0
2026-05-20 18:27:17,L-P02_m-qwen2.5-coder-32b_sol1_gd1_rs0_bd1_str-exacting_t00_n1,420,3,1,Qwen/Qwen2.5-Coder-32B-Instruct,1,0,1,1,exacting,0.0,4.0,0.0
2026-05-20 18:27:26,L-P02_m-qwen2.5-coder-32b_sol1_gd1_rs0_bd1_str-exacting_t00_n1,421,1,1,Qwen/Qwen2.5-Coder-32B-Instruct,1,0,1,1,exacting,0.0,2.5,0.0
2026-05-20 18:27:37,L-P02_m-qwen2.5-coder-32b_sol1_gd1_rs0_bd1_str-exacting_t00_n1,421,2,1,Qwen/Qwen2.5-Coder-32B-Instruct,1,0,1,1,exacting,0.0,3.0,0.0
2026-05-20 18:27:47,L-P02_m-qwen2.5-coder-32b_sol1_gd1_rs0_bd1_str-exacting_t00_n1,421,3,1,Qwen/Qwen2.5-Coder-32B-Instruct,1,0,1,1,exacting,0.0,2.0,0.0
2026-05-20 18:27:58,L-P02_m-qwen2.5-coder-32b_sol1_gd1_rs0_bd1_str-exacting_t00_n1,422,1,1,Qwen/Qwen2.5-Coder-32B-Instruct,1,0,1,1,exacting,0.0,2.0,0.0
2026-05-20 18:28:10,L-P02_m-qwen2.5-coder-32b_sol1_gd1_rs0_bd1_str-exacting_t00_n1,422,2,1,Qwen/Qwen2.5-Coder-32B-Instruct,1,0,1,1,exacting,0.0,3.0,0.0
2026-05-20 18:28:19,L-P02_m-qwen2.5-coder-32b_sol1_gd1_rs0_bd1_str-exacting_t00_n1,422,3,1,Qwen/Qwen2.5-Coder-32B-Instruct,1,0,1,1,exacting,0.0,3.0,0.0
2026-05-20 18:28:30,L-P02_m-qwen2.5-coder-32b_sol1_gd1_rs0_bd1_str-exacting_t00_n1,423,1,1,Qwen/Qwen2.5-Coder-32B-Instruct,1,0,1,1,exacting,0.0,6.0,0.0
2026-05-20 18:28:37,L-P02_m-qwen2.5-coder-32b_sol1_gd1_rs0_bd1_str-exacting_t00_n1,423,2,1,Qwen/Qwen2.5-Coder-32B-Instruct,1,0,1,1,exacting,0.0,8.0,0.0
2026-05-20 18:28:43,L-P02_m-qwen2.5-coder-32b_sol1_gd1_rs0_bd1_str-exacting_t00_n1,423,3,1,Qwen/Qwen2.5-Coder-32B-Instruct,1,0,1,1,exacting,0.0,6.0,0.0
2026-05-20 18:28:46,L-P02_m-qwen2.5-coder-32b_sol1_gd1_rs0_bd1_str-exacting_t00_n1,423,4,1,Qwen/Qwen2.5-Coder-32B-Instruct,1,0,1,1,exacting,0.0,5.0,0.0
2026-05-20 18:28:55,L-P02_m-qwen2.5-coder-32b_sol1_gd1_rs0_bd1_str-exacting_t00_n1,424,1,1,Qwen/Qwen2.5-Coder-32B-Instruct,1,0,1,1,exacting,0.0,7.5,0.0
2026-05-20 18:29:02,L-P02_m-qwen2.5-coder-32b_sol1_gd1_rs0_bd1_str-exacting_t00_n1,424,2,1,Qwen/Qwen2.5-Coder-32B-Instruct,1,0,1,1,exacting,0.0,3.0,0.0
2026-05-20 18:29:08,L-P02_m-qwen2.5-coder-32b_sol1_gd1_rs0_bd1_str-exacting_t00_n1,424,3,1,Qwen/Qwen2.5-Coder-32B-Instruct,1,0,1,1,exacting,0.0,8.0,0.0
2026-05-20 18:29:11,L-P02_m-qwen2.5-coder-32b_sol1_gd1_rs0_bd1_str-exacting_t00_n1,424,4,1,Qwen/Qwen2.5-Coder-32B-Instruct,1,0,1,1,exacting,0.0,5.0,0.0
2026-05-20 18:29:19,L-P02_m-qwen2.5-coder-32b_sol1_gd1_rs0_bd1_str-exacting_t00_n1,425,1,1,Qwen/Qwen2.5-Coder-32B-Instruct,1,0,1,1,exacting,0.0,4.0,0.0
2026-05-20 18:29:25,L-P02_m-qwen2.5-coder-32b_sol1_gd1_rs0_bd1_str-exacting_t00_n1,425,2,1,Qwen/Qwen2.5-Coder-32B-Instruct,1,0,1,1,exacting,0.0,4.0,0.0
2026-05-20 18:29:33,L-P02_m-qwen2.5-coder-32b_sol1_gd1_rs0_bd1_str-exacting_t00_n1,425,3,1,Qwen/Qwen2.5-Coder-32B-Instruct,1,0,1,1,exacting,0.0,5.0,0.0
2026-05-20 18:29:42,L-P02_m-qwen2.5-coder-32b_sol1_gd1_rs0_bd1_str-exacting_t00_n1,426,1,1,Qwen/Qwen2.5-Coder-32B-Instruct,1,0,1,1,exacting,0.0,7.0,0.0
2026-05-20 18:29:50,L-P02_m-qwen2.5-coder-32b_sol1_gd1_rs0_bd1_str-exacting_t00_n1,426,2,1,Qwen/Qwen2.5-Coder-32B-Instruct,1,0,1,1,exacting,0.0,6.0,0.0
2026-05-20 18:29:57,L-P02_m-qwen2.5-coder-32b_sol1_gd1_rs0_bd1_str-exacting_t00_n1,426,3,1,Qwen/Qwen2.5-Coder-32B-Instruct,1,0,1,1,exacting,0.0,8.0,0.0
2026-05-20 18:30:01,L-P02_m-qwen2.5-coder-32b_sol1_gd1_rs0_bd1_str-exacting_t00_n1,426,4,1,Qwen/Qwen2.5-Coder-32B-Instruct,1,0,1,1,exacting,0.0,0.0,0.0
2026-05-20 18:30:10,L-P02_m-qwen2.5-coder-32b_sol1_gd1_rs0_bd1_str-exacting_t00_n1,427,1,1,Qwen/Qwen2.5-Coder-32B-Instruct,1,0,1,1,exacting,0.0,8.0,0.0
2026-05-20 18:30:18,L-P02_m-qwen2.5-coder-32b_sol1_gd1_rs0_bd1_str-exacting_t00_n1,427,2,1,Qwen/Qwen2.5-Coder-32B-Instruct,1,0,1,1,exacting,0.0,6.0,0.0
2026-05-20 18:30:25,L-P02_m-qwen2.5-coder-32b_sol1_gd1_rs0_bd1_str-exacting_t00_n1,427,3,1,Qwen/Qwen2.5-Coder-32B-Instruct,1,0,1,1,exacting,0.0,6.0,0.0
2026-05-20 18:30:33,L-P02_m-qwen2.5-coder-32b_sol1_gd1_rs0_bd1_str-exacting_t00_n1,428,1,1,Qwen/Qwen2.5-Coder-32B-Instruct,1,0,1,1,exacting,0.0,4.0,0.0
2026-05-20 18:30:40,L-P02_m-qwen2.5-coder-32b_sol1_gd1_rs0_bd1_str-exacting_t00_n1,428,2,1,Qwen/Qwen2.5-Coder-32B-Instruct,1,0,1,1,exacting,0.0,7.0,0.0
2026-05-20 18:30:46,L-P02_m-qwen2.5-coder-32b_sol1_gd1_rs0_bd1_str-exacting_t00_n1,428,3,1,Qwen/Qwen2.5-Coder-32B-Instruct,1,0,1,1,exacting,0.0,8.0,0.0
2026-05-20 18:30:54,L-P02_m-qwen2.5-coder-32b_sol1_gd1_rs0_bd1_str-exacting_t00_n1,429,1,1,Qwen/Qwen2.5-Coder-32B-Instruct,1,0,1,1,exacting,0.0,6.0,0.0
2026-05-20 18:31:02,L-P02_m-qwen2.5-coder-32b_sol1_gd1_rs0_bd1_str-exacting_t00_n1,429,2,1,Qwen/Qwen2.5-Coder-32B-Instruct,1,0,1,1,exacting,0.0,5.0,0.0
2026-05-20 18:31:12,L-P02_m-qwen2.5-coder-32b_sol1_gd1_rs0_bd1_str-exacting_t00_n1,429,3,1,Qwen/Qwen2.5-Coder-32B-Instruct,1,0,1,1,exacting,0.0,4.0,0.0
2026-05-20 18:31:21,L-P02_m-qwen2.5-coder-32b_sol1_gd1_rs0_bd1_str-exacting_t00_n1,430,1,1,Qwen/Qwen2.5-Coder-32B-Instruct,1,0,1,1,exacting,0.0,7.0,0.0
2026-05-20 18:31:28,L-P02_m-qwen2.5-coder-32b_sol1_gd1_rs0_bd1_str-exacting_t00_n1,430,2,1,Qwen/Qwen2.5-Coder-32B-Instruct,1,0,1,1,exacting,0.0,6.0,0.0
2026-05-20 18:31:35,L-P02_m-qwen2.5-coder-32b_sol1_gd1_rs0_bd1_str-exacting_t00_n1,430,3,1,Qwen/Qwen2.5-Coder-32B-Instruct,1,0,1,1,exacting,0.0,8.0,0.0
2026-05-20 18:31:43,L-P02_m-qwen2.5-coder-32b_sol1_gd1_rs0_bd1_str-exacting_t00_n1,431,1,1,Qwen/Qwen2.5-Coder-32B-Instruct,1,0,1,1,exacting,0.0,2.5,0.0
2026-05-20 18:31:54,L-P02_m-qwen2.5-coder-32b_sol1_gd1_rs0_bd1_str-exacting_t00_n1,431,2,1,Qwen/Qwen2.5-Coder-32B-Instruct,1,0,1,1,exacting,0.0,4.0,0.0
2026-05-20 18:32:05,L-P02_m-qwen2.5-coder-32b_sol1_gd1_rs0_bd1_str-exacting_t00_n1,431,3,1,Qwen/Qwen2.5-Coder-32B-Instruct,1,0,1,1,exacting,0.0,2.0,0.0
2026-05-20 18:32:13,L-P02_m-qwen2.5-coder-32b_sol1_gd1_rs0_bd1_str-exacting_t00_n1,432,1,1,Qwen/Qwen2.5-Coder-32B-Instruct,1,0,1,1,exacting,0.0,4.0,0.0
2026-05-20 18:32:20,L-P02_m-qwen2.5-coder-32b_sol1_gd1_rs0_bd1_str-exacting_t00_n1,432,2,1,Qwen/Qwen2.5-Coder-32B-Instruct,1,0,1,1,exacting,0.0,4.0,0.0
2026-05-20 18:32:29,L-P02_m-qwen2.5-coder-32b_sol1_gd1_rs0_bd1_str-exacting_t00_n1,432,3,1,Qwen/Qwen2.5-Coder-32B-Instruct,1,0,1,1,exacting,0.0,3.0,0.0
2026-05-20 18:32:38,L-P02_m-qwen2.5-coder-32b_sol1_gd1_rs0_bd1_str-exacting_t00_n1,433,1,1,Qwen/Qwen2.5-Coder-32B-Instruct,1,0,1,1,exacting,0.0,3.0,0.0
2026-05-20 18:32:46,L-P02_m-qwen2.5-coder-32b_sol1_gd1_rs0_bd1_str-exacting_t00_n1,433,2,1,Qwen/Qwen2.5-Coder-32B-Instruct,1,0,1,1,exacting,0.0,4.0,0.0
2026-05-20 18:32:55,L-P02_m-qwen2.5-coder-32b_sol1_gd1_rs0_bd1_str-exacting_t00_n1,433,3,1,Qwen/Qwen2.5-Coder-32B-Instruct,1,0,1,1,exacting,0.0,2.0,0.0
2026-05-20 18:33:09,L-P02_m-qwen2.5-coder-32b_sol1_gd1_rs0_bd1_str-exacting_t00_n1,434,1,1,Qwen/Qwen2.5-Coder-32B-Instruct,1,0,1,1,exacting,0.0,3.0,0.0
2026-05-20 18:33:16,L-P02_m-qwen2.5-coder-32b_sol1_gd1_rs0_bd1_str-exacting_t00_n1,434,2,1,Qwen/Qwen2.5-Coder-32B-Instruct,1,0,1,1,exacting,0.0,5.0,0.0
2026-05-20 18:33:22,L-P02_m-qwen2.5-coder-32b_sol1_gd1_rs0_bd1_str-exacting_t00_n1,434,3,1,Qwen/Qwen2.5-Coder-32B-Instruct,1,0,1,1,exacting,0.0,4.0,0.0
2026-05-20 18:33:32,L-P02_m-qwen2.5-coder-32b_sol1_gd1_rs0_bd1_str-exacting_t00_n1,435,1,1,Qwen/Qwen2.5-Coder-32B-Instruct,1,0,1,1,exacting,0.0,5.0,0.0
2026-05-20 18:33:42,L-P02_m-qwen2.5-coder-32b_sol1_gd1_rs0_bd1_str-exacting_t00_n1,435,2,1,Qwen/Qwen2.5-Coder-32B-Instruct,1,0,1,1,exacting,0.0,6.0,0.0
2026-05-20 18:33:50,L-P02_m-qwen2.5-coder-32b_sol1_gd1_rs0_bd1_str-exacting_t00_n1,435,3,1,Qwen/Qwen2.5-Coder-32B-Instruct,1,0,1,1,exacting,0.0,8.0,0.0
2026-05-20 18:33:53,L-P02_m-qwen2.5-coder-32b_sol1_gd1_rs0_bd1_str-exacting_t00_n1,435,4,1,Qwen/Qwen2.5-Coder-32B-Instruct,1,0,1,1,exacting,0.0,5.0,0.0
2026-05-20 18:34:01,L-P02_m-qwen2.5-coder-32b_sol1_gd1_rs0_bd1_str-exacting_t00_n1,436,1,1,Qwen/Qwen2.5-Coder-32B-Instruct,1,0,1,1,exacting,0.0,2.0,0.0
2026-05-20 18:34:11,L-P02_m-qwen2.5-coder-32b_sol1_gd1_rs0_bd1_str-exacting_t00_n1,436,2,1,Qwen/Qwen2.5-Coder-32B-Instruct,1,0,1,1,exacting,0.0,4.0,0.0
2026-05-20 18:34:17,L-P02_m-qwen2.5-coder-32b_sol1_gd1_rs0_bd1_str-exacting_t00_n1,436,3,1,Qwen/Qwen2.5-Coder-32B-Instruct,1,0,1,1,exacting,0.0,0.0,0.0
2026-05-20 18:34:26,L-P02_m-qwen2.5-coder-32b_sol1_gd1_rs0_bd1_str-exacting_t00_n1,437,1,1,Qwen/Qwen2.5-Coder-32B-Instruct,1,0,1,1,exacting,0.0,5.0,0.0
2026-05-20 18:34:34,L-P02_m-qwen2.5-coder-32b_sol1_gd1_rs0_bd1_str-exacting_t00_n1,437,2,1,Qwen/Qwen2.5-Coder-32B-Instruct,1,0,1,1,exacting,0.0,5.0,0.0
2026-05-20 18:34:41,L-P02_m-qwen2.5-coder-32b_sol1_gd1_rs0_bd1_str-exacting_t00_n1,437,3,1,Qwen/Qwen2.5-Coder-32B-Instruct,1,0,1,1,exacting,0.0,8.0,0.0
2026-05-20 18:34:49,L-P02_m-qwen2.5-coder-32b_sol1_gd1_rs0_bd1_str-exacting_t00_n1,438,1,1,Qwen/Qwen2.5-Coder-32B-Instruct,1,0,1,1,exacting,0.0,4.0,0.0
2026-05-20 18:35:03,L-P02_m-qwen2.5-coder-32b_sol1_gd1_rs0_bd1_str-exacting_t00_n1,438,2,1,Qwen/Qwen2.5-Coder-32B-Instruct,1,0,1,1,exacting,0.0,5.0,0.0
2026-05-20 18:35:08,L-P02_m-qwen2.5-coder-32b_sol1_gd1_rs0_bd1_str-exacting_t00_n1,438,3,1,Qwen/Qwen2.5-Coder-32B-Instruct,1,0,1,1,exacting,0.0,4.0,0.0
2026-05-20 18:35:17,L-P02_m-qwen2.5-coder-32b_sol1_gd1_rs0_bd1_str-exacting_t00_n1,439,1,1,Qwen/Qwen2.5-Coder-32B-Instruct,1,0,1,1,exacting,0.0,5.0,0.0
2026-05-20 18:35:24,L-P02_m-qwen2.5-coder-32b_sol1_gd1_rs0_bd1_str-exacting_t00_n1,439,2,1,Qwen/Qwen2.5-Coder-32B-Instruct,1,0,1,1,exacting,0.0,6.0,0.0
2026-05-20 18:35:29,L-P02_m-qwen2.5-coder-32b_sol1_gd1_rs0_bd1_str-exacting_t00_n1,439,3,1,Qwen/Qwen2.5-Coder-32B-Instruct,1,0,1,1,exacting,0.0,0.0,0.0
2026-05-20 18:35:37,L-P02_m-qwen2.5-coder-32b_sol1_gd1_rs0_bd1_str-exacting_t00_n1,440,1,1,Qwen/Qwen2.5-Coder-32B-Instruct,1,0,1,1,exacting,0.0,0.5,0.0
2026-05-20 18:35:48,L-P02_m-qwen2.5-coder-32b_sol1_gd1_rs0_bd1_str-exacting_t00_n1,440,2,1,Qwen/Qwen2.5-Coder-32B-Instruct,1,0,1,1,exacting,0.0,0.0,0.0
2026-05-20 18:35:57,L-P02_m-qwen2.5-coder-32b_sol1_gd1_rs0_bd1_str-exacting_t00_n1,440,3,1,Qwen/Qwen2.5-Coder-32B-Instruct,1,0,1,1,exacting,0.0,0.5,0.0
2026-05-20 18:36:05,L-P02_m-qwen2.5-coder-32b_sol1_gd1_rs0_bd1_str-exacting_t00_n1,441,1,1,Qwen/Qwen2.5-Coder-32B-Instruct,1,0,1,1,exacting,0.0,5.0,0.0
2026-05-20 18:36:12,L-P02_m-qwen2.5-coder-32b_sol1_gd1_rs0_bd1_str-exacting_t00_n1,441,2,1,Qwen/Qwen2.5-Coder-32B-Instruct,1,0,1,1,exacting,0.0,6.0,0.0
2026-05-20 18:36:21,L-P02_m-qwen2.5-coder-32b_sol1_gd1_rs0_bd1_str-exacting_t00_n1,441,3,1,Qwen/Qwen2.5-Coder-32B-Instruct,1,0,1,1,exacting,0.0,3.0,0.0
2026-05-20 18:36:24,L-P02_m-qwen2.5-coder-32b_sol1_gd1_rs0_bd1_str-exacting_t00_n1,441,4,1,Qwen/Qwen2.5-Coder-32B-Instruct,1,0,1,1,exacting,0.0,0.0,0.0
2026-05-20 18:36:32,L-P02_m-qwen2.5-coder-32b_sol1_gd1_rs0_bd1_str-exacting_t00_n1,442,1,1,Qwen/Qwen2.5-Coder-32B-Instruct,1,0,1,1,exacting,0.0,5.0,0.0
2026-05-20 18:36:39,L-P02_m-qwen2.5-coder-32b_sol1_gd1_rs0_bd1_str-exacting_t00_n1,442,2,1,Qwen/Qwen2.5-Coder-32B-Instruct,1,0,1,1,exacting,0.0,8.0,0.0
2026-05-20 18:36:45,L-P02_m-qwen2.5-coder-32b_sol1_gd1_rs0_bd1_str-exacting_t00_n1,442,3,1,Qwen/Qwen2.5-Coder-32B-Instruct,1,0,1,1,exacting,0.0,5.0,0.0
2026-05-20 18:36:54,L-P02_m-qwen2.5-coder-32b_sol1_gd1_rs0_bd1_str-exacting_t00_n1,443,1,1,Qwen/Qwen2.5-Coder-32B-Instruct,1,0,1,1,exacting,0.0,3.0,0.0
2026-05-20 18:37:01,L-P02_m-qwen2.5-coder-32b_sol1_gd1_rs0_bd1_str-exacting_t00_n1,443,2,1,Qwen/Qwen2.5-Coder-32B-Instruct,1,0,1,1,exacting,0.0,6.0,0.0
2026-05-20 18:37:07,L-P02_m-qwen2.5-coder-32b_sol1_gd1_rs0_bd1_str-exacting_t00_n1,443,3,1,Qwen/Qwen2.5-Coder-32B-Instruct,1,0,1,1,exacting,0.0,8.5,0.0
2026-05-20 18:37:15,L-P02_m-qwen2.5-coder-32b_sol1_gd1_rs0_bd1_str-exacting_t00_n1,444,1,1,Qwen/Qwen2.5-Coder-32B-Instruct,1,0,1,1,exacting,0.0,2.0,0.0
2026-05-20 18:37:25,L-P02_m-qwen2.5-coder-32b_sol1_gd1_rs0_bd1_str-exacting_t00_n1,444,2,1,Qwen/Qwen2.5-Coder-32B-Instruct,1,0,1,1,exacting,0.0,2.0,0.0
2026-05-20 18:37:34,L-P02_m-qwen2.5-coder-32b_sol1_gd1_rs0_bd1_str-exacting_t00_n1,444,3,1,Qwen/Qwen2.5-Coder-32B-Instruct,1,0,1,1,exacting,0.0,3.0,0.0
2026-05-20 18:37:42,L-P02_m-qwen2.5-coder-32b_sol1_gd1_rs0_bd1_str-exacting_t00_n1,445,1,1,Qwen/Qwen2.5-Coder-32B-Instruct,1,0,1,1,exacting,0.0,3.0,0.0
2026-05-20 18:37:51,L-P02_m-qwen2.5-coder-32b_sol1_gd1_rs0_bd1_str-exacting_t00_n1,445,2,1,Qwen/Qwen2.5-Coder-32B-Instruct,1,0,1,1,exacting,0.0,0.5,0.0
2026-05-20 18:37:56,L-P02_m-qwen2.5-coder-32b_sol1_gd1_rs0_bd1_str-exacting_t00_n1,445,3,1,Qwen/Qwen2.5-Coder-32B-Instruct,1,0,1,1,exacting,0.0,0.0,0.0
2026-05-20 18:38:05,L-P02_m-qwen2.5-coder-32b_sol1_gd1_rs0_bd1_str-exacting_t00_n1,446,1,1,Qwen/Qwen2.5-Coder-32B-Instruct,1,0,1,1,exacting,0.0,5.5,0.0
2026-05-20 18:38:11,L-P02_m-qwen2.5-coder-32b_sol1_gd1_rs0_bd1_str-exacting_t00_n1,446,2,1,Qwen/Qwen2.5-Coder-32B-Instruct,1,0,1,1,exacting,0.0,5.0,0.0
2026-05-20 18:38:20,L-P02_m-qwen2.5-coder-32b_sol1_gd1_rs0_bd1_str-exacting_t00_n1,446,3,1,Qwen/Qwen2.5-Coder-32B-Instruct,1,0,1,1,exacting,0.0,3.0,0.0
2026-05-20 18:38:29,L-P02_m-qwen2.5-coder-32b_sol1_gd1_rs0_bd1_str-exacting_t00_n1,447,1,1,Qwen/Qwen2.5-Coder-32B-Instruct,1,0,1,1,exacting,0.0,4.0,0.0
2026-05-20 18:38:34,L-P02_m-qwen2.5-coder-32b_sol1_gd1_rs0_bd1_str-exacting_t00_n1,447,2,1,Qwen/Qwen2.5-Coder-32B-Instruct,1,0,1,1,exacting,0.0,0.0,0.0
2026-05-20 18:38:45,L-P02_m-qwen2.5-coder-32b_sol1_gd1_rs0_bd1_str-exacting_t00_n1,447,3,1,Qwen/Qwen2.5-Coder-32B-Instruct,1,0,1,1,exacting,0.0,3.0,0.0
2026-05-20 18:38:54,L-P02_m-qwen2.5-coder-32b_sol1_gd1_rs0_bd1_str-exacting_t00_n1,448,1,1,Qwen/Qwen2.5-Coder-32B-Instruct,1,0,1,1,exacting,0.0,10.5,0.0
2026-05-20 18:39:01,L-P02_m-qwen2.5-coder-32b_sol1_gd1_rs0_bd1_str-exacting_t00_n1,448,2,1,Qwen/Qwen2.5-Coder-32B-Instruct,1,0,1,1,exacting,0.0,6.0,0.0
2026-05-20 18:39:08,L-P02_m-qwen2.5-coder-32b_sol1_gd1_rs0_bd1_str-exacting_t00_n1,448,3,1,Qwen/Qwen2.5-Coder-32B-Instruct,1,0,1,1,exacting,0.0,8.0,0.0
2026-05-20 18:39:16,L-P02_m-qwen2.5-coder-32b_sol1_gd1_rs0_bd1_str-exacting_t00_n1,449,1,1,Qwen/Qwen2.5-Coder-32B-Instruct,1,0,1,1,exacting,0.0,4.0,0.0
2026-05-20 18:39:23,L-P02_m-qwen2.5-coder-32b_sol1_gd1_rs0_bd1_str-exacting_t00_n1,449,2,1,Qwen/Qwen2.5-Coder-32B-Instruct,1,0,1,1,exacting,0.0,3.0,0.0
2026-05-20 18:39:31,L-P02_m-qwen2.5-coder-32b_sol1_gd1_rs0_bd1_str-exacting_t00_n1,450,1,1,Qwen/Qwen2.5-Coder-32B-Instruct,1,0,1,1,exacting,0.0,0.5,0.0
2026-05-20 18:39:40,L-P02_m-qwen2.5-coder-32b_sol1_gd1_rs0_bd1_str-exacting_t00_n1,450,2,1,Qwen/Qwen2.5-Coder-32B-Instruct,1,0,1,1,exacting,0.0,6.0,0.0
2026-05-20 18:39:48,L-P02_m-qwen2.5-coder-32b_sol1_gd1_rs0_bd1_str-exacting_t00_n1,451,1,1,Qwen/Qwen2.5-Coder-32B-Instruct,1,0,1,1,exacting,0.0,4.0,0.0
2026-05-20 18:39:56,L-P02_m-qwen2.5-coder-32b_sol1_gd1_rs0_bd1_str-exacting_t00_n1,451,2,1,Qwen/Qwen2.5-Coder-32B-Instruct,1,0,1,1,exacting,0.0,6.0,0.0
2026-05-20 18:40:02,L-P02_m-qwen2.5-coder-32b_sol1_gd1_rs0_bd1_str-exacting_t00_n1,451,3,1,Qwen/Qwen2.5-Coder-32B-Instruct,1,0,1,1,exacting,0.0,5.0,0.0
2026-05-20 18:40:11,L-P02_m-qwen2.5-coder-32b_sol1_gd1_rs0_bd1_str-exacting_t00_n1,452,1,1,Qwen/Qwen2.5-Coder-32B-Instruct,1,0,1,1,exacting,0.0,8.0,0.0
2026-05-20 18:40:17,L-P02_m-qwen2.5-coder-32b_sol1_gd1_rs0_bd1_str-exacting_t00_n1,452,2,1,Qwen/Qwen2.5-Coder-32B-Instruct,1,0,1,1,exacting,0.0,7.0,0.0
2026-05-20 18:40:26,L-P02_m-qwen2.5-coder-32b_sol1_gd1_rs0_bd1_str-exacting_t00_n1,452,3,1,Qwen/Qwen2.5-Coder-32B-Instruct,1,0,1,1,exacting,0.0,2.0,0.0
2026-05-20 18:40:30,L-P02_m-qwen2.5-coder-32b_sol1_gd1_rs0_bd1_str-exacting_t00_n1,452,4,1,Qwen/Qwen2.5-Coder-32B-Instruct,1,0,1,1,exacting,0.0,0.0,0.0
2026-05-20 18:40:38,L-P02_m-qwen2.5-coder-32b_sol1_gd1_rs0_bd1_str-exacting_t00_n1,453,1,1,Qwen/Qwen2.5-Coder-32B-Instruct,1,0,1,1,exacting,0.0,7.5,0.0
2026-05-20 18:40:46,L-P02_m-qwen2.5-coder-32b_sol1_gd1_rs0_bd1_str-exacting_t00_n1,453,2,1,Qwen/Qwen2.5-Coder-32B-Instruct,1,0,1,1,exacting,0.0,7.0,0.0
2026-05-20 18:40:52,L-P02_m-qwen2.5-coder-32b_sol1_gd1_rs0_bd1_str-exacting_t00_n1,453,3,1,Qwen/Qwen2.5-Coder-32B-Instruct,1,0,1,1,exacting,0.0,8.5,0.0
2026-05-20 18:40:55,L-P02_m-qwen2.5-coder-32b_sol1_gd1_rs0_bd1_str-exacting_t00_n1,453,4,1,Qwen/Qwen2.5-Coder-32B-Instruct,1,0,1,1,exacting,0.0,5.0,0.0
2026-05-20 18:41:03,L-P02_m-qwen2.5-coder-32b_sol1_gd1_rs0_bd1_str-exacting_t00_n1,454,1,1,Qwen/Qwen2.5-Coder-32B-Instruct,1,0,1,1,exacting,0.0,0.0,0.0
2026-05-20 18:41:10,L-P02_m-qwen2.5-coder-32b_sol1_gd1_rs0_bd1_str-exacting_t00_n1,454,2,1,Qwen/Qwen2.5-Coder-32B-Instruct,1,0,1,1,exacting,0.0,5.0,0.0
2026-05-20 18:41:16,L-P02_m-qwen2.5-coder-32b_sol1_gd1_rs0_bd1_str-exacting_t00_n1,454,3,1,Qwen/Qwen2.5-Coder-32B-Instruct,1,0,1,1,exacting,0.0,0.0,0.0
2026-05-20 18:41:24,L-P02_m-qwen2.5-coder-32b_sol1_gd1_rs0_bd1_str-exacting_t00_n1,455,1,1,Qwen/Qwen2.5-Coder-32B-Instruct,1,0,1,1,exacting,0.0,5.5,0.0
2026-05-20 18:41:34,L-P02_m-qwen2.5-coder-32b_sol1_gd1_rs0_bd1_str-exacting_t00_n1,455,2,1,Qwen/Qwen2.5-Coder-32B-Instruct,1,0,1,1,exacting,0.0,6.0,0.0
2026-05-20 18:41:40,L-P02_m-qwen2.5-coder-32b_sol1_gd1_rs0_bd1_str-exacting_t00_n1,455,3,1,Qwen/Qwen2.5-Coder-32B-Instruct,1,0,1,1,exacting,0.0,5.0,0.0
2026-05-20 18:41:48,L-P02_m-qwen2.5-coder-32b_sol1_gd1_rs0_bd1_str-exacting_t00_n1,456,1,1,Qwen/Qwen2.5-Coder-32B-Instruct,1,0,1,1,exacting,0.0,7.5,0.0
2026-05-20 18:41:56,L-P02_m-qwen2.5-coder-32b_sol1_gd1_rs0_bd1_str-exacting_t00_n1,456,2,1,Qwen/Qwen2.5-Coder-32B-Instruct,1,0,1,1,exacting,0.0,5.0,0.0
2026-05-20 18:42:04,L-P02_m-qwen2.5-coder-32b_sol1_gd1_rs0_bd1_str-exacting_t00_n1,456,3,1,Qwen/Qwen2.5-Coder-32B-Instruct,1,0,1,1,exacting,0.0,7.0,0.0
2026-05-20 18:42:15,L-P02_m-qwen2.5-coder-32b_sol1_gd1_rs0_bd1_str-exacting_t00_n1,457,1,1,Qwen/Qwen2.5-Coder-32B-Instruct,1,0,1,1,exacting,0.0,5.0,0.0
2026-05-20 18:42:23,L-P02_m-qwen2.5-coder-32b_sol1_gd1_rs0_bd1_str-exacting_t00_n1,457,2,1,Qwen/Qwen2.5-Coder-32B-Instruct,1,0,1,1,exacting,0.0,6.0,0.0
2026-05-20 18:42:30,L-P02_m-qwen2.5-coder-32b_sol1_gd1_rs0_bd1_str-exacting_t00_n1,457,3,1,Qwen/Qwen2.5-Coder-32B-Instruct,1,0,1,1,exacting,0.0,7.0,0.0
2026-05-20 18:42:38,L-P02_m-qwen2.5-coder-32b_sol1_gd1_rs0_bd1_str-exacting_t00_n1,458,1,1,Qwen/Qwen2.5-Coder-32B-Instruct,1,0,1,1,exacting,0.0,8.0,0.0
2026-05-20 18:42:46,L-P02_m-qwen2.5-coder-32b_sol1_gd1_rs0_bd1_str-exacting_t00_n1,458,2,1,Qwen/Qwen2.5-Coder-32B-Instruct,1,0,1,1,exacting,0.0,4.0,0.0
2026-05-20 18:42:51,L-P02_m-qwen2.5-coder-32b_sol1_gd1_rs0_bd1_str-exacting_t00_n1,458,3,1,Qwen/Qwen2.5-Coder-32B-Instruct,1,0,1,1,exacting,0.0,5.0,0.0
2026-05-20 18:43:00,L-P02_m-qwen2.5-coder-32b_sol1_gd1_rs0_bd1_str-exacting_t00_n1,459,1,1,Qwen/Qwen2.5-Coder-32B-Instruct,1,0,1,1,exacting,0.0,8.5,3.0
2026-05-20 18:43:06,L-P02_m-qwen2.5-coder-32b_sol1_gd1_rs0_bd1_str-exacting_t00_n1,459,2,1,Qwen/Qwen2.5-Coder-32B-Instruct,1,0,1,1,exacting,0.0,8.5,1.0
2026-05-20 18:43:13,L-P02_m-qwen2.5-coder-32b_sol1_gd1_rs0_bd1_str-exacting_t00_n1,459,3,1,Qwen/Qwen2.5-Coder-32B-Instruct,1,0,1,1,exacting,0.0,7.0,0.0
2026-05-20 18:43:16,L-P02_m-qwen2.5-coder-32b_sol1_gd1_rs0_bd1_str-exacting_t00_n1,459,4,1,Qwen/Qwen2.5-Coder-32B-Instruct,1,0,1,1,exacting,0.0,5.0,0.0
2026-05-20 18:43:25,L-P02_m-qwen2.5-coder-32b_sol1_gd1_rs0_bd1_str-exacting_t00_n1,460,1,1,Qwen/Qwen2.5-Coder-32B-Instruct,1,0,1,1,exacting,0.0,7.5,0.0
2026-05-20 18:43:31,L-P02_m-qwen2.5-coder-32b_sol1_gd1_rs0_bd1_str-exacting_t00_n1,460,2,1,Qwen/Qwen2.5-Coder-32B-Instruct,1,0,1,1,exacting,0.0,8.5,1.0
2026-05-20 18:43:37,L-P02_m-qwen2.5-coder-32b_sol1_gd1_rs0_bd1_str-exacting_t00_n1,460,3,1,Qwen/Qwen2.5-Coder-32B-Instruct,1,0,1,1,exacting,0.0,6.0,0.0
2026-05-20 18:43:40,L-P02_m-qwen2.5-coder-32b_sol1_gd1_rs0_bd1_str-exacting_t00_n1,460,4,1,Qwen/Qwen2.5-Coder-32B-Instruct,1,0,1,1,exacting,0.0,5.0,0.0
2026-05-20 18:43:48,L-P02_m-qwen2.5-coder-32b_sol1_gd1_rs0_bd1_str-exacting_t00_n1,461,1,1,Qwen/Qwen2.5-Coder-32B-Instruct,1,0,1,1,exacting,0.0,7.0,0.0
2026-05-20 18:43:56,L-P02_m-qwen2.5-coder-32b_sol1_gd1_rs0_bd1_str-exacting_t00_n1,461,2,1,Qwen/Qwen2.5-Coder-32B-Instruct,1,0,1,1,exacting,0.0,5.0,0.0
2026-05-20 18:44:03,L-P02_m-qwen2.5-coder-32b_sol1_gd1_rs0_bd1_str-exacting_t00_n1,461,3,1,Qwen/Qwen2.5-Coder-32B-Instruct,1,0,1,1,exacting,0.0,8.5,0.0
2026-05-20 18:44:06,L-P02_m-qwen2.5-coder-32b_sol1_gd1_rs0_bd1_str-exacting_t00_n1,461,4,1,Qwen/Qwen2.5-Coder-32B-Instruct,1,0,1,1,exacting,0.0,5.0,0.0
2026-05-20 18:44:14,L-P02_m-qwen2.5-coder-32b_sol1_gd1_rs0_bd1_str-exacting_t00_n1,462,1,1,Qwen/Qwen2.5-Coder-32B-Instruct,1,0,1,1,exacting,0.0,4.0,0.0
2026-05-20 18:44:22,L-P02_m-qwen2.5-coder-32b_sol1_gd1_rs0_bd1_str-exacting_t00_n1,462,2,1,Qwen/Qwen2.5-Coder-32B-Instruct,1,0,1,1,exacting,0.0,7.0,0.0
2026-05-20 18:44:27,L-P02_m-qwen2.5-coder-32b_sol1_gd1_rs0_bd1_str-exacting_t00_n1,462,3,1,Qwen/Qwen2.5-Coder-32B-Instruct,1,0,1,1,exacting,0.0,4.0,0.0
2026-05-20 18:44:36,L-P02_m-qwen2.5-coder-32b_sol1_gd1_rs0_bd1_str-exacting_t00_n1,463,1,1,Qwen/Qwen2.5-Coder-32B-Instruct,1,0,1,1,exacting,0.0,8.5,3.0
2026-05-20 18:44:44,L-P02_m-qwen2.5-coder-32b_sol1_gd1_rs0_bd1_str-exacting_t00_n1,463,2,1,Qwen/Qwen2.5-Coder-32B-Instruct,1,0,1,1,exacting,0.0,6.0,0.0
2026-05-20 18:44:52,L-P02_m-qwen2.5-coder-32b_sol1_gd1_rs0_bd1_str-exacting_t00_n1,463,3,1,Qwen/Qwen2.5-Coder-32B-Instruct,1,0,1,1,exacting,0.0,8.5,0.0
2026-05-20 18:44:55,L-P02_m-qwen2.5-coder-32b_sol1_gd1_rs0_bd1_str-exacting_t00_n1,463,4,1,Qwen/Qwen2.5-Coder-32B-Instruct,1,0,1,1,exacting,0.0,5.0,0.0
2026-05-20 18:45:03,L-P02_m-qwen2.5-coder-32b_sol1_gd1_rs0_bd1_str-exacting_t00_n1,464,1,1,Qwen/Qwen2.5-Coder-32B-Instruct,1,0,1,1,exacting,0.0,8.5,0.0
2026-05-20 18:45:11,L-P02_m-qwen2.5-coder-32b_sol1_gd1_rs0_bd1_str-exacting_t00_n1,464,2,1,Qwen/Qwen2.5-Coder-32B-Instruct,1,0,1,1,exacting,0.0,5.0,0.0
2026-05-20 18:45:21,L-P02_m-qwen2.5-coder-32b_sol1_gd1_rs0_bd1_str-exacting_t00_n1,464,3,1,Qwen/Qwen2.5-Coder-32B-Instruct,1,0,1,1,exacting,0.0,2.0,0.0
2026-05-20 18:45:30,L-P02_m-qwen2.5-coder-32b_sol1_gd1_rs0_bd1_str-exacting_t00_n1,465,1,1,Qwen/Qwen2.5-Coder-32B-Instruct,1,0,1,1,exacting,0.0,7.0,0.0
2026-05-20 18:45:36,L-P02_m-qwen2.5-coder-32b_sol1_gd1_rs0_bd1_str-exacting_t00_n1,465,2,1,Qwen/Qwen2.5-Coder-32B-Instruct,1,0,1,1,exacting,0.0,7.0,0.0
2026-05-20 18:45:45,L-P02_m-qwen2.5-coder-32b_sol1_gd1_rs0_bd1_str-exacting_t00_n1,465,3,1,Qwen/Qwen2.5-Coder-32B-Instruct,1,0,1,1,exacting,0.0,6.0,0.0
2026-05-20 18:45:53,L-P02_m-qwen2.5-coder-32b_sol1_gd1_rs0_bd1_str-exacting_t00_n1,466,1,1,Qwen/Qwen2.5-Coder-32B-Instruct,1,0,1,1,exacting,0.0,2.0,0.0
2026-05-20 18:46:02,L-P02_m-qwen2.5-coder-32b_sol1_gd1_rs0_bd1_str-exacting_t00_n1,466,2,1,Qwen/Qwen2.5-Coder-32B-Instruct,1,0,1,1,exacting,0.0,5.0,0.0
2026-05-20 18:46:14,L-P02_m-qwen2.5-coder-32b_sol1_gd1_rs0_bd1_str-exacting_t00_n1,466,3,1,Qwen/Qwen2.5-Coder-32B-Instruct,1,0,1,1,exacting,0.0,2.0,0.0
2026-05-20 18:46:22,L-P02_m-qwen2.5-coder-32b_sol1_gd1_rs0_bd1_str-exacting_t00_n1,467,1,1,Qwen/Qwen2.5-Coder-32B-Instruct,1,0,1,1,exacting,0.0,7.5,0.0
2026-05-20 18:46:30,L-P02_m-qwen2.5-coder-32b_sol1_gd1_rs0_bd1_str-exacting_t00_n1,467,2,1,Qwen/Qwen2.5-Coder-32B-Instruct,1,0,1,1,exacting,0.0,5.0,0.0
2026-05-20 18:46:37,L-P02_m-qwen2.5-coder-32b_sol1_gd1_rs0_bd1_str-exacting_t00_n1,467,3,1,Qwen/Qwen2.5-Coder-32B-Instruct,1,0,1,1,exacting,0.0,4.0,0.0
2026-05-20 18:46:49,L-P02_m-qwen2.5-coder-32b_sol1_gd1_rs0_bd1_str-exacting_t00_n1,468,1,1,Qwen/Qwen2.5-Coder-32B-Instruct,1,0,1,1,exacting,0.0,0.0,0.0
2026-05-20 18:46:56,L-P02_m-qwen2.5-coder-32b_sol1_gd1_rs0_bd1_str-exacting_t00_n1,468,2,1,Qwen/Qwen2.5-Coder-32B-Instruct,1,0,1,1,exacting,0.0,5.0,0.0
2026-05-20 18:47:02,L-P02_m-qwen2.5-coder-32b_sol1_gd1_rs0_bd1_str-exacting_t00_n1,468,3,1,Qwen/Qwen2.5-Coder-32B-Instruct,1,0,1,1,exacting,0.0,0.0,0.0
2026-05-20 18:47:05,L-P02_m-qwen2.5-coder-32b_sol1_gd1_rs0_bd1_str-exacting_t00_n1,468,4,1,Qwen/Qwen2.5-Coder-32B-Instruct,1,0,1,1,exacting,0.0,0.0,0.0
2026-05-20 18:47:13,L-P02_m-qwen2.5-coder-32b_sol1_gd1_rs0_bd1_str-exacting_t00_n1,469,1,1,Qwen/Qwen2.5-Coder-32B-Instruct,1,0,1,1,exacting,0.0,8.0,0.0
2026-05-20 18:47:26,L-P02_m-qwen2.5-coder-32b_sol1_gd1_rs0_bd1_str-exacting_t00_n1,469,2,1,Qwen/Qwen2.5-Coder-32B-Instruct,1,0,1,1,exacting,0.0,3.5,0.0
2026-05-20 18:47:36,L-P02_m-qwen2.5-coder-32b_sol1_gd1_rs0_bd1_str-exacting_t00_n1,469,3,1,Qwen/Qwen2.5-Coder-32B-Instruct,1,0,1,1,exacting,0.0,3.0,0.0
2026-05-20 18:47:39,L-P02_m-qwen2.5-coder-32b_sol1_gd1_rs0_bd1_str-exacting_t00_n1,469,4,1,Qwen/Qwen2.5-Coder-32B-Instruct,1,0,1,1,exacting,0.0,0.0,0.0
2026-05-20 18:47:48,L-P02_m-qwen2.5-coder-32b_sol1_gd1_rs0_bd1_str-exacting_t00_n1,470,1,1,Qwen/Qwen2.5-Coder-32B-Instruct,1,0,1,1,exacting,0.0,7.5,0.0
2026-05-20 18:47:55,L-P02_m-qwen2.5-coder-32b_sol1_gd1_rs0_bd1_str-exacting_t00_n1,470,2,1,Qwen/Qwen2.5-Coder-32B-Instruct,1,0,1,1,exacting,0.0,7.0,0.0
2026-05-20 18:48:01,L-P02_m-qwen2.5-coder-32b_sol1_gd1_rs0_bd1_str-exacting_t00_n1,470,3,1,Qwen/Qwen2.5-Coder-32B-Instruct,1,0,1,1,exacting,0.0,5.0,0.0
2026-05-20 18:48:10,L-P02_m-qwen2.5-coder-32b_sol1_gd1_rs0_bd1_str-exacting_t00_n1,471,1,1,Qwen/Qwen2.5-Coder-32B-Instruct,1,0,1,1,exacting,0.0,10.5,4.0
2026-05-20 18:48:16,L-P02_m-qwen2.5-coder-32b_sol1_gd1_rs0_bd1_str-exacting_t00_n1,471,2,1,Qwen/Qwen2.5-Coder-32B-Instruct,1,0,1,1,exacting,0.0,8.5,3.0
2026-05-20 18:48:22,L-P02_m-qwen2.5-coder-32b_sol1_gd1_rs0_bd1_str-exacting_t00_n1,471,3,1,Qwen/Qwen2.5-Coder-32B-Instruct,1,0,1,1,exacting,0.0,6.0,0.0
2026-05-20 18:48:25,L-P02_m-qwen2.5-coder-32b_sol1_gd1_rs0_bd1_str-exacting_t00_n1,471,4,1,Qwen/Qwen2.5-Coder-32B-Instruct,1,0,1,1,exacting,0.0,5.0,0.0
2026-05-20 18:48:33,L-P02_m-qwen2.5-coder-32b_sol1_gd1_rs0_bd1_str-exacting_t00_n1,472,1,1,Qwen/Qwen2.5-Coder-32B-Instruct,1,0,1,1,exacting,0.0,8.5,3.0
2026-05-20 18:48:40,L-P02_m-qwen2.5-coder-32b_sol1_gd1_rs0_bd1_str-exacting_t00_n1,472,2,1,Qwen/Qwen2.5-Coder-32B-Instruct,1,0,1,1,exacting,0.0,8.5,1.0
2026-05-20 18:48:47,L-P02_m-qwen2.5-coder-32b_sol1_gd1_rs0_bd1_str-exacting_t00_n1,472,3,1,Qwen/Qwen2.5-Coder-32B-Instruct,1,0,1,1,exacting,0.0,7.0,0.0
2026-05-20 18:48:50,L-P02_m-qwen2.5-coder-32b_sol1_gd1_rs0_bd1_str-exacting_t00_n1,472,4,1,Qwen/Qwen2.5-Coder-32B-Instruct,1,0,1,1,exacting,0.0,5.0,0.0
2026-05-20 18:48:59,L-P02_m-qwen2.5-coder-32b_sol1_gd1_rs0_bd1_str-exacting_t00_n1,473,1,1,Qwen/Qwen2.5-Coder-32B-Instruct,1,0,1,1,exacting,0.0,5.5,0.0
2026-05-20 18:49:07,L-P02_m-qwen2.5-coder-32b_sol1_gd1_rs0_bd1_str-exacting_t00_n1,473,2,1,Qwen/Qwen2.5-Coder-32B-Instruct,1,0,1,1,exacting,0.0,5.0,0.0
2026-05-20 18:49:13,L-P02_m-qwen2.5-coder-32b_sol1_gd1_rs0_bd1_str-exacting_t00_n1,473,3,1,Qwen/Qwen2.5-Coder-32B-Instruct,1,0,1,1,exacting,0.0,7.0,0.0
2026-05-20 18:49:16,L-P02_m-qwen2.5-coder-32b_sol1_gd1_rs0_bd1_str-exacting_t00_n1,473,4,1,Qwen/Qwen2.5-Coder-32B-Instruct,1,0,1,1,exacting,0.0,5.0,0.0
2026-05-20 18:49:24,L-P02_m-qwen2.5-coder-32b_sol1_gd1_rs0_bd1_str-exacting_t00_n1,474,1,1,Qwen/Qwen2.5-Coder-32B-Instruct,1,0,1,1,exacting,0.0,5.0,0.0
2026-05-20 18:49:31,L-P02_m-qwen2.5-coder-32b_sol1_gd1_rs0_bd1_str-exacting_t00_n1,474,2,1,Qwen/Qwen2.5-Coder-32B-Instruct,1,0,1,1,exacting,0.0,6.0,0.0
2026-05-20 18:49:39,L-P02_m-qwen2.5-coder-32b_sol1_gd1_rs0_bd1_str-exacting_t00_n1,474,3,1,Qwen/Qwen2.5-Coder-32B-Instruct,1,0,1,1,exacting,0.0,8.0,0.0
2026-05-20 18:49:43,L-P02_m-qwen2.5-coder-32b_sol1_gd1_rs0_bd1_str-exacting_t00_n1,474,4,1,Qwen/Qwen2.5-Coder-32B-Instruct,1,0,1,1,exacting,0.0,0.0,0.0
2026-05-20 18:49:51,L-P02_m-qwen2.5-coder-32b_sol1_gd1_rs0_bd1_str-exacting_t00_n1,475,1,1,Qwen/Qwen2.5-Coder-32B-Instruct,1,0,1,1,exacting,0.0,2.0,0.0
2026-05-20 18:50:02,L-P02_m-qwen2.5-coder-32b_sol1_gd1_rs0_bd1_str-exacting_t00_n1,475,2,1,Qwen/Qwen2.5-Coder-32B-Instruct,1,0,1,1,exacting,0.0,5.0,0.0
2026-05-20 18:50:08,L-P02_m-qwen2.5-coder-32b_sol1_gd1_rs0_bd1_str-exacting_t00_n1,475,3,1,Qwen/Qwen2.5-Coder-32B-Instruct,1,0,1,1,exacting,0.0,4.0,0.0
2026-05-20 18:50:16,L-P02_m-qwen2.5-coder-32b_sol1_gd1_rs0_bd1_str-exacting_t00_n1,476,1,1,Qwen/Qwen2.5-Coder-32B-Instruct,1,0,1,1,exacting,0.0,0.5,0.0
2026-05-20 18:50:28,L-P02_m-qwen2.5-coder-32b_sol1_gd1_rs0_bd1_str-exacting_t00_n1,476,2,1,Qwen/Qwen2.5-Coder-32B-Instruct,1,0,1,1,exacting,0.0,3.0,0.0
2026-05-20 18:50:35,L-P02_m-qwen2.5-coder-32b_sol1_gd1_rs0_bd1_str-exacting_t00_n1,476,3,1,Qwen/Qwen2.5-Coder-32B-Instruct,1,0,1,1,exacting,0.0,7.0,0.0
2026-05-20 18:50:48,L-P02_m-qwen2.5-coder-32b_sol1_gd1_rs0_bd1_str-exacting_t00_n1,477,1,1,Qwen/Qwen2.5-Coder-32B-Instruct,1,0,1,1,exacting,0.0,3.0,0.0
2026-05-20 18:50:56,L-P02_m-qwen2.5-coder-32b_sol1_gd1_rs0_bd1_str-exacting_t00_n1,477,2,1,Qwen/Qwen2.5-Coder-32B-Instruct,1,0,1,1,exacting,0.0,6.0,0.0
2026-05-20 18:51:01,L-P02_m-qwen2.5-coder-32b_sol1_gd1_rs0_bd1_str-exacting_t00_n1,477,3,1,Qwen/Qwen2.5-Coder-32B-Instruct,1,0,1,1,exacting,0.0,5.0,0.0
2026-05-20 18:51:13,L-P02_m-qwen2.5-coder-32b_sol1_gd1_rs0_bd1_str-exacting_t00_n1,478,1,1,Qwen/Qwen2.5-Coder-32B-Instruct,1,0,1,1,exacting,0.0,3.0,0.0
2026-05-20 18:51:19,L-P02_m-qwen2.5-coder-32b_sol1_gd1_rs0_bd1_str-exacting_t00_n1,478,2,1,Qwen/Qwen2.5-Coder-32B-Instruct,1,0,1,1,exacting,0.0,5.0,0.0
2026-05-20 18:51:29,L-P02_m-qwen2.5-coder-32b_sol1_gd1_rs0_bd1_str-exacting_t00_n1,478,3,1,Qwen/Qwen2.5-Coder-32B-Instruct,1,0,1,1,exacting,0.0,4.0,0.0
2026-05-20 18:51:38,L-P02_m-qwen2.5-coder-32b_sol1_gd1_rs0_bd1_str-exacting_t00_n1,479,1,1,Qwen/Qwen2.5-Coder-32B-Instruct,1,0,1,1,exacting,0.0,7.0,0.0
2026-05-20 18:51:49,L-P02_m-qwen2.5-coder-32b_sol1_gd1_rs0_bd1_str-exacting_t00_n1,479,2,1,Qwen/Qwen2.5-Coder-32B-Instruct,1,0,1,1,exacting,0.0,5.0,0.0
2026-05-20 18:51:55,L-P02_m-qwen2.5-coder-32b_sol1_gd1_rs0_bd1_str-exacting_t00_n1,479,3,1,Qwen/Qwen2.5-Coder-32B-Instruct,1,0,1,1,exacting,0.0,8.0,0.0
2026-05-20 18:52:04,L-P02_m-qwen2.5-coder-32b_sol1_gd1_rs0_bd1_str-exacting_t00_n1,480,1,1,Qwen/Qwen2.5-Coder-32B-Instruct,1,0,1,1,exacting,0.0,7.0,0.0
2026-05-20 18:52:10,L-P02_m-qwen2.5-coder-32b_sol1_gd1_rs0_bd1_str-exacting_t00_n1,480,2,1,Qwen/Qwen2.5-Coder-32B-Instruct,1,0,1,1,exacting,0.0,7.0,0.0
2026-05-20 18:52:16,L-P02_m-qwen2.5-coder-32b_sol1_gd1_rs0_bd1_str-exacting_t00_n1,480,3,1,Qwen/Qwen2.5-Coder-32B-Instruct,1,0,1,1,exacting,0.0,4.0,0.0
2026-05-20 18:52:19,L-P02_m-qwen2.5-coder-32b_sol1_gd1_rs0_bd1_str-exacting_t00_n1,480,4,1,Qwen/Qwen2.5-Coder-32B-Instruct,1,0,1,1,exacting,0.0,0.0,0.0
2026-05-20 18:52:28,L-P02_m-qwen2.5-coder-32b_sol1_gd1_rs0_bd1_str-exacting_t00_n1,481,1,1,Qwen/Qwen2.5-Coder-32B-Instruct,1,0,1,1,exacting,0.0,7.0,0.0
2026-05-20 18:52:34,L-P02_m-qwen2.5-coder-32b_sol1_gd1_rs0_bd1_str-exacting_t00_n1,481,2,1,Qwen/Qwen2.5-Coder-32B-Instruct,1,0,1,1,exacting,0.0,6.0,0.0
2026-05-20 18:52:40,L-P02_m-qwen2.5-coder-32b_sol1_gd1_rs0_bd1_str-exacting_t00_n1,481,3,1,Qwen/Qwen2.5-Coder-32B-Instruct,1,0,1,1,exacting,0.0,4.0,0.0
2026-05-20 18:52:49,L-P02_m-qwen2.5-coder-32b_sol1_gd1_rs0_bd1_str-exacting_t00_n1,482,1,1,Qwen/Qwen2.5-Coder-32B-Instruct,1,0,1,1,exacting,0.0,4.0,0.0
2026-05-20 18:53:00,L-P02_m-qwen2.5-coder-32b_sol1_gd1_rs0_bd1_str-exacting_t00_n1,482,2,1,Qwen/Qwen2.5-Coder-32B-Instruct,1,0,1,1,exacting,0.0,5.0,0.0
2026-05-20 18:53:10,L-P02_m-qwen2.5-coder-32b_sol1_gd1_rs0_bd1_str-exacting_t00_n1,482,3,1,Qwen/Qwen2.5-Coder-32B-Instruct,1,0,1,1,exacting,0.0,4.0,0.0
2026-05-20 18:53:18,L-P02_m-qwen2.5-coder-32b_sol1_gd1_rs0_bd1_str-exacting_t00_n1,483,1,1,Qwen/Qwen2.5-Coder-32B-Instruct,1,0,1,1,exacting,0.0,7.5,0.0
2026-05-20 18:53:24,L-P02_m-qwen2.5-coder-32b_sol1_gd1_rs0_bd1_str-exacting_t00_n1,483,2,1,Qwen/Qwen2.5-Coder-32B-Instruct,1,0,1,1,exacting,0.0,7.0,0.0
2026-05-20 18:53:33,L-P02_m-qwen2.5-coder-32b_sol1_gd1_rs0_bd1_str-exacting_t00_n1,483,3,1,Qwen/Qwen2.5-Coder-32B-Instruct,1,0,1,1,exacting,0.0,4.0,0.0
2026-05-20 18:53:37,L-P02_m-qwen2.5-coder-32b_sol1_gd1_rs0_bd1_str-exacting_t00_n1,483,4,1,Qwen/Qwen2.5-Coder-32B-Instruct,1,0,1,1,exacting,0.0,0.0,0.0
2026-05-20 18:53:45,L-P02_m-qwen2.5-coder-32b_sol1_gd1_rs0_bd1_str-exacting_t00_n1,484,1,1,Qwen/Qwen2.5-Coder-32B-Instruct,1,0,1,1,exacting,0.0,7.0,0.0
2026-05-20 18:53:53,L-P02_m-qwen2.5-coder-32b_sol1_gd1_rs0_bd1_str-exacting_t00_n1,484,2,1,Qwen/Qwen2.5-Coder-32B-Instruct,1,0,1,1,exacting,0.0,3.0,0.0
2026-05-20 18:54:00,L-P02_m-qwen2.5-coder-32b_sol1_gd1_rs0_bd1_str-exacting_t00_n1,484,3,1,Qwen/Qwen2.5-Coder-32B-Instruct,1,0,1,1,exacting,0.0,7.0,0.0
2026-05-20 18:54:04,L-P02_m-qwen2.5-coder-32b_sol1_gd1_rs0_bd1_str-exacting_t00_n1,484,4,1,Qwen/Qwen2.5-Coder-32B-Instruct,1,0,1,1,exacting,0.0,0.0,0.0
2026-05-20 18:54:12,L-P02_m-qwen2.5-coder-32b_sol1_gd1_rs0_bd1_str-exacting_t00_n1,485,1,1,Qwen/Qwen2.5-Coder-32B-Instruct,1,0,1,1,exacting,0.0,8.5,0.0
2026-05-20 18:54:18,L-P02_m-qwen2.5-coder-32b_sol1_gd1_rs0_bd1_str-exacting_t00_n1,485,2,1,Qwen/Qwen2.5-Coder-32B-Instruct,1,0,1,1,exacting,0.0,6.0,0.0
2026-05-20 18:54:28,L-P02_m-qwen2.5-coder-32b_sol1_gd1_rs0_bd1_str-exacting_t00_n1,485,3,1,Qwen/Qwen2.5-Coder-32B-Instruct,1,0,1,1,exacting,0.0,2.0,0.0
2026-05-20 18:54:36,L-P02_m-qwen2.5-coder-32b_sol1_gd1_rs0_bd1_str-exacting_t00_n1,486,1,1,Qwen/Qwen2.5-Coder-32B-Instruct,1,0,1,1,exacting,0.0,2.0,0.0
2026-05-20 18:54:44,L-P02_m-qwen2.5-coder-32b_sol1_gd1_rs0_bd1_str-exacting_t00_n1,486,2,1,Qwen/Qwen2.5-Coder-32B-Instruct,1,0,1,1,exacting,0.0,3.0,0.0
2026-05-20 18:54:52,L-P02_m-qwen2.5-coder-32b_sol1_gd1_rs0_bd1_str-exacting_t00_n1,486,3,1,Qwen/Qwen2.5-Coder-32B-Instruct,1,0,1,1,exacting,0.0,3.0,0.0
2026-05-20 18:55:01,L-P02_m-qwen2.5-coder-32b_sol1_gd1_rs0_bd1_str-exacting_t00_n1,487,1,1,Qwen/Qwen2.5-Coder-32B-Instruct,1,0,1,1,exacting,0.0,7.0,0.0
2026-05-20 18:55:07,L-P02_m-qwen2.5-coder-32b_sol1_gd1_rs0_bd1_str-exacting_t00_n1,487,2,1,Qwen/Qwen2.5-Coder-32B-Instruct,1,0,1,1,exacting,0.0,5.0,0.0
2026-05-20 18:55:13,L-P02_m-qwen2.5-coder-32b_sol1_gd1_rs0_bd1_str-exacting_t00_n1,487,3,1,Qwen/Qwen2.5-Coder-32B-Instruct,1,0,1,1,exacting,0.0,4.0,0.0
2026-05-20 18:55:21,L-P02_m-qwen2.5-coder-32b_sol1_gd1_rs0_bd1_str-exacting_t00_n1,488,1,1,Qwen/Qwen2.5-Coder-32B-Instruct,1,0,1,1,exacting,0.0,4.0,0.0
2026-05-20 18:55:32,L-P02_m-qwen2.5-coder-32b_sol1_gd1_rs0_bd1_str-exacting_t00_n1,488,2,1,Qwen/Qwen2.5-Coder-32B-Instruct,1,0,1,1,exacting,0.0,2.0,0.0
2026-05-20 18:55:38,L-P02_m-qwen2.5-coder-32b_sol1_gd1_rs0_bd1_str-exacting_t00_n1,488,3,1,Qwen/Qwen2.5-Coder-32B-Instruct,1,0,1,1,exacting,0.0,5.0,0.0
2026-05-20 18:55:48,L-P02_m-qwen2.5-coder-32b_sol1_gd1_rs0_bd1_str-exacting_t00_n1,489,1,1,Qwen/Qwen2.5-Coder-32B-Instruct,1,0,1,1,exacting,0.0,5.5,0.0
2026-05-20 18:56:01,L-P02_m-qwen2.5-coder-32b_sol1_gd1_rs0_bd1_str-exacting_t00_n1,489,2,1,Qwen/Qwen2.5-Coder-32B-Instruct,1,0,1,1,exacting,0.0,3.0,0.0
2026-05-20 18:56:09,L-P02_m-qwen2.5-coder-32b_sol1_gd1_rs0_bd1_str-exacting_t00_n1,489,3,1,Qwen/Qwen2.5-Coder-32B-Instruct,1,0,1,1,exacting,0.0,7.0,0.0
2026-05-20 18:56:17,L-P02_m-qwen2.5-coder-32b_sol1_gd1_rs0_bd1_str-exacting_t00_n1,490,1,1,Qwen/Qwen2.5-Coder-32B-Instruct,1,0,1,1,exacting,0.0,2.0,0.0
2026-05-20 18:56:27,L-P02_m-qwen2.5-coder-32b_sol1_gd1_rs0_bd1_str-exacting_t00_n1,490,2,1,Qwen/Qwen2.5-Coder-32B-Instruct,1,0,1,1,exacting,0.0,2.0,0.0
2026-05-20 18:56:39,L-P02_m-qwen2.5-coder-32b_sol1_gd1_rs0_bd1_str-exacting_t00_n1,490,3,1,Qwen/Qwen2.5-Coder-32B-Instruct,1,0,1,1,exacting,0.0,4.0,0.0
2026-05-20 18:56:48,L-P02_m-qwen2.5-coder-32b_sol1_gd1_rs0_bd1_str-exacting_t00_n1,491,1,1,Qwen/Qwen2.5-Coder-32B-Instruct,1,0,1,1,exacting,0.0,7.5,0.0
2026-05-20 18:56:55,L-P02_m-qwen2.5-coder-32b_sol1_gd1_rs0_bd1_str-exacting_t00_n1,491,2,1,Qwen/Qwen2.5-Coder-32B-Instruct,1,0,1,1,exacting,0.0,6.0,0.0
2026-05-20 18:57:03,L-P02_m-qwen2.5-coder-32b_sol1_gd1_rs0_bd1_str-exacting_t00_n1,491,3,1,Qwen/Qwen2.5-Coder-32B-Instruct,1,0,1,1,exacting,0.0,7.0,0.0
2026-05-20 18:57:14,L-P02_m-qwen2.5-coder-32b_sol1_gd1_rs0_bd1_str-exacting_t00_n1,492,1,1,Qwen/Qwen2.5-Coder-32B-Instruct,1,0,1,1,exacting,0.0,3.0,0.0
2026-05-20 18:57:23,L-P02_m-qwen2.5-coder-32b_sol1_gd1_rs0_bd1_str-exacting_t00_n1,492,2,1,Qwen/Qwen2.5-Coder-32B-Instruct,1,0,1,1,exacting,0.0,3.0,0.0
2026-05-20 18:57:33,L-P02_m-qwen2.5-coder-32b_sol1_gd1_rs0_bd1_str-exacting_t00_n1,492,3,1,Qwen/Qwen2.5-Coder-32B-Instruct,1,0,1,1,exacting,0.0,2.0,0.0
2026-05-20 18:57:41,L-P02_m-qwen2.5-coder-32b_sol1_gd1_rs0_bd1_str-exacting_t00_n1,493,1,1,Qwen/Qwen2.5-Coder-32B-Instruct,1,0,1,1,exacting,0.0,3.0,0.0
2026-05-20 18:57:47,L-P02_m-qwen2.5-coder-32b_sol1_gd1_rs0_bd1_str-exacting_t00_n1,493,2,1,Qwen/Qwen2.5-Coder-32B-Instruct,1,0,1,1,exacting,0.0,6.0,0.0
2026-05-20 18:57:56,L-P02_m-qwen2.5-coder-32b_sol1_gd1_rs0_bd1_str-exacting_t00_n1,493,3,1,Qwen/Qwen2.5-Coder-32B-Instruct,1,0,1,1,exacting,0.0,6.0,0.0
2026-05-20 18:58:04,L-P02_m-qwen2.5-coder-32b_sol1_gd1_rs0_bd1_str-exacting_t00_n1,494,1,1,Qwen/Qwen2.5-Coder-32B-Instruct,1,0,1,1,exacting,0.0,10.0,1.0
2026-05-20 18:58:11,L-P02_m-qwen2.5-coder-32b_sol1_gd1_rs0_bd1_str-exacting_t00_n1,494,2,1,Qwen/Qwen2.5-Coder-32B-Instruct,1,0,1,1,exacting,0.0,8.5,3.0
2026-05-20 18:58:19,L-P02_m-qwen2.5-coder-32b_sol1_gd1_rs0_bd1_str-exacting_t00_n1,494,3,1,Qwen/Qwen2.5-Coder-32B-Instruct,1,0,1,1,exacting,0.0,8.0,0.0
2026-05-20 18:58:22,L-P02_m-qwen2.5-coder-32b_sol1_gd1_rs0_bd1_str-exacting_t00_n1,494,4,1,Qwen/Qwen2.5-Coder-32B-Instruct,1,0,1,1,exacting,0.0,5.0,0.0
2026-05-20 18:58:31,L-P02_m-qwen2.5-coder-32b_sol1_gd1_rs0_bd1_str-exacting_t00_n1,495,1,1,Qwen/Qwen2.5-Coder-32B-Instruct,1,0,1,1,exacting,0.0,5.0,0.0
2026-05-20 18:58:38,L-P02_m-qwen2.5-coder-32b_sol1_gd1_rs0_bd1_str-exacting_t00_n1,495,2,1,Qwen/Qwen2.5-Coder-32B-Instruct,1,0,1,1,exacting,0.0,5.0,0.0
2026-05-20 18:58:46,L-P02_m-qwen2.5-coder-32b_sol1_gd1_rs0_bd1_str-exacting_t00_n1,495,3,1,Qwen/Qwen2.5-Coder-32B-Instruct,1,0,1,1,exacting,0.0,8.0,0.0
2026-05-20 18:58:54,L-P02_m-qwen2.5-coder-32b_sol1_gd1_rs0_bd1_str-exacting_t00_n1,496,1,1,Qwen/Qwen2.5-Coder-32B-Instruct,1,0,1,1,exacting,0.0,4.0,0.0
2026-05-20 18:59:02,L-P02_m-qwen2.5-coder-32b_sol1_gd1_rs0_bd1_str-exacting_t00_n1,496,2,1,Qwen/Qwen2.5-Coder-32B-Instruct,1,0,1,1,exacting,0.0,7.0,0.0
2026-05-20 18:59:08,L-P02_m-qwen2.5-coder-32b_sol1_gd1_rs0_bd1_str-exacting_t00_n1,496,3,1,Qwen/Qwen2.5-Coder-32B-Instruct,1,0,1,1,exacting,0.0,7.0,0.0
2026-05-20 18:59:16,L-P02_m-qwen2.5-coder-32b_sol1_gd1_rs0_bd1_str-exacting_t00_n1,497,1,1,Qwen/Qwen2.5-Coder-32B-Instruct,1,0,1,1,exacting,0.0,6.5,0.0
2026-05-20 18:59:23,L-P02_m-qwen2.5-coder-32b_sol1_gd1_rs0_bd1_str-exacting_t00_n1,497,2,1,Qwen/Qwen2.5-Coder-32B-Instruct,1,0,1,1,exacting,0.0,6.0,0.0
2026-05-20 18:59:31,L-P02_m-qwen2.5-coder-32b_sol1_gd1_rs0_bd1_str-exacting_t00_n1,497,3,1,Qwen/Qwen2.5-Coder-32B-Instruct,1,0,1,1,exacting,0.0,7.0,0.0
2026-05-20 18:59:40,L-P02_m-qwen2.5-coder-32b_sol1_gd1_rs0_bd1_str-exacting_t00_n1,498,1,1,Qwen/Qwen2.5-Coder-32B-Instruct,1,0,1,1,exacting,0.0,7.0,0.0
2026-05-20 18:59:47,L-P02_m-qwen2.5-coder-32b_sol1_gd1_rs0_bd1_str-exacting_t00_n1,498,2,1,Qwen/Qwen2.5-Coder-32B-Instruct,1,0,1,1,exacting,0.0,7.0,0.0
2026-05-20 18:59:56,L-P02_m-qwen2.5-coder-32b_sol1_gd1_rs0_bd1_str-exacting_t00_n1,498,3,1,Qwen/Qwen2.5-Coder-32B-Instruct,1,0,1,1,exacting,0.0,8.0,0.0
2026-05-20 19:00:04,L-P02_m-qwen2.5-coder-32b_sol1_gd1_rs0_bd1_str-exacting_t00_n1,499,1,1,Qwen/Qwen2.5-Coder-32B-Instruct,1,0,1,1,exacting,0.0,7.0,0.0
2026-05-20 19:00:12,L-P02_m-qwen2.5-coder-32b_sol1_gd1_rs0_bd1_str-exacting_t00_n1,499,2,1,Qwen/Qwen2.5-Coder-32B-Instruct,1,0,1,1,exacting,0.0,4.0,0.0
2026-05-20 19:00:20,L-P02_m-qwen2.5-coder-32b_sol1_gd1_rs0_bd1_str-exacting_t00_n1,499,3,1,Qwen/Qwen2.5-Coder-32B-Instruct,1,0,1,1,exacting,0.0,7.0,0.0
2026-05-20 19:00:23,L-P02_m-qwen2.5-coder-32b_sol1_gd1_rs0_bd1_str-exacting_t00_n1,499,4,1,Qwen/Qwen2.5-Coder-32B-Instruct,1,0,1,1,exacting,0.0,5.0,0.0
2026-05-20 19:00:31,L-P02_m-qwen2.5-coder-32b_sol1_gd1_rs0_bd1_str-exacting_t00_n1,500,1,1,Qwen/Qwen2.5-Coder-32B-Instruct,1,0,1,1,exacting,0.0,7.0,0.0
2026-05-20 19:00:39,L-P02_m-qwen2.5-coder-32b_sol1_gd1_rs0_bd1_str-exacting_t00_n1,500,2,1,Qwen/Qwen2.5-Coder-32B-Instruct,1,0,1,1,exacting,0.0,8.0,0.0
2026-05-20 19:00:47,L-P02_m-qwen2.5-coder-32b_sol1_gd1_rs0_bd1_str-exacting_t00_n1,500,3,1,Qwen/Qwen2.5-Coder-32B-Instruct,1,0,1,1,exacting,0.0,8.0,0.0
2026-05-20 19:00:56,L-P02_m-qwen2.5-coder-32b_sol1_gd1_rs0_bd1_str-exacting_t00_n1,501,1,1,Qwen/Qwen2.5-Coder-32B-Instruct,1,0,1,1,exacting,0.0,3.0,0.0
2026-05-20 19:01:04,L-P02_m-qwen2.5-coder-32b_sol1_gd1_rs0_bd1_str-exacting_t00_n1,501,2,1,Qwen/Qwen2.5-Coder-32B-Instruct,1,0,1,1,exacting,0.0,4.0,0.0
2026-05-20 19:01:09,L-P02_m-qwen2.5-coder-32b_sol1_gd1_rs0_bd1_str-exacting_t00_n1,501,3,1,Qwen/Qwen2.5-Coder-32B-Instruct,1,0,1,1,exacting,0.0,4.0,0.0
2026-05-20 19:01:21,L-P02_m-qwen2.5-coder-32b_sol1_gd1_rs0_bd1_str-exacting_t00_n1,502,1,1,Qwen/Qwen2.5-Coder-32B-Instruct,1,0,1,1,exacting,0.0,3.0,0.0
2026-05-20 19:01:29,L-P02_m-qwen2.5-coder-32b_sol1_gd1_rs0_bd1_str-exacting_t00_n1,502,2,1,Qwen/Qwen2.5-Coder-32B-Instruct,1,0,1,1,exacting,0.0,5.0,0.0
2026-05-20 19:01:35,L-P02_m-qwen2.5-coder-32b_sol1_gd1_rs0_bd1_str-exacting_t00_n1,502,3,1,Qwen/Qwen2.5-Coder-32B-Instruct,1,0,1,1,exacting,0.0,6.0,0.0
2026-05-20 19:01:49,L-P02_m-qwen2.5-coder-32b_sol1_gd1_rs0_bd1_str-exacting_t00_n1,503,1,1,Qwen/Qwen2.5-Coder-32B-Instruct,1,0,1,1,exacting,0.0,2.5,0.0
2026-05-20 19:02:00,L-P02_m-qwen2.5-coder-32b_sol1_gd1_rs0_bd1_str-exacting_t00_n1,503,2,1,Qwen/Qwen2.5-Coder-32B-Instruct,1,0,1,1,exacting,0.0,5.0,0.0
2026-05-20 19:02:05,L-P02_m-qwen2.5-coder-32b_sol1_gd1_rs0_bd1_str-exacting_t00_n1,503,3,1,Qwen/Qwen2.5-Coder-32B-Instruct,1,0,1,1,exacting,0.0,5.0,0.0
2026-05-20 19:02:14,L-P02_m-qwen2.5-coder-32b_sol1_gd1_rs0_bd1_str-exacting_t00_n1,504,1,1,Qwen/Qwen2.5-Coder-32B-Instruct,1,0,1,1,exacting,0.0,3.0,0.0
2026-05-20 19:02:20,L-P02_m-qwen2.5-coder-32b_sol1_gd1_rs0_bd1_str-exacting_t00_n1,504,2,1,Qwen/Qwen2.5-Coder-32B-Instruct,1,0,1,1,exacting,0.0,8.5,1.0
2026-05-20 19:02:28,L-P02_m-qwen2.5-coder-32b_sol1_gd1_rs0_bd1_str-exacting_t00_n1,504,3,1,Qwen/Qwen2.5-Coder-32B-Instruct,1,0,1,1,exacting,0.0,4.0,0.0
2026-05-20 19:02:33,L-P02_m-qwen2.5-coder-32b_sol1_gd1_rs0_bd1_str-exacting_t00_n1,504,4,1,Qwen/Qwen2.5-Coder-32B-Instruct,1,0,1,1,exacting,0.0,0.0,0.0
2026-05-20 19:02:43,L-P02_m-qwen2.5-coder-32b_sol1_gd1_rs0_bd1_str-exacting_t00_n1,505,1,1,Qwen/Qwen2.5-Coder-32B-Instruct,1,0,1,1,exacting,0.0,3.0,0.0
2026-05-20 19:02:55,L-P02_m-qwen2.5-coder-32b_sol1_gd1_rs0_bd1_str-exacting_t00_n1,505,2,1,Qwen/Qwen2.5-Coder-32B-Instruct,1,0,1,1,exacting,0.0,2.5,0.0
2026-05-20 19:03:01,L-P02_m-qwen2.5-coder-32b_sol1_gd1_rs0_bd1_str-exacting_t00_n1,505,3,1,Qwen/Qwen2.5-Coder-32B-Instruct,1,0,1,1,exacting,0.0,5.0,0.0
2026-05-20 19:03:04,L-P02_m-qwen2.5-coder-32b_sol1_gd1_rs0_bd1_str-exacting_t00_n1,505,4,1,Qwen/Qwen2.5-Coder-32B-Instruct,1,0,1,1,exacting,0.0,5.0,0.0
2026-05-20 19:03:11,L-P02_m-qwen2.5-coder-32b_sol1_gd1_rs0_bd1_str-exacting_t00_n1,506,1,1,Qwen/Qwen2.5-Coder-32B-Instruct,1,0,1,1,exacting,0.0,5.5,0.0
2026-05-20 19:03:19,L-P02_m-qwen2.5-coder-32b_sol1_gd1_rs0_bd1_str-exacting_t00_n1,506,2,1,Qwen/Qwen2.5-Coder-32B-Instruct,1,0,1,1,exacting,0.0,8.0,0.0
2026-05-20 19:03:24,L-P02_m-qwen2.5-coder-32b_sol1_gd1_rs0_bd1_str-exacting_t00_n1,506,3,1,Qwen/Qwen2.5-Coder-32B-Instruct,1,0,1,1,exacting,0.0,5.0,0.0
2026-05-20 19:03:33,L-P02_m-qwen2.5-coder-32b_sol1_gd1_rs0_bd1_str-exacting_t00_n1,507,1,1,Qwen/Qwen2.5-Coder-32B-Instruct,1,0,1,1,exacting,0.0,4.0,0.0
2026-05-20 19:03:41,L-P02_m-qwen2.5-coder-32b_sol1_gd1_rs0_bd1_str-exacting_t00_n1,507,2,1,Qwen/Qwen2.5-Coder-32B-Instruct,1,0,1,1,exacting,0.0,5.0,0.0
2026-05-20 19:03:51,L-P02_m-qwen2.5-coder-32b_sol1_gd1_rs0_bd1_str-exacting_t00_n1,507,3,1,Qwen/Qwen2.5-Coder-32B-Instruct,1,0,1,1,exacting,0.0,3.0,0.0
2026-05-20 19:03:59,L-P02_m-qwen2.5-coder-32b_sol1_gd1_rs0_bd1_str-exacting_t00_n1,508,1,1,Qwen/Qwen2.5-Coder-32B-Instruct,1,0,1,1,exacting,0.0,4.0,0.0
2026-05-20 19:04:06,L-P02_m-qwen2.5-coder-32b_sol1_gd1_rs0_bd1_str-exacting_t00_n1,508,2,1,Qwen/Qwen2.5-Coder-32B-Instruct,1,0,1,1,exacting,0.0,6.0,0.0
2026-05-20 19:04:12,L-P02_m-qwen2.5-coder-32b_sol1_gd1_rs0_bd1_str-exacting_t00_n1,508,3,1,Qwen/Qwen2.5-Coder-32B-Instruct,1,0,1,1,exacting,0.0,6.0,0.0
2026-05-20 19:04:21,L-P02_m-qwen2.5-coder-32b_sol1_gd1_rs0_bd1_str-exacting_t00_n1,509,1,1,Qwen/Qwen2.5-Coder-32B-Instruct,1,0,1,1,exacting,0.0,3.0,0.0
2026-05-20 19:04:31,L-P02_m-qwen2.5-coder-32b_sol1_gd1_rs0_bd1_str-exacting_t00_n1,509,2,1,Qwen/Qwen2.5-Coder-32B-Instruct,1,0,1,1,exacting,0.0,5.0,0.0
2026-05-20 19:04:41,L-P02_m-qwen2.5-coder-32b_sol1_gd1_rs0_bd1_str-exacting_t00_n1,509,3,1,Qwen/Qwen2.5-Coder-32B-Instruct,1,0,1,1,exacting,0.0,4.0,0.0
2026-05-20 19:04:44,L-P02_m-qwen2.5-coder-32b_sol1_gd1_rs0_bd1_str-exacting_t00_n1,509,4,1,Qwen/Qwen2.5-Coder-32B-Instruct,1,0,1,1,exacting,0.0,0.0,0.0
2026-05-20 19:04:52,L-P02_m-qwen2.5-coder-32b_sol1_gd1_rs0_bd1_str-exacting_t00_n1,510,1,1,Qwen/Qwen2.5-Coder-32B-Instruct,1,0,1,1,exacting,0.0,8.0,0.0
2026-05-20 19:05:00,L-P02_m-qwen2.5-coder-32b_sol1_gd1_rs0_bd1_str-exacting_t00_n1,510,2,1,Qwen/Qwen2.5-Coder-32B-Instruct,1,0,1,1,exacting,0.0,7.0,0.0
2026-05-20 19:05:06,L-P02_m-qwen2.5-coder-32b_sol1_gd1_rs0_bd1_str-exacting_t00_n1,510,3,1,Qwen/Qwen2.5-Coder-32B-Instruct,1,0,1,1,exacting,0.0,6.0,0.0
2026-05-20 19:05:09,L-P02_m-qwen2.5-coder-32b_sol1_gd1_rs0_bd1_str-exacting_t00_n1,510,4,1,Qwen/Qwen2.5-Coder-32B-Instruct,1,0,1,1,exacting,0.0,5.0,0.0
2026-05-20 19:05:17,L-P02_m-qwen2.5-coder-32b_sol1_gd1_rs0_bd1_str-exacting_t00_n1,511,1,1,Qwen/Qwen2.5-Coder-32B-Instruct,1,0,1,1,exacting,0.0,5.0,0.0
2026-05-20 19:05:25,L-P02_m-qwen2.5-coder-32b_sol1_gd1_rs0_bd1_str-exacting_t00_n1,511,2,1,Qwen/Qwen2.5-Coder-32B-Instruct,1,0,1,1,exacting,0.0,5.0,0.0
2026-05-20 19:05:35,L-P02_m-qwen2.5-coder-32b_sol1_gd1_rs0_bd1_str-exacting_t00_n1,511,3,1,Qwen/Qwen2.5-Coder-32B-Instruct,1,0,1,1,exacting,0.0,3.0,0.0
2026-05-20 19:05:44,L-P02_m-qwen2.5-coder-32b_sol1_gd1_rs0_bd1_str-exacting_t00_n1,512,1,1,Qwen/Qwen2.5-Coder-32B-Instruct,1,0,1,1,exacting,0.0,6.0,0.0
2026-05-20 19:05:51,L-P02_m-qwen2.5-coder-32b_sol1_gd1_rs0_bd1_str-exacting_t00_n1,512,2,1,Qwen/Qwen2.5-Coder-32B-Instruct,1,0,1,1,exacting,0.0,4.0,0.0
2026-05-20 19:05:58,L-P02_m-qwen2.5-coder-32b_sol1_gd1_rs0_bd1_str-exacting_t00_n1,512,3,1,Qwen/Qwen2.5-Coder-32B-Instruct,1,0,1,1,exacting,0.0,8.0,0.0
2026-05-20 19:06:02,L-P02_m-qwen2.5-coder-32b_sol1_gd1_rs0_bd1_str-exacting_t00_n1,512,4,1,Qwen/Qwen2.5-Coder-32B-Instruct,1,0,1,1,exacting,0.0,0.0,0.0
2026-05-20 19:06:11,L-P02_m-qwen2.5-coder-32b_sol1_gd1_rs0_bd1_str-exacting_t00_n1,513,1,1,Qwen/Qwen2.5-Coder-32B-Instruct,1,0,1,1,exacting,0.0,8.0,0.0
2026-05-20 19:06:17,L-P02_m-qwen2.5-coder-32b_sol1_gd1_rs0_bd1_str-exacting_t00_n1,513,2,1,Qwen/Qwen2.5-Coder-32B-Instruct,1,0,1,1,exacting,0.0,3.0,0.0
2026-05-20 19:06:23,L-P02_m-qwen2.5-coder-32b_sol1_gd1_rs0_bd1_str-exacting_t00_n1,513,3,1,Qwen/Qwen2.5-Coder-32B-Instruct,1,0,1,1,exacting,0.0,7.0,0.0
2026-05-20 19:06:32,L-P02_m-qwen2.5-coder-32b_sol1_gd1_rs0_bd1_str-exacting_t00_n1,514,1,1,Qwen/Qwen2.5-Coder-32B-Instruct,1,0,1,1,exacting,0.0,8.0,0.0
2026-05-20 19:06:38,L-P02_m-qwen2.5-coder-32b_sol1_gd1_rs0_bd1_str-exacting_t00_n1,514,2,1,Qwen/Qwen2.5-Coder-32B-Instruct,1,0,1,1,exacting,0.0,7.0,0.0
2026-05-20 19:06:44,L-P02_m-qwen2.5-coder-32b_sol1_gd1_rs0_bd1_str-exacting_t00_n1,514,3,1,Qwen/Qwen2.5-Coder-32B-Instruct,1,0,1,1,exacting,0.0,7.0,0.0
2026-05-20 19:06:47,L-P02_m-qwen2.5-coder-32b_sol1_gd1_rs0_bd1_str-exacting_t00_n1,514,4,1,Qwen/Qwen2.5-Coder-32B-Instruct,1,0,1,1,exacting,0.0,5.0,0.0
2026-05-20 19:06:57,L-P02_m-qwen2.5-coder-32b_sol1_gd1_rs0_bd1_str-exacting_t00_n1,515,1,1,Qwen/Qwen2.5-Coder-32B-Instruct,1,0,1,1,exacting,0.0,3.0,0.0
2026-05-20 19:07:04,L-P02_m-qwen2.5-coder-32b_sol1_gd1_rs0_bd1_str-exacting_t00_n1,515,2,1,Qwen/Qwen2.5-Coder-32B-Instruct,1,0,1,1,exacting,0.0,5.0,0.0
2026-05-20 19:07:10,L-P02_m-qwen2.5-coder-32b_sol1_gd1_rs0_bd1_str-exacting_t00_n1,515,3,1,Qwen/Qwen2.5-Coder-32B-Instruct,1,0,1,1,exacting,0.0,5.0,0.0
2026-05-20 19:07:24,L-P02_m-qwen2.5-coder-32b_sol1_gd1_rs0_bd1_str-exacting_t00_n1,516,1,1,Qwen/Qwen2.5-Coder-32B-Instruct,1,0,1,1,exacting,0.0,4.0,0.0
2026-05-20 19:07:34,L-P02_m-qwen2.5-coder-32b_sol1_gd1_rs0_bd1_str-exacting_t00_n1,516,2,1,Qwen/Qwen2.5-Coder-32B-Instruct,1,0,1,1,exacting,0.0,6.0,0.0
2026-05-20 19:07:42,L-P02_m-qwen2.5-coder-32b_sol1_gd1_rs0_bd1_str-exacting_t00_n1,516,3,1,Qwen/Qwen2.5-Coder-32B-Instruct,1,0,1,1,exacting,0.0,7.0,0.0
2026-05-20 19:07:45,L-P02_m-qwen2.5-coder-32b_sol1_gd1_rs0_bd1_str-exacting_t00_n1,516,4,1,Qwen/Qwen2.5-Coder-32B-Instruct,1,0,1,1,exacting,0.0,0.0,0.0
2026-05-20 19:07:53,L-P02_m-qwen2.5-coder-32b_sol1_gd1_rs0_bd1_str-exacting_t00_n1,517,1,1,Qwen/Qwen2.5-Coder-32B-Instruct,1,0,1,1,exacting,0.0,5.0,0.0
2026-05-20 19:08:03,L-P02_m-qwen2.5-coder-32b_sol1_gd1_rs0_bd1_str-exacting_t00_n1,517,2,1,Qwen/Qwen2.5-Coder-32B-Instruct,1,0,1,1,exacting,0.0,5.0,0.0
2026-05-20 19:08:09,L-P02_m-qwen2.5-coder-32b_sol1_gd1_rs0_bd1_str-exacting_t00_n1,517,3,1,Qwen/Qwen2.5-Coder-32B-Instruct,1,0,1,1,exacting,0.0,4.0,0.0
2026-05-20 19:08:12,L-P02_m-qwen2.5-coder-32b_sol1_gd1_rs0_bd1_str-exacting_t00_n1,517,4,1,Qwen/Qwen2.5-Coder-32B-Instruct,1,0,1,1,exacting,0.0,0.0,0.0
2026-05-20 19:08:20,L-P02_m-qwen2.5-coder-32b_sol1_gd1_rs0_bd1_str-exacting_t00_n1,518,1,1,Qwen/Qwen2.5-Coder-32B-Instruct,1,0,1,1,exacting,0.0,4.0,0.0
2026-05-20 19:08:28,L-P02_m-qwen2.5-coder-32b_sol1_gd1_rs0_bd1_str-exacting_t00_n1,518,2,1,Qwen/Qwen2.5-Coder-32B-Instruct,1,0,1,1,exacting,0.0,7.0,0.0
2026-05-20 19:08:38,L-P02_m-qwen2.5-coder-32b_sol1_gd1_rs0_bd1_str-exacting_t00_n1,518,3,1,Qwen/Qwen2.5-Coder-32B-Instruct,1,0,1,1,exacting,0.0,2.0,0.0
2026-05-20 19:08:46,L-P02_m-qwen2.5-coder-32b_sol1_gd1_rs0_bd1_str-exacting_t00_n1,519,1,1,Qwen/Qwen2.5-Coder-32B-Instruct,1,0,1,1,exacting,0.0,5.0,0.0
2026-05-20 19:08:52,L-P02_m-qwen2.5-coder-32b_sol1_gd1_rs0_bd1_str-exacting_t00_n1,519,2,1,Qwen/Qwen2.5-Coder-32B-Instruct,1,0,1,1,exacting,0.0,6.0,0.0
2026-05-20 19:09:01,L-P02_m-qwen2.5-coder-32b_sol1_gd1_rs0_bd1_str-exacting_t00_n1,519,3,1,Qwen/Qwen2.5-Coder-32B-Instruct,1,0,1,1,exacting,0.0,3.0,0.0
2026-05-20 19:09:11,L-P02_m-qwen2.5-coder-32b_sol1_gd1_rs0_bd1_str-exacting_t00_n1,520,1,1,Qwen/Qwen2.5-Coder-32B-Instruct,1,0,1,1,exacting,0.0,4.0,0.0
2026-05-20 19:09:18,L-P02_m-qwen2.5-coder-32b_sol1_gd1_rs0_bd1_str-exacting_t00_n1,520,2,1,Qwen/Qwen2.5-Coder-32B-Instruct,1,0,1,1,exacting,0.0,7.0,0.0
2026-05-20 19:09:23,L-P02_m-qwen2.5-coder-32b_sol1_gd1_rs0_bd1_str-exacting_t00_n1,520,3,1,Qwen/Qwen2.5-Coder-32B-Instruct,1,0,1,1,exacting,0.0,5.0,0.0
2026-05-20 19:09:35,L-P02_m-qwen2.5-coder-32b_sol1_gd1_rs0_bd1_str-exacting_t00_n1,521,1,1,Qwen/Qwen2.5-Coder-32B-Instruct,1,0,1,1,exacting,0.0,8.0,0.0
2026-05-20 19:09:42,L-P02_m-qwen2.5-coder-32b_sol1_gd1_rs0_bd1_str-exacting_t00_n1,521,2,1,Qwen/Qwen2.5-Coder-32B-Instruct,1,0,1,1,exacting,0.0,8.0,0.0
2026-05-20 19:09:49,L-P02_m-qwen2.5-coder-32b_sol1_gd1_rs0_bd1_str-exacting_t00_n1,521,3,1,Qwen/Qwen2.5-Coder-32B-Instruct,1,0,1,1,exacting,0.0,8.0,0.0
2026-05-20 19:09:52,L-P02_m-qwen2.5-coder-32b_sol1_gd1_rs0_bd1_str-exacting_t00_n1,521,4,1,Qwen/Qwen2.5-Coder-32B-Instruct,1,0,1,1,exacting,0.0,5.0,0.0
2026-05-20 19:10:01,L-P02_m-qwen2.5-coder-32b_sol1_gd1_rs0_bd1_str-exacting_t00_n1,522,1,1,Qwen/Qwen2.5-Coder-32B-Instruct,1,0,1,1,exacting,0.0,8.0,0.0
2026-05-20 19:10:08,L-P02_m-qwen2.5-coder-32b_sol1_gd1_rs0_bd1_str-exacting_t00_n1,522,2,1,Qwen/Qwen2.5-Coder-32B-Instruct,1,0,1,1,exacting,0.0,4.0,0.0
2026-05-20 19:10:18,L-P02_m-qwen2.5-coder-32b_sol1_gd1_rs0_bd1_str-exacting_t00_n1,522,3,1,Qwen/Qwen2.5-Coder-32B-Instruct,1,0,1,1,exacting,0.0,1.5,0.0
2026-05-20 19:10:26,L-P02_m-qwen2.5-coder-32b_sol1_gd1_rs0_bd1_str-exacting_t00_n1,523,1,1,Qwen/Qwen2.5-Coder-32B-Instruct,1,0,1,1,exacting,0.0,8.0,0.0
2026-05-20 19:10:34,L-P02_m-qwen2.5-coder-32b_sol1_gd1_rs0_bd1_str-exacting_t00_n1,523,2,1,Qwen/Qwen2.5-Coder-32B-Instruct,1,0,1,1,exacting,0.0,7.0,0.0
2026-05-20 19:10:42,L-P02_m-qwen2.5-coder-32b_sol1_gd1_rs0_bd1_str-exacting_t00_n1,523,3,1,Qwen/Qwen2.5-Coder-32B-Instruct,1,0,1,1,exacting,0.0,3.0,0.0
2026-05-20 19:10:51,L-P02_m-qwen2.5-coder-32b_sol1_gd1_rs0_bd1_str-exacting_t00_n1,524,1,1,Qwen/Qwen2.5-Coder-32B-Instruct,1,0,1,1,exacting,0.0,4.0,0.0
2026-05-20 19:10:59,L-P02_m-qwen2.5-coder-32b_sol1_gd1_rs0_bd1_str-exacting_t00_n1,524,2,1,Qwen/Qwen2.5-Coder-32B-Instruct,1,0,1,1,exacting,0.0,5.0,0.0
2026-05-20 19:11:05,L-P02_m-qwen2.5-coder-32b_sol1_gd1_rs0_bd1_str-exacting_t00_n1,524,3,1,Qwen/Qwen2.5-Coder-32B-Instruct,1,0,1,1,exacting,0.0,5.0,0.0
2026-05-20 19:11:14,L-P02_m-qwen2.5-coder-32b_sol1_gd1_rs0_bd1_str-exacting_t00_n1,525,1,1,Qwen/Qwen2.5-Coder-32B-Instruct,1,0,1,1,exacting,0.0,5.0,0.0
2026-05-20 19:11:21,L-P02_m-qwen2.5-coder-32b_sol1_gd1_rs0_bd1_str-exacting_t00_n1,525,2,1,Qwen/Qwen2.5-Coder-32B-Instruct,1,0,1,1,exacting,0.0,3.0,0.0
2026-05-20 19:11:29,L-P02_m-qwen2.5-coder-32b_sol1_gd1_rs0_bd1_str-exacting_t00_n1,525,3,1,Qwen/Qwen2.5-Coder-32B-Instruct,1,0,1,1,exacting,0.0,7.0,0.0
2026-05-20 19:11:38,L-P02_m-qwen2.5-coder-32b_sol1_gd1_rs0_bd1_str-exacting_t00_n1,526,1,1,Qwen/Qwen2.5-Coder-32B-Instruct,1,0,1,1,exacting,0.0,8.0,0.0
2026-05-20 19:11:46,L-P02_m-qwen2.5-coder-32b_sol1_gd1_rs0_bd1_str-exacting_t00_n1,526,2,1,Qwen/Qwen2.5-Coder-32B-Instruct,1,0,1,1,exacting,0.0,7.0,0.0
2026-05-20 19:11:54,L-P02_m-qwen2.5-coder-32b_sol1_gd1_rs0_bd1_str-exacting_t00_n1,526,3,1,Qwen/Qwen2.5-Coder-32B-Instruct,1,0,1,1,exacting,0.0,8.0,0.0
2026-05-20 19:11:57,L-P02_m-qwen2.5-coder-32b_sol1_gd1_rs0_bd1_str-exacting_t00_n1,526,4,1,Qwen/Qwen2.5-Coder-32B-Instruct,1,0,1,1,exacting,0.0,5.0,0.0
2026-05-20 19:12:05,L-P02_m-qwen2.5-coder-32b_sol1_gd1_rs0_bd1_str-exacting_t00_n1,527,1,1,Qwen/Qwen2.5-Coder-32B-Instruct,1,0,1,1,exacting,0.0,7.0,0.0
2026-05-20 19:12:12,L-P02_m-qwen2.5-coder-32b_sol1_gd1_rs0_bd1_str-exacting_t00_n1,527,2,1,Qwen/Qwen2.5-Coder-32B-Instruct,1,0,1,1,exacting,0.0,8.5,0.0
2026-05-20 19:12:17,L-P02_m-qwen2.5-coder-32b_sol1_gd1_rs0_bd1_str-exacting_t00_n1,527,3,1,Qwen/Qwen2.5-Coder-32B-Instruct,1,0,1,1,exacting,0.0,4.0,0.0
2026-05-20 19:12:26,L-P02_m-qwen2.5-coder-32b_sol1_gd1_rs0_bd1_str-exacting_t00_n1,528,1,1,Qwen/Qwen2.5-Coder-32B-Instruct,1,0,1,1,exacting,0.0,7.0,0.0
2026-05-20 19:12:34,L-P02_m-qwen2.5-coder-32b_sol1_gd1_rs0_bd1_str-exacting_t00_n1,528,2,1,Qwen/Qwen2.5-Coder-32B-Instruct,1,0,1,1,exacting,0.0,6.0,0.0
2026-05-20 19:12:42,L-P02_m-qwen2.5-coder-32b_sol1_gd1_rs0_bd1_str-exacting_t00_n1,528,3,1,Qwen/Qwen2.5-Coder-32B-Instruct,1,0,1,1,exacting,0.0,7.0,0.0
2026-05-20 19:12:45,L-P02_m-qwen2.5-coder-32b_sol1_gd1_rs0_bd1_str-exacting_t00_n1,528,4,1,Qwen/Qwen2.5-Coder-32B-Instruct,1,0,1,1,exacting,0.0,0.0,0.0
2026-05-20 19:12:53,L-P02_m-qwen2.5-coder-32b_sol1_gd1_rs0_bd1_str-exacting_t00_n1,529,1,1,Qwen/Qwen2.5-Coder-32B-Instruct,1,0,1,1,exacting,0.0,4.0,0.0
2026-05-20 19:13:03,L-P02_m-qwen2.5-coder-32b_sol1_gd1_rs0_bd1_str-exacting_t00_n1,529,2,1,Qwen/Qwen2.5-Coder-32B-Instruct,1,0,1,1,exacting,0.0,6.0,0.0
2026-05-20 19:13:12,L-P02_m-qwen2.5-coder-32b_sol1_gd1_rs0_bd1_str-exacting_t00_n1,529,3,1,Qwen/Qwen2.5-Coder-32B-Instruct,1,0,1,1,exacting,0.0,4.0,0.0
2026-05-20 19:13:20,L-P02_m-qwen2.5-coder-32b_sol1_gd1_rs0_bd1_str-exacting_t00_n1,530,1,1,Qwen/Qwen2.5-Coder-32B-Instruct,1,0,1,1,exacting,0.0,5.0,0.0
2026-05-20 19:13:27,L-P02_m-qwen2.5-coder-32b_sol1_gd1_rs0_bd1_str-exacting_t00_n1,530,2,1,Qwen/Qwen2.5-Coder-32B-Instruct,1,0,1,1,exacting,0.0,0.0,0.0
2026-05-20 19:13:33,L-P02_m-qwen2.5-coder-32b_sol1_gd1_rs0_bd1_str-exacting_t00_n1,530,3,1,Qwen/Qwen2.5-Coder-32B-Instruct,1,0,1,1,exacting,0.0,4.0,0.0
2026-05-20 19:13:36,L-P02_m-qwen2.5-coder-32b_sol1_gd1_rs0_bd1_str-exacting_t00_n1,530,4,1,Qwen/Qwen2.5-Coder-32B-Instruct,1,0,1,1,exacting,0.0,0.0,0.0
2026-05-20 19:13:46,L-P02_m-qwen2.5-coder-32b_sol1_gd1_rs0_bd1_str-exacting_t00_n1,531,1,1,Qwen/Qwen2.5-Coder-32B-Instruct,1,0,1,1,exacting,0.0,4.0,0.0
2026-05-20 19:13:53,L-P02_m-qwen2.5-coder-32b_sol1_gd1_rs0_bd1_str-exacting_t00_n1,531,2,1,Qwen/Qwen2.5-Coder-32B-Instruct,1,0,1,1,exacting,0.0,4.0,0.0
2026-05-20 19:14:01,L-P02_m-qwen2.5-coder-32b_sol1_gd1_rs0_bd1_str-exacting_t00_n1,531,3,1,Qwen/Qwen2.5-Coder-32B-Instruct,1,0,1,1,exacting,0.0,8.0,0.0
2026-05-20 19:14:03,L-P02_m-qwen2.5-coder-32b_sol1_gd1_rs0_bd1_str-exacting_t00_n1,531,4,1,Qwen/Qwen2.5-Coder-32B-Instruct,1,0,1,1,exacting,0.0,0.0,0.0
2026-05-20 19:14:12,L-P02_m-qwen2.5-coder-32b_sol1_gd1_rs0_bd1_str-exacting_t00_n1,532,1,1,Qwen/Qwen2.5-Coder-32B-Instruct,1,0,1,1,exacting,0.0,5.0,0.0
2026-05-20 19:14:20,L-P02_m-qwen2.5-coder-32b_sol1_gd1_rs0_bd1_str-exacting_t00_n1,532,2,1,Qwen/Qwen2.5-Coder-32B-Instruct,1,0,1,1,exacting,0.0,7.0,0.0
2026-05-20 19:14:26,L-P02_m-qwen2.5-coder-32b_sol1_gd1_rs0_bd1_str-exacting_t00_n1,532,3,1,Qwen/Qwen2.5-Coder-32B-Instruct,1,0,1,1,exacting,0.0,7.0,0.0
2026-05-20 19:14:30,L-P02_m-qwen2.5-coder-32b_sol1_gd1_rs0_bd1_str-exacting_t00_n1,532,4,1,Qwen/Qwen2.5-Coder-32B-Instruct,1,0,1,1,exacting,0.0,0.0,0.0
2026-05-20 19:14:38,L-P02_m-qwen2.5-coder-32b_sol1_gd1_rs0_bd1_str-exacting_t00_n1,533,1,1,Qwen/Qwen2.5-Coder-32B-Instruct,1,0,1,1,exacting,0.0,3.0,0.0
2026-05-20 19:14:44,L-P02_m-qwen2.5-coder-32b_sol1_gd1_rs0_bd1_str-exacting_t00_n1,533,2,1,Qwen/Qwen2.5-Coder-32B-Instruct,1,0,1,1,exacting,0.0,2.0,0.0
2026-05-20 19:14:53,L-P02_m-qwen2.5-coder-32b_sol1_gd1_rs0_bd1_str-exacting_t00_n1,533,3,1,Qwen/Qwen2.5-Coder-32B-Instruct,1,0,1,1,exacting,0.0,3.0,0.0
2026-05-20 19:15:01,L-P02_m-qwen2.5-coder-32b_sol1_gd1_rs0_bd1_str-exacting_t00_n1,534,1,1,Qwen/Qwen2.5-Coder-32B-Instruct,1,0,1,1,exacting,0.0,5.0,0.0
2026-05-20 19:15:09,L-P02_m-qwen2.5-coder-32b_sol1_gd1_rs0_bd1_str-exacting_t00_n1,534,2,1,Qwen/Qwen2.5-Coder-32B-Instruct,1,0,1,1,exacting,0.0,3.0,0.0
2026-05-20 19:15:18,L-P02_m-qwen2.5-coder-32b_sol1_gd1_rs0_bd1_str-exacting_t00_n1,534,3,1,Qwen/Qwen2.5-Coder-32B-Instruct,1,0,1,1,exacting,0.0,4.0,0.0
2026-05-20 19:15:21,L-P02_m-qwen2.5-coder-32b_sol1_gd1_rs0_bd1_str-exacting_t00_n1,534,4,1,Qwen/Qwen2.5-Coder-32B-Instruct,1,0,1,1,exacting,0.0,5.0,0.0
2026-05-20 19:15:29,L-P02_m-qwen2.5-coder-32b_sol1_gd1_rs0_bd1_str-exacting_t00_n1,535,1,1,Qwen/Qwen2.5-Coder-32B-Instruct,1,0,1,1,exacting,0.0,2.0,0.0
2026-05-20 19:15:39,L-P02_m-qwen2.5-coder-32b_sol1_gd1_rs0_bd1_str-exacting_t00_n1,535,2,1,Qwen/Qwen2.5-Coder-32B-Instruct,1,0,1,1,exacting,0.0,3.0,0.0
2026-05-20 19:15:44,L-P02_m-qwen2.5-coder-32b_sol1_gd1_rs0_bd1_str-exacting_t00_n1,535,3,1,Qwen/Qwen2.5-Coder-32B-Instruct,1,0,1,1,exacting,0.0,0.0,0.0
2026-05-20 19:15:47,L-P02_m-qwen2.5-coder-32b_sol1_gd1_rs0_bd1_str-exacting_t00_n1,535,4,1,Qwen/Qwen2.5-Coder-32B-Instruct,1,0,1,1,exacting,0.0,0.0,0.0
2026-05-20 19:15:56,L-P02_m-qwen2.5-coder-32b_sol1_gd1_rs0_bd1_str-exacting_t00_n1,536,1,1,Qwen/Qwen2.5-Coder-32B-Instruct,1,0,1,1,exacting,0.0,5.0,0.0
2026-05-20 19:16:02,L-P02_m-qwen2.5-coder-32b_sol1_gd1_rs0_bd1_str-exacting_t00_n1,536,2,1,Qwen/Qwen2.5-Coder-32B-Instruct,1,0,1,1,exacting,0.0,6.0,0.0
2026-05-20 19:16:08,L-P02_m-qwen2.5-coder-32b_sol1_gd1_rs0_bd1_str-exacting_t00_n1,536,3,1,Qwen/Qwen2.5-Coder-32B-Instruct,1,0,1,1,exacting,0.0,8.0,0.0
2026-05-20 19:16:11,L-P02_m-qwen2.5-coder-32b_sol1_gd1_rs0_bd1_str-exacting_t00_n1,536,4,1,Qwen/Qwen2.5-Coder-32B-Instruct,1,0,1,1,exacting,0.0,0.0,0.0
2026-05-20 19:16:20,L-P02_m-qwen2.5-coder-32b_sol1_gd1_rs0_bd1_str-exacting_t00_n1,537,1,1,Qwen/Qwen2.5-Coder-32B-Instruct,1,0,1,1,exacting,0.0,8.0,0.0
2026-05-20 19:16:27,L-P02_m-qwen2.5-coder-32b_sol1_gd1_rs0_bd1_str-exacting_t00_n1,537,2,1,Qwen/Qwen2.5-Coder-32B-Instruct,1,0,1,1,exacting,0.0,6.0,0.0
2026-05-20 19:16:35,L-P02_m-qwen2.5-coder-32b_sol1_gd1_rs0_bd1_str-exacting_t00_n1,537,3,1,Qwen/Qwen2.5-Coder-32B-Instruct,1,0,1,1,exacting,0.0,7.0,0.0
2026-05-20 19:16:43,L-P02_m-qwen2.5-coder-32b_sol1_gd1_rs0_bd1_str-exacting_t00_n1,538,1,1,Qwen/Qwen2.5-Coder-32B-Instruct,1,0,1,1,exacting,0.0,4.0,0.0
2026-05-20 19:16:51,L-P02_m-qwen2.5-coder-32b_sol1_gd1_rs0_bd1_str-exacting_t00_n1,538,2,1,Qwen/Qwen2.5-Coder-32B-Instruct,1,0,1,1,exacting,0.0,6.0,0.0
2026-05-20 19:16:57,L-P02_m-qwen2.5-coder-32b_sol1_gd1_rs0_bd1_str-exacting_t00_n1,538,3,1,Qwen/Qwen2.5-Coder-32B-Instruct,1,0,1,1,exacting,0.0,4.0,0.0
2026-05-20 19:17:05,L-P02_m-qwen2.5-coder-32b_sol1_gd1_rs0_bd1_str-exacting_t00_n1,539,1,1,Qwen/Qwen2.5-Coder-32B-Instruct,1,0,1,1,exacting,0.0,7.0,0.0
2026-05-20 19:17:13,L-P02_m-qwen2.5-coder-32b_sol1_gd1_rs0_bd1_str-exacting_t00_n1,539,2,1,Qwen/Qwen2.5-Coder-32B-Instruct,1,0,1,1,exacting,0.0,6.0,0.0
2026-05-20 19:17:18,L-P02_m-qwen2.5-coder-32b_sol1_gd1_rs0_bd1_str-exacting_t00_n1,539,3,1,Qwen/Qwen2.5-Coder-32B-Instruct,1,0,1,1,exacting,0.0,4.0,0.0
2026-05-20 19:17:26,L-P02_m-qwen2.5-coder-32b_sol1_gd1_rs0_bd1_str-exacting_t00_n1,540,1,1,Qwen/Qwen2.5-Coder-32B-Instruct,1,0,1,1,exacting,0.0,5.0,0.0
2026-05-20 19:17:34,L-P02_m-qwen2.5-coder-32b_sol1_gd1_rs0_bd1_str-exacting_t00_n1,540,2,1,Qwen/Qwen2.5-Coder-32B-Instruct,1,0,1,1,exacting,0.0,6.0,0.0
2026-05-20 19:17:40,L-P02_m-qwen2.5-coder-32b_sol1_gd1_rs0_bd1_str-exacting_t00_n1,540,3,1,Qwen/Qwen2.5-Coder-32B-Instruct,1,0,1,1,exacting,0.0,8.0,0.0
2026-05-20 19:17:48,L-P02_m-qwen2.5-coder-32b_sol1_gd1_rs0_bd1_str-exacting_t00_n1,541,1,1,Qwen/Qwen2.5-Coder-32B-Instruct,1,0,1,1,exacting,0.0,2.0,0.0
2026-05-20 19:17:58,L-P02_m-qwen2.5-coder-32b_sol1_gd1_rs0_bd1_str-exacting_t00_n1,541,2,1,Qwen/Qwen2.5-Coder-32B-Instruct,1,0,1,1,exacting,0.0,3.0,0.0
2026-05-20 19:18:08,L-P02_m-qwen2.5-coder-32b_sol1_gd1_rs0_bd1_str-exacting_t00_n1,541,3,1,Qwen/Qwen2.5-Coder-32B-Instruct,1,0,1,1,exacting,0.0,2.0,0.0
2026-05-20 19:18:11,L-P02_m-qwen2.5-coder-32b_sol1_gd1_rs0_bd1_str-exacting_t00_n1,541,4,1,Qwen/Qwen2.5-Coder-32B-Instruct,1,0,1,1,exacting,0.0,0.0,0.0
2026-05-20 19:18:20,L-P02_m-qwen2.5-coder-32b_sol1_gd1_rs0_bd1_str-exacting_t00_n1,542,1,1,Qwen/Qwen2.5-Coder-32B-Instruct,1,0,1,1,exacting,0.0,4.0,0.0
2026-05-20 19:18:31,L-P02_m-qwen2.5-coder-32b_sol1_gd1_rs0_bd1_str-exacting_t00_n1,542,2,1,Qwen/Qwen2.5-Coder-32B-Instruct,1,0,1,1,exacting,0.0,4.0,0.0
2026-05-20 19:18:37,L-P02_m-qwen2.5-coder-32b_sol1_gd1_rs0_bd1_str-exacting_t00_n1,542,3,1,Qwen/Qwen2.5-Coder-32B-Instruct,1,0,1,1,exacting,0.0,4.0,0.0
2026-05-20 19:18:44,L-P02_m-qwen2.5-coder-32b_sol1_gd1_rs0_bd1_str-exacting_t00_n1,543,1,1,Qwen/Qwen2.5-Coder-32B-Instruct,1,0,1,1,exacting,0.0,2.0,0.0
2026-05-20 19:18:52,L-P02_m-qwen2.5-coder-32b_sol1_gd1_rs0_bd1_str-exacting_t00_n1,543,2,1,Qwen/Qwen2.5-Coder-32B-Instruct,1,0,1,1,exacting,0.0,2.0,0.0
2026-05-20 19:18:58,L-P02_m-qwen2.5-coder-32b_sol1_gd1_rs0_bd1_str-exacting_t00_n1,543,3,1,Qwen/Qwen2.5-Coder-32B-Instruct,1,0,1,1,exacting,0.0,0.0,0.0
2026-05-20 19:19:07,L-P02_m-qwen2.5-coder-32b_sol1_gd1_rs0_bd1_str-exacting_t00_n1,544,1,1,Qwen/Qwen2.5-Coder-32B-Instruct,1,0,1,1,exacting,0.0,4.0,0.0
2026-05-20 19:19:14,L-P02_m-qwen2.5-coder-32b_sol1_gd1_rs0_bd1_str-exacting_t00_n1,544,2,1,Qwen/Qwen2.5-Coder-32B-Instruct,1,0,1,1,exacting,0.0,5.0,0.0
2026-05-20 19:19:21,L-P02_m-qwen2.5-coder-32b_sol1_gd1_rs0_bd1_str-exacting_t00_n1,544,3,1,Qwen/Qwen2.5-Coder-32B-Instruct,1,0,1,1,exacting,0.0,8.0,0.0
2026-05-20 19:19:25,L-P02_m-qwen2.5-coder-32b_sol1_gd1_rs0_bd1_str-exacting_t00_n1,544,4,1,Qwen/Qwen2.5-Coder-32B-Instruct,1,0,1,1,exacting,0.0,0.0,0.0
2026-05-20 19:19:33,L-P02_m-qwen2.5-coder-32b_sol1_gd1_rs0_bd1_str-exacting_t00_n1,545,1,1,Qwen/Qwen2.5-Coder-32B-Instruct,1,0,1,1,exacting,0.0,7.5,0.0
2026-05-20 19:19:39,L-P02_m-qwen2.5-coder-32b_sol1_gd1_rs0_bd1_str-exacting_t00_n1,545,2,1,Qwen/Qwen2.5-Coder-32B-Instruct,1,0,1,1,exacting,0.0,8.0,0.0
2026-05-20 19:19:45,L-P02_m-qwen2.5-coder-32b_sol1_gd1_rs0_bd1_str-exacting_t00_n1,545,3,1,Qwen/Qwen2.5-Coder-32B-Instruct,1,0,1,1,exacting,0.0,8.0,0.0
2026-05-20 19:19:48,L-P02_m-qwen2.5-coder-32b_sol1_gd1_rs0_bd1_str-exacting_t00_n1,545,4,1,Qwen/Qwen2.5-Coder-32B-Instruct,1,0,1,1,exacting,0.0,5.0,0.0
2026-05-20 19:19:57,L-P02_m-qwen2.5-coder-32b_sol1_gd1_rs0_bd1_str-exacting_t00_n1,546,1,1,Qwen/Qwen2.5-Coder-32B-Instruct,1,0,1,1,exacting,0.0,6.0,0.0
2026-05-20 19:20:03,L-P02_m-qwen2.5-coder-32b_sol1_gd1_rs0_bd1_str-exacting_t00_n1,546,2,1,Qwen/Qwen2.5-Coder-32B-Instruct,1,0,1,1,exacting,0.0,7.0,0.0
2026-05-20 19:20:12,L-P02_m-qwen2.5-coder-32b_sol1_gd1_rs0_bd1_str-exacting_t00_n1,546,3,1,Qwen/Qwen2.5-Coder-32B-Instruct,1,0,1,1,exacting,0.0,2.0,0.0
2026-05-20 19:20:15,L-P02_m-qwen2.5-coder-32b_sol1_gd1_rs0_bd1_str-exacting_t00_n1,546,4,1,Qwen/Qwen2.5-Coder-32B-Instruct,1,0,1,1,exacting,0.0,0.0,0.0
2026-05-20 19:20:23,L-P02_m-qwen2.5-coder-32b_sol1_gd1_rs0_bd1_str-exacting_t00_n1,547,1,1,Qwen/Qwen2.5-Coder-32B-Instruct,1,0,1,1,exacting,0.0,7.0,0.0
2026-05-20 19:20:31,L-P02_m-qwen2.5-coder-32b_sol1_gd1_rs0_bd1_str-exacting_t00_n1,547,2,1,Qwen/Qwen2.5-Coder-32B-Instruct,1,0,1,1,exacting,0.0,7.0,0.0
2026-05-20 19:20:38,L-P02_m-qwen2.5-coder-32b_sol1_gd1_rs0_bd1_str-exacting_t00_n1,547,3,1,Qwen/Qwen2.5-Coder-32B-Instruct,1,0,1,1,exacting,0.0,7.0,0.0
2026-05-20 19:20:46,L-P02_m-qwen2.5-coder-32b_sol1_gd1_rs0_bd1_str-exacting_t00_n1,548,1,1,Qwen/Qwen2.5-Coder-32B-Instruct,1,0,1,1,exacting,0.0,3.0,0.0
2026-05-20 19:20:59,L-P02_m-qwen2.5-coder-32b_sol1_gd1_rs0_bd1_str-exacting_t00_n1,548,2,1,Qwen/Qwen2.5-Coder-32B-Instruct,1,0,1,1,exacting,0.0,2.0,0.0
2026-05-20 19:21:08,L-P02_m-qwen2.5-coder-32b_sol1_gd1_rs0_bd1_str-exacting_t00_n1,548,3,1,Qwen/Qwen2.5-Coder-32B-Instruct,1,0,1,1,exacting,0.0,2.0,0.0
2026-05-20 19:21:17,L-P02_m-qwen2.5-coder-32b_sol1_gd1_rs0_bd1_str-exacting_t00_n1,549,1,1,Qwen/Qwen2.5-Coder-32B-Instruct,1,0,1,1,exacting,0.0,4.0,0.0
2026-05-20 19:21:24,L-P02_m-qwen2.5-coder-32b_sol1_gd1_rs0_bd1_str-exacting_t00_n1,549,2,1,Qwen/Qwen2.5-Coder-32B-Instruct,1,0,1,1,exacting,0.0,7.0,0.0
2026-05-20 19:21:30,L-P02_m-qwen2.5-coder-32b_sol1_gd1_rs0_bd1_str-exacting_t00_n1,549,3,1,Qwen/Qwen2.5-Coder-32B-Instruct,1,0,1,1,exacting,0.0,4.0,0.0
2026-05-20 19:21:39,L-P02_m-qwen2.5-coder-32b_sol1_gd1_rs0_bd1_str-exacting_t00_n1,550,1,1,Qwen/Qwen2.5-Coder-32B-Instruct,1,0,1,1,exacting,0.0,8.0,0.0
2026-05-20 19:21:48,L-P02_m-qwen2.5-coder-32b_sol1_gd1_rs0_bd1_str-exacting_t00_n1,550,2,1,Qwen/Qwen2.5-Coder-32B-Instruct,1,0,1,1,exacting,0.0,3.0,0.0
2026-05-20 19:21:54,L-P02_m-qwen2.5-coder-32b_sol1_gd1_rs0_bd1_str-exacting_t00_n1,550,3,1,Qwen/Qwen2.5-Coder-32B-Instruct,1,0,1,1,exacting,0.0,4.0,0.0
2026-05-20 19:22:03,L-P02_m-qwen2.5-coder-32b_sol1_gd1_rs0_bd1_str-exacting_t00_n1,551,1,1,Qwen/Qwen2.5-Coder-32B-Instruct,1,0,1,1,exacting,0.0,7.5,0.0
2026-05-20 19:22:09,L-P02_m-qwen2.5-coder-32b_sol1_gd1_rs0_bd1_str-exacting_t00_n1,551,2,1,Qwen/Qwen2.5-Coder-32B-Instruct,1,0,1,1,exacting,0.0,2.5,0.0
2026-05-20 19:22:15,L-P02_m-qwen2.5-coder-32b_sol1_gd1_rs0_bd1_str-exacting_t00_n1,551,3,1,Qwen/Qwen2.5-Coder-32B-Instruct,1,0,1,1,exacting,0.0,4.0,0.0
2026-05-20 19:22:23,L-P02_m-qwen2.5-coder-32b_sol1_gd1_rs0_bd1_str-exacting_t00_n1,552,1,1,Qwen/Qwen2.5-Coder-32B-Instruct,1,0,1,1,exacting,0.0,8.0,0.0
2026-05-20 19:22:30,L-P02_m-qwen2.5-coder-32b_sol1_gd1_rs0_bd1_str-exacting_t00_n1,552,2,1,Qwen/Qwen2.5-Coder-32B-Instruct,1,0,1,1,exacting,0.0,7.0,0.0
2026-05-20 19:22:35,L-P02_m-qwen2.5-coder-32b_sol1_gd1_rs0_bd1_str-exacting_t00_n1,552,3,1,Qwen/Qwen2.5-Coder-32B-Instruct,1,0,1,1,exacting,0.0,4.0,0.0
2026-05-20 19:22:43,L-P02_m-qwen2.5-coder-32b_sol1_gd1_rs0_bd1_str-exacting_t00_n1,553,1,1,Qwen/Qwen2.5-Coder-32B-Instruct,1,0,1,1,exacting,0.0,7.5,0.0
2026-05-20 19:22:50,L-P02_m-qwen2.5-coder-32b_sol1_gd1_rs0_bd1_str-exacting_t00_n1,553,2,1,Qwen/Qwen2.5-Coder-32B-Instruct,1,0,1,1,exacting,0.0,4.0,0.0
2026-05-20 19:22:57,L-P02_m-qwen2.5-coder-32b_sol1_gd1_rs0_bd1_str-exacting_t00_n1,553,3,1,Qwen/Qwen2.5-Coder-32B-Instruct,1,0,1,1,exacting,0.0,7.0,0.0
2026-05-20 19:23:00,L-P02_m-qwen2.5-coder-32b_sol1_gd1_rs0_bd1_str-exacting_t00_n1,553,4,1,Qwen/Qwen2.5-Coder-32B-Instruct,1,0,1,1,exacting,0.0,5.0,0.0
2026-05-20 19:23:09,L-P02_m-qwen2.5-coder-32b_sol1_gd1_rs0_bd1_str-exacting_t00_n1,554,1,1,Qwen/Qwen2.5-Coder-32B-Instruct,1,0,1,1,exacting,0.0,5.0,0.0
2026-05-20 19:23:16,L-P02_m-qwen2.5-coder-32b_sol1_gd1_rs0_bd1_str-exacting_t00_n1,554,2,1,Qwen/Qwen2.5-Coder-32B-Instruct,1,0,1,1,exacting,0.0,3.0,0.0
2026-05-20 19:23:24,L-P02_m-qwen2.5-coder-32b_sol1_gd1_rs0_bd1_str-exacting_t00_n1,554,3,1,Qwen/Qwen2.5-Coder-32B-Instruct,1,0,1,1,exacting,0.0,8.0,0.0
2026-05-20 19:23:32,L-P02_m-qwen2.5-coder-32b_sol1_gd1_rs0_bd1_str-exacting_t00_n1,555,1,1,Qwen/Qwen2.5-Coder-32B-Instruct,1,0,1,1,exacting,0.0,4.0,0.0
2026-05-20 19:23:39,L-P02_m-qwen2.5-coder-32b_sol1_gd1_rs0_bd1_str-exacting_t00_n1,555,2,1,Qwen/Qwen2.5-Coder-32B-Instruct,1,0,1,1,exacting,0.0,6.0,0.0
2026-05-20 19:23:46,L-P02_m-qwen2.5-coder-32b_sol1_gd1_rs0_bd1_str-exacting_t00_n1,555,3,1,Qwen/Qwen2.5-Coder-32B-Instruct,1,0,1,1,exacting,0.0,6.0,0.0
2026-05-20 19:23:55,L-P02_m-qwen2.5-coder-32b_sol1_gd1_rs0_bd1_str-exacting_t00_n1,556,1,1,Qwen/Qwen2.5-Coder-32B-Instruct,1,0,1,1,exacting,0.0,4.0,0.0
2026-05-20 19:24:03,L-P02_m-qwen2.5-coder-32b_sol1_gd1_rs0_bd1_str-exacting_t00_n1,556,2,1,Qwen/Qwen2.5-Coder-32B-Instruct,1,0,1,1,exacting,0.0,5.0,0.0
2026-05-20 19:24:11,L-P02_m-qwen2.5-coder-32b_sol1_gd1_rs0_bd1_str-exacting_t00_n1,556,3,1,Qwen/Qwen2.5-Coder-32B-Instruct,1,0,1,1,exacting,0.0,7.0,0.0
2026-05-20 19:24:14,L-P02_m-qwen2.5-coder-32b_sol1_gd1_rs0_bd1_str-exacting_t00_n1,556,4,1,Qwen/Qwen2.5-Coder-32B-Instruct,1,0,1,1,exacting,0.0,0.0,0.0
2026-05-20 19:24:27,L-P02_m-qwen2.5-coder-32b_sol1_gd1_rs0_bd1_str-exacting_t00_n1,557,1,1,Qwen/Qwen2.5-Coder-32B-Instruct,1,0,1,1,exacting,0.0,4.0,0.0
2026-05-20 19:24:34,L-P02_m-qwen2.5-coder-32b_sol1_gd1_rs0_bd1_str-exacting_t00_n1,557,2,1,Qwen/Qwen2.5-Coder-32B-Instruct,1,0,1,1,exacting,0.0,6.0,0.0
2026-05-20 19:24:40,L-P02_m-qwen2.5-coder-32b_sol1_gd1_rs0_bd1_str-exacting_t00_n1,557,3,1,Qwen/Qwen2.5-Coder-32B-Instruct,1,0,1,1,exacting,0.0,2.0,0.0
2026-05-20 19:24:50,L-P02_m-qwen2.5-coder-32b_sol1_gd1_rs0_bd1_str-exacting_t00_n1,558,1,1,Qwen/Qwen2.5-Coder-32B-Instruct,1,0,1,1,exacting,0.0,0.0,0.0
2026-05-20 19:24:59,L-P02_m-qwen2.5-coder-32b_sol1_gd1_rs0_bd1_str-exacting_t00_n1,558,2,1,Qwen/Qwen2.5-Coder-32B-Instruct,1,0,1,1,exacting,0.0,0.0,0.0
2026-05-20 19:25:09,L-P02_m-qwen2.5-coder-32b_sol1_gd1_rs0_bd1_str-exacting_t00_n1,558,3,1,Qwen/Qwen2.5-Coder-32B-Instruct,1,0,1,1,exacting,0.0,3.0,0.0
2026-05-20 19:25:12,L-P02_m-qwen2.5-coder-32b_sol1_gd1_rs0_bd1_str-exacting_t00_n1,558,4,1,Qwen/Qwen2.5-Coder-32B-Instruct,1,0,1,1,exacting,0.0,0.0,0.0
2026-05-20 19:25:20,L-P02_m-qwen2.5-coder-32b_sol1_gd1_rs0_bd1_str-exacting_t00_n1,559,1,1,Qwen/Qwen2.5-Coder-32B-Instruct,1,0,1,1,exacting,0.0,7.0,0.0
2026-05-20 19:25:27,L-P02_m-qwen2.5-coder-32b_sol1_gd1_rs0_bd1_str-exacting_t00_n1,559,2,1,Qwen/Qwen2.5-Coder-32B-Instruct,1,0,1,1,exacting,0.0,5.0,0.0
2026-05-20 19:25:36,L-P02_m-qwen2.5-coder-32b_sol1_gd1_rs0_bd1_str-exacting_t00_n1,559,3,1,Qwen/Qwen2.5-Coder-32B-Instruct,1,0,1,1,exacting,0.0,7.0,0.0
2026-05-20 19:25:40,L-P02_m-qwen2.5-coder-32b_sol1_gd1_rs0_bd1_str-exacting_t00_n1,559,4,1,Qwen/Qwen2.5-Coder-32B-Instruct,1,0,1,1,exacting,0.0,0.0,0.0
2026-05-20 19:25:49,L-P02_m-qwen2.5-coder-32b_sol1_gd1_rs0_bd1_str-exacting_t00_n1,560,1,1,Qwen/Qwen2.5-Coder-32B-Instruct,1,0,1,1,exacting,0.0,4.0,0.0
2026-05-20 19:25:57,L-P02_m-qwen2.5-coder-32b_sol1_gd1_rs0_bd1_str-exacting_t00_n1,560,2,1,Qwen/Qwen2.5-Coder-32B-Instruct,1,0,1,1,exacting,0.0,5.0,0.0
2026-05-20 19:26:04,L-P02_m-qwen2.5-coder-32b_sol1_gd1_rs0_bd1_str-exacting_t00_n1,560,3,1,Qwen/Qwen2.5-Coder-32B-Instruct,1,0,1,1,exacting,0.0,8.0,0.0
2026-05-20 19:26:07,L-P02_m-qwen2.5-coder-32b_sol1_gd1_rs0_bd1_str-exacting_t00_n1,560,4,1,Qwen/Qwen2.5-Coder-32B-Instruct,1,0,1,1,exacting,0.0,0.0,0.0
2026-05-20 19:26:16,L-P02_m-qwen2.5-coder-32b_sol1_gd1_rs0_bd1_str-exacting_t00_n1,561,1,1,Qwen/Qwen2.5-Coder-32B-Instruct,1,0,1,1,exacting,0.0,7.0,0.0
2026-05-20 19:26:23,L-P02_m-qwen2.5-coder-32b_sol1_gd1_rs0_bd1_str-exacting_t00_n1,561,2,1,Qwen/Qwen2.5-Coder-32B-Instruct,1,0,1,1,exacting,0.0,7.0,0.0
2026-05-20 19:26:30,L-P02_m-qwen2.5-coder-32b_sol1_gd1_rs0_bd1_str-exacting_t00_n1,561,3,1,Qwen/Qwen2.5-Coder-32B-Instruct,1,0,1,1,exacting,0.0,4.0,0.0
2026-05-20 19:26:41,L-P02_m-qwen2.5-coder-32b_sol1_gd1_rs0_bd1_str-exacting_t00_n1,562,1,1,Qwen/Qwen2.5-Coder-32B-Instruct,1,0,1,1,exacting,0.0,4.0,0.0
2026-05-20 19:26:48,L-P02_m-qwen2.5-coder-32b_sol1_gd1_rs0_bd1_str-exacting_t00_n1,562,2,1,Qwen/Qwen2.5-Coder-32B-Instruct,1,0,1,1,exacting,0.0,5.0,0.0
2026-05-20 19:26:56,L-P02_m-qwen2.5-coder-32b_sol1_gd1_rs0_bd1_str-exacting_t00_n1,562,3,1,Qwen/Qwen2.5-Coder-32B-Instruct,1,0,1,1,exacting,0.0,8.0,0.0
2026-05-20 19:27:05,L-P02_m-qwen2.5-coder-32b_sol1_gd1_rs0_bd1_str-exacting_t00_n1,563,1,1,Qwen/Qwen2.5-Coder-32B-Instruct,1,0,1,1,exacting,0.0,8.5,0.0
2026-05-20 19:27:16,L-P02_m-qwen2.5-coder-32b_sol1_gd1_rs0_bd1_str-exacting_t00_n1,563,2,1,Qwen/Qwen2.5-Coder-32B-Instruct,1,0,1,1,exacting,0.0,6.0,0.0
2026-05-20 19:27:25,L-P02_m-qwen2.5-coder-32b_sol1_gd1_rs0_bd1_str-exacting_t00_n1,563,3,1,Qwen/Qwen2.5-Coder-32B-Instruct,1,0,1,1,exacting,0.0,2.0,0.0
2026-05-20 19:27:32,L-P02_m-qwen2.5-coder-32b_sol1_gd1_rs0_bd1_str-exacting_t00_n1,564,1,1,Qwen/Qwen2.5-Coder-32B-Instruct,1,0,1,1,exacting,0.0,0.0,0.0
2026-05-20 19:27:37,L-P02_m-qwen2.5-coder-32b_sol1_gd1_rs0_bd1_str-exacting_t00_n1,564,2,1,Qwen/Qwen2.5-Coder-32B-Instruct,1,0,1,1,exacting,0.0,0.0,0.0
2026-05-20 19:27:42,L-P02_m-qwen2.5-coder-32b_sol1_gd1_rs0_bd1_str-exacting_t00_n1,564,3,1,Qwen/Qwen2.5-Coder-32B-Instruct,1,0,1,1,exacting,0.0,0.0,0.0
2026-05-20 19:27:51,L-P02_m-qwen2.5-coder-32b_sol1_gd1_rs0_bd1_str-exacting_t00_n1,565,1,1,Qwen/Qwen2.5-Coder-32B-Instruct,1,0,1,1,exacting,0.0,3.0,0.0
2026-05-20 19:28:01,L-P02_m-qwen2.5-coder-32b_sol1_gd1_rs0_bd1_str-exacting_t00_n1,565,2,1,Qwen/Qwen2.5-Coder-32B-Instruct,1,0,1,1,exacting,0.0,6.0,0.0
2026-05-20 19:28:09,L-P02_m-qwen2.5-coder-32b_sol1_gd1_rs0_bd1_str-exacting_t00_n1,565,3,1,Qwen/Qwen2.5-Coder-32B-Instruct,1,0,1,1,exacting,0.0,8.5,0.0
2026-05-20 19:28:21,L-P02_m-qwen2.5-coder-32b_sol1_gd1_rs0_bd1_str-exacting_t00_n1,566,1,1,Qwen/Qwen2.5-Coder-32B-Instruct,1,0,1,1,exacting,0.0,7.5,0.0
2026-05-20 19:28:29,L-P02_m-qwen2.5-coder-32b_sol1_gd1_rs0_bd1_str-exacting_t00_n1,566,2,1,Qwen/Qwen2.5-Coder-32B-Instruct,1,0,1,1,exacting,0.0,5.0,0.0
2026-05-20 19:28:37,L-P02_m-qwen2.5-coder-32b_sol1_gd1_rs0_bd1_str-exacting_t00_n1,566,3,1,Qwen/Qwen2.5-Coder-32B-Instruct,1,0,1,1,exacting,0.0,7.0,0.0
2026-05-20 19:28:40,L-P02_m-qwen2.5-coder-32b_sol1_gd1_rs0_bd1_str-exacting_t00_n1,566,4,1,Qwen/Qwen2.5-Coder-32B-Instruct,1,0,1,1,exacting,0.0,0.0,0.0
2026-05-20 19:28:49,L-P02_m-qwen2.5-coder-32b_sol1_gd1_rs0_bd1_str-exacting_t00_n1,567,1,1,Qwen/Qwen2.5-Coder-32B-Instruct,1,0,1,1,exacting,0.0,7.0,0.0
2026-05-20 19:28:56,L-P02_m-qwen2.5-coder-32b_sol1_gd1_rs0_bd1_str-exacting_t00_n1,567,2,1,Qwen/Qwen2.5-Coder-32B-Instruct,1,0,1,1,exacting,0.0,7.0,0.0
2026-05-20 19:29:04,L-P02_m-qwen2.5-coder-32b_sol1_gd1_rs0_bd1_str-exacting_t00_n1,567,3,1,Qwen/Qwen2.5-Coder-32B-Instruct,1,0,1,1,exacting,0.0,8.0,0.0
2026-05-20 19:29:12,L-P02_m-qwen2.5-coder-32b_sol1_gd1_rs0_bd1_str-exacting_t00_n1,568,1,1,Qwen/Qwen2.5-Coder-32B-Instruct,1,0,1,1,exacting,0.0,8.0,0.0
2026-05-20 19:29:20,L-P02_m-qwen2.5-coder-32b_sol1_gd1_rs0_bd1_str-exacting_t00_n1,568,2,1,Qwen/Qwen2.5-Coder-32B-Instruct,1,0,1,1,exacting,0.0,5.0,0.0
2026-05-20 19:29:28,L-P02_m-qwen2.5-coder-32b_sol1_gd1_rs0_bd1_str-exacting_t00_n1,568,3,1,Qwen/Qwen2.5-Coder-32B-Instruct,1,0,1,1,exacting,0.0,7.0,0.0
2026-05-20 19:29:32,L-P02_m-qwen2.5-coder-32b_sol1_gd1_rs0_bd1_str-exacting_t00_n1,568,4,1,Qwen/Qwen2.5-Coder-32B-Instruct,1,0,1,1,exacting,0.0,0.0,0.0
2026-05-20 19:29:40,L-P02_m-qwen2.5-coder-32b_sol1_gd1_rs0_bd1_str-exacting_t00_n1,569,1,1,Qwen/Qwen2.5-Coder-32B-Instruct,1,0,1,1,exacting,0.0,7.0,0.0
2026-05-20 19:29:48,L-P02_m-qwen2.5-coder-32b_sol1_gd1_rs0_bd1_str-exacting_t00_n1,569,2,1,Qwen/Qwen2.5-Coder-32B-Instruct,1,0,1,1,exacting,0.0,5.0,0.0
2026-05-20 19:29:55,L-P02_m-qwen2.5-coder-32b_sol1_gd1_rs0_bd1_str-exacting_t00_n1,569,3,1,Qwen/Qwen2.5-Coder-32B-Instruct,1,0,1,1,exacting,0.0,8.0,0.0
2026-05-20 19:30:04,L-P02_m-qwen2.5-coder-32b_sol1_gd1_rs0_bd1_str-exacting_t00_n1,570,1,1,Qwen/Qwen2.5-Coder-32B-Instruct,1,0,1,1,exacting,0.0,4.0,0.0
2026-05-20 19:30:13,L-P02_m-qwen2.5-coder-32b_sol1_gd1_rs0_bd1_str-exacting_t00_n1,570,2,1,Qwen/Qwen2.5-Coder-32B-Instruct,1,0,1,1,exacting,0.0,5.0,0.0
2026-05-20 19:30:21,L-P02_m-qwen2.5-coder-32b_sol1_gd1_rs0_bd1_str-exacting_t00_n1,570,3,1,Qwen/Qwen2.5-Coder-32B-Instruct,1,0,1,1,exacting,0.0,7.0,0.0
