timestamp,tag,student,question,run,model,use_solution,use_reasoning,use_breakdown,use_guidelines,strictness,temperature,score,bonus
2026-08-06 19:41:36,IA-n01_m-mistral-small-24b_sol1_gd0_rs0_bd1_str-neutral_t00_n1,1,1,1,mistralai/Mistral-Small-24B-Instruct-2501,1,0,1,0,neutral,0.0,14.5,0.0
2026-08-06 19:41:54,IA-n01_m-mistral-small-24b_sol1_gd0_rs0_bd1_str-neutral_t00_n1,1,3,1,mistralai/Mistral-Small-24B-Instruct-2501,1,0,1,0,neutral,0.0,0.0,0.0
2026-08-06 19:42:11,IA-n01_m-mistral-small-24b_sol1_gd0_rs0_bd1_str-neutral_t00_n1,2,1,1,mistralai/Mistral-Small-24B-Instruct-2501,1,0,1,0,neutral,0.0,1.5,0.0
2026-08-06 19:42:22,IA-n01_m-mistral-small-24b_sol1_gd0_rs0_bd1_str-neutral_t00_n1,2,2,1,mistralai/Mistral-Small-24B-Instruct-2501,1,0,1,0,neutral,0.0,0.0,0.0
2026-08-06 19:42:38,IA-n01_m-mistral-small-24b_sol1_gd0_rs0_bd1_str-neutral_t00_n1,2,3,1,mistralai/Mistral-Small-24B-Instruct-2501,1,0,1,0,neutral,0.0,0.0,0.0
2026-08-06 19:42:55,IA-n01_m-mistral-small-24b_sol1_gd0_rs0_bd1_str-neutral_t00_n1,3,1,1,mistralai/Mistral-Small-24B-Instruct-2501,1,0,1,0,neutral,0.0,1.0,0.0
2026-08-06 19:43:07,IA-n01_m-mistral-small-24b_sol1_gd0_rs0_bd1_str-neutral_t00_n1,3,2,1,mistralai/Mistral-Small-24B-Instruct-2501,1,0,1,0,neutral,0.0,10.0,0.0
2026-08-06 19:43:27,IA-n01_m-mistral-small-24b_sol1_gd0_rs0_bd1_str-neutral_t00_n1,3,3,1,mistralai/Mistral-Small-24B-Instruct-2501,1,0,1,0,neutral,0.0,1.0,0.0
2026-08-06 19:43:45,IA-n01_m-mistral-small-24b_sol1_gd0_rs0_bd1_str-neutral_t00_n1,4,1,1,mistralai/Mistral-Small-24B-Instruct-2501,1,0,1,0,neutral,0.0,12.5,0.0
2026-08-06 19:43:59,IA-n01_m-mistral-small-24b_sol1_gd0_rs0_bd1_str-neutral_t00_n1,4,2,1,mistralai/Mistral-Small-24B-Instruct-2501,1,0,1,0,neutral,0.0,10.0,0.0
2026-08-06 19:44:16,IA-n01_m-mistral-small-24b_sol1_gd0_rs0_bd1_str-neutral_t00_n1,4,3,1,mistralai/Mistral-Small-24B-Instruct-2501,1,0,1,0,neutral,0.0,12.5,0.0
2026-08-06 19:44:35,IA-n01_m-mistral-small-24b_sol1_gd0_rs0_bd1_str-neutral_t00_n1,5,1,1,mistralai/Mistral-Small-24B-Instruct-2501,1,0,1,0,neutral,0.0,14.5,0.0
2026-08-06 19:44:47,IA-n01_m-mistral-small-24b_sol1_gd0_rs0_bd1_str-neutral_t00_n1,5,2,1,mistralai/Mistral-Small-24B-Instruct-2501,1,0,1,0,neutral,0.0,10.0,0.0
2026-08-06 19:45:03,IA-n01_m-mistral-small-24b_sol1_gd0_rs0_bd1_str-neutral_t00_n1,5,3,1,mistralai/Mistral-Small-24B-Instruct-2501,1,0,1,0,neutral,0.0,0.0,0.0
2026-08-06 19:45:21,IA-n01_m-mistral-small-24b_sol1_gd0_rs0_bd1_str-neutral_t00_n1,6,1,1,mistralai/Mistral-Small-24B-Instruct-2501,1,0,1,0,neutral,0.0,18.5,0.0
2026-08-06 19:45:34,IA-n01_m-mistral-small-24b_sol1_gd0_rs0_bd1_str-neutral_t00_n1,6,2,1,mistralai/Mistral-Small-24B-Instruct-2501,1,0,1,0,neutral,0.0,10.0,0.0
2026-08-06 19:45:53,IA-n01_m-mistral-small-24b_sol1_gd0_rs0_bd1_str-neutral_t00_n1,6,3,1,mistralai/Mistral-Small-24B-Instruct-2501,1,0,1,0,neutral,0.0,1.0,0.0
2026-08-06 19:46:11,IA-n01_m-mistral-small-24b_sol1_gd0_rs0_bd1_str-neutral_t00_n1,7,1,1,mistralai/Mistral-Small-24B-Instruct-2501,1,0,1,0,neutral,0.0,10.5,0.0
2026-08-06 19:46:26,IA-n01_m-mistral-small-24b_sol1_gd0_rs0_bd1_str-neutral_t00_n1,8,1,1,mistralai/Mistral-Small-24B-Instruct-2501,1,0,1,0,neutral,0.0,0.0,0.0
2026-08-06 19:46:38,IA-n01_m-mistral-small-24b_sol1_gd0_rs0_bd1_str-neutral_t00_n1,8,2,1,mistralai/Mistral-Small-24B-Instruct-2501,1,0,1,0,neutral,0.0,0.0,0.0
2026-08-06 19:46:54,IA-n01_m-mistral-small-24b_sol1_gd0_rs0_bd1_str-neutral_t00_n1,8,3,1,mistralai/Mistral-Small-24B-Instruct-2501,1,0,1,0,neutral,0.0,0.0,0.0
2026-08-06 19:47:11,IA-n01_m-mistral-small-24b_sol1_gd0_rs0_bd1_str-neutral_t00_n1,9,1,1,mistralai/Mistral-Small-24B-Instruct-2501,1,0,1,0,neutral,0.0,14.5,0.0
2026-08-06 19:47:26,IA-n01_m-mistral-small-24b_sol1_gd0_rs0_bd1_str-neutral_t00_n1,9,2,1,mistralai/Mistral-Small-24B-Instruct-2501,1,0,1,0,neutral,0.0,10.0,0.0
2026-08-06 19:47:41,IA-n01_m-mistral-small-24b_sol1_gd0_rs0_bd1_str-neutral_t00_n1,9,3,1,mistralai/Mistral-Small-24B-Instruct-2501,1,0,1,0,neutral,0.0,10.5,0.0
2026-08-06 19:48:00,IA-n01_m-mistral-small-24b_sol1_gd0_rs0_bd1_str-neutral_t00_n1,10,1,1,mistralai/Mistral-Small-24B-Instruct-2501,1,0,1,0,neutral,0.0,22.5,3.0
2026-08-06 19:48:13,IA-n01_m-mistral-small-24b_sol1_gd0_rs0_bd1_str-neutral_t00_n1,10,2,1,mistralai/Mistral-Small-24B-Instruct-2501,1,0,1,0,neutral,0.0,14.0,3.0
2026-08-06 19:48:30,IA-n01_m-mistral-small-24b_sol1_gd0_rs0_bd1_str-neutral_t00_n1,10,3,1,mistralai/Mistral-Small-24B-Instruct-2501,1,0,1,0,neutral,0.0,18.5,3.0
2026-08-06 19:48:47,IA-n01_m-mistral-small-24b_sol1_gd0_rs0_bd1_str-neutral_t00_n1,11,1,1,mistralai/Mistral-Small-24B-Instruct-2501,1,0,1,0,neutral,0.0,10.5,0.0
2026-08-06 19:49:01,IA-n01_m-mistral-small-24b_sol1_gd0_rs0_bd1_str-neutral_t00_n1,11,2,1,mistralai/Mistral-Small-24B-Instruct-2501,1,0,1,0,neutral,0.0,10.0,0.0
2026-08-06 19:49:17,IA-n01_m-mistral-small-24b_sol1_gd0_rs0_bd1_str-neutral_t00_n1,11,3,1,mistralai/Mistral-Small-24B-Instruct-2501,1,0,1,0,neutral,0.0,0.0,0.0
2026-08-06 19:49:34,IA-n01_m-mistral-small-24b_sol1_gd0_rs0_bd1_str-neutral_t00_n1,12,1,1,mistralai/Mistral-Small-24B-Instruct-2501,1,0,1,0,neutral,0.0,10.5,0.0
2026-08-06 19:49:48,IA-n01_m-mistral-small-24b_sol1_gd0_rs0_bd1_str-neutral_t00_n1,12,2,1,mistralai/Mistral-Small-24B-Instruct-2501,1,0,1,0,neutral,0.0,10.0,0.0
2026-08-06 19:50:05,IA-n01_m-mistral-small-24b_sol1_gd0_rs0_bd1_str-neutral_t00_n1,12,3,1,mistralai/Mistral-Small-24B-Instruct-2501,1,0,1,0,neutral,0.0,10.5,0.0
2026-08-06 19:50:23,IA-n01_m-mistral-small-24b_sol1_gd0_rs0_bd1_str-neutral_t00_n1,13,1,1,mistralai/Mistral-Small-24B-Instruct-2501,1,0,1,0,neutral,0.0,10.5,0.0
2026-08-06 19:50:37,IA-n01_m-mistral-small-24b_sol1_gd0_rs0_bd1_str-neutral_t00_n1,13,2,1,mistralai/Mistral-Small-24B-Instruct-2501,1,0,1,0,neutral,0.0,10.0,0.0
2026-08-06 19:50:53,IA-n01_m-mistral-small-24b_sol1_gd0_rs0_bd1_str-neutral_t00_n1,13,3,1,mistralai/Mistral-Small-24B-Instruct-2501,1,0,1,0,neutral,0.0,10.5,0.0
2026-08-06 19:51:10,IA-n01_m-mistral-small-24b_sol1_gd0_rs0_bd1_str-neutral_t00_n1,14,1,1,mistralai/Mistral-Small-24B-Instruct-2501,1,0,1,0,neutral,0.0,13.5,0.0
2026-08-06 19:51:24,IA-n01_m-mistral-small-24b_sol1_gd0_rs0_bd1_str-neutral_t00_n1,14,2,1,mistralai/Mistral-Small-24B-Instruct-2501,1,0,1,0,neutral,0.0,10.0,0.0
2026-08-06 19:51:40,IA-n01_m-mistral-small-24b_sol1_gd0_rs0_bd1_str-neutral_t00_n1,14,3,1,mistralai/Mistral-Small-24B-Instruct-2501,1,0,1,0,neutral,0.0,14.5,0.0
2026-08-06 19:51:58,IA-n01_m-mistral-small-24b_sol1_gd0_rs0_bd1_str-neutral_t00_n1,15,1,1,mistralai/Mistral-Small-24B-Instruct-2501,1,0,1,0,neutral,0.0,14.5,0.0
2026-08-06 19:52:11,IA-n01_m-mistral-small-24b_sol1_gd0_rs0_bd1_str-neutral_t00_n1,15,2,1,mistralai/Mistral-Small-24B-Instruct-2501,1,0,1,0,neutral,0.0,10.0,0.0
2026-08-06 19:52:27,IA-n01_m-mistral-small-24b_sol1_gd0_rs0_bd1_str-neutral_t00_n1,15,3,1,mistralai/Mistral-Small-24B-Instruct-2501,1,0,1,0,neutral,0.0,10.5,0.0
2026-08-06 19:52:44,IA-n01_m-mistral-small-24b_sol1_gd0_rs0_bd1_str-neutral_t00_n1,16,1,1,mistralai/Mistral-Small-24B-Instruct-2501,1,0,1,0,neutral,0.0,10.5,0.0
2026-08-06 19:52:59,IA-n01_m-mistral-small-24b_sol1_gd0_rs0_bd1_str-neutral_t00_n1,16,2,1,mistralai/Mistral-Small-24B-Instruct-2501,1,0,1,0,neutral,0.0,10.0,0.0
2026-08-06 19:53:16,IA-n01_m-mistral-small-24b_sol1_gd0_rs0_bd1_str-neutral_t00_n1,17,1,1,mistralai/Mistral-Small-24B-Instruct-2501,1,0,1,0,neutral,0.0,10.5,0.0
2026-08-06 19:53:30,IA-n01_m-mistral-small-24b_sol1_gd0_rs0_bd1_str-neutral_t00_n1,17,2,1,mistralai/Mistral-Small-24B-Instruct-2501,1,0,1,0,neutral,0.0,10.0,0.0
2026-08-06 19:53:49,IA-n01_m-mistral-small-24b_sol1_gd0_rs0_bd1_str-neutral_t00_n1,17,3,1,mistralai/Mistral-Small-24B-Instruct-2501,1,0,1,0,neutral,0.0,1.5,0.0
2026-08-06 19:54:07,IA-n01_m-mistral-small-24b_sol1_gd0_rs0_bd1_str-neutral_t00_n1,18,1,1,mistralai/Mistral-Small-24B-Instruct-2501,1,0,1,0,neutral,0.0,10.5,0.0
2026-08-06 19:54:27,IA-n01_m-mistral-small-24b_sol1_gd0_rs0_bd1_str-neutral_t00_n1,18,2,1,mistralai/Mistral-Small-24B-Instruct-2501,1,0,1,0,neutral,0.0,5.0,0.0
2026-08-06 19:54:43,IA-n01_m-mistral-small-24b_sol1_gd0_rs0_bd1_str-neutral_t00_n1,18,3,1,mistralai/Mistral-Small-24B-Instruct-2501,1,0,1,0,neutral,0.0,10.5,0.0
2026-08-06 19:55:00,IA-n01_m-mistral-small-24b_sol1_gd0_rs0_bd1_str-neutral_t00_n1,19,1,1,mistralai/Mistral-Small-24B-Instruct-2501,1,0,1,0,neutral,0.0,14.5,0.0
2026-08-06 19:55:16,IA-n01_m-mistral-small-24b_sol1_gd0_rs0_bd1_str-neutral_t00_n1,20,1,1,mistralai/Mistral-Small-24B-Instruct-2501,1,0,1,0,neutral,0.0,10.5,0.0
2026-08-06 19:55:31,IA-n01_m-mistral-small-24b_sol1_gd0_rs0_bd1_str-neutral_t00_n1,20,2,1,mistralai/Mistral-Small-24B-Instruct-2501,1,0,1,0,neutral,0.0,10.0,0.0
2026-08-06 19:55:47,IA-n01_m-mistral-small-24b_sol1_gd0_rs0_bd1_str-neutral_t00_n1,20,3,1,mistralai/Mistral-Small-24B-Instruct-2501,1,0,1,0,neutral,0.0,10.5,0.0
2026-08-06 19:56:04,IA-n01_m-mistral-small-24b_sol1_gd0_rs0_bd1_str-neutral_t00_n1,21,1,1,mistralai/Mistral-Small-24B-Instruct-2501,1,0,1,0,neutral,0.0,1.0,0.0
2026-08-06 19:56:15,IA-n01_m-mistral-small-24b_sol1_gd0_rs0_bd1_str-neutral_t00_n1,21,2,1,mistralai/Mistral-Small-24B-Instruct-2501,1,0,1,0,neutral,0.0,0.0,0.0
2026-08-06 19:56:31,IA-n01_m-mistral-small-24b_sol1_gd0_rs0_bd1_str-neutral_t00_n1,21,3,1,mistralai/Mistral-Small-24B-Instruct-2501,1,0,1,0,neutral,0.0,0.0,0.0
2026-08-06 19:56:45,IA-n01_m-mistral-small-24b_sol1_gd0_rs0_bd1_str-neutral_t00_n1,22,2,1,mistralai/Mistral-Small-24B-Instruct-2501,1,0,1,0,neutral,0.0,10.0,0.0
2026-08-06 19:57:02,IA-n01_m-mistral-small-24b_sol1_gd0_rs0_bd1_str-neutral_t00_n1,23,1,1,mistralai/Mistral-Small-24B-Instruct-2501,1,0,1,0,neutral,0.0,12.5,0.0
2026-08-06 19:57:16,IA-n01_m-mistral-small-24b_sol1_gd0_rs0_bd1_str-neutral_t00_n1,23,2,1,mistralai/Mistral-Small-24B-Instruct-2501,1,0,1,0,neutral,0.0,10.0,0.0
2026-08-06 19:57:31,IA-n01_m-mistral-small-24b_sol1_gd0_rs0_bd1_str-neutral_t00_n1,23,3,1,mistralai/Mistral-Small-24B-Instruct-2501,1,0,1,0,neutral,0.0,0.0,0.0
2026-08-06 19:57:50,IA-n01_m-mistral-small-24b_sol1_gd0_rs0_bd1_str-neutral_t00_n1,24,1,1,mistralai/Mistral-Small-24B-Instruct-2501,1,0,1,0,neutral,0.0,19.5,0.0
2026-08-06 19:58:04,IA-n01_m-mistral-small-24b_sol1_gd0_rs0_bd1_str-neutral_t00_n1,24,2,1,mistralai/Mistral-Small-24B-Instruct-2501,1,0,1,0,neutral,0.0,10.0,0.0
2026-08-06 19:58:22,IA-n01_m-mistral-small-24b_sol1_gd0_rs0_bd1_str-neutral_t00_n1,24,3,1,mistralai/Mistral-Small-24B-Instruct-2501,1,0,1,0,neutral,0.0,1.5,0.0
2026-08-06 19:58:38,IA-n01_m-mistral-small-24b_sol1_gd0_rs0_bd1_str-neutral_t00_n1,25,1,1,mistralai/Mistral-Small-24B-Instruct-2501,1,0,1,0,neutral,0.0,10.5,0.0
2026-08-06 19:58:51,IA-n01_m-mistral-small-24b_sol1_gd0_rs0_bd1_str-neutral_t00_n1,25,2,1,mistralai/Mistral-Small-24B-Instruct-2501,1,0,1,0,neutral,0.0,0.0,0.0
2026-08-06 19:59:08,IA-n01_m-mistral-small-24b_sol1_gd0_rs0_bd1_str-neutral_t00_n1,25,3,1,mistralai/Mistral-Small-24B-Instruct-2501,1,0,1,0,neutral,0.0,1.5,0.0
2026-08-06 19:59:24,IA-n01_m-mistral-small-24b_sol1_gd0_rs0_bd1_str-neutral_t00_n1,26,1,1,mistralai/Mistral-Small-24B-Instruct-2501,1,0,1,0,neutral,0.0,10.5,0.0
2026-08-06 19:59:38,IA-n01_m-mistral-small-24b_sol1_gd0_rs0_bd1_str-neutral_t00_n1,26,2,1,mistralai/Mistral-Small-24B-Instruct-2501,1,0,1,0,neutral,0.0,3.0,0.0
2026-08-06 19:59:55,IA-n01_m-mistral-small-24b_sol1_gd0_rs0_bd1_str-neutral_t00_n1,27,1,1,mistralai/Mistral-Small-24B-Instruct-2501,1,0,1,0,neutral,0.0,0.0,0.0
2026-08-06 20:00:06,IA-n01_m-mistral-small-24b_sol1_gd0_rs0_bd1_str-neutral_t00_n1,27,2,1,mistralai/Mistral-Small-24B-Instruct-2501,1,0,1,0,neutral,0.0,0.0,0.0
2026-08-06 20:00:22,IA-n01_m-mistral-small-24b_sol1_gd0_rs0_bd1_str-neutral_t00_n1,27,3,1,mistralai/Mistral-Small-24B-Instruct-2501,1,0,1,0,neutral,0.0,0.0,0.0
2026-08-06 20:00:39,IA-n01_m-mistral-small-24b_sol1_gd0_rs0_bd1_str-neutral_t00_n1,28,1,1,mistralai/Mistral-Small-24B-Instruct-2501,1,0,1,0,neutral,0.0,0.0,0.0
2026-08-06 20:00:52,IA-n01_m-mistral-small-24b_sol1_gd0_rs0_bd1_str-neutral_t00_n1,28,2,1,mistralai/Mistral-Small-24B-Instruct-2501,1,0,1,0,neutral,0.0,10.0,0.0
2026-08-06 20:01:07,IA-n01_m-mistral-small-24b_sol1_gd0_rs0_bd1_str-neutral_t00_n1,28,3,1,mistralai/Mistral-Small-24B-Instruct-2501,1,0,1,0,neutral,0.0,0.0,0.0
2026-08-06 20:01:26,IA-n01_m-mistral-small-24b_sol1_gd0_rs0_bd1_str-neutral_t00_n1,29,1,1,mistralai/Mistral-Small-24B-Instruct-2501,1,0,1,0,neutral,0.0,22.5,3.0
2026-08-06 20:01:39,IA-n01_m-mistral-small-24b_sol1_gd0_rs0_bd1_str-neutral_t00_n1,29,2,1,mistralai/Mistral-Small-24B-Instruct-2501,1,0,1,0,neutral,0.0,13.0,3.0
2026-08-06 20:01:58,IA-n01_m-mistral-small-24b_sol1_gd0_rs0_bd1_str-neutral_t00_n1,29,3,1,mistralai/Mistral-Small-24B-Instruct-2501,1,0,1,0,neutral,0.0,18.5,3.0
2026-08-06 20:02:14,IA-n01_m-mistral-small-24b_sol1_gd0_rs0_bd1_str-neutral_t00_n1,30,1,1,mistralai/Mistral-Small-24B-Instruct-2501,1,0,1,0,neutral,0.0,12.5,0.0
2026-08-06 20:02:27,IA-n01_m-mistral-small-24b_sol1_gd0_rs0_bd1_str-neutral_t00_n1,30,2,1,mistralai/Mistral-Small-24B-Instruct-2501,1,0,1,0,neutral,0.0,10.0,0.0
2026-08-06 20:02:42,IA-n01_m-mistral-small-24b_sol1_gd0_rs0_bd1_str-neutral_t00_n1,30,3,1,mistralai/Mistral-Small-24B-Instruct-2501,1,0,1,0,neutral,0.0,0.0,0.0
2026-08-06 20:02:59,IA-n01_m-mistral-small-24b_sol1_gd0_rs0_bd1_str-neutral_t00_n1,31,1,1,mistralai/Mistral-Small-24B-Instruct-2501,1,0,1,0,neutral,0.0,1.5,0.0
2026-08-06 20:03:18,IA-n01_m-mistral-small-24b_sol1_gd0_rs0_bd1_str-neutral_t00_n1,31,2,1,mistralai/Mistral-Small-24B-Instruct-2501,1,0,1,0,neutral,0.0,4.0,0.0
2026-08-06 20:03:38,IA-n01_m-mistral-small-24b_sol1_gd0_rs0_bd1_str-neutral_t00_n1,31,3,1,mistralai/Mistral-Small-24B-Instruct-2501,1,0,1,0,neutral,0.0,0.0,0.0
2026-08-06 20:03:55,IA-n01_m-mistral-small-24b_sol1_gd0_rs0_bd1_str-neutral_t00_n1,32,1,1,mistralai/Mistral-Small-24B-Instruct-2501,1,0,1,0,neutral,0.0,14.5,0.0
2026-08-06 20:04:09,IA-n01_m-mistral-small-24b_sol1_gd0_rs0_bd1_str-neutral_t00_n1,32,2,1,mistralai/Mistral-Small-24B-Instruct-2501,1,0,1,0,neutral,0.0,10.0,0.0
2026-08-06 20:04:26,IA-n01_m-mistral-small-24b_sol1_gd0_rs0_bd1_str-neutral_t00_n1,32,3,1,mistralai/Mistral-Small-24B-Instruct-2501,1,0,1,0,neutral,0.0,10.5,0.0
2026-08-06 20:04:43,IA-n01_m-mistral-small-24b_sol1_gd0_rs0_bd1_str-neutral_t00_n1,33,1,1,mistralai/Mistral-Small-24B-Instruct-2501,1,0,1,0,neutral,0.0,15.5,0.0
2026-08-06 20:04:55,IA-n01_m-mistral-small-24b_sol1_gd0_rs0_bd1_str-neutral_t00_n1,33,2,1,mistralai/Mistral-Small-24B-Instruct-2501,1,0,1,0,neutral,0.0,1.0,0.0
2026-08-06 20:05:09,IA-n01_m-mistral-small-24b_sol1_gd0_rs0_bd1_str-neutral_t00_n1,33,3,1,mistralai/Mistral-Small-24B-Instruct-2501,1,0,1,0,neutral,0.0,0.0,0.0
2026-08-06 20:05:25,IA-n01_m-mistral-small-24b_sol1_gd0_rs0_bd1_str-neutral_t00_n1,34,1,1,mistralai/Mistral-Small-24B-Instruct-2501,1,0,1,0,neutral,0.0,1.0,0.0
2026-08-06 20:05:42,IA-n01_m-mistral-small-24b_sol1_gd0_rs0_bd1_str-neutral_t00_n1,35,1,1,mistralai/Mistral-Small-24B-Instruct-2501,1,0,1,0,neutral,0.0,1.5,0.0
2026-08-06 20:05:54,IA-n01_m-mistral-small-24b_sol1_gd0_rs0_bd1_str-neutral_t00_n1,35,2,1,mistralai/Mistral-Small-24B-Instruct-2501,1,0,1,0,neutral,0.0,10.0,0.0
2026-08-06 20:06:12,IA-n01_m-mistral-small-24b_sol1_gd0_rs0_bd1_str-neutral_t00_n1,35,3,1,mistralai/Mistral-Small-24B-Instruct-2501,1,0,1,0,neutral,0.0,0.0,0.0
2026-08-06 20:06:28,IA-n01_m-mistral-small-24b_sol1_gd0_rs0_bd1_str-neutral_t00_n1,36,1,1,mistralai/Mistral-Small-24B-Instruct-2501,1,0,1,0,neutral,0.0,1.5,0.0
2026-08-06 20:06:45,IA-n01_m-mistral-small-24b_sol1_gd0_rs0_bd1_str-neutral_t00_n1,37,1,1,mistralai/Mistral-Small-24B-Instruct-2501,1,0,1,0,neutral,0.0,10.5,0.0
2026-08-06 20:07:02,IA-n01_m-mistral-small-24b_sol1_gd0_rs0_bd1_str-neutral_t00_n1,37,2,1,mistralai/Mistral-Small-24B-Instruct-2501,1,0,1,0,neutral,0.0,5.0,0.0
2026-08-06 20:07:19,IA-n01_m-mistral-small-24b_sol1_gd0_rs0_bd1_str-neutral_t00_n1,37,3,1,mistralai/Mistral-Small-24B-Instruct-2501,1,0,1,0,neutral,0.0,1.5,0.0
2026-08-06 20:07:37,IA-n01_m-mistral-small-24b_sol1_gd0_rs0_bd1_str-neutral_t00_n1,38,1,1,mistralai/Mistral-Small-24B-Instruct-2501,1,0,1,0,neutral,0.0,15.5,0.0
2026-08-06 20:07:50,IA-n01_m-mistral-small-24b_sol1_gd0_rs0_bd1_str-neutral_t00_n1,38,2,1,mistralai/Mistral-Small-24B-Instruct-2501,1,0,1,0,neutral,0.0,10.0,0.0
2026-08-06 20:08:06,IA-n01_m-mistral-small-24b_sol1_gd0_rs0_bd1_str-neutral_t00_n1,38,3,1,mistralai/Mistral-Small-24B-Instruct-2501,1,0,1,0,neutral,0.0,12.5,0.0
2026-08-06 20:08:22,IA-n01_m-mistral-small-24b_sol1_gd0_rs0_bd1_str-neutral_t00_n1,39,1,1,mistralai/Mistral-Small-24B-Instruct-2501,1,0,1,0,neutral,0.0,12.5,0.0
2026-08-06 20:08:36,IA-n01_m-mistral-small-24b_sol1_gd0_rs0_bd1_str-neutral_t00_n1,39,2,1,mistralai/Mistral-Small-24B-Instruct-2501,1,0,1,0,neutral,0.0,1.0,0.0
2026-08-06 20:08:52,IA-n01_m-mistral-small-24b_sol1_gd0_rs0_bd1_str-neutral_t00_n1,39,3,1,mistralai/Mistral-Small-24B-Instruct-2501,1,0,1,0,neutral,0.0,0.0,0.0
2026-08-06 20:09:06,IA-n01_m-mistral-small-24b_sol1_gd0_rs0_bd1_str-neutral_t00_n1,40,1,1,mistralai/Mistral-Small-24B-Instruct-2501,1,0,1,0,neutral,0.0,0.0,0.0
2026-08-06 20:09:19,IA-n01_m-mistral-small-24b_sol1_gd0_rs0_bd1_str-neutral_t00_n1,40,2,1,mistralai/Mistral-Small-24B-Instruct-2501,1,0,1,0,neutral,0.0,10.0,0.0
2026-08-06 20:09:34,IA-n01_m-mistral-small-24b_sol1_gd0_rs0_bd1_str-neutral_t00_n1,40,3,1,mistralai/Mistral-Small-24B-Instruct-2501,1,0,1,0,neutral,0.0,0.0,0.0
2026-08-06 20:09:50,IA-n01_m-mistral-small-24b_sol1_gd0_rs0_bd1_str-neutral_t00_n1,41,1,1,mistralai/Mistral-Small-24B-Instruct-2501,1,0,1,0,neutral,0.0,10.5,0.0
2026-08-06 20:10:06,IA-n01_m-mistral-small-24b_sol1_gd0_rs0_bd1_str-neutral_t00_n1,41,2,1,mistralai/Mistral-Small-24B-Instruct-2501,1,0,1,0,neutral,0.0,10.0,0.0
2026-08-06 20:10:23,IA-n01_m-mistral-small-24b_sol1_gd0_rs0_bd1_str-neutral_t00_n1,41,3,1,mistralai/Mistral-Small-24B-Instruct-2501,1,0,1,0,neutral,0.0,10.5,0.0
2026-08-06 20:10:37,IA-n01_m-mistral-small-24b_sol1_gd0_rs0_bd1_str-neutral_t00_n1,42,1,1,mistralai/Mistral-Small-24B-Instruct-2501,1,0,1,0,neutral,0.0,0.0,0.0
2026-08-06 20:10:49,IA-n01_m-mistral-small-24b_sol1_gd0_rs0_bd1_str-neutral_t00_n1,42,2,1,mistralai/Mistral-Small-24B-Instruct-2501,1,0,1,0,neutral,0.0,10.0,0.0
2026-08-06 20:11:05,IA-n01_m-mistral-small-24b_sol1_gd0_rs0_bd1_str-neutral_t00_n1,42,3,1,mistralai/Mistral-Small-24B-Instruct-2501,1,0,1,0,neutral,0.0,0.0,0.0
2026-08-06 20:11:23,IA-n01_m-mistral-small-24b_sol1_gd0_rs0_bd1_str-neutral_t00_n1,43,1,1,mistralai/Mistral-Small-24B-Instruct-2501,1,0,1,0,neutral,0.0,0.0,0.0
2026-08-06 20:11:34,IA-n01_m-mistral-small-24b_sol1_gd0_rs0_bd1_str-neutral_t00_n1,43,2,1,mistralai/Mistral-Small-24B-Instruct-2501,1,0,1,0,neutral,0.0,0.0,0.0
2026-08-06 20:11:49,IA-n01_m-mistral-small-24b_sol1_gd0_rs0_bd1_str-neutral_t00_n1,43,3,1,mistralai/Mistral-Small-24B-Instruct-2501,1,0,1,0,neutral,0.0,0.0,0.0
2026-08-06 20:12:08,IA-n01_m-mistral-small-24b_sol1_gd0_rs0_bd1_str-neutral_t00_n1,44,1,1,mistralai/Mistral-Small-24B-Instruct-2501,1,0,1,0,neutral,0.0,16.5,0.0
2026-08-06 20:12:23,IA-n01_m-mistral-small-24b_sol1_gd0_rs0_bd1_str-neutral_t00_n1,44,2,1,mistralai/Mistral-Small-24B-Instruct-2501,1,0,1,0,neutral,0.0,10.0,0.0
2026-08-06 20:12:42,IA-n01_m-mistral-small-24b_sol1_gd0_rs0_bd1_str-neutral_t00_n1,44,3,1,mistralai/Mistral-Small-24B-Instruct-2501,1,0,1,0,neutral,0.0,1.0,0.0
2026-08-06 20:13:00,IA-n01_m-mistral-small-24b_sol1_gd0_rs0_bd1_str-neutral_t00_n1,45,1,1,mistralai/Mistral-Small-24B-Instruct-2501,1,0,1,0,neutral,0.0,12.5,0.0
2026-08-06 20:13:17,IA-n01_m-mistral-small-24b_sol1_gd0_rs0_bd1_str-neutral_t00_n1,45,2,1,mistralai/Mistral-Small-24B-Instruct-2501,1,0,1,0,neutral,0.0,7.0,0.0
2026-08-06 20:13:34,IA-n01_m-mistral-small-24b_sol1_gd0_rs0_bd1_str-neutral_t00_n1,45,3,1,mistralai/Mistral-Small-24B-Instruct-2501,1,0,1,0,neutral,0.0,12.5,0.0
2026-08-06 20:13:51,IA-n01_m-mistral-small-24b_sol1_gd0_rs0_bd1_str-neutral_t00_n1,46,1,1,mistralai/Mistral-Small-24B-Instruct-2501,1,0,1,0,neutral,0.0,10.5,0.0
2026-08-06 20:14:04,IA-n01_m-mistral-small-24b_sol1_gd0_rs0_bd1_str-neutral_t00_n1,46,2,1,mistralai/Mistral-Small-24B-Instruct-2501,1,0,1,0,neutral,0.0,10.0,0.0
2026-08-06 20:14:20,IA-n01_m-mistral-small-24b_sol1_gd0_rs0_bd1_str-neutral_t00_n1,46,3,1,mistralai/Mistral-Small-24B-Instruct-2501,1,0,1,0,neutral,0.0,0.0,0.0
2026-08-06 20:14:37,IA-n01_m-mistral-small-24b_sol1_gd0_rs0_bd1_str-neutral_t00_n1,47,1,1,mistralai/Mistral-Small-24B-Instruct-2501,1,0,1,0,neutral,0.0,12.5,0.0
2026-08-06 20:14:51,IA-n01_m-mistral-small-24b_sol1_gd0_rs0_bd1_str-neutral_t00_n1,47,2,1,mistralai/Mistral-Small-24B-Instruct-2501,1,0,1,0,neutral,0.0,10.0,0.0
2026-08-06 20:15:07,IA-n01_m-mistral-small-24b_sol1_gd0_rs0_bd1_str-neutral_t00_n1,47,3,1,mistralai/Mistral-Small-24B-Instruct-2501,1,0,1,0,neutral,0.0,10.5,0.0
2026-08-06 20:15:24,IA-n01_m-mistral-small-24b_sol1_gd0_rs0_bd1_str-neutral_t00_n1,48,1,1,mistralai/Mistral-Small-24B-Instruct-2501,1,0,1,0,neutral,0.0,14.5,0.0
2026-08-06 20:15:40,IA-n01_m-mistral-small-24b_sol1_gd0_rs0_bd1_str-neutral_t00_n1,48,2,1,mistralai/Mistral-Small-24B-Instruct-2501,1,0,1,0,neutral,0.0,10.0,0.0
2026-08-06 20:15:57,IA-n01_m-mistral-small-24b_sol1_gd0_rs0_bd1_str-neutral_t00_n1,48,3,1,mistralai/Mistral-Small-24B-Instruct-2501,1,0,1,0,neutral,0.0,12.5,0.0
2026-08-06 20:16:15,IA-n01_m-mistral-small-24b_sol1_gd0_rs0_bd1_str-neutral_t00_n1,49,1,1,mistralai/Mistral-Small-24B-Instruct-2501,1,0,1,0,neutral,0.0,12.5,0.0
2026-08-06 20:16:30,IA-n01_m-mistral-small-24b_sol1_gd0_rs0_bd1_str-neutral_t00_n1,49,2,1,mistralai/Mistral-Small-24B-Instruct-2501,1,0,1,0,neutral,0.0,10.0,0.0
2026-08-06 20:16:48,IA-n01_m-mistral-small-24b_sol1_gd0_rs0_bd1_str-neutral_t00_n1,49,3,1,mistralai/Mistral-Small-24B-Instruct-2501,1,0,1,0,neutral,0.0,10.5,0.0
2026-08-06 20:17:07,IA-n01_m-mistral-small-24b_sol1_gd0_rs0_bd1_str-neutral_t00_n1,50,1,1,mistralai/Mistral-Small-24B-Instruct-2501,1,0,1,0,neutral,0.0,14.5,0.0
2026-08-06 20:17:21,IA-n01_m-mistral-small-24b_sol1_gd0_rs0_bd1_str-neutral_t00_n1,50,2,1,mistralai/Mistral-Small-24B-Instruct-2501,1,0,1,0,neutral,0.0,10.0,0.0
2026-08-06 20:17:38,IA-n01_m-mistral-small-24b_sol1_gd0_rs0_bd1_str-neutral_t00_n1,51,1,1,mistralai/Mistral-Small-24B-Instruct-2501,1,0,1,0,neutral,0.0,18.5,0.0
2026-08-06 20:17:52,IA-n01_m-mistral-small-24b_sol1_gd0_rs0_bd1_str-neutral_t00_n1,51,2,1,mistralai/Mistral-Small-24B-Instruct-2501,1,0,1,0,neutral,0.0,10.0,0.0
2026-08-06 20:18:08,IA-n01_m-mistral-small-24b_sol1_gd0_rs0_bd1_str-neutral_t00_n1,51,3,1,mistralai/Mistral-Small-24B-Instruct-2501,1,0,1,0,neutral,0.0,0.0,0.0
2026-08-06 20:18:27,IA-n01_m-mistral-small-24b_sol1_gd0_rs0_bd1_str-neutral_t00_n1,52,1,1,mistralai/Mistral-Small-24B-Instruct-2501,1,0,1,0,neutral,0.0,14.5,0.0
2026-08-06 20:18:41,IA-n01_m-mistral-small-24b_sol1_gd0_rs0_bd1_str-neutral_t00_n1,52,2,1,mistralai/Mistral-Small-24B-Instruct-2501,1,0,1,0,neutral,0.0,2.0,0.0
2026-08-06 20:18:57,IA-n01_m-mistral-small-24b_sol1_gd0_rs0_bd1_str-neutral_t00_n1,52,3,1,mistralai/Mistral-Small-24B-Instruct-2501,1,0,1,0,neutral,0.0,12.5,0.0
2026-08-06 20:19:15,IA-n01_m-mistral-small-24b_sol1_gd0_rs0_bd1_str-neutral_t00_n1,53,1,1,mistralai/Mistral-Small-24B-Instruct-2501,1,0,1,0,neutral,0.0,10.5,0.0
2026-08-06 20:19:33,IA-n01_m-mistral-small-24b_sol1_gd0_rs0_bd1_str-neutral_t00_n1,53,2,1,mistralai/Mistral-Small-24B-Instruct-2501,1,0,1,0,neutral,0.0,5.0,0.0
2026-08-06 20:19:50,IA-n01_m-mistral-small-24b_sol1_gd0_rs0_bd1_str-neutral_t00_n1,53,3,1,mistralai/Mistral-Small-24B-Instruct-2501,1,0,1,0,neutral,0.0,0.0,0.0
2026-08-06 20:20:07,IA-n01_m-mistral-small-24b_sol1_gd0_rs0_bd1_str-neutral_t00_n1,54,1,1,mistralai/Mistral-Small-24B-Instruct-2501,1,0,1,0,neutral,0.0,16.5,0.0
2026-08-06 20:20:20,IA-n01_m-mistral-small-24b_sol1_gd0_rs0_bd1_str-neutral_t00_n1,54,2,1,mistralai/Mistral-Small-24B-Instruct-2501,1,0,1,0,neutral,0.0,10.0,0.0
2026-08-06 20:20:35,IA-n01_m-mistral-small-24b_sol1_gd0_rs0_bd1_str-neutral_t00_n1,54,3,1,mistralai/Mistral-Small-24B-Instruct-2501,1,0,1,0,neutral,0.0,0.0,0.0
2026-08-06 20:20:53,IA-n01_m-mistral-small-24b_sol1_gd0_rs0_bd1_str-neutral_t00_n1,55,1,1,mistralai/Mistral-Small-24B-Instruct-2501,1,0,1,0,neutral,0.0,14.5,0.0
2026-08-06 20:21:06,IA-n01_m-mistral-small-24b_sol1_gd0_rs0_bd1_str-neutral_t00_n1,55,2,1,mistralai/Mistral-Small-24B-Instruct-2501,1,0,1,0,neutral,0.0,10.0,0.0
2026-08-06 20:21:25,IA-n01_m-mistral-small-24b_sol1_gd0_rs0_bd1_str-neutral_t00_n1,55,3,1,mistralai/Mistral-Small-24B-Instruct-2501,1,0,1,0,neutral,0.0,12.5,0.0
2026-08-06 20:21:42,IA-n01_m-mistral-small-24b_sol1_gd0_rs0_bd1_str-neutral_t00_n1,56,1,1,mistralai/Mistral-Small-24B-Instruct-2501,1,0,1,0,neutral,0.0,20.5,3.0
2026-08-06 20:21:56,IA-n01_m-mistral-small-24b_sol1_gd0_rs0_bd1_str-neutral_t00_n1,56,2,1,mistralai/Mistral-Small-24B-Instruct-2501,1,0,1,0,neutral,0.0,13.0,3.0
2026-08-06 20:22:13,IA-n01_m-mistral-small-24b_sol1_gd0_rs0_bd1_str-neutral_t00_n1,56,3,1,mistralai/Mistral-Small-24B-Instruct-2501,1,0,1,0,neutral,0.0,16.5,0.0
2026-08-06 20:22:31,IA-n01_m-mistral-small-24b_sol1_gd0_rs0_bd1_str-neutral_t00_n1,57,1,1,mistralai/Mistral-Small-24B-Instruct-2501,1,0,1,0,neutral,0.0,13.5,0.0
2026-08-06 20:22:50,IA-n01_m-mistral-small-24b_sol1_gd0_rs0_bd1_str-neutral_t00_n1,57,2,1,mistralai/Mistral-Small-24B-Instruct-2501,1,0,1,0,neutral,0.0,10.0,0.0
2026-08-06 20:23:07,IA-n01_m-mistral-small-24b_sol1_gd0_rs0_bd1_str-neutral_t00_n1,57,3,1,mistralai/Mistral-Small-24B-Instruct-2501,1,0,1,0,neutral,0.0,10.5,0.0
2026-08-06 20:23:25,IA-n01_m-mistral-small-24b_sol1_gd0_rs0_bd1_str-neutral_t00_n1,58,1,1,mistralai/Mistral-Small-24B-Instruct-2501,1,0,1,0,neutral,0.0,16.5,0.0
2026-08-06 20:23:39,IA-n01_m-mistral-small-24b_sol1_gd0_rs0_bd1_str-neutral_t00_n1,58,2,1,mistralai/Mistral-Small-24B-Instruct-2501,1,0,1,0,neutral,0.0,10.0,0.0
2026-08-06 20:23:55,IA-n01_m-mistral-small-24b_sol1_gd0_rs0_bd1_str-neutral_t00_n1,58,3,1,mistralai/Mistral-Small-24B-Instruct-2501,1,0,1,0,neutral,0.0,10.5,0.0
2026-08-06 20:24:12,IA-n01_m-mistral-small-24b_sol1_gd0_rs0_bd1_str-neutral_t00_n1,59,1,1,mistralai/Mistral-Small-24B-Instruct-2501,1,0,1,0,neutral,0.0,13.5,0.0
2026-08-06 20:24:25,IA-n01_m-mistral-small-24b_sol1_gd0_rs0_bd1_str-neutral_t00_n1,59,2,1,mistralai/Mistral-Small-24B-Instruct-2501,1,0,1,0,neutral,0.0,10.5,0.0
2026-08-06 20:24:41,IA-n01_m-mistral-small-24b_sol1_gd0_rs0_bd1_str-neutral_t00_n1,59,3,1,mistralai/Mistral-Small-24B-Instruct-2501,1,0,1,0,neutral,0.0,14.5,0.0
2026-08-06 20:24:59,IA-n01_m-mistral-small-24b_sol1_gd0_rs0_bd1_str-neutral_t00_n1,60,1,1,mistralai/Mistral-Small-24B-Instruct-2501,1,0,1,0,neutral,0.0,22.0,3.0
2026-08-06 20:25:12,IA-n01_m-mistral-small-24b_sol1_gd0_rs0_bd1_str-neutral_t00_n1,60,2,1,mistralai/Mistral-Small-24B-Instruct-2501,1,0,1,0,neutral,0.0,13.0,3.0
2026-08-06 20:25:30,IA-n01_m-mistral-small-24b_sol1_gd0_rs0_bd1_str-neutral_t00_n1,60,3,1,mistralai/Mistral-Small-24B-Instruct-2501,1,0,1,0,neutral,0.0,17.5,0.0
2026-08-06 20:25:49,IA-n01_m-mistral-small-24b_sol1_gd0_rs0_bd1_str-neutral_t00_n1,61,1,1,mistralai/Mistral-Small-24B-Instruct-2501,1,0,1,0,neutral,0.0,21.5,3.0
2026-08-06 20:26:03,IA-n01_m-mistral-small-24b_sol1_gd0_rs0_bd1_str-neutral_t00_n1,61,2,1,mistralai/Mistral-Small-24B-Instruct-2501,1,0,1,0,neutral,0.0,10.0,0.0
2026-08-06 20:26:21,IA-n01_m-mistral-small-24b_sol1_gd0_rs0_bd1_str-neutral_t00_n1,61,3,1,mistralai/Mistral-Small-24B-Instruct-2501,1,0,1,0,neutral,0.0,18.5,3.0
2026-08-06 20:26:38,IA-n01_m-mistral-small-24b_sol1_gd0_rs0_bd1_str-neutral_t00_n1,62,1,1,mistralai/Mistral-Small-24B-Instruct-2501,1,0,1,0,neutral,0.0,14.5,0.0
2026-08-06 20:26:51,IA-n01_m-mistral-small-24b_sol1_gd0_rs0_bd1_str-neutral_t00_n1,62,2,1,mistralai/Mistral-Small-24B-Instruct-2501,1,0,1,0,neutral,0.0,10.0,0.0
2026-08-06 20:27:11,IA-n01_m-mistral-small-24b_sol1_gd0_rs0_bd1_str-neutral_t00_n1,62,3,1,mistralai/Mistral-Small-24B-Instruct-2501,1,0,1,0,neutral,0.0,12.5,0.0
2026-08-06 20:27:27,IA-n01_m-mistral-small-24b_sol1_gd0_rs0_bd1_str-neutral_t00_n1,63,1,1,mistralai/Mistral-Small-24B-Instruct-2501,1,0,1,0,neutral,0.0,10.5,0.0
2026-08-06 20:27:40,IA-n01_m-mistral-small-24b_sol1_gd0_rs0_bd1_str-neutral_t00_n1,63,2,1,mistralai/Mistral-Small-24B-Instruct-2501,1,0,1,0,neutral,0.0,12.0,0.0
2026-08-06 20:27:58,IA-n01_m-mistral-small-24b_sol1_gd0_rs0_bd1_str-neutral_t00_n1,63,3,1,mistralai/Mistral-Small-24B-Instruct-2501,1,0,1,0,neutral,0.0,10.5,0.0
2026-08-06 20:28:14,IA-n01_m-mistral-small-24b_sol1_gd0_rs0_bd1_str-neutral_t00_n1,64,1,1,mistralai/Mistral-Small-24B-Instruct-2501,1,0,1,0,neutral,0.0,18.5,0.0
2026-08-06 20:28:29,IA-n01_m-mistral-small-24b_sol1_gd0_rs0_bd1_str-neutral_t00_n1,64,2,1,mistralai/Mistral-Small-24B-Instruct-2501,1,0,1,0,neutral,0.0,10.5,0.0
2026-08-06 20:28:45,IA-n01_m-mistral-small-24b_sol1_gd0_rs0_bd1_str-neutral_t00_n1,64,3,1,mistralai/Mistral-Small-24B-Instruct-2501,1,0,1,0,neutral,0.0,10.5,0.0
2026-08-06 20:29:02,IA-n01_m-mistral-small-24b_sol1_gd0_rs0_bd1_str-neutral_t00_n1,65,1,1,mistralai/Mistral-Small-24B-Instruct-2501,1,0,1,0,neutral,0.0,15.5,0.0
2026-08-06 20:29:15,IA-n01_m-mistral-small-24b_sol1_gd0_rs0_bd1_str-neutral_t00_n1,65,2,1,mistralai/Mistral-Small-24B-Instruct-2501,1,0,1,0,neutral,0.0,12.0,0.0
2026-08-06 20:29:34,IA-n01_m-mistral-small-24b_sol1_gd0_rs0_bd1_str-neutral_t00_n1,65,3,1,mistralai/Mistral-Small-24B-Instruct-2501,1,0,1,0,neutral,0.0,0.0,0.0
2026-08-06 20:29:52,IA-n01_m-mistral-small-24b_sol1_gd0_rs0_bd1_str-neutral_t00_n1,66,1,1,mistralai/Mistral-Small-24B-Instruct-2501,1,0,1,0,neutral,0.0,22.5,3.0
2026-08-06 20:30:10,IA-n01_m-mistral-small-24b_sol1_gd0_rs0_bd1_str-neutral_t00_n1,67,1,1,mistralai/Mistral-Small-24B-Instruct-2501,1,0,1,0,neutral,0.0,12.5,0.0
2026-08-06 20:30:23,IA-n01_m-mistral-small-24b_sol1_gd0_rs0_bd1_str-neutral_t00_n1,67,2,1,mistralai/Mistral-Small-24B-Instruct-2501,1,0,1,0,neutral,0.0,10.0,0.0
2026-08-06 20:30:40,IA-n01_m-mistral-small-24b_sol1_gd0_rs0_bd1_str-neutral_t00_n1,67,3,1,mistralai/Mistral-Small-24B-Instruct-2501,1,0,1,0,neutral,0.0,10.5,0.0
2026-08-06 20:30:58,IA-n01_m-mistral-small-24b_sol1_gd0_rs0_bd1_str-neutral_t00_n1,68,1,1,mistralai/Mistral-Small-24B-Instruct-2501,1,0,1,0,neutral,0.0,13.5,0.0
2026-08-06 20:31:18,IA-n01_m-mistral-small-24b_sol1_gd0_rs0_bd1_str-neutral_t00_n1,68,2,1,mistralai/Mistral-Small-24B-Instruct-2501,1,0,1,0,neutral,0.0,10.0,0.0
2026-08-06 20:31:36,IA-n01_m-mistral-small-24b_sol1_gd0_rs0_bd1_str-neutral_t00_n1,68,3,1,mistralai/Mistral-Small-24B-Instruct-2501,1,0,1,0,neutral,0.0,10.5,0.0
2026-08-06 20:31:54,IA-n01_m-mistral-small-24b_sol1_gd0_rs0_bd1_str-neutral_t00_n1,69,1,1,mistralai/Mistral-Small-24B-Instruct-2501,1,0,1,0,neutral,0.0,18.5,0.0
2026-08-06 20:32:06,IA-n01_m-mistral-small-24b_sol1_gd0_rs0_bd1_str-neutral_t00_n1,69,2,1,mistralai/Mistral-Small-24B-Instruct-2501,1,0,1,0,neutral,0.0,10.0,0.0
2026-08-06 20:32:26,IA-n01_m-mistral-small-24b_sol1_gd0_rs0_bd1_str-neutral_t00_n1,69,3,1,mistralai/Mistral-Small-24B-Instruct-2501,1,0,1,0,neutral,0.0,0.0,0.0
2026-08-06 20:32:43,IA-n01_m-mistral-small-24b_sol1_gd0_rs0_bd1_str-neutral_t00_n1,70,1,1,mistralai/Mistral-Small-24B-Instruct-2501,1,0,1,0,neutral,0.0,21.5,3.0
2026-08-06 20:32:56,IA-n01_m-mistral-small-24b_sol1_gd0_rs0_bd1_str-neutral_t00_n1,70,2,1,mistralai/Mistral-Small-24B-Instruct-2501,1,0,1,0,neutral,0.0,13.0,3.0
2026-08-06 20:33:13,IA-n01_m-mistral-small-24b_sol1_gd0_rs0_bd1_str-neutral_t00_n1,70,3,1,mistralai/Mistral-Small-24B-Instruct-2501,1,0,1,0,neutral,0.0,12.5,0.0
2026-08-06 20:33:29,IA-n01_m-mistral-small-24b_sol1_gd0_rs0_bd1_str-neutral_t00_n1,71,1,1,mistralai/Mistral-Small-24B-Instruct-2501,1,0,1,0,neutral,0.0,10.5,0.0
2026-08-06 20:33:44,IA-n01_m-mistral-small-24b_sol1_gd0_rs0_bd1_str-neutral_t00_n1,71,2,1,mistralai/Mistral-Small-24B-Instruct-2501,1,0,1,0,neutral,0.0,10.0,0.0
2026-08-06 20:34:00,IA-n01_m-mistral-small-24b_sol1_gd0_rs0_bd1_str-neutral_t00_n1,71,3,1,mistralai/Mistral-Small-24B-Instruct-2501,1,0,1,0,neutral,0.0,0.0,0.0
2026-08-06 20:34:18,IA-n01_m-mistral-small-24b_sol1_gd0_rs0_bd1_str-neutral_t00_n1,72,1,1,mistralai/Mistral-Small-24B-Instruct-2501,1,0,1,0,neutral,0.0,20.5,0.0
2026-08-06 20:34:29,IA-n01_m-mistral-small-24b_sol1_gd0_rs0_bd1_str-neutral_t00_n1,72,2,1,mistralai/Mistral-Small-24B-Instruct-2501,1,0,1,0,neutral,0.0,0.0,0.0
2026-08-06 20:34:45,IA-n01_m-mistral-small-24b_sol1_gd0_rs0_bd1_str-neutral_t00_n1,72,3,1,mistralai/Mistral-Small-24B-Instruct-2501,1,0,1,0,neutral,0.0,10.5,0.0
2026-08-06 20:35:03,IA-n01_m-mistral-small-24b_sol1_gd0_rs0_bd1_str-neutral_t00_n1,73,1,1,mistralai/Mistral-Small-24B-Instruct-2501,1,0,1,0,neutral,0.0,10.5,0.0
2026-08-06 20:35:18,IA-n01_m-mistral-small-24b_sol1_gd0_rs0_bd1_str-neutral_t00_n1,73,2,1,mistralai/Mistral-Small-24B-Instruct-2501,1,0,1,0,neutral,0.0,10.0,0.0
2026-08-06 20:35:37,IA-n01_m-mistral-small-24b_sol1_gd0_rs0_bd1_str-neutral_t00_n1,73,3,1,mistralai/Mistral-Small-24B-Instruct-2501,1,0,1,0,neutral,0.0,1.5,0.0
2026-08-06 20:35:55,IA-n01_m-mistral-small-24b_sol1_gd0_rs0_bd1_str-neutral_t00_n1,74,1,1,mistralai/Mistral-Small-24B-Instruct-2501,1,0,1,0,neutral,0.0,12.5,0.0
2026-08-06 20:36:08,IA-n01_m-mistral-small-24b_sol1_gd0_rs0_bd1_str-neutral_t00_n1,74,2,1,mistralai/Mistral-Small-24B-Instruct-2501,1,0,1,0,neutral,0.0,12.0,0.0
2026-08-06 20:36:24,IA-n01_m-mistral-small-24b_sol1_gd0_rs0_bd1_str-neutral_t00_n1,74,3,1,mistralai/Mistral-Small-24B-Instruct-2501,1,0,1,0,neutral,0.0,10.5,0.0
2026-08-06 20:36:41,IA-n01_m-mistral-small-24b_sol1_gd0_rs0_bd1_str-neutral_t00_n1,75,1,1,mistralai/Mistral-Small-24B-Instruct-2501,1,0,1,0,neutral,0.0,14.5,0.0
2026-08-06 20:36:58,IA-n01_m-mistral-small-24b_sol1_gd0_rs0_bd1_str-neutral_t00_n1,75,3,1,mistralai/Mistral-Small-24B-Instruct-2501,1,0,1,0,neutral,0.0,10.5,0.0
2026-08-06 20:37:12,IA-n01_m-mistral-small-24b_sol1_gd0_rs0_bd1_str-neutral_t00_n1,76,1,1,mistralai/Mistral-Small-24B-Instruct-2501,1,0,1,0,neutral,0.0,0.0,0.0
2026-08-06 20:37:25,IA-n01_m-mistral-small-24b_sol1_gd0_rs0_bd1_str-neutral_t00_n1,76,2,1,mistralai/Mistral-Small-24B-Instruct-2501,1,0,1,0,neutral,0.0,10.0,0.0
2026-08-06 20:37:40,IA-n01_m-mistral-small-24b_sol1_gd0_rs0_bd1_str-neutral_t00_n1,76,3,1,mistralai/Mistral-Small-24B-Instruct-2501,1,0,1,0,neutral,0.0,0.0,0.0
2026-08-06 20:37:59,IA-n01_m-mistral-small-24b_sol1_gd0_rs0_bd1_str-neutral_t00_n1,77,1,1,mistralai/Mistral-Small-24B-Instruct-2501,1,0,1,0,neutral,0.0,13.5,0.0
2026-08-06 20:38:15,IA-n01_m-mistral-small-24b_sol1_gd0_rs0_bd1_str-neutral_t00_n1,78,1,1,mistralai/Mistral-Small-24B-Instruct-2501,1,0,1,0,neutral,0.0,10.5,0.0
2026-08-06 20:38:35,IA-n01_m-mistral-small-24b_sol1_gd0_rs0_bd1_str-neutral_t00_n1,78,2,1,mistralai/Mistral-Small-24B-Instruct-2501,1,0,1,0,neutral,0.0,6.0,0.0
2026-08-06 20:38:51,IA-n01_m-mistral-small-24b_sol1_gd0_rs0_bd1_str-neutral_t00_n1,78,3,1,mistralai/Mistral-Small-24B-Instruct-2501,1,0,1,0,neutral,0.0,0.0,0.0
2026-08-06 20:39:10,IA-n01_m-mistral-small-24b_sol1_gd0_rs0_bd1_str-neutral_t00_n1,79,1,1,mistralai/Mistral-Small-24B-Instruct-2501,1,0,1,0,neutral,0.0,13.5,0.0
2026-08-06 20:39:23,IA-n01_m-mistral-small-24b_sol1_gd0_rs0_bd1_str-neutral_t00_n1,79,2,1,mistralai/Mistral-Small-24B-Instruct-2501,1,0,1,0,neutral,0.0,10.0,0.0
2026-08-06 20:39:41,IA-n01_m-mistral-small-24b_sol1_gd0_rs0_bd1_str-neutral_t00_n1,79,3,1,mistralai/Mistral-Small-24B-Instruct-2501,1,0,1,0,neutral,0.0,12.5,0.0
2026-08-06 20:39:58,IA-n01_m-mistral-small-24b_sol1_gd0_rs0_bd1_str-neutral_t00_n1,80,1,1,mistralai/Mistral-Small-24B-Instruct-2501,1,0,1,0,neutral,0.0,12.5,0.0
2026-08-06 20:40:13,IA-n01_m-mistral-small-24b_sol1_gd0_rs0_bd1_str-neutral_t00_n1,80,2,1,mistralai/Mistral-Small-24B-Instruct-2501,1,0,1,0,neutral,0.0,5.0,0.0
2026-08-06 20:40:29,IA-n01_m-mistral-small-24b_sol1_gd0_rs0_bd1_str-neutral_t00_n1,80,3,1,mistralai/Mistral-Small-24B-Instruct-2501,1,0,1,0,neutral,0.0,10.5,0.0
2026-08-06 20:40:48,IA-n01_m-mistral-small-24b_sol1_gd0_rs0_bd1_str-neutral_t00_n1,81,1,1,mistralai/Mistral-Small-24B-Instruct-2501,1,0,1,0,neutral,0.0,22.0,3.0
2026-08-06 20:41:02,IA-n01_m-mistral-small-24b_sol1_gd0_rs0_bd1_str-neutral_t00_n1,81,2,1,mistralai/Mistral-Small-24B-Instruct-2501,1,0,1,0,neutral,0.0,13.0,3.0
2026-08-06 20:41:19,IA-n01_m-mistral-small-24b_sol1_gd0_rs0_bd1_str-neutral_t00_n1,81,3,1,mistralai/Mistral-Small-24B-Instruct-2501,1,0,1,0,neutral,0.0,17.5,3.0
2026-08-06 20:41:37,IA-n01_m-mistral-small-24b_sol1_gd0_rs0_bd1_str-neutral_t00_n1,82,1,1,mistralai/Mistral-Small-24B-Instruct-2501,1,0,1,0,neutral,0.0,14.5,0.0
2026-08-06 20:41:55,IA-n01_m-mistral-small-24b_sol1_gd0_rs0_bd1_str-neutral_t00_n1,82,2,1,mistralai/Mistral-Small-24B-Instruct-2501,1,0,1,0,neutral,0.0,10.0,0.0
2026-08-06 20:42:13,IA-n01_m-mistral-small-24b_sol1_gd0_rs0_bd1_str-neutral_t00_n1,82,3,1,mistralai/Mistral-Small-24B-Instruct-2501,1,0,1,0,neutral,0.0,10.5,0.0
2026-08-06 20:42:29,IA-n01_m-mistral-small-24b_sol1_gd0_rs0_bd1_str-neutral_t00_n1,83,1,1,mistralai/Mistral-Small-24B-Instruct-2501,1,0,1,0,neutral,0.0,12.5,0.0
2026-08-06 20:42:43,IA-n01_m-mistral-small-24b_sol1_gd0_rs0_bd1_str-neutral_t00_n1,83,2,1,mistralai/Mistral-Small-24B-Instruct-2501,1,0,1,0,neutral,0.0,10.0,0.0
2026-08-06 20:43:00,IA-n01_m-mistral-small-24b_sol1_gd0_rs0_bd1_str-neutral_t00_n1,83,3,1,mistralai/Mistral-Small-24B-Instruct-2501,1,0,1,0,neutral,0.0,12.5,0.0
2026-08-06 20:43:16,IA-n01_m-mistral-small-24b_sol1_gd0_rs0_bd1_str-neutral_t00_n1,84,1,1,mistralai/Mistral-Small-24B-Instruct-2501,1,0,1,0,neutral,0.0,10.5,0.0
2026-08-06 20:43:35,IA-n01_m-mistral-small-24b_sol1_gd0_rs0_bd1_str-neutral_t00_n1,85,1,1,mistralai/Mistral-Small-24B-Instruct-2501,1,0,1,0,neutral,0.0,14.5,0.0
2026-08-06 20:43:49,IA-n01_m-mistral-small-24b_sol1_gd0_rs0_bd1_str-neutral_t00_n1,85,2,1,mistralai/Mistral-Small-24B-Instruct-2501,1,0,1,0,neutral,0.0,10.5,0.0
2026-08-06 20:44:06,IA-n01_m-mistral-small-24b_sol1_gd0_rs0_bd1_str-neutral_t00_n1,85,3,1,mistralai/Mistral-Small-24B-Instruct-2501,1,0,1,0,neutral,0.0,10.5,0.0
2026-08-06 20:44:25,IA-n01_m-mistral-small-24b_sol1_gd0_rs0_bd1_str-neutral_t00_n1,86,1,1,mistralai/Mistral-Small-24B-Instruct-2501,1,0,1,0,neutral,0.0,12.5,0.0
2026-08-06 20:44:39,IA-n01_m-mistral-small-24b_sol1_gd0_rs0_bd1_str-neutral_t00_n1,86,2,1,mistralai/Mistral-Small-24B-Instruct-2501,1,0,1,0,neutral,0.0,10.0,0.0
2026-08-06 20:44:56,IA-n01_m-mistral-small-24b_sol1_gd0_rs0_bd1_str-neutral_t00_n1,86,3,1,mistralai/Mistral-Small-24B-Instruct-2501,1,0,1,0,neutral,0.0,10.5,0.0
2026-08-06 20:45:12,IA-n01_m-mistral-small-24b_sol1_gd0_rs0_bd1_str-neutral_t00_n1,87,1,1,mistralai/Mistral-Small-24B-Instruct-2501,1,0,1,0,neutral,0.0,10.5,0.0
2026-08-06 20:45:24,IA-n01_m-mistral-small-24b_sol1_gd0_rs0_bd1_str-neutral_t00_n1,87,2,1,mistralai/Mistral-Small-24B-Instruct-2501,1,0,1,0,neutral,0.0,0.0,0.0
2026-08-06 20:45:41,IA-n01_m-mistral-small-24b_sol1_gd0_rs0_bd1_str-neutral_t00_n1,87,3,1,mistralai/Mistral-Small-24B-Instruct-2501,1,0,1,0,neutral,0.0,0.0,0.0
2026-08-06 20:46:00,IA-n01_m-mistral-small-24b_sol1_gd0_rs0_bd1_str-neutral_t00_n1,88,1,1,mistralai/Mistral-Small-24B-Instruct-2501,1,0,1,0,neutral,0.0,19.5,0.0
2026-08-06 20:46:14,IA-n01_m-mistral-small-24b_sol1_gd0_rs0_bd1_str-neutral_t00_n1,88,2,1,mistralai/Mistral-Small-24B-Instruct-2501,1,0,1,0,neutral,0.0,10.5,0.0
2026-08-06 20:46:30,IA-n01_m-mistral-small-24b_sol1_gd0_rs0_bd1_str-neutral_t00_n1,88,3,1,mistralai/Mistral-Small-24B-Instruct-2501,1,0,1,0,neutral,0.0,10.5,0.0
2026-08-06 20:46:47,IA-n01_m-mistral-small-24b_sol1_gd0_rs0_bd1_str-neutral_t00_n1,89,1,1,mistralai/Mistral-Small-24B-Instruct-2501,1,0,1,0,neutral,0.0,15.5,0.0
2026-08-06 20:47:09,IA-n01_m-mistral-small-24b_sol1_gd0_rs0_bd1_str-neutral_t00_n1,89,2,1,mistralai/Mistral-Small-24B-Instruct-2501,1,0,1,0,neutral,0.0,10.0,0.0
2026-08-06 20:47:26,IA-n01_m-mistral-small-24b_sol1_gd0_rs0_bd1_str-neutral_t00_n1,89,3,1,mistralai/Mistral-Small-24B-Instruct-2501,1,0,1,0,neutral,0.0,12.5,0.0
2026-08-06 20:47:44,IA-n01_m-mistral-small-24b_sol1_gd0_rs0_bd1_str-neutral_t00_n1,90,1,1,mistralai/Mistral-Small-24B-Instruct-2501,1,0,1,0,neutral,0.0,10.5,0.0
2026-08-06 20:47:57,IA-n01_m-mistral-small-24b_sol1_gd0_rs0_bd1_str-neutral_t00_n1,90,2,1,mistralai/Mistral-Small-24B-Instruct-2501,1,0,1,0,neutral,0.0,0.0,0.0
2026-08-06 20:48:13,IA-n01_m-mistral-small-24b_sol1_gd0_rs0_bd1_str-neutral_t00_n1,90,3,1,mistralai/Mistral-Small-24B-Instruct-2501,1,0,1,0,neutral,0.0,10.5,0.0
2026-08-06 20:48:30,IA-n01_m-mistral-small-24b_sol1_gd0_rs0_bd1_str-neutral_t00_n1,91,1,1,mistralai/Mistral-Small-24B-Instruct-2501,1,0,1,0,neutral,0.0,18.5,0.0
2026-08-06 20:48:44,IA-n01_m-mistral-small-24b_sol1_gd0_rs0_bd1_str-neutral_t00_n1,91,2,1,mistralai/Mistral-Small-24B-Instruct-2501,1,0,1,0,neutral,0.0,10.0,0.0
2026-08-06 20:49:03,IA-n01_m-mistral-small-24b_sol1_gd0_rs0_bd1_str-neutral_t00_n1,91,3,1,mistralai/Mistral-Small-24B-Instruct-2501,1,0,1,0,neutral,0.0,1.0,0.0
2026-08-06 20:49:19,IA-n01_m-mistral-small-24b_sol1_gd0_rs0_bd1_str-neutral_t00_n1,92,1,1,mistralai/Mistral-Small-24B-Instruct-2501,1,0,1,0,neutral,0.0,10.5,0.0
2026-08-06 20:49:39,IA-n01_m-mistral-small-24b_sol1_gd0_rs0_bd1_str-neutral_t00_n1,92,2,1,mistralai/Mistral-Small-24B-Instruct-2501,1,0,1,0,neutral,0.0,5.0,0.0
2026-08-06 20:49:56,IA-n01_m-mistral-small-24b_sol1_gd0_rs0_bd1_str-neutral_t00_n1,92,3,1,mistralai/Mistral-Small-24B-Instruct-2501,1,0,1,0,neutral,0.0,10.5,0.0
2026-08-06 20:50:14,IA-n01_m-mistral-small-24b_sol1_gd0_rs0_bd1_str-neutral_t00_n1,93,1,1,mistralai/Mistral-Small-24B-Instruct-2501,1,0,1,0,neutral,0.0,12.5,0.0
2026-08-06 20:50:29,IA-n01_m-mistral-small-24b_sol1_gd0_rs0_bd1_str-neutral_t00_n1,93,2,1,mistralai/Mistral-Small-24B-Instruct-2501,1,0,1,0,neutral,0.0,5.0,0.0
2026-08-06 20:50:46,IA-n01_m-mistral-small-24b_sol1_gd0_rs0_bd1_str-neutral_t00_n1,93,3,1,mistralai/Mistral-Small-24B-Instruct-2501,1,0,1,0,neutral,0.0,0.0,0.0
2026-08-06 20:51:02,IA-n01_m-mistral-small-24b_sol1_gd0_rs0_bd1_str-neutral_t00_n1,94,1,1,mistralai/Mistral-Small-24B-Instruct-2501,1,0,1,0,neutral,0.0,18.5,0.0
2026-08-06 20:51:17,IA-n01_m-mistral-small-24b_sol1_gd0_rs0_bd1_str-neutral_t00_n1,94,2,1,mistralai/Mistral-Small-24B-Instruct-2501,1,0,1,0,neutral,0.0,10.0,0.0
2026-08-06 20:51:32,IA-n01_m-mistral-small-24b_sol1_gd0_rs0_bd1_str-neutral_t00_n1,94,3,1,mistralai/Mistral-Small-24B-Instruct-2501,1,0,1,0,neutral,0.0,0.0,0.0
2026-08-06 20:51:49,IA-n01_m-mistral-small-24b_sol1_gd0_rs0_bd1_str-neutral_t00_n1,95,1,1,mistralai/Mistral-Small-24B-Instruct-2501,1,0,1,0,neutral,0.0,19.5,0.0
2026-08-06 20:52:03,IA-n01_m-mistral-small-24b_sol1_gd0_rs0_bd1_str-neutral_t00_n1,95,2,1,mistralai/Mistral-Small-24B-Instruct-2501,1,0,1,0,neutral,0.0,10.0,0.0
2026-08-06 20:52:21,IA-n01_m-mistral-small-24b_sol1_gd0_rs0_bd1_str-neutral_t00_n1,95,3,1,mistralai/Mistral-Small-24B-Instruct-2501,1,0,1,0,neutral,0.0,10.5,0.0
2026-08-06 20:52:38,IA-n01_m-mistral-small-24b_sol1_gd0_rs0_bd1_str-neutral_t00_n1,96,1,1,mistralai/Mistral-Small-24B-Instruct-2501,1,0,1,0,neutral,0.0,10.5,0.0
2026-08-06 20:52:56,IA-n01_m-mistral-small-24b_sol1_gd0_rs0_bd1_str-neutral_t00_n1,96,2,1,mistralai/Mistral-Small-24B-Instruct-2501,1,0,1,0,neutral,0.0,2.0,0.0
2026-08-06 20:53:13,IA-n01_m-mistral-small-24b_sol1_gd0_rs0_bd1_str-neutral_t00_n1,96,3,1,mistralai/Mistral-Small-24B-Instruct-2501,1,0,1,0,neutral,0.0,10.5,0.0
2026-08-06 20:53:29,IA-n01_m-mistral-small-24b_sol1_gd0_rs0_bd1_str-neutral_t00_n1,97,1,1,mistralai/Mistral-Small-24B-Instruct-2501,1,0,1,0,neutral,0.0,10.5,0.0
2026-08-06 20:53:46,IA-n01_m-mistral-small-24b_sol1_gd0_rs0_bd1_str-neutral_t00_n1,98,1,1,mistralai/Mistral-Small-24B-Instruct-2501,1,0,1,0,neutral,0.0,12.5,0.0
2026-08-06 20:54:06,IA-n01_m-mistral-small-24b_sol1_gd0_rs0_bd1_str-neutral_t00_n1,98,2,1,mistralai/Mistral-Small-24B-Instruct-2501,1,0,1,0,neutral,0.0,10.0,0.0
2026-08-06 20:54:22,IA-n01_m-mistral-small-24b_sol1_gd0_rs0_bd1_str-neutral_t00_n1,98,3,1,mistralai/Mistral-Small-24B-Instruct-2501,1,0,1,0,neutral,0.0,10.5,0.0
2026-08-06 20:54:41,IA-n01_m-mistral-small-24b_sol1_gd0_rs0_bd1_str-neutral_t00_n1,99,1,1,mistralai/Mistral-Small-24B-Instruct-2501,1,0,1,0,neutral,0.0,21.5,0.0
2026-08-06 20:54:53,IA-n01_m-mistral-small-24b_sol1_gd0_rs0_bd1_str-neutral_t00_n1,99,2,1,mistralai/Mistral-Small-24B-Instruct-2501,1,0,1,0,neutral,0.0,13.0,3.0
2026-08-06 20:55:11,IA-n01_m-mistral-small-24b_sol1_gd0_rs0_bd1_str-neutral_t00_n1,99,3,1,mistralai/Mistral-Small-24B-Instruct-2501,1,0,1,0,neutral,0.0,16.5,0.0
2026-08-06 20:55:28,IA-n01_m-mistral-small-24b_sol1_gd0_rs0_bd1_str-neutral_t00_n1,100,1,1,mistralai/Mistral-Small-24B-Instruct-2501,1,0,1,0,neutral,0.0,18.5,0.0
2026-08-06 20:55:43,IA-n01_m-mistral-small-24b_sol1_gd0_rs0_bd1_str-neutral_t00_n1,100,2,1,mistralai/Mistral-Small-24B-Instruct-2501,1,0,1,0,neutral,0.0,10.0,0.0
2026-08-06 20:56:01,IA-n01_m-mistral-small-24b_sol1_gd0_rs0_bd1_str-neutral_t00_n1,100,3,1,mistralai/Mistral-Small-24B-Instruct-2501,1,0,1,0,neutral,0.0,12.5,0.0
2026-08-06 20:56:18,IA-n01_m-mistral-small-24b_sol1_gd0_rs0_bd1_str-neutral_t00_n1,101,1,1,mistralai/Mistral-Small-24B-Instruct-2501,1,0,1,0,neutral,0.0,18.5,0.0
2026-08-06 20:56:31,IA-n01_m-mistral-small-24b_sol1_gd0_rs0_bd1_str-neutral_t00_n1,101,2,1,mistralai/Mistral-Small-24B-Instruct-2501,1,0,1,0,neutral,0.0,10.0,0.0
2026-08-06 20:56:48,IA-n01_m-mistral-small-24b_sol1_gd0_rs0_bd1_str-neutral_t00_n1,101,3,1,mistralai/Mistral-Small-24B-Instruct-2501,1,0,1,0,neutral,0.0,17.5,0.0
2026-08-06 20:57:05,IA-n01_m-mistral-small-24b_sol1_gd0_rs0_bd1_str-neutral_t00_n1,102,1,1,mistralai/Mistral-Small-24B-Instruct-2501,1,0,1,0,neutral,0.0,15.5,0.0
2026-08-06 20:57:21,IA-n01_m-mistral-small-24b_sol1_gd0_rs0_bd1_str-neutral_t00_n1,102,3,1,mistralai/Mistral-Small-24B-Instruct-2501,1,0,1,0,neutral,0.0,16.5,0.0
2026-08-06 20:57:39,IA-n01_m-mistral-small-24b_sol1_gd0_rs0_bd1_str-neutral_t00_n1,103,1,1,mistralai/Mistral-Small-24B-Instruct-2501,1,0,1,0,neutral,0.0,13.5,0.0
2026-08-06 20:57:52,IA-n01_m-mistral-small-24b_sol1_gd0_rs0_bd1_str-neutral_t00_n1,103,2,1,mistralai/Mistral-Small-24B-Instruct-2501,1,0,1,0,neutral,0.0,10.0,0.0
2026-08-06 20:58:10,IA-n01_m-mistral-small-24b_sol1_gd0_rs0_bd1_str-neutral_t00_n1,103,3,1,mistralai/Mistral-Small-24B-Instruct-2501,1,0,1,0,neutral,0.0,10.5,0.0
2026-08-06 20:58:29,IA-n01_m-mistral-small-24b_sol1_gd0_rs0_bd1_str-neutral_t00_n1,104,1,1,mistralai/Mistral-Small-24B-Instruct-2501,1,0,1,0,neutral,0.0,14.5,0.0
2026-08-06 20:58:44,IA-n01_m-mistral-small-24b_sol1_gd0_rs0_bd1_str-neutral_t00_n1,104,2,1,mistralai/Mistral-Small-24B-Instruct-2501,1,0,1,0,neutral,0.0,10.0,0.0
2026-08-06 20:59:01,IA-n01_m-mistral-small-24b_sol1_gd0_rs0_bd1_str-neutral_t00_n1,104,3,1,mistralai/Mistral-Small-24B-Instruct-2501,1,0,1,0,neutral,0.0,14.5,0.0
2026-08-06 20:59:20,IA-n01_m-mistral-small-24b_sol1_gd0_rs0_bd1_str-neutral_t00_n1,105,1,1,mistralai/Mistral-Small-24B-Instruct-2501,1,0,1,0,neutral,0.0,15.5,0.0
2026-08-06 20:59:34,IA-n01_m-mistral-small-24b_sol1_gd0_rs0_bd1_str-neutral_t00_n1,105,2,1,mistralai/Mistral-Small-24B-Instruct-2501,1,0,1,0,neutral,0.0,10.0,0.0
2026-08-06 20:59:53,IA-n01_m-mistral-small-24b_sol1_gd0_rs0_bd1_str-neutral_t00_n1,105,3,1,mistralai/Mistral-Small-24B-Instruct-2501,1,0,1,0,neutral,0.0,0.0,0.0
2026-08-06 21:00:11,IA-n01_m-mistral-small-24b_sol1_gd0_rs0_bd1_str-neutral_t00_n1,106,1,1,mistralai/Mistral-Small-24B-Instruct-2501,1,0,1,0,neutral,0.0,19.5,0.0
2026-08-06 21:00:25,IA-n01_m-mistral-small-24b_sol1_gd0_rs0_bd1_str-neutral_t00_n1,106,2,1,mistralai/Mistral-Small-24B-Instruct-2501,1,0,1,0,neutral,0.0,10.5,0.0
2026-08-06 21:00:43,IA-n01_m-mistral-small-24b_sol1_gd0_rs0_bd1_str-neutral_t00_n1,106,3,1,mistralai/Mistral-Small-24B-Instruct-2501,1,0,1,0,neutral,0.0,12.5,0.0
2026-08-06 21:01:02,IA-n01_m-mistral-small-24b_sol1_gd0_rs0_bd1_str-neutral_t00_n1,107,1,1,mistralai/Mistral-Small-24B-Instruct-2501,1,0,1,0,neutral,0.0,19.5,0.0
2026-08-06 21:01:16,IA-n01_m-mistral-small-24b_sol1_gd0_rs0_bd1_str-neutral_t00_n1,107,2,1,mistralai/Mistral-Small-24B-Instruct-2501,1,0,1,0,neutral,0.0,10.0,0.0
2026-08-06 21:01:32,IA-n01_m-mistral-small-24b_sol1_gd0_rs0_bd1_str-neutral_t00_n1,108,1,1,mistralai/Mistral-Small-24B-Instruct-2501,1,0,1,0,neutral,0.0,1.5,0.0
2026-08-06 21:01:47,IA-n01_m-mistral-small-24b_sol1_gd0_rs0_bd1_str-neutral_t00_n1,108,2,1,mistralai/Mistral-Small-24B-Instruct-2501,1,0,1,0,neutral,0.0,10.0,0.0
2026-08-06 21:02:03,IA-n01_m-mistral-small-24b_sol1_gd0_rs0_bd1_str-neutral_t00_n1,108,3,1,mistralai/Mistral-Small-24B-Instruct-2501,1,0,1,0,neutral,0.0,0.0,0.0
2026-08-06 21:02:21,IA-n01_m-mistral-small-24b_sol1_gd0_rs0_bd1_str-neutral_t00_n1,109,1,1,mistralai/Mistral-Small-24B-Instruct-2501,1,0,1,0,neutral,0.0,14.5,0.0
2026-08-06 21:02:35,IA-n01_m-mistral-small-24b_sol1_gd0_rs0_bd1_str-neutral_t00_n1,109,2,1,mistralai/Mistral-Small-24B-Instruct-2501,1,0,1,0,neutral,0.0,10.0,0.0
2026-08-06 21:02:53,IA-n01_m-mistral-small-24b_sol1_gd0_rs0_bd1_str-neutral_t00_n1,109,3,1,mistralai/Mistral-Small-24B-Instruct-2501,1,0,1,0,neutral,0.0,10.5,0.0
2026-08-06 21:03:12,IA-n01_m-mistral-small-24b_sol1_gd0_rs0_bd1_str-neutral_t00_n1,110,1,1,mistralai/Mistral-Small-24B-Instruct-2501,1,0,1,0,neutral,0.0,16.5,0.0
2026-08-06 21:03:27,IA-n01_m-mistral-small-24b_sol1_gd0_rs0_bd1_str-neutral_t00_n1,110,2,1,mistralai/Mistral-Small-24B-Instruct-2501,1,0,1,0,neutral,0.0,10.0,0.0
2026-08-06 21:03:45,IA-n01_m-mistral-small-24b_sol1_gd0_rs0_bd1_str-neutral_t00_n1,110,3,1,mistralai/Mistral-Small-24B-Instruct-2501,1,0,1,0,neutral,0.0,14.5,0.0
2026-08-06 21:04:03,IA-n01_m-mistral-small-24b_sol1_gd0_rs0_bd1_str-neutral_t00_n1,111,1,1,mistralai/Mistral-Small-24B-Instruct-2501,1,0,1,0,neutral,0.0,14.5,0.0
2026-08-06 21:04:16,IA-n01_m-mistral-small-24b_sol1_gd0_rs0_bd1_str-neutral_t00_n1,111,2,1,mistralai/Mistral-Small-24B-Instruct-2501,1,0,1,0,neutral,0.0,10.5,0.0
2026-08-06 21:04:33,IA-n01_m-mistral-small-24b_sol1_gd0_rs0_bd1_str-neutral_t00_n1,111,3,1,mistralai/Mistral-Small-24B-Instruct-2501,1,0,1,0,neutral,0.0,10.5,0.0
2026-08-06 21:04:52,IA-n01_m-mistral-small-24b_sol1_gd0_rs0_bd1_str-neutral_t00_n1,112,1,1,mistralai/Mistral-Small-24B-Instruct-2501,1,0,1,0,neutral,0.0,16.5,0.0
2026-08-06 21:05:06,IA-n01_m-mistral-small-24b_sol1_gd0_rs0_bd1_str-neutral_t00_n1,112,2,1,mistralai/Mistral-Small-24B-Instruct-2501,1,0,1,0,neutral,0.0,10.5,0.0
2026-08-06 21:05:22,IA-n01_m-mistral-small-24b_sol1_gd0_rs0_bd1_str-neutral_t00_n1,112,3,1,mistralai/Mistral-Small-24B-Instruct-2501,1,0,1,0,neutral,0.0,10.5,0.0
2026-08-06 21:05:40,IA-n01_m-mistral-small-24b_sol1_gd0_rs0_bd1_str-neutral_t00_n1,113,1,1,mistralai/Mistral-Small-24B-Instruct-2501,1,0,1,0,neutral,0.0,22.5,3.0
2026-08-06 21:05:54,IA-n01_m-mistral-small-24b_sol1_gd0_rs0_bd1_str-neutral_t00_n1,113,2,1,mistralai/Mistral-Small-24B-Instruct-2501,1,0,1,0,neutral,0.0,13.0,3.0
2026-08-06 21:06:10,IA-n01_m-mistral-small-24b_sol1_gd0_rs0_bd1_str-neutral_t00_n1,113,3,1,mistralai/Mistral-Small-24B-Instruct-2501,1,0,1,0,neutral,0.0,17.5,0.0
2026-08-06 21:06:27,IA-n01_m-mistral-small-24b_sol1_gd0_rs0_bd1_str-neutral_t00_n1,114,1,1,mistralai/Mistral-Small-24B-Instruct-2501,1,0,1,0,neutral,0.0,10.5,0.0
2026-08-06 21:06:42,IA-n01_m-mistral-small-24b_sol1_gd0_rs0_bd1_str-neutral_t00_n1,114,2,1,mistralai/Mistral-Small-24B-Instruct-2501,1,0,1,0,neutral,0.0,12.0,0.0
2026-08-06 21:06:58,IA-n01_m-mistral-small-24b_sol1_gd0_rs0_bd1_str-neutral_t00_n1,114,3,1,mistralai/Mistral-Small-24B-Instruct-2501,1,0,1,0,neutral,0.0,10.5,0.0
2026-08-06 21:07:16,IA-n01_m-mistral-small-24b_sol1_gd0_rs0_bd1_str-neutral_t00_n1,115,1,1,mistralai/Mistral-Small-24B-Instruct-2501,1,0,1,0,neutral,0.0,12.5,0.0
2026-08-06 21:07:29,IA-n01_m-mistral-small-24b_sol1_gd0_rs0_bd1_str-neutral_t00_n1,115,2,1,mistralai/Mistral-Small-24B-Instruct-2501,1,0,1,0,neutral,0.0,6.0,0.0
2026-08-06 21:07:46,IA-n01_m-mistral-small-24b_sol1_gd0_rs0_bd1_str-neutral_t00_n1,115,3,1,mistralai/Mistral-Small-24B-Instruct-2501,1,0,1,0,neutral,0.0,10.5,0.0
2026-08-06 21:08:04,IA-n01_m-mistral-small-24b_sol1_gd0_rs0_bd1_str-neutral_t00_n1,116,1,1,mistralai/Mistral-Small-24B-Instruct-2501,1,0,1,0,neutral,0.0,10.5,0.0
2026-08-06 21:08:21,IA-n01_m-mistral-small-24b_sol1_gd0_rs0_bd1_str-neutral_t00_n1,116,2,1,mistralai/Mistral-Small-24B-Instruct-2501,1,0,1,0,neutral,0.0,4.0,0.0
2026-08-06 21:08:40,IA-n01_m-mistral-small-24b_sol1_gd0_rs0_bd1_str-neutral_t00_n1,116,3,1,mistralai/Mistral-Small-24B-Instruct-2501,1,0,1,0,neutral,0.0,0.0,0.0
2026-08-06 21:08:57,IA-n01_m-mistral-small-24b_sol1_gd0_rs0_bd1_str-neutral_t00_n1,117,1,1,mistralai/Mistral-Small-24B-Instruct-2501,1,0,1,0,neutral,0.0,10.5,0.0
2026-08-06 21:09:11,IA-n01_m-mistral-small-24b_sol1_gd0_rs0_bd1_str-neutral_t00_n1,117,2,1,mistralai/Mistral-Small-24B-Instruct-2501,1,0,1,0,neutral,0.0,10.0,0.0
2026-08-06 21:09:28,IA-n01_m-mistral-small-24b_sol1_gd0_rs0_bd1_str-neutral_t00_n1,117,3,1,mistralai/Mistral-Small-24B-Instruct-2501,1,0,1,0,neutral,0.0,0.0,0.0
2026-08-06 21:09:45,IA-n01_m-mistral-small-24b_sol1_gd0_rs0_bd1_str-neutral_t00_n1,118,1,1,mistralai/Mistral-Small-24B-Instruct-2501,1,0,1,0,neutral,0.0,10.5,0.0
2026-08-06 21:10:00,IA-n01_m-mistral-small-24b_sol1_gd0_rs0_bd1_str-neutral_t00_n1,118,2,1,mistralai/Mistral-Small-24B-Instruct-2501,1,0,1,0,neutral,0.0,10.0,0.0
2026-08-06 21:10:19,IA-n01_m-mistral-small-24b_sol1_gd0_rs0_bd1_str-neutral_t00_n1,118,3,1,mistralai/Mistral-Small-24B-Instruct-2501,1,0,1,0,neutral,0.0,1.0,0.0
2026-08-06 21:10:36,IA-n01_m-mistral-small-24b_sol1_gd0_rs0_bd1_str-neutral_t00_n1,119,1,1,mistralai/Mistral-Small-24B-Instruct-2501,1,0,1,0,neutral,0.0,22.5,3.0
2026-08-06 21:10:50,IA-n01_m-mistral-small-24b_sol1_gd0_rs0_bd1_str-neutral_t00_n1,119,2,1,mistralai/Mistral-Small-24B-Instruct-2501,1,0,1,0,neutral,0.0,13.0,3.0
2026-08-06 21:11:06,IA-n01_m-mistral-small-24b_sol1_gd0_rs0_bd1_str-neutral_t00_n1,119,3,1,mistralai/Mistral-Small-24B-Instruct-2501,1,0,1,0,neutral,0.0,18.5,3.0
2026-08-06 21:11:23,IA-n01_m-mistral-small-24b_sol1_gd0_rs0_bd1_str-neutral_t00_n1,120,1,1,mistralai/Mistral-Small-24B-Instruct-2501,1,0,1,0,neutral,0.0,10.5,0.0
2026-08-06 21:11:36,IA-n01_m-mistral-small-24b_sol1_gd0_rs0_bd1_str-neutral_t00_n1,120,2,1,mistralai/Mistral-Small-24B-Instruct-2501,1,0,1,0,neutral,0.0,10.0,0.0
2026-08-06 21:11:54,IA-n01_m-mistral-small-24b_sol1_gd0_rs0_bd1_str-neutral_t00_n1,120,3,1,mistralai/Mistral-Small-24B-Instruct-2501,1,0,1,0,neutral,0.0,1.5,0.0
2026-08-06 21:12:10,IA-n01_m-mistral-small-24b_sol1_gd0_rs0_bd1_str-neutral_t00_n1,121,1,1,mistralai/Mistral-Small-24B-Instruct-2501,1,0,1,0,neutral,0.0,10.5,0.0
2026-08-06 21:12:27,IA-n01_m-mistral-small-24b_sol1_gd0_rs0_bd1_str-neutral_t00_n1,121,2,1,mistralai/Mistral-Small-24B-Instruct-2501,1,0,1,0,neutral,0.0,2.0,0.0
2026-08-06 21:12:43,IA-n01_m-mistral-small-24b_sol1_gd0_rs0_bd1_str-neutral_t00_n1,121,3,1,mistralai/Mistral-Small-24B-Instruct-2501,1,0,1,0,neutral,0.0,12.5,0.0
2026-08-06 21:13:02,IA-n01_m-mistral-small-24b_sol1_gd0_rs0_bd1_str-neutral_t00_n1,122,1,1,mistralai/Mistral-Small-24B-Instruct-2501,1,0,1,0,neutral,0.0,15.5,0.0
2026-08-06 21:13:17,IA-n01_m-mistral-small-24b_sol1_gd0_rs0_bd1_str-neutral_t00_n1,122,2,1,mistralai/Mistral-Small-24B-Instruct-2501,1,0,1,0,neutral,0.0,10.0,0.0
2026-08-06 21:13:32,IA-n01_m-mistral-small-24b_sol1_gd0_rs0_bd1_str-neutral_t00_n1,122,3,1,mistralai/Mistral-Small-24B-Instruct-2501,1,0,1,0,neutral,0.0,0.0,0.0
2026-08-06 21:13:49,IA-n01_m-mistral-small-24b_sol1_gd0_rs0_bd1_str-neutral_t00_n1,123,1,1,mistralai/Mistral-Small-24B-Instruct-2501,1,0,1,0,neutral,0.0,10.5,0.0
2026-08-06 21:14:08,IA-n01_m-mistral-small-24b_sol1_gd0_rs0_bd1_str-neutral_t00_n1,123,2,1,mistralai/Mistral-Small-24B-Instruct-2501,1,0,1,0,neutral,0.0,5.0,0.0
2026-08-06 21:14:24,IA-n01_m-mistral-small-24b_sol1_gd0_rs0_bd1_str-neutral_t00_n1,123,3,1,mistralai/Mistral-Small-24B-Instruct-2501,1,0,1,0,neutral,0.0,10.5,0.0
2026-08-06 21:14:41,IA-n01_m-mistral-small-24b_sol1_gd0_rs0_bd1_str-neutral_t00_n1,124,1,1,mistralai/Mistral-Small-24B-Instruct-2501,1,0,1,0,neutral,0.0,16.5,0.0
2026-08-06 21:14:55,IA-n01_m-mistral-small-24b_sol1_gd0_rs0_bd1_str-neutral_t00_n1,124,2,1,mistralai/Mistral-Small-24B-Instruct-2501,1,0,1,0,neutral,0.0,10.0,0.0
2026-08-06 21:15:12,IA-n01_m-mistral-small-24b_sol1_gd0_rs0_bd1_str-neutral_t00_n1,124,3,1,mistralai/Mistral-Small-24B-Instruct-2501,1,0,1,0,neutral,0.0,10.5,0.0
2026-08-06 21:15:29,IA-n01_m-mistral-small-24b_sol1_gd0_rs0_bd1_str-neutral_t00_n1,125,1,1,mistralai/Mistral-Small-24B-Instruct-2501,1,0,1,0,neutral,0.0,15.5,0.0
2026-08-06 21:15:41,IA-n01_m-mistral-small-24b_sol1_gd0_rs0_bd1_str-neutral_t00_n1,125,2,1,mistralai/Mistral-Small-24B-Instruct-2501,1,0,1,0,neutral,0.0,10.0,0.0
2026-08-06 21:15:57,IA-n01_m-mistral-small-24b_sol1_gd0_rs0_bd1_str-neutral_t00_n1,125,3,1,mistralai/Mistral-Small-24B-Instruct-2501,1,0,1,0,neutral,0.0,0.0,0.0
2026-08-06 21:16:15,IA-n01_m-mistral-small-24b_sol1_gd0_rs0_bd1_str-neutral_t00_n1,126,1,1,mistralai/Mistral-Small-24B-Instruct-2501,1,0,1,0,neutral,0.0,13.5,0.0
2026-08-06 21:16:30,IA-n01_m-mistral-small-24b_sol1_gd0_rs0_bd1_str-neutral_t00_n1,126,2,1,mistralai/Mistral-Small-24B-Instruct-2501,1,0,1,0,neutral,0.0,10.0,0.0
2026-08-06 21:16:45,IA-n01_m-mistral-small-24b_sol1_gd0_rs0_bd1_str-neutral_t00_n1,126,3,1,mistralai/Mistral-Small-24B-Instruct-2501,1,0,1,0,neutral,0.0,0.0,0.0
2026-08-06 21:17:02,IA-n01_m-mistral-small-24b_sol1_gd0_rs0_bd1_str-neutral_t00_n1,127,1,1,mistralai/Mistral-Small-24B-Instruct-2501,1,0,1,0,neutral,0.0,14.5,0.0
2026-08-06 21:17:17,IA-n01_m-mistral-small-24b_sol1_gd0_rs0_bd1_str-neutral_t00_n1,127,2,1,mistralai/Mistral-Small-24B-Instruct-2501,1,0,1,0,neutral,0.0,10.0,0.0
2026-08-06 21:17:34,IA-n01_m-mistral-small-24b_sol1_gd0_rs0_bd1_str-neutral_t00_n1,127,3,1,mistralai/Mistral-Small-24B-Instruct-2501,1,0,1,0,neutral,0.0,10.5,0.0
2026-08-06 21:17:53,IA-n01_m-mistral-small-24b_sol1_gd0_rs0_bd1_str-neutral_t00_n1,128,1,1,mistralai/Mistral-Small-24B-Instruct-2501,1,0,1,0,neutral,0.0,15.5,0.0
2026-08-06 21:18:08,IA-n01_m-mistral-small-24b_sol1_gd0_rs0_bd1_str-neutral_t00_n1,128,2,1,mistralai/Mistral-Small-24B-Instruct-2501,1,0,1,0,neutral,0.0,10.0,0.0
2026-08-06 21:18:26,IA-n01_m-mistral-small-24b_sol1_gd0_rs0_bd1_str-neutral_t00_n1,128,3,1,mistralai/Mistral-Small-24B-Instruct-2501,1,0,1,0,neutral,0.0,10.5,0.0
2026-08-06 21:18:45,IA-n01_m-mistral-small-24b_sol1_gd0_rs0_bd1_str-neutral_t00_n1,129,1,1,mistralai/Mistral-Small-24B-Instruct-2501,1,0,1,0,neutral,0.0,20.5,0.0
2026-08-06 21:18:59,IA-n01_m-mistral-small-24b_sol1_gd0_rs0_bd1_str-neutral_t00_n1,129,2,1,mistralai/Mistral-Small-24B-Instruct-2501,1,0,1,0,neutral,0.0,12.0,0.0
2026-08-06 21:19:17,IA-n01_m-mistral-small-24b_sol1_gd0_rs0_bd1_str-neutral_t00_n1,129,3,1,mistralai/Mistral-Small-24B-Instruct-2501,1,0,1,0,neutral,0.0,16.5,3.0
2026-08-06 21:19:35,IA-n01_m-mistral-small-24b_sol1_gd0_rs0_bd1_str-neutral_t00_n1,130,1,1,mistralai/Mistral-Small-24B-Instruct-2501,1,0,1,0,neutral,0.0,16.5,0.0
2026-08-06 21:19:55,IA-n01_m-mistral-small-24b_sol1_gd0_rs0_bd1_str-neutral_t00_n1,130,2,1,mistralai/Mistral-Small-24B-Instruct-2501,1,0,1,0,neutral,0.0,10.0,0.0
2026-08-06 21:20:14,IA-n01_m-mistral-small-24b_sol1_gd0_rs0_bd1_str-neutral_t00_n1,130,3,1,mistralai/Mistral-Small-24B-Instruct-2501,1,0,1,0,neutral,0.0,12.5,0.0
2026-08-06 21:20:31,IA-n01_m-mistral-small-24b_sol1_gd0_rs0_bd1_str-neutral_t00_n1,131,1,1,mistralai/Mistral-Small-24B-Instruct-2501,1,0,1,0,neutral,0.0,14.5,0.0
2026-08-06 21:20:45,IA-n01_m-mistral-small-24b_sol1_gd0_rs0_bd1_str-neutral_t00_n1,131,2,1,mistralai/Mistral-Small-24B-Instruct-2501,1,0,1,0,neutral,0.0,10.0,0.0
2026-08-06 21:21:01,IA-n01_m-mistral-small-24b_sol1_gd0_rs0_bd1_str-neutral_t00_n1,131,3,1,mistralai/Mistral-Small-24B-Instruct-2501,1,0,1,0,neutral,0.0,12.5,0.0
2026-08-06 21:21:18,IA-n01_m-mistral-small-24b_sol1_gd0_rs0_bd1_str-neutral_t00_n1,132,1,1,mistralai/Mistral-Small-24B-Instruct-2501,1,0,1,0,neutral,0.0,12.5,0.0
2026-08-06 21:21:32,IA-n01_m-mistral-small-24b_sol1_gd0_rs0_bd1_str-neutral_t00_n1,132,2,1,mistralai/Mistral-Small-24B-Instruct-2501,1,0,1,0,neutral,0.0,10.0,0.0
2026-08-06 21:21:49,IA-n01_m-mistral-small-24b_sol1_gd0_rs0_bd1_str-neutral_t00_n1,132,3,1,mistralai/Mistral-Small-24B-Instruct-2501,1,0,1,0,neutral,0.0,14.5,0.0
2026-08-06 21:22:07,IA-n01_m-mistral-small-24b_sol1_gd0_rs0_bd1_str-neutral_t00_n1,133,1,1,mistralai/Mistral-Small-24B-Instruct-2501,1,0,1,0,neutral,0.0,18.5,0.0
2026-08-06 21:22:23,IA-n01_m-mistral-small-24b_sol1_gd0_rs0_bd1_str-neutral_t00_n1,133,2,1,mistralai/Mistral-Small-24B-Instruct-2501,1,0,1,0,neutral,0.0,10.0,0.0
2026-08-06 21:22:39,IA-n01_m-mistral-small-24b_sol1_gd0_rs0_bd1_str-neutral_t00_n1,133,3,1,mistralai/Mistral-Small-24B-Instruct-2501,1,0,1,0,neutral,0.0,14.5,0.0
2026-08-06 21:22:56,IA-n01_m-mistral-small-24b_sol1_gd0_rs0_bd1_str-neutral_t00_n1,134,1,1,mistralai/Mistral-Small-24B-Instruct-2501,1,0,1,0,neutral,0.0,17.5,0.0
2026-08-06 21:23:11,IA-n01_m-mistral-small-24b_sol1_gd0_rs0_bd1_str-neutral_t00_n1,134,2,1,mistralai/Mistral-Small-24B-Instruct-2501,1,0,1,0,neutral,0.0,10.5,0.0
2026-08-06 21:23:28,IA-n01_m-mistral-small-24b_sol1_gd0_rs0_bd1_str-neutral_t00_n1,134,3,1,mistralai/Mistral-Small-24B-Instruct-2501,1,0,1,0,neutral,0.0,0.0,0.0
2026-08-06 21:23:48,IA-n01_m-mistral-small-24b_sol1_gd0_rs0_bd1_str-neutral_t00_n1,135,1,1,mistralai/Mistral-Small-24B-Instruct-2501,1,0,1,0,neutral,0.0,20.5,0.0
2026-08-06 21:24:00,IA-n01_m-mistral-small-24b_sol1_gd0_rs0_bd1_str-neutral_t00_n1,135,2,1,mistralai/Mistral-Small-24B-Instruct-2501,1,0,1,0,neutral,0.0,10.0,3.0
2026-08-06 21:24:16,IA-n01_m-mistral-small-24b_sol1_gd0_rs0_bd1_str-neutral_t00_n1,135,3,1,mistralai/Mistral-Small-24B-Instruct-2501,1,0,1,0,neutral,0.0,16.5,0.0
2026-08-06 21:24:34,IA-n01_m-mistral-small-24b_sol1_gd0_rs0_bd1_str-neutral_t00_n1,136,1,1,mistralai/Mistral-Small-24B-Instruct-2501,1,0,1,0,neutral,0.0,14.5,0.0
2026-08-06 21:24:49,IA-n01_m-mistral-small-24b_sol1_gd0_rs0_bd1_str-neutral_t00_n1,136,2,1,mistralai/Mistral-Small-24B-Instruct-2501,1,0,1,0,neutral,0.0,10.0,0.0
2026-08-06 21:25:05,IA-n01_m-mistral-small-24b_sol1_gd0_rs0_bd1_str-neutral_t00_n1,136,3,1,mistralai/Mistral-Small-24B-Instruct-2501,1,0,1,0,neutral,0.0,12.5,0.0
2026-08-06 21:25:21,IA-n01_m-mistral-small-24b_sol1_gd0_rs0_bd1_str-neutral_t00_n1,137,1,1,mistralai/Mistral-Small-24B-Instruct-2501,1,0,1,0,neutral,0.0,13.5,0.0
2026-08-06 21:25:35,IA-n01_m-mistral-small-24b_sol1_gd0_rs0_bd1_str-neutral_t00_n1,137,2,1,mistralai/Mistral-Small-24B-Instruct-2501,1,0,1,0,neutral,0.0,10.0,0.0
2026-08-06 21:25:52,IA-n01_m-mistral-small-24b_sol1_gd0_rs0_bd1_str-neutral_t00_n1,137,3,1,mistralai/Mistral-Small-24B-Instruct-2501,1,0,1,0,neutral,0.0,10.5,0.0
2026-08-06 21:26:10,IA-n01_m-mistral-small-24b_sol1_gd0_rs0_bd1_str-neutral_t00_n1,138,1,1,mistralai/Mistral-Small-24B-Instruct-2501,1,0,1,0,neutral,0.0,20.5,0.0
2026-08-06 21:26:25,IA-n01_m-mistral-small-24b_sol1_gd0_rs0_bd1_str-neutral_t00_n1,138,2,1,mistralai/Mistral-Small-24B-Instruct-2501,1,0,1,0,neutral,0.0,12.0,0.0
2026-08-06 21:26:43,IA-n01_m-mistral-small-24b_sol1_gd0_rs0_bd1_str-neutral_t00_n1,138,3,1,mistralai/Mistral-Small-24B-Instruct-2501,1,0,1,0,neutral,0.0,1.0,0.0
2026-08-06 21:27:01,IA-n01_m-mistral-small-24b_sol1_gd0_rs0_bd1_str-neutral_t00_n1,139,1,1,mistralai/Mistral-Small-24B-Instruct-2501,1,0,1,0,neutral,0.0,15.5,0.0
2026-08-06 21:27:15,IA-n01_m-mistral-small-24b_sol1_gd0_rs0_bd1_str-neutral_t00_n1,139,2,1,mistralai/Mistral-Small-24B-Instruct-2501,1,0,1,0,neutral,0.0,10.5,0.0
2026-08-06 21:27:33,IA-n01_m-mistral-small-24b_sol1_gd0_rs0_bd1_str-neutral_t00_n1,139,3,1,mistralai/Mistral-Small-24B-Instruct-2501,1,0,1,0,neutral,0.0,10.5,0.0
2026-08-06 21:27:51,IA-n01_m-mistral-small-24b_sol1_gd0_rs0_bd1_str-neutral_t00_n1,140,1,1,mistralai/Mistral-Small-24B-Instruct-2501,1,0,1,0,neutral,0.0,20.5,0.0
2026-08-06 21:28:05,IA-n01_m-mistral-small-24b_sol1_gd0_rs0_bd1_str-neutral_t00_n1,140,2,1,mistralai/Mistral-Small-24B-Instruct-2501,1,0,1,0,neutral,0.0,12.0,0.0
2026-08-06 21:28:23,IA-n01_m-mistral-small-24b_sol1_gd0_rs0_bd1_str-neutral_t00_n1,140,3,1,mistralai/Mistral-Small-24B-Instruct-2501,1,0,1,0,neutral,0.0,16.5,0.0
2026-08-06 21:28:41,IA-n01_m-mistral-small-24b_sol1_gd0_rs0_bd1_str-neutral_t00_n1,141,1,1,mistralai/Mistral-Small-24B-Instruct-2501,1,0,1,0,neutral,0.0,19.5,0.0
2026-08-06 21:28:54,IA-n01_m-mistral-small-24b_sol1_gd0_rs0_bd1_str-neutral_t00_n1,141,2,1,mistralai/Mistral-Small-24B-Instruct-2501,1,0,1,0,neutral,0.0,10.5,0.0
2026-08-06 21:29:11,IA-n01_m-mistral-small-24b_sol1_gd0_rs0_bd1_str-neutral_t00_n1,141,3,1,mistralai/Mistral-Small-24B-Instruct-2501,1,0,1,0,neutral,0.0,17.5,0.0
2026-08-06 21:29:29,IA-n01_m-mistral-small-24b_sol1_gd0_rs0_bd1_str-neutral_t00_n1,142,1,1,mistralai/Mistral-Small-24B-Instruct-2501,1,0,1,0,neutral,0.0,19.5,0.0
2026-08-06 21:29:42,IA-n01_m-mistral-small-24b_sol1_gd0_rs0_bd1_str-neutral_t00_n1,142,2,1,mistralai/Mistral-Small-24B-Instruct-2501,1,0,1,0,neutral,0.0,10.0,0.0
2026-08-06 21:29:59,IA-n01_m-mistral-small-24b_sol1_gd0_rs0_bd1_str-neutral_t00_n1,142,3,1,mistralai/Mistral-Small-24B-Instruct-2501,1,0,1,0,neutral,0.0,10.5,0.0
2026-08-06 21:30:18,IA-n01_m-mistral-small-24b_sol1_gd0_rs0_bd1_str-neutral_t00_n1,143,1,1,mistralai/Mistral-Small-24B-Instruct-2501,1,0,1,0,neutral,0.0,20.5,0.0
2026-08-06 21:30:32,IA-n01_m-mistral-small-24b_sol1_gd0_rs0_bd1_str-neutral_t00_n1,143,2,1,mistralai/Mistral-Small-24B-Instruct-2501,1,0,1,0,neutral,0.0,12.0,0.0
2026-08-06 21:30:49,IA-n01_m-mistral-small-24b_sol1_gd0_rs0_bd1_str-neutral_t00_n1,143,3,1,mistralai/Mistral-Small-24B-Instruct-2501,1,0,1,0,neutral,0.0,16.5,0.0
2026-08-06 21:31:05,IA-n01_m-mistral-small-24b_sol1_gd0_rs0_bd1_str-neutral_t00_n1,144,1,1,mistralai/Mistral-Small-24B-Instruct-2501,1,0,1,0,neutral,0.0,14.5,0.0
2026-08-06 21:31:18,IA-n01_m-mistral-small-24b_sol1_gd0_rs0_bd1_str-neutral_t00_n1,144,2,1,mistralai/Mistral-Small-24B-Instruct-2501,1,0,1,0,neutral,0.0,10.0,0.0
2026-08-06 21:31:35,IA-n01_m-mistral-small-24b_sol1_gd0_rs0_bd1_str-neutral_t00_n1,144,3,1,mistralai/Mistral-Small-24B-Instruct-2501,1,0,1,0,neutral,0.0,10.5,0.0
2026-08-06 21:31:52,IA-n01_m-mistral-small-24b_sol1_gd0_rs0_bd1_str-neutral_t00_n1,145,1,1,mistralai/Mistral-Small-24B-Instruct-2501,1,0,1,0,neutral,0.0,15.5,0.0
2026-08-06 21:32:05,IA-n01_m-mistral-small-24b_sol1_gd0_rs0_bd1_str-neutral_t00_n1,145,2,1,mistralai/Mistral-Small-24B-Instruct-2501,1,0,1,0,neutral,0.0,10.0,0.0
2026-08-06 21:32:21,IA-n01_m-mistral-small-24b_sol1_gd0_rs0_bd1_str-neutral_t00_n1,145,3,1,mistralai/Mistral-Small-24B-Instruct-2501,1,0,1,0,neutral,0.0,12.5,0.0
2026-08-06 21:32:38,IA-n01_m-mistral-small-24b_sol1_gd0_rs0_bd1_str-neutral_t00_n1,146,1,1,mistralai/Mistral-Small-24B-Instruct-2501,1,0,1,0,neutral,0.0,13.5,0.0
2026-08-06 21:32:51,IA-n01_m-mistral-small-24b_sol1_gd0_rs0_bd1_str-neutral_t00_n1,146,2,1,mistralai/Mistral-Small-24B-Instruct-2501,1,0,1,0,neutral,0.0,10.0,0.0
2026-08-06 21:33:08,IA-n01_m-mistral-small-24b_sol1_gd0_rs0_bd1_str-neutral_t00_n1,146,3,1,mistralai/Mistral-Small-24B-Instruct-2501,1,0,1,0,neutral,0.0,10.5,0.0
2026-08-06 21:33:27,IA-n01_m-mistral-small-24b_sol1_gd0_rs0_bd1_str-neutral_t00_n1,147,1,1,mistralai/Mistral-Small-24B-Instruct-2501,1,0,1,0,neutral,0.0,14.5,0.0
2026-08-06 21:33:39,IA-n01_m-mistral-small-24b_sol1_gd0_rs0_bd1_str-neutral_t00_n1,147,2,1,mistralai/Mistral-Small-24B-Instruct-2501,1,0,1,0,neutral,0.0,13.0,0.0
2026-08-06 21:33:55,IA-n01_m-mistral-small-24b_sol1_gd0_rs0_bd1_str-neutral_t00_n1,147,3,1,mistralai/Mistral-Small-24B-Instruct-2501,1,0,1,0,neutral,0.0,10.5,0.0
2026-08-06 21:34:13,IA-n01_m-mistral-small-24b_sol1_gd0_rs0_bd1_str-neutral_t00_n1,148,1,1,mistralai/Mistral-Small-24B-Instruct-2501,1,0,1,0,neutral,0.0,14.5,0.0
2026-08-06 21:34:28,IA-n01_m-mistral-small-24b_sol1_gd0_rs0_bd1_str-neutral_t00_n1,148,2,1,mistralai/Mistral-Small-24B-Instruct-2501,1,0,1,0,neutral,0.0,10.0,0.0
2026-08-06 21:34:44,IA-n01_m-mistral-small-24b_sol1_gd0_rs0_bd1_str-neutral_t00_n1,148,3,1,mistralai/Mistral-Small-24B-Instruct-2501,1,0,1,0,neutral,0.0,14.5,0.0
2026-08-06 21:35:02,IA-n01_m-mistral-small-24b_sol1_gd0_rs0_bd1_str-neutral_t00_n1,149,1,1,mistralai/Mistral-Small-24B-Instruct-2501,1,0,1,0,neutral,0.0,19.5,0.0
2026-08-06 21:35:16,IA-n01_m-mistral-small-24b_sol1_gd0_rs0_bd1_str-neutral_t00_n1,149,2,1,mistralai/Mistral-Small-24B-Instruct-2501,1,0,1,0,neutral,0.0,10.0,0.0
2026-08-06 21:35:35,IA-n01_m-mistral-small-24b_sol1_gd0_rs0_bd1_str-neutral_t00_n1,149,3,1,mistralai/Mistral-Small-24B-Instruct-2501,1,0,1,0,neutral,0.0,14.5,0.0
2026-08-06 21:35:53,IA-n01_m-mistral-small-24b_sol1_gd0_rs0_bd1_str-neutral_t00_n1,150,1,1,mistralai/Mistral-Small-24B-Instruct-2501,1,0,1,0,neutral,0.0,18.5,0.0
2026-08-06 21:36:08,IA-n01_m-mistral-small-24b_sol1_gd0_rs0_bd1_str-neutral_t00_n1,150,2,1,mistralai/Mistral-Small-24B-Instruct-2501,1,0,1,0,neutral,0.0,10.0,0.0
2026-08-06 21:36:25,IA-n01_m-mistral-small-24b_sol1_gd0_rs0_bd1_str-neutral_t00_n1,150,3,1,mistralai/Mistral-Small-24B-Instruct-2501,1,0,1,0,neutral,0.0,16.5,0.0
2026-08-06 21:36:43,IA-n01_m-mistral-small-24b_sol1_gd0_rs0_bd1_str-neutral_t00_n1,151,1,1,mistralai/Mistral-Small-24B-Instruct-2501,1,0,1,0,neutral,0.0,10.5,0.0
2026-08-06 21:36:57,IA-n01_m-mistral-small-24b_sol1_gd0_rs0_bd1_str-neutral_t00_n1,151,2,1,mistralai/Mistral-Small-24B-Instruct-2501,1,0,1,0,neutral,0.0,10.0,0.0
2026-08-06 21:37:13,IA-n01_m-mistral-small-24b_sol1_gd0_rs0_bd1_str-neutral_t00_n1,151,3,1,mistralai/Mistral-Small-24B-Instruct-2501,1,0,1,0,neutral,0.0,10.5,0.0
2026-08-06 21:37:32,IA-n01_m-mistral-small-24b_sol1_gd0_rs0_bd1_str-neutral_t00_n1,152,1,1,mistralai/Mistral-Small-24B-Instruct-2501,1,0,1,0,neutral,0.0,18.5,0.0
2026-08-06 21:37:45,IA-n01_m-mistral-small-24b_sol1_gd0_rs0_bd1_str-neutral_t00_n1,152,2,1,mistralai/Mistral-Small-24B-Instruct-2501,1,0,1,0,neutral,0.0,12.0,0.0
2026-08-06 21:38:03,IA-n01_m-mistral-small-24b_sol1_gd0_rs0_bd1_str-neutral_t00_n1,152,3,1,mistralai/Mistral-Small-24B-Instruct-2501,1,0,1,0,neutral,0.0,10.5,0.0
2026-08-06 21:38:22,IA-n01_m-mistral-small-24b_sol1_gd0_rs0_bd1_str-neutral_t00_n1,153,1,1,mistralai/Mistral-Small-24B-Instruct-2501,1,0,1,0,neutral,0.0,18.5,0.0
2026-08-06 21:38:37,IA-n01_m-mistral-small-24b_sol1_gd0_rs0_bd1_str-neutral_t00_n1,153,2,1,mistralai/Mistral-Small-24B-Instruct-2501,1,0,1,0,neutral,0.0,10.0,0.0
2026-08-06 21:38:55,IA-n01_m-mistral-small-24b_sol1_gd0_rs0_bd1_str-neutral_t00_n1,153,3,1,mistralai/Mistral-Small-24B-Instruct-2501,1,0,1,0,neutral,0.0,10.5,0.0
2026-08-06 21:39:13,IA-n01_m-mistral-small-24b_sol1_gd0_rs0_bd1_str-neutral_t00_n1,154,1,1,mistralai/Mistral-Small-24B-Instruct-2501,1,0,1,0,neutral,0.0,21.5,3.0
2026-08-06 21:39:26,IA-n01_m-mistral-small-24b_sol1_gd0_rs0_bd1_str-neutral_t00_n1,154,2,1,mistralai/Mistral-Small-24B-Instruct-2501,1,0,1,0,neutral,0.0,12.0,3.0
2026-08-06 21:39:46,IA-n01_m-mistral-small-24b_sol1_gd0_rs0_bd1_str-neutral_t00_n1,154,3,1,mistralai/Mistral-Small-24B-Instruct-2501,1,0,1,0,neutral,0.0,18.5,3.0
2026-08-06 21:40:00,IA-n01_m-mistral-small-24b_sol1_gd0_rs0_bd1_str-neutral_t00_n1,155,1,1,mistralai/Mistral-Small-24B-Instruct-2501,1,0,1,0,neutral,0.0,0.0,0.0
2026-08-06 21:40:14,IA-n01_m-mistral-small-24b_sol1_gd0_rs0_bd1_str-neutral_t00_n1,155,2,1,mistralai/Mistral-Small-24B-Instruct-2501,1,0,1,0,neutral,0.0,10.0,0.0
2026-08-06 21:40:30,IA-n01_m-mistral-small-24b_sol1_gd0_rs0_bd1_str-neutral_t00_n1,155,3,1,mistralai/Mistral-Small-24B-Instruct-2501,1,0,1,0,neutral,0.0,0.0,0.0
2026-08-06 21:40:46,IA-n01_m-mistral-small-24b_sol1_gd0_rs0_bd1_str-neutral_t00_n1,156,1,1,mistralai/Mistral-Small-24B-Instruct-2501,1,0,1,0,neutral,0.0,14.5,0.0
2026-08-06 21:41:00,IA-n01_m-mistral-small-24b_sol1_gd0_rs0_bd1_str-neutral_t00_n1,156,2,1,mistralai/Mistral-Small-24B-Instruct-2501,1,0,1,0,neutral,0.0,10.0,0.0
2026-08-06 21:41:16,IA-n01_m-mistral-small-24b_sol1_gd0_rs0_bd1_str-neutral_t00_n1,156,3,1,mistralai/Mistral-Small-24B-Instruct-2501,1,0,1,0,neutral,0.0,10.5,0.0
2026-08-06 21:41:35,IA-n01_m-mistral-small-24b_sol1_gd0_rs0_bd1_str-neutral_t00_n1,157,1,1,mistralai/Mistral-Small-24B-Instruct-2501,1,0,1,0,neutral,0.0,18.5,0.0
2026-08-06 21:41:57,IA-n01_m-mistral-small-24b_sol1_gd0_rs0_bd1_str-neutral_t00_n1,157,2,1,mistralai/Mistral-Small-24B-Instruct-2501,1,0,1,0,neutral,0.0,5.0,0.0
2026-08-06 21:42:14,IA-n01_m-mistral-small-24b_sol1_gd0_rs0_bd1_str-neutral_t00_n1,157,3,1,mistralai/Mistral-Small-24B-Instruct-2501,1,0,1,0,neutral,0.0,10.5,0.0
2026-08-06 21:42:31,IA-n01_m-mistral-small-24b_sol1_gd0_rs0_bd1_str-neutral_t00_n1,158,1,1,mistralai/Mistral-Small-24B-Instruct-2501,1,0,1,0,neutral,0.0,1.5,0.0
2026-08-06 21:42:44,IA-n01_m-mistral-small-24b_sol1_gd0_rs0_bd1_str-neutral_t00_n1,158,2,1,mistralai/Mistral-Small-24B-Instruct-2501,1,0,1,0,neutral,0.0,4.0,0.0
2026-08-06 21:43:01,IA-n01_m-mistral-small-24b_sol1_gd0_rs0_bd1_str-neutral_t00_n1,158,3,1,mistralai/Mistral-Small-24B-Instruct-2501,1,0,1,0,neutral,0.0,0.0,0.0
2026-08-06 21:43:21,IA-n01_m-mistral-small-24b_sol1_gd0_rs0_bd1_str-neutral_t00_n1,159,1,1,mistralai/Mistral-Small-24B-Instruct-2501,1,0,1,0,neutral,0.0,12.5,0.0
2026-08-06 21:43:35,IA-n01_m-mistral-small-24b_sol1_gd0_rs0_bd1_str-neutral_t00_n1,159,2,1,mistralai/Mistral-Small-24B-Instruct-2501,1,0,1,0,neutral,0.0,10.0,0.0
2026-08-06 21:43:50,IA-n01_m-mistral-small-24b_sol1_gd0_rs0_bd1_str-neutral_t00_n1,159,3,1,mistralai/Mistral-Small-24B-Instruct-2501,1,0,1,0,neutral,0.0,10.5,0.0
2026-08-06 21:44:08,IA-n01_m-mistral-small-24b_sol1_gd0_rs0_bd1_str-neutral_t00_n1,160,1,1,mistralai/Mistral-Small-24B-Instruct-2501,1,0,1,0,neutral,0.0,18.5,0.0
2026-08-06 21:44:30,IA-n01_m-mistral-small-24b_sol1_gd0_rs0_bd1_str-neutral_t00_n1,160,2,1,mistralai/Mistral-Small-24B-Instruct-2501,1,0,1,0,neutral,0.0,10.0,0.0
2026-08-06 21:44:49,IA-n01_m-mistral-small-24b_sol1_gd0_rs0_bd1_str-neutral_t00_n1,160,3,1,mistralai/Mistral-Small-24B-Instruct-2501,1,0,1,0,neutral,0.0,14.5,0.0
2026-08-06 21:45:06,IA-n01_m-mistral-small-24b_sol1_gd0_rs0_bd1_str-neutral_t00_n1,161,1,1,mistralai/Mistral-Small-24B-Instruct-2501,1,0,1,0,neutral,0.0,13.5,0.0
2026-08-06 21:45:20,IA-n01_m-mistral-small-24b_sol1_gd0_rs0_bd1_str-neutral_t00_n1,161,2,1,mistralai/Mistral-Small-24B-Instruct-2501,1,0,1,0,neutral,0.0,10.0,0.0
2026-08-06 21:45:39,IA-n01_m-mistral-small-24b_sol1_gd0_rs0_bd1_str-neutral_t00_n1,161,3,1,mistralai/Mistral-Small-24B-Instruct-2501,1,0,1,0,neutral,0.0,10.5,0.0
2026-08-06 21:45:58,IA-n01_m-mistral-small-24b_sol1_gd0_rs0_bd1_str-neutral_t00_n1,162,1,1,mistralai/Mistral-Small-24B-Instruct-2501,1,0,1,0,neutral,0.0,19.5,0.0
2026-08-06 21:46:11,IA-n01_m-mistral-small-24b_sol1_gd0_rs0_bd1_str-neutral_t00_n1,162,2,1,mistralai/Mistral-Small-24B-Instruct-2501,1,0,1,0,neutral,0.0,13.0,3.0
2026-08-06 21:46:31,IA-n01_m-mistral-small-24b_sol1_gd0_rs0_bd1_str-neutral_t00_n1,162,3,1,mistralai/Mistral-Small-24B-Instruct-2501,1,0,1,0,neutral,0.0,18.5,3.0
2026-08-06 21:46:48,IA-n01_m-mistral-small-24b_sol1_gd0_rs0_bd1_str-neutral_t00_n1,163,1,1,mistralai/Mistral-Small-24B-Instruct-2501,1,0,1,0,neutral,0.0,10.5,0.0
2026-08-06 21:47:01,IA-n01_m-mistral-small-24b_sol1_gd0_rs0_bd1_str-neutral_t00_n1,163,2,1,mistralai/Mistral-Small-24B-Instruct-2501,1,0,1,0,neutral,0.0,12.0,0.0
2026-08-06 21:47:20,IA-n01_m-mistral-small-24b_sol1_gd0_rs0_bd1_str-neutral_t00_n1,163,3,1,mistralai/Mistral-Small-24B-Instruct-2501,1,0,1,0,neutral,0.0,10.5,0.0
2026-08-06 21:47:39,IA-n01_m-mistral-small-24b_sol1_gd0_rs0_bd1_str-neutral_t00_n1,164,1,1,mistralai/Mistral-Small-24B-Instruct-2501,1,0,1,0,neutral,0.0,18.5,0.0
2026-08-06 21:47:53,IA-n01_m-mistral-small-24b_sol1_gd0_rs0_bd1_str-neutral_t00_n1,164,2,1,mistralai/Mistral-Small-24B-Instruct-2501,1,0,1,0,neutral,0.0,10.5,0.0
2026-08-06 21:48:10,IA-n01_m-mistral-small-24b_sol1_gd0_rs0_bd1_str-neutral_t00_n1,164,3,1,mistralai/Mistral-Small-24B-Instruct-2501,1,0,1,0,neutral,0.0,10.5,0.0
2026-08-06 21:48:28,IA-n01_m-mistral-small-24b_sol1_gd0_rs0_bd1_str-neutral_t00_n1,165,1,1,mistralai/Mistral-Small-24B-Instruct-2501,1,0,1,0,neutral,0.0,16.5,0.0
2026-08-06 21:48:43,IA-n01_m-mistral-small-24b_sol1_gd0_rs0_bd1_str-neutral_t00_n1,165,2,1,mistralai/Mistral-Small-24B-Instruct-2501,1,0,1,0,neutral,0.0,10.0,0.0
2026-08-06 21:48:59,IA-n01_m-mistral-small-24b_sol1_gd0_rs0_bd1_str-neutral_t00_n1,165,3,1,mistralai/Mistral-Small-24B-Instruct-2501,1,0,1,0,neutral,0.0,15.5,0.0
2026-08-06 21:49:17,IA-n01_m-mistral-small-24b_sol1_gd0_rs0_bd1_str-neutral_t00_n1,166,1,1,mistralai/Mistral-Small-24B-Instruct-2501,1,0,1,0,neutral,0.0,13.5,0.0
2026-08-06 21:49:32,IA-n01_m-mistral-small-24b_sol1_gd0_rs0_bd1_str-neutral_t00_n1,166,2,1,mistralai/Mistral-Small-24B-Instruct-2501,1,0,1,0,neutral,0.0,10.0,0.0
2026-08-06 21:49:47,IA-n01_m-mistral-small-24b_sol1_gd0_rs0_bd1_str-neutral_t00_n1,166,3,1,mistralai/Mistral-Small-24B-Instruct-2501,1,0,1,0,neutral,0.0,10.5,0.0
2026-08-06 21:50:04,IA-n01_m-mistral-small-24b_sol1_gd0_rs0_bd1_str-neutral_t00_n1,167,1,1,mistralai/Mistral-Small-24B-Instruct-2501,1,0,1,0,neutral,0.0,16.5,0.0
2026-08-06 21:50:18,IA-n01_m-mistral-small-24b_sol1_gd0_rs0_bd1_str-neutral_t00_n1,167,2,1,mistralai/Mistral-Small-24B-Instruct-2501,1,0,1,0,neutral,0.0,10.0,0.0
2026-08-06 21:50:34,IA-n01_m-mistral-small-24b_sol1_gd0_rs0_bd1_str-neutral_t00_n1,167,3,1,mistralai/Mistral-Small-24B-Instruct-2501,1,0,1,0,neutral,0.0,10.5,0.0
2026-08-06 21:50:53,IA-n01_m-mistral-small-24b_sol1_gd0_rs0_bd1_str-neutral_t00_n1,168,1,1,mistralai/Mistral-Small-24B-Instruct-2501,1,0,1,0,neutral,0.0,20.5,2.0
2026-08-06 21:51:07,IA-n01_m-mistral-small-24b_sol1_gd0_rs0_bd1_str-neutral_t00_n1,168,2,1,mistralai/Mistral-Small-24B-Instruct-2501,1,0,1,0,neutral,0.0,12.5,3.0
2026-08-06 21:51:25,IA-n01_m-mistral-small-24b_sol1_gd0_rs0_bd1_str-neutral_t00_n1,168,3,1,mistralai/Mistral-Small-24B-Instruct-2501,1,0,1,0,neutral,0.0,17.5,3.0
2026-08-06 21:51:42,IA-n01_m-mistral-small-24b_sol1_gd0_rs0_bd1_str-neutral_t00_n1,169,1,1,mistralai/Mistral-Small-24B-Instruct-2501,1,0,1,0,neutral,0.0,1.0,0.0
2026-08-06 21:51:55,IA-n01_m-mistral-small-24b_sol1_gd0_rs0_bd1_str-neutral_t00_n1,169,2,1,mistralai/Mistral-Small-24B-Instruct-2501,1,0,1,0,neutral,0.0,1.0,0.0
2026-08-06 21:52:09,IA-n01_m-mistral-small-24b_sol1_gd0_rs0_bd1_str-neutral_t00_n1,169,3,1,mistralai/Mistral-Small-24B-Instruct-2501,1,0,1,0,neutral,0.0,0.0,0.0
2026-08-06 21:52:27,IA-n01_m-mistral-small-24b_sol1_gd0_rs0_bd1_str-neutral_t00_n1,170,1,1,mistralai/Mistral-Small-24B-Instruct-2501,1,0,1,0,neutral,0.0,18.5,0.0
2026-08-06 21:52:43,IA-n01_m-mistral-small-24b_sol1_gd0_rs0_bd1_str-neutral_t00_n1,170,3,1,mistralai/Mistral-Small-24B-Instruct-2501,1,0,1,0,neutral,0.0,14.5,0.0
2026-08-06 21:53:02,IA-n01_m-mistral-small-24b_sol1_gd0_rs0_bd1_str-neutral_t00_n1,171,1,1,mistralai/Mistral-Small-24B-Instruct-2501,1,0,1,0,neutral,0.0,14.5,0.0
2026-08-06 21:53:16,IA-n01_m-mistral-small-24b_sol1_gd0_rs0_bd1_str-neutral_t00_n1,171,2,1,mistralai/Mistral-Small-24B-Instruct-2501,1,0,1,0,neutral,0.0,5.0,0.0
2026-08-06 21:53:34,IA-n01_m-mistral-small-24b_sol1_gd0_rs0_bd1_str-neutral_t00_n1,171,3,1,mistralai/Mistral-Small-24B-Instruct-2501,1,0,1,0,neutral,0.0,0.0,0.0
2026-08-06 21:53:52,IA-n01_m-mistral-small-24b_sol1_gd0_rs0_bd1_str-neutral_t00_n1,172,1,1,mistralai/Mistral-Small-24B-Instruct-2501,1,0,1,0,neutral,0.0,16.5,0.0
2026-08-06 21:54:07,IA-n01_m-mistral-small-24b_sol1_gd0_rs0_bd1_str-neutral_t00_n1,172,2,1,mistralai/Mistral-Small-24B-Instruct-2501,1,0,1,0,neutral,0.0,10.0,0.0
2026-08-06 21:54:23,IA-n01_m-mistral-small-24b_sol1_gd0_rs0_bd1_str-neutral_t00_n1,172,3,1,mistralai/Mistral-Small-24B-Instruct-2501,1,0,1,0,neutral,0.0,10.5,0.0
2026-08-06 21:54:39,IA-n01_m-mistral-small-24b_sol1_gd0_rs0_bd1_str-neutral_t00_n1,173,1,1,mistralai/Mistral-Small-24B-Instruct-2501,1,0,1,0,neutral,0.0,12.5,0.0
2026-08-06 21:54:53,IA-n01_m-mistral-small-24b_sol1_gd0_rs0_bd1_str-neutral_t00_n1,173,2,1,mistralai/Mistral-Small-24B-Instruct-2501,1,0,1,0,neutral,0.0,10.0,0.0
2026-08-06 21:55:09,IA-n01_m-mistral-small-24b_sol1_gd0_rs0_bd1_str-neutral_t00_n1,173,3,1,mistralai/Mistral-Small-24B-Instruct-2501,1,0,1,0,neutral,0.0,12.5,0.0
2026-08-06 21:55:28,IA-n01_m-mistral-small-24b_sol1_gd0_rs0_bd1_str-neutral_t00_n1,174,1,1,mistralai/Mistral-Small-24B-Instruct-2501,1,0,1,0,neutral,0.0,14.5,0.0
2026-08-06 21:55:46,IA-n01_m-mistral-small-24b_sol1_gd0_rs0_bd1_str-neutral_t00_n1,174,3,1,mistralai/Mistral-Small-24B-Instruct-2501,1,0,1,0,neutral,0.0,10.5,0.0
2026-08-06 21:56:03,IA-n01_m-mistral-small-24b_sol1_gd0_rs0_bd1_str-neutral_t00_n1,175,1,1,mistralai/Mistral-Small-24B-Instruct-2501,1,0,1,0,neutral,0.0,19.5,0.0
2026-08-06 21:56:18,IA-n01_m-mistral-small-24b_sol1_gd0_rs0_bd1_str-neutral_t00_n1,175,2,1,mistralai/Mistral-Small-24B-Instruct-2501,1,0,1,0,neutral,0.0,10.0,0.0
2026-08-06 21:56:35,IA-n01_m-mistral-small-24b_sol1_gd0_rs0_bd1_str-neutral_t00_n1,175,3,1,mistralai/Mistral-Small-24B-Instruct-2501,1,0,1,0,neutral,0.0,12.5,0.0
2026-08-06 21:56:55,IA-n01_m-mistral-small-24b_sol1_gd0_rs0_bd1_str-neutral_t00_n1,176,1,1,mistralai/Mistral-Small-24B-Instruct-2501,1,0,1,0,neutral,0.0,19.5,0.0
2026-08-06 21:57:09,IA-n01_m-mistral-small-24b_sol1_gd0_rs0_bd1_str-neutral_t00_n1,176,2,1,mistralai/Mistral-Small-24B-Instruct-2501,1,0,1,0,neutral,0.0,10.5,0.0
2026-08-06 21:57:27,IA-n01_m-mistral-small-24b_sol1_gd0_rs0_bd1_str-neutral_t00_n1,176,3,1,mistralai/Mistral-Small-24B-Instruct-2501,1,0,1,0,neutral,0.0,12.5,0.0
2026-08-06 21:57:45,IA-n01_m-mistral-small-24b_sol1_gd0_rs0_bd1_str-neutral_t00_n1,177,1,1,mistralai/Mistral-Small-24B-Instruct-2501,1,0,1,0,neutral,0.0,18.5,0.0
2026-08-06 21:58:02,IA-n01_m-mistral-small-24b_sol1_gd0_rs0_bd1_str-neutral_t00_n1,177,2,1,mistralai/Mistral-Small-24B-Instruct-2501,1,0,1,0,neutral,0.0,5.0,0.0
2026-08-06 21:58:18,IA-n01_m-mistral-small-24b_sol1_gd0_rs0_bd1_str-neutral_t00_n1,177,3,1,mistralai/Mistral-Small-24B-Instruct-2501,1,0,1,0,neutral,0.0,0.0,0.0
2026-08-06 21:58:36,IA-n01_m-mistral-small-24b_sol1_gd0_rs0_bd1_str-neutral_t00_n1,178,1,1,mistralai/Mistral-Small-24B-Instruct-2501,1,0,1,0,neutral,0.0,16.5,0.0
2026-08-06 21:58:48,IA-n01_m-mistral-small-24b_sol1_gd0_rs0_bd1_str-neutral_t00_n1,178,2,1,mistralai/Mistral-Small-24B-Instruct-2501,1,0,1,0,neutral,0.0,10.0,0.0
2026-08-06 21:59:07,IA-n01_m-mistral-small-24b_sol1_gd0_rs0_bd1_str-neutral_t00_n1,178,3,1,mistralai/Mistral-Small-24B-Instruct-2501,1,0,1,0,neutral,0.0,1.5,0.0
2026-08-06 21:59:24,IA-n01_m-mistral-small-24b_sol1_gd0_rs0_bd1_str-neutral_t00_n1,179,1,1,mistralai/Mistral-Small-24B-Instruct-2501,1,0,1,0,neutral,0.0,0.0,0.0
2026-08-06 21:59:41,IA-n01_m-mistral-small-24b_sol1_gd0_rs0_bd1_str-neutral_t00_n1,179,2,1,mistralai/Mistral-Small-24B-Instruct-2501,1,0,1,0,neutral,0.0,2.0,0.0
2026-08-06 21:59:59,IA-n01_m-mistral-small-24b_sol1_gd0_rs0_bd1_str-neutral_t00_n1,179,3,1,mistralai/Mistral-Small-24B-Instruct-2501,1,0,1,0,neutral,0.0,0.0,0.0
2026-08-06 22:00:17,IA-n01_m-mistral-small-24b_sol1_gd0_rs0_bd1_str-neutral_t00_n1,180,1,1,mistralai/Mistral-Small-24B-Instruct-2501,1,0,1,0,neutral,0.0,16.5,0.0
2026-08-06 22:00:34,IA-n01_m-mistral-small-24b_sol1_gd0_rs0_bd1_str-neutral_t00_n1,180,3,1,mistralai/Mistral-Small-24B-Instruct-2501,1,0,1,0,neutral,0.0,10.5,0.0
2026-08-06 22:00:52,IA-n01_m-mistral-small-24b_sol1_gd0_rs0_bd1_str-neutral_t00_n1,181,1,1,mistralai/Mistral-Small-24B-Instruct-2501,1,0,1,0,neutral,0.0,14.5,0.0
2026-08-06 22:01:06,IA-n01_m-mistral-small-24b_sol1_gd0_rs0_bd1_str-neutral_t00_n1,181,2,1,mistralai/Mistral-Small-24B-Instruct-2501,1,0,1,0,neutral,0.0,10.0,0.0
2026-08-06 22:01:22,IA-n01_m-mistral-small-24b_sol1_gd0_rs0_bd1_str-neutral_t00_n1,181,3,1,mistralai/Mistral-Small-24B-Instruct-2501,1,0,1,0,neutral,0.0,10.5,0.0
2026-08-06 22:01:39,IA-n01_m-mistral-small-24b_sol1_gd0_rs0_bd1_str-neutral_t00_n1,182,1,1,mistralai/Mistral-Small-24B-Instruct-2501,1,0,1,0,neutral,0.0,18.5,0.0
2026-08-06 22:01:52,IA-n01_m-mistral-small-24b_sol1_gd0_rs0_bd1_str-neutral_t00_n1,182,2,1,mistralai/Mistral-Small-24B-Instruct-2501,1,0,1,0,neutral,0.0,12.0,0.0
2026-08-06 22:02:09,IA-n01_m-mistral-small-24b_sol1_gd0_rs0_bd1_str-neutral_t00_n1,182,3,1,mistralai/Mistral-Small-24B-Instruct-2501,1,0,1,0,neutral,0.0,16.5,0.0
2026-08-06 22:02:29,IA-n01_m-mistral-small-24b_sol1_gd0_rs0_bd1_str-neutral_t00_n1,183,1,1,mistralai/Mistral-Small-24B-Instruct-2501,1,0,1,0,neutral,0.0,19.5,0.0
2026-08-06 22:02:41,IA-n01_m-mistral-small-24b_sol1_gd0_rs0_bd1_str-neutral_t00_n1,183,2,1,mistralai/Mistral-Small-24B-Instruct-2501,1,0,1,0,neutral,0.0,10.0,0.0
2026-08-06 22:02:58,IA-n01_m-mistral-small-24b_sol1_gd0_rs0_bd1_str-neutral_t00_n1,183,3,1,mistralai/Mistral-Small-24B-Instruct-2501,1,0,1,0,neutral,0.0,14.5,0.0
2026-08-06 22:03:16,IA-n01_m-mistral-small-24b_sol1_gd0_rs0_bd1_str-neutral_t00_n1,184,1,1,mistralai/Mistral-Small-24B-Instruct-2501,1,0,1,0,neutral,0.0,22.5,3.0
2026-08-06 22:03:29,IA-n01_m-mistral-small-24b_sol1_gd0_rs0_bd1_str-neutral_t00_n1,184,2,1,mistralai/Mistral-Small-24B-Instruct-2501,1,0,1,0,neutral,0.0,13.0,3.0
2026-08-06 22:03:46,IA-n01_m-mistral-small-24b_sol1_gd0_rs0_bd1_str-neutral_t00_n1,184,3,1,mistralai/Mistral-Small-24B-Instruct-2501,1,0,1,0,neutral,0.0,18.5,3.0
2026-08-06 22:04:04,IA-n01_m-mistral-small-24b_sol1_gd0_rs0_bd1_str-neutral_t00_n1,185,1,1,mistralai/Mistral-Small-24B-Instruct-2501,1,0,1,0,neutral,0.0,20.5,0.0
2026-08-06 22:04:18,IA-n01_m-mistral-small-24b_sol1_gd0_rs0_bd1_str-neutral_t00_n1,185,2,1,mistralai/Mistral-Small-24B-Instruct-2501,1,0,1,0,neutral,0.0,10.5,0.0
2026-08-06 22:04:37,IA-n01_m-mistral-small-24b_sol1_gd0_rs0_bd1_str-neutral_t00_n1,185,3,1,mistralai/Mistral-Small-24B-Instruct-2501,1,0,1,0,neutral,0.0,10.5,0.0
2026-08-06 22:04:55,IA-n01_m-mistral-small-24b_sol1_gd0_rs0_bd1_str-neutral_t00_n1,186,1,1,mistralai/Mistral-Small-24B-Instruct-2501,1,0,1,0,neutral,0.0,16.5,0.0
2026-08-06 22:05:08,IA-n01_m-mistral-small-24b_sol1_gd0_rs0_bd1_str-neutral_t00_n1,186,2,1,mistralai/Mistral-Small-24B-Instruct-2501,1,0,1,0,neutral,0.0,10.0,0.0
2026-08-06 22:05:25,IA-n01_m-mistral-small-24b_sol1_gd0_rs0_bd1_str-neutral_t00_n1,186,3,1,mistralai/Mistral-Small-24B-Instruct-2501,1,0,1,0,neutral,0.0,10.5,0.0
2026-08-06 22:05:43,IA-n01_m-mistral-small-24b_sol1_gd0_rs0_bd1_str-neutral_t00_n1,187,1,1,mistralai/Mistral-Small-24B-Instruct-2501,1,0,1,0,neutral,0.0,21.5,3.0
2026-08-06 22:05:56,IA-n01_m-mistral-small-24b_sol1_gd0_rs0_bd1_str-neutral_t00_n1,187,2,1,mistralai/Mistral-Small-24B-Instruct-2501,1,0,1,0,neutral,0.0,13.0,3.0
2026-08-06 22:06:12,IA-n01_m-mistral-small-24b_sol1_gd0_rs0_bd1_str-neutral_t00_n1,187,3,1,mistralai/Mistral-Small-24B-Instruct-2501,1,0,1,0,neutral,0.0,18.5,0.0
2026-08-06 22:06:30,IA-n01_m-mistral-small-24b_sol1_gd0_rs0_bd1_str-neutral_t00_n1,188,1,1,mistralai/Mistral-Small-24B-Instruct-2501,1,0,1,0,neutral,0.0,1.5,0.0
2026-08-06 22:06:49,IA-n01_m-mistral-small-24b_sol1_gd0_rs0_bd1_str-neutral_t00_n1,188,2,1,mistralai/Mistral-Small-24B-Instruct-2501,1,0,1,0,neutral,0.0,6.0,0.0
2026-08-06 22:07:06,IA-n01_m-mistral-small-24b_sol1_gd0_rs0_bd1_str-neutral_t00_n1,189,1,1,mistralai/Mistral-Small-24B-Instruct-2501,1,0,1,0,neutral,0.0,19.5,0.0
2026-08-06 22:07:19,IA-n01_m-mistral-small-24b_sol1_gd0_rs0_bd1_str-neutral_t00_n1,189,2,1,mistralai/Mistral-Small-24B-Instruct-2501,1,0,1,0,neutral,0.0,13.0,3.0
2026-08-06 22:07:38,IA-n01_m-mistral-small-24b_sol1_gd0_rs0_bd1_str-neutral_t00_n1,189,3,1,mistralai/Mistral-Small-24B-Instruct-2501,1,0,1,0,neutral,0.0,14.5,0.0
2026-08-06 22:07:56,IA-n01_m-mistral-small-24b_sol1_gd0_rs0_bd1_str-neutral_t00_n1,190,1,1,mistralai/Mistral-Small-24B-Instruct-2501,1,0,1,0,neutral,0.0,20.5,3.0
2026-08-06 22:08:09,IA-n01_m-mistral-small-24b_sol1_gd0_rs0_bd1_str-neutral_t00_n1,190,2,1,mistralai/Mistral-Small-24B-Instruct-2501,1,0,1,0,neutral,0.0,13.0,0.0
2026-08-06 22:08:24,IA-n01_m-mistral-small-24b_sol1_gd0_rs0_bd1_str-neutral_t00_n1,190,3,1,mistralai/Mistral-Small-24B-Instruct-2501,1,0,1,0,neutral,0.0,16.5,0.0
2026-08-06 22:08:43,IA-n01_m-mistral-small-24b_sol1_gd0_rs0_bd1_str-neutral_t00_n1,191,1,1,mistralai/Mistral-Small-24B-Instruct-2501,1,0,1,0,neutral,0.0,15.5,0.0
2026-08-06 22:08:58,IA-n01_m-mistral-small-24b_sol1_gd0_rs0_bd1_str-neutral_t00_n1,191,2,1,mistralai/Mistral-Small-24B-Instruct-2501,1,0,1,0,neutral,0.0,10.0,0.0
2026-08-06 22:09:14,IA-n01_m-mistral-small-24b_sol1_gd0_rs0_bd1_str-neutral_t00_n1,191,3,1,mistralai/Mistral-Small-24B-Instruct-2501,1,0,1,0,neutral,0.0,16.5,0.0
2026-08-06 22:09:32,IA-n01_m-mistral-small-24b_sol1_gd0_rs0_bd1_str-neutral_t00_n1,192,1,1,mistralai/Mistral-Small-24B-Instruct-2501,1,0,1,0,neutral,0.0,16.5,0.0
2026-08-06 22:09:46,IA-n01_m-mistral-small-24b_sol1_gd0_rs0_bd1_str-neutral_t00_n1,192,2,1,mistralai/Mistral-Small-24B-Instruct-2501,1,0,1,0,neutral,0.0,10.0,0.0
2026-08-06 22:10:02,IA-n01_m-mistral-small-24b_sol1_gd0_rs0_bd1_str-neutral_t00_n1,192,3,1,mistralai/Mistral-Small-24B-Instruct-2501,1,0,1,0,neutral,0.0,12.5,0.0
2026-08-06 22:10:20,IA-n01_m-mistral-small-24b_sol1_gd0_rs0_bd1_str-neutral_t00_n1,193,1,1,mistralai/Mistral-Small-24B-Instruct-2501,1,0,1,0,neutral,0.0,10.5,0.0
2026-08-06 22:10:41,IA-n01_m-mistral-small-24b_sol1_gd0_rs0_bd1_str-neutral_t00_n1,193,2,1,mistralai/Mistral-Small-24B-Instruct-2501,1,0,1,0,neutral,0.0,10.0,0.0
2026-08-06 22:11:00,IA-n01_m-mistral-small-24b_sol1_gd0_rs0_bd1_str-neutral_t00_n1,193,3,1,mistralai/Mistral-Small-24B-Instruct-2501,1,0,1,0,neutral,0.0,12.5,0.0
2026-08-06 22:11:17,IA-n01_m-mistral-small-24b_sol1_gd0_rs0_bd1_str-neutral_t00_n1,194,1,1,mistralai/Mistral-Small-24B-Instruct-2501,1,0,1,0,neutral,0.0,13.5,3.0
2026-08-06 22:11:31,IA-n01_m-mistral-small-24b_sol1_gd0_rs0_bd1_str-neutral_t00_n1,194,2,1,mistralai/Mistral-Small-24B-Instruct-2501,1,0,1,0,neutral,0.0,10.0,0.0
2026-08-06 22:11:48,IA-n01_m-mistral-small-24b_sol1_gd0_rs0_bd1_str-neutral_t00_n1,194,3,1,mistralai/Mistral-Small-24B-Instruct-2501,1,0,1,0,neutral,0.0,10.5,0.0
2026-08-06 22:12:05,IA-n01_m-mistral-small-24b_sol1_gd0_rs0_bd1_str-neutral_t00_n1,195,1,1,mistralai/Mistral-Small-24B-Instruct-2501,1,0,1,0,neutral,0.0,10.5,0.0
2026-08-06 22:12:25,IA-n01_m-mistral-small-24b_sol1_gd0_rs0_bd1_str-neutral_t00_n1,195,2,1,mistralai/Mistral-Small-24B-Instruct-2501,1,0,1,0,neutral,0.0,6.0,0.0
2026-08-06 22:12:42,IA-n01_m-mistral-small-24b_sol1_gd0_rs0_bd1_str-neutral_t00_n1,195,3,1,mistralai/Mistral-Small-24B-Instruct-2501,1,0,1,0,neutral,0.0,10.5,0.0
2026-08-06 22:13:01,IA-n01_m-mistral-small-24b_sol1_gd0_rs0_bd1_str-neutral_t00_n1,196,1,1,mistralai/Mistral-Small-24B-Instruct-2501,1,0,1,0,neutral,0.0,22.5,3.0
2026-08-06 22:13:13,IA-n01_m-mistral-small-24b_sol1_gd0_rs0_bd1_str-neutral_t00_n1,196,2,1,mistralai/Mistral-Small-24B-Instruct-2501,1,0,1,0,neutral,0.0,14.0,3.0
2026-08-06 22:13:32,IA-n01_m-mistral-small-24b_sol1_gd0_rs0_bd1_str-neutral_t00_n1,196,3,1,mistralai/Mistral-Small-24B-Instruct-2501,1,0,1,0,neutral,0.0,18.5,3.0
2026-08-06 22:13:52,IA-n01_m-mistral-small-24b_sol1_gd0_rs0_bd1_str-neutral_t00_n1,197,1,1,mistralai/Mistral-Small-24B-Instruct-2501,1,0,1,0,neutral,0.0,16.5,0.0
2026-08-06 22:14:06,IA-n01_m-mistral-small-24b_sol1_gd0_rs0_bd1_str-neutral_t00_n1,197,2,1,mistralai/Mistral-Small-24B-Instruct-2501,1,0,1,0,neutral,0.0,10.5,0.0
2026-08-06 22:14:22,IA-n01_m-mistral-small-24b_sol1_gd0_rs0_bd1_str-neutral_t00_n1,197,3,1,mistralai/Mistral-Small-24B-Instruct-2501,1,0,1,0,neutral,0.0,14.5,0.0
2026-08-06 22:14:41,IA-n01_m-mistral-small-24b_sol1_gd0_rs0_bd1_str-neutral_t00_n1,198,1,1,mistralai/Mistral-Small-24B-Instruct-2501,1,0,1,0,neutral,0.0,18.5,0.0
2026-08-06 22:14:56,IA-n01_m-mistral-small-24b_sol1_gd0_rs0_bd1_str-neutral_t00_n1,198,2,1,mistralai/Mistral-Small-24B-Instruct-2501,1,0,1,0,neutral,0.0,10.0,0.0
2026-08-06 22:15:14,IA-n01_m-mistral-small-24b_sol1_gd0_rs0_bd1_str-neutral_t00_n1,198,3,1,mistralai/Mistral-Small-24B-Instruct-2501,1,0,1,0,neutral,0.0,12.5,0.0
2026-08-06 22:15:32,IA-n01_m-mistral-small-24b_sol1_gd0_rs0_bd1_str-neutral_t00_n1,199,1,1,mistralai/Mistral-Small-24B-Instruct-2501,1,0,1,0,neutral,0.0,14.5,0.0
2026-08-06 22:15:48,IA-n01_m-mistral-small-24b_sol1_gd0_rs0_bd1_str-neutral_t00_n1,199,2,1,mistralai/Mistral-Small-24B-Instruct-2501,1,0,1,0,neutral,0.0,5.0,0.0
2026-08-06 22:16:05,IA-n01_m-mistral-small-24b_sol1_gd0_rs0_bd1_str-neutral_t00_n1,199,3,1,mistralai/Mistral-Small-24B-Instruct-2501,1,0,1,0,neutral,0.0,10.5,0.0
2026-08-06 22:16:23,IA-n01_m-mistral-small-24b_sol1_gd0_rs0_bd1_str-neutral_t00_n1,200,1,1,mistralai/Mistral-Small-24B-Instruct-2501,1,0,1,0,neutral,0.0,18.5,0.0
2026-08-06 22:16:38,IA-n01_m-mistral-small-24b_sol1_gd0_rs0_bd1_str-neutral_t00_n1,200,2,1,mistralai/Mistral-Small-24B-Instruct-2501,1,0,1,0,neutral,0.0,10.0,0.0
2026-08-06 22:16:55,IA-n01_m-mistral-small-24b_sol1_gd0_rs0_bd1_str-neutral_t00_n1,200,3,1,mistralai/Mistral-Small-24B-Instruct-2501,1,0,1,0,neutral,0.0,15.5,0.0
2026-08-06 22:17:12,IA-n01_m-mistral-small-24b_sol1_gd0_rs0_bd1_str-neutral_t00_n1,201,1,1,mistralai/Mistral-Small-24B-Instruct-2501,1,0,1,0,neutral,0.0,14.5,0.0
2026-08-06 22:17:29,IA-n01_m-mistral-small-24b_sol1_gd0_rs0_bd1_str-neutral_t00_n1,201,2,1,mistralai/Mistral-Small-24B-Instruct-2501,1,0,1,0,neutral,0.0,10.0,0.0
2026-08-06 22:17:45,IA-n01_m-mistral-small-24b_sol1_gd0_rs0_bd1_str-neutral_t00_n1,201,3,1,mistralai/Mistral-Small-24B-Instruct-2501,1,0,1,0,neutral,0.0,10.5,0.0
2026-08-06 22:18:03,IA-n01_m-mistral-small-24b_sol1_gd0_rs0_bd1_str-neutral_t00_n1,202,1,1,mistralai/Mistral-Small-24B-Instruct-2501,1,0,1,0,neutral,0.0,12.5,0.0
2026-08-06 22:18:14,IA-n01_m-mistral-small-24b_sol1_gd0_rs0_bd1_str-neutral_t00_n1,202,2,1,mistralai/Mistral-Small-24B-Instruct-2501,1,0,1,0,neutral,0.0,0.0,0.0
2026-08-06 22:18:31,IA-n01_m-mistral-small-24b_sol1_gd0_rs0_bd1_str-neutral_t00_n1,203,1,1,mistralai/Mistral-Small-24B-Instruct-2501,1,0,1,0,neutral,0.0,16.5,0.0
2026-08-06 22:18:45,IA-n01_m-mistral-small-24b_sol1_gd0_rs0_bd1_str-neutral_t00_n1,203,2,1,mistralai/Mistral-Small-24B-Instruct-2501,1,0,1,0,neutral,0.0,10.0,0.0
2026-08-06 22:19:02,IA-n01_m-mistral-small-24b_sol1_gd0_rs0_bd1_str-neutral_t00_n1,203,3,1,mistralai/Mistral-Small-24B-Instruct-2501,1,0,1,0,neutral,0.0,10.5,0.0
2026-08-06 22:19:19,IA-n01_m-mistral-small-24b_sol1_gd0_rs0_bd1_str-neutral_t00_n1,204,1,1,mistralai/Mistral-Small-24B-Instruct-2501,1,0,1,0,neutral,0.0,13.5,0.0
2026-08-06 22:19:32,IA-n01_m-mistral-small-24b_sol1_gd0_rs0_bd1_str-neutral_t00_n1,204,2,1,mistralai/Mistral-Small-24B-Instruct-2501,1,0,1,0,neutral,0.0,10.5,0.0
2026-08-06 22:19:50,IA-n01_m-mistral-small-24b_sol1_gd0_rs0_bd1_str-neutral_t00_n1,204,3,1,mistralai/Mistral-Small-24B-Instruct-2501,1,0,1,0,neutral,0.0,12.5,0.0
2026-08-06 22:20:09,IA-n01_m-mistral-small-24b_sol1_gd0_rs0_bd1_str-neutral_t00_n1,205,1,1,mistralai/Mistral-Small-24B-Instruct-2501,1,0,1,0,neutral,0.0,12.5,0.0
2026-08-06 22:20:24,IA-n01_m-mistral-small-24b_sol1_gd0_rs0_bd1_str-neutral_t00_n1,205,2,1,mistralai/Mistral-Small-24B-Instruct-2501,1,0,1,0,neutral,0.0,10.0,0.0
2026-08-06 22:20:44,IA-n01_m-mistral-small-24b_sol1_gd0_rs0_bd1_str-neutral_t00_n1,205,3,1,mistralai/Mistral-Small-24B-Instruct-2501,1,0,1,0,neutral,0.0,12.5,0.0
2026-08-06 22:21:01,IA-n01_m-mistral-small-24b_sol1_gd0_rs0_bd1_str-neutral_t00_n1,206,1,1,mistralai/Mistral-Small-24B-Instruct-2501,1,0,1,0,neutral,0.0,21.5,0.0
2026-08-06 22:21:13,IA-n01_m-mistral-small-24b_sol1_gd0_rs0_bd1_str-neutral_t00_n1,206,2,1,mistralai/Mistral-Small-24B-Instruct-2501,1,0,1,0,neutral,0.0,13.0,0.0
2026-08-06 22:21:30,IA-n01_m-mistral-small-24b_sol1_gd0_rs0_bd1_str-neutral_t00_n1,206,3,1,mistralai/Mistral-Small-24B-Instruct-2501,1,0,1,0,neutral,0.0,16.5,0.0
2026-08-06 22:21:44,IA-n01_m-mistral-small-24b_sol1_gd0_rs0_bd1_str-neutral_t00_n1,207,1,1,mistralai/Mistral-Small-24B-Instruct-2501,1,0,1,0,neutral,0.0,0.0,0.0
2026-08-06 22:21:57,IA-n01_m-mistral-small-24b_sol1_gd0_rs0_bd1_str-neutral_t00_n1,207,2,1,mistralai/Mistral-Small-24B-Instruct-2501,1,0,1,0,neutral,0.0,10.0,0.0
2026-08-06 22:22:12,IA-n01_m-mistral-small-24b_sol1_gd0_rs0_bd1_str-neutral_t00_n1,207,3,1,mistralai/Mistral-Small-24B-Instruct-2501,1,0,1,0,neutral,0.0,0.0,0.0
2026-08-06 22:22:29,IA-n01_m-mistral-small-24b_sol1_gd0_rs0_bd1_str-neutral_t00_n1,208,1,1,mistralai/Mistral-Small-24B-Instruct-2501,1,0,1,0,neutral,0.0,14.5,0.0
2026-08-06 22:22:43,IA-n01_m-mistral-small-24b_sol1_gd0_rs0_bd1_str-neutral_t00_n1,208,2,1,mistralai/Mistral-Small-24B-Instruct-2501,1,0,1,0,neutral,0.0,10.0,0.0
2026-08-06 22:23:00,IA-n01_m-mistral-small-24b_sol1_gd0_rs0_bd1_str-neutral_t00_n1,208,3,1,mistralai/Mistral-Small-24B-Instruct-2501,1,0,1,0,neutral,0.0,14.5,0.0
2026-08-06 22:23:20,IA-n01_m-mistral-small-24b_sol1_gd0_rs0_bd1_str-neutral_t00_n1,209,1,1,mistralai/Mistral-Small-24B-Instruct-2501,1,0,1,0,neutral,0.0,21.5,3.0
2026-08-06 22:23:32,IA-n01_m-mistral-small-24b_sol1_gd0_rs0_bd1_str-neutral_t00_n1,209,2,1,mistralai/Mistral-Small-24B-Instruct-2501,1,0,1,0,neutral,0.0,14.0,3.0
2026-08-06 22:23:49,IA-n01_m-mistral-small-24b_sol1_gd0_rs0_bd1_str-neutral_t00_n1,209,3,1,mistralai/Mistral-Small-24B-Instruct-2501,1,0,1,0,neutral,0.0,17.5,3.0
2026-08-06 22:24:07,IA-n01_m-mistral-small-24b_sol1_gd0_rs0_bd1_str-neutral_t00_n1,210,1,1,mistralai/Mistral-Small-24B-Instruct-2501,1,0,1,0,neutral,0.0,20.5,3.0
2026-08-06 22:24:20,IA-n01_m-mistral-small-24b_sol1_gd0_rs0_bd1_str-neutral_t00_n1,210,2,1,mistralai/Mistral-Small-24B-Instruct-2501,1,0,1,0,neutral,0.0,12.0,0.0
2026-08-06 22:24:38,IA-n01_m-mistral-small-24b_sol1_gd0_rs0_bd1_str-neutral_t00_n1,210,3,1,mistralai/Mistral-Small-24B-Instruct-2501,1,0,1,0,neutral,0.0,15.5,0.0
2026-08-06 22:24:58,IA-n01_m-mistral-small-24b_sol1_gd0_rs0_bd1_str-neutral_t00_n1,211,1,1,mistralai/Mistral-Small-24B-Instruct-2501,1,0,1,0,neutral,0.0,18.5,0.0
2026-08-06 22:25:15,IA-n01_m-mistral-small-24b_sol1_gd0_rs0_bd1_str-neutral_t00_n1,211,2,1,mistralai/Mistral-Small-24B-Instruct-2501,1,0,1,0,neutral,0.0,10.0,0.0
2026-08-06 22:25:32,IA-n01_m-mistral-small-24b_sol1_gd0_rs0_bd1_str-neutral_t00_n1,211,3,1,mistralai/Mistral-Small-24B-Instruct-2501,1,0,1,0,neutral,0.0,16.5,0.0
2026-08-06 22:25:49,IA-n01_m-mistral-small-24b_sol1_gd0_rs0_bd1_str-neutral_t00_n1,212,1,1,mistralai/Mistral-Small-24B-Instruct-2501,1,0,1,0,neutral,0.0,14.5,0.0
2026-08-06 22:26:03,IA-n01_m-mistral-small-24b_sol1_gd0_rs0_bd1_str-neutral_t00_n1,212,2,1,mistralai/Mistral-Small-24B-Instruct-2501,1,0,1,0,neutral,0.0,10.0,0.0
2026-08-06 22:26:20,IA-n01_m-mistral-small-24b_sol1_gd0_rs0_bd1_str-neutral_t00_n1,212,3,1,mistralai/Mistral-Small-24B-Instruct-2501,1,0,1,0,neutral,0.0,10.5,0.0
2026-08-06 22:26:40,IA-n01_m-mistral-small-24b_sol1_gd0_rs0_bd1_str-neutral_t00_n1,213,1,1,mistralai/Mistral-Small-24B-Instruct-2501,1,0,1,0,neutral,0.0,18.5,0.0
2026-08-06 22:26:54,IA-n01_m-mistral-small-24b_sol1_gd0_rs0_bd1_str-neutral_t00_n1,213,2,1,mistralai/Mistral-Small-24B-Instruct-2501,1,0,1,0,neutral,0.0,10.5,0.0
2026-08-06 22:27:12,IA-n01_m-mistral-small-24b_sol1_gd0_rs0_bd1_str-neutral_t00_n1,213,3,1,mistralai/Mistral-Small-24B-Instruct-2501,1,0,1,0,neutral,0.0,0.0,0.0
2026-08-06 22:27:29,IA-n01_m-mistral-small-24b_sol1_gd0_rs0_bd1_str-neutral_t00_n1,214,1,1,mistralai/Mistral-Small-24B-Instruct-2501,1,0,1,0,neutral,0.0,18.5,0.0
2026-08-06 22:27:48,IA-n01_m-mistral-small-24b_sol1_gd0_rs0_bd1_str-neutral_t00_n1,214,2,1,mistralai/Mistral-Small-24B-Instruct-2501,1,0,1,0,neutral,0.0,4.0,0.0
2026-08-06 22:28:03,IA-n01_m-mistral-small-24b_sol1_gd0_rs0_bd1_str-neutral_t00_n1,214,3,1,mistralai/Mistral-Small-24B-Instruct-2501,1,0,1,0,neutral,0.0,0.0,0.0
2026-08-06 22:28:22,IA-n01_m-mistral-small-24b_sol1_gd0_rs0_bd1_str-neutral_t00_n1,215,1,1,mistralai/Mistral-Small-24B-Instruct-2501,1,0,1,0,neutral,0.0,19.5,0.0
2026-08-06 22:28:35,IA-n01_m-mistral-small-24b_sol1_gd0_rs0_bd1_str-neutral_t00_n1,215,2,1,mistralai/Mistral-Small-24B-Instruct-2501,1,0,1,0,neutral,0.0,12.0,0.0
2026-08-06 22:28:50,IA-n01_m-mistral-small-24b_sol1_gd0_rs0_bd1_str-neutral_t00_n1,215,3,1,mistralai/Mistral-Small-24B-Instruct-2501,1,0,1,0,neutral,0.0,16.5,0.0
2026-08-06 22:29:08,IA-n01_m-mistral-small-24b_sol1_gd0_rs0_bd1_str-neutral_t00_n1,216,1,1,mistralai/Mistral-Small-24B-Instruct-2501,1,0,1,0,neutral,0.0,20.5,0.0
2026-08-06 22:29:21,IA-n01_m-mistral-small-24b_sol1_gd0_rs0_bd1_str-neutral_t00_n1,216,2,1,mistralai/Mistral-Small-24B-Instruct-2501,1,0,1,0,neutral,0.0,10.5,0.0
2026-08-06 22:29:38,IA-n01_m-mistral-small-24b_sol1_gd0_rs0_bd1_str-neutral_t00_n1,216,3,1,mistralai/Mistral-Small-24B-Instruct-2501,1,0,1,0,neutral,0.0,17.5,0.0
2026-08-06 22:29:58,IA-n01_m-mistral-small-24b_sol1_gd0_rs0_bd1_str-neutral_t00_n1,217,1,1,mistralai/Mistral-Small-24B-Instruct-2501,1,0,1,0,neutral,0.0,18.5,0.0
2026-08-06 22:30:12,IA-n01_m-mistral-small-24b_sol1_gd0_rs0_bd1_str-neutral_t00_n1,217,2,1,mistralai/Mistral-Small-24B-Instruct-2501,1,0,1,0,neutral,0.0,10.0,0.0
2026-08-06 22:30:27,IA-n01_m-mistral-small-24b_sol1_gd0_rs0_bd1_str-neutral_t00_n1,217,3,1,mistralai/Mistral-Small-24B-Instruct-2501,1,0,1,0,neutral,0.0,10.5,0.0
2026-08-06 22:30:45,IA-n01_m-mistral-small-24b_sol1_gd0_rs0_bd1_str-neutral_t00_n1,218,1,1,mistralai/Mistral-Small-24B-Instruct-2501,1,0,1,0,neutral,0.0,15.5,0.0
2026-08-06 22:31:01,IA-n01_m-mistral-small-24b_sol1_gd0_rs0_bd1_str-neutral_t00_n1,218,2,1,mistralai/Mistral-Small-24B-Instruct-2501,1,0,1,0,neutral,0.0,10.0,0.0
2026-08-06 22:31:17,IA-n01_m-mistral-small-24b_sol1_gd0_rs0_bd1_str-neutral_t00_n1,218,3,1,mistralai/Mistral-Small-24B-Instruct-2501,1,0,1,0,neutral,0.0,10.5,0.0
2026-08-06 22:31:34,IA-n01_m-mistral-small-24b_sol1_gd0_rs0_bd1_str-neutral_t00_n1,219,1,1,mistralai/Mistral-Small-24B-Instruct-2501,1,0,1,0,neutral,0.0,21.5,3.0
2026-08-06 22:31:47,IA-n01_m-mistral-small-24b_sol1_gd0_rs0_bd1_str-neutral_t00_n1,219,2,1,mistralai/Mistral-Small-24B-Instruct-2501,1,0,1,0,neutral,0.0,13.0,3.0
2026-08-06 22:32:04,IA-n01_m-mistral-small-24b_sol1_gd0_rs0_bd1_str-neutral_t00_n1,219,3,1,mistralai/Mistral-Small-24B-Instruct-2501,1,0,1,0,neutral,0.0,15.5,0.0
2026-08-06 22:32:21,IA-n01_m-mistral-small-24b_sol1_gd0_rs0_bd1_str-neutral_t00_n1,220,1,1,mistralai/Mistral-Small-24B-Instruct-2501,1,0,1,0,neutral,0.0,19.5,0.0
2026-08-06 22:32:34,IA-n01_m-mistral-small-24b_sol1_gd0_rs0_bd1_str-neutral_t00_n1,220,2,1,mistralai/Mistral-Small-24B-Instruct-2501,1,0,1,0,neutral,0.0,12.0,0.0
2026-08-06 22:32:51,IA-n01_m-mistral-small-24b_sol1_gd0_rs0_bd1_str-neutral_t00_n1,220,3,1,mistralai/Mistral-Small-24B-Instruct-2501,1,0,1,0,neutral,0.0,16.5,0.0
2026-08-06 22:33:09,IA-n01_m-mistral-small-24b_sol1_gd0_rs0_bd1_str-neutral_t00_n1,221,1,1,mistralai/Mistral-Small-24B-Instruct-2501,1,0,1,0,neutral,0.0,12.5,0.0
2026-08-06 22:33:21,IA-n01_m-mistral-small-24b_sol1_gd0_rs0_bd1_str-neutral_t00_n1,221,2,1,mistralai/Mistral-Small-24B-Instruct-2501,1,0,1,0,neutral,0.0,13.0,0.0
2026-08-06 22:33:38,IA-n01_m-mistral-small-24b_sol1_gd0_rs0_bd1_str-neutral_t00_n1,221,3,1,mistralai/Mistral-Small-24B-Instruct-2501,1,0,1,0,neutral,0.0,14.5,0.0
2026-08-06 22:33:56,IA-n01_m-mistral-small-24b_sol1_gd0_rs0_bd1_str-neutral_t00_n1,222,1,1,mistralai/Mistral-Small-24B-Instruct-2501,1,0,1,0,neutral,0.0,18.5,0.0
2026-08-06 22:34:11,IA-n01_m-mistral-small-24b_sol1_gd0_rs0_bd1_str-neutral_t00_n1,222,2,1,mistralai/Mistral-Small-24B-Instruct-2501,1,0,1,0,neutral,0.0,12.0,0.0
2026-08-06 22:34:29,IA-n01_m-mistral-small-24b_sol1_gd0_rs0_bd1_str-neutral_t00_n1,222,3,1,mistralai/Mistral-Small-24B-Instruct-2501,1,0,1,0,neutral,0.0,14.5,0.0
2026-08-06 22:34:47,IA-n01_m-mistral-small-24b_sol1_gd0_rs0_bd1_str-neutral_t00_n1,223,1,1,mistralai/Mistral-Small-24B-Instruct-2501,1,0,1,0,neutral,0.0,18.5,0.0
2026-08-06 22:35:01,IA-n01_m-mistral-small-24b_sol1_gd0_rs0_bd1_str-neutral_t00_n1,223,2,1,mistralai/Mistral-Small-24B-Instruct-2501,1,0,1,0,neutral,0.0,10.0,0.0
2026-08-06 22:35:18,IA-n01_m-mistral-small-24b_sol1_gd0_rs0_bd1_str-neutral_t00_n1,223,3,1,mistralai/Mistral-Small-24B-Instruct-2501,1,0,1,0,neutral,0.0,12.5,0.0
2026-08-06 22:35:36,IA-n01_m-mistral-small-24b_sol1_gd0_rs0_bd1_str-neutral_t00_n1,224,1,1,mistralai/Mistral-Small-24B-Instruct-2501,1,0,1,0,neutral,0.0,16.5,0.0
2026-08-06 22:35:52,IA-n01_m-mistral-small-24b_sol1_gd0_rs0_bd1_str-neutral_t00_n1,224,3,1,mistralai/Mistral-Small-24B-Instruct-2501,1,0,1,0,neutral,0.0,14.5,0.0
2026-08-06 22:36:11,IA-n01_m-mistral-small-24b_sol1_gd0_rs0_bd1_str-neutral_t00_n1,225,1,1,mistralai/Mistral-Small-24B-Instruct-2501,1,0,1,0,neutral,0.0,15.5,0.0
2026-08-06 22:36:24,IA-n01_m-mistral-small-24b_sol1_gd0_rs0_bd1_str-neutral_t00_n1,225,2,1,mistralai/Mistral-Small-24B-Instruct-2501,1,0,1,0,neutral,0.0,8.0,0.0
2026-08-06 22:36:43,IA-n01_m-mistral-small-24b_sol1_gd0_rs0_bd1_str-neutral_t00_n1,225,3,1,mistralai/Mistral-Small-24B-Instruct-2501,1,0,1,0,neutral,0.0,10.5,0.0
2026-08-06 22:37:01,IA-n01_m-mistral-small-24b_sol1_gd0_rs0_bd1_str-neutral_t00_n1,226,1,1,mistralai/Mistral-Small-24B-Instruct-2501,1,0,1,0,neutral,0.0,14.5,0.0
2026-08-06 22:37:15,IA-n01_m-mistral-small-24b_sol1_gd0_rs0_bd1_str-neutral_t00_n1,226,2,1,mistralai/Mistral-Small-24B-Instruct-2501,1,0,1,0,neutral,0.0,10.0,0.0
2026-08-06 22:37:31,IA-n01_m-mistral-small-24b_sol1_gd0_rs0_bd1_str-neutral_t00_n1,226,3,1,mistralai/Mistral-Small-24B-Instruct-2501,1,0,1,0,neutral,0.0,14.5,0.0
2026-08-06 22:37:49,IA-n01_m-mistral-small-24b_sol1_gd0_rs0_bd1_str-neutral_t00_n1,227,1,1,mistralai/Mistral-Small-24B-Instruct-2501,1,0,1,0,neutral,0.0,18.5,0.0
2026-08-06 22:38:05,IA-n01_m-mistral-small-24b_sol1_gd0_rs0_bd1_str-neutral_t00_n1,227,2,1,mistralai/Mistral-Small-24B-Instruct-2501,1,0,1,0,neutral,0.0,10.0,0.0
2026-08-06 22:38:23,IA-n01_m-mistral-small-24b_sol1_gd0_rs0_bd1_str-neutral_t00_n1,228,1,1,mistralai/Mistral-Small-24B-Instruct-2501,1,0,1,0,neutral,0.0,19.5,0.0
2026-08-06 22:38:37,IA-n01_m-mistral-small-24b_sol1_gd0_rs0_bd1_str-neutral_t00_n1,228,2,1,mistralai/Mistral-Small-24B-Instruct-2501,1,0,1,0,neutral,0.0,10.0,0.0
2026-08-06 22:38:55,IA-n01_m-mistral-small-24b_sol1_gd0_rs0_bd1_str-neutral_t00_n1,228,3,1,mistralai/Mistral-Small-24B-Instruct-2501,1,0,1,0,neutral,0.0,16.5,0.0
2026-08-06 22:39:13,IA-n01_m-mistral-small-24b_sol1_gd0_rs0_bd1_str-neutral_t00_n1,229,1,1,mistralai/Mistral-Small-24B-Instruct-2501,1,0,1,0,neutral,0.0,12.5,0.0
2026-08-06 22:39:28,IA-n01_m-mistral-small-24b_sol1_gd0_rs0_bd1_str-neutral_t00_n1,229,2,1,mistralai/Mistral-Small-24B-Instruct-2501,1,0,1,0,neutral,0.0,10.0,0.0
2026-08-06 22:39:46,IA-n01_m-mistral-small-24b_sol1_gd0_rs0_bd1_str-neutral_t00_n1,229,3,1,mistralai/Mistral-Small-24B-Instruct-2501,1,0,1,0,neutral,0.0,14.5,0.0
2026-08-06 22:40:04,IA-n01_m-mistral-small-24b_sol1_gd0_rs0_bd1_str-neutral_t00_n1,230,1,1,mistralai/Mistral-Small-24B-Instruct-2501,1,0,1,0,neutral,0.0,16.5,0.0
2026-08-06 22:40:25,IA-n01_m-mistral-small-24b_sol1_gd0_rs0_bd1_str-neutral_t00_n1,230,2,1,mistralai/Mistral-Small-24B-Instruct-2501,1,0,1,0,neutral,0.0,10.0,0.0
2026-08-06 22:40:40,IA-n01_m-mistral-small-24b_sol1_gd0_rs0_bd1_str-neutral_t00_n1,230,3,1,mistralai/Mistral-Small-24B-Instruct-2501,1,0,1,0,neutral,0.0,10.5,0.0
2026-08-06 22:40:59,IA-n01_m-mistral-small-24b_sol1_gd0_rs0_bd1_str-neutral_t00_n1,231,1,1,mistralai/Mistral-Small-24B-Instruct-2501,1,0,1,0,neutral,0.0,16.5,0.0
2026-08-06 22:41:14,IA-n01_m-mistral-small-24b_sol1_gd0_rs0_bd1_str-neutral_t00_n1,231,2,1,mistralai/Mistral-Small-24B-Instruct-2501,1,0,1,0,neutral,0.0,10.0,0.0
2026-08-06 22:41:31,IA-n01_m-mistral-small-24b_sol1_gd0_rs0_bd1_str-neutral_t00_n1,231,3,1,mistralai/Mistral-Small-24B-Instruct-2501,1,0,1,0,neutral,0.0,14.5,0.0
2026-08-06 22:41:49,IA-n01_m-mistral-small-24b_sol1_gd0_rs0_bd1_str-neutral_t00_n1,232,1,1,mistralai/Mistral-Small-24B-Instruct-2501,1,0,1,0,neutral,0.0,18.5,0.0
2026-08-06 22:42:04,IA-n01_m-mistral-small-24b_sol1_gd0_rs0_bd1_str-neutral_t00_n1,232,2,1,mistralai/Mistral-Small-24B-Instruct-2501,1,0,1,0,neutral,0.0,10.0,0.0
2026-08-06 22:42:20,IA-n01_m-mistral-small-24b_sol1_gd0_rs0_bd1_str-neutral_t00_n1,232,3,1,mistralai/Mistral-Small-24B-Instruct-2501,1,0,1,0,neutral,0.0,12.5,0.0
2026-08-06 22:42:37,IA-n01_m-mistral-small-24b_sol1_gd0_rs0_bd1_str-neutral_t00_n1,233,1,1,mistralai/Mistral-Small-24B-Instruct-2501,1,0,1,0,neutral,0.0,14.5,0.0
2026-08-06 22:42:50,IA-n01_m-mistral-small-24b_sol1_gd0_rs0_bd1_str-neutral_t00_n1,233,2,1,mistralai/Mistral-Small-24B-Instruct-2501,1,0,1,0,neutral,0.0,10.0,0.0
2026-08-06 22:43:07,IA-n01_m-mistral-small-24b_sol1_gd0_rs0_bd1_str-neutral_t00_n1,233,3,1,mistralai/Mistral-Small-24B-Instruct-2501,1,0,1,0,neutral,0.0,16.5,0.0
2026-08-06 22:43:24,IA-n01_m-mistral-small-24b_sol1_gd0_rs0_bd1_str-neutral_t00_n1,234,1,1,mistralai/Mistral-Small-24B-Instruct-2501,1,0,1,0,neutral,0.0,14.5,0.0
2026-08-06 22:43:38,IA-n01_m-mistral-small-24b_sol1_gd0_rs0_bd1_str-neutral_t00_n1,234,2,1,mistralai/Mistral-Small-24B-Instruct-2501,1,0,1,0,neutral,0.0,10.0,0.0
2026-08-06 22:43:55,IA-n01_m-mistral-small-24b_sol1_gd0_rs0_bd1_str-neutral_t00_n1,234,3,1,mistralai/Mistral-Small-24B-Instruct-2501,1,0,1,0,neutral,0.0,12.5,0.0
2026-08-06 22:44:12,IA-n01_m-mistral-small-24b_sol1_gd0_rs0_bd1_str-neutral_t00_n1,235,1,1,mistralai/Mistral-Small-24B-Instruct-2501,1,0,1,0,neutral,0.0,20.5,0.0
2026-08-06 22:44:25,IA-n01_m-mistral-small-24b_sol1_gd0_rs0_bd1_str-neutral_t00_n1,235,2,1,mistralai/Mistral-Small-24B-Instruct-2501,1,0,1,0,neutral,0.0,12.0,0.0
2026-08-06 22:44:44,IA-n01_m-mistral-small-24b_sol1_gd0_rs0_bd1_str-neutral_t00_n1,235,3,1,mistralai/Mistral-Small-24B-Instruct-2501,1,0,1,0,neutral,0.0,12.5,0.0
2026-08-06 22:45:02,IA-n01_m-mistral-small-24b_sol1_gd0_rs0_bd1_str-neutral_t00_n1,236,1,1,mistralai/Mistral-Small-24B-Instruct-2501,1,0,1,0,neutral,0.0,18.5,0.0
2026-08-06 22:45:16,IA-n01_m-mistral-small-24b_sol1_gd0_rs0_bd1_str-neutral_t00_n1,236,2,1,mistralai/Mistral-Small-24B-Instruct-2501,1,0,1,0,neutral,0.0,10.0,0.0
2026-08-06 22:45:33,IA-n01_m-mistral-small-24b_sol1_gd0_rs0_bd1_str-neutral_t00_n1,236,3,1,mistralai/Mistral-Small-24B-Instruct-2501,1,0,1,0,neutral,0.0,16.5,0.0
2026-08-06 22:45:51,IA-n01_m-mistral-small-24b_sol1_gd0_rs0_bd1_str-neutral_t00_n1,237,1,1,mistralai/Mistral-Small-24B-Instruct-2501,1,0,1,0,neutral,0.0,14.5,0.0
2026-08-06 22:46:05,IA-n01_m-mistral-small-24b_sol1_gd0_rs0_bd1_str-neutral_t00_n1,237,2,1,mistralai/Mistral-Small-24B-Instruct-2501,1,0,1,0,neutral,0.0,10.5,0.0
2026-08-06 22:46:25,IA-n01_m-mistral-small-24b_sol1_gd0_rs0_bd1_str-neutral_t00_n1,238,1,1,mistralai/Mistral-Small-24B-Instruct-2501,1,0,1,0,neutral,0.0,15.5,0.0
2026-08-06 22:46:39,IA-n01_m-mistral-small-24b_sol1_gd0_rs0_bd1_str-neutral_t00_n1,238,2,1,mistralai/Mistral-Small-24B-Instruct-2501,1,0,1,0,neutral,0.0,12.0,0.0
2026-08-06 22:46:58,IA-n01_m-mistral-small-24b_sol1_gd0_rs0_bd1_str-neutral_t00_n1,238,3,1,mistralai/Mistral-Small-24B-Instruct-2501,1,0,1,0,neutral,0.0,10.5,0.0
2026-08-06 22:47:17,IA-n01_m-mistral-small-24b_sol1_gd0_rs0_bd1_str-neutral_t00_n1,239,1,1,mistralai/Mistral-Small-24B-Instruct-2501,1,0,1,0,neutral,0.0,14.5,0.0
2026-08-06 22:47:30,IA-n01_m-mistral-small-24b_sol1_gd0_rs0_bd1_str-neutral_t00_n1,239,2,1,mistralai/Mistral-Small-24B-Instruct-2501,1,0,1,0,neutral,0.0,10.0,0.0
2026-08-06 22:47:45,IA-n01_m-mistral-small-24b_sol1_gd0_rs0_bd1_str-neutral_t00_n1,239,3,1,mistralai/Mistral-Small-24B-Instruct-2501,1,0,1,0,neutral,0.0,12.5,0.0
2026-08-06 22:48:03,IA-n01_m-mistral-small-24b_sol1_gd0_rs0_bd1_str-neutral_t00_n1,240,1,1,mistralai/Mistral-Small-24B-Instruct-2501,1,0,1,0,neutral,0.0,19.5,0.0
2026-08-06 22:48:18,IA-n01_m-mistral-small-24b_sol1_gd0_rs0_bd1_str-neutral_t00_n1,240,2,1,mistralai/Mistral-Small-24B-Instruct-2501,1,0,1,0,neutral,0.0,10.0,0.0
2026-08-06 22:48:35,IA-n01_m-mistral-small-24b_sol1_gd0_rs0_bd1_str-neutral_t00_n1,240,3,1,mistralai/Mistral-Small-24B-Instruct-2501,1,0,1,0,neutral,0.0,15.5,0.0
2026-08-06 22:48:52,IA-n01_m-mistral-small-24b_sol1_gd0_rs0_bd1_str-neutral_t00_n1,241,1,1,mistralai/Mistral-Small-24B-Instruct-2501,1,0,1,0,neutral,0.0,19.5,0.0
2026-08-06 22:49:06,IA-n01_m-mistral-small-24b_sol1_gd0_rs0_bd1_str-neutral_t00_n1,241,2,1,mistralai/Mistral-Small-24B-Instruct-2501,1,0,1,0,neutral,0.0,10.0,0.0
2026-08-06 22:49:25,IA-n01_m-mistral-small-24b_sol1_gd0_rs0_bd1_str-neutral_t00_n1,241,3,1,mistralai/Mistral-Small-24B-Instruct-2501,1,0,1,0,neutral,0.0,12.5,0.0
2026-08-06 22:49:42,IA-n01_m-mistral-small-24b_sol1_gd0_rs0_bd1_str-neutral_t00_n1,242,1,1,mistralai/Mistral-Small-24B-Instruct-2501,1,0,1,0,neutral,0.0,20.5,0.0
2026-08-06 22:49:57,IA-n01_m-mistral-small-24b_sol1_gd0_rs0_bd1_str-neutral_t00_n1,242,2,1,mistralai/Mistral-Small-24B-Instruct-2501,1,0,1,0,neutral,0.0,10.0,0.0
2026-08-06 22:50:15,IA-n01_m-mistral-small-24b_sol1_gd0_rs0_bd1_str-neutral_t00_n1,242,3,1,mistralai/Mistral-Small-24B-Instruct-2501,1,0,1,0,neutral,0.0,16.5,0.0
2026-08-06 22:50:31,IA-n01_m-mistral-small-24b_sol1_gd0_rs0_bd1_str-neutral_t00_n1,243,1,1,mistralai/Mistral-Small-24B-Instruct-2501,1,0,1,0,neutral,0.0,14.5,0.0
2026-08-06 22:50:46,IA-n01_m-mistral-small-24b_sol1_gd0_rs0_bd1_str-neutral_t00_n1,243,2,1,mistralai/Mistral-Small-24B-Instruct-2501,1,0,1,0,neutral,0.0,10.0,0.0
2026-08-06 22:51:02,IA-n01_m-mistral-small-24b_sol1_gd0_rs0_bd1_str-neutral_t00_n1,243,3,1,mistralai/Mistral-Small-24B-Instruct-2501,1,0,1,0,neutral,0.0,14.5,0.0
2026-08-06 22:51:20,IA-n01_m-mistral-small-24b_sol1_gd0_rs0_bd1_str-neutral_t00_n1,244,1,1,mistralai/Mistral-Small-24B-Instruct-2501,1,0,1,0,neutral,0.0,21.5,0.0
2026-08-06 22:51:33,IA-n01_m-mistral-small-24b_sol1_gd0_rs0_bd1_str-neutral_t00_n1,244,2,1,mistralai/Mistral-Small-24B-Instruct-2501,1,0,1,0,neutral,0.0,13.0,3.0
2026-08-06 22:51:51,IA-n01_m-mistral-small-24b_sol1_gd0_rs0_bd1_str-neutral_t00_n1,244,3,1,mistralai/Mistral-Small-24B-Instruct-2501,1,0,1,0,neutral,0.0,16.5,0.0
2026-08-06 22:52:09,IA-n01_m-mistral-small-24b_sol1_gd0_rs0_bd1_str-neutral_t00_n1,245,1,1,mistralai/Mistral-Small-24B-Instruct-2501,1,0,1,0,neutral,0.0,13.5,0.0
2026-08-06 22:52:25,IA-n01_m-mistral-small-24b_sol1_gd0_rs0_bd1_str-neutral_t00_n1,245,2,1,mistralai/Mistral-Small-24B-Instruct-2501,1,0,1,0,neutral,0.0,10.0,0.0
2026-08-06 22:52:44,IA-n01_m-mistral-small-24b_sol1_gd0_rs0_bd1_str-neutral_t00_n1,245,3,1,mistralai/Mistral-Small-24B-Instruct-2501,1,0,1,0,neutral,0.0,10.5,0.0
2026-08-06 22:53:02,IA-n01_m-mistral-small-24b_sol1_gd0_rs0_bd1_str-neutral_t00_n1,246,1,1,mistralai/Mistral-Small-24B-Instruct-2501,1,0,1,0,neutral,0.0,16.5,0.0
2026-08-06 22:53:16,IA-n01_m-mistral-small-24b_sol1_gd0_rs0_bd1_str-neutral_t00_n1,246,2,1,mistralai/Mistral-Small-24B-Instruct-2501,1,0,1,0,neutral,0.0,10.0,0.0
2026-08-06 22:53:32,IA-n01_m-mistral-small-24b_sol1_gd0_rs0_bd1_str-neutral_t00_n1,246,3,1,mistralai/Mistral-Small-24B-Instruct-2501,1,0,1,0,neutral,0.0,10.5,0.0
2026-08-06 22:53:50,IA-n01_m-mistral-small-24b_sol1_gd0_rs0_bd1_str-neutral_t00_n1,247,1,1,mistralai/Mistral-Small-24B-Instruct-2501,1,0,1,0,neutral,0.0,18.5,0.0
2026-08-06 22:54:04,IA-n01_m-mistral-small-24b_sol1_gd0_rs0_bd1_str-neutral_t00_n1,247,2,1,mistralai/Mistral-Small-24B-Instruct-2501,1,0,1,0,neutral,0.0,10.0,0.0
2026-08-06 22:54:22,IA-n01_m-mistral-small-24b_sol1_gd0_rs0_bd1_str-neutral_t00_n1,247,3,1,mistralai/Mistral-Small-24B-Instruct-2501,1,0,1,0,neutral,0.0,12.5,0.0
2026-08-06 22:54:38,IA-n01_m-mistral-small-24b_sol1_gd0_rs0_bd1_str-neutral_t00_n1,248,1,1,mistralai/Mistral-Small-24B-Instruct-2501,1,0,1,0,neutral,0.0,12.5,0.0
2026-08-06 22:54:55,IA-n01_m-mistral-small-24b_sol1_gd0_rs0_bd1_str-neutral_t00_n1,248,2,1,mistralai/Mistral-Small-24B-Instruct-2501,1,0,1,0,neutral,0.0,4.0,0.0
2026-08-06 22:55:11,IA-n01_m-mistral-small-24b_sol1_gd0_rs0_bd1_str-neutral_t00_n1,248,3,1,mistralai/Mistral-Small-24B-Instruct-2501,1,0,1,0,neutral,0.0,10.5,0.0
2026-08-06 22:55:29,IA-n01_m-mistral-small-24b_sol1_gd0_rs0_bd1_str-neutral_t00_n1,249,1,1,mistralai/Mistral-Small-24B-Instruct-2501,1,0,1,0,neutral,0.0,13.5,0.0
2026-08-06 22:55:47,IA-n01_m-mistral-small-24b_sol1_gd0_rs0_bd1_str-neutral_t00_n1,249,2,1,mistralai/Mistral-Small-24B-Instruct-2501,1,0,1,0,neutral,0.0,2.0,0.0
2026-08-06 22:56:03,IA-n01_m-mistral-small-24b_sol1_gd0_rs0_bd1_str-neutral_t00_n1,249,3,1,mistralai/Mistral-Small-24B-Instruct-2501,1,0,1,0,neutral,0.0,10.5,0.0
2026-08-06 22:56:20,IA-n01_m-mistral-small-24b_sol1_gd0_rs0_bd1_str-neutral_t00_n1,250,1,1,mistralai/Mistral-Small-24B-Instruct-2501,1,0,1,0,neutral,0.0,10.5,0.0
2026-08-06 22:56:35,IA-n01_m-mistral-small-24b_sol1_gd0_rs0_bd1_str-neutral_t00_n1,250,2,1,mistralai/Mistral-Small-24B-Instruct-2501,1,0,1,0,neutral,0.0,10.0,0.0
2026-08-06 22:56:52,IA-n01_m-mistral-small-24b_sol1_gd0_rs0_bd1_str-neutral_t00_n1,250,3,1,mistralai/Mistral-Small-24B-Instruct-2501,1,0,1,0,neutral,0.0,10.5,0.0
2026-08-06 22:57:10,IA-n01_m-mistral-small-24b_sol1_gd0_rs0_bd1_str-neutral_t00_n1,251,1,1,mistralai/Mistral-Small-24B-Instruct-2501,1,0,1,0,neutral,0.0,12.5,0.0
2026-08-06 22:57:24,IA-n01_m-mistral-small-24b_sol1_gd0_rs0_bd1_str-neutral_t00_n1,251,2,1,mistralai/Mistral-Small-24B-Instruct-2501,1,0,1,0,neutral,0.0,10.0,0.0
2026-08-06 22:57:40,IA-n01_m-mistral-small-24b_sol1_gd0_rs0_bd1_str-neutral_t00_n1,251,3,1,mistralai/Mistral-Small-24B-Instruct-2501,1,0,1,0,neutral,0.0,10.5,0.0
2026-08-06 22:57:57,IA-n01_m-mistral-small-24b_sol1_gd0_rs0_bd1_str-neutral_t00_n1,252,1,1,mistralai/Mistral-Small-24B-Instruct-2501,1,0,1,0,neutral,0.0,10.5,0.0
2026-08-06 22:58:10,IA-n01_m-mistral-small-24b_sol1_gd0_rs0_bd1_str-neutral_t00_n1,252,2,1,mistralai/Mistral-Small-24B-Instruct-2501,1,0,1,0,neutral,0.0,10.0,0.0
2026-08-06 22:58:28,IA-n01_m-mistral-small-24b_sol1_gd0_rs0_bd1_str-neutral_t00_n1,252,3,1,mistralai/Mistral-Small-24B-Instruct-2501,1,0,1,0,neutral,0.0,10.5,0.0
2026-08-06 22:58:44,IA-n01_m-mistral-small-24b_sol1_gd0_rs0_bd1_str-neutral_t00_n1,253,1,1,mistralai/Mistral-Small-24B-Instruct-2501,1,0,1,0,neutral,0.0,12.5,0.0
2026-08-06 22:58:59,IA-n01_m-mistral-small-24b_sol1_gd0_rs0_bd1_str-neutral_t00_n1,253,2,1,mistralai/Mistral-Small-24B-Instruct-2501,1,0,1,0,neutral,0.0,7.0,0.0
2026-08-06 22:59:16,IA-n01_m-mistral-small-24b_sol1_gd0_rs0_bd1_str-neutral_t00_n1,253,3,1,mistralai/Mistral-Small-24B-Instruct-2501,1,0,1,0,neutral,0.0,12.5,0.0
2026-08-06 22:59:33,IA-n01_m-mistral-small-24b_sol1_gd0_rs0_bd1_str-neutral_t00_n1,254,1,1,mistralai/Mistral-Small-24B-Instruct-2501,1,0,1,0,neutral,0.0,10.5,0.0
2026-08-06 22:59:47,IA-n01_m-mistral-small-24b_sol1_gd0_rs0_bd1_str-neutral_t00_n1,254,2,1,mistralai/Mistral-Small-24B-Instruct-2501,1,0,1,0,neutral,0.0,10.0,0.0
2026-08-06 23:00:03,IA-n01_m-mistral-small-24b_sol1_gd0_rs0_bd1_str-neutral_t00_n1,254,3,1,mistralai/Mistral-Small-24B-Instruct-2501,1,0,1,0,neutral,0.0,10.5,0.0
2026-08-06 23:00:22,IA-n01_m-mistral-small-24b_sol1_gd0_rs0_bd1_str-neutral_t00_n1,255,1,1,mistralai/Mistral-Small-24B-Instruct-2501,1,0,1,0,neutral,0.0,15.5,0.0
2026-08-06 23:00:36,IA-n01_m-mistral-small-24b_sol1_gd0_rs0_bd1_str-neutral_t00_n1,255,2,1,mistralai/Mistral-Small-24B-Instruct-2501,1,0,1,0,neutral,0.0,10.0,0.0
2026-08-06 23:00:53,IA-n01_m-mistral-small-24b_sol1_gd0_rs0_bd1_str-neutral_t00_n1,255,3,1,mistralai/Mistral-Small-24B-Instruct-2501,1,0,1,0,neutral,0.0,14.5,0.0
2026-08-06 23:01:10,IA-n01_m-mistral-small-24b_sol1_gd0_rs0_bd1_str-neutral_t00_n1,256,1,1,mistralai/Mistral-Small-24B-Instruct-2501,1,0,1,0,neutral,0.0,10.5,0.0
2026-08-06 23:01:32,IA-n01_m-mistral-small-24b_sol1_gd0_rs0_bd1_str-neutral_t00_n1,256,2,1,mistralai/Mistral-Small-24B-Instruct-2501,1,0,1,0,neutral,0.0,10.0,0.0
2026-08-06 23:01:51,IA-n01_m-mistral-small-24b_sol1_gd0_rs0_bd1_str-neutral_t00_n1,256,3,1,mistralai/Mistral-Small-24B-Instruct-2501,1,0,1,0,neutral,0.0,10.5,0.0
2026-08-06 23:02:06,IA-n01_m-mistral-small-24b_sol1_gd0_rs0_bd1_str-neutral_t00_n1,257,1,1,mistralai/Mistral-Small-24B-Instruct-2501,1,0,1,0,neutral,0.0,0.0,0.0
2026-08-06 23:02:26,IA-n01_m-mistral-small-24b_sol1_gd0_rs0_bd1_str-neutral_t00_n1,257,2,1,mistralai/Mistral-Small-24B-Instruct-2501,1,0,1,0,neutral,0.0,3.0,0.0
2026-08-06 23:02:42,IA-n01_m-mistral-small-24b_sol1_gd0_rs0_bd1_str-neutral_t00_n1,257,3,1,mistralai/Mistral-Small-24B-Instruct-2501,1,0,1,0,neutral,0.0,0.0,0.0
2026-08-06 23:03:00,IA-n01_m-mistral-small-24b_sol1_gd0_rs0_bd1_str-neutral_t00_n1,258,1,1,mistralai/Mistral-Small-24B-Instruct-2501,1,0,1,0,neutral,0.0,14.5,0.0
2026-08-06 23:03:16,IA-n01_m-mistral-small-24b_sol1_gd0_rs0_bd1_str-neutral_t00_n1,258,2,1,mistralai/Mistral-Small-24B-Instruct-2501,1,0,1,0,neutral,0.0,10.0,0.0
2026-08-06 23:03:34,IA-n01_m-mistral-small-24b_sol1_gd0_rs0_bd1_str-neutral_t00_n1,259,1,1,mistralai/Mistral-Small-24B-Instruct-2501,1,0,1,0,neutral,0.0,12.5,0.0
2026-08-06 23:03:50,IA-n01_m-mistral-small-24b_sol1_gd0_rs0_bd1_str-neutral_t00_n1,259,2,1,mistralai/Mistral-Small-24B-Instruct-2501,1,0,1,0,neutral,0.0,10.0,0.0
2026-08-06 23:04:08,IA-n01_m-mistral-small-24b_sol1_gd0_rs0_bd1_str-neutral_t00_n1,259,3,1,mistralai/Mistral-Small-24B-Instruct-2501,1,0,1,0,neutral,0.0,10.5,0.0
2026-08-06 23:04:28,IA-n01_m-mistral-small-24b_sol1_gd0_rs0_bd1_str-neutral_t00_n1,260,1,1,mistralai/Mistral-Small-24B-Instruct-2501,1,0,1,0,neutral,0.0,18.5,0.0
2026-08-06 23:04:44,IA-n01_m-mistral-small-24b_sol1_gd0_rs0_bd1_str-neutral_t00_n1,260,3,1,mistralai/Mistral-Small-24B-Instruct-2501,1,0,1,0,neutral,0.0,12.5,0.0
2026-08-06 23:05:03,IA-n01_m-mistral-small-24b_sol1_gd0_rs0_bd1_str-neutral_t00_n1,261,1,1,mistralai/Mistral-Small-24B-Instruct-2501,1,0,1,0,neutral,0.0,14.5,0.0
2026-08-06 23:05:18,IA-n01_m-mistral-small-24b_sol1_gd0_rs0_bd1_str-neutral_t00_n1,261,2,1,mistralai/Mistral-Small-24B-Instruct-2501,1,0,1,0,neutral,0.0,10.0,0.0
2026-08-06 23:05:35,IA-n01_m-mistral-small-24b_sol1_gd0_rs0_bd1_str-neutral_t00_n1,261,3,1,mistralai/Mistral-Small-24B-Instruct-2501,1,0,1,0,neutral,0.0,12.5,0.0
2026-08-06 23:05:54,IA-n01_m-mistral-small-24b_sol1_gd0_rs0_bd1_str-neutral_t00_n1,262,1,1,mistralai/Mistral-Small-24B-Instruct-2501,1,0,1,0,neutral,0.0,16.5,0.0
2026-08-06 23:06:08,IA-n01_m-mistral-small-24b_sol1_gd0_rs0_bd1_str-neutral_t00_n1,262,2,1,mistralai/Mistral-Small-24B-Instruct-2501,1,0,1,0,neutral,0.0,10.5,0.0
2026-08-06 23:06:26,IA-n01_m-mistral-small-24b_sol1_gd0_rs0_bd1_str-neutral_t00_n1,262,3,1,mistralai/Mistral-Small-24B-Instruct-2501,1,0,1,0,neutral,0.0,10.5,0.0
2026-08-06 23:06:44,IA-n01_m-mistral-small-24b_sol1_gd0_rs0_bd1_str-neutral_t00_n1,263,1,1,mistralai/Mistral-Small-24B-Instruct-2501,1,0,1,0,neutral,0.0,16.5,0.0
2026-08-06 23:06:59,IA-n01_m-mistral-small-24b_sol1_gd0_rs0_bd1_str-neutral_t00_n1,263,2,1,mistralai/Mistral-Small-24B-Instruct-2501,1,0,1,0,neutral,0.0,10.0,0.0
2026-08-06 23:07:15,IA-n01_m-mistral-small-24b_sol1_gd0_rs0_bd1_str-neutral_t00_n1,263,3,1,mistralai/Mistral-Small-24B-Instruct-2501,1,0,1,0,neutral,0.0,10.5,0.0
2026-08-06 23:07:34,IA-n01_m-mistral-small-24b_sol1_gd0_rs0_bd1_str-neutral_t00_n1,264,1,1,mistralai/Mistral-Small-24B-Instruct-2501,1,0,1,0,neutral,0.0,22.5,3.0
2026-08-06 23:07:47,IA-n01_m-mistral-small-24b_sol1_gd0_rs0_bd1_str-neutral_t00_n1,264,2,1,mistralai/Mistral-Small-24B-Instruct-2501,1,0,1,0,neutral,0.0,13.0,3.0
2026-08-06 23:08:07,IA-n01_m-mistral-small-24b_sol1_gd0_rs0_bd1_str-neutral_t00_n1,264,3,1,mistralai/Mistral-Small-24B-Instruct-2501,1,0,1,0,neutral,0.0,18.5,3.0
2026-08-06 23:08:25,IA-n01_m-mistral-small-24b_sol1_gd0_rs0_bd1_str-neutral_t00_n1,265,1,1,mistralai/Mistral-Small-24B-Instruct-2501,1,0,1,0,neutral,0.0,18.5,0.0
2026-08-06 23:08:39,IA-n01_m-mistral-small-24b_sol1_gd0_rs0_bd1_str-neutral_t00_n1,265,2,1,mistralai/Mistral-Small-24B-Instruct-2501,1,0,1,0,neutral,0.0,10.0,0.0
2026-08-06 23:08:56,IA-n01_m-mistral-small-24b_sol1_gd0_rs0_bd1_str-neutral_t00_n1,265,3,1,mistralai/Mistral-Small-24B-Instruct-2501,1,0,1,0,neutral,0.0,16.5,0.0
2026-08-06 23:09:14,IA-n01_m-mistral-small-24b_sol1_gd0_rs0_bd1_str-neutral_t00_n1,266,1,1,mistralai/Mistral-Small-24B-Instruct-2501,1,0,1,0,neutral,0.0,22.5,3.0
2026-08-06 23:09:29,IA-n01_m-mistral-small-24b_sol1_gd0_rs0_bd1_str-neutral_t00_n1,266,2,1,mistralai/Mistral-Small-24B-Instruct-2501,1,0,1,0,neutral,0.0,13.0,3.0
2026-08-06 23:09:44,IA-n01_m-mistral-small-24b_sol1_gd0_rs0_bd1_str-neutral_t00_n1,266,3,1,mistralai/Mistral-Small-24B-Instruct-2501,1,0,1,0,neutral,0.0,18.5,3.0
2026-08-06 23:10:02,IA-n01_m-mistral-small-24b_sol1_gd0_rs0_bd1_str-neutral_t00_n1,267,1,1,mistralai/Mistral-Small-24B-Instruct-2501,1,0,1,0,neutral,0.0,19.5,3.0
2026-08-06 23:10:18,IA-n01_m-mistral-small-24b_sol1_gd0_rs0_bd1_str-neutral_t00_n1,267,2,1,mistralai/Mistral-Small-24B-Instruct-2501,1,0,1,0,neutral,0.0,10.0,0.0
2026-08-06 23:10:37,IA-n01_m-mistral-small-24b_sol1_gd0_rs0_bd1_str-neutral_t00_n1,267,3,1,mistralai/Mistral-Small-24B-Instruct-2501,1,0,1,0,neutral,0.0,17.5,0.0
2026-08-06 23:10:54,IA-n01_m-mistral-small-24b_sol1_gd0_rs0_bd1_str-neutral_t00_n1,268,1,1,mistralai/Mistral-Small-24B-Instruct-2501,1,0,1,0,neutral,0.0,20.5,0.0
2026-08-06 23:11:07,IA-n01_m-mistral-small-24b_sol1_gd0_rs0_bd1_str-neutral_t00_n1,268,2,1,mistralai/Mistral-Small-24B-Instruct-2501,1,0,1,0,neutral,0.0,13.0,0.0
2026-08-06 23:11:25,IA-n01_m-mistral-small-24b_sol1_gd0_rs0_bd1_str-neutral_t00_n1,268,3,1,mistralai/Mistral-Small-24B-Instruct-2501,1,0,1,0,neutral,0.0,17.5,0.0
2026-08-06 23:11:42,IA-n01_m-mistral-small-24b_sol1_gd0_rs0_bd1_str-neutral_t00_n1,269,1,1,mistralai/Mistral-Small-24B-Instruct-2501,1,0,1,0,neutral,0.0,10.5,0.0
2026-08-06 23:11:55,IA-n01_m-mistral-small-24b_sol1_gd0_rs0_bd1_str-neutral_t00_n1,269,2,1,mistralai/Mistral-Small-24B-Instruct-2501,1,0,1,0,neutral,0.0,10.0,0.0
2026-08-06 23:12:10,IA-n01_m-mistral-small-24b_sol1_gd0_rs0_bd1_str-neutral_t00_n1,269,3,1,mistralai/Mistral-Small-24B-Instruct-2501,1,0,1,0,neutral,0.0,0.0,0.0
2026-08-06 23:12:29,IA-n01_m-mistral-small-24b_sol1_gd0_rs0_bd1_str-neutral_t00_n1,270,1,1,mistralai/Mistral-Small-24B-Instruct-2501,1,0,1,0,neutral,0.0,18.5,0.0
2026-08-06 23:12:43,IA-n01_m-mistral-small-24b_sol1_gd0_rs0_bd1_str-neutral_t00_n1,270,2,1,mistralai/Mistral-Small-24B-Instruct-2501,1,0,1,0,neutral,0.0,12.0,0.0
2026-08-06 23:12:58,IA-n01_m-mistral-small-24b_sol1_gd0_rs0_bd1_str-neutral_t00_n1,270,3,1,mistralai/Mistral-Small-24B-Instruct-2501,1,0,1,0,neutral,0.0,10.5,0.0
2026-08-06 23:13:16,IA-n01_m-mistral-small-24b_sol1_gd0_rs0_bd1_str-neutral_t00_n1,271,1,1,mistralai/Mistral-Small-24B-Instruct-2501,1,0,1,0,neutral,0.0,19.5,0.0
2026-08-06 23:13:32,IA-n01_m-mistral-small-24b_sol1_gd0_rs0_bd1_str-neutral_t00_n1,271,2,1,mistralai/Mistral-Small-24B-Instruct-2501,1,0,1,0,neutral,0.0,10.0,0.0
2026-08-06 23:13:48,IA-n01_m-mistral-small-24b_sol1_gd0_rs0_bd1_str-neutral_t00_n1,271,3,1,mistralai/Mistral-Small-24B-Instruct-2501,1,0,1,0,neutral,0.0,10.5,0.0
2026-08-06 23:14:07,IA-n01_m-mistral-small-24b_sol1_gd0_rs0_bd1_str-neutral_t00_n1,272,1,1,mistralai/Mistral-Small-24B-Instruct-2501,1,0,1,0,neutral,0.0,21.5,3.0
2026-08-06 23:14:20,IA-n01_m-mistral-small-24b_sol1_gd0_rs0_bd1_str-neutral_t00_n1,272,2,1,mistralai/Mistral-Small-24B-Instruct-2501,1,0,1,0,neutral,0.0,12.0,3.0
2026-08-06 23:14:37,IA-n01_m-mistral-small-24b_sol1_gd0_rs0_bd1_str-neutral_t00_n1,272,3,1,mistralai/Mistral-Small-24B-Instruct-2501,1,0,1,0,neutral,0.0,17.5,0.0
2026-08-06 23:14:56,IA-n01_m-mistral-small-24b_sol1_gd0_rs0_bd1_str-neutral_t00_n1,273,1,1,mistralai/Mistral-Small-24B-Instruct-2501,1,0,1,0,neutral,0.0,16.5,0.0
2026-08-06 23:15:10,IA-n01_m-mistral-small-24b_sol1_gd0_rs0_bd1_str-neutral_t00_n1,273,2,1,mistralai/Mistral-Small-24B-Instruct-2501,1,0,1,0,neutral,0.0,13.0,3.0
2026-08-06 23:15:27,IA-n01_m-mistral-small-24b_sol1_gd0_rs0_bd1_str-neutral_t00_n1,273,3,1,mistralai/Mistral-Small-24B-Instruct-2501,1,0,1,0,neutral,0.0,13.5,0.0
2026-08-06 23:15:44,IA-n01_m-mistral-small-24b_sol1_gd0_rs0_bd1_str-neutral_t00_n1,274,1,1,mistralai/Mistral-Small-24B-Instruct-2501,1,0,1,0,neutral,0.0,19.5,3.0
2026-08-06 23:15:57,IA-n01_m-mistral-small-24b_sol1_gd0_rs0_bd1_str-neutral_t00_n1,274,2,1,mistralai/Mistral-Small-24B-Instruct-2501,1,0,1,0,neutral,0.0,12.0,0.0
2026-08-06 23:16:16,IA-n01_m-mistral-small-24b_sol1_gd0_rs0_bd1_str-neutral_t00_n1,274,3,1,mistralai/Mistral-Small-24B-Instruct-2501,1,0,1,0,neutral,0.0,18.5,3.0
2026-08-06 23:16:36,IA-n01_m-mistral-small-24b_sol1_gd0_rs0_bd1_str-neutral_t00_n1,275,1,1,mistralai/Mistral-Small-24B-Instruct-2501,1,0,1,0,neutral,0.0,16.5,0.0
2026-08-06 23:16:49,IA-n01_m-mistral-small-24b_sol1_gd0_rs0_bd1_str-neutral_t00_n1,275,2,1,mistralai/Mistral-Small-24B-Instruct-2501,1,0,1,0,neutral,0.0,12.0,0.0
2026-08-06 23:17:05,IA-n01_m-mistral-small-24b_sol1_gd0_rs0_bd1_str-neutral_t00_n1,275,3,1,mistralai/Mistral-Small-24B-Instruct-2501,1,0,1,0,neutral,0.0,14.5,0.0
2026-08-06 23:17:24,IA-n01_m-mistral-small-24b_sol1_gd0_rs0_bd1_str-neutral_t00_n1,276,1,1,mistralai/Mistral-Small-24B-Instruct-2501,1,0,1,0,neutral,0.0,20.5,0.0
2026-08-06 23:17:37,IA-n01_m-mistral-small-24b_sol1_gd0_rs0_bd1_str-neutral_t00_n1,276,2,1,mistralai/Mistral-Small-24B-Instruct-2501,1,0,1,0,neutral,0.0,12.0,0.0
2026-08-06 23:17:53,IA-n01_m-mistral-small-24b_sol1_gd0_rs0_bd1_str-neutral_t00_n1,276,3,1,mistralai/Mistral-Small-24B-Instruct-2501,1,0,1,0,neutral,0.0,0.0,0.0
2026-08-06 23:18:11,IA-n01_m-mistral-small-24b_sol1_gd0_rs0_bd1_str-neutral_t00_n1,277,1,1,mistralai/Mistral-Small-24B-Instruct-2501,1,0,1,0,neutral,0.0,21.5,0.0
2026-08-06 23:18:25,IA-n01_m-mistral-small-24b_sol1_gd0_rs0_bd1_str-neutral_t00_n1,277,2,1,mistralai/Mistral-Small-24B-Instruct-2501,1,0,1,0,neutral,0.0,10.5,0.0
2026-08-06 23:18:43,IA-n01_m-mistral-small-24b_sol1_gd0_rs0_bd1_str-neutral_t00_n1,277,3,1,mistralai/Mistral-Small-24B-Instruct-2501,1,0,1,0,neutral,0.0,14.5,0.0
2026-08-06 23:19:00,IA-n01_m-mistral-small-24b_sol1_gd0_rs0_bd1_str-neutral_t00_n1,278,1,1,mistralai/Mistral-Small-24B-Instruct-2501,1,0,1,0,neutral,0.0,22.0,3.0
2026-08-06 23:19:15,IA-n01_m-mistral-small-24b_sol1_gd0_rs0_bd1_str-neutral_t00_n1,278,2,1,mistralai/Mistral-Small-24B-Instruct-2501,1,0,1,0,neutral,0.0,13.0,3.0
2026-08-06 23:19:32,IA-n01_m-mistral-small-24b_sol1_gd0_rs0_bd1_str-neutral_t00_n1,278,3,1,mistralai/Mistral-Small-24B-Instruct-2501,1,0,1,0,neutral,0.0,18.5,0.0
2026-08-06 23:19:49,IA-n01_m-mistral-small-24b_sol1_gd0_rs0_bd1_str-neutral_t00_n1,279,1,1,mistralai/Mistral-Small-24B-Instruct-2501,1,0,1,0,neutral,0.0,10.5,0.0
2026-08-06 23:20:05,IA-n01_m-mistral-small-24b_sol1_gd0_rs0_bd1_str-neutral_t00_n1,279,2,1,mistralai/Mistral-Small-24B-Instruct-2501,1,0,1,0,neutral,0.0,10.0,0.0
2026-08-06 23:20:21,IA-n01_m-mistral-small-24b_sol1_gd0_rs0_bd1_str-neutral_t00_n1,279,3,1,mistralai/Mistral-Small-24B-Instruct-2501,1,0,1,0,neutral,0.0,10.5,0.0
2026-08-06 23:20:39,IA-n01_m-mistral-small-24b_sol1_gd0_rs0_bd1_str-neutral_t00_n1,280,1,1,mistralai/Mistral-Small-24B-Instruct-2501,1,0,1,0,neutral,0.0,14.5,0.0
2026-08-06 23:20:53,IA-n01_m-mistral-small-24b_sol1_gd0_rs0_bd1_str-neutral_t00_n1,280,2,1,mistralai/Mistral-Small-24B-Instruct-2501,1,0,1,0,neutral,0.0,10.0,0.0
2026-08-06 23:20:56,IA-n01_m-mistral-small-24b_sol1_gd0_rs0_bd1_str-neutral_t00_n1,280,3,1,mistralai/Mistral-Small-24B-Instruct-2501,1,0,1,0,neutral,0.0,10.5,0.0
