timestamp,tag,student,question,run,model,use_solution,use_reasoning,use_breakdown,use_guidelines,strictness,temperature,score,bonus
2026-08-11 17:47:40,IA15_m-deepseek-coder-v2-lite_sol1_gd0_rs0_bd1_str-lenient_t00_n1,1,1,1,deepseek-ai/DeepSeek-Coder-V2-Lite-Instruct,1,0,1,0,lenient,0.0,18.0,0.0
2026-08-11 17:47:48,IA15_m-deepseek-coder-v2-lite_sol1_gd0_rs0_bd1_str-lenient_t00_n1,1,3,1,deepseek-ai/DeepSeek-Coder-V2-Lite-Instruct,1,0,1,0,lenient,0.0,14.0,0.0
2026-08-11 17:47:55,IA15_m-deepseek-coder-v2-lite_sol1_gd0_rs0_bd1_str-lenient_t00_n1,2,1,1,deepseek-ai/DeepSeek-Coder-V2-Lite-Instruct,1,0,1,0,lenient,0.0,13.0,0.0
2026-08-11 17:48:02,IA15_m-deepseek-coder-v2-lite_sol1_gd0_rs0_bd1_str-lenient_t00_n1,2,2,1,deepseek-ai/DeepSeek-Coder-V2-Lite-Instruct,1,0,1,0,lenient,0.0,12.0,0.0
2026-08-11 17:48:10,IA15_m-deepseek-coder-v2-lite_sol1_gd0_rs0_bd1_str-lenient_t00_n1,2,3,1,deepseek-ai/DeepSeek-Coder-V2-Lite-Instruct,1,0,1,0,lenient,0.0,17.0,0.0
2026-08-11 17:48:17,IA15_m-deepseek-coder-v2-lite_sol1_gd0_rs0_bd1_str-lenient_t00_n1,3,1,1,deepseek-ai/DeepSeek-Coder-V2-Lite-Instruct,1,0,1,0,lenient,0.0,18.0,0.0
2026-08-11 17:48:22,IA15_m-deepseek-coder-v2-lite_sol1_gd0_rs0_bd1_str-lenient_t00_n1,3,2,1,deepseek-ai/DeepSeek-Coder-V2-Lite-Instruct,1,0,1,0,lenient,0.0,12.0,0.0
2026-08-11 17:48:29,IA15_m-deepseek-coder-v2-lite_sol1_gd0_rs0_bd1_str-lenient_t00_n1,3,3,1,deepseek-ai/DeepSeek-Coder-V2-Lite-Instruct,1,0,1,0,lenient,0.0,14.0,0.0
2026-08-11 17:48:36,IA15_m-deepseek-coder-v2-lite_sol1_gd0_rs0_bd1_str-lenient_t00_n1,4,1,1,deepseek-ai/DeepSeek-Coder-V2-Lite-Instruct,1,0,1,0,lenient,0.0,18.0,0.0
2026-08-11 17:48:42,IA15_m-deepseek-coder-v2-lite_sol1_gd0_rs0_bd1_str-lenient_t00_n1,4,2,1,deepseek-ai/DeepSeek-Coder-V2-Lite-Instruct,1,0,1,0,lenient,0.0,12.0,0.0
2026-08-11 17:48:49,IA15_m-deepseek-coder-v2-lite_sol1_gd0_rs0_bd1_str-lenient_t00_n1,4,3,1,deepseek-ai/DeepSeek-Coder-V2-Lite-Instruct,1,0,1,0,lenient,0.0,16.0,0.0
2026-08-11 17:48:56,IA15_m-deepseek-coder-v2-lite_sol1_gd0_rs0_bd1_str-lenient_t00_n1,5,1,1,deepseek-ai/DeepSeek-Coder-V2-Lite-Instruct,1,0,1,0,lenient,0.0,18.0,0.0
2026-08-11 17:49:01,IA15_m-deepseek-coder-v2-lite_sol1_gd0_rs0_bd1_str-lenient_t00_n1,5,2,1,deepseek-ai/DeepSeek-Coder-V2-Lite-Instruct,1,0,1,0,lenient,0.0,12.0,0.0
2026-08-11 17:49:09,IA15_m-deepseek-coder-v2-lite_sol1_gd0_rs0_bd1_str-lenient_t00_n1,5,3,1,deepseek-ai/DeepSeek-Coder-V2-Lite-Instruct,1,0,1,0,lenient,0.0,17.0,0.0
2026-08-11 17:49:16,IA15_m-deepseek-coder-v2-lite_sol1_gd0_rs0_bd1_str-lenient_t00_n1,6,1,1,deepseek-ai/DeepSeek-Coder-V2-Lite-Instruct,1,0,1,0,lenient,0.0,18.0,0.0
2026-08-11 17:49:21,IA15_m-deepseek-coder-v2-lite_sol1_gd0_rs0_bd1_str-lenient_t00_n1,6,2,1,deepseek-ai/DeepSeek-Coder-V2-Lite-Instruct,1,0,1,0,lenient,0.0,12.0,0.0
2026-08-11 17:49:28,IA15_m-deepseek-coder-v2-lite_sol1_gd0_rs0_bd1_str-lenient_t00_n1,6,3,1,deepseek-ai/DeepSeek-Coder-V2-Lite-Instruct,1,0,1,0,lenient,0.0,14.0,0.0
2026-08-11 17:49:35,IA15_m-deepseek-coder-v2-lite_sol1_gd0_rs0_bd1_str-lenient_t00_n1,7,1,1,deepseek-ai/DeepSeek-Coder-V2-Lite-Instruct,1,0,1,0,lenient,0.0,15.0,0.0
2026-08-11 17:49:43,IA15_m-deepseek-coder-v2-lite_sol1_gd0_rs0_bd1_str-lenient_t00_n1,8,1,1,deepseek-ai/DeepSeek-Coder-V2-Lite-Instruct,1,0,1,0,lenient,0.0,15.0,0.0
2026-08-11 17:49:52,IA15_m-deepseek-coder-v2-lite_sol1_gd0_rs0_bd1_str-lenient_t00_n1,8,2,1,deepseek-ai/DeepSeek-Coder-V2-Lite-Instruct,1,0,1,0,lenient,0.0,10.0,0.0
2026-08-11 17:49:57,IA15_m-deepseek-coder-v2-lite_sol1_gd0_rs0_bd1_str-lenient_t00_n1,8,3,1,deepseek-ai/DeepSeek-Coder-V2-Lite-Instruct,1,0,1,0,lenient,0.0,14.0,0.0
2026-08-11 17:50:05,IA15_m-deepseek-coder-v2-lite_sol1_gd0_rs0_bd1_str-lenient_t00_n1,9,1,1,deepseek-ai/DeepSeek-Coder-V2-Lite-Instruct,1,0,1,0,lenient,0.0,18.0,0.0
2026-08-11 17:50:11,IA15_m-deepseek-coder-v2-lite_sol1_gd0_rs0_bd1_str-lenient_t00_n1,9,2,1,deepseek-ai/DeepSeek-Coder-V2-Lite-Instruct,1,0,1,0,lenient,0.0,12.0,0.0
2026-08-11 17:50:18,IA15_m-deepseek-coder-v2-lite_sol1_gd0_rs0_bd1_str-lenient_t00_n1,9,3,1,deepseek-ai/DeepSeek-Coder-V2-Lite-Instruct,1,0,1,0,lenient,0.0,16.0,0.0
2026-08-11 17:50:27,IA15_m-deepseek-coder-v2-lite_sol1_gd0_rs0_bd1_str-lenient_t00_n1,10,1,1,deepseek-ai/DeepSeek-Coder-V2-Lite-Instruct,1,0,1,0,lenient,0.0,21.0,2.0
2026-08-11 17:50:34,IA15_m-deepseek-coder-v2-lite_sol1_gd0_rs0_bd1_str-lenient_t00_n1,10,2,1,deepseek-ai/DeepSeek-Coder-V2-Lite-Instruct,1,0,1,0,lenient,0.0,13.0,0.0
2026-08-11 17:50:37,IA15_m-deepseek-coder-v2-lite_sol1_gd0_rs0_bd1_str-lenient_t00_n1,10,3,1,deepseek-ai/DeepSeek-Coder-V2-Lite-Instruct,1,0,1,0,lenient,0.0,17.0,0.0
2026-08-11 17:50:45,IA15_m-deepseek-coder-v2-lite_sol1_gd0_rs0_bd1_str-lenient_t00_n1,11,1,1,deepseek-ai/DeepSeek-Coder-V2-Lite-Instruct,1,0,1,0,lenient,0.0,15.0,0.0
2026-08-11 17:50:52,IA15_m-deepseek-coder-v2-lite_sol1_gd0_rs0_bd1_str-lenient_t00_n1,11,2,1,deepseek-ai/DeepSeek-Coder-V2-Lite-Instruct,1,0,1,0,lenient,0.0,12.0,0.0
2026-08-11 17:51:00,IA15_m-deepseek-coder-v2-lite_sol1_gd0_rs0_bd1_str-lenient_t00_n1,11,3,1,deepseek-ai/DeepSeek-Coder-V2-Lite-Instruct,1,0,1,0,lenient,0.0,17.0,0.0
2026-08-11 17:51:07,IA15_m-deepseek-coder-v2-lite_sol1_gd0_rs0_bd1_str-lenient_t00_n1,12,1,1,deepseek-ai/DeepSeek-Coder-V2-Lite-Instruct,1,0,1,0,lenient,0.0,18.0,0.0
2026-08-11 17:51:13,IA15_m-deepseek-coder-v2-lite_sol1_gd0_rs0_bd1_str-lenient_t00_n1,12,2,1,deepseek-ai/DeepSeek-Coder-V2-Lite-Instruct,1,0,1,0,lenient,0.0,12.0,0.0
2026-08-11 17:51:20,IA15_m-deepseek-coder-v2-lite_sol1_gd0_rs0_bd1_str-lenient_t00_n1,12,3,1,deepseek-ai/DeepSeek-Coder-V2-Lite-Instruct,1,0,1,0,lenient,0.0,14.0,0.0
2026-08-11 17:51:28,IA15_m-deepseek-coder-v2-lite_sol1_gd0_rs0_bd1_str-lenient_t00_n1,13,1,1,deepseek-ai/DeepSeek-Coder-V2-Lite-Instruct,1,0,1,0,lenient,0.0,18.0,0.0
2026-08-11 17:51:34,IA15_m-deepseek-coder-v2-lite_sol1_gd0_rs0_bd1_str-lenient_t00_n1,13,2,1,deepseek-ai/DeepSeek-Coder-V2-Lite-Instruct,1,0,1,0,lenient,0.0,12.0,0.0
2026-08-11 17:51:41,IA15_m-deepseek-coder-v2-lite_sol1_gd0_rs0_bd1_str-lenient_t00_n1,13,3,1,deepseek-ai/DeepSeek-Coder-V2-Lite-Instruct,1,0,1,0,lenient,0.0,14.0,0.0
2026-08-11 17:51:48,IA15_m-deepseek-coder-v2-lite_sol1_gd0_rs0_bd1_str-lenient_t00_n1,14,1,1,deepseek-ai/DeepSeek-Coder-V2-Lite-Instruct,1,0,1,0,lenient,0.0,18.0,0.0
2026-08-11 17:51:55,IA15_m-deepseek-coder-v2-lite_sol1_gd0_rs0_bd1_str-lenient_t00_n1,14,2,1,deepseek-ai/DeepSeek-Coder-V2-Lite-Instruct,1,0,1,0,lenient,0.0,12.0,0.0
2026-08-11 17:52:02,IA15_m-deepseek-coder-v2-lite_sol1_gd0_rs0_bd1_str-lenient_t00_n1,14,3,1,deepseek-ai/DeepSeek-Coder-V2-Lite-Instruct,1,0,1,0,lenient,0.0,16.0,0.0
2026-08-11 17:52:09,IA15_m-deepseek-coder-v2-lite_sol1_gd0_rs0_bd1_str-lenient_t00_n1,15,1,1,deepseek-ai/DeepSeek-Coder-V2-Lite-Instruct,1,0,1,0,lenient,0.0,18.0,0.0
2026-08-11 17:52:14,IA15_m-deepseek-coder-v2-lite_sol1_gd0_rs0_bd1_str-lenient_t00_n1,15,2,1,deepseek-ai/DeepSeek-Coder-V2-Lite-Instruct,1,0,1,0,lenient,0.0,12.0,0.0
2026-08-11 17:52:22,IA15_m-deepseek-coder-v2-lite_sol1_gd0_rs0_bd1_str-lenient_t00_n1,15,3,1,deepseek-ai/DeepSeek-Coder-V2-Lite-Instruct,1,0,1,0,lenient,0.0,14.0,0.0
2026-08-11 17:52:29,IA15_m-deepseek-coder-v2-lite_sol1_gd0_rs0_bd1_str-lenient_t00_n1,16,1,1,deepseek-ai/DeepSeek-Coder-V2-Lite-Instruct,1,0,1,0,lenient,0.0,18.0,0.0
2026-08-11 17:52:35,IA15_m-deepseek-coder-v2-lite_sol1_gd0_rs0_bd1_str-lenient_t00_n1,16,2,1,deepseek-ai/DeepSeek-Coder-V2-Lite-Instruct,1,0,1,0,lenient,0.0,12.0,0.0
2026-08-11 17:52:43,IA15_m-deepseek-coder-v2-lite_sol1_gd0_rs0_bd1_str-lenient_t00_n1,17,1,1,deepseek-ai/DeepSeek-Coder-V2-Lite-Instruct,1,0,1,0,lenient,0.0,18.0,0.0
2026-08-11 17:52:48,IA15_m-deepseek-coder-v2-lite_sol1_gd0_rs0_bd1_str-lenient_t00_n1,17,2,1,deepseek-ai/DeepSeek-Coder-V2-Lite-Instruct,1,0,1,0,lenient,0.0,12.0,0.0
2026-08-11 17:52:55,IA15_m-deepseek-coder-v2-lite_sol1_gd0_rs0_bd1_str-lenient_t00_n1,17,3,1,deepseek-ai/DeepSeek-Coder-V2-Lite-Instruct,1,0,1,0,lenient,0.0,14.0,0.0
2026-08-11 17:53:03,IA15_m-deepseek-coder-v2-lite_sol1_gd0_rs0_bd1_str-lenient_t00_n1,18,1,1,deepseek-ai/DeepSeek-Coder-V2-Lite-Instruct,1,0,1,0,lenient,0.0,18.0,0.0
2026-08-11 17:53:10,IA15_m-deepseek-coder-v2-lite_sol1_gd0_rs0_bd1_str-lenient_t00_n1,18,2,1,deepseek-ai/DeepSeek-Coder-V2-Lite-Instruct,1,0,1,0,lenient,0.0,12.0,0.0
2026-08-11 17:53:15,IA15_m-deepseek-coder-v2-lite_sol1_gd0_rs0_bd1_str-lenient_t00_n1,18,3,1,deepseek-ai/DeepSeek-Coder-V2-Lite-Instruct,1,0,1,0,lenient,0.0,14.0,0.0
2026-08-11 17:53:23,IA15_m-deepseek-coder-v2-lite_sol1_gd0_rs0_bd1_str-lenient_t00_n1,19,1,1,deepseek-ai/DeepSeek-Coder-V2-Lite-Instruct,1,0,1,0,lenient,0.0,15.0,0.0
2026-08-11 17:53:30,IA15_m-deepseek-coder-v2-lite_sol1_gd0_rs0_bd1_str-lenient_t00_n1,20,1,1,deepseek-ai/DeepSeek-Coder-V2-Lite-Instruct,1,0,1,0,lenient,0.0,18.0,0.0
2026-08-11 17:53:36,IA15_m-deepseek-coder-v2-lite_sol1_gd0_rs0_bd1_str-lenient_t00_n1,20,2,1,deepseek-ai/DeepSeek-Coder-V2-Lite-Instruct,1,0,1,0,lenient,0.0,12.0,0.0
2026-08-11 17:53:42,IA15_m-deepseek-coder-v2-lite_sol1_gd0_rs0_bd1_str-lenient_t00_n1,20,3,1,deepseek-ai/DeepSeek-Coder-V2-Lite-Instruct,1,0,1,0,lenient,0.0,16.0,0.0
2026-08-11 17:53:50,IA15_m-deepseek-coder-v2-lite_sol1_gd0_rs0_bd1_str-lenient_t00_n1,21,1,1,deepseek-ai/DeepSeek-Coder-V2-Lite-Instruct,1,0,1,0,lenient,0.0,18.0,0.0
2026-08-11 17:53:55,IA15_m-deepseek-coder-v2-lite_sol1_gd0_rs0_bd1_str-lenient_t00_n1,21,2,1,deepseek-ai/DeepSeek-Coder-V2-Lite-Instruct,1,0,1,0,lenient,0.0,12.0,0.0
2026-08-11 17:54:02,IA15_m-deepseek-coder-v2-lite_sol1_gd0_rs0_bd1_str-lenient_t00_n1,21,3,1,deepseek-ai/DeepSeek-Coder-V2-Lite-Instruct,1,0,1,0,lenient,0.0,17.0,0.0
2026-08-11 17:54:10,IA15_m-deepseek-coder-v2-lite_sol1_gd0_rs0_bd1_str-lenient_t00_n1,22,2,1,deepseek-ai/DeepSeek-Coder-V2-Lite-Instruct,1,0,1,0,lenient,0.0,12.0,0.0
2026-08-11 17:54:17,IA15_m-deepseek-coder-v2-lite_sol1_gd0_rs0_bd1_str-lenient_t00_n1,23,1,1,deepseek-ai/DeepSeek-Coder-V2-Lite-Instruct,1,0,1,0,lenient,0.0,18.0,0.0
2026-08-11 17:54:24,IA15_m-deepseek-coder-v2-lite_sol1_gd0_rs0_bd1_str-lenient_t00_n1,23,2,1,deepseek-ai/DeepSeek-Coder-V2-Lite-Instruct,1,0,1,0,lenient,0.0,12.0,0.0
2026-08-11 17:54:31,IA15_m-deepseek-coder-v2-lite_sol1_gd0_rs0_bd1_str-lenient_t00_n1,23,3,1,deepseek-ai/DeepSeek-Coder-V2-Lite-Instruct,1,0,1,0,lenient,0.0,17.0,0.0
2026-08-11 17:54:39,IA15_m-deepseek-coder-v2-lite_sol1_gd0_rs0_bd1_str-lenient_t00_n1,24,1,1,deepseek-ai/DeepSeek-Coder-V2-Lite-Instruct,1,0,1,0,lenient,0.0,18.0,0.0
2026-08-11 17:54:44,IA15_m-deepseek-coder-v2-lite_sol1_gd0_rs0_bd1_str-lenient_t00_n1,24,2,1,deepseek-ai/DeepSeek-Coder-V2-Lite-Instruct,1,0,1,0,lenient,0.0,12.0,0.0
2026-08-11 17:54:52,IA15_m-deepseek-coder-v2-lite_sol1_gd0_rs0_bd1_str-lenient_t00_n1,24,3,1,deepseek-ai/DeepSeek-Coder-V2-Lite-Instruct,1,0,1,0,lenient,0.0,14.0,0.0
2026-08-11 17:54:59,IA15_m-deepseek-coder-v2-lite_sol1_gd0_rs0_bd1_str-lenient_t00_n1,25,1,1,deepseek-ai/DeepSeek-Coder-V2-Lite-Instruct,1,0,1,0,lenient,0.0,18.0,0.0
2026-08-11 17:55:04,IA15_m-deepseek-coder-v2-lite_sol1_gd0_rs0_bd1_str-lenient_t00_n1,25,2,1,deepseek-ai/DeepSeek-Coder-V2-Lite-Instruct,1,0,1,0,lenient,0.0,12.0,0.0
2026-08-11 17:55:11,IA15_m-deepseek-coder-v2-lite_sol1_gd0_rs0_bd1_str-lenient_t00_n1,25,3,1,deepseek-ai/DeepSeek-Coder-V2-Lite-Instruct,1,0,1,0,lenient,0.0,17.0,0.0
2026-08-11 17:55:18,IA15_m-deepseek-coder-v2-lite_sol1_gd0_rs0_bd1_str-lenient_t00_n1,26,1,1,deepseek-ai/DeepSeek-Coder-V2-Lite-Instruct,1,0,1,0,lenient,0.0,18.0,0.0
2026-08-11 17:55:24,IA15_m-deepseek-coder-v2-lite_sol1_gd0_rs0_bd1_str-lenient_t00_n1,26,2,1,deepseek-ai/DeepSeek-Coder-V2-Lite-Instruct,1,0,1,0,lenient,0.0,12.0,0.0
2026-08-11 17:55:32,IA15_m-deepseek-coder-v2-lite_sol1_gd0_rs0_bd1_str-lenient_t00_n1,27,1,1,deepseek-ai/DeepSeek-Coder-V2-Lite-Instruct,1,0,1,0,lenient,0.0,18.0,0.0
2026-08-11 17:55:37,IA15_m-deepseek-coder-v2-lite_sol1_gd0_rs0_bd1_str-lenient_t00_n1,27,2,1,deepseek-ai/DeepSeek-Coder-V2-Lite-Instruct,1,0,1,0,lenient,0.0,12.0,0.0
2026-08-11 17:55:45,IA15_m-deepseek-coder-v2-lite_sol1_gd0_rs0_bd1_str-lenient_t00_n1,27,3,1,deepseek-ai/DeepSeek-Coder-V2-Lite-Instruct,1,0,1,0,lenient,0.0,15.0,0.0
2026-08-11 17:55:52,IA15_m-deepseek-coder-v2-lite_sol1_gd0_rs0_bd1_str-lenient_t00_n1,28,1,1,deepseek-ai/DeepSeek-Coder-V2-Lite-Instruct,1,0,1,0,lenient,0.0,18.0,0.0
2026-08-11 17:55:57,IA15_m-deepseek-coder-v2-lite_sol1_gd0_rs0_bd1_str-lenient_t00_n1,28,2,1,deepseek-ai/DeepSeek-Coder-V2-Lite-Instruct,1,0,1,0,lenient,0.0,12.0,0.0
2026-08-11 17:56:04,IA15_m-deepseek-coder-v2-lite_sol1_gd0_rs0_bd1_str-lenient_t00_n1,28,3,1,deepseek-ai/DeepSeek-Coder-V2-Lite-Instruct,1,0,1,0,lenient,0.0,17.0,0.0
2026-08-11 17:56:13,IA15_m-deepseek-coder-v2-lite_sol1_gd0_rs0_bd1_str-lenient_t00_n1,29,1,1,deepseek-ai/DeepSeek-Coder-V2-Lite-Instruct,1,0,1,0,lenient,0.0,20.0,0.0
2026-08-11 17:56:20,IA15_m-deepseek-coder-v2-lite_sol1_gd0_rs0_bd1_str-lenient_t00_n1,29,2,1,deepseek-ai/DeepSeek-Coder-V2-Lite-Instruct,1,0,1,0,lenient,0.0,13.0,0.0
2026-08-11 17:56:24,IA15_m-deepseek-coder-v2-lite_sol1_gd0_rs0_bd1_str-lenient_t00_n1,29,3,1,deepseek-ai/DeepSeek-Coder-V2-Lite-Instruct,1,0,1,0,lenient,0.0,17.0,2.0
2026-08-11 17:56:32,IA15_m-deepseek-coder-v2-lite_sol1_gd0_rs0_bd1_str-lenient_t00_n1,30,1,1,deepseek-ai/DeepSeek-Coder-V2-Lite-Instruct,1,0,1,0,lenient,0.0,18.0,0.0
2026-08-11 17:56:37,IA15_m-deepseek-coder-v2-lite_sol1_gd0_rs0_bd1_str-lenient_t00_n1,30,2,1,deepseek-ai/DeepSeek-Coder-V2-Lite-Instruct,1,0,1,0,lenient,0.0,12.0,0.0
2026-08-11 17:56:44,IA15_m-deepseek-coder-v2-lite_sol1_gd0_rs0_bd1_str-lenient_t00_n1,30,3,1,deepseek-ai/DeepSeek-Coder-V2-Lite-Instruct,1,0,1,0,lenient,0.0,17.0,0.0
2026-08-11 17:56:51,IA15_m-deepseek-coder-v2-lite_sol1_gd0_rs0_bd1_str-lenient_t00_n1,31,1,1,deepseek-ai/DeepSeek-Coder-V2-Lite-Instruct,1,0,1,0,lenient,0.0,15.0,0.0
2026-08-11 17:56:57,IA15_m-deepseek-coder-v2-lite_sol1_gd0_rs0_bd1_str-lenient_t00_n1,31,2,1,deepseek-ai/DeepSeek-Coder-V2-Lite-Instruct,1,0,1,0,lenient,0.0,12.0,0.0
2026-08-11 17:57:04,IA15_m-deepseek-coder-v2-lite_sol1_gd0_rs0_bd1_str-lenient_t00_n1,31,3,1,deepseek-ai/DeepSeek-Coder-V2-Lite-Instruct,1,0,1,0,lenient,0.0,16.0,0.0
2026-08-11 17:57:11,IA15_m-deepseek-coder-v2-lite_sol1_gd0_rs0_bd1_str-lenient_t00_n1,32,1,1,deepseek-ai/DeepSeek-Coder-V2-Lite-Instruct,1,0,1,0,lenient,0.0,18.0,0.0
2026-08-11 17:57:18,IA15_m-deepseek-coder-v2-lite_sol1_gd0_rs0_bd1_str-lenient_t00_n1,32,2,1,deepseek-ai/DeepSeek-Coder-V2-Lite-Instruct,1,0,1,0,lenient,0.0,12.0,0.0
2026-08-11 17:57:25,IA15_m-deepseek-coder-v2-lite_sol1_gd0_rs0_bd1_str-lenient_t00_n1,32,3,1,deepseek-ai/DeepSeek-Coder-V2-Lite-Instruct,1,0,1,0,lenient,0.0,14.0,0.0
2026-08-11 17:57:33,IA15_m-deepseek-coder-v2-lite_sol1_gd0_rs0_bd1_str-lenient_t00_n1,33,1,1,deepseek-ai/DeepSeek-Coder-V2-Lite-Instruct,1,0,1,0,lenient,0.0,18.0,0.0
2026-08-11 17:57:39,IA15_m-deepseek-coder-v2-lite_sol1_gd0_rs0_bd1_str-lenient_t00_n1,33,2,1,deepseek-ai/DeepSeek-Coder-V2-Lite-Instruct,1,0,1,0,lenient,0.0,5.0,0.0
2026-08-11 17:57:46,IA15_m-deepseek-coder-v2-lite_sol1_gd0_rs0_bd1_str-lenient_t00_n1,33,3,1,deepseek-ai/DeepSeek-Coder-V2-Lite-Instruct,1,0,1,0,lenient,0.0,17.0,0.0
2026-08-11 17:57:54,IA15_m-deepseek-coder-v2-lite_sol1_gd0_rs0_bd1_str-lenient_t00_n1,34,1,1,deepseek-ai/DeepSeek-Coder-V2-Lite-Instruct,1,0,1,0,lenient,0.0,18.0,0.0
2026-08-11 17:58:01,IA15_m-deepseek-coder-v2-lite_sol1_gd0_rs0_bd1_str-lenient_t00_n1,35,1,1,deepseek-ai/DeepSeek-Coder-V2-Lite-Instruct,1,0,1,0,lenient,0.0,15.0,0.0
2026-08-11 17:58:06,IA15_m-deepseek-coder-v2-lite_sol1_gd0_rs0_bd1_str-lenient_t00_n1,35,2,1,deepseek-ai/DeepSeek-Coder-V2-Lite-Instruct,1,0,1,0,lenient,0.0,12.0,0.0
2026-08-11 17:58:14,IA15_m-deepseek-coder-v2-lite_sol1_gd0_rs0_bd1_str-lenient_t00_n1,35,3,1,deepseek-ai/DeepSeek-Coder-V2-Lite-Instruct,1,0,1,0,lenient,0.0,14.0,0.0
2026-08-11 17:58:21,IA15_m-deepseek-coder-v2-lite_sol1_gd0_rs0_bd1_str-lenient_t00_n1,36,1,1,deepseek-ai/DeepSeek-Coder-V2-Lite-Instruct,1,0,1,0,lenient,0.0,15.0,0.0
2026-08-11 17:58:29,IA15_m-deepseek-coder-v2-lite_sol1_gd0_rs0_bd1_str-lenient_t00_n1,37,1,1,deepseek-ai/DeepSeek-Coder-V2-Lite-Instruct,1,0,1,0,lenient,0.0,15.0,0.0
2026-08-11 17:58:36,IA15_m-deepseek-coder-v2-lite_sol1_gd0_rs0_bd1_str-lenient_t00_n1,37,2,1,deepseek-ai/DeepSeek-Coder-V2-Lite-Instruct,1,0,1,0,lenient,0.0,10.0,0.0
2026-08-11 17:58:42,IA15_m-deepseek-coder-v2-lite_sol1_gd0_rs0_bd1_str-lenient_t00_n1,37,3,1,deepseek-ai/DeepSeek-Coder-V2-Lite-Instruct,1,0,1,0,lenient,0.0,14.0,0.0
2026-08-11 17:58:50,IA15_m-deepseek-coder-v2-lite_sol1_gd0_rs0_bd1_str-lenient_t00_n1,38,1,1,deepseek-ai/DeepSeek-Coder-V2-Lite-Instruct,1,0,1,0,lenient,0.0,18.0,0.0
2026-08-11 17:58:55,IA15_m-deepseek-coder-v2-lite_sol1_gd0_rs0_bd1_str-lenient_t00_n1,38,2,1,deepseek-ai/DeepSeek-Coder-V2-Lite-Instruct,1,0,1,0,lenient,0.0,12.0,0.0
2026-08-11 17:59:02,IA15_m-deepseek-coder-v2-lite_sol1_gd0_rs0_bd1_str-lenient_t00_n1,38,3,1,deepseek-ai/DeepSeek-Coder-V2-Lite-Instruct,1,0,1,0,lenient,0.0,16.0,0.0
2026-08-11 17:59:10,IA15_m-deepseek-coder-v2-lite_sol1_gd0_rs0_bd1_str-lenient_t00_n1,39,1,1,deepseek-ai/DeepSeek-Coder-V2-Lite-Instruct,1,0,1,0,lenient,0.0,18.0,0.0
2026-08-11 17:59:16,IA15_m-deepseek-coder-v2-lite_sol1_gd0_rs0_bd1_str-lenient_t00_n1,39,2,1,deepseek-ai/DeepSeek-Coder-V2-Lite-Instruct,1,0,1,0,lenient,0.0,12.0,0.0
2026-08-11 17:59:23,IA15_m-deepseek-coder-v2-lite_sol1_gd0_rs0_bd1_str-lenient_t00_n1,39,3,1,deepseek-ai/DeepSeek-Coder-V2-Lite-Instruct,1,0,1,0,lenient,0.0,17.0,0.0
2026-08-11 17:59:31,IA15_m-deepseek-coder-v2-lite_sol1_gd0_rs0_bd1_str-lenient_t00_n1,40,1,1,deepseek-ai/DeepSeek-Coder-V2-Lite-Instruct,1,0,1,0,lenient,0.0,18.0,0.0
2026-08-11 17:59:36,IA15_m-deepseek-coder-v2-lite_sol1_gd0_rs0_bd1_str-lenient_t00_n1,40,2,1,deepseek-ai/DeepSeek-Coder-V2-Lite-Instruct,1,0,1,0,lenient,0.0,12.0,0.0
2026-08-11 17:59:43,IA15_m-deepseek-coder-v2-lite_sol1_gd0_rs0_bd1_str-lenient_t00_n1,40,3,1,deepseek-ai/DeepSeek-Coder-V2-Lite-Instruct,1,0,1,0,lenient,0.0,17.0,0.0
2026-08-11 17:59:51,IA15_m-deepseek-coder-v2-lite_sol1_gd0_rs0_bd1_str-lenient_t00_n1,41,1,1,deepseek-ai/DeepSeek-Coder-V2-Lite-Instruct,1,0,1,0,lenient,0.0,18.0,0.0
2026-08-11 17:59:57,IA15_m-deepseek-coder-v2-lite_sol1_gd0_rs0_bd1_str-lenient_t00_n1,41,2,1,deepseek-ai/DeepSeek-Coder-V2-Lite-Instruct,1,0,1,0,lenient,0.0,12.0,0.0
2026-08-11 18:00:04,IA15_m-deepseek-coder-v2-lite_sol1_gd0_rs0_bd1_str-lenient_t00_n1,41,3,1,deepseek-ai/DeepSeek-Coder-V2-Lite-Instruct,1,0,1,0,lenient,0.0,14.0,0.0
2026-08-11 18:00:12,IA15_m-deepseek-coder-v2-lite_sol1_gd0_rs0_bd1_str-lenient_t00_n1,42,1,1,deepseek-ai/DeepSeek-Coder-V2-Lite-Instruct,1,0,1,0,lenient,0.0,18.0,0.0
2026-08-11 18:00:17,IA15_m-deepseek-coder-v2-lite_sol1_gd0_rs0_bd1_str-lenient_t00_n1,42,2,1,deepseek-ai/DeepSeek-Coder-V2-Lite-Instruct,1,0,1,0,lenient,0.0,12.0,0.0
2026-08-11 18:00:24,IA15_m-deepseek-coder-v2-lite_sol1_gd0_rs0_bd1_str-lenient_t00_n1,42,3,1,deepseek-ai/DeepSeek-Coder-V2-Lite-Instruct,1,0,1,0,lenient,0.0,17.0,0.0
2026-08-11 18:00:32,IA15_m-deepseek-coder-v2-lite_sol1_gd0_rs0_bd1_str-lenient_t00_n1,43,1,1,deepseek-ai/DeepSeek-Coder-V2-Lite-Instruct,1,0,1,0,lenient,0.0,15.0,0.0
2026-08-11 18:00:37,IA15_m-deepseek-coder-v2-lite_sol1_gd0_rs0_bd1_str-lenient_t00_n1,43,2,1,deepseek-ai/DeepSeek-Coder-V2-Lite-Instruct,1,0,1,0,lenient,0.0,12.0,0.0
2026-08-11 18:00:44,IA15_m-deepseek-coder-v2-lite_sol1_gd0_rs0_bd1_str-lenient_t00_n1,43,3,1,deepseek-ai/DeepSeek-Coder-V2-Lite-Instruct,1,0,1,0,lenient,0.0,17.0,0.0
2026-08-11 18:00:52,IA15_m-deepseek-coder-v2-lite_sol1_gd0_rs0_bd1_str-lenient_t00_n1,44,1,1,deepseek-ai/DeepSeek-Coder-V2-Lite-Instruct,1,0,1,0,lenient,0.0,18.0,0.0
2026-08-11 18:00:59,IA15_m-deepseek-coder-v2-lite_sol1_gd0_rs0_bd1_str-lenient_t00_n1,44,2,1,deepseek-ai/DeepSeek-Coder-V2-Lite-Instruct,1,0,1,0,lenient,0.0,12.0,0.0
2026-08-11 18:01:07,IA15_m-deepseek-coder-v2-lite_sol1_gd0_rs0_bd1_str-lenient_t00_n1,44,3,1,deepseek-ai/DeepSeek-Coder-V2-Lite-Instruct,1,0,1,0,lenient,0.0,14.0,0.0
2026-08-11 18:01:14,IA15_m-deepseek-coder-v2-lite_sol1_gd0_rs0_bd1_str-lenient_t00_n1,45,1,1,deepseek-ai/DeepSeek-Coder-V2-Lite-Instruct,1,0,1,0,lenient,0.0,18.0,0.0
2026-08-11 18:01:20,IA15_m-deepseek-coder-v2-lite_sol1_gd0_rs0_bd1_str-lenient_t00_n1,45,2,1,deepseek-ai/DeepSeek-Coder-V2-Lite-Instruct,1,0,1,0,lenient,0.0,11.0,0.0
2026-08-11 18:01:27,IA15_m-deepseek-coder-v2-lite_sol1_gd0_rs0_bd1_str-lenient_t00_n1,45,3,1,deepseek-ai/DeepSeek-Coder-V2-Lite-Instruct,1,0,1,0,lenient,0.0,16.0,0.0
2026-08-11 18:01:35,IA15_m-deepseek-coder-v2-lite_sol1_gd0_rs0_bd1_str-lenient_t00_n1,46,1,1,deepseek-ai/DeepSeek-Coder-V2-Lite-Instruct,1,0,1,0,lenient,0.0,18.0,0.0
2026-08-11 18:01:40,IA15_m-deepseek-coder-v2-lite_sol1_gd0_rs0_bd1_str-lenient_t00_n1,46,2,1,deepseek-ai/DeepSeek-Coder-V2-Lite-Instruct,1,0,1,0,lenient,0.0,12.0,0.0
2026-08-11 18:01:47,IA15_m-deepseek-coder-v2-lite_sol1_gd0_rs0_bd1_str-lenient_t00_n1,46,3,1,deepseek-ai/DeepSeek-Coder-V2-Lite-Instruct,1,0,1,0,lenient,0.0,14.0,0.0
2026-08-11 18:01:54,IA15_m-deepseek-coder-v2-lite_sol1_gd0_rs0_bd1_str-lenient_t00_n1,47,1,1,deepseek-ai/DeepSeek-Coder-V2-Lite-Instruct,1,0,1,0,lenient,0.0,15.0,0.0
2026-08-11 18:02:01,IA15_m-deepseek-coder-v2-lite_sol1_gd0_rs0_bd1_str-lenient_t00_n1,47,2,1,deepseek-ai/DeepSeek-Coder-V2-Lite-Instruct,1,0,1,0,lenient,0.0,12.0,0.0
2026-08-11 18:02:09,IA15_m-deepseek-coder-v2-lite_sol1_gd0_rs0_bd1_str-lenient_t00_n1,47,3,1,deepseek-ai/DeepSeek-Coder-V2-Lite-Instruct,1,0,1,0,lenient,0.0,14.0,0.0
2026-08-11 18:02:15,IA15_m-deepseek-coder-v2-lite_sol1_gd0_rs0_bd1_str-lenient_t00_n1,48,1,1,deepseek-ai/DeepSeek-Coder-V2-Lite-Instruct,1,0,1,0,lenient,0.0,18.0,0.0
2026-08-11 18:02:22,IA15_m-deepseek-coder-v2-lite_sol1_gd0_rs0_bd1_str-lenient_t00_n1,48,2,1,deepseek-ai/DeepSeek-Coder-V2-Lite-Instruct,1,0,1,0,lenient,0.0,12.0,0.0
2026-08-11 18:02:30,IA15_m-deepseek-coder-v2-lite_sol1_gd0_rs0_bd1_str-lenient_t00_n1,48,3,1,deepseek-ai/DeepSeek-Coder-V2-Lite-Instruct,1,0,1,0,lenient,0.0,14.0,0.0
2026-08-11 18:02:37,IA15_m-deepseek-coder-v2-lite_sol1_gd0_rs0_bd1_str-lenient_t00_n1,49,1,1,deepseek-ai/DeepSeek-Coder-V2-Lite-Instruct,1,0,1,0,lenient,0.0,18.0,0.0
2026-08-11 18:02:43,IA15_m-deepseek-coder-v2-lite_sol1_gd0_rs0_bd1_str-lenient_t00_n1,49,2,1,deepseek-ai/DeepSeek-Coder-V2-Lite-Instruct,1,0,1,0,lenient,0.0,12.0,0.0
2026-08-11 18:02:50,IA15_m-deepseek-coder-v2-lite_sol1_gd0_rs0_bd1_str-lenient_t00_n1,49,3,1,deepseek-ai/DeepSeek-Coder-V2-Lite-Instruct,1,0,1,0,lenient,0.0,16.0,0.0
2026-08-11 18:02:57,IA15_m-deepseek-coder-v2-lite_sol1_gd0_rs0_bd1_str-lenient_t00_n1,50,1,1,deepseek-ai/DeepSeek-Coder-V2-Lite-Instruct,1,0,1,0,lenient,0.0,18.0,0.0
2026-08-11 18:03:03,IA15_m-deepseek-coder-v2-lite_sol1_gd0_rs0_bd1_str-lenient_t00_n1,50,2,1,deepseek-ai/DeepSeek-Coder-V2-Lite-Instruct,1,0,1,0,lenient,0.0,12.0,0.0
2026-08-11 18:03:11,IA15_m-deepseek-coder-v2-lite_sol1_gd0_rs0_bd1_str-lenient_t00_n1,51,1,1,deepseek-ai/DeepSeek-Coder-V2-Lite-Instruct,1,0,1,0,lenient,0.0,18.0,0.0
2026-08-11 18:03:17,IA15_m-deepseek-coder-v2-lite_sol1_gd0_rs0_bd1_str-lenient_t00_n1,51,2,1,deepseek-ai/DeepSeek-Coder-V2-Lite-Instruct,1,0,1,0,lenient,0.0,12.0,0.0
2026-08-11 18:03:24,IA15_m-deepseek-coder-v2-lite_sol1_gd0_rs0_bd1_str-lenient_t00_n1,51,3,1,deepseek-ai/DeepSeek-Coder-V2-Lite-Instruct,1,0,1,0,lenient,0.0,17.0,0.0
2026-08-11 18:03:32,IA15_m-deepseek-coder-v2-lite_sol1_gd0_rs0_bd1_str-lenient_t00_n1,52,1,1,deepseek-ai/DeepSeek-Coder-V2-Lite-Instruct,1,0,1,0,lenient,0.0,18.0,0.0
2026-08-11 18:03:37,IA15_m-deepseek-coder-v2-lite_sol1_gd0_rs0_bd1_str-lenient_t00_n1,52,2,1,deepseek-ai/DeepSeek-Coder-V2-Lite-Instruct,1,0,1,0,lenient,0.0,12.0,0.0
2026-08-11 18:03:44,IA15_m-deepseek-coder-v2-lite_sol1_gd0_rs0_bd1_str-lenient_t00_n1,52,3,1,deepseek-ai/DeepSeek-Coder-V2-Lite-Instruct,1,0,1,0,lenient,0.0,14.0,0.0
2026-08-11 18:03:52,IA15_m-deepseek-coder-v2-lite_sol1_gd0_rs0_bd1_str-lenient_t00_n1,53,1,1,deepseek-ai/DeepSeek-Coder-V2-Lite-Instruct,1,0,1,0,lenient,0.0,15.0,0.0
2026-08-11 18:03:59,IA15_m-deepseek-coder-v2-lite_sol1_gd0_rs0_bd1_str-lenient_t00_n1,53,2,1,deepseek-ai/DeepSeek-Coder-V2-Lite-Instruct,1,0,1,0,lenient,0.0,12.0,0.0
2026-08-11 18:04:07,IA15_m-deepseek-coder-v2-lite_sol1_gd0_rs0_bd1_str-lenient_t00_n1,53,3,1,deepseek-ai/DeepSeek-Coder-V2-Lite-Instruct,1,0,1,0,lenient,0.0,16.0,0.0
2026-08-11 18:04:15,IA15_m-deepseek-coder-v2-lite_sol1_gd0_rs0_bd1_str-lenient_t00_n1,54,1,1,deepseek-ai/DeepSeek-Coder-V2-Lite-Instruct,1,0,1,0,lenient,0.0,15.0,0.0
2026-08-11 18:04:20,IA15_m-deepseek-coder-v2-lite_sol1_gd0_rs0_bd1_str-lenient_t00_n1,54,2,1,deepseek-ai/DeepSeek-Coder-V2-Lite-Instruct,1,0,1,0,lenient,0.0,12.0,0.0
2026-08-11 18:04:27,IA15_m-deepseek-coder-v2-lite_sol1_gd0_rs0_bd1_str-lenient_t00_n1,54,3,1,deepseek-ai/DeepSeek-Coder-V2-Lite-Instruct,1,0,1,0,lenient,0.0,17.0,0.0
2026-08-11 18:04:35,IA15_m-deepseek-coder-v2-lite_sol1_gd0_rs0_bd1_str-lenient_t00_n1,55,1,1,deepseek-ai/DeepSeek-Coder-V2-Lite-Instruct,1,0,1,0,lenient,0.0,18.0,0.0
2026-08-11 18:04:42,IA15_m-deepseek-coder-v2-lite_sol1_gd0_rs0_bd1_str-lenient_t00_n1,55,2,1,deepseek-ai/DeepSeek-Coder-V2-Lite-Instruct,1,0,1,0,lenient,0.0,12.0,0.0
2026-08-11 18:04:50,IA15_m-deepseek-coder-v2-lite_sol1_gd0_rs0_bd1_str-lenient_t00_n1,55,3,1,deepseek-ai/DeepSeek-Coder-V2-Lite-Instruct,1,0,1,0,lenient,0.0,14.0,0.0
2026-08-11 18:04:57,IA15_m-deepseek-coder-v2-lite_sol1_gd0_rs0_bd1_str-lenient_t00_n1,56,1,1,deepseek-ai/DeepSeek-Coder-V2-Lite-Instruct,1,0,1,0,lenient,0.0,18.0,0.0
2026-08-11 18:05:04,IA15_m-deepseek-coder-v2-lite_sol1_gd0_rs0_bd1_str-lenient_t00_n1,56,2,1,deepseek-ai/DeepSeek-Coder-V2-Lite-Instruct,1,0,1,0,lenient,0.0,13.0,0.0
2026-08-11 18:05:12,IA15_m-deepseek-coder-v2-lite_sol1_gd0_rs0_bd1_str-lenient_t00_n1,56,3,1,deepseek-ai/DeepSeek-Coder-V2-Lite-Instruct,1,0,1,0,lenient,0.0,16.0,0.0
2026-08-11 18:05:19,IA15_m-deepseek-coder-v2-lite_sol1_gd0_rs0_bd1_str-lenient_t00_n1,57,1,1,deepseek-ai/DeepSeek-Coder-V2-Lite-Instruct,1,0,1,0,lenient,0.0,18.0,0.0
2026-08-11 18:05:26,IA15_m-deepseek-coder-v2-lite_sol1_gd0_rs0_bd1_str-lenient_t00_n1,57,2,1,deepseek-ai/DeepSeek-Coder-V2-Lite-Instruct,1,0,1,0,lenient,0.0,12.0,0.0
2026-08-11 18:05:34,IA15_m-deepseek-coder-v2-lite_sol1_gd0_rs0_bd1_str-lenient_t00_n1,57,3,1,deepseek-ai/DeepSeek-Coder-V2-Lite-Instruct,1,0,1,0,lenient,0.0,16.0,0.0
2026-08-11 18:05:41,IA15_m-deepseek-coder-v2-lite_sol1_gd0_rs0_bd1_str-lenient_t00_n1,58,1,1,deepseek-ai/DeepSeek-Coder-V2-Lite-Instruct,1,0,1,0,lenient,0.0,18.0,0.0
2026-08-11 18:05:48,IA15_m-deepseek-coder-v2-lite_sol1_gd0_rs0_bd1_str-lenient_t00_n1,58,2,1,deepseek-ai/DeepSeek-Coder-V2-Lite-Instruct,1,0,1,0,lenient,0.0,12.0,0.0
2026-08-11 18:05:55,IA15_m-deepseek-coder-v2-lite_sol1_gd0_rs0_bd1_str-lenient_t00_n1,58,3,1,deepseek-ai/DeepSeek-Coder-V2-Lite-Instruct,1,0,1,0,lenient,0.0,14.0,0.0
2026-08-11 18:06:03,IA15_m-deepseek-coder-v2-lite_sol1_gd0_rs0_bd1_str-lenient_t00_n1,59,1,1,deepseek-ai/DeepSeek-Coder-V2-Lite-Instruct,1,0,1,0,lenient,0.0,18.0,0.0
2026-08-11 18:06:10,IA15_m-deepseek-coder-v2-lite_sol1_gd0_rs0_bd1_str-lenient_t00_n1,59,2,1,deepseek-ai/DeepSeek-Coder-V2-Lite-Instruct,1,0,1,0,lenient,0.0,12.0,0.0
2026-08-11 18:06:17,IA15_m-deepseek-coder-v2-lite_sol1_gd0_rs0_bd1_str-lenient_t00_n1,59,3,1,deepseek-ai/DeepSeek-Coder-V2-Lite-Instruct,1,0,1,0,lenient,0.0,16.0,0.0
2026-08-11 18:06:25,IA15_m-deepseek-coder-v2-lite_sol1_gd0_rs0_bd1_str-lenient_t00_n1,60,1,1,deepseek-ai/DeepSeek-Coder-V2-Lite-Instruct,1,0,1,0,lenient,0.0,21.0,2.0
2026-08-11 18:06:32,IA15_m-deepseek-coder-v2-lite_sol1_gd0_rs0_bd1_str-lenient_t00_n1,60,2,1,deepseek-ai/DeepSeek-Coder-V2-Lite-Instruct,1,0,1,0,lenient,0.0,13.0,0.0
2026-08-11 18:06:39,IA15_m-deepseek-coder-v2-lite_sol1_gd0_rs0_bd1_str-lenient_t00_n1,60,3,1,deepseek-ai/DeepSeek-Coder-V2-Lite-Instruct,1,0,1,0,lenient,0.0,17.0,0.0
2026-08-11 18:06:48,IA15_m-deepseek-coder-v2-lite_sol1_gd0_rs0_bd1_str-lenient_t00_n1,61,1,1,deepseek-ai/DeepSeek-Coder-V2-Lite-Instruct,1,0,1,0,lenient,0.0,21.0,2.0
2026-08-11 18:06:55,IA15_m-deepseek-coder-v2-lite_sol1_gd0_rs0_bd1_str-lenient_t00_n1,61,2,1,deepseek-ai/DeepSeek-Coder-V2-Lite-Instruct,1,0,1,0,lenient,0.0,13.0,0.0
2026-08-11 18:06:59,IA15_m-deepseek-coder-v2-lite_sol1_gd0_rs0_bd1_str-lenient_t00_n1,61,3,1,deepseek-ai/DeepSeek-Coder-V2-Lite-Instruct,1,0,1,0,lenient,0.0,17.0,0.0
2026-08-11 18:07:06,IA15_m-deepseek-coder-v2-lite_sol1_gd0_rs0_bd1_str-lenient_t00_n1,62,1,1,deepseek-ai/DeepSeek-Coder-V2-Lite-Instruct,1,0,1,0,lenient,0.0,18.0,0.0
2026-08-11 18:07:13,IA15_m-deepseek-coder-v2-lite_sol1_gd0_rs0_bd1_str-lenient_t00_n1,62,2,1,deepseek-ai/DeepSeek-Coder-V2-Lite-Instruct,1,0,1,0,lenient,0.0,12.0,0.0
2026-08-11 18:07:20,IA15_m-deepseek-coder-v2-lite_sol1_gd0_rs0_bd1_str-lenient_t00_n1,62,3,1,deepseek-ai/DeepSeek-Coder-V2-Lite-Instruct,1,0,1,0,lenient,0.0,14.0,0.0
2026-08-11 18:07:28,IA15_m-deepseek-coder-v2-lite_sol1_gd0_rs0_bd1_str-lenient_t00_n1,63,1,1,deepseek-ai/DeepSeek-Coder-V2-Lite-Instruct,1,0,1,0,lenient,0.0,15.0,0.0
2026-08-11 18:07:33,IA15_m-deepseek-coder-v2-lite_sol1_gd0_rs0_bd1_str-lenient_t00_n1,63,2,1,deepseek-ai/DeepSeek-Coder-V2-Lite-Instruct,1,0,1,0,lenient,0.0,12.0,0.0
2026-08-11 18:07:40,IA15_m-deepseek-coder-v2-lite_sol1_gd0_rs0_bd1_str-lenient_t00_n1,63,3,1,deepseek-ai/DeepSeek-Coder-V2-Lite-Instruct,1,0,1,0,lenient,0.0,14.0,0.0
2026-08-11 18:07:48,IA15_m-deepseek-coder-v2-lite_sol1_gd0_rs0_bd1_str-lenient_t00_n1,64,1,1,deepseek-ai/DeepSeek-Coder-V2-Lite-Instruct,1,0,1,0,lenient,0.0,15.0,0.0
2026-08-11 18:07:55,IA15_m-deepseek-coder-v2-lite_sol1_gd0_rs0_bd1_str-lenient_t00_n1,64,2,1,deepseek-ai/DeepSeek-Coder-V2-Lite-Instruct,1,0,1,0,lenient,0.0,12.0,0.0
2026-08-11 18:08:02,IA15_m-deepseek-coder-v2-lite_sol1_gd0_rs0_bd1_str-lenient_t00_n1,64,3,1,deepseek-ai/DeepSeek-Coder-V2-Lite-Instruct,1,0,1,0,lenient,0.0,16.0,0.0
2026-08-11 18:08:10,IA15_m-deepseek-coder-v2-lite_sol1_gd0_rs0_bd1_str-lenient_t00_n1,65,1,1,deepseek-ai/DeepSeek-Coder-V2-Lite-Instruct,1,0,1,0,lenient,0.0,18.0,0.0
2026-08-11 18:08:17,IA15_m-deepseek-coder-v2-lite_sol1_gd0_rs0_bd1_str-lenient_t00_n1,65,2,1,deepseek-ai/DeepSeek-Coder-V2-Lite-Instruct,1,0,1,0,lenient,0.0,13.0,0.0
2026-08-11 18:08:24,IA15_m-deepseek-coder-v2-lite_sol1_gd0_rs0_bd1_str-lenient_t00_n1,65,3,1,deepseek-ai/DeepSeek-Coder-V2-Lite-Instruct,1,0,1,0,lenient,0.0,16.0,0.0
2026-08-11 18:08:31,IA15_m-deepseek-coder-v2-lite_sol1_gd0_rs0_bd1_str-lenient_t00_n1,66,1,1,deepseek-ai/DeepSeek-Coder-V2-Lite-Instruct,1,0,1,0,lenient,0.0,19.5,0.0
2026-08-11 18:08:38,IA15_m-deepseek-coder-v2-lite_sol1_gd0_rs0_bd1_str-lenient_t00_n1,67,1,1,deepseek-ai/DeepSeek-Coder-V2-Lite-Instruct,1,0,1,0,lenient,0.0,18.0,0.0
2026-08-11 18:08:43,IA15_m-deepseek-coder-v2-lite_sol1_gd0_rs0_bd1_str-lenient_t00_n1,67,2,1,deepseek-ai/DeepSeek-Coder-V2-Lite-Instruct,1,0,1,0,lenient,0.0,12.0,0.0
2026-08-11 18:08:50,IA15_m-deepseek-coder-v2-lite_sol1_gd0_rs0_bd1_str-lenient_t00_n1,67,3,1,deepseek-ai/DeepSeek-Coder-V2-Lite-Instruct,1,0,1,0,lenient,0.0,14.0,0.0
2026-08-11 18:08:58,IA15_m-deepseek-coder-v2-lite_sol1_gd0_rs0_bd1_str-lenient_t00_n1,68,1,1,deepseek-ai/DeepSeek-Coder-V2-Lite-Instruct,1,0,1,0,lenient,0.0,18.0,0.0
2026-08-11 18:09:05,IA15_m-deepseek-coder-v2-lite_sol1_gd0_rs0_bd1_str-lenient_t00_n1,68,2,1,deepseek-ai/DeepSeek-Coder-V2-Lite-Instruct,1,0,1,0,lenient,0.0,12.0,0.0
2026-08-11 18:09:13,IA15_m-deepseek-coder-v2-lite_sol1_gd0_rs0_bd1_str-lenient_t00_n1,68,3,1,deepseek-ai/DeepSeek-Coder-V2-Lite-Instruct,1,0,1,0,lenient,0.0,15.0,0.0
2026-08-11 18:09:20,IA15_m-deepseek-coder-v2-lite_sol1_gd0_rs0_bd1_str-lenient_t00_n1,69,1,1,deepseek-ai/DeepSeek-Coder-V2-Lite-Instruct,1,0,1,0,lenient,0.0,18.0,0.0
2026-08-11 18:09:25,IA15_m-deepseek-coder-v2-lite_sol1_gd0_rs0_bd1_str-lenient_t00_n1,69,2,1,deepseek-ai/DeepSeek-Coder-V2-Lite-Instruct,1,0,1,0,lenient,0.0,12.0,0.0
2026-08-11 18:09:33,IA15_m-deepseek-coder-v2-lite_sol1_gd0_rs0_bd1_str-lenient_t00_n1,69,3,1,deepseek-ai/DeepSeek-Coder-V2-Lite-Instruct,1,0,1,0,lenient,0.0,14.0,0.0
2026-08-11 18:09:41,IA15_m-deepseek-coder-v2-lite_sol1_gd0_rs0_bd1_str-lenient_t00_n1,70,1,1,deepseek-ai/DeepSeek-Coder-V2-Lite-Instruct,1,0,1,0,lenient,0.0,18.0,0.0
2026-08-11 18:09:48,IA15_m-deepseek-coder-v2-lite_sol1_gd0_rs0_bd1_str-lenient_t00_n1,70,2,1,deepseek-ai/DeepSeek-Coder-V2-Lite-Instruct,1,0,1,0,lenient,0.0,13.0,0.0
2026-08-11 18:09:55,IA15_m-deepseek-coder-v2-lite_sol1_gd0_rs0_bd1_str-lenient_t00_n1,70,3,1,deepseek-ai/DeepSeek-Coder-V2-Lite-Instruct,1,0,1,0,lenient,0.0,17.0,0.0
2026-08-11 18:10:02,IA15_m-deepseek-coder-v2-lite_sol1_gd0_rs0_bd1_str-lenient_t00_n1,71,1,1,deepseek-ai/DeepSeek-Coder-V2-Lite-Instruct,1,0,1,0,lenient,0.0,18.0,0.0
2026-08-11 18:10:08,IA15_m-deepseek-coder-v2-lite_sol1_gd0_rs0_bd1_str-lenient_t00_n1,71,2,1,deepseek-ai/DeepSeek-Coder-V2-Lite-Instruct,1,0,1,0,lenient,0.0,12.0,0.0
2026-08-11 18:10:16,IA15_m-deepseek-coder-v2-lite_sol1_gd0_rs0_bd1_str-lenient_t00_n1,71,3,1,deepseek-ai/DeepSeek-Coder-V2-Lite-Instruct,1,0,1,0,lenient,0.0,17.0,0.0
2026-08-11 18:10:23,IA15_m-deepseek-coder-v2-lite_sol1_gd0_rs0_bd1_str-lenient_t00_n1,72,1,1,deepseek-ai/DeepSeek-Coder-V2-Lite-Instruct,1,0,1,0,lenient,0.0,18.0,0.0
2026-08-11 18:10:29,IA15_m-deepseek-coder-v2-lite_sol1_gd0_rs0_bd1_str-lenient_t00_n1,72,2,1,deepseek-ai/DeepSeek-Coder-V2-Lite-Instruct,1,0,1,0,lenient,0.0,12.0,0.0
2026-08-11 18:10:36,IA15_m-deepseek-coder-v2-lite_sol1_gd0_rs0_bd1_str-lenient_t00_n1,72,3,1,deepseek-ai/DeepSeek-Coder-V2-Lite-Instruct,1,0,1,0,lenient,0.0,14.0,0.0
2026-08-11 18:10:44,IA15_m-deepseek-coder-v2-lite_sol1_gd0_rs0_bd1_str-lenient_t00_n1,73,1,1,deepseek-ai/DeepSeek-Coder-V2-Lite-Instruct,1,0,1,0,lenient,0.0,18.0,0.0
2026-08-11 18:10:51,IA15_m-deepseek-coder-v2-lite_sol1_gd0_rs0_bd1_str-lenient_t00_n1,73,2,1,deepseek-ai/DeepSeek-Coder-V2-Lite-Instruct,1,0,1,0,lenient,0.0,12.0,0.0
2026-08-11 18:10:57,IA15_m-deepseek-coder-v2-lite_sol1_gd0_rs0_bd1_str-lenient_t00_n1,73,3,1,deepseek-ai/DeepSeek-Coder-V2-Lite-Instruct,1,0,1,0,lenient,0.0,14.0,0.0
2026-08-11 18:11:05,IA15_m-deepseek-coder-v2-lite_sol1_gd0_rs0_bd1_str-lenient_t00_n1,74,1,1,deepseek-ai/DeepSeek-Coder-V2-Lite-Instruct,1,0,1,0,lenient,0.0,15.0,0.0
2026-08-11 18:11:11,IA15_m-deepseek-coder-v2-lite_sol1_gd0_rs0_bd1_str-lenient_t00_n1,74,2,1,deepseek-ai/DeepSeek-Coder-V2-Lite-Instruct,1,0,1,0,lenient,0.0,12.0,0.0
2026-08-11 18:11:19,IA15_m-deepseek-coder-v2-lite_sol1_gd0_rs0_bd1_str-lenient_t00_n1,74,3,1,deepseek-ai/DeepSeek-Coder-V2-Lite-Instruct,1,0,1,0,lenient,0.0,17.0,0.0
2026-08-11 18:11:26,IA15_m-deepseek-coder-v2-lite_sol1_gd0_rs0_bd1_str-lenient_t00_n1,75,1,1,deepseek-ai/DeepSeek-Coder-V2-Lite-Instruct,1,0,1,0,lenient,0.0,18.0,0.0
2026-08-11 18:11:34,IA15_m-deepseek-coder-v2-lite_sol1_gd0_rs0_bd1_str-lenient_t00_n1,75,3,1,deepseek-ai/DeepSeek-Coder-V2-Lite-Instruct,1,0,1,0,lenient,0.0,14.0,0.0
2026-08-11 18:11:42,IA15_m-deepseek-coder-v2-lite_sol1_gd0_rs0_bd1_str-lenient_t00_n1,76,1,1,deepseek-ai/DeepSeek-Coder-V2-Lite-Instruct,1,0,1,0,lenient,0.0,18.0,0.0
2026-08-11 18:11:47,IA15_m-deepseek-coder-v2-lite_sol1_gd0_rs0_bd1_str-lenient_t00_n1,76,2,1,deepseek-ai/DeepSeek-Coder-V2-Lite-Instruct,1,0,1,0,lenient,0.0,12.0,0.0
2026-08-11 18:11:54,IA15_m-deepseek-coder-v2-lite_sol1_gd0_rs0_bd1_str-lenient_t00_n1,76,3,1,deepseek-ai/DeepSeek-Coder-V2-Lite-Instruct,1,0,1,0,lenient,0.0,17.0,0.0
2026-08-11 18:12:02,IA15_m-deepseek-coder-v2-lite_sol1_gd0_rs0_bd1_str-lenient_t00_n1,77,1,1,deepseek-ai/DeepSeek-Coder-V2-Lite-Instruct,1,0,1,0,lenient,0.0,18.0,0.0
2026-08-11 18:12:10,IA15_m-deepseek-coder-v2-lite_sol1_gd0_rs0_bd1_str-lenient_t00_n1,78,1,1,deepseek-ai/DeepSeek-Coder-V2-Lite-Instruct,1,0,1,0,lenient,0.0,15.0,0.0
2026-08-11 18:12:16,IA15_m-deepseek-coder-v2-lite_sol1_gd0_rs0_bd1_str-lenient_t00_n1,78,2,1,deepseek-ai/DeepSeek-Coder-V2-Lite-Instruct,1,0,1,0,lenient,0.0,12.0,0.0
2026-08-11 18:12:23,IA15_m-deepseek-coder-v2-lite_sol1_gd0_rs0_bd1_str-lenient_t00_n1,78,3,1,deepseek-ai/DeepSeek-Coder-V2-Lite-Instruct,1,0,1,0,lenient,0.0,17.0,0.0
2026-08-11 18:12:31,IA15_m-deepseek-coder-v2-lite_sol1_gd0_rs0_bd1_str-lenient_t00_n1,79,1,1,deepseek-ai/DeepSeek-Coder-V2-Lite-Instruct,1,0,1,0,lenient,0.0,18.0,0.0
2026-08-11 18:12:37,IA15_m-deepseek-coder-v2-lite_sol1_gd0_rs0_bd1_str-lenient_t00_n1,79,2,1,deepseek-ai/DeepSeek-Coder-V2-Lite-Instruct,1,0,1,0,lenient,0.0,12.0,0.0
2026-08-11 18:12:44,IA15_m-deepseek-coder-v2-lite_sol1_gd0_rs0_bd1_str-lenient_t00_n1,79,3,1,deepseek-ai/DeepSeek-Coder-V2-Lite-Instruct,1,0,1,0,lenient,0.0,14.0,0.0
2026-08-11 18:12:52,IA15_m-deepseek-coder-v2-lite_sol1_gd0_rs0_bd1_str-lenient_t00_n1,80,1,1,deepseek-ai/DeepSeek-Coder-V2-Lite-Instruct,1,0,1,0,lenient,0.0,15.0,0.0
2026-08-11 18:12:57,IA15_m-deepseek-coder-v2-lite_sol1_gd0_rs0_bd1_str-lenient_t00_n1,80,2,1,deepseek-ai/DeepSeek-Coder-V2-Lite-Instruct,1,0,1,0,lenient,0.0,12.0,0.0
2026-08-11 18:13:04,IA15_m-deepseek-coder-v2-lite_sol1_gd0_rs0_bd1_str-lenient_t00_n1,80,3,1,deepseek-ai/DeepSeek-Coder-V2-Lite-Instruct,1,0,1,0,lenient,0.0,14.0,0.0
2026-08-11 18:13:12,IA15_m-deepseek-coder-v2-lite_sol1_gd0_rs0_bd1_str-lenient_t00_n1,81,1,1,deepseek-ai/DeepSeek-Coder-V2-Lite-Instruct,1,0,1,0,lenient,0.0,18.0,0.0
2026-08-11 18:13:19,IA15_m-deepseek-coder-v2-lite_sol1_gd0_rs0_bd1_str-lenient_t00_n1,81,2,1,deepseek-ai/DeepSeek-Coder-V2-Lite-Instruct,1,0,1,0,lenient,0.0,13.0,0.0
2026-08-11 18:13:26,IA15_m-deepseek-coder-v2-lite_sol1_gd0_rs0_bd1_str-lenient_t00_n1,81,3,1,deepseek-ai/DeepSeek-Coder-V2-Lite-Instruct,1,0,1,0,lenient,0.0,17.0,0.0
2026-08-11 18:13:33,IA15_m-deepseek-coder-v2-lite_sol1_gd0_rs0_bd1_str-lenient_t00_n1,82,1,1,deepseek-ai/DeepSeek-Coder-V2-Lite-Instruct,1,0,1,0,lenient,0.0,18.0,0.0
2026-08-11 18:13:40,IA15_m-deepseek-coder-v2-lite_sol1_gd0_rs0_bd1_str-lenient_t00_n1,82,2,1,deepseek-ai/DeepSeek-Coder-V2-Lite-Instruct,1,0,1,0,lenient,0.0,12.0,0.0
2026-08-11 18:13:47,IA15_m-deepseek-coder-v2-lite_sol1_gd0_rs0_bd1_str-lenient_t00_n1,82,3,1,deepseek-ai/DeepSeek-Coder-V2-Lite-Instruct,1,0,1,0,lenient,0.0,14.0,0.0
2026-08-11 18:13:55,IA15_m-deepseek-coder-v2-lite_sol1_gd0_rs0_bd1_str-lenient_t00_n1,83,1,1,deepseek-ai/DeepSeek-Coder-V2-Lite-Instruct,1,0,1,0,lenient,0.0,15.0,0.0
2026-08-11 18:14:02,IA15_m-deepseek-coder-v2-lite_sol1_gd0_rs0_bd1_str-lenient_t00_n1,83,2,1,deepseek-ai/DeepSeek-Coder-V2-Lite-Instruct,1,0,1,0,lenient,0.0,12.0,0.0
2026-08-11 18:14:09,IA15_m-deepseek-coder-v2-lite_sol1_gd0_rs0_bd1_str-lenient_t00_n1,83,3,1,deepseek-ai/DeepSeek-Coder-V2-Lite-Instruct,1,0,1,0,lenient,0.0,15.0,0.0
2026-08-11 18:14:17,IA15_m-deepseek-coder-v2-lite_sol1_gd0_rs0_bd1_str-lenient_t00_n1,84,1,1,deepseek-ai/DeepSeek-Coder-V2-Lite-Instruct,1,0,1,0,lenient,0.0,18.0,0.0
2026-08-11 18:14:25,IA15_m-deepseek-coder-v2-lite_sol1_gd0_rs0_bd1_str-lenient_t00_n1,85,1,1,deepseek-ai/DeepSeek-Coder-V2-Lite-Instruct,1,0,1,0,lenient,0.0,18.0,0.0
2026-08-11 18:14:31,IA15_m-deepseek-coder-v2-lite_sol1_gd0_rs0_bd1_str-lenient_t00_n1,85,2,1,deepseek-ai/DeepSeek-Coder-V2-Lite-Instruct,1,0,1,0,lenient,0.0,12.0,0.0
2026-08-11 18:14:38,IA15_m-deepseek-coder-v2-lite_sol1_gd0_rs0_bd1_str-lenient_t00_n1,85,3,1,deepseek-ai/DeepSeek-Coder-V2-Lite-Instruct,1,0,1,0,lenient,0.0,16.0,0.0
2026-08-11 18:14:46,IA15_m-deepseek-coder-v2-lite_sol1_gd0_rs0_bd1_str-lenient_t00_n1,86,1,1,deepseek-ai/DeepSeek-Coder-V2-Lite-Instruct,1,0,1,0,lenient,0.0,18.0,0.0
2026-08-11 18:14:53,IA15_m-deepseek-coder-v2-lite_sol1_gd0_rs0_bd1_str-lenient_t00_n1,86,2,1,deepseek-ai/DeepSeek-Coder-V2-Lite-Instruct,1,0,1,0,lenient,0.0,12.0,0.0
2026-08-11 18:15:00,IA15_m-deepseek-coder-v2-lite_sol1_gd0_rs0_bd1_str-lenient_t00_n1,86,3,1,deepseek-ai/DeepSeek-Coder-V2-Lite-Instruct,1,0,1,0,lenient,0.0,16.0,0.0
2026-08-11 18:15:07,IA15_m-deepseek-coder-v2-lite_sol1_gd0_rs0_bd1_str-lenient_t00_n1,87,1,1,deepseek-ai/DeepSeek-Coder-V2-Lite-Instruct,1,0,1,0,lenient,0.0,18.0,0.0
2026-08-11 18:15:13,IA15_m-deepseek-coder-v2-lite_sol1_gd0_rs0_bd1_str-lenient_t00_n1,87,2,1,deepseek-ai/DeepSeek-Coder-V2-Lite-Instruct,1,0,1,0,lenient,0.0,12.0,0.0
2026-08-11 18:15:20,IA15_m-deepseek-coder-v2-lite_sol1_gd0_rs0_bd1_str-lenient_t00_n1,87,3,1,deepseek-ai/DeepSeek-Coder-V2-Lite-Instruct,1,0,1,0,lenient,0.0,16.0,0.0
2026-08-11 18:15:28,IA15_m-deepseek-coder-v2-lite_sol1_gd0_rs0_bd1_str-lenient_t00_n1,88,1,1,deepseek-ai/DeepSeek-Coder-V2-Lite-Instruct,1,0,1,0,lenient,0.0,18.0,0.0
2026-08-11 18:15:34,IA15_m-deepseek-coder-v2-lite_sol1_gd0_rs0_bd1_str-lenient_t00_n1,88,2,1,deepseek-ai/DeepSeek-Coder-V2-Lite-Instruct,1,0,1,0,lenient,0.0,12.0,0.0
2026-08-11 18:15:41,IA15_m-deepseek-coder-v2-lite_sol1_gd0_rs0_bd1_str-lenient_t00_n1,88,3,1,deepseek-ai/DeepSeek-Coder-V2-Lite-Instruct,1,0,1,0,lenient,0.0,14.0,0.0
2026-08-11 18:15:49,IA15_m-deepseek-coder-v2-lite_sol1_gd0_rs0_bd1_str-lenient_t00_n1,89,1,1,deepseek-ai/DeepSeek-Coder-V2-Lite-Instruct,1,0,1,0,lenient,0.0,18.0,0.0
2026-08-11 18:15:54,IA15_m-deepseek-coder-v2-lite_sol1_gd0_rs0_bd1_str-lenient_t00_n1,89,2,1,deepseek-ai/DeepSeek-Coder-V2-Lite-Instruct,1,0,1,0,lenient,0.0,12.0,0.0
2026-08-11 18:16:01,IA15_m-deepseek-coder-v2-lite_sol1_gd0_rs0_bd1_str-lenient_t00_n1,89,3,1,deepseek-ai/DeepSeek-Coder-V2-Lite-Instruct,1,0,1,0,lenient,0.0,16.0,0.0
2026-08-11 18:16:08,IA15_m-deepseek-coder-v2-lite_sol1_gd0_rs0_bd1_str-lenient_t00_n1,90,1,1,deepseek-ai/DeepSeek-Coder-V2-Lite-Instruct,1,0,1,0,lenient,0.0,18.0,0.0
2026-08-11 18:16:15,IA15_m-deepseek-coder-v2-lite_sol1_gd0_rs0_bd1_str-lenient_t00_n1,90,2,1,deepseek-ai/DeepSeek-Coder-V2-Lite-Instruct,1,0,1,0,lenient,0.0,12.0,0.0
2026-08-11 18:16:22,IA15_m-deepseek-coder-v2-lite_sol1_gd0_rs0_bd1_str-lenient_t00_n1,90,3,1,deepseek-ai/DeepSeek-Coder-V2-Lite-Instruct,1,0,1,0,lenient,0.0,16.0,0.0
2026-08-11 18:16:30,IA15_m-deepseek-coder-v2-lite_sol1_gd0_rs0_bd1_str-lenient_t00_n1,91,1,1,deepseek-ai/DeepSeek-Coder-V2-Lite-Instruct,1,0,1,0,lenient,0.0,18.0,0.0
2026-08-11 18:16:37,IA15_m-deepseek-coder-v2-lite_sol1_gd0_rs0_bd1_str-lenient_t00_n1,91,2,1,deepseek-ai/DeepSeek-Coder-V2-Lite-Instruct,1,0,1,0,lenient,0.0,12.0,0.0
2026-08-11 18:16:44,IA15_m-deepseek-coder-v2-lite_sol1_gd0_rs0_bd1_str-lenient_t00_n1,91,3,1,deepseek-ai/DeepSeek-Coder-V2-Lite-Instruct,1,0,1,0,lenient,0.0,14.0,0.0
2026-08-11 18:16:52,IA15_m-deepseek-coder-v2-lite_sol1_gd0_rs0_bd1_str-lenient_t00_n1,92,1,1,deepseek-ai/DeepSeek-Coder-V2-Lite-Instruct,1,0,1,0,lenient,0.0,18.0,0.0
2026-08-11 18:16:58,IA15_m-deepseek-coder-v2-lite_sol1_gd0_rs0_bd1_str-lenient_t00_n1,92,2,1,deepseek-ai/DeepSeek-Coder-V2-Lite-Instruct,1,0,1,0,lenient,0.0,12.0,0.0
2026-08-11 18:17:04,IA15_m-deepseek-coder-v2-lite_sol1_gd0_rs0_bd1_str-lenient_t00_n1,92,3,1,deepseek-ai/DeepSeek-Coder-V2-Lite-Instruct,1,0,1,0,lenient,0.0,14.0,0.0
2026-08-11 18:17:11,IA15_m-deepseek-coder-v2-lite_sol1_gd0_rs0_bd1_str-lenient_t00_n1,93,1,1,deepseek-ai/DeepSeek-Coder-V2-Lite-Instruct,1,0,1,0,lenient,0.0,18.0,0.0
2026-08-11 18:17:22,IA15_m-deepseek-coder-v2-lite_sol1_gd0_rs0_bd1_str-lenient_t00_n1,93,2,1,deepseek-ai/DeepSeek-Coder-V2-Lite-Instruct,1,0,1,0,lenient,0.0,10.0,0.0
2026-08-11 18:17:30,IA15_m-deepseek-coder-v2-lite_sol1_gd0_rs0_bd1_str-lenient_t00_n1,93,3,1,deepseek-ai/DeepSeek-Coder-V2-Lite-Instruct,1,0,1,0,lenient,0.0,14.0,0.0
2026-08-11 18:17:37,IA15_m-deepseek-coder-v2-lite_sol1_gd0_rs0_bd1_str-lenient_t00_n1,94,1,1,deepseek-ai/DeepSeek-Coder-V2-Lite-Instruct,1,0,1,0,lenient,0.0,18.0,0.0
2026-08-11 18:17:44,IA15_m-deepseek-coder-v2-lite_sol1_gd0_rs0_bd1_str-lenient_t00_n1,94,2,1,deepseek-ai/DeepSeek-Coder-V2-Lite-Instruct,1,0,1,0,lenient,0.0,12.0,0.0
2026-08-11 18:17:51,IA15_m-deepseek-coder-v2-lite_sol1_gd0_rs0_bd1_str-lenient_t00_n1,94,3,1,deepseek-ai/DeepSeek-Coder-V2-Lite-Instruct,1,0,1,0,lenient,0.0,17.0,0.0
2026-08-11 18:17:58,IA15_m-deepseek-coder-v2-lite_sol1_gd0_rs0_bd1_str-lenient_t00_n1,95,1,1,deepseek-ai/DeepSeek-Coder-V2-Lite-Instruct,1,0,1,0,lenient,0.0,18.0,0.0
2026-08-11 18:18:09,IA15_m-deepseek-coder-v2-lite_sol1_gd0_rs0_bd1_str-lenient_t00_n1,95,2,1,deepseek-ai/DeepSeek-Coder-V2-Lite-Instruct,1,0,1,0,lenient,0.0,12.0,0.0
2026-08-11 18:18:16,IA15_m-deepseek-coder-v2-lite_sol1_gd0_rs0_bd1_str-lenient_t00_n1,95,3,1,deepseek-ai/DeepSeek-Coder-V2-Lite-Instruct,1,0,1,0,lenient,0.0,14.0,0.0
2026-08-11 18:18:23,IA15_m-deepseek-coder-v2-lite_sol1_gd0_rs0_bd1_str-lenient_t00_n1,96,1,1,deepseek-ai/DeepSeek-Coder-V2-Lite-Instruct,1,0,1,0,lenient,0.0,15.0,0.0
2026-08-11 18:18:34,IA15_m-deepseek-coder-v2-lite_sol1_gd0_rs0_bd1_str-lenient_t00_n1,96,2,1,deepseek-ai/DeepSeek-Coder-V2-Lite-Instruct,1,0,1,0,lenient,0.0,12.0,0.0
2026-08-11 18:18:41,IA15_m-deepseek-coder-v2-lite_sol1_gd0_rs0_bd1_str-lenient_t00_n1,96,3,1,deepseek-ai/DeepSeek-Coder-V2-Lite-Instruct,1,0,1,0,lenient,0.0,14.0,0.0
2026-08-11 18:18:49,IA15_m-deepseek-coder-v2-lite_sol1_gd0_rs0_bd1_str-lenient_t00_n1,97,1,1,deepseek-ai/DeepSeek-Coder-V2-Lite-Instruct,1,0,1,0,lenient,0.0,15.0,0.0
2026-08-11 18:18:56,IA15_m-deepseek-coder-v2-lite_sol1_gd0_rs0_bd1_str-lenient_t00_n1,98,1,1,deepseek-ai/DeepSeek-Coder-V2-Lite-Instruct,1,0,1,0,lenient,0.0,15.0,0.0
2026-08-11 18:19:03,IA15_m-deepseek-coder-v2-lite_sol1_gd0_rs0_bd1_str-lenient_t00_n1,98,2,1,deepseek-ai/DeepSeek-Coder-V2-Lite-Instruct,1,0,1,0,lenient,0.0,12.0,0.0
2026-08-11 18:19:12,IA15_m-deepseek-coder-v2-lite_sol1_gd0_rs0_bd1_str-lenient_t00_n1,98,3,1,deepseek-ai/DeepSeek-Coder-V2-Lite-Instruct,1,0,1,0,lenient,0.0,14.0,0.0
2026-08-11 18:19:20,IA15_m-deepseek-coder-v2-lite_sol1_gd0_rs0_bd1_str-lenient_t00_n1,99,1,1,deepseek-ai/DeepSeek-Coder-V2-Lite-Instruct,1,0,1,0,lenient,0.0,21.0,2.0
2026-08-11 18:19:27,IA15_m-deepseek-coder-v2-lite_sol1_gd0_rs0_bd1_str-lenient_t00_n1,99,2,1,deepseek-ai/DeepSeek-Coder-V2-Lite-Instruct,1,0,1,0,lenient,0.0,13.0,0.0
2026-08-11 18:19:34,IA15_m-deepseek-coder-v2-lite_sol1_gd0_rs0_bd1_str-lenient_t00_n1,99,3,1,deepseek-ai/DeepSeek-Coder-V2-Lite-Instruct,1,0,1,0,lenient,0.0,17.0,0.0
2026-08-11 18:19:42,IA15_m-deepseek-coder-v2-lite_sol1_gd0_rs0_bd1_str-lenient_t00_n1,100,1,1,deepseek-ai/DeepSeek-Coder-V2-Lite-Instruct,1,0,1,0,lenient,0.0,18.0,0.0
2026-08-11 18:19:49,IA15_m-deepseek-coder-v2-lite_sol1_gd0_rs0_bd1_str-lenient_t00_n1,100,2,1,deepseek-ai/DeepSeek-Coder-V2-Lite-Instruct,1,0,1,0,lenient,0.0,12.0,0.0
2026-08-11 18:19:56,IA15_m-deepseek-coder-v2-lite_sol1_gd0_rs0_bd1_str-lenient_t00_n1,100,3,1,deepseek-ai/DeepSeek-Coder-V2-Lite-Instruct,1,0,1,0,lenient,0.0,14.0,0.0
2026-08-11 18:20:04,IA15_m-deepseek-coder-v2-lite_sol1_gd0_rs0_bd1_str-lenient_t00_n1,101,1,1,deepseek-ai/DeepSeek-Coder-V2-Lite-Instruct,1,0,1,0,lenient,0.0,18.0,0.0
2026-08-11 18:20:11,IA15_m-deepseek-coder-v2-lite_sol1_gd0_rs0_bd1_str-lenient_t00_n1,101,2,1,deepseek-ai/DeepSeek-Coder-V2-Lite-Instruct,1,0,1,0,lenient,0.0,12.0,0.0
2026-08-11 18:20:19,IA15_m-deepseek-coder-v2-lite_sol1_gd0_rs0_bd1_str-lenient_t00_n1,101,3,1,deepseek-ai/DeepSeek-Coder-V2-Lite-Instruct,1,0,1,0,lenient,0.0,17.0,0.0
2026-08-11 18:20:26,IA15_m-deepseek-coder-v2-lite_sol1_gd0_rs0_bd1_str-lenient_t00_n1,102,1,1,deepseek-ai/DeepSeek-Coder-V2-Lite-Instruct,1,0,1,0,lenient,0.0,18.0,0.0
2026-08-11 18:20:34,IA15_m-deepseek-coder-v2-lite_sol1_gd0_rs0_bd1_str-lenient_t00_n1,102,3,1,deepseek-ai/DeepSeek-Coder-V2-Lite-Instruct,1,0,1,0,lenient,0.0,17.0,0.0
2026-08-11 18:20:40,IA15_m-deepseek-coder-v2-lite_sol1_gd0_rs0_bd1_str-lenient_t00_n1,103,1,1,deepseek-ai/DeepSeek-Coder-V2-Lite-Instruct,1,0,1,0,lenient,0.0,18.0,0.0
2026-08-11 18:20:45,IA15_m-deepseek-coder-v2-lite_sol1_gd0_rs0_bd1_str-lenient_t00_n1,103,2,1,deepseek-ai/DeepSeek-Coder-V2-Lite-Instruct,1,0,1,0,lenient,0.0,12.0,0.0
2026-08-11 18:20:52,IA15_m-deepseek-coder-v2-lite_sol1_gd0_rs0_bd1_str-lenient_t00_n1,103,3,1,deepseek-ai/DeepSeek-Coder-V2-Lite-Instruct,1,0,1,0,lenient,0.0,14.0,0.0
2026-08-11 18:20:59,IA15_m-deepseek-coder-v2-lite_sol1_gd0_rs0_bd1_str-lenient_t00_n1,104,1,1,deepseek-ai/DeepSeek-Coder-V2-Lite-Instruct,1,0,1,0,lenient,0.0,18.0,0.0
2026-08-11 18:21:05,IA15_m-deepseek-coder-v2-lite_sol1_gd0_rs0_bd1_str-lenient_t00_n1,104,2,1,deepseek-ai/DeepSeek-Coder-V2-Lite-Instruct,1,0,1,0,lenient,0.0,12.0,0.0
2026-08-11 18:21:13,IA15_m-deepseek-coder-v2-lite_sol1_gd0_rs0_bd1_str-lenient_t00_n1,104,3,1,deepseek-ai/DeepSeek-Coder-V2-Lite-Instruct,1,0,1,0,lenient,0.0,14.0,0.0
2026-08-11 18:21:21,IA15_m-deepseek-coder-v2-lite_sol1_gd0_rs0_bd1_str-lenient_t00_n1,105,1,1,deepseek-ai/DeepSeek-Coder-V2-Lite-Instruct,1,0,1,0,lenient,0.0,18.0,0.0
2026-08-11 18:21:27,IA15_m-deepseek-coder-v2-lite_sol1_gd0_rs0_bd1_str-lenient_t00_n1,105,2,1,deepseek-ai/DeepSeek-Coder-V2-Lite-Instruct,1,0,1,0,lenient,0.0,12.0,0.0
2026-08-11 18:21:35,IA15_m-deepseek-coder-v2-lite_sol1_gd0_rs0_bd1_str-lenient_t00_n1,105,3,1,deepseek-ai/DeepSeek-Coder-V2-Lite-Instruct,1,0,1,0,lenient,0.0,14.0,0.0
2026-08-11 18:21:43,IA15_m-deepseek-coder-v2-lite_sol1_gd0_rs0_bd1_str-lenient_t00_n1,106,1,1,deepseek-ai/DeepSeek-Coder-V2-Lite-Instruct,1,0,1,0,lenient,0.0,18.0,0.0
2026-08-11 18:21:50,IA15_m-deepseek-coder-v2-lite_sol1_gd0_rs0_bd1_str-lenient_t00_n1,106,2,1,deepseek-ai/DeepSeek-Coder-V2-Lite-Instruct,1,0,1,0,lenient,0.0,12.0,0.0
2026-08-11 18:21:58,IA15_m-deepseek-coder-v2-lite_sol1_gd0_rs0_bd1_str-lenient_t00_n1,106,3,1,deepseek-ai/DeepSeek-Coder-V2-Lite-Instruct,1,0,1,0,lenient,0.0,15.0,0.0
2026-08-11 18:22:06,IA15_m-deepseek-coder-v2-lite_sol1_gd0_rs0_bd1_str-lenient_t00_n1,107,1,1,deepseek-ai/DeepSeek-Coder-V2-Lite-Instruct,1,0,1,0,lenient,0.0,18.0,0.0
2026-08-11 18:22:13,IA15_m-deepseek-coder-v2-lite_sol1_gd0_rs0_bd1_str-lenient_t00_n1,107,2,1,deepseek-ai/DeepSeek-Coder-V2-Lite-Instruct,1,0,1,0,lenient,0.0,12.0,0.0
2026-08-11 18:22:21,IA15_m-deepseek-coder-v2-lite_sol1_gd0_rs0_bd1_str-lenient_t00_n1,108,1,1,deepseek-ai/DeepSeek-Coder-V2-Lite-Instruct,1,0,1,0,lenient,0.0,18.0,0.0
2026-08-11 18:22:27,IA15_m-deepseek-coder-v2-lite_sol1_gd0_rs0_bd1_str-lenient_t00_n1,108,2,1,deepseek-ai/DeepSeek-Coder-V2-Lite-Instruct,1,0,1,0,lenient,0.0,12.0,0.0
2026-08-11 18:22:35,IA15_m-deepseek-coder-v2-lite_sol1_gd0_rs0_bd1_str-lenient_t00_n1,108,3,1,deepseek-ai/DeepSeek-Coder-V2-Lite-Instruct,1,0,1,0,lenient,0.0,14.0,0.0
2026-08-11 18:22:41,IA15_m-deepseek-coder-v2-lite_sol1_gd0_rs0_bd1_str-lenient_t00_n1,109,1,1,deepseek-ai/DeepSeek-Coder-V2-Lite-Instruct,1,0,1,0,lenient,0.0,18.0,0.0
2026-08-11 18:22:49,IA15_m-deepseek-coder-v2-lite_sol1_gd0_rs0_bd1_str-lenient_t00_n1,109,2,1,deepseek-ai/DeepSeek-Coder-V2-Lite-Instruct,1,0,1,0,lenient,0.0,13.0,0.0
2026-08-11 18:22:55,IA15_m-deepseek-coder-v2-lite_sol1_gd0_rs0_bd1_str-lenient_t00_n1,109,3,1,deepseek-ai/DeepSeek-Coder-V2-Lite-Instruct,1,0,1,0,lenient,0.0,14.0,0.0
2026-08-11 18:23:03,IA15_m-deepseek-coder-v2-lite_sol1_gd0_rs0_bd1_str-lenient_t00_n1,110,1,1,deepseek-ai/DeepSeek-Coder-V2-Lite-Instruct,1,0,1,0,lenient,0.0,18.0,0.0
2026-08-11 18:23:09,IA15_m-deepseek-coder-v2-lite_sol1_gd0_rs0_bd1_str-lenient_t00_n1,110,2,1,deepseek-ai/DeepSeek-Coder-V2-Lite-Instruct,1,0,1,0,lenient,0.0,12.0,0.0
2026-08-11 18:23:14,IA15_m-deepseek-coder-v2-lite_sol1_gd0_rs0_bd1_str-lenient_t00_n1,110,3,1,deepseek-ai/DeepSeek-Coder-V2-Lite-Instruct,1,0,1,0,lenient,0.0,17.0,0.0
2026-08-11 18:23:22,IA15_m-deepseek-coder-v2-lite_sol1_gd0_rs0_bd1_str-lenient_t00_n1,111,1,1,deepseek-ai/DeepSeek-Coder-V2-Lite-Instruct,1,0,1,0,lenient,0.0,15.0,0.0
2026-08-11 18:23:27,IA15_m-deepseek-coder-v2-lite_sol1_gd0_rs0_bd1_str-lenient_t00_n1,111,2,1,deepseek-ai/DeepSeek-Coder-V2-Lite-Instruct,1,0,1,0,lenient,0.0,12.0,0.0
2026-08-11 18:23:34,IA15_m-deepseek-coder-v2-lite_sol1_gd0_rs0_bd1_str-lenient_t00_n1,111,3,1,deepseek-ai/DeepSeek-Coder-V2-Lite-Instruct,1,0,1,0,lenient,0.0,14.0,0.0
2026-08-11 18:23:41,IA15_m-deepseek-coder-v2-lite_sol1_gd0_rs0_bd1_str-lenient_t00_n1,112,1,1,deepseek-ai/DeepSeek-Coder-V2-Lite-Instruct,1,0,1,0,lenient,0.0,18.0,0.0
2026-08-11 18:23:48,IA15_m-deepseek-coder-v2-lite_sol1_gd0_rs0_bd1_str-lenient_t00_n1,112,2,1,deepseek-ai/DeepSeek-Coder-V2-Lite-Instruct,1,0,1,0,lenient,0.0,13.0,0.0
2026-08-11 18:23:55,IA15_m-deepseek-coder-v2-lite_sol1_gd0_rs0_bd1_str-lenient_t00_n1,112,3,1,deepseek-ai/DeepSeek-Coder-V2-Lite-Instruct,1,0,1,0,lenient,0.0,14.0,0.0
2026-08-11 18:24:04,IA15_m-deepseek-coder-v2-lite_sol1_gd0_rs0_bd1_str-lenient_t00_n1,113,1,1,deepseek-ai/DeepSeek-Coder-V2-Lite-Instruct,1,0,1,0,lenient,0.0,21.0,2.0
2026-08-11 18:24:11,IA15_m-deepseek-coder-v2-lite_sol1_gd0_rs0_bd1_str-lenient_t00_n1,113,2,1,deepseek-ai/DeepSeek-Coder-V2-Lite-Instruct,1,0,1,0,lenient,0.0,13.0,0.0
2026-08-11 18:24:18,IA15_m-deepseek-coder-v2-lite_sol1_gd0_rs0_bd1_str-lenient_t00_n1,113,3,1,deepseek-ai/DeepSeek-Coder-V2-Lite-Instruct,1,0,1,0,lenient,0.0,17.0,0.0
2026-08-11 18:24:26,IA15_m-deepseek-coder-v2-lite_sol1_gd0_rs0_bd1_str-lenient_t00_n1,114,1,1,deepseek-ai/DeepSeek-Coder-V2-Lite-Instruct,1,0,1,0,lenient,0.0,18.0,0.0
2026-08-11 18:24:32,IA15_m-deepseek-coder-v2-lite_sol1_gd0_rs0_bd1_str-lenient_t00_n1,114,2,1,deepseek-ai/DeepSeek-Coder-V2-Lite-Instruct,1,0,1,0,lenient,0.0,12.0,1.0
2026-08-11 18:24:38,IA15_m-deepseek-coder-v2-lite_sol1_gd0_rs0_bd1_str-lenient_t00_n1,114,3,1,deepseek-ai/DeepSeek-Coder-V2-Lite-Instruct,1,0,1,0,lenient,0.0,14.0,0.0
2026-08-11 18:24:45,IA15_m-deepseek-coder-v2-lite_sol1_gd0_rs0_bd1_str-lenient_t00_n1,115,1,1,deepseek-ai/DeepSeek-Coder-V2-Lite-Instruct,1,0,1,0,lenient,0.0,15.0,0.0
2026-08-11 18:24:52,IA15_m-deepseek-coder-v2-lite_sol1_gd0_rs0_bd1_str-lenient_t00_n1,115,2,1,deepseek-ai/DeepSeek-Coder-V2-Lite-Instruct,1,0,1,0,lenient,0.0,12.0,0.0
2026-08-11 18:24:55,IA15_m-deepseek-coder-v2-lite_sol1_gd0_rs0_bd1_str-lenient_t00_n1,115,3,1,deepseek-ai/DeepSeek-Coder-V2-Lite-Instruct,1,0,1,0,lenient,0.0,14.0,0.0
2026-08-11 18:25:02,IA15_m-deepseek-coder-v2-lite_sol1_gd0_rs0_bd1_str-lenient_t00_n1,116,1,1,deepseek-ai/DeepSeek-Coder-V2-Lite-Instruct,1,0,1,0,lenient,0.0,18.0,0.0
2026-08-11 18:25:09,IA15_m-deepseek-coder-v2-lite_sol1_gd0_rs0_bd1_str-lenient_t00_n1,116,2,1,deepseek-ai/DeepSeek-Coder-V2-Lite-Instruct,1,0,1,0,lenient,0.0,12.0,0.0
2026-08-11 18:25:16,IA15_m-deepseek-coder-v2-lite_sol1_gd0_rs0_bd1_str-lenient_t00_n1,116,3,1,deepseek-ai/DeepSeek-Coder-V2-Lite-Instruct,1,0,1,0,lenient,0.0,14.0,0.0
2026-08-11 18:25:24,IA15_m-deepseek-coder-v2-lite_sol1_gd0_rs0_bd1_str-lenient_t00_n1,117,1,1,deepseek-ai/DeepSeek-Coder-V2-Lite-Instruct,1,0,1,0,lenient,0.0,15.0,0.0
2026-08-11 18:25:29,IA15_m-deepseek-coder-v2-lite_sol1_gd0_rs0_bd1_str-lenient_t00_n1,117,2,1,deepseek-ai/DeepSeek-Coder-V2-Lite-Instruct,1,0,1,0,lenient,0.0,12.0,0.0
2026-08-11 18:25:36,IA15_m-deepseek-coder-v2-lite_sol1_gd0_rs0_bd1_str-lenient_t00_n1,117,3,1,deepseek-ai/DeepSeek-Coder-V2-Lite-Instruct,1,0,1,0,lenient,0.0,14.0,0.0
2026-08-11 18:25:44,IA15_m-deepseek-coder-v2-lite_sol1_gd0_rs0_bd1_str-lenient_t00_n1,118,1,1,deepseek-ai/DeepSeek-Coder-V2-Lite-Instruct,1,0,1,0,lenient,0.0,15.0,0.0
2026-08-11 18:25:51,IA15_m-deepseek-coder-v2-lite_sol1_gd0_rs0_bd1_str-lenient_t00_n1,118,2,1,deepseek-ai/DeepSeek-Coder-V2-Lite-Instruct,1,0,1,0,lenient,0.0,12.0,0.0
2026-08-11 18:25:58,IA15_m-deepseek-coder-v2-lite_sol1_gd0_rs0_bd1_str-lenient_t00_n1,118,3,1,deepseek-ai/DeepSeek-Coder-V2-Lite-Instruct,1,0,1,0,lenient,0.0,14.0,0.0
2026-08-11 18:26:06,IA15_m-deepseek-coder-v2-lite_sol1_gd0_rs0_bd1_str-lenient_t00_n1,119,1,1,deepseek-ai/DeepSeek-Coder-V2-Lite-Instruct,1,0,1,0,lenient,0.0,20.0,0.0
2026-08-11 18:26:13,IA15_m-deepseek-coder-v2-lite_sol1_gd0_rs0_bd1_str-lenient_t00_n1,119,2,1,deepseek-ai/DeepSeek-Coder-V2-Lite-Instruct,1,0,1,0,lenient,0.0,13.0,0.0
2026-08-11 18:26:20,IA15_m-deepseek-coder-v2-lite_sol1_gd0_rs0_bd1_str-lenient_t00_n1,119,3,1,deepseek-ai/DeepSeek-Coder-V2-Lite-Instruct,1,0,1,0,lenient,0.0,17.0,0.0
2026-08-11 18:26:28,IA15_m-deepseek-coder-v2-lite_sol1_gd0_rs0_bd1_str-lenient_t00_n1,120,1,1,deepseek-ai/DeepSeek-Coder-V2-Lite-Instruct,1,0,1,0,lenient,0.0,18.0,0.0
2026-08-11 18:26:34,IA15_m-deepseek-coder-v2-lite_sol1_gd0_rs0_bd1_str-lenient_t00_n1,120,2,1,deepseek-ai/DeepSeek-Coder-V2-Lite-Instruct,1,0,1,0,lenient,0.0,12.0,0.0
2026-08-11 18:26:41,IA15_m-deepseek-coder-v2-lite_sol1_gd0_rs0_bd1_str-lenient_t00_n1,120,3,1,deepseek-ai/DeepSeek-Coder-V2-Lite-Instruct,1,0,1,0,lenient,0.0,15.0,0.0
2026-08-11 18:26:49,IA15_m-deepseek-coder-v2-lite_sol1_gd0_rs0_bd1_str-lenient_t00_n1,121,1,1,deepseek-ai/DeepSeek-Coder-V2-Lite-Instruct,1,0,1,0,lenient,0.0,18.0,0.0
2026-08-11 18:26:55,IA15_m-deepseek-coder-v2-lite_sol1_gd0_rs0_bd1_str-lenient_t00_n1,121,2,1,deepseek-ai/DeepSeek-Coder-V2-Lite-Instruct,1,0,1,0,lenient,0.0,12.0,0.0
2026-08-11 18:26:59,IA15_m-deepseek-coder-v2-lite_sol1_gd0_rs0_bd1_str-lenient_t00_n1,121,3,1,deepseek-ai/DeepSeek-Coder-V2-Lite-Instruct,1,0,1,0,lenient,0.0,16.0,0.0
2026-08-11 18:27:07,IA15_m-deepseek-coder-v2-lite_sol1_gd0_rs0_bd1_str-lenient_t00_n1,122,1,1,deepseek-ai/DeepSeek-Coder-V2-Lite-Instruct,1,0,1,0,lenient,0.0,15.0,0.0
2026-08-11 18:27:14,IA15_m-deepseek-coder-v2-lite_sol1_gd0_rs0_bd1_str-lenient_t00_n1,122,2,1,deepseek-ai/DeepSeek-Coder-V2-Lite-Instruct,1,0,1,0,lenient,0.0,12.0,0.0
2026-08-11 18:27:21,IA15_m-deepseek-coder-v2-lite_sol1_gd0_rs0_bd1_str-lenient_t00_n1,122,3,1,deepseek-ai/DeepSeek-Coder-V2-Lite-Instruct,1,0,1,0,lenient,0.0,17.0,0.0
2026-08-11 18:27:29,IA15_m-deepseek-coder-v2-lite_sol1_gd0_rs0_bd1_str-lenient_t00_n1,123,1,1,deepseek-ai/DeepSeek-Coder-V2-Lite-Instruct,1,0,1,0,lenient,0.0,18.0,0.0
2026-08-11 18:27:35,IA15_m-deepseek-coder-v2-lite_sol1_gd0_rs0_bd1_str-lenient_t00_n1,123,2,1,deepseek-ai/DeepSeek-Coder-V2-Lite-Instruct,1,0,1,0,lenient,0.0,12.0,0.0
2026-08-11 18:27:43,IA15_m-deepseek-coder-v2-lite_sol1_gd0_rs0_bd1_str-lenient_t00_n1,123,3,1,deepseek-ai/DeepSeek-Coder-V2-Lite-Instruct,1,0,1,0,lenient,0.0,16.0,0.0
2026-08-11 18:27:51,IA15_m-deepseek-coder-v2-lite_sol1_gd0_rs0_bd1_str-lenient_t00_n1,124,1,1,deepseek-ai/DeepSeek-Coder-V2-Lite-Instruct,1,0,1,0,lenient,0.0,18.0,0.0
2026-08-11 18:27:56,IA15_m-deepseek-coder-v2-lite_sol1_gd0_rs0_bd1_str-lenient_t00_n1,124,2,1,deepseek-ai/DeepSeek-Coder-V2-Lite-Instruct,1,0,1,0,lenient,0.0,12.0,0.0
2026-08-11 18:28:03,IA15_m-deepseek-coder-v2-lite_sol1_gd0_rs0_bd1_str-lenient_t00_n1,124,3,1,deepseek-ai/DeepSeek-Coder-V2-Lite-Instruct,1,0,1,0,lenient,0.0,14.0,0.0
2026-08-11 18:28:11,IA15_m-deepseek-coder-v2-lite_sol1_gd0_rs0_bd1_str-lenient_t00_n1,125,1,1,deepseek-ai/DeepSeek-Coder-V2-Lite-Instruct,1,0,1,0,lenient,0.0,18.0,0.0
2026-08-11 18:28:16,IA15_m-deepseek-coder-v2-lite_sol1_gd0_rs0_bd1_str-lenient_t00_n1,125,2,1,deepseek-ai/DeepSeek-Coder-V2-Lite-Instruct,1,0,1,0,lenient,0.0,12.0,0.0
2026-08-11 18:28:23,IA15_m-deepseek-coder-v2-lite_sol1_gd0_rs0_bd1_str-lenient_t00_n1,125,3,1,deepseek-ai/DeepSeek-Coder-V2-Lite-Instruct,1,0,1,0,lenient,0.0,17.0,0.0
2026-08-11 18:28:31,IA15_m-deepseek-coder-v2-lite_sol1_gd0_rs0_bd1_str-lenient_t00_n1,126,1,1,deepseek-ai/DeepSeek-Coder-V2-Lite-Instruct,1,0,1,0,lenient,0.0,15.0,0.0
2026-08-11 18:28:38,IA15_m-deepseek-coder-v2-lite_sol1_gd0_rs0_bd1_str-lenient_t00_n1,126,2,1,deepseek-ai/DeepSeek-Coder-V2-Lite-Instruct,1,0,1,0,lenient,0.0,12.0,0.0
2026-08-11 18:28:45,IA15_m-deepseek-coder-v2-lite_sol1_gd0_rs0_bd1_str-lenient_t00_n1,126,3,1,deepseek-ai/DeepSeek-Coder-V2-Lite-Instruct,1,0,1,0,lenient,0.0,17.0,0.0
2026-08-11 18:28:53,IA15_m-deepseek-coder-v2-lite_sol1_gd0_rs0_bd1_str-lenient_t00_n1,127,1,1,deepseek-ai/DeepSeek-Coder-V2-Lite-Instruct,1,0,1,0,lenient,0.0,18.0,0.0
2026-08-11 18:28:58,IA15_m-deepseek-coder-v2-lite_sol1_gd0_rs0_bd1_str-lenient_t00_n1,127,2,1,deepseek-ai/DeepSeek-Coder-V2-Lite-Instruct,1,0,1,0,lenient,0.0,12.0,0.0
2026-08-11 18:29:06,IA15_m-deepseek-coder-v2-lite_sol1_gd0_rs0_bd1_str-lenient_t00_n1,127,3,1,deepseek-ai/DeepSeek-Coder-V2-Lite-Instruct,1,0,1,0,lenient,0.0,14.0,0.0
2026-08-11 18:29:14,IA15_m-deepseek-coder-v2-lite_sol1_gd0_rs0_bd1_str-lenient_t00_n1,128,1,1,deepseek-ai/DeepSeek-Coder-V2-Lite-Instruct,1,0,1,0,lenient,0.0,18.0,0.0
2026-08-11 18:29:19,IA15_m-deepseek-coder-v2-lite_sol1_gd0_rs0_bd1_str-lenient_t00_n1,128,2,1,deepseek-ai/DeepSeek-Coder-V2-Lite-Instruct,1,0,1,0,lenient,0.0,12.0,0.0
2026-08-11 18:29:26,IA15_m-deepseek-coder-v2-lite_sol1_gd0_rs0_bd1_str-lenient_t00_n1,128,3,1,deepseek-ai/DeepSeek-Coder-V2-Lite-Instruct,1,0,1,0,lenient,0.0,17.0,0.0
2026-08-11 18:29:34,IA15_m-deepseek-coder-v2-lite_sol1_gd0_rs0_bd1_str-lenient_t00_n1,129,1,1,deepseek-ai/DeepSeek-Coder-V2-Lite-Instruct,1,0,1,0,lenient,0.0,18.0,0.0
2026-08-11 18:29:40,IA15_m-deepseek-coder-v2-lite_sol1_gd0_rs0_bd1_str-lenient_t00_n1,129,2,1,deepseek-ai/DeepSeek-Coder-V2-Lite-Instruct,1,0,1,0,lenient,0.0,13.0,0.0
2026-08-11 18:29:48,IA15_m-deepseek-coder-v2-lite_sol1_gd0_rs0_bd1_str-lenient_t00_n1,129,3,1,deepseek-ai/DeepSeek-Coder-V2-Lite-Instruct,1,0,1,0,lenient,0.0,17.0,0.0
2026-08-11 18:29:55,IA15_m-deepseek-coder-v2-lite_sol1_gd0_rs0_bd1_str-lenient_t00_n1,130,1,1,deepseek-ai/DeepSeek-Coder-V2-Lite-Instruct,1,0,1,0,lenient,0.0,18.0,0.0
2026-08-11 18:30:02,IA15_m-deepseek-coder-v2-lite_sol1_gd0_rs0_bd1_str-lenient_t00_n1,130,2,1,deepseek-ai/DeepSeek-Coder-V2-Lite-Instruct,1,0,1,0,lenient,0.0,12.0,0.0
2026-08-11 18:30:09,IA15_m-deepseek-coder-v2-lite_sol1_gd0_rs0_bd1_str-lenient_t00_n1,130,3,1,deepseek-ai/DeepSeek-Coder-V2-Lite-Instruct,1,0,1,0,lenient,0.0,14.0,0.0
2026-08-11 18:30:17,IA15_m-deepseek-coder-v2-lite_sol1_gd0_rs0_bd1_str-lenient_t00_n1,131,1,1,deepseek-ai/DeepSeek-Coder-V2-Lite-Instruct,1,0,1,0,lenient,0.0,18.0,0.0
2026-08-11 18:30:24,IA15_m-deepseek-coder-v2-lite_sol1_gd0_rs0_bd1_str-lenient_t00_n1,131,2,1,deepseek-ai/DeepSeek-Coder-V2-Lite-Instruct,1,0,1,0,lenient,0.0,12.0,0.0
2026-08-11 18:30:31,IA15_m-deepseek-coder-v2-lite_sol1_gd0_rs0_bd1_str-lenient_t00_n1,131,3,1,deepseek-ai/DeepSeek-Coder-V2-Lite-Instruct,1,0,1,0,lenient,0.0,14.0,0.0
2026-08-11 18:30:39,IA15_m-deepseek-coder-v2-lite_sol1_gd0_rs0_bd1_str-lenient_t00_n1,132,1,1,deepseek-ai/DeepSeek-Coder-V2-Lite-Instruct,1,0,1,0,lenient,0.0,18.0,0.0
2026-08-11 18:30:44,IA15_m-deepseek-coder-v2-lite_sol1_gd0_rs0_bd1_str-lenient_t00_n1,132,2,1,deepseek-ai/DeepSeek-Coder-V2-Lite-Instruct,1,0,1,0,lenient,0.0,12.0,0.0
2026-08-11 18:30:51,IA15_m-deepseek-coder-v2-lite_sol1_gd0_rs0_bd1_str-lenient_t00_n1,132,3,1,deepseek-ai/DeepSeek-Coder-V2-Lite-Instruct,1,0,1,0,lenient,0.0,17.0,0.0
2026-08-11 18:30:59,IA15_m-deepseek-coder-v2-lite_sol1_gd0_rs0_bd1_str-lenient_t00_n1,133,1,1,deepseek-ai/DeepSeek-Coder-V2-Lite-Instruct,1,0,1,0,lenient,0.0,18.0,0.0
2026-08-11 18:31:05,IA15_m-deepseek-coder-v2-lite_sol1_gd0_rs0_bd1_str-lenient_t00_n1,133,2,1,deepseek-ai/DeepSeek-Coder-V2-Lite-Instruct,1,0,1,0,lenient,0.0,12.0,0.0
2026-08-11 18:31:12,IA15_m-deepseek-coder-v2-lite_sol1_gd0_rs0_bd1_str-lenient_t00_n1,133,3,1,deepseek-ai/DeepSeek-Coder-V2-Lite-Instruct,1,0,1,0,lenient,0.0,17.0,0.0
2026-08-11 18:31:20,IA15_m-deepseek-coder-v2-lite_sol1_gd0_rs0_bd1_str-lenient_t00_n1,134,1,1,deepseek-ai/DeepSeek-Coder-V2-Lite-Instruct,1,0,1,0,lenient,0.0,18.0,0.0
2026-08-11 18:31:27,IA15_m-deepseek-coder-v2-lite_sol1_gd0_rs0_bd1_str-lenient_t00_n1,134,2,1,deepseek-ai/DeepSeek-Coder-V2-Lite-Instruct,1,0,1,0,lenient,0.0,12.0,0.0
2026-08-11 18:31:34,IA15_m-deepseek-coder-v2-lite_sol1_gd0_rs0_bd1_str-lenient_t00_n1,134,3,1,deepseek-ai/DeepSeek-Coder-V2-Lite-Instruct,1,0,1,0,lenient,0.0,16.0,0.0
2026-08-11 18:31:42,IA15_m-deepseek-coder-v2-lite_sol1_gd0_rs0_bd1_str-lenient_t00_n1,135,1,1,deepseek-ai/DeepSeek-Coder-V2-Lite-Instruct,1,0,1,0,lenient,0.0,18.0,0.0
2026-08-11 18:31:49,IA15_m-deepseek-coder-v2-lite_sol1_gd0_rs0_bd1_str-lenient_t00_n1,135,2,1,deepseek-ai/DeepSeek-Coder-V2-Lite-Instruct,1,0,1,0,lenient,0.0,13.0,0.0
2026-08-11 18:31:52,IA15_m-deepseek-coder-v2-lite_sol1_gd0_rs0_bd1_str-lenient_t00_n1,135,3,1,deepseek-ai/DeepSeek-Coder-V2-Lite-Instruct,1,0,1,0,lenient,0.0,17.0,0.0
2026-08-11 18:31:59,IA15_m-deepseek-coder-v2-lite_sol1_gd0_rs0_bd1_str-lenient_t00_n1,136,1,1,deepseek-ai/DeepSeek-Coder-V2-Lite-Instruct,1,0,1,0,lenient,0.0,18.0,0.0
2026-08-11 18:32:06,IA15_m-deepseek-coder-v2-lite_sol1_gd0_rs0_bd1_str-lenient_t00_n1,136,2,1,deepseek-ai/DeepSeek-Coder-V2-Lite-Instruct,1,0,1,0,lenient,0.0,12.0,0.0
2026-08-11 18:32:09,IA15_m-deepseek-coder-v2-lite_sol1_gd0_rs0_bd1_str-lenient_t00_n1,136,3,1,deepseek-ai/DeepSeek-Coder-V2-Lite-Instruct,1,0,1,0,lenient,0.0,16.0,0.0
2026-08-11 18:32:17,IA15_m-deepseek-coder-v2-lite_sol1_gd0_rs0_bd1_str-lenient_t00_n1,137,1,1,deepseek-ai/DeepSeek-Coder-V2-Lite-Instruct,1,0,1,0,lenient,0.0,18.0,0.0
2026-08-11 18:32:24,IA15_m-deepseek-coder-v2-lite_sol1_gd0_rs0_bd1_str-lenient_t00_n1,137,2,1,deepseek-ai/DeepSeek-Coder-V2-Lite-Instruct,1,0,1,0,lenient,0.0,12.0,0.0
2026-08-11 18:32:31,IA15_m-deepseek-coder-v2-lite_sol1_gd0_rs0_bd1_str-lenient_t00_n1,137,3,1,deepseek-ai/DeepSeek-Coder-V2-Lite-Instruct,1,0,1,0,lenient,0.0,16.0,0.0
2026-08-11 18:32:39,IA15_m-deepseek-coder-v2-lite_sol1_gd0_rs0_bd1_str-lenient_t00_n1,138,1,1,deepseek-ai/DeepSeek-Coder-V2-Lite-Instruct,1,0,1,0,lenient,0.0,18.0,0.0
2026-08-11 18:32:46,IA15_m-deepseek-coder-v2-lite_sol1_gd0_rs0_bd1_str-lenient_t00_n1,138,2,1,deepseek-ai/DeepSeek-Coder-V2-Lite-Instruct,1,0,1,0,lenient,0.0,13.0,0.0
2026-08-11 18:32:53,IA15_m-deepseek-coder-v2-lite_sol1_gd0_rs0_bd1_str-lenient_t00_n1,138,3,1,deepseek-ai/DeepSeek-Coder-V2-Lite-Instruct,1,0,1,0,lenient,0.0,14.0,0.0
2026-08-11 18:33:01,IA15_m-deepseek-coder-v2-lite_sol1_gd0_rs0_bd1_str-lenient_t00_n1,139,1,1,deepseek-ai/DeepSeek-Coder-V2-Lite-Instruct,1,0,1,0,lenient,0.0,18.0,0.0
2026-08-11 18:33:08,IA15_m-deepseek-coder-v2-lite_sol1_gd0_rs0_bd1_str-lenient_t00_n1,139,2,1,deepseek-ai/DeepSeek-Coder-V2-Lite-Instruct,1,0,1,0,lenient,0.0,13.0,0.0
2026-08-11 18:33:15,IA15_m-deepseek-coder-v2-lite_sol1_gd0_rs0_bd1_str-lenient_t00_n1,139,3,1,deepseek-ai/DeepSeek-Coder-V2-Lite-Instruct,1,0,1,0,lenient,0.0,16.0,0.0
2026-08-11 18:33:22,IA15_m-deepseek-coder-v2-lite_sol1_gd0_rs0_bd1_str-lenient_t00_n1,140,1,1,deepseek-ai/DeepSeek-Coder-V2-Lite-Instruct,1,0,1,0,lenient,0.0,19.5,0.0
2026-08-11 18:33:29,IA15_m-deepseek-coder-v2-lite_sol1_gd0_rs0_bd1_str-lenient_t00_n1,140,2,1,deepseek-ai/DeepSeek-Coder-V2-Lite-Instruct,1,0,1,0,lenient,0.0,12.0,0.0
2026-08-11 18:33:37,IA15_m-deepseek-coder-v2-lite_sol1_gd0_rs0_bd1_str-lenient_t00_n1,140,3,1,deepseek-ai/DeepSeek-Coder-V2-Lite-Instruct,1,0,1,0,lenient,0.0,17.0,0.0
2026-08-11 18:33:45,IA15_m-deepseek-coder-v2-lite_sol1_gd0_rs0_bd1_str-lenient_t00_n1,141,1,1,deepseek-ai/DeepSeek-Coder-V2-Lite-Instruct,1,0,1,0,lenient,0.0,19.0,0.0
2026-08-11 18:33:51,IA15_m-deepseek-coder-v2-lite_sol1_gd0_rs0_bd1_str-lenient_t00_n1,141,2,1,deepseek-ai/DeepSeek-Coder-V2-Lite-Instruct,1,0,1,0,lenient,0.0,13.0,0.0
2026-08-11 18:33:59,IA15_m-deepseek-coder-v2-lite_sol1_gd0_rs0_bd1_str-lenient_t00_n1,141,3,1,deepseek-ai/DeepSeek-Coder-V2-Lite-Instruct,1,0,1,0,lenient,0.0,17.0,0.0
2026-08-11 18:34:06,IA15_m-deepseek-coder-v2-lite_sol1_gd0_rs0_bd1_str-lenient_t00_n1,142,1,1,deepseek-ai/DeepSeek-Coder-V2-Lite-Instruct,1,0,1,0,lenient,0.0,18.0,0.0
2026-08-11 18:34:14,IA15_m-deepseek-coder-v2-lite_sol1_gd0_rs0_bd1_str-lenient_t00_n1,142,2,1,deepseek-ai/DeepSeek-Coder-V2-Lite-Instruct,1,0,1,0,lenient,0.0,13.0,0.0
2026-08-11 18:34:21,IA15_m-deepseek-coder-v2-lite_sol1_gd0_rs0_bd1_str-lenient_t00_n1,142,3,1,deepseek-ai/DeepSeek-Coder-V2-Lite-Instruct,1,0,1,0,lenient,0.0,14.0,0.0
2026-08-11 18:34:29,IA15_m-deepseek-coder-v2-lite_sol1_gd0_rs0_bd1_str-lenient_t00_n1,143,1,1,deepseek-ai/DeepSeek-Coder-V2-Lite-Instruct,1,0,1,0,lenient,0.0,18.0,0.0
2026-08-11 18:34:36,IA15_m-deepseek-coder-v2-lite_sol1_gd0_rs0_bd1_str-lenient_t00_n1,143,2,1,deepseek-ai/DeepSeek-Coder-V2-Lite-Instruct,1,0,1,0,lenient,0.0,12.0,0.0
2026-08-11 18:34:43,IA15_m-deepseek-coder-v2-lite_sol1_gd0_rs0_bd1_str-lenient_t00_n1,143,3,1,deepseek-ai/DeepSeek-Coder-V2-Lite-Instruct,1,0,1,0,lenient,0.0,15.0,0.0
2026-08-11 18:34:50,IA15_m-deepseek-coder-v2-lite_sol1_gd0_rs0_bd1_str-lenient_t00_n1,144,1,1,deepseek-ai/DeepSeek-Coder-V2-Lite-Instruct,1,0,1,0,lenient,0.0,18.0,0.0
2026-08-11 18:34:55,IA15_m-deepseek-coder-v2-lite_sol1_gd0_rs0_bd1_str-lenient_t00_n1,144,2,1,deepseek-ai/DeepSeek-Coder-V2-Lite-Instruct,1,0,1,0,lenient,0.0,12.0,0.0
2026-08-11 18:35:03,IA15_m-deepseek-coder-v2-lite_sol1_gd0_rs0_bd1_str-lenient_t00_n1,144,3,1,deepseek-ai/DeepSeek-Coder-V2-Lite-Instruct,1,0,1,0,lenient,0.0,14.0,0.0
2026-08-11 18:35:11,IA15_m-deepseek-coder-v2-lite_sol1_gd0_rs0_bd1_str-lenient_t00_n1,145,1,1,deepseek-ai/DeepSeek-Coder-V2-Lite-Instruct,1,0,1,0,lenient,0.0,15.0,0.0
2026-08-11 18:35:16,IA15_m-deepseek-coder-v2-lite_sol1_gd0_rs0_bd1_str-lenient_t00_n1,145,2,1,deepseek-ai/DeepSeek-Coder-V2-Lite-Instruct,1,0,1,0,lenient,0.0,12.0,0.0
2026-08-11 18:35:22,IA15_m-deepseek-coder-v2-lite_sol1_gd0_rs0_bd1_str-lenient_t00_n1,145,3,1,deepseek-ai/DeepSeek-Coder-V2-Lite-Instruct,1,0,1,0,lenient,0.0,14.0,0.0
2026-08-11 18:35:30,IA15_m-deepseek-coder-v2-lite_sol1_gd0_rs0_bd1_str-lenient_t00_n1,146,1,1,deepseek-ai/DeepSeek-Coder-V2-Lite-Instruct,1,0,1,0,lenient,0.0,18.0,0.0
2026-08-11 18:35:35,IA15_m-deepseek-coder-v2-lite_sol1_gd0_rs0_bd1_str-lenient_t00_n1,146,2,1,deepseek-ai/DeepSeek-Coder-V2-Lite-Instruct,1,0,1,0,lenient,0.0,12.0,0.0
2026-08-11 18:35:42,IA15_m-deepseek-coder-v2-lite_sol1_gd0_rs0_bd1_str-lenient_t00_n1,146,3,1,deepseek-ai/DeepSeek-Coder-V2-Lite-Instruct,1,0,1,0,lenient,0.0,14.0,0.0
2026-08-11 18:35:50,IA15_m-deepseek-coder-v2-lite_sol1_gd0_rs0_bd1_str-lenient_t00_n1,147,1,1,deepseek-ai/DeepSeek-Coder-V2-Lite-Instruct,1,0,1,0,lenient,0.0,18.0,0.0
2026-08-11 18:35:56,IA15_m-deepseek-coder-v2-lite_sol1_gd0_rs0_bd1_str-lenient_t00_n1,147,2,1,deepseek-ai/DeepSeek-Coder-V2-Lite-Instruct,1,0,1,0,lenient,0.0,13.0,0.0
2026-08-11 18:36:03,IA15_m-deepseek-coder-v2-lite_sol1_gd0_rs0_bd1_str-lenient_t00_n1,147,3,1,deepseek-ai/DeepSeek-Coder-V2-Lite-Instruct,1,0,1,0,lenient,0.0,14.0,0.0
2026-08-11 18:36:11,IA15_m-deepseek-coder-v2-lite_sol1_gd0_rs0_bd1_str-lenient_t00_n1,148,1,1,deepseek-ai/DeepSeek-Coder-V2-Lite-Instruct,1,0,1,0,lenient,0.0,18.0,0.0
2026-08-11 18:36:18,IA15_m-deepseek-coder-v2-lite_sol1_gd0_rs0_bd1_str-lenient_t00_n1,148,2,1,deepseek-ai/DeepSeek-Coder-V2-Lite-Instruct,1,0,1,0,lenient,0.0,13.0,0.0
2026-08-11 18:36:25,IA15_m-deepseek-coder-v2-lite_sol1_gd0_rs0_bd1_str-lenient_t00_n1,148,3,1,deepseek-ai/DeepSeek-Coder-V2-Lite-Instruct,1,0,1,0,lenient,0.0,15.0,0.0
2026-08-11 18:36:32,IA15_m-deepseek-coder-v2-lite_sol1_gd0_rs0_bd1_str-lenient_t00_n1,149,1,1,deepseek-ai/DeepSeek-Coder-V2-Lite-Instruct,1,0,1,0,lenient,0.0,18.0,0.0
2026-08-11 18:36:40,IA15_m-deepseek-coder-v2-lite_sol1_gd0_rs0_bd1_str-lenient_t00_n1,149,2,1,deepseek-ai/DeepSeek-Coder-V2-Lite-Instruct,1,0,1,0,lenient,0.0,12.0,0.0
2026-08-11 18:36:47,IA15_m-deepseek-coder-v2-lite_sol1_gd0_rs0_bd1_str-lenient_t00_n1,149,3,1,deepseek-ai/DeepSeek-Coder-V2-Lite-Instruct,1,0,1,0,lenient,0.0,17.0,0.0
2026-08-11 18:36:55,IA15_m-deepseek-coder-v2-lite_sol1_gd0_rs0_bd1_str-lenient_t00_n1,150,1,1,deepseek-ai/DeepSeek-Coder-V2-Lite-Instruct,1,0,1,0,lenient,0.0,18.0,0.0
2026-08-11 18:37:02,IA15_m-deepseek-coder-v2-lite_sol1_gd0_rs0_bd1_str-lenient_t00_n1,150,2,1,deepseek-ai/DeepSeek-Coder-V2-Lite-Instruct,1,0,1,0,lenient,0.0,12.0,0.0
2026-08-11 18:37:09,IA15_m-deepseek-coder-v2-lite_sol1_gd0_rs0_bd1_str-lenient_t00_n1,150,3,1,deepseek-ai/DeepSeek-Coder-V2-Lite-Instruct,1,0,1,0,lenient,0.0,17.0,0.0
2026-08-11 18:37:17,IA15_m-deepseek-coder-v2-lite_sol1_gd0_rs0_bd1_str-lenient_t00_n1,151,1,1,deepseek-ai/DeepSeek-Coder-V2-Lite-Instruct,1,0,1,0,lenient,0.0,15.0,0.0
2026-08-11 18:37:23,IA15_m-deepseek-coder-v2-lite_sol1_gd0_rs0_bd1_str-lenient_t00_n1,151,2,1,deepseek-ai/DeepSeek-Coder-V2-Lite-Instruct,1,0,1,0,lenient,0.0,12.0,0.0
2026-08-11 18:37:30,IA15_m-deepseek-coder-v2-lite_sol1_gd0_rs0_bd1_str-lenient_t00_n1,151,3,1,deepseek-ai/DeepSeek-Coder-V2-Lite-Instruct,1,0,1,0,lenient,0.0,14.0,0.0
2026-08-11 18:37:38,IA15_m-deepseek-coder-v2-lite_sol1_gd0_rs0_bd1_str-lenient_t00_n1,152,1,1,deepseek-ai/DeepSeek-Coder-V2-Lite-Instruct,1,0,1,0,lenient,0.0,18.0,0.0
2026-08-11 18:37:46,IA15_m-deepseek-coder-v2-lite_sol1_gd0_rs0_bd1_str-lenient_t00_n1,152,2,1,deepseek-ai/DeepSeek-Coder-V2-Lite-Instruct,1,0,1,0,lenient,0.0,12.0,0.0
2026-08-11 18:37:53,IA15_m-deepseek-coder-v2-lite_sol1_gd0_rs0_bd1_str-lenient_t00_n1,152,3,1,deepseek-ai/DeepSeek-Coder-V2-Lite-Instruct,1,0,1,0,lenient,0.0,14.0,0.0
2026-08-11 18:38:01,IA15_m-deepseek-coder-v2-lite_sol1_gd0_rs0_bd1_str-lenient_t00_n1,153,1,1,deepseek-ai/DeepSeek-Coder-V2-Lite-Instruct,1,0,1,0,lenient,0.0,18.0,0.0
2026-08-11 18:38:07,IA15_m-deepseek-coder-v2-lite_sol1_gd0_rs0_bd1_str-lenient_t00_n1,153,2,1,deepseek-ai/DeepSeek-Coder-V2-Lite-Instruct,1,0,1,0,lenient,0.0,12.0,0.0
2026-08-11 18:38:15,IA15_m-deepseek-coder-v2-lite_sol1_gd0_rs0_bd1_str-lenient_t00_n1,153,3,1,deepseek-ai/DeepSeek-Coder-V2-Lite-Instruct,1,0,1,0,lenient,0.0,14.0,0.0
2026-08-11 18:38:24,IA15_m-deepseek-coder-v2-lite_sol1_gd0_rs0_bd1_str-lenient_t00_n1,154,1,1,deepseek-ai/DeepSeek-Coder-V2-Lite-Instruct,1,0,1,0,lenient,0.0,21.0,2.0
2026-08-11 18:38:30,IA15_m-deepseek-coder-v2-lite_sol1_gd0_rs0_bd1_str-lenient_t00_n1,154,2,1,deepseek-ai/DeepSeek-Coder-V2-Lite-Instruct,1,0,1,0,lenient,0.0,12.0,0.0
2026-08-11 18:38:34,IA15_m-deepseek-coder-v2-lite_sol1_gd0_rs0_bd1_str-lenient_t00_n1,154,3,1,deepseek-ai/DeepSeek-Coder-V2-Lite-Instruct,1,0,1,0,lenient,0.0,17.0,0.0
2026-08-11 18:38:42,IA15_m-deepseek-coder-v2-lite_sol1_gd0_rs0_bd1_str-lenient_t00_n1,155,1,1,deepseek-ai/DeepSeek-Coder-V2-Lite-Instruct,1,0,1,0,lenient,0.0,18.0,0.0
2026-08-11 18:38:49,IA15_m-deepseek-coder-v2-lite_sol1_gd0_rs0_bd1_str-lenient_t00_n1,155,2,1,deepseek-ai/DeepSeek-Coder-V2-Lite-Instruct,1,0,1,0,lenient,0.0,12.0,0.0
2026-08-11 18:38:56,IA15_m-deepseek-coder-v2-lite_sol1_gd0_rs0_bd1_str-lenient_t00_n1,155,3,1,deepseek-ai/DeepSeek-Coder-V2-Lite-Instruct,1,0,1,0,lenient,0.0,17.0,0.0
2026-08-11 18:39:04,IA15_m-deepseek-coder-v2-lite_sol1_gd0_rs0_bd1_str-lenient_t00_n1,156,1,1,deepseek-ai/DeepSeek-Coder-V2-Lite-Instruct,1,0,1,0,lenient,0.0,18.0,0.0
2026-08-11 18:39:09,IA15_m-deepseek-coder-v2-lite_sol1_gd0_rs0_bd1_str-lenient_t00_n1,156,2,1,deepseek-ai/DeepSeek-Coder-V2-Lite-Instruct,1,0,1,0,lenient,0.0,13.0,0.0
2026-08-11 18:39:16,IA15_m-deepseek-coder-v2-lite_sol1_gd0_rs0_bd1_str-lenient_t00_n1,156,3,1,deepseek-ai/DeepSeek-Coder-V2-Lite-Instruct,1,0,1,0,lenient,0.0,14.0,0.0
2026-08-11 18:39:24,IA15_m-deepseek-coder-v2-lite_sol1_gd0_rs0_bd1_str-lenient_t00_n1,157,1,1,deepseek-ai/DeepSeek-Coder-V2-Lite-Instruct,1,0,1,0,lenient,0.0,18.0,0.0
2026-08-11 18:39:29,IA15_m-deepseek-coder-v2-lite_sol1_gd0_rs0_bd1_str-lenient_t00_n1,157,2,1,deepseek-ai/DeepSeek-Coder-V2-Lite-Instruct,1,0,1,0,lenient,0.0,12.0,0.0
2026-08-11 18:39:36,IA15_m-deepseek-coder-v2-lite_sol1_gd0_rs0_bd1_str-lenient_t00_n1,157,3,1,deepseek-ai/DeepSeek-Coder-V2-Lite-Instruct,1,0,1,0,lenient,0.0,14.0,0.0
2026-08-11 18:39:43,IA15_m-deepseek-coder-v2-lite_sol1_gd0_rs0_bd1_str-lenient_t00_n1,158,1,1,deepseek-ai/DeepSeek-Coder-V2-Lite-Instruct,1,0,1,0,lenient,0.0,15.0,0.0
2026-08-11 18:39:50,IA15_m-deepseek-coder-v2-lite_sol1_gd0_rs0_bd1_str-lenient_t00_n1,158,2,1,deepseek-ai/DeepSeek-Coder-V2-Lite-Instruct,1,0,1,0,lenient,0.0,10.0,0.0
2026-08-11 18:39:57,IA15_m-deepseek-coder-v2-lite_sol1_gd0_rs0_bd1_str-lenient_t00_n1,158,3,1,deepseek-ai/DeepSeek-Coder-V2-Lite-Instruct,1,0,1,0,lenient,0.0,14.0,0.0
2026-08-11 18:40:05,IA15_m-deepseek-coder-v2-lite_sol1_gd0_rs0_bd1_str-lenient_t00_n1,159,1,1,deepseek-ai/DeepSeek-Coder-V2-Lite-Instruct,1,0,1,0,lenient,0.0,18.0,0.0
2026-08-11 18:40:12,IA15_m-deepseek-coder-v2-lite_sol1_gd0_rs0_bd1_str-lenient_t00_n1,159,2,1,deepseek-ai/DeepSeek-Coder-V2-Lite-Instruct,1,0,1,0,lenient,0.0,12.0,0.0
2026-08-11 18:40:19,IA15_m-deepseek-coder-v2-lite_sol1_gd0_rs0_bd1_str-lenient_t00_n1,159,3,1,deepseek-ai/DeepSeek-Coder-V2-Lite-Instruct,1,0,1,0,lenient,0.0,14.0,0.0
2026-08-11 18:40:27,IA15_m-deepseek-coder-v2-lite_sol1_gd0_rs0_bd1_str-lenient_t00_n1,160,1,1,deepseek-ai/DeepSeek-Coder-V2-Lite-Instruct,1,0,1,0,lenient,0.0,18.0,0.0
2026-08-11 18:40:34,IA15_m-deepseek-coder-v2-lite_sol1_gd0_rs0_bd1_str-lenient_t00_n1,160,2,1,deepseek-ai/DeepSeek-Coder-V2-Lite-Instruct,1,0,1,0,lenient,0.0,12.0,0.0
2026-08-11 18:40:41,IA15_m-deepseek-coder-v2-lite_sol1_gd0_rs0_bd1_str-lenient_t00_n1,160,3,1,deepseek-ai/DeepSeek-Coder-V2-Lite-Instruct,1,0,1,0,lenient,0.0,14.0,0.0
2026-08-11 18:40:49,IA15_m-deepseek-coder-v2-lite_sol1_gd0_rs0_bd1_str-lenient_t00_n1,161,1,1,deepseek-ai/DeepSeek-Coder-V2-Lite-Instruct,1,0,1,0,lenient,0.0,15.0,0.0
2026-08-11 18:40:56,IA15_m-deepseek-coder-v2-lite_sol1_gd0_rs0_bd1_str-lenient_t00_n1,161,2,1,deepseek-ai/DeepSeek-Coder-V2-Lite-Instruct,1,0,1,0,lenient,0.0,12.0,0.0
2026-08-11 18:41:03,IA15_m-deepseek-coder-v2-lite_sol1_gd0_rs0_bd1_str-lenient_t00_n1,161,3,1,deepseek-ai/DeepSeek-Coder-V2-Lite-Instruct,1,0,1,0,lenient,0.0,14.0,0.0
2026-08-11 18:41:10,IA15_m-deepseek-coder-v2-lite_sol1_gd0_rs0_bd1_str-lenient_t00_n1,162,1,1,deepseek-ai/DeepSeek-Coder-V2-Lite-Instruct,1,0,1,0,lenient,0.0,18.0,0.0
2026-08-11 18:41:17,IA15_m-deepseek-coder-v2-lite_sol1_gd0_rs0_bd1_str-lenient_t00_n1,162,2,1,deepseek-ai/DeepSeek-Coder-V2-Lite-Instruct,1,0,1,0,lenient,0.0,13.0,0.0
2026-08-11 18:41:24,IA15_m-deepseek-coder-v2-lite_sol1_gd0_rs0_bd1_str-lenient_t00_n1,162,3,1,deepseek-ai/DeepSeek-Coder-V2-Lite-Instruct,1,0,1,0,lenient,0.0,17.0,0.0
2026-08-11 18:41:32,IA15_m-deepseek-coder-v2-lite_sol1_gd0_rs0_bd1_str-lenient_t00_n1,163,1,1,deepseek-ai/DeepSeek-Coder-V2-Lite-Instruct,1,0,1,0,lenient,0.0,18.0,0.0
2026-08-11 18:41:39,IA15_m-deepseek-coder-v2-lite_sol1_gd0_rs0_bd1_str-lenient_t00_n1,163,2,1,deepseek-ai/DeepSeek-Coder-V2-Lite-Instruct,1,0,1,0,lenient,0.0,12.0,0.0
2026-08-11 18:41:45,IA15_m-deepseek-coder-v2-lite_sol1_gd0_rs0_bd1_str-lenient_t00_n1,163,3,1,deepseek-ai/DeepSeek-Coder-V2-Lite-Instruct,1,0,1,0,lenient,0.0,14.0,0.0
2026-08-11 18:41:52,IA15_m-deepseek-coder-v2-lite_sol1_gd0_rs0_bd1_str-lenient_t00_n1,164,1,1,deepseek-ai/DeepSeek-Coder-V2-Lite-Instruct,1,0,1,0,lenient,0.0,18.0,0.0
2026-08-11 18:41:59,IA15_m-deepseek-coder-v2-lite_sol1_gd0_rs0_bd1_str-lenient_t00_n1,164,2,1,deepseek-ai/DeepSeek-Coder-V2-Lite-Instruct,1,0,1,0,lenient,0.0,12.0,0.0
2026-08-11 18:42:05,IA15_m-deepseek-coder-v2-lite_sol1_gd0_rs0_bd1_str-lenient_t00_n1,164,3,1,deepseek-ai/DeepSeek-Coder-V2-Lite-Instruct,1,0,1,0,lenient,0.0,14.0,0.0
2026-08-11 18:42:13,IA15_m-deepseek-coder-v2-lite_sol1_gd0_rs0_bd1_str-lenient_t00_n1,165,1,1,deepseek-ai/DeepSeek-Coder-V2-Lite-Instruct,1,0,1,0,lenient,0.0,18.0,0.0
2026-08-11 18:42:20,IA15_m-deepseek-coder-v2-lite_sol1_gd0_rs0_bd1_str-lenient_t00_n1,165,2,1,deepseek-ai/DeepSeek-Coder-V2-Lite-Instruct,1,0,1,0,lenient,0.0,12.0,0.0
2026-08-11 18:42:27,IA15_m-deepseek-coder-v2-lite_sol1_gd0_rs0_bd1_str-lenient_t00_n1,165,3,1,deepseek-ai/DeepSeek-Coder-V2-Lite-Instruct,1,0,1,0,lenient,0.0,17.0,0.0
2026-08-11 18:42:35,IA15_m-deepseek-coder-v2-lite_sol1_gd0_rs0_bd1_str-lenient_t00_n1,166,1,1,deepseek-ai/DeepSeek-Coder-V2-Lite-Instruct,1,0,1,0,lenient,0.0,15.0,0.0
2026-08-11 18:42:41,IA15_m-deepseek-coder-v2-lite_sol1_gd0_rs0_bd1_str-lenient_t00_n1,166,2,1,deepseek-ai/DeepSeek-Coder-V2-Lite-Instruct,1,0,1,0,lenient,0.0,12.0,0.0
2026-08-11 18:42:48,IA15_m-deepseek-coder-v2-lite_sol1_gd0_rs0_bd1_str-lenient_t00_n1,166,3,1,deepseek-ai/DeepSeek-Coder-V2-Lite-Instruct,1,0,1,0,lenient,0.0,16.0,0.0
2026-08-11 18:42:57,IA15_m-deepseek-coder-v2-lite_sol1_gd0_rs0_bd1_str-lenient_t00_n1,167,1,1,deepseek-ai/DeepSeek-Coder-V2-Lite-Instruct,1,0,1,0,lenient,0.0,15.0,0.0
2026-08-11 18:43:02,IA15_m-deepseek-coder-v2-lite_sol1_gd0_rs0_bd1_str-lenient_t00_n1,167,2,1,deepseek-ai/DeepSeek-Coder-V2-Lite-Instruct,1,0,1,0,lenient,0.0,12.0,0.0
2026-08-11 18:43:09,IA15_m-deepseek-coder-v2-lite_sol1_gd0_rs0_bd1_str-lenient_t00_n1,167,3,1,deepseek-ai/DeepSeek-Coder-V2-Lite-Instruct,1,0,1,0,lenient,0.0,14.0,0.0
2026-08-11 18:43:17,IA15_m-deepseek-coder-v2-lite_sol1_gd0_rs0_bd1_str-lenient_t00_n1,168,1,1,deepseek-ai/DeepSeek-Coder-V2-Lite-Instruct,1,0,1,0,lenient,0.0,18.0,0.0
2026-08-11 18:43:24,IA15_m-deepseek-coder-v2-lite_sol1_gd0_rs0_bd1_str-lenient_t00_n1,168,2,1,deepseek-ai/DeepSeek-Coder-V2-Lite-Instruct,1,0,1,0,lenient,0.0,13.0,0.0
2026-08-11 18:43:31,IA15_m-deepseek-coder-v2-lite_sol1_gd0_rs0_bd1_str-lenient_t00_n1,168,3,1,deepseek-ai/DeepSeek-Coder-V2-Lite-Instruct,1,0,1,0,lenient,0.0,17.0,0.0
2026-08-11 18:43:39,IA15_m-deepseek-coder-v2-lite_sol1_gd0_rs0_bd1_str-lenient_t00_n1,169,1,1,deepseek-ai/DeepSeek-Coder-V2-Lite-Instruct,1,0,1,0,lenient,0.0,18.0,0.0
2026-08-11 18:43:45,IA15_m-deepseek-coder-v2-lite_sol1_gd0_rs0_bd1_str-lenient_t00_n1,169,2,1,deepseek-ai/DeepSeek-Coder-V2-Lite-Instruct,1,0,1,0,lenient,0.0,12.0,0.0
2026-08-11 18:43:52,IA15_m-deepseek-coder-v2-lite_sol1_gd0_rs0_bd1_str-lenient_t00_n1,169,3,1,deepseek-ai/DeepSeek-Coder-V2-Lite-Instruct,1,0,1,0,lenient,0.0,17.0,0.0
2026-08-11 18:44:00,IA15_m-deepseek-coder-v2-lite_sol1_gd0_rs0_bd1_str-lenient_t00_n1,170,1,1,deepseek-ai/DeepSeek-Coder-V2-Lite-Instruct,1,0,1,0,lenient,0.0,18.0,0.0
2026-08-11 18:44:07,IA15_m-deepseek-coder-v2-lite_sol1_gd0_rs0_bd1_str-lenient_t00_n1,170,3,1,deepseek-ai/DeepSeek-Coder-V2-Lite-Instruct,1,0,1,0,lenient,0.0,17.0,0.0
2026-08-11 18:44:14,IA15_m-deepseek-coder-v2-lite_sol1_gd0_rs0_bd1_str-lenient_t00_n1,171,1,1,deepseek-ai/DeepSeek-Coder-V2-Lite-Instruct,1,0,1,0,lenient,0.0,18.0,0.0
2026-08-11 18:44:21,IA15_m-deepseek-coder-v2-lite_sol1_gd0_rs0_bd1_str-lenient_t00_n1,171,2,1,deepseek-ai/DeepSeek-Coder-V2-Lite-Instruct,1,0,1,0,lenient,0.0,12.0,0.0
2026-08-11 18:44:28,IA15_m-deepseek-coder-v2-lite_sol1_gd0_rs0_bd1_str-lenient_t00_n1,171,3,1,deepseek-ai/DeepSeek-Coder-V2-Lite-Instruct,1,0,1,0,lenient,0.0,17.0,0.0
2026-08-11 18:44:36,IA15_m-deepseek-coder-v2-lite_sol1_gd0_rs0_bd1_str-lenient_t00_n1,172,1,1,deepseek-ai/DeepSeek-Coder-V2-Lite-Instruct,1,0,1,0,lenient,0.0,18.0,0.0
2026-08-11 18:44:43,IA15_m-deepseek-coder-v2-lite_sol1_gd0_rs0_bd1_str-lenient_t00_n1,172,2,1,deepseek-ai/DeepSeek-Coder-V2-Lite-Instruct,1,0,1,0,lenient,0.0,12.0,0.0
2026-08-11 18:44:50,IA15_m-deepseek-coder-v2-lite_sol1_gd0_rs0_bd1_str-lenient_t00_n1,172,3,1,deepseek-ai/DeepSeek-Coder-V2-Lite-Instruct,1,0,1,0,lenient,0.0,14.0,0.0
2026-08-11 18:44:58,IA15_m-deepseek-coder-v2-lite_sol1_gd0_rs0_bd1_str-lenient_t00_n1,173,1,1,deepseek-ai/DeepSeek-Coder-V2-Lite-Instruct,1,0,1,0,lenient,0.0,18.0,0.0
2026-08-11 18:45:05,IA15_m-deepseek-coder-v2-lite_sol1_gd0_rs0_bd1_str-lenient_t00_n1,173,2,1,deepseek-ai/DeepSeek-Coder-V2-Lite-Instruct,1,0,1,0,lenient,0.0,12.0,0.0
2026-08-11 18:45:08,IA15_m-deepseek-coder-v2-lite_sol1_gd0_rs0_bd1_str-lenient_t00_n1,173,3,1,deepseek-ai/DeepSeek-Coder-V2-Lite-Instruct,1,0,1,0,lenient,0.0,17.0,0.0
2026-08-11 18:45:16,IA15_m-deepseek-coder-v2-lite_sol1_gd0_rs0_bd1_str-lenient_t00_n1,174,1,1,deepseek-ai/DeepSeek-Coder-V2-Lite-Instruct,1,0,1,0,lenient,0.0,18.0,0.0
2026-08-11 18:45:25,IA15_m-deepseek-coder-v2-lite_sol1_gd0_rs0_bd1_str-lenient_t00_n1,174,3,1,deepseek-ai/DeepSeek-Coder-V2-Lite-Instruct,1,0,1,0,lenient,0.0,15.0,0.0
2026-08-11 18:45:33,IA15_m-deepseek-coder-v2-lite_sol1_gd0_rs0_bd1_str-lenient_t00_n1,175,1,1,deepseek-ai/DeepSeek-Coder-V2-Lite-Instruct,1,0,1,0,lenient,0.0,18.0,0.0
2026-08-11 18:45:40,IA15_m-deepseek-coder-v2-lite_sol1_gd0_rs0_bd1_str-lenient_t00_n1,175,2,1,deepseek-ai/DeepSeek-Coder-V2-Lite-Instruct,1,0,1,0,lenient,0.0,12.0,0.0
2026-08-11 18:45:47,IA15_m-deepseek-coder-v2-lite_sol1_gd0_rs0_bd1_str-lenient_t00_n1,175,3,1,deepseek-ai/DeepSeek-Coder-V2-Lite-Instruct,1,0,1,0,lenient,0.0,15.0,0.0
2026-08-11 18:45:54,IA15_m-deepseek-coder-v2-lite_sol1_gd0_rs0_bd1_str-lenient_t00_n1,176,1,1,deepseek-ai/DeepSeek-Coder-V2-Lite-Instruct,1,0,1,0,lenient,0.0,18.0,0.0
2026-08-11 18:46:01,IA15_m-deepseek-coder-v2-lite_sol1_gd0_rs0_bd1_str-lenient_t00_n1,176,2,1,deepseek-ai/DeepSeek-Coder-V2-Lite-Instruct,1,0,1,0,lenient,0.0,12.0,0.0
2026-08-11 18:46:08,IA15_m-deepseek-coder-v2-lite_sol1_gd0_rs0_bd1_str-lenient_t00_n1,176,3,1,deepseek-ai/DeepSeek-Coder-V2-Lite-Instruct,1,0,1,0,lenient,0.0,14.0,0.0
2026-08-11 18:46:16,IA15_m-deepseek-coder-v2-lite_sol1_gd0_rs0_bd1_str-lenient_t00_n1,177,1,1,deepseek-ai/DeepSeek-Coder-V2-Lite-Instruct,1,0,1,0,lenient,0.0,18.0,0.0
2026-08-11 18:46:23,IA15_m-deepseek-coder-v2-lite_sol1_gd0_rs0_bd1_str-lenient_t00_n1,177,2,1,deepseek-ai/DeepSeek-Coder-V2-Lite-Instruct,1,0,1,0,lenient,0.0,10.0,0.0
2026-08-11 18:46:30,IA15_m-deepseek-coder-v2-lite_sol1_gd0_rs0_bd1_str-lenient_t00_n1,177,3,1,deepseek-ai/DeepSeek-Coder-V2-Lite-Instruct,1,0,1,0,lenient,0.0,17.0,0.0
2026-08-11 18:46:37,IA15_m-deepseek-coder-v2-lite_sol1_gd0_rs0_bd1_str-lenient_t00_n1,178,1,1,deepseek-ai/DeepSeek-Coder-V2-Lite-Instruct,1,0,1,0,lenient,0.0,18.0,0.0
2026-08-11 18:46:43,IA15_m-deepseek-coder-v2-lite_sol1_gd0_rs0_bd1_str-lenient_t00_n1,178,2,1,deepseek-ai/DeepSeek-Coder-V2-Lite-Instruct,1,0,1,0,lenient,0.0,12.0,0.0
2026-08-11 18:46:51,IA15_m-deepseek-coder-v2-lite_sol1_gd0_rs0_bd1_str-lenient_t00_n1,178,3,1,deepseek-ai/DeepSeek-Coder-V2-Lite-Instruct,1,0,1,0,lenient,0.0,17.0,0.0
2026-08-11 18:46:58,IA15_m-deepseek-coder-v2-lite_sol1_gd0_rs0_bd1_str-lenient_t00_n1,179,1,1,deepseek-ai/DeepSeek-Coder-V2-Lite-Instruct,1,0,1,0,lenient,0.0,15.0,0.0
2026-08-11 18:47:05,IA15_m-deepseek-coder-v2-lite_sol1_gd0_rs0_bd1_str-lenient_t00_n1,179,2,1,deepseek-ai/DeepSeek-Coder-V2-Lite-Instruct,1,0,1,0,lenient,0.0,12.0,0.0
2026-08-11 18:47:13,IA15_m-deepseek-coder-v2-lite_sol1_gd0_rs0_bd1_str-lenient_t00_n1,179,3,1,deepseek-ai/DeepSeek-Coder-V2-Lite-Instruct,1,0,1,0,lenient,0.0,14.0,0.0
2026-08-11 18:47:20,IA15_m-deepseek-coder-v2-lite_sol1_gd0_rs0_bd1_str-lenient_t00_n1,180,1,1,deepseek-ai/DeepSeek-Coder-V2-Lite-Instruct,1,0,1,0,lenient,0.0,18.0,0.0
2026-08-11 18:47:28,IA15_m-deepseek-coder-v2-lite_sol1_gd0_rs0_bd1_str-lenient_t00_n1,180,3,1,deepseek-ai/DeepSeek-Coder-V2-Lite-Instruct,1,0,1,0,lenient,0.0,14.0,0.0
2026-08-11 18:47:35,IA15_m-deepseek-coder-v2-lite_sol1_gd0_rs0_bd1_str-lenient_t00_n1,181,1,1,deepseek-ai/DeepSeek-Coder-V2-Lite-Instruct,1,0,1,0,lenient,0.0,15.0,0.0
2026-08-11 18:47:42,IA15_m-deepseek-coder-v2-lite_sol1_gd0_rs0_bd1_str-lenient_t00_n1,181,2,1,deepseek-ai/DeepSeek-Coder-V2-Lite-Instruct,1,0,1,0,lenient,0.0,13.0,0.0
2026-08-11 18:47:49,IA15_m-deepseek-coder-v2-lite_sol1_gd0_rs0_bd1_str-lenient_t00_n1,181,3,1,deepseek-ai/DeepSeek-Coder-V2-Lite-Instruct,1,0,1,0,lenient,0.0,16.0,0.0
2026-08-11 18:47:57,IA15_m-deepseek-coder-v2-lite_sol1_gd0_rs0_bd1_str-lenient_t00_n1,182,1,1,deepseek-ai/DeepSeek-Coder-V2-Lite-Instruct,1,0,1,0,lenient,0.0,18.0,0.0
2026-08-11 18:48:03,IA15_m-deepseek-coder-v2-lite_sol1_gd0_rs0_bd1_str-lenient_t00_n1,182,2,1,deepseek-ai/DeepSeek-Coder-V2-Lite-Instruct,1,0,1,0,lenient,0.0,12.0,0.0
2026-08-11 18:48:10,IA15_m-deepseek-coder-v2-lite_sol1_gd0_rs0_bd1_str-lenient_t00_n1,182,3,1,deepseek-ai/DeepSeek-Coder-V2-Lite-Instruct,1,0,1,0,lenient,0.0,17.0,0.0
2026-08-11 18:48:17,IA15_m-deepseek-coder-v2-lite_sol1_gd0_rs0_bd1_str-lenient_t00_n1,183,1,1,deepseek-ai/DeepSeek-Coder-V2-Lite-Instruct,1,0,1,0,lenient,0.0,18.0,0.0
2026-08-11 18:48:23,IA15_m-deepseek-coder-v2-lite_sol1_gd0_rs0_bd1_str-lenient_t00_n1,183,2,1,deepseek-ai/DeepSeek-Coder-V2-Lite-Instruct,1,0,1,0,lenient,0.0,12.0,0.0
2026-08-11 18:48:26,IA15_m-deepseek-coder-v2-lite_sol1_gd0_rs0_bd1_str-lenient_t00_n1,183,3,1,deepseek-ai/DeepSeek-Coder-V2-Lite-Instruct,1,0,1,0,lenient,0.0,17.0,0.0
2026-08-11 18:48:34,IA15_m-deepseek-coder-v2-lite_sol1_gd0_rs0_bd1_str-lenient_t00_n1,184,1,1,deepseek-ai/DeepSeek-Coder-V2-Lite-Instruct,1,0,1,0,lenient,0.0,20.0,0.0
2026-08-11 18:48:41,IA15_m-deepseek-coder-v2-lite_sol1_gd0_rs0_bd1_str-lenient_t00_n1,184,2,1,deepseek-ai/DeepSeek-Coder-V2-Lite-Instruct,1,0,1,0,lenient,0.0,13.0,0.0
2026-08-11 18:48:48,IA15_m-deepseek-coder-v2-lite_sol1_gd0_rs0_bd1_str-lenient_t00_n1,184,3,1,deepseek-ai/DeepSeek-Coder-V2-Lite-Instruct,1,0,1,0,lenient,0.0,17.0,0.0
2026-08-11 18:48:56,IA15_m-deepseek-coder-v2-lite_sol1_gd0_rs0_bd1_str-lenient_t00_n1,185,1,1,deepseek-ai/DeepSeek-Coder-V2-Lite-Instruct,1,0,1,0,lenient,0.0,18.0,0.0
2026-08-11 18:49:03,IA15_m-deepseek-coder-v2-lite_sol1_gd0_rs0_bd1_str-lenient_t00_n1,185,2,1,deepseek-ai/DeepSeek-Coder-V2-Lite-Instruct,1,0,1,0,lenient,0.0,12.0,0.0
2026-08-11 18:49:10,IA15_m-deepseek-coder-v2-lite_sol1_gd0_rs0_bd1_str-lenient_t00_n1,185,3,1,deepseek-ai/DeepSeek-Coder-V2-Lite-Instruct,1,0,1,0,lenient,0.0,14.0,0.0
2026-08-11 18:49:17,IA15_m-deepseek-coder-v2-lite_sol1_gd0_rs0_bd1_str-lenient_t00_n1,186,1,1,deepseek-ai/DeepSeek-Coder-V2-Lite-Instruct,1,0,1,0,lenient,0.0,15.0,0.0
2026-08-11 18:49:23,IA15_m-deepseek-coder-v2-lite_sol1_gd0_rs0_bd1_str-lenient_t00_n1,186,2,1,deepseek-ai/DeepSeek-Coder-V2-Lite-Instruct,1,0,1,0,lenient,0.0,12.0,0.0
2026-08-11 18:49:29,IA15_m-deepseek-coder-v2-lite_sol1_gd0_rs0_bd1_str-lenient_t00_n1,186,3,1,deepseek-ai/DeepSeek-Coder-V2-Lite-Instruct,1,0,1,0,lenient,0.0,14.0,0.0
2026-08-11 18:49:38,IA15_m-deepseek-coder-v2-lite_sol1_gd0_rs0_bd1_str-lenient_t00_n1,187,1,1,deepseek-ai/DeepSeek-Coder-V2-Lite-Instruct,1,0,1,0,lenient,0.0,21.0,2.0
2026-08-11 18:49:45,IA15_m-deepseek-coder-v2-lite_sol1_gd0_rs0_bd1_str-lenient_t00_n1,187,2,1,deepseek-ai/DeepSeek-Coder-V2-Lite-Instruct,1,0,1,0,lenient,0.0,14.0,0.0
2026-08-11 18:49:53,IA15_m-deepseek-coder-v2-lite_sol1_gd0_rs0_bd1_str-lenient_t00_n1,187,3,1,deepseek-ai/DeepSeek-Coder-V2-Lite-Instruct,1,0,1,0,lenient,0.0,18.0,2.0
2026-08-11 18:50:01,IA15_m-deepseek-coder-v2-lite_sol1_gd0_rs0_bd1_str-lenient_t00_n1,188,1,1,deepseek-ai/DeepSeek-Coder-V2-Lite-Instruct,1,0,1,0,lenient,0.0,15.0,0.0
2026-08-11 18:50:08,IA15_m-deepseek-coder-v2-lite_sol1_gd0_rs0_bd1_str-lenient_t00_n1,188,2,1,deepseek-ai/DeepSeek-Coder-V2-Lite-Instruct,1,0,1,0,lenient,0.0,12.0,0.0
2026-08-11 18:50:15,IA15_m-deepseek-coder-v2-lite_sol1_gd0_rs0_bd1_str-lenient_t00_n1,189,1,1,deepseek-ai/DeepSeek-Coder-V2-Lite-Instruct,1,0,1,0,lenient,0.0,18.0,0.0
2026-08-11 18:50:22,IA15_m-deepseek-coder-v2-lite_sol1_gd0_rs0_bd1_str-lenient_t00_n1,189,2,1,deepseek-ai/DeepSeek-Coder-V2-Lite-Instruct,1,0,1,0,lenient,0.0,13.0,0.0
2026-08-11 18:50:29,IA15_m-deepseek-coder-v2-lite_sol1_gd0_rs0_bd1_str-lenient_t00_n1,189,3,1,deepseek-ai/DeepSeek-Coder-V2-Lite-Instruct,1,0,1,0,lenient,0.0,17.0,0.0
2026-08-11 18:50:39,IA15_m-deepseek-coder-v2-lite_sol1_gd0_rs0_bd1_str-lenient_t00_n1,190,1,1,deepseek-ai/DeepSeek-Coder-V2-Lite-Instruct,1,0,1,0,lenient,0.0,21.0,2.0
2026-08-11 18:50:46,IA15_m-deepseek-coder-v2-lite_sol1_gd0_rs0_bd1_str-lenient_t00_n1,190,2,1,deepseek-ai/DeepSeek-Coder-V2-Lite-Instruct,1,0,1,0,lenient,0.0,13.0,0.0
2026-08-11 18:50:54,IA15_m-deepseek-coder-v2-lite_sol1_gd0_rs0_bd1_str-lenient_t00_n1,190,3,1,deepseek-ai/DeepSeek-Coder-V2-Lite-Instruct,1,0,1,0,lenient,0.0,17.0,0.0
2026-08-11 18:51:01,IA15_m-deepseek-coder-v2-lite_sol1_gd0_rs0_bd1_str-lenient_t00_n1,191,1,1,deepseek-ai/DeepSeek-Coder-V2-Lite-Instruct,1,0,1,0,lenient,0.0,18.0,0.0
2026-08-11 18:51:08,IA15_m-deepseek-coder-v2-lite_sol1_gd0_rs0_bd1_str-lenient_t00_n1,191,2,1,deepseek-ai/DeepSeek-Coder-V2-Lite-Instruct,1,0,1,0,lenient,0.0,12.0,0.0
2026-08-11 18:51:15,IA15_m-deepseek-coder-v2-lite_sol1_gd0_rs0_bd1_str-lenient_t00_n1,191,3,1,deepseek-ai/DeepSeek-Coder-V2-Lite-Instruct,1,0,1,0,lenient,0.0,17.0,0.0
2026-08-11 18:51:23,IA15_m-deepseek-coder-v2-lite_sol1_gd0_rs0_bd1_str-lenient_t00_n1,192,1,1,deepseek-ai/DeepSeek-Coder-V2-Lite-Instruct,1,0,1,0,lenient,0.0,18.0,0.0
2026-08-11 18:51:28,IA15_m-deepseek-coder-v2-lite_sol1_gd0_rs0_bd1_str-lenient_t00_n1,192,2,1,deepseek-ai/DeepSeek-Coder-V2-Lite-Instruct,1,0,1,0,lenient,0.0,12.0,0.0
2026-08-11 18:51:36,IA15_m-deepseek-coder-v2-lite_sol1_gd0_rs0_bd1_str-lenient_t00_n1,192,3,1,deepseek-ai/DeepSeek-Coder-V2-Lite-Instruct,1,0,1,0,lenient,0.0,17.0,0.0
2026-08-11 18:51:43,IA15_m-deepseek-coder-v2-lite_sol1_gd0_rs0_bd1_str-lenient_t00_n1,193,1,1,deepseek-ai/DeepSeek-Coder-V2-Lite-Instruct,1,0,1,0,lenient,0.0,18.0,0.0
2026-08-11 18:51:50,IA15_m-deepseek-coder-v2-lite_sol1_gd0_rs0_bd1_str-lenient_t00_n1,193,2,1,deepseek-ai/DeepSeek-Coder-V2-Lite-Instruct,1,0,1,0,lenient,0.0,12.0,0.0
2026-08-11 18:51:57,IA15_m-deepseek-coder-v2-lite_sol1_gd0_rs0_bd1_str-lenient_t00_n1,193,3,1,deepseek-ai/DeepSeek-Coder-V2-Lite-Instruct,1,0,1,0,lenient,0.0,16.0,0.0
2026-08-11 18:52:04,IA15_m-deepseek-coder-v2-lite_sol1_gd0_rs0_bd1_str-lenient_t00_n1,194,1,1,deepseek-ai/DeepSeek-Coder-V2-Lite-Instruct,1,0,1,0,lenient,0.0,18.0,0.0
2026-08-11 18:52:11,IA15_m-deepseek-coder-v2-lite_sol1_gd0_rs0_bd1_str-lenient_t00_n1,194,2,1,deepseek-ai/DeepSeek-Coder-V2-Lite-Instruct,1,0,1,0,lenient,0.0,12.0,0.0
2026-08-11 18:52:15,IA15_m-deepseek-coder-v2-lite_sol1_gd0_rs0_bd1_str-lenient_t00_n1,194,3,1,deepseek-ai/DeepSeek-Coder-V2-Lite-Instruct,1,0,1,0,lenient,0.0,16.0,0.0
2026-08-11 18:52:23,IA15_m-deepseek-coder-v2-lite_sol1_gd0_rs0_bd1_str-lenient_t00_n1,195,1,1,deepseek-ai/DeepSeek-Coder-V2-Lite-Instruct,1,0,1,0,lenient,0.0,15.0,0.0
2026-08-11 18:52:28,IA15_m-deepseek-coder-v2-lite_sol1_gd0_rs0_bd1_str-lenient_t00_n1,195,2,1,deepseek-ai/DeepSeek-Coder-V2-Lite-Instruct,1,0,1,0,lenient,0.0,12.0,0.0
2026-08-11 18:52:36,IA15_m-deepseek-coder-v2-lite_sol1_gd0_rs0_bd1_str-lenient_t00_n1,195,3,1,deepseek-ai/DeepSeek-Coder-V2-Lite-Instruct,1,0,1,0,lenient,0.0,16.0,0.0
2026-08-11 18:52:45,IA15_m-deepseek-coder-v2-lite_sol1_gd0_rs0_bd1_str-lenient_t00_n1,196,1,1,deepseek-ai/DeepSeek-Coder-V2-Lite-Instruct,1,0,1,0,lenient,0.0,20.0,0.0
2026-08-11 18:52:52,IA15_m-deepseek-coder-v2-lite_sol1_gd0_rs0_bd1_str-lenient_t00_n1,196,2,1,deepseek-ai/DeepSeek-Coder-V2-Lite-Instruct,1,0,1,0,lenient,0.0,13.0,0.0
2026-08-11 18:52:59,IA15_m-deepseek-coder-v2-lite_sol1_gd0_rs0_bd1_str-lenient_t00_n1,196,3,1,deepseek-ai/DeepSeek-Coder-V2-Lite-Instruct,1,0,1,0,lenient,0.0,18.0,0.0
2026-08-11 18:53:07,IA15_m-deepseek-coder-v2-lite_sol1_gd0_rs0_bd1_str-lenient_t00_n1,197,1,1,deepseek-ai/DeepSeek-Coder-V2-Lite-Instruct,1,0,1,0,lenient,0.0,18.0,0.0
2026-08-11 18:53:14,IA15_m-deepseek-coder-v2-lite_sol1_gd0_rs0_bd1_str-lenient_t00_n1,197,2,1,deepseek-ai/DeepSeek-Coder-V2-Lite-Instruct,1,0,1,0,lenient,0.0,12.0,0.0
2026-08-11 18:53:21,IA15_m-deepseek-coder-v2-lite_sol1_gd0_rs0_bd1_str-lenient_t00_n1,197,3,1,deepseek-ai/DeepSeek-Coder-V2-Lite-Instruct,1,0,1,0,lenient,0.0,14.0,0.0
2026-08-11 18:53:29,IA15_m-deepseek-coder-v2-lite_sol1_gd0_rs0_bd1_str-lenient_t00_n1,198,1,1,deepseek-ai/DeepSeek-Coder-V2-Lite-Instruct,1,0,1,0,lenient,0.0,18.0,0.0
2026-08-11 18:53:34,IA15_m-deepseek-coder-v2-lite_sol1_gd0_rs0_bd1_str-lenient_t00_n1,198,2,1,deepseek-ai/DeepSeek-Coder-V2-Lite-Instruct,1,0,1,0,lenient,0.0,12.0,0.0
2026-08-11 18:53:42,IA15_m-deepseek-coder-v2-lite_sol1_gd0_rs0_bd1_str-lenient_t00_n1,198,3,1,deepseek-ai/DeepSeek-Coder-V2-Lite-Instruct,1,0,1,0,lenient,0.0,17.0,0.0
2026-08-11 18:53:49,IA15_m-deepseek-coder-v2-lite_sol1_gd0_rs0_bd1_str-lenient_t00_n1,199,1,1,deepseek-ai/DeepSeek-Coder-V2-Lite-Instruct,1,0,1,0,lenient,0.0,18.0,0.0
2026-08-11 18:53:54,IA15_m-deepseek-coder-v2-lite_sol1_gd0_rs0_bd1_str-lenient_t00_n1,199,2,1,deepseek-ai/DeepSeek-Coder-V2-Lite-Instruct,1,0,1,0,lenient,0.0,12.0,0.0
2026-08-11 18:54:01,IA15_m-deepseek-coder-v2-lite_sol1_gd0_rs0_bd1_str-lenient_t00_n1,199,3,1,deepseek-ai/DeepSeek-Coder-V2-Lite-Instruct,1,0,1,0,lenient,0.0,14.0,0.0
2026-08-11 18:54:09,IA15_m-deepseek-coder-v2-lite_sol1_gd0_rs0_bd1_str-lenient_t00_n1,200,1,1,deepseek-ai/DeepSeek-Coder-V2-Lite-Instruct,1,0,1,0,lenient,0.0,15.0,0.0
2026-08-11 18:54:16,IA15_m-deepseek-coder-v2-lite_sol1_gd0_rs0_bd1_str-lenient_t00_n1,200,2,1,deepseek-ai/DeepSeek-Coder-V2-Lite-Instruct,1,0,1,0,lenient,0.0,12.0,0.0
2026-08-11 18:54:23,IA15_m-deepseek-coder-v2-lite_sol1_gd0_rs0_bd1_str-lenient_t00_n1,200,3,1,deepseek-ai/DeepSeek-Coder-V2-Lite-Instruct,1,0,1,0,lenient,0.0,16.0,0.0
2026-08-11 18:54:31,IA15_m-deepseek-coder-v2-lite_sol1_gd0_rs0_bd1_str-lenient_t00_n1,201,1,1,deepseek-ai/DeepSeek-Coder-V2-Lite-Instruct,1,0,1,0,lenient,0.0,18.0,0.0
2026-08-11 18:54:38,IA15_m-deepseek-coder-v2-lite_sol1_gd0_rs0_bd1_str-lenient_t00_n1,201,2,1,deepseek-ai/DeepSeek-Coder-V2-Lite-Instruct,1,0,1,0,lenient,0.0,12.0,0.0
2026-08-11 18:54:45,IA15_m-deepseek-coder-v2-lite_sol1_gd0_rs0_bd1_str-lenient_t00_n1,201,3,1,deepseek-ai/DeepSeek-Coder-V2-Lite-Instruct,1,0,1,0,lenient,0.0,17.0,0.0
2026-08-11 18:54:53,IA15_m-deepseek-coder-v2-lite_sol1_gd0_rs0_bd1_str-lenient_t00_n1,202,1,1,deepseek-ai/DeepSeek-Coder-V2-Lite-Instruct,1,0,1,0,lenient,0.0,15.0,0.0
2026-08-11 18:54:58,IA15_m-deepseek-coder-v2-lite_sol1_gd0_rs0_bd1_str-lenient_t00_n1,202,2,1,deepseek-ai/DeepSeek-Coder-V2-Lite-Instruct,1,0,1,0,lenient,0.0,12.0,0.0
2026-08-11 18:55:06,IA15_m-deepseek-coder-v2-lite_sol1_gd0_rs0_bd1_str-lenient_t00_n1,203,1,1,deepseek-ai/DeepSeek-Coder-V2-Lite-Instruct,1,0,1,0,lenient,0.0,18.0,0.0
2026-08-11 18:55:13,IA15_m-deepseek-coder-v2-lite_sol1_gd0_rs0_bd1_str-lenient_t00_n1,203,2,1,deepseek-ai/DeepSeek-Coder-V2-Lite-Instruct,1,0,1,0,lenient,0.0,12.0,0.0
2026-08-11 18:55:20,IA15_m-deepseek-coder-v2-lite_sol1_gd0_rs0_bd1_str-lenient_t00_n1,203,3,1,deepseek-ai/DeepSeek-Coder-V2-Lite-Instruct,1,0,1,0,lenient,0.0,16.0,0.0
2026-08-11 18:55:28,IA15_m-deepseek-coder-v2-lite_sol1_gd0_rs0_bd1_str-lenient_t00_n1,204,1,1,deepseek-ai/DeepSeek-Coder-V2-Lite-Instruct,1,0,1,0,lenient,0.0,18.0,0.0
2026-08-11 18:55:35,IA15_m-deepseek-coder-v2-lite_sol1_gd0_rs0_bd1_str-lenient_t00_n1,204,2,1,deepseek-ai/DeepSeek-Coder-V2-Lite-Instruct,1,0,1,0,lenient,0.0,13.0,0.0
2026-08-11 18:55:42,IA15_m-deepseek-coder-v2-lite_sol1_gd0_rs0_bd1_str-lenient_t00_n1,204,3,1,deepseek-ai/DeepSeek-Coder-V2-Lite-Instruct,1,0,1,0,lenient,0.0,15.0,0.0
2026-08-11 18:55:48,IA15_m-deepseek-coder-v2-lite_sol1_gd0_rs0_bd1_str-lenient_t00_n1,205,1,1,deepseek-ai/DeepSeek-Coder-V2-Lite-Instruct,1,0,1,0,lenient,0.0,15.0,0.0
2026-08-11 18:55:55,IA15_m-deepseek-coder-v2-lite_sol1_gd0_rs0_bd1_str-lenient_t00_n1,205,2,1,deepseek-ai/DeepSeek-Coder-V2-Lite-Instruct,1,0,1,0,lenient,0.0,12.0,0.0
2026-08-11 18:56:02,IA15_m-deepseek-coder-v2-lite_sol1_gd0_rs0_bd1_str-lenient_t00_n1,205,3,1,deepseek-ai/DeepSeek-Coder-V2-Lite-Instruct,1,0,1,0,lenient,0.0,15.0,0.0
2026-08-11 18:56:10,IA15_m-deepseek-coder-v2-lite_sol1_gd0_rs0_bd1_str-lenient_t00_n1,206,1,1,deepseek-ai/DeepSeek-Coder-V2-Lite-Instruct,1,0,1,0,lenient,0.0,19.0,0.0
2026-08-11 18:56:17,IA15_m-deepseek-coder-v2-lite_sol1_gd0_rs0_bd1_str-lenient_t00_n1,206,2,1,deepseek-ai/DeepSeek-Coder-V2-Lite-Instruct,1,0,1,0,lenient,0.0,13.0,0.0
2026-08-11 18:56:24,IA15_m-deepseek-coder-v2-lite_sol1_gd0_rs0_bd1_str-lenient_t00_n1,206,3,1,deepseek-ai/DeepSeek-Coder-V2-Lite-Instruct,1,0,1,0,lenient,0.0,17.0,0.0
2026-08-11 18:56:32,IA15_m-deepseek-coder-v2-lite_sol1_gd0_rs0_bd1_str-lenient_t00_n1,207,1,1,deepseek-ai/DeepSeek-Coder-V2-Lite-Instruct,1,0,1,0,lenient,0.0,18.0,0.0
2026-08-11 18:56:37,IA15_m-deepseek-coder-v2-lite_sol1_gd0_rs0_bd1_str-lenient_t00_n1,207,2,1,deepseek-ai/DeepSeek-Coder-V2-Lite-Instruct,1,0,1,0,lenient,0.0,12.0,0.0
2026-08-11 18:56:44,IA15_m-deepseek-coder-v2-lite_sol1_gd0_rs0_bd1_str-lenient_t00_n1,207,3,1,deepseek-ai/DeepSeek-Coder-V2-Lite-Instruct,1,0,1,0,lenient,0.0,17.0,0.0
2026-08-11 18:56:52,IA15_m-deepseek-coder-v2-lite_sol1_gd0_rs0_bd1_str-lenient_t00_n1,208,1,1,deepseek-ai/DeepSeek-Coder-V2-Lite-Instruct,1,0,1,0,lenient,0.0,18.0,0.0
2026-08-11 18:56:59,IA15_m-deepseek-coder-v2-lite_sol1_gd0_rs0_bd1_str-lenient_t00_n1,208,2,1,deepseek-ai/DeepSeek-Coder-V2-Lite-Instruct,1,0,1,0,lenient,0.0,12.0,0.0
2026-08-11 18:57:06,IA15_m-deepseek-coder-v2-lite_sol1_gd0_rs0_bd1_str-lenient_t00_n1,208,3,1,deepseek-ai/DeepSeek-Coder-V2-Lite-Instruct,1,0,1,0,lenient,0.0,17.0,0.0
2026-08-11 18:57:14,IA15_m-deepseek-coder-v2-lite_sol1_gd0_rs0_bd1_str-lenient_t00_n1,209,1,1,deepseek-ai/DeepSeek-Coder-V2-Lite-Instruct,1,0,1,0,lenient,0.0,18.0,0.0
2026-08-11 18:57:21,IA15_m-deepseek-coder-v2-lite_sol1_gd0_rs0_bd1_str-lenient_t00_n1,209,2,1,deepseek-ai/DeepSeek-Coder-V2-Lite-Instruct,1,0,1,0,lenient,0.0,13.0,0.0
2026-08-11 18:57:28,IA15_m-deepseek-coder-v2-lite_sol1_gd0_rs0_bd1_str-lenient_t00_n1,209,3,1,deepseek-ai/DeepSeek-Coder-V2-Lite-Instruct,1,0,1,0,lenient,0.0,17.0,0.0
2026-08-11 18:57:36,IA15_m-deepseek-coder-v2-lite_sol1_gd0_rs0_bd1_str-lenient_t00_n1,210,1,1,deepseek-ai/DeepSeek-Coder-V2-Lite-Instruct,1,0,1,0,lenient,0.0,20.0,0.0
2026-08-11 18:57:43,IA15_m-deepseek-coder-v2-lite_sol1_gd0_rs0_bd1_str-lenient_t00_n1,210,2,1,deepseek-ai/DeepSeek-Coder-V2-Lite-Instruct,1,0,1,0,lenient,0.0,13.0,0.0
2026-08-11 18:57:50,IA15_m-deepseek-coder-v2-lite_sol1_gd0_rs0_bd1_str-lenient_t00_n1,210,3,1,deepseek-ai/DeepSeek-Coder-V2-Lite-Instruct,1,0,1,0,lenient,0.0,16.0,0.0
2026-08-11 18:57:58,IA15_m-deepseek-coder-v2-lite_sol1_gd0_rs0_bd1_str-lenient_t00_n1,211,1,1,deepseek-ai/DeepSeek-Coder-V2-Lite-Instruct,1,0,1,0,lenient,0.0,18.0,0.0
2026-08-11 18:58:03,IA15_m-deepseek-coder-v2-lite_sol1_gd0_rs0_bd1_str-lenient_t00_n1,211,2,1,deepseek-ai/DeepSeek-Coder-V2-Lite-Instruct,1,0,1,0,lenient,0.0,12.0,0.0
2026-08-11 18:58:11,IA15_m-deepseek-coder-v2-lite_sol1_gd0_rs0_bd1_str-lenient_t00_n1,211,3,1,deepseek-ai/DeepSeek-Coder-V2-Lite-Instruct,1,0,1,0,lenient,0.0,17.0,0.0
2026-08-11 18:58:18,IA15_m-deepseek-coder-v2-lite_sol1_gd0_rs0_bd1_str-lenient_t00_n1,212,1,1,deepseek-ai/DeepSeek-Coder-V2-Lite-Instruct,1,0,1,0,lenient,0.0,18.0,0.0
2026-08-11 18:58:23,IA15_m-deepseek-coder-v2-lite_sol1_gd0_rs0_bd1_str-lenient_t00_n1,212,2,1,deepseek-ai/DeepSeek-Coder-V2-Lite-Instruct,1,0,1,0,lenient,0.0,12.0,0.0
2026-08-11 18:58:30,IA15_m-deepseek-coder-v2-lite_sol1_gd0_rs0_bd1_str-lenient_t00_n1,212,3,1,deepseek-ai/DeepSeek-Coder-V2-Lite-Instruct,1,0,1,0,lenient,0.0,14.0,0.0
2026-08-11 18:58:38,IA15_m-deepseek-coder-v2-lite_sol1_gd0_rs0_bd1_str-lenient_t00_n1,213,1,1,deepseek-ai/DeepSeek-Coder-V2-Lite-Instruct,1,0,1,0,lenient,0.0,18.0,0.0
2026-08-11 18:58:44,IA15_m-deepseek-coder-v2-lite_sol1_gd0_rs0_bd1_str-lenient_t00_n1,213,2,1,deepseek-ai/DeepSeek-Coder-V2-Lite-Instruct,1,0,1,0,lenient,0.0,12.0,0.0
2026-08-11 18:58:51,IA15_m-deepseek-coder-v2-lite_sol1_gd0_rs0_bd1_str-lenient_t00_n1,213,3,1,deepseek-ai/DeepSeek-Coder-V2-Lite-Instruct,1,0,1,0,lenient,0.0,14.0,0.0
2026-08-11 18:58:58,IA15_m-deepseek-coder-v2-lite_sol1_gd0_rs0_bd1_str-lenient_t00_n1,214,1,1,deepseek-ai/DeepSeek-Coder-V2-Lite-Instruct,1,0,1,0,lenient,0.0,20.0,0.0
2026-08-11 18:59:04,IA15_m-deepseek-coder-v2-lite_sol1_gd0_rs0_bd1_str-lenient_t00_n1,214,2,1,deepseek-ai/DeepSeek-Coder-V2-Lite-Instruct,1,0,1,0,lenient,0.0,12.0,0.0
2026-08-11 18:59:11,IA15_m-deepseek-coder-v2-lite_sol1_gd0_rs0_bd1_str-lenient_t00_n1,214,3,1,deepseek-ai/DeepSeek-Coder-V2-Lite-Instruct,1,0,1,0,lenient,0.0,17.0,0.0
2026-08-11 18:59:18,IA15_m-deepseek-coder-v2-lite_sol1_gd0_rs0_bd1_str-lenient_t00_n1,215,1,1,deepseek-ai/DeepSeek-Coder-V2-Lite-Instruct,1,0,1,0,lenient,0.0,18.0,0.0
2026-08-11 18:59:25,IA15_m-deepseek-coder-v2-lite_sol1_gd0_rs0_bd1_str-lenient_t00_n1,215,2,1,deepseek-ai/DeepSeek-Coder-V2-Lite-Instruct,1,0,1,0,lenient,0.0,13.0,0.0
2026-08-11 18:59:33,IA15_m-deepseek-coder-v2-lite_sol1_gd0_rs0_bd1_str-lenient_t00_n1,215,3,1,deepseek-ai/DeepSeek-Coder-V2-Lite-Instruct,1,0,1,0,lenient,0.0,17.0,0.0
2026-08-11 18:59:41,IA15_m-deepseek-coder-v2-lite_sol1_gd0_rs0_bd1_str-lenient_t00_n1,216,1,1,deepseek-ai/DeepSeek-Coder-V2-Lite-Instruct,1,0,1,0,lenient,0.0,18.0,0.0
2026-08-11 18:59:48,IA15_m-deepseek-coder-v2-lite_sol1_gd0_rs0_bd1_str-lenient_t00_n1,216,2,1,deepseek-ai/DeepSeek-Coder-V2-Lite-Instruct,1,0,1,0,lenient,0.0,12.0,0.0
2026-08-11 18:59:55,IA15_m-deepseek-coder-v2-lite_sol1_gd0_rs0_bd1_str-lenient_t00_n1,216,3,1,deepseek-ai/DeepSeek-Coder-V2-Lite-Instruct,1,0,1,0,lenient,0.0,17.0,0.0
2026-08-11 19:00:03,IA15_m-deepseek-coder-v2-lite_sol1_gd0_rs0_bd1_str-lenient_t00_n1,217,1,1,deepseek-ai/DeepSeek-Coder-V2-Lite-Instruct,1,0,1,0,lenient,0.0,18.0,0.0
2026-08-11 19:00:10,IA15_m-deepseek-coder-v2-lite_sol1_gd0_rs0_bd1_str-lenient_t00_n1,217,2,1,deepseek-ai/DeepSeek-Coder-V2-Lite-Instruct,1,0,1,0,lenient,0.0,12.0,0.0
2026-08-11 19:00:17,IA15_m-deepseek-coder-v2-lite_sol1_gd0_rs0_bd1_str-lenient_t00_n1,217,3,1,deepseek-ai/DeepSeek-Coder-V2-Lite-Instruct,1,0,1,0,lenient,0.0,14.0,0.0
2026-08-11 19:00:24,IA15_m-deepseek-coder-v2-lite_sol1_gd0_rs0_bd1_str-lenient_t00_n1,218,1,1,deepseek-ai/DeepSeek-Coder-V2-Lite-Instruct,1,0,1,0,lenient,0.0,18.0,0.0
2026-08-11 19:00:30,IA15_m-deepseek-coder-v2-lite_sol1_gd0_rs0_bd1_str-lenient_t00_n1,218,2,1,deepseek-ai/DeepSeek-Coder-V2-Lite-Instruct,1,0,1,0,lenient,0.0,12.0,0.0
2026-08-11 19:00:37,IA15_m-deepseek-coder-v2-lite_sol1_gd0_rs0_bd1_str-lenient_t00_n1,218,3,1,deepseek-ai/DeepSeek-Coder-V2-Lite-Instruct,1,0,1,0,lenient,0.0,14.0,0.0
2026-08-11 19:00:45,IA15_m-deepseek-coder-v2-lite_sol1_gd0_rs0_bd1_str-lenient_t00_n1,219,1,1,deepseek-ai/DeepSeek-Coder-V2-Lite-Instruct,1,0,1,0,lenient,0.0,21.0,2.0
2026-08-11 19:00:52,IA15_m-deepseek-coder-v2-lite_sol1_gd0_rs0_bd1_str-lenient_t00_n1,219,2,1,deepseek-ai/DeepSeek-Coder-V2-Lite-Instruct,1,0,1,0,lenient,0.0,13.0,0.0
2026-08-11 19:00:59,IA15_m-deepseek-coder-v2-lite_sol1_gd0_rs0_bd1_str-lenient_t00_n1,219,3,1,deepseek-ai/DeepSeek-Coder-V2-Lite-Instruct,1,0,1,0,lenient,0.0,17.0,0.0
2026-08-11 19:01:07,IA15_m-deepseek-coder-v2-lite_sol1_gd0_rs0_bd1_str-lenient_t00_n1,220,1,1,deepseek-ai/DeepSeek-Coder-V2-Lite-Instruct,1,0,1,0,lenient,0.0,18.0,0.0
2026-08-11 19:01:14,IA15_m-deepseek-coder-v2-lite_sol1_gd0_rs0_bd1_str-lenient_t00_n1,220,2,1,deepseek-ai/DeepSeek-Coder-V2-Lite-Instruct,1,0,1,0,lenient,0.0,12.0,0.0
2026-08-11 19:01:21,IA15_m-deepseek-coder-v2-lite_sol1_gd0_rs0_bd1_str-lenient_t00_n1,220,3,1,deepseek-ai/DeepSeek-Coder-V2-Lite-Instruct,1,0,1,0,lenient,0.0,17.0,0.0
2026-08-11 19:01:28,IA15_m-deepseek-coder-v2-lite_sol1_gd0_rs0_bd1_str-lenient_t00_n1,221,1,1,deepseek-ai/DeepSeek-Coder-V2-Lite-Instruct,1,0,1,0,lenient,0.0,18.0,0.0
2026-08-11 19:01:35,IA15_m-deepseek-coder-v2-lite_sol1_gd0_rs0_bd1_str-lenient_t00_n1,221,2,1,deepseek-ai/DeepSeek-Coder-V2-Lite-Instruct,1,0,1,0,lenient,0.0,13.0,0.0
2026-08-11 19:01:43,IA15_m-deepseek-coder-v2-lite_sol1_gd0_rs0_bd1_str-lenient_t00_n1,221,3,1,deepseek-ai/DeepSeek-Coder-V2-Lite-Instruct,1,0,1,0,lenient,0.0,15.0,0.0
2026-08-11 19:01:50,IA15_m-deepseek-coder-v2-lite_sol1_gd0_rs0_bd1_str-lenient_t00_n1,222,1,1,deepseek-ai/DeepSeek-Coder-V2-Lite-Instruct,1,0,1,0,lenient,0.0,18.0,0.0
2026-08-11 19:01:57,IA15_m-deepseek-coder-v2-lite_sol1_gd0_rs0_bd1_str-lenient_t00_n1,222,2,1,deepseek-ai/DeepSeek-Coder-V2-Lite-Instruct,1,0,1,0,lenient,0.0,12.0,0.0
2026-08-11 19:02:04,IA15_m-deepseek-coder-v2-lite_sol1_gd0_rs0_bd1_str-lenient_t00_n1,222,3,1,deepseek-ai/DeepSeek-Coder-V2-Lite-Instruct,1,0,1,0,lenient,0.0,16.0,0.0
2026-08-11 19:02:11,IA15_m-deepseek-coder-v2-lite_sol1_gd0_rs0_bd1_str-lenient_t00_n1,223,1,1,deepseek-ai/DeepSeek-Coder-V2-Lite-Instruct,1,0,1,0,lenient,0.0,18.0,0.0
2026-08-11 19:02:18,IA15_m-deepseek-coder-v2-lite_sol1_gd0_rs0_bd1_str-lenient_t00_n1,223,2,1,deepseek-ai/DeepSeek-Coder-V2-Lite-Instruct,1,0,1,0,lenient,0.0,12.0,0.0
2026-08-11 19:02:26,IA15_m-deepseek-coder-v2-lite_sol1_gd0_rs0_bd1_str-lenient_t00_n1,223,3,1,deepseek-ai/DeepSeek-Coder-V2-Lite-Instruct,1,0,1,0,lenient,0.0,17.0,0.0
2026-08-11 19:02:33,IA15_m-deepseek-coder-v2-lite_sol1_gd0_rs0_bd1_str-lenient_t00_n1,224,1,1,deepseek-ai/DeepSeek-Coder-V2-Lite-Instruct,1,0,1,0,lenient,0.0,18.0,0.0
2026-08-11 19:02:41,IA15_m-deepseek-coder-v2-lite_sol1_gd0_rs0_bd1_str-lenient_t00_n1,224,3,1,deepseek-ai/DeepSeek-Coder-V2-Lite-Instruct,1,0,1,0,lenient,0.0,17.0,0.0
2026-08-11 19:02:48,IA15_m-deepseek-coder-v2-lite_sol1_gd0_rs0_bd1_str-lenient_t00_n1,225,1,1,deepseek-ai/DeepSeek-Coder-V2-Lite-Instruct,1,0,1,0,lenient,0.0,18.0,0.0
2026-08-11 19:02:55,IA15_m-deepseek-coder-v2-lite_sol1_gd0_rs0_bd1_str-lenient_t00_n1,225,2,1,deepseek-ai/DeepSeek-Coder-V2-Lite-Instruct,1,0,1,0,lenient,0.0,12.0,0.0
2026-08-11 19:03:01,IA15_m-deepseek-coder-v2-lite_sol1_gd0_rs0_bd1_str-lenient_t00_n1,225,3,1,deepseek-ai/DeepSeek-Coder-V2-Lite-Instruct,1,0,1,0,lenient,0.0,16.0,0.0
2026-08-11 19:03:09,IA15_m-deepseek-coder-v2-lite_sol1_gd0_rs0_bd1_str-lenient_t00_n1,226,1,1,deepseek-ai/DeepSeek-Coder-V2-Lite-Instruct,1,0,1,0,lenient,0.0,18.0,0.0
2026-08-11 19:03:16,IA15_m-deepseek-coder-v2-lite_sol1_gd0_rs0_bd1_str-lenient_t00_n1,226,2,1,deepseek-ai/DeepSeek-Coder-V2-Lite-Instruct,1,0,1,0,lenient,0.0,12.0,0.0
2026-08-11 19:03:23,IA15_m-deepseek-coder-v2-lite_sol1_gd0_rs0_bd1_str-lenient_t00_n1,226,3,1,deepseek-ai/DeepSeek-Coder-V2-Lite-Instruct,1,0,1,0,lenient,0.0,16.0,0.0
2026-08-11 19:03:30,IA15_m-deepseek-coder-v2-lite_sol1_gd0_rs0_bd1_str-lenient_t00_n1,227,1,1,deepseek-ai/DeepSeek-Coder-V2-Lite-Instruct,1,0,1,0,lenient,0.0,18.0,0.0
2026-08-11 19:03:37,IA15_m-deepseek-coder-v2-lite_sol1_gd0_rs0_bd1_str-lenient_t00_n1,227,2,1,deepseek-ai/DeepSeek-Coder-V2-Lite-Instruct,1,0,1,0,lenient,0.0,12.0,0.0
2026-08-11 19:03:44,IA15_m-deepseek-coder-v2-lite_sol1_gd0_rs0_bd1_str-lenient_t00_n1,228,1,1,deepseek-ai/DeepSeek-Coder-V2-Lite-Instruct,1,0,1,0,lenient,0.0,18.0,0.0
2026-08-11 19:03:51,IA15_m-deepseek-coder-v2-lite_sol1_gd0_rs0_bd1_str-lenient_t00_n1,228,2,1,deepseek-ai/DeepSeek-Coder-V2-Lite-Instruct,1,0,1,0,lenient,0.0,13.0,0.0
2026-08-11 19:03:59,IA15_m-deepseek-coder-v2-lite_sol1_gd0_rs0_bd1_str-lenient_t00_n1,228,3,1,deepseek-ai/DeepSeek-Coder-V2-Lite-Instruct,1,0,1,0,lenient,0.0,16.0,0.0
2026-08-11 19:04:06,IA15_m-deepseek-coder-v2-lite_sol1_gd0_rs0_bd1_str-lenient_t00_n1,229,1,1,deepseek-ai/DeepSeek-Coder-V2-Lite-Instruct,1,0,1,0,lenient,0.0,18.0,0.0
2026-08-11 19:04:14,IA15_m-deepseek-coder-v2-lite_sol1_gd0_rs0_bd1_str-lenient_t00_n1,229,2,1,deepseek-ai/DeepSeek-Coder-V2-Lite-Instruct,1,0,1,0,lenient,0.0,12.0,0.0
2026-08-11 19:04:21,IA15_m-deepseek-coder-v2-lite_sol1_gd0_rs0_bd1_str-lenient_t00_n1,229,3,1,deepseek-ai/DeepSeek-Coder-V2-Lite-Instruct,1,0,1,0,lenient,0.0,17.0,0.0
2026-08-11 19:04:28,IA15_m-deepseek-coder-v2-lite_sol1_gd0_rs0_bd1_str-lenient_t00_n1,230,1,1,deepseek-ai/DeepSeek-Coder-V2-Lite-Instruct,1,0,1,0,lenient,0.0,18.0,0.0
2026-08-11 19:04:35,IA15_m-deepseek-coder-v2-lite_sol1_gd0_rs0_bd1_str-lenient_t00_n1,230,2,1,deepseek-ai/DeepSeek-Coder-V2-Lite-Instruct,1,0,1,0,lenient,0.0,12.0,0.0
2026-08-11 19:04:41,IA15_m-deepseek-coder-v2-lite_sol1_gd0_rs0_bd1_str-lenient_t00_n1,230,3,1,deepseek-ai/DeepSeek-Coder-V2-Lite-Instruct,1,0,1,0,lenient,0.0,16.0,0.0
2026-08-11 19:04:49,IA15_m-deepseek-coder-v2-lite_sol1_gd0_rs0_bd1_str-lenient_t00_n1,231,1,1,deepseek-ai/DeepSeek-Coder-V2-Lite-Instruct,1,0,1,0,lenient,0.0,18.0,0.0
2026-08-11 19:04:55,IA15_m-deepseek-coder-v2-lite_sol1_gd0_rs0_bd1_str-lenient_t00_n1,231,2,1,deepseek-ai/DeepSeek-Coder-V2-Lite-Instruct,1,0,1,0,lenient,0.0,12.0,0.0
2026-08-11 19:05:02,IA15_m-deepseek-coder-v2-lite_sol1_gd0_rs0_bd1_str-lenient_t00_n1,231,3,1,deepseek-ai/DeepSeek-Coder-V2-Lite-Instruct,1,0,1,0,lenient,0.0,17.0,0.0
2026-08-11 19:05:10,IA15_m-deepseek-coder-v2-lite_sol1_gd0_rs0_bd1_str-lenient_t00_n1,232,1,1,deepseek-ai/DeepSeek-Coder-V2-Lite-Instruct,1,0,1,0,lenient,0.0,18.0,0.0
2026-08-11 19:05:16,IA15_m-deepseek-coder-v2-lite_sol1_gd0_rs0_bd1_str-lenient_t00_n1,232,2,1,deepseek-ai/DeepSeek-Coder-V2-Lite-Instruct,1,0,1,0,lenient,0.0,13.0,0.0
2026-08-11 19:05:25,IA15_m-deepseek-coder-v2-lite_sol1_gd0_rs0_bd1_str-lenient_t00_n1,232,3,1,deepseek-ai/DeepSeek-Coder-V2-Lite-Instruct,1,0,1,0,lenient,0.0,16.0,0.0
2026-08-11 19:05:32,IA15_m-deepseek-coder-v2-lite_sol1_gd0_rs0_bd1_str-lenient_t00_n1,233,1,1,deepseek-ai/DeepSeek-Coder-V2-Lite-Instruct,1,0,1,0,lenient,0.0,18.0,0.0
2026-08-11 19:05:37,IA15_m-deepseek-coder-v2-lite_sol1_gd0_rs0_bd1_str-lenient_t00_n1,233,2,1,deepseek-ai/DeepSeek-Coder-V2-Lite-Instruct,1,0,1,0,lenient,0.0,12.0,0.0
2026-08-11 19:05:44,IA15_m-deepseek-coder-v2-lite_sol1_gd0_rs0_bd1_str-lenient_t00_n1,233,3,1,deepseek-ai/DeepSeek-Coder-V2-Lite-Instruct,1,0,1,0,lenient,0.0,16.0,0.0
2026-08-11 19:05:51,IA15_m-deepseek-coder-v2-lite_sol1_gd0_rs0_bd1_str-lenient_t00_n1,234,1,1,deepseek-ai/DeepSeek-Coder-V2-Lite-Instruct,1,0,1,0,lenient,0.0,18.0,0.0
2026-08-11 19:05:58,IA15_m-deepseek-coder-v2-lite_sol1_gd0_rs0_bd1_str-lenient_t00_n1,234,2,1,deepseek-ai/DeepSeek-Coder-V2-Lite-Instruct,1,0,1,0,lenient,0.0,12.0,0.0
2026-08-11 19:06:05,IA15_m-deepseek-coder-v2-lite_sol1_gd0_rs0_bd1_str-lenient_t00_n1,234,3,1,deepseek-ai/DeepSeek-Coder-V2-Lite-Instruct,1,0,1,0,lenient,0.0,16.0,0.0
2026-08-11 19:06:13,IA15_m-deepseek-coder-v2-lite_sol1_gd0_rs0_bd1_str-lenient_t00_n1,235,1,1,deepseek-ai/DeepSeek-Coder-V2-Lite-Instruct,1,0,1,0,lenient,0.0,18.0,0.0
2026-08-11 19:06:18,IA15_m-deepseek-coder-v2-lite_sol1_gd0_rs0_bd1_str-lenient_t00_n1,235,2,1,deepseek-ai/DeepSeek-Coder-V2-Lite-Instruct,1,0,1,0,lenient,0.0,12.0,0.0
2026-08-11 19:06:25,IA15_m-deepseek-coder-v2-lite_sol1_gd0_rs0_bd1_str-lenient_t00_n1,235,3,1,deepseek-ai/DeepSeek-Coder-V2-Lite-Instruct,1,0,1,0,lenient,0.0,16.0,0.0
2026-08-11 19:06:33,IA15_m-deepseek-coder-v2-lite_sol1_gd0_rs0_bd1_str-lenient_t00_n1,236,1,1,deepseek-ai/DeepSeek-Coder-V2-Lite-Instruct,1,0,1,0,lenient,0.0,18.0,0.0
2026-08-11 19:06:39,IA15_m-deepseek-coder-v2-lite_sol1_gd0_rs0_bd1_str-lenient_t00_n1,236,2,1,deepseek-ai/DeepSeek-Coder-V2-Lite-Instruct,1,0,1,0,lenient,0.0,12.0,0.0
2026-08-11 19:06:46,IA15_m-deepseek-coder-v2-lite_sol1_gd0_rs0_bd1_str-lenient_t00_n1,236,3,1,deepseek-ai/DeepSeek-Coder-V2-Lite-Instruct,1,0,1,0,lenient,0.0,16.0,0.0
2026-08-11 19:06:54,IA15_m-deepseek-coder-v2-lite_sol1_gd0_rs0_bd1_str-lenient_t00_n1,237,1,1,deepseek-ai/DeepSeek-Coder-V2-Lite-Instruct,1,0,1,0,lenient,0.0,18.0,0.0
2026-08-11 19:07:00,IA15_m-deepseek-coder-v2-lite_sol1_gd0_rs0_bd1_str-lenient_t00_n1,237,2,1,deepseek-ai/DeepSeek-Coder-V2-Lite-Instruct,1,0,1,0,lenient,0.0,12.0,0.0
2026-08-11 19:07:08,IA15_m-deepseek-coder-v2-lite_sol1_gd0_rs0_bd1_str-lenient_t00_n1,238,1,1,deepseek-ai/DeepSeek-Coder-V2-Lite-Instruct,1,0,1,0,lenient,0.0,18.0,0.0
2026-08-11 19:07:14,IA15_m-deepseek-coder-v2-lite_sol1_gd0_rs0_bd1_str-lenient_t00_n1,238,2,1,deepseek-ai/DeepSeek-Coder-V2-Lite-Instruct,1,0,1,0,lenient,0.0,13.0,0.0
2026-08-11 19:07:21,IA15_m-deepseek-coder-v2-lite_sol1_gd0_rs0_bd1_str-lenient_t00_n1,238,3,1,deepseek-ai/DeepSeek-Coder-V2-Lite-Instruct,1,0,1,0,lenient,0.0,14.0,0.0
2026-08-11 19:07:29,IA15_m-deepseek-coder-v2-lite_sol1_gd0_rs0_bd1_str-lenient_t00_n1,239,1,1,deepseek-ai/DeepSeek-Coder-V2-Lite-Instruct,1,0,1,0,lenient,0.0,18.0,0.0
2026-08-11 19:07:35,IA15_m-deepseek-coder-v2-lite_sol1_gd0_rs0_bd1_str-lenient_t00_n1,239,2,1,deepseek-ai/DeepSeek-Coder-V2-Lite-Instruct,1,0,1,0,lenient,0.0,12.0,0.0
2026-08-11 19:07:39,IA15_m-deepseek-coder-v2-lite_sol1_gd0_rs0_bd1_str-lenient_t00_n1,239,3,1,deepseek-ai/DeepSeek-Coder-V2-Lite-Instruct,1,0,1,0,lenient,0.0,15.0,0.0
2026-08-11 19:07:46,IA15_m-deepseek-coder-v2-lite_sol1_gd0_rs0_bd1_str-lenient_t00_n1,240,1,1,deepseek-ai/DeepSeek-Coder-V2-Lite-Instruct,1,0,1,0,lenient,0.0,18.0,0.0
2026-08-11 19:07:52,IA15_m-deepseek-coder-v2-lite_sol1_gd0_rs0_bd1_str-lenient_t00_n1,240,2,1,deepseek-ai/DeepSeek-Coder-V2-Lite-Instruct,1,0,1,0,lenient,0.0,12.0,0.0
2026-08-11 19:07:59,IA15_m-deepseek-coder-v2-lite_sol1_gd0_rs0_bd1_str-lenient_t00_n1,240,3,1,deepseek-ai/DeepSeek-Coder-V2-Lite-Instruct,1,0,1,0,lenient,0.0,17.0,0.0
2026-08-11 19:08:06,IA15_m-deepseek-coder-v2-lite_sol1_gd0_rs0_bd1_str-lenient_t00_n1,241,1,1,deepseek-ai/DeepSeek-Coder-V2-Lite-Instruct,1,0,1,0,lenient,0.0,18.0,0.0
2026-08-11 19:08:12,IA15_m-deepseek-coder-v2-lite_sol1_gd0_rs0_bd1_str-lenient_t00_n1,241,2,1,deepseek-ai/DeepSeek-Coder-V2-Lite-Instruct,1,0,1,0,lenient,0.0,12.0,0.0
2026-08-11 19:08:19,IA15_m-deepseek-coder-v2-lite_sol1_gd0_rs0_bd1_str-lenient_t00_n1,241,3,1,deepseek-ai/DeepSeek-Coder-V2-Lite-Instruct,1,0,1,0,lenient,0.0,16.0,0.0
2026-08-11 19:08:26,IA15_m-deepseek-coder-v2-lite_sol1_gd0_rs0_bd1_str-lenient_t00_n1,242,1,1,deepseek-ai/DeepSeek-Coder-V2-Lite-Instruct,1,0,1,0,lenient,0.0,18.0,0.0
2026-08-11 19:08:33,IA15_m-deepseek-coder-v2-lite_sol1_gd0_rs0_bd1_str-lenient_t00_n1,242,2,1,deepseek-ai/DeepSeek-Coder-V2-Lite-Instruct,1,0,1,0,lenient,0.0,12.0,0.0
2026-08-11 19:08:40,IA15_m-deepseek-coder-v2-lite_sol1_gd0_rs0_bd1_str-lenient_t00_n1,242,3,1,deepseek-ai/DeepSeek-Coder-V2-Lite-Instruct,1,0,1,0,lenient,0.0,16.0,0.0
2026-08-11 19:08:48,IA15_m-deepseek-coder-v2-lite_sol1_gd0_rs0_bd1_str-lenient_t00_n1,243,1,1,deepseek-ai/DeepSeek-Coder-V2-Lite-Instruct,1,0,1,0,lenient,0.0,18.0,0.0
2026-08-11 19:08:55,IA15_m-deepseek-coder-v2-lite_sol1_gd0_rs0_bd1_str-lenient_t00_n1,243,2,1,deepseek-ai/DeepSeek-Coder-V2-Lite-Instruct,1,0,1,0,lenient,0.0,12.0,0.0
2026-08-11 19:09:02,IA15_m-deepseek-coder-v2-lite_sol1_gd0_rs0_bd1_str-lenient_t00_n1,243,3,1,deepseek-ai/DeepSeek-Coder-V2-Lite-Instruct,1,0,1,0,lenient,0.0,17.0,0.0
2026-08-11 19:09:10,IA15_m-deepseek-coder-v2-lite_sol1_gd0_rs0_bd1_str-lenient_t00_n1,244,1,1,deepseek-ai/DeepSeek-Coder-V2-Lite-Instruct,1,0,1,0,lenient,0.0,20.0,0.0
2026-08-11 19:09:17,IA15_m-deepseek-coder-v2-lite_sol1_gd0_rs0_bd1_str-lenient_t00_n1,244,2,1,deepseek-ai/DeepSeek-Coder-V2-Lite-Instruct,1,0,1,0,lenient,0.0,13.0,0.0
2026-08-11 19:09:24,IA15_m-deepseek-coder-v2-lite_sol1_gd0_rs0_bd1_str-lenient_t00_n1,244,3,1,deepseek-ai/DeepSeek-Coder-V2-Lite-Instruct,1,0,1,0,lenient,0.0,16.0,0.0
2026-08-11 19:09:32,IA15_m-deepseek-coder-v2-lite_sol1_gd0_rs0_bd1_str-lenient_t00_n1,245,1,1,deepseek-ai/DeepSeek-Coder-V2-Lite-Instruct,1,0,1,0,lenient,0.0,18.0,0.0
2026-08-11 19:09:39,IA15_m-deepseek-coder-v2-lite_sol1_gd0_rs0_bd1_str-lenient_t00_n1,245,2,1,deepseek-ai/DeepSeek-Coder-V2-Lite-Instruct,1,0,1,0,lenient,0.0,12.0,0.0
2026-08-11 19:09:46,IA15_m-deepseek-coder-v2-lite_sol1_gd0_rs0_bd1_str-lenient_t00_n1,245,3,1,deepseek-ai/DeepSeek-Coder-V2-Lite-Instruct,1,0,1,0,lenient,0.0,17.0,0.0
2026-08-11 19:09:54,IA15_m-deepseek-coder-v2-lite_sol1_gd0_rs0_bd1_str-lenient_t00_n1,246,1,1,deepseek-ai/DeepSeek-Coder-V2-Lite-Instruct,1,0,1,0,lenient,0.0,18.0,0.0
2026-08-11 19:10:00,IA15_m-deepseek-coder-v2-lite_sol1_gd0_rs0_bd1_str-lenient_t00_n1,246,2,1,deepseek-ai/DeepSeek-Coder-V2-Lite-Instruct,1,0,1,0,lenient,0.0,12.0,0.0
2026-08-11 19:10:07,IA15_m-deepseek-coder-v2-lite_sol1_gd0_rs0_bd1_str-lenient_t00_n1,246,3,1,deepseek-ai/DeepSeek-Coder-V2-Lite-Instruct,1,0,1,0,lenient,0.0,15.0,0.0
2026-08-11 19:10:15,IA15_m-deepseek-coder-v2-lite_sol1_gd0_rs0_bd1_str-lenient_t00_n1,247,1,1,deepseek-ai/DeepSeek-Coder-V2-Lite-Instruct,1,0,1,0,lenient,0.0,18.0,0.0
2026-08-11 19:10:22,IA15_m-deepseek-coder-v2-lite_sol1_gd0_rs0_bd1_str-lenient_t00_n1,247,2,1,deepseek-ai/DeepSeek-Coder-V2-Lite-Instruct,1,0,1,0,lenient,0.0,12.0,0.0
2026-08-11 19:10:25,IA15_m-deepseek-coder-v2-lite_sol1_gd0_rs0_bd1_str-lenient_t00_n1,247,3,1,deepseek-ai/DeepSeek-Coder-V2-Lite-Instruct,1,0,1,0,lenient,0.0,15.0,0.0
2026-08-11 19:10:33,IA15_m-deepseek-coder-v2-lite_sol1_gd0_rs0_bd1_str-lenient_t00_n1,248,1,1,deepseek-ai/DeepSeek-Coder-V2-Lite-Instruct,1,0,1,0,lenient,0.0,18.0,0.0
2026-08-11 19:10:40,IA15_m-deepseek-coder-v2-lite_sol1_gd0_rs0_bd1_str-lenient_t00_n1,248,2,1,deepseek-ai/DeepSeek-Coder-V2-Lite-Instruct,1,0,1,0,lenient,0.0,12.0,0.0
2026-08-11 19:10:47,IA15_m-deepseek-coder-v2-lite_sol1_gd0_rs0_bd1_str-lenient_t00_n1,248,3,1,deepseek-ai/DeepSeek-Coder-V2-Lite-Instruct,1,0,1,0,lenient,0.0,14.0,0.0
2026-08-11 19:10:55,IA15_m-deepseek-coder-v2-lite_sol1_gd0_rs0_bd1_str-lenient_t00_n1,249,1,1,deepseek-ai/DeepSeek-Coder-V2-Lite-Instruct,1,0,1,0,lenient,0.0,18.0,0.0
2026-08-11 19:11:00,IA15_m-deepseek-coder-v2-lite_sol1_gd0_rs0_bd1_str-lenient_t00_n1,249,2,1,deepseek-ai/DeepSeek-Coder-V2-Lite-Instruct,1,0,1,0,lenient,0.0,12.0,0.0
2026-08-11 19:11:08,IA15_m-deepseek-coder-v2-lite_sol1_gd0_rs0_bd1_str-lenient_t00_n1,249,3,1,deepseek-ai/DeepSeek-Coder-V2-Lite-Instruct,1,0,1,0,lenient,0.0,16.0,0.0
2026-08-11 19:11:16,IA15_m-deepseek-coder-v2-lite_sol1_gd0_rs0_bd1_str-lenient_t00_n1,250,1,1,deepseek-ai/DeepSeek-Coder-V2-Lite-Instruct,1,0,1,0,lenient,0.0,15.0,0.0
2026-08-11 19:11:21,IA15_m-deepseek-coder-v2-lite_sol1_gd0_rs0_bd1_str-lenient_t00_n1,250,2,1,deepseek-ai/DeepSeek-Coder-V2-Lite-Instruct,1,0,1,0,lenient,0.0,12.0,0.0
2026-08-11 19:11:28,IA15_m-deepseek-coder-v2-lite_sol1_gd0_rs0_bd1_str-lenient_t00_n1,250,3,1,deepseek-ai/DeepSeek-Coder-V2-Lite-Instruct,1,0,1,0,lenient,0.0,16.0,0.0
2026-08-11 19:11:36,IA15_m-deepseek-coder-v2-lite_sol1_gd0_rs0_bd1_str-lenient_t00_n1,251,1,1,deepseek-ai/DeepSeek-Coder-V2-Lite-Instruct,1,0,1,0,lenient,0.0,18.0,0.0
2026-08-11 19:11:42,IA15_m-deepseek-coder-v2-lite_sol1_gd0_rs0_bd1_str-lenient_t00_n1,251,2,1,deepseek-ai/DeepSeek-Coder-V2-Lite-Instruct,1,0,1,0,lenient,0.0,12.0,0.0
2026-08-11 19:11:49,IA15_m-deepseek-coder-v2-lite_sol1_gd0_rs0_bd1_str-lenient_t00_n1,251,3,1,deepseek-ai/DeepSeek-Coder-V2-Lite-Instruct,1,0,1,0,lenient,0.0,15.0,0.0
2026-08-11 19:11:56,IA15_m-deepseek-coder-v2-lite_sol1_gd0_rs0_bd1_str-lenient_t00_n1,252,1,1,deepseek-ai/DeepSeek-Coder-V2-Lite-Instruct,1,0,1,0,lenient,0.0,15.0,0.0
2026-08-11 19:12:01,IA15_m-deepseek-coder-v2-lite_sol1_gd0_rs0_bd1_str-lenient_t00_n1,252,2,1,deepseek-ai/DeepSeek-Coder-V2-Lite-Instruct,1,0,1,0,lenient,0.0,12.0,0.0
2026-08-11 19:12:05,IA15_m-deepseek-coder-v2-lite_sol1_gd0_rs0_bd1_str-lenient_t00_n1,252,3,1,deepseek-ai/DeepSeek-Coder-V2-Lite-Instruct,1,0,1,0,lenient,0.0,14.0,0.0
2026-08-11 19:12:12,IA15_m-deepseek-coder-v2-lite_sol1_gd0_rs0_bd1_str-lenient_t00_n1,253,1,1,deepseek-ai/DeepSeek-Coder-V2-Lite-Instruct,1,0,1,0,lenient,0.0,18.0,0.0
2026-08-11 19:12:19,IA15_m-deepseek-coder-v2-lite_sol1_gd0_rs0_bd1_str-lenient_t00_n1,253,2,1,deepseek-ai/DeepSeek-Coder-V2-Lite-Instruct,1,0,1,0,lenient,0.0,12.0,0.0
2026-08-11 19:12:22,IA15_m-deepseek-coder-v2-lite_sol1_gd0_rs0_bd1_str-lenient_t00_n1,253,3,1,deepseek-ai/DeepSeek-Coder-V2-Lite-Instruct,1,0,1,0,lenient,0.0,14.0,0.0
2026-08-11 19:12:29,IA15_m-deepseek-coder-v2-lite_sol1_gd0_rs0_bd1_str-lenient_t00_n1,254,1,1,deepseek-ai/DeepSeek-Coder-V2-Lite-Instruct,1,0,1,0,lenient,0.0,18.0,0.0
2026-08-11 19:12:36,IA15_m-deepseek-coder-v2-lite_sol1_gd0_rs0_bd1_str-lenient_t00_n1,254,2,1,deepseek-ai/DeepSeek-Coder-V2-Lite-Instruct,1,0,1,0,lenient,0.0,12.0,0.0
2026-08-11 19:12:43,IA15_m-deepseek-coder-v2-lite_sol1_gd0_rs0_bd1_str-lenient_t00_n1,254,3,1,deepseek-ai/DeepSeek-Coder-V2-Lite-Instruct,1,0,1,0,lenient,0.0,16.0,0.0
2026-08-11 19:12:51,IA15_m-deepseek-coder-v2-lite_sol1_gd0_rs0_bd1_str-lenient_t00_n1,255,1,1,deepseek-ai/DeepSeek-Coder-V2-Lite-Instruct,1,0,1,0,lenient,0.0,18.0,0.0
2026-08-11 19:12:57,IA15_m-deepseek-coder-v2-lite_sol1_gd0_rs0_bd1_str-lenient_t00_n1,255,2,1,deepseek-ai/DeepSeek-Coder-V2-Lite-Instruct,1,0,1,0,lenient,0.0,12.0,0.0
2026-08-11 19:13:03,IA15_m-deepseek-coder-v2-lite_sol1_gd0_rs0_bd1_str-lenient_t00_n1,255,3,1,deepseek-ai/DeepSeek-Coder-V2-Lite-Instruct,1,0,1,0,lenient,0.0,14.0,0.0
2026-08-11 19:13:11,IA15_m-deepseek-coder-v2-lite_sol1_gd0_rs0_bd1_str-lenient_t00_n1,256,1,1,deepseek-ai/DeepSeek-Coder-V2-Lite-Instruct,1,0,1,0,lenient,0.0,18.0,0.0
2026-08-11 19:13:17,IA15_m-deepseek-coder-v2-lite_sol1_gd0_rs0_bd1_str-lenient_t00_n1,256,2,1,deepseek-ai/DeepSeek-Coder-V2-Lite-Instruct,1,0,1,0,lenient,0.0,12.0,0.0
2026-08-11 19:13:23,IA15_m-deepseek-coder-v2-lite_sol1_gd0_rs0_bd1_str-lenient_t00_n1,256,3,1,deepseek-ai/DeepSeek-Coder-V2-Lite-Instruct,1,0,1,0,lenient,0.0,14.0,0.0
2026-08-11 19:13:31,IA15_m-deepseek-coder-v2-lite_sol1_gd0_rs0_bd1_str-lenient_t00_n1,257,1,1,deepseek-ai/DeepSeek-Coder-V2-Lite-Instruct,1,0,1,0,lenient,0.0,18.0,0.0
2026-08-11 19:13:40,IA15_m-deepseek-coder-v2-lite_sol1_gd0_rs0_bd1_str-lenient_t00_n1,257,2,1,deepseek-ai/DeepSeek-Coder-V2-Lite-Instruct,1,0,1,0,lenient,0.0,10.0,0.0
2026-08-11 19:13:47,IA15_m-deepseek-coder-v2-lite_sol1_gd0_rs0_bd1_str-lenient_t00_n1,257,3,1,deepseek-ai/DeepSeek-Coder-V2-Lite-Instruct,1,0,1,0,lenient,0.0,14.0,0.0
2026-08-11 19:13:55,IA15_m-deepseek-coder-v2-lite_sol1_gd0_rs0_bd1_str-lenient_t00_n1,258,1,1,deepseek-ai/DeepSeek-Coder-V2-Lite-Instruct,1,0,1,0,lenient,0.0,18.0,0.0
2026-08-11 19:14:01,IA15_m-deepseek-coder-v2-lite_sol1_gd0_rs0_bd1_str-lenient_t00_n1,258,2,1,deepseek-ai/DeepSeek-Coder-V2-Lite-Instruct,1,0,1,0,lenient,0.0,12.0,0.0
2026-08-11 19:14:09,IA15_m-deepseek-coder-v2-lite_sol1_gd0_rs0_bd1_str-lenient_t00_n1,259,1,1,deepseek-ai/DeepSeek-Coder-V2-Lite-Instruct,1,0,1,0,lenient,0.0,18.0,0.0
2026-08-11 19:14:16,IA15_m-deepseek-coder-v2-lite_sol1_gd0_rs0_bd1_str-lenient_t00_n1,259,2,1,deepseek-ai/DeepSeek-Coder-V2-Lite-Instruct,1,0,1,0,lenient,0.0,12.0,0.0
2026-08-11 19:14:22,IA15_m-deepseek-coder-v2-lite_sol1_gd0_rs0_bd1_str-lenient_t00_n1,259,3,1,deepseek-ai/DeepSeek-Coder-V2-Lite-Instruct,1,0,1,0,lenient,0.0,16.0,0.0
2026-08-11 19:14:30,IA15_m-deepseek-coder-v2-lite_sol1_gd0_rs0_bd1_str-lenient_t00_n1,260,1,1,deepseek-ai/DeepSeek-Coder-V2-Lite-Instruct,1,0,1,0,lenient,0.0,18.0,0.0
2026-08-11 19:14:37,IA15_m-deepseek-coder-v2-lite_sol1_gd0_rs0_bd1_str-lenient_t00_n1,260,3,1,deepseek-ai/DeepSeek-Coder-V2-Lite-Instruct,1,0,1,0,lenient,0.0,16.0,0.0
2026-08-11 19:14:45,IA15_m-deepseek-coder-v2-lite_sol1_gd0_rs0_bd1_str-lenient_t00_n1,261,1,1,deepseek-ai/DeepSeek-Coder-V2-Lite-Instruct,1,0,1,0,lenient,0.0,18.0,0.0
2026-08-11 19:14:51,IA15_m-deepseek-coder-v2-lite_sol1_gd0_rs0_bd1_str-lenient_t00_n1,261,2,1,deepseek-ai/DeepSeek-Coder-V2-Lite-Instruct,1,0,1,0,lenient,0.0,12.0,0.0
2026-08-11 19:14:58,IA15_m-deepseek-coder-v2-lite_sol1_gd0_rs0_bd1_str-lenient_t00_n1,261,3,1,deepseek-ai/DeepSeek-Coder-V2-Lite-Instruct,1,0,1,0,lenient,0.0,16.0,0.0
2026-08-11 19:15:06,IA15_m-deepseek-coder-v2-lite_sol1_gd0_rs0_bd1_str-lenient_t00_n1,262,1,1,deepseek-ai/DeepSeek-Coder-V2-Lite-Instruct,1,0,1,0,lenient,0.0,18.0,0.0
2026-08-11 19:15:13,IA15_m-deepseek-coder-v2-lite_sol1_gd0_rs0_bd1_str-lenient_t00_n1,262,2,1,deepseek-ai/DeepSeek-Coder-V2-Lite-Instruct,1,0,1,0,lenient,0.0,12.0,0.0
2026-08-11 19:15:19,IA15_m-deepseek-coder-v2-lite_sol1_gd0_rs0_bd1_str-lenient_t00_n1,262,3,1,deepseek-ai/DeepSeek-Coder-V2-Lite-Instruct,1,0,1,0,lenient,0.0,14.0,0.0
2026-08-11 19:15:27,IA15_m-deepseek-coder-v2-lite_sol1_gd0_rs0_bd1_str-lenient_t00_n1,263,1,1,deepseek-ai/DeepSeek-Coder-V2-Lite-Instruct,1,0,1,0,lenient,0.0,18.0,0.0
2026-08-11 19:15:33,IA15_m-deepseek-coder-v2-lite_sol1_gd0_rs0_bd1_str-lenient_t00_n1,263,2,1,deepseek-ai/DeepSeek-Coder-V2-Lite-Instruct,1,0,1,0,lenient,0.0,12.0,0.0
2026-08-11 19:15:41,IA15_m-deepseek-coder-v2-lite_sol1_gd0_rs0_bd1_str-lenient_t00_n1,263,3,1,deepseek-ai/DeepSeek-Coder-V2-Lite-Instruct,1,0,1,0,lenient,0.0,14.0,0.0
2026-08-11 19:15:48,IA15_m-deepseek-coder-v2-lite_sol1_gd0_rs0_bd1_str-lenient_t00_n1,264,1,1,deepseek-ai/DeepSeek-Coder-V2-Lite-Instruct,1,0,1,0,lenient,0.0,18.0,0.0
2026-08-11 19:15:55,IA15_m-deepseek-coder-v2-lite_sol1_gd0_rs0_bd1_str-lenient_t00_n1,264,2,1,deepseek-ai/DeepSeek-Coder-V2-Lite-Instruct,1,0,1,0,lenient,0.0,13.0,0.0
2026-08-11 19:15:58,IA15_m-deepseek-coder-v2-lite_sol1_gd0_rs0_bd1_str-lenient_t00_n1,264,3,1,deepseek-ai/DeepSeek-Coder-V2-Lite-Instruct,1,0,1,0,lenient,0.0,17.0,0.0
2026-08-11 19:16:06,IA15_m-deepseek-coder-v2-lite_sol1_gd0_rs0_bd1_str-lenient_t00_n1,265,1,1,deepseek-ai/DeepSeek-Coder-V2-Lite-Instruct,1,0,1,0,lenient,0.0,18.0,0.0
2026-08-11 19:16:13,IA15_m-deepseek-coder-v2-lite_sol1_gd0_rs0_bd1_str-lenient_t00_n1,265,2,1,deepseek-ai/DeepSeek-Coder-V2-Lite-Instruct,1,0,1,0,lenient,0.0,13.0,0.0
2026-08-11 19:16:20,IA15_m-deepseek-coder-v2-lite_sol1_gd0_rs0_bd1_str-lenient_t00_n1,265,3,1,deepseek-ai/DeepSeek-Coder-V2-Lite-Instruct,1,0,1,0,lenient,0.0,16.0,0.0
2026-08-11 19:16:28,IA15_m-deepseek-coder-v2-lite_sol1_gd0_rs0_bd1_str-lenient_t00_n1,266,1,1,deepseek-ai/DeepSeek-Coder-V2-Lite-Instruct,1,0,1,0,lenient,0.0,21.0,2.0
2026-08-11 19:16:36,IA15_m-deepseek-coder-v2-lite_sol1_gd0_rs0_bd1_str-lenient_t00_n1,266,2,1,deepseek-ai/DeepSeek-Coder-V2-Lite-Instruct,1,0,1,0,lenient,0.0,13.0,0.0
2026-08-11 19:16:43,IA15_m-deepseek-coder-v2-lite_sol1_gd0_rs0_bd1_str-lenient_t00_n1,266,3,1,deepseek-ai/DeepSeek-Coder-V2-Lite-Instruct,1,0,1,0,lenient,0.0,17.0,0.0
2026-08-11 19:16:50,IA15_m-deepseek-coder-v2-lite_sol1_gd0_rs0_bd1_str-lenient_t00_n1,267,1,1,deepseek-ai/DeepSeek-Coder-V2-Lite-Instruct,1,0,1,0,lenient,0.0,18.0,0.0
2026-08-11 19:16:57,IA15_m-deepseek-coder-v2-lite_sol1_gd0_rs0_bd1_str-lenient_t00_n1,267,2,1,deepseek-ai/DeepSeek-Coder-V2-Lite-Instruct,1,0,1,0,lenient,0.0,12.0,0.0
2026-08-11 19:17:04,IA15_m-deepseek-coder-v2-lite_sol1_gd0_rs0_bd1_str-lenient_t00_n1,267,3,1,deepseek-ai/DeepSeek-Coder-V2-Lite-Instruct,1,0,1,0,lenient,0.0,17.0,0.0
2026-08-11 19:17:11,IA15_m-deepseek-coder-v2-lite_sol1_gd0_rs0_bd1_str-lenient_t00_n1,268,1,1,deepseek-ai/DeepSeek-Coder-V2-Lite-Instruct,1,0,1,0,lenient,0.0,18.0,0.0
2026-08-11 19:17:18,IA15_m-deepseek-coder-v2-lite_sol1_gd0_rs0_bd1_str-lenient_t00_n1,268,2,1,deepseek-ai/DeepSeek-Coder-V2-Lite-Instruct,1,0,1,0,lenient,0.0,13.0,0.0
2026-08-11 19:17:26,IA15_m-deepseek-coder-v2-lite_sol1_gd0_rs0_bd1_str-lenient_t00_n1,268,3,1,deepseek-ai/DeepSeek-Coder-V2-Lite-Instruct,1,0,1,0,lenient,0.0,17.0,0.0
2026-08-11 19:17:34,IA15_m-deepseek-coder-v2-lite_sol1_gd0_rs0_bd1_str-lenient_t00_n1,269,1,1,deepseek-ai/DeepSeek-Coder-V2-Lite-Instruct,1,0,1,0,lenient,0.0,15.0,0.0
2026-08-11 19:17:39,IA15_m-deepseek-coder-v2-lite_sol1_gd0_rs0_bd1_str-lenient_t00_n1,269,2,1,deepseek-ai/DeepSeek-Coder-V2-Lite-Instruct,1,0,1,0,lenient,0.0,12.0,0.0
2026-08-11 19:17:46,IA15_m-deepseek-coder-v2-lite_sol1_gd0_rs0_bd1_str-lenient_t00_n1,269,3,1,deepseek-ai/DeepSeek-Coder-V2-Lite-Instruct,1,0,1,0,lenient,0.0,17.0,0.0
2026-08-11 19:17:54,IA15_m-deepseek-coder-v2-lite_sol1_gd0_rs0_bd1_str-lenient_t00_n1,270,1,1,deepseek-ai/DeepSeek-Coder-V2-Lite-Instruct,1,0,1,0,lenient,0.0,18.0,0.0
2026-08-11 19:18:01,IA15_m-deepseek-coder-v2-lite_sol1_gd0_rs0_bd1_str-lenient_t00_n1,270,2,1,deepseek-ai/DeepSeek-Coder-V2-Lite-Instruct,1,0,1,0,lenient,0.0,13.0,0.0
2026-08-11 19:18:09,IA15_m-deepseek-coder-v2-lite_sol1_gd0_rs0_bd1_str-lenient_t00_n1,270,3,1,deepseek-ai/DeepSeek-Coder-V2-Lite-Instruct,1,0,1,0,lenient,0.0,15.0,0.0
2026-08-11 19:18:16,IA15_m-deepseek-coder-v2-lite_sol1_gd0_rs0_bd1_str-lenient_t00_n1,271,1,1,deepseek-ai/DeepSeek-Coder-V2-Lite-Instruct,1,0,1,0,lenient,0.0,18.0,0.0
2026-08-11 19:18:23,IA15_m-deepseek-coder-v2-lite_sol1_gd0_rs0_bd1_str-lenient_t00_n1,271,2,1,deepseek-ai/DeepSeek-Coder-V2-Lite-Instruct,1,0,1,0,lenient,0.0,13.0,0.0
2026-08-11 19:18:30,IA15_m-deepseek-coder-v2-lite_sol1_gd0_rs0_bd1_str-lenient_t00_n1,271,3,1,deepseek-ai/DeepSeek-Coder-V2-Lite-Instruct,1,0,1,0,lenient,0.0,14.0,0.0
2026-08-11 19:18:39,IA15_m-deepseek-coder-v2-lite_sol1_gd0_rs0_bd1_str-lenient_t00_n1,272,1,1,deepseek-ai/DeepSeek-Coder-V2-Lite-Instruct,1,0,1,0,lenient,0.0,21.0,2.0
2026-08-11 19:18:46,IA15_m-deepseek-coder-v2-lite_sol1_gd0_rs0_bd1_str-lenient_t00_n1,272,2,1,deepseek-ai/DeepSeek-Coder-V2-Lite-Instruct,1,0,1,0,lenient,0.0,13.0,0.0
2026-08-11 19:18:53,IA15_m-deepseek-coder-v2-lite_sol1_gd0_rs0_bd1_str-lenient_t00_n1,272,3,1,deepseek-ai/DeepSeek-Coder-V2-Lite-Instruct,1,0,1,0,lenient,0.0,17.0,0.0
2026-08-11 19:19:00,IA15_m-deepseek-coder-v2-lite_sol1_gd0_rs0_bd1_str-lenient_t00_n1,273,1,1,deepseek-ai/DeepSeek-Coder-V2-Lite-Instruct,1,0,1,0,lenient,0.0,18.0,0.0
2026-08-11 19:19:07,IA15_m-deepseek-coder-v2-lite_sol1_gd0_rs0_bd1_str-lenient_t00_n1,273,2,1,deepseek-ai/DeepSeek-Coder-V2-Lite-Instruct,1,0,1,0,lenient,0.0,12.0,0.0
2026-08-11 19:19:14,IA15_m-deepseek-coder-v2-lite_sol1_gd0_rs0_bd1_str-lenient_t00_n1,273,3,1,deepseek-ai/DeepSeek-Coder-V2-Lite-Instruct,1,0,1,0,lenient,0.0,16.0,0.0
2026-08-11 19:19:23,IA15_m-deepseek-coder-v2-lite_sol1_gd0_rs0_bd1_str-lenient_t00_n1,274,1,1,deepseek-ai/DeepSeek-Coder-V2-Lite-Instruct,1,0,1,0,lenient,0.0,18.0,0.0
2026-08-11 19:19:30,IA15_m-deepseek-coder-v2-lite_sol1_gd0_rs0_bd1_str-lenient_t00_n1,274,2,1,deepseek-ai/DeepSeek-Coder-V2-Lite-Instruct,1,0,1,0,lenient,0.0,13.0,0.0
2026-08-11 19:19:39,IA15_m-deepseek-coder-v2-lite_sol1_gd0_rs0_bd1_str-lenient_t00_n1,274,3,1,deepseek-ai/DeepSeek-Coder-V2-Lite-Instruct,1,0,1,0,lenient,0.0,17.0,0.0
2026-08-11 19:19:46,IA15_m-deepseek-coder-v2-lite_sol1_gd0_rs0_bd1_str-lenient_t00_n1,275,1,1,deepseek-ai/DeepSeek-Coder-V2-Lite-Instruct,1,0,1,0,lenient,0.0,18.0,0.0
2026-08-11 19:19:52,IA15_m-deepseek-coder-v2-lite_sol1_gd0_rs0_bd1_str-lenient_t00_n1,275,2,1,deepseek-ai/DeepSeek-Coder-V2-Lite-Instruct,1,0,1,0,lenient,0.0,13.0,0.0
2026-08-11 19:20:01,IA15_m-deepseek-coder-v2-lite_sol1_gd0_rs0_bd1_str-lenient_t00_n1,275,3,1,deepseek-ai/DeepSeek-Coder-V2-Lite-Instruct,1,0,1,0,lenient,0.0,16.0,0.0
2026-08-11 19:20:08,IA15_m-deepseek-coder-v2-lite_sol1_gd0_rs0_bd1_str-lenient_t00_n1,276,1,1,deepseek-ai/DeepSeek-Coder-V2-Lite-Instruct,1,0,1,0,lenient,0.0,18.0,0.0
2026-08-11 19:20:15,IA15_m-deepseek-coder-v2-lite_sol1_gd0_rs0_bd1_str-lenient_t00_n1,276,2,1,deepseek-ai/DeepSeek-Coder-V2-Lite-Instruct,1,0,1,0,lenient,0.0,12.0,0.0
2026-08-11 19:20:22,IA15_m-deepseek-coder-v2-lite_sol1_gd0_rs0_bd1_str-lenient_t00_n1,276,3,1,deepseek-ai/DeepSeek-Coder-V2-Lite-Instruct,1,0,1,0,lenient,0.0,17.0,0.0
2026-08-11 19:20:29,IA15_m-deepseek-coder-v2-lite_sol1_gd0_rs0_bd1_str-lenient_t00_n1,277,1,1,deepseek-ai/DeepSeek-Coder-V2-Lite-Instruct,1,0,1,0,lenient,0.0,18.0,0.0
2026-08-11 19:20:36,IA15_m-deepseek-coder-v2-lite_sol1_gd0_rs0_bd1_str-lenient_t00_n1,277,2,1,deepseek-ai/DeepSeek-Coder-V2-Lite-Instruct,1,0,1,0,lenient,0.0,12.0,0.0
2026-08-11 19:20:43,IA15_m-deepseek-coder-v2-lite_sol1_gd0_rs0_bd1_str-lenient_t00_n1,277,3,1,deepseek-ai/DeepSeek-Coder-V2-Lite-Instruct,1,0,1,0,lenient,0.0,16.0,0.0
2026-08-11 19:20:51,IA15_m-deepseek-coder-v2-lite_sol1_gd0_rs0_bd1_str-lenient_t00_n1,278,1,1,deepseek-ai/DeepSeek-Coder-V2-Lite-Instruct,1,0,1,0,lenient,0.0,18.5,0.0
2026-08-11 19:20:58,IA15_m-deepseek-coder-v2-lite_sol1_gd0_rs0_bd1_str-lenient_t00_n1,278,2,1,deepseek-ai/DeepSeek-Coder-V2-Lite-Instruct,1,0,1,0,lenient,0.0,13.0,0.0
2026-08-11 19:21:06,IA15_m-deepseek-coder-v2-lite_sol1_gd0_rs0_bd1_str-lenient_t00_n1,278,3,1,deepseek-ai/DeepSeek-Coder-V2-Lite-Instruct,1,0,1,0,lenient,0.0,17.0,0.0
2026-08-11 19:21:14,IA15_m-deepseek-coder-v2-lite_sol1_gd0_rs0_bd1_str-lenient_t00_n1,279,1,1,deepseek-ai/DeepSeek-Coder-V2-Lite-Instruct,1,0,1,0,lenient,0.0,18.0,0.0
2026-08-11 19:21:19,IA15_m-deepseek-coder-v2-lite_sol1_gd0_rs0_bd1_str-lenient_t00_n1,279,2,1,deepseek-ai/DeepSeek-Coder-V2-Lite-Instruct,1,0,1,0,lenient,0.0,12.0,0.0
2026-08-11 19:21:26,IA15_m-deepseek-coder-v2-lite_sol1_gd0_rs0_bd1_str-lenient_t00_n1,279,3,1,deepseek-ai/DeepSeek-Coder-V2-Lite-Instruct,1,0,1,0,lenient,0.0,14.0,0.0
2026-08-11 19:21:35,IA15_m-deepseek-coder-v2-lite_sol1_gd0_rs0_bd1_str-lenient_t00_n1,280,1,1,deepseek-ai/DeepSeek-Coder-V2-Lite-Instruct,1,0,1,0,lenient,0.0,18.0,0.0
2026-08-11 19:21:41,IA15_m-deepseek-coder-v2-lite_sol1_gd0_rs0_bd1_str-lenient_t00_n1,280,2,1,deepseek-ai/DeepSeek-Coder-V2-Lite-Instruct,1,0,1,0,lenient,0.0,12.0,0.0
2026-08-11 19:21:48,IA15_m-deepseek-coder-v2-lite_sol1_gd0_rs0_bd1_str-lenient_t00_n1,280,3,1,deepseek-ai/DeepSeek-Coder-V2-Lite-Instruct,1,0,1,0,lenient,0.0,15.0,0.0
2026-08-11 19:21:55,IA15_m-deepseek-coder-v2-lite_sol1_gd0_rs0_bd1_str-lenient_t00_n1,281,1,1,deepseek-ai/DeepSeek-Coder-V2-Lite-Instruct,1,0,1,0,lenient,0.0,18.0,0.0
2026-08-11 19:22:02,IA15_m-deepseek-coder-v2-lite_sol1_gd0_rs0_bd1_str-lenient_t00_n1,281,2,1,deepseek-ai/DeepSeek-Coder-V2-Lite-Instruct,1,0,1,0,lenient,0.0,12.0,0.0
2026-08-11 19:22:10,IA15_m-deepseek-coder-v2-lite_sol1_gd0_rs0_bd1_str-lenient_t00_n1,281,3,1,deepseek-ai/DeepSeek-Coder-V2-Lite-Instruct,1,0,1,0,lenient,0.0,15.0,0.0
2026-08-11 19:22:17,IA15_m-deepseek-coder-v2-lite_sol1_gd0_rs0_bd1_str-lenient_t00_n1,282,1,1,deepseek-ai/DeepSeek-Coder-V2-Lite-Instruct,1,0,1,0,lenient,0.0,18.0,0.0
2026-08-11 19:22:23,IA15_m-deepseek-coder-v2-lite_sol1_gd0_rs0_bd1_str-lenient_t00_n1,282,2,1,deepseek-ai/DeepSeek-Coder-V2-Lite-Instruct,1,0,1,0,lenient,0.0,12.0,0.0
2026-08-11 19:22:30,IA15_m-deepseek-coder-v2-lite_sol1_gd0_rs0_bd1_str-lenient_t00_n1,282,3,1,deepseek-ai/DeepSeek-Coder-V2-Lite-Instruct,1,0,1,0,lenient,0.0,16.0,0.0
2026-08-11 19:22:38,IA15_m-deepseek-coder-v2-lite_sol1_gd0_rs0_bd1_str-lenient_t00_n1,283,1,1,deepseek-ai/DeepSeek-Coder-V2-Lite-Instruct,1,0,1,0,lenient,0.0,18.0,0.0
2026-08-11 19:22:45,IA15_m-deepseek-coder-v2-lite_sol1_gd0_rs0_bd1_str-lenient_t00_n1,283,2,1,deepseek-ai/DeepSeek-Coder-V2-Lite-Instruct,1,0,1,0,lenient,0.0,13.0,0.0
2026-08-11 19:22:53,IA15_m-deepseek-coder-v2-lite_sol1_gd0_rs0_bd1_str-lenient_t00_n1,283,3,1,deepseek-ai/DeepSeek-Coder-V2-Lite-Instruct,1,0,1,0,lenient,0.0,17.0,0.0
2026-08-11 19:23:01,IA15_m-deepseek-coder-v2-lite_sol1_gd0_rs0_bd1_str-lenient_t00_n1,284,1,1,deepseek-ai/DeepSeek-Coder-V2-Lite-Instruct,1,0,1,0,lenient,0.0,18.0,0.0
2026-08-11 19:23:07,IA15_m-deepseek-coder-v2-lite_sol1_gd0_rs0_bd1_str-lenient_t00_n1,284,2,1,deepseek-ai/DeepSeek-Coder-V2-Lite-Instruct,1,0,1,0,lenient,0.0,13.0,0.0
2026-08-11 19:23:14,IA15_m-deepseek-coder-v2-lite_sol1_gd0_rs0_bd1_str-lenient_t00_n1,284,3,1,deepseek-ai/DeepSeek-Coder-V2-Lite-Instruct,1,0,1,0,lenient,0.0,15.0,0.0
2026-08-11 19:23:22,IA15_m-deepseek-coder-v2-lite_sol1_gd0_rs0_bd1_str-lenient_t00_n1,285,1,1,deepseek-ai/DeepSeek-Coder-V2-Lite-Instruct,1,0,1,0,lenient,0.0,18.0,0.0
2026-08-11 19:23:27,IA15_m-deepseek-coder-v2-lite_sol1_gd0_rs0_bd1_str-lenient_t00_n1,285,2,1,deepseek-ai/DeepSeek-Coder-V2-Lite-Instruct,1,0,1,0,lenient,0.0,12.0,0.0
2026-08-11 19:23:34,IA15_m-deepseek-coder-v2-lite_sol1_gd0_rs0_bd1_str-lenient_t00_n1,285,3,1,deepseek-ai/DeepSeek-Coder-V2-Lite-Instruct,1,0,1,0,lenient,0.0,14.0,0.0
2026-08-11 19:23:42,IA15_m-deepseek-coder-v2-lite_sol1_gd0_rs0_bd1_str-lenient_t00_n1,286,1,1,deepseek-ai/DeepSeek-Coder-V2-Lite-Instruct,1,0,1,0,lenient,0.0,18.0,0.0
2026-08-11 19:23:49,IA15_m-deepseek-coder-v2-lite_sol1_gd0_rs0_bd1_str-lenient_t00_n1,286,2,1,deepseek-ai/DeepSeek-Coder-V2-Lite-Instruct,1,0,1,0,lenient,0.0,12.0,0.0
2026-08-11 19:23:56,IA15_m-deepseek-coder-v2-lite_sol1_gd0_rs0_bd1_str-lenient_t00_n1,286,3,1,deepseek-ai/DeepSeek-Coder-V2-Lite-Instruct,1,0,1,0,lenient,0.0,14.0,0.0
2026-08-11 19:24:03,IA15_m-deepseek-coder-v2-lite_sol1_gd0_rs0_bd1_str-lenient_t00_n1,287,1,1,deepseek-ai/DeepSeek-Coder-V2-Lite-Instruct,1,0,1,0,lenient,0.0,18.0,0.0
2026-08-11 19:24:10,IA15_m-deepseek-coder-v2-lite_sol1_gd0_rs0_bd1_str-lenient_t00_n1,287,2,1,deepseek-ai/DeepSeek-Coder-V2-Lite-Instruct,1,0,1,0,lenient,0.0,12.0,0.0
2026-08-11 19:24:19,IA15_m-deepseek-coder-v2-lite_sol1_gd0_rs0_bd1_str-lenient_t00_n1,287,3,1,deepseek-ai/DeepSeek-Coder-V2-Lite-Instruct,1,0,1,0,lenient,0.0,18.0,0.0
2026-08-11 19:24:27,IA15_m-deepseek-coder-v2-lite_sol1_gd0_rs0_bd1_str-lenient_t00_n1,288,1,1,deepseek-ai/DeepSeek-Coder-V2-Lite-Instruct,1,0,1,0,lenient,0.0,18.0,0.0
2026-08-11 19:24:33,IA15_m-deepseek-coder-v2-lite_sol1_gd0_rs0_bd1_str-lenient_t00_n1,288,2,1,deepseek-ai/DeepSeek-Coder-V2-Lite-Instruct,1,0,1,0,lenient,0.0,12.0,0.0
2026-08-11 19:24:40,IA15_m-deepseek-coder-v2-lite_sol1_gd0_rs0_bd1_str-lenient_t00_n1,288,3,1,deepseek-ai/DeepSeek-Coder-V2-Lite-Instruct,1,0,1,0,lenient,0.0,14.0,0.0
2026-08-11 19:24:47,IA15_m-deepseek-coder-v2-lite_sol1_gd0_rs0_bd1_str-lenient_t00_n1,289,1,1,deepseek-ai/DeepSeek-Coder-V2-Lite-Instruct,1,0,1,0,lenient,0.0,15.0,0.0
2026-08-11 19:24:53,IA15_m-deepseek-coder-v2-lite_sol1_gd0_rs0_bd1_str-lenient_t00_n1,289,2,1,deepseek-ai/DeepSeek-Coder-V2-Lite-Instruct,1,0,1,0,lenient,0.0,12.0,0.0
2026-08-11 19:25:01,IA15_m-deepseek-coder-v2-lite_sol1_gd0_rs0_bd1_str-lenient_t00_n1,289,3,1,deepseek-ai/DeepSeek-Coder-V2-Lite-Instruct,1,0,1,0,lenient,0.0,14.0,0.0
2026-08-11 19:25:10,IA15_m-deepseek-coder-v2-lite_sol1_gd0_rs0_bd1_str-lenient_t00_n1,290,1,1,deepseek-ai/DeepSeek-Coder-V2-Lite-Instruct,1,0,1,0,lenient,0.0,21.0,2.0
2026-08-11 19:25:17,IA15_m-deepseek-coder-v2-lite_sol1_gd0_rs0_bd1_str-lenient_t00_n1,290,2,1,deepseek-ai/DeepSeek-Coder-V2-Lite-Instruct,1,0,1,0,lenient,0.0,13.0,0.0
2026-08-11 19:25:24,IA15_m-deepseek-coder-v2-lite_sol1_gd0_rs0_bd1_str-lenient_t00_n1,290,3,1,deepseek-ai/DeepSeek-Coder-V2-Lite-Instruct,1,0,1,0,lenient,0.0,17.0,0.0
2026-08-11 19:25:32,IA15_m-deepseek-coder-v2-lite_sol1_gd0_rs0_bd1_str-lenient_t00_n1,291,1,1,deepseek-ai/DeepSeek-Coder-V2-Lite-Instruct,1,0,1,0,lenient,0.0,20.0,0.0
2026-08-11 19:25:39,IA15_m-deepseek-coder-v2-lite_sol1_gd0_rs0_bd1_str-lenient_t00_n1,291,2,1,deepseek-ai/DeepSeek-Coder-V2-Lite-Instruct,1,0,1,0,lenient,0.0,12.0,0.0
2026-08-11 19:25:46,IA15_m-deepseek-coder-v2-lite_sol1_gd0_rs0_bd1_str-lenient_t00_n1,292,1,1,deepseek-ai/DeepSeek-Coder-V2-Lite-Instruct,1,0,1,0,lenient,0.0,18.0,0.0
2026-08-11 19:25:53,IA15_m-deepseek-coder-v2-lite_sol1_gd0_rs0_bd1_str-lenient_t00_n1,292,2,1,deepseek-ai/DeepSeek-Coder-V2-Lite-Instruct,1,0,1,0,lenient,0.0,12.0,0.0
2026-08-11 19:26:01,IA15_m-deepseek-coder-v2-lite_sol1_gd0_rs0_bd1_str-lenient_t00_n1,292,3,1,deepseek-ai/DeepSeek-Coder-V2-Lite-Instruct,1,0,1,0,lenient,0.0,17.0,0.0
2026-08-11 19:26:08,IA15_m-deepseek-coder-v2-lite_sol1_gd0_rs0_bd1_str-lenient_t00_n1,293,1,1,deepseek-ai/DeepSeek-Coder-V2-Lite-Instruct,1,0,1,0,lenient,0.0,18.0,0.0
2026-08-11 19:26:13,IA15_m-deepseek-coder-v2-lite_sol1_gd0_rs0_bd1_str-lenient_t00_n1,293,2,1,deepseek-ai/DeepSeek-Coder-V2-Lite-Instruct,1,0,1,0,lenient,0.0,12.0,0.0
2026-08-11 19:26:20,IA15_m-deepseek-coder-v2-lite_sol1_gd0_rs0_bd1_str-lenient_t00_n1,293,3,1,deepseek-ai/DeepSeek-Coder-V2-Lite-Instruct,1,0,1,0,lenient,0.0,14.0,0.0
2026-08-11 19:26:27,IA15_m-deepseek-coder-v2-lite_sol1_gd0_rs0_bd1_str-lenient_t00_n1,294,1,1,deepseek-ai/DeepSeek-Coder-V2-Lite-Instruct,1,0,1,0,lenient,0.0,18.0,0.0
2026-08-11 19:26:34,IA15_m-deepseek-coder-v2-lite_sol1_gd0_rs0_bd1_str-lenient_t00_n1,294,2,1,deepseek-ai/DeepSeek-Coder-V2-Lite-Instruct,1,0,1,0,lenient,0.0,13.0,0.0
2026-08-11 19:26:42,IA15_m-deepseek-coder-v2-lite_sol1_gd0_rs0_bd1_str-lenient_t00_n1,294,3,1,deepseek-ai/DeepSeek-Coder-V2-Lite-Instruct,1,0,1,0,lenient,0.0,16.0,0.0
2026-08-11 19:26:51,IA15_m-deepseek-coder-v2-lite_sol1_gd0_rs0_bd1_str-lenient_t00_n1,295,1,1,deepseek-ai/DeepSeek-Coder-V2-Lite-Instruct,1,0,1,0,lenient,0.0,18.0,0.0
2026-08-11 19:26:57,IA15_m-deepseek-coder-v2-lite_sol1_gd0_rs0_bd1_str-lenient_t00_n1,295,2,1,deepseek-ai/DeepSeek-Coder-V2-Lite-Instruct,1,0,1,0,lenient,0.0,13.0,0.0
2026-08-11 19:27:04,IA15_m-deepseek-coder-v2-lite_sol1_gd0_rs0_bd1_str-lenient_t00_n1,295,3,1,deepseek-ai/DeepSeek-Coder-V2-Lite-Instruct,1,0,1,0,lenient,0.0,17.0,0.0
2026-08-11 19:27:12,IA15_m-deepseek-coder-v2-lite_sol1_gd0_rs0_bd1_str-lenient_t00_n1,296,1,1,deepseek-ai/DeepSeek-Coder-V2-Lite-Instruct,1,0,1,0,lenient,0.0,18.0,0.0
2026-08-11 19:27:19,IA15_m-deepseek-coder-v2-lite_sol1_gd0_rs0_bd1_str-lenient_t00_n1,296,2,1,deepseek-ai/DeepSeek-Coder-V2-Lite-Instruct,1,0,1,0,lenient,0.0,13.0,0.0
2026-08-11 19:27:26,IA15_m-deepseek-coder-v2-lite_sol1_gd0_rs0_bd1_str-lenient_t00_n1,296,3,1,deepseek-ai/DeepSeek-Coder-V2-Lite-Instruct,1,0,1,0,lenient,0.0,17.0,0.0
2026-08-11 19:27:35,IA15_m-deepseek-coder-v2-lite_sol1_gd0_rs0_bd1_str-lenient_t00_n1,297,1,1,deepseek-ai/DeepSeek-Coder-V2-Lite-Instruct,1,0,1,0,lenient,0.0,21.0,2.0
2026-08-11 19:27:42,IA15_m-deepseek-coder-v2-lite_sol1_gd0_rs0_bd1_str-lenient_t00_n1,297,2,1,deepseek-ai/DeepSeek-Coder-V2-Lite-Instruct,1,0,1,0,lenient,0.0,13.0,0.0
2026-08-11 19:27:50,IA15_m-deepseek-coder-v2-lite_sol1_gd0_rs0_bd1_str-lenient_t00_n1,297,3,1,deepseek-ai/DeepSeek-Coder-V2-Lite-Instruct,1,0,1,0,lenient,0.0,17.0,0.0
2026-08-11 19:27:57,IA15_m-deepseek-coder-v2-lite_sol1_gd0_rs0_bd1_str-lenient_t00_n1,298,1,1,deepseek-ai/DeepSeek-Coder-V2-Lite-Instruct,1,0,1,0,lenient,0.0,18.0,0.0
2026-08-11 19:28:04,IA15_m-deepseek-coder-v2-lite_sol1_gd0_rs0_bd1_str-lenient_t00_n1,298,2,1,deepseek-ai/DeepSeek-Coder-V2-Lite-Instruct,1,0,1,0,lenient,0.0,12.0,0.0
2026-08-11 19:28:11,IA15_m-deepseek-coder-v2-lite_sol1_gd0_rs0_bd1_str-lenient_t00_n1,298,3,1,deepseek-ai/DeepSeek-Coder-V2-Lite-Instruct,1,0,1,0,lenient,0.0,14.0,0.0
2026-08-11 19:28:18,IA15_m-deepseek-coder-v2-lite_sol1_gd0_rs0_bd1_str-lenient_t00_n1,299,1,1,deepseek-ai/DeepSeek-Coder-V2-Lite-Instruct,1,0,1,0,lenient,0.0,18.0,0.0
2026-08-11 19:28:25,IA15_m-deepseek-coder-v2-lite_sol1_gd0_rs0_bd1_str-lenient_t00_n1,299,2,1,deepseek-ai/DeepSeek-Coder-V2-Lite-Instruct,1,0,1,0,lenient,0.0,12.0,0.0
2026-08-11 19:28:32,IA15_m-deepseek-coder-v2-lite_sol1_gd0_rs0_bd1_str-lenient_t00_n1,299,3,1,deepseek-ai/DeepSeek-Coder-V2-Lite-Instruct,1,0,1,0,lenient,0.0,17.0,0.0
2026-08-11 19:28:40,IA15_m-deepseek-coder-v2-lite_sol1_gd0_rs0_bd1_str-lenient_t00_n1,300,1,1,deepseek-ai/DeepSeek-Coder-V2-Lite-Instruct,1,0,1,0,lenient,0.0,18.0,0.0
2026-08-11 19:28:47,IA15_m-deepseek-coder-v2-lite_sol1_gd0_rs0_bd1_str-lenient_t00_n1,300,2,1,deepseek-ai/DeepSeek-Coder-V2-Lite-Instruct,1,0,1,0,lenient,0.0,12.0,0.0
2026-08-11 19:28:54,IA15_m-deepseek-coder-v2-lite_sol1_gd0_rs0_bd1_str-lenient_t00_n1,300,3,1,deepseek-ai/DeepSeek-Coder-V2-Lite-Instruct,1,0,1,0,lenient,0.0,15.0,0.0
2026-08-11 19:29:01,IA15_m-deepseek-coder-v2-lite_sol1_gd0_rs0_bd1_str-lenient_t00_n1,301,1,1,deepseek-ai/DeepSeek-Coder-V2-Lite-Instruct,1,0,1,0,lenient,0.0,18.0,0.0
2026-08-11 19:29:07,IA15_m-deepseek-coder-v2-lite_sol1_gd0_rs0_bd1_str-lenient_t00_n1,301,2,1,deepseek-ai/DeepSeek-Coder-V2-Lite-Instruct,1,0,1,0,lenient,0.0,12.0,0.0
2026-08-11 19:29:15,IA15_m-deepseek-coder-v2-lite_sol1_gd0_rs0_bd1_str-lenient_t00_n1,301,3,1,deepseek-ai/DeepSeek-Coder-V2-Lite-Instruct,1,0,1,0,lenient,0.0,14.0,0.0
2026-08-11 19:29:23,IA15_m-deepseek-coder-v2-lite_sol1_gd0_rs0_bd1_str-lenient_t00_n1,302,1,1,deepseek-ai/DeepSeek-Coder-V2-Lite-Instruct,1,0,1,0,lenient,0.0,15.0,0.0
2026-08-11 19:29:30,IA15_m-deepseek-coder-v2-lite_sol1_gd0_rs0_bd1_str-lenient_t00_n1,302,2,1,deepseek-ai/DeepSeek-Coder-V2-Lite-Instruct,1,0,1,0,lenient,0.0,12.0,0.0
2026-08-11 19:29:37,IA15_m-deepseek-coder-v2-lite_sol1_gd0_rs0_bd1_str-lenient_t00_n1,302,3,1,deepseek-ai/DeepSeek-Coder-V2-Lite-Instruct,1,0,1,0,lenient,0.0,14.0,0.0
2026-08-11 19:29:46,IA15_m-deepseek-coder-v2-lite_sol1_gd0_rs0_bd1_str-lenient_t00_n1,303,1,1,deepseek-ai/DeepSeek-Coder-V2-Lite-Instruct,1,0,1,0,lenient,0.0,21.0,2.0
2026-08-11 19:29:53,IA15_m-deepseek-coder-v2-lite_sol1_gd0_rs0_bd1_str-lenient_t00_n1,303,2,1,deepseek-ai/DeepSeek-Coder-V2-Lite-Instruct,1,0,1,0,lenient,0.0,13.0,0.0
2026-08-11 19:30:00,IA15_m-deepseek-coder-v2-lite_sol1_gd0_rs0_bd1_str-lenient_t00_n1,303,3,1,deepseek-ai/DeepSeek-Coder-V2-Lite-Instruct,1,0,1,0,lenient,0.0,17.0,0.0
2026-08-11 19:30:08,IA15_m-deepseek-coder-v2-lite_sol1_gd0_rs0_bd1_str-lenient_t00_n1,304,1,1,deepseek-ai/DeepSeek-Coder-V2-Lite-Instruct,1,0,1,0,lenient,0.0,18.0,0.0
2026-08-11 19:30:15,IA15_m-deepseek-coder-v2-lite_sol1_gd0_rs0_bd1_str-lenient_t00_n1,304,2,1,deepseek-ai/DeepSeek-Coder-V2-Lite-Instruct,1,0,1,0,lenient,0.0,12.0,0.0
2026-08-11 19:30:22,IA15_m-deepseek-coder-v2-lite_sol1_gd0_rs0_bd1_str-lenient_t00_n1,304,3,1,deepseek-ai/DeepSeek-Coder-V2-Lite-Instruct,1,0,1,0,lenient,0.0,17.0,0.0
2026-08-11 19:30:29,IA15_m-deepseek-coder-v2-lite_sol1_gd0_rs0_bd1_str-lenient_t00_n1,305,1,1,deepseek-ai/DeepSeek-Coder-V2-Lite-Instruct,1,0,1,0,lenient,0.0,15.0,0.0
2026-08-11 19:30:36,IA15_m-deepseek-coder-v2-lite_sol1_gd0_rs0_bd1_str-lenient_t00_n1,305,2,1,deepseek-ai/DeepSeek-Coder-V2-Lite-Instruct,1,0,1,0,lenient,0.0,12.0,0.0
2026-08-11 19:30:40,IA15_m-deepseek-coder-v2-lite_sol1_gd0_rs0_bd1_str-lenient_t00_n1,305,3,1,deepseek-ai/DeepSeek-Coder-V2-Lite-Instruct,1,0,1,0,lenient,0.0,16.0,0.0
2026-08-11 19:30:47,IA15_m-deepseek-coder-v2-lite_sol1_gd0_rs0_bd1_str-lenient_t00_n1,306,1,1,deepseek-ai/DeepSeek-Coder-V2-Lite-Instruct,1,0,1,0,lenient,0.0,18.0,0.0
2026-08-11 19:30:53,IA15_m-deepseek-coder-v2-lite_sol1_gd0_rs0_bd1_str-lenient_t00_n1,306,2,1,deepseek-ai/DeepSeek-Coder-V2-Lite-Instruct,1,0,1,0,lenient,0.0,12.0,0.0
2026-08-11 19:31:00,IA15_m-deepseek-coder-v2-lite_sol1_gd0_rs0_bd1_str-lenient_t00_n1,306,3,1,deepseek-ai/DeepSeek-Coder-V2-Lite-Instruct,1,0,1,0,lenient,0.0,16.0,0.0
2026-08-11 19:31:08,IA15_m-deepseek-coder-v2-lite_sol1_gd0_rs0_bd1_str-lenient_t00_n1,307,1,1,deepseek-ai/DeepSeek-Coder-V2-Lite-Instruct,1,0,1,0,lenient,0.0,15.0,0.0
2026-08-11 19:31:14,IA15_m-deepseek-coder-v2-lite_sol1_gd0_rs0_bd1_str-lenient_t00_n1,307,2,1,deepseek-ai/DeepSeek-Coder-V2-Lite-Instruct,1,0,1,0,lenient,0.0,12.0,0.0
2026-08-11 19:31:21,IA15_m-deepseek-coder-v2-lite_sol1_gd0_rs0_bd1_str-lenient_t00_n1,307,3,1,deepseek-ai/DeepSeek-Coder-V2-Lite-Instruct,1,0,1,0,lenient,0.0,14.0,0.0
2026-08-11 19:31:28,IA15_m-deepseek-coder-v2-lite_sol1_gd0_rs0_bd1_str-lenient_t00_n1,308,1,1,deepseek-ai/DeepSeek-Coder-V2-Lite-Instruct,1,0,1,0,lenient,0.0,18.0,0.0
2026-08-11 19:31:34,IA15_m-deepseek-coder-v2-lite_sol1_gd0_rs0_bd1_str-lenient_t00_n1,308,2,1,deepseek-ai/DeepSeek-Coder-V2-Lite-Instruct,1,0,1,0,lenient,0.0,12.0,0.0
2026-08-11 19:31:41,IA15_m-deepseek-coder-v2-lite_sol1_gd0_rs0_bd1_str-lenient_t00_n1,308,3,1,deepseek-ai/DeepSeek-Coder-V2-Lite-Instruct,1,0,1,0,lenient,0.0,17.0,0.0
2026-08-11 19:31:49,IA15_m-deepseek-coder-v2-lite_sol1_gd0_rs0_bd1_str-lenient_t00_n1,309,1,1,deepseek-ai/DeepSeek-Coder-V2-Lite-Instruct,1,0,1,0,lenient,0.0,18.0,0.0
2026-08-11 19:31:55,IA15_m-deepseek-coder-v2-lite_sol1_gd0_rs0_bd1_str-lenient_t00_n1,309,2,1,deepseek-ai/DeepSeek-Coder-V2-Lite-Instruct,1,0,1,0,lenient,0.0,12.0,0.0
2026-08-11 19:32:02,IA15_m-deepseek-coder-v2-lite_sol1_gd0_rs0_bd1_str-lenient_t00_n1,309,3,1,deepseek-ai/DeepSeek-Coder-V2-Lite-Instruct,1,0,1,0,lenient,0.0,15.0,0.0
2026-08-11 19:32:09,IA15_m-deepseek-coder-v2-lite_sol1_gd0_rs0_bd1_str-lenient_t00_n1,310,1,1,deepseek-ai/DeepSeek-Coder-V2-Lite-Instruct,1,0,1,0,lenient,0.0,18.0,0.0
2026-08-11 19:32:14,IA15_m-deepseek-coder-v2-lite_sol1_gd0_rs0_bd1_str-lenient_t00_n1,310,2,1,deepseek-ai/DeepSeek-Coder-V2-Lite-Instruct,1,0,1,0,lenient,0.0,12.0,0.0
2026-08-11 19:32:21,IA15_m-deepseek-coder-v2-lite_sol1_gd0_rs0_bd1_str-lenient_t00_n1,310,3,1,deepseek-ai/DeepSeek-Coder-V2-Lite-Instruct,1,0,1,0,lenient,0.0,14.0,0.0
2026-08-11 19:32:29,IA15_m-deepseek-coder-v2-lite_sol1_gd0_rs0_bd1_str-lenient_t00_n1,311,1,1,deepseek-ai/DeepSeek-Coder-V2-Lite-Instruct,1,0,1,0,lenient,0.0,18.0,0.0
2026-08-11 19:32:34,IA15_m-deepseek-coder-v2-lite_sol1_gd0_rs0_bd1_str-lenient_t00_n1,311,2,1,deepseek-ai/DeepSeek-Coder-V2-Lite-Instruct,1,0,1,0,lenient,0.0,12.0,0.0
2026-08-11 19:32:42,IA15_m-deepseek-coder-v2-lite_sol1_gd0_rs0_bd1_str-lenient_t00_n1,311,3,1,deepseek-ai/DeepSeek-Coder-V2-Lite-Instruct,1,0,1,0,lenient,0.0,14.0,0.0
2026-08-11 19:32:50,IA15_m-deepseek-coder-v2-lite_sol1_gd0_rs0_bd1_str-lenient_t00_n1,312,1,1,deepseek-ai/DeepSeek-Coder-V2-Lite-Instruct,1,0,1,0,lenient,0.0,18.0,0.0
2026-08-11 19:32:56,IA15_m-deepseek-coder-v2-lite_sol1_gd0_rs0_bd1_str-lenient_t00_n1,312,2,1,deepseek-ai/DeepSeek-Coder-V2-Lite-Instruct,1,0,1,0,lenient,0.0,12.0,0.0
2026-08-11 19:33:03,IA15_m-deepseek-coder-v2-lite_sol1_gd0_rs0_bd1_str-lenient_t00_n1,312,3,1,deepseek-ai/DeepSeek-Coder-V2-Lite-Instruct,1,0,1,0,lenient,0.0,15.0,0.0
2026-08-11 19:33:11,IA15_m-deepseek-coder-v2-lite_sol1_gd0_rs0_bd1_str-lenient_t00_n1,313,1,1,deepseek-ai/DeepSeek-Coder-V2-Lite-Instruct,1,0,1,0,lenient,0.0,18.0,0.0
2026-08-11 19:33:18,IA15_m-deepseek-coder-v2-lite_sol1_gd0_rs0_bd1_str-lenient_t00_n1,313,2,1,deepseek-ai/DeepSeek-Coder-V2-Lite-Instruct,1,0,1,0,lenient,0.0,13.0,0.0
2026-08-11 19:33:24,IA15_m-deepseek-coder-v2-lite_sol1_gd0_rs0_bd1_str-lenient_t00_n1,313,3,1,deepseek-ai/DeepSeek-Coder-V2-Lite-Instruct,1,0,1,0,lenient,0.0,14.0,0.0
2026-08-11 19:33:32,IA15_m-deepseek-coder-v2-lite_sol1_gd0_rs0_bd1_str-lenient_t00_n1,314,1,1,deepseek-ai/DeepSeek-Coder-V2-Lite-Instruct,1,0,1,0,lenient,0.0,18.0,0.0
2026-08-11 19:33:39,IA15_m-deepseek-coder-v2-lite_sol1_gd0_rs0_bd1_str-lenient_t00_n1,314,2,1,deepseek-ai/DeepSeek-Coder-V2-Lite-Instruct,1,0,1,0,lenient,0.0,13.0,0.0
2026-08-11 19:33:46,IA15_m-deepseek-coder-v2-lite_sol1_gd0_rs0_bd1_str-lenient_t00_n1,314,3,1,deepseek-ai/DeepSeek-Coder-V2-Lite-Instruct,1,0,1,0,lenient,0.0,14.0,0.0
2026-08-11 19:33:53,IA15_m-deepseek-coder-v2-lite_sol1_gd0_rs0_bd1_str-lenient_t00_n1,315,1,1,deepseek-ai/DeepSeek-Coder-V2-Lite-Instruct,1,0,1,0,lenient,0.0,18.0,0.0
2026-08-11 19:33:59,IA15_m-deepseek-coder-v2-lite_sol1_gd0_rs0_bd1_str-lenient_t00_n1,315,2,1,deepseek-ai/DeepSeek-Coder-V2-Lite-Instruct,1,0,1,0,lenient,0.0,12.0,0.0
2026-08-11 19:34:06,IA15_m-deepseek-coder-v2-lite_sol1_gd0_rs0_bd1_str-lenient_t00_n1,315,3,1,deepseek-ai/DeepSeek-Coder-V2-Lite-Instruct,1,0,1,0,lenient,0.0,16.0,0.0
2026-08-11 19:34:14,IA15_m-deepseek-coder-v2-lite_sol1_gd0_rs0_bd1_str-lenient_t00_n1,316,1,1,deepseek-ai/DeepSeek-Coder-V2-Lite-Instruct,1,0,1,0,lenient,0.0,18.0,0.0
2026-08-11 19:34:21,IA15_m-deepseek-coder-v2-lite_sol1_gd0_rs0_bd1_str-lenient_t00_n1,316,2,1,deepseek-ai/DeepSeek-Coder-V2-Lite-Instruct,1,0,1,0,lenient,0.0,12.0,0.0
2026-08-11 19:34:28,IA15_m-deepseek-coder-v2-lite_sol1_gd0_rs0_bd1_str-lenient_t00_n1,316,3,1,deepseek-ai/DeepSeek-Coder-V2-Lite-Instruct,1,0,1,0,lenient,0.0,14.0,0.0
2026-08-11 19:34:36,IA15_m-deepseek-coder-v2-lite_sol1_gd0_rs0_bd1_str-lenient_t00_n1,317,1,1,deepseek-ai/DeepSeek-Coder-V2-Lite-Instruct,1,0,1,0,lenient,0.0,18.0,0.0
2026-08-11 19:34:42,IA15_m-deepseek-coder-v2-lite_sol1_gd0_rs0_bd1_str-lenient_t00_n1,317,2,1,deepseek-ai/DeepSeek-Coder-V2-Lite-Instruct,1,0,1,0,lenient,0.0,12.0,0.0
2026-08-11 19:34:49,IA15_m-deepseek-coder-v2-lite_sol1_gd0_rs0_bd1_str-lenient_t00_n1,317,3,1,deepseek-ai/DeepSeek-Coder-V2-Lite-Instruct,1,0,1,0,lenient,0.0,16.0,0.0
2026-08-11 19:34:56,IA15_m-deepseek-coder-v2-lite_sol1_gd0_rs0_bd1_str-lenient_t00_n1,318,1,1,deepseek-ai/DeepSeek-Coder-V2-Lite-Instruct,1,0,1,0,lenient,0.0,18.0,0.0
2026-08-11 19:35:03,IA15_m-deepseek-coder-v2-lite_sol1_gd0_rs0_bd1_str-lenient_t00_n1,318,2,1,deepseek-ai/DeepSeek-Coder-V2-Lite-Instruct,1,0,1,0,lenient,0.0,13.0,0.0
2026-08-11 19:35:11,IA15_m-deepseek-coder-v2-lite_sol1_gd0_rs0_bd1_str-lenient_t00_n1,318,3,1,deepseek-ai/DeepSeek-Coder-V2-Lite-Instruct,1,0,1,0,lenient,0.0,16.0,0.0
2026-08-11 19:35:19,IA15_m-deepseek-coder-v2-lite_sol1_gd0_rs0_bd1_str-lenient_t00_n1,319,1,1,deepseek-ai/DeepSeek-Coder-V2-Lite-Instruct,1,0,1,0,lenient,0.0,18.0,0.0
2026-08-11 19:35:24,IA15_m-deepseek-coder-v2-lite_sol1_gd0_rs0_bd1_str-lenient_t00_n1,319,2,1,deepseek-ai/DeepSeek-Coder-V2-Lite-Instruct,1,0,1,0,lenient,0.0,12.0,0.0
2026-08-11 19:35:32,IA15_m-deepseek-coder-v2-lite_sol1_gd0_rs0_bd1_str-lenient_t00_n1,319,3,1,deepseek-ai/DeepSeek-Coder-V2-Lite-Instruct,1,0,1,0,lenient,0.0,16.0,0.0
2026-08-11 19:35:39,IA15_m-deepseek-coder-v2-lite_sol1_gd0_rs0_bd1_str-lenient_t00_n1,320,1,1,deepseek-ai/DeepSeek-Coder-V2-Lite-Instruct,1,0,1,0,lenient,0.0,18.0,0.0
2026-08-11 19:35:45,IA15_m-deepseek-coder-v2-lite_sol1_gd0_rs0_bd1_str-lenient_t00_n1,320,2,1,deepseek-ai/DeepSeek-Coder-V2-Lite-Instruct,1,0,1,0,lenient,0.0,13.0,0.0
2026-08-11 19:35:53,IA15_m-deepseek-coder-v2-lite_sol1_gd0_rs0_bd1_str-lenient_t00_n1,320,3,1,deepseek-ai/DeepSeek-Coder-V2-Lite-Instruct,1,0,1,0,lenient,0.0,16.0,0.0
2026-08-11 19:36:01,IA15_m-deepseek-coder-v2-lite_sol1_gd0_rs0_bd1_str-lenient_t00_n1,321,1,1,deepseek-ai/DeepSeek-Coder-V2-Lite-Instruct,1,0,1,0,lenient,0.0,18.0,0.0
2026-08-11 19:36:06,IA15_m-deepseek-coder-v2-lite_sol1_gd0_rs0_bd1_str-lenient_t00_n1,321,2,1,deepseek-ai/DeepSeek-Coder-V2-Lite-Instruct,1,0,1,0,lenient,0.0,12.0,0.0
2026-08-11 19:36:13,IA15_m-deepseek-coder-v2-lite_sol1_gd0_rs0_bd1_str-lenient_t00_n1,321,3,1,deepseek-ai/DeepSeek-Coder-V2-Lite-Instruct,1,0,1,0,lenient,0.0,17.0,0.0
2026-08-11 19:36:22,IA15_m-deepseek-coder-v2-lite_sol1_gd0_rs0_bd1_str-lenient_t00_n1,322,1,1,deepseek-ai/DeepSeek-Coder-V2-Lite-Instruct,1,0,1,0,lenient,0.0,20.0,0.0
2026-08-11 19:36:29,IA15_m-deepseek-coder-v2-lite_sol1_gd0_rs0_bd1_str-lenient_t00_n1,322,2,1,deepseek-ai/DeepSeek-Coder-V2-Lite-Instruct,1,0,1,0,lenient,0.0,13.0,0.0
2026-08-11 19:36:36,IA15_m-deepseek-coder-v2-lite_sol1_gd0_rs0_bd1_str-lenient_t00_n1,322,3,1,deepseek-ai/DeepSeek-Coder-V2-Lite-Instruct,1,0,1,0,lenient,0.0,17.0,0.0
2026-08-11 19:36:44,IA15_m-deepseek-coder-v2-lite_sol1_gd0_rs0_bd1_str-lenient_t00_n1,323,1,1,deepseek-ai/DeepSeek-Coder-V2-Lite-Instruct,1,0,1,0,lenient,0.0,20.0,0.0
2026-08-11 19:36:51,IA15_m-deepseek-coder-v2-lite_sol1_gd0_rs0_bd1_str-lenient_t00_n1,323,2,1,deepseek-ai/DeepSeek-Coder-V2-Lite-Instruct,1,0,1,0,lenient,0.0,12.0,0.0
2026-08-11 19:36:58,IA15_m-deepseek-coder-v2-lite_sol1_gd0_rs0_bd1_str-lenient_t00_n1,323,3,1,deepseek-ai/DeepSeek-Coder-V2-Lite-Instruct,1,0,1,0,lenient,0.0,17.0,0.0
2026-08-11 19:37:06,IA15_m-deepseek-coder-v2-lite_sol1_gd0_rs0_bd1_str-lenient_t00_n1,324,1,1,deepseek-ai/DeepSeek-Coder-V2-Lite-Instruct,1,0,1,0,lenient,0.0,18.0,0.0
2026-08-11 19:37:13,IA15_m-deepseek-coder-v2-lite_sol1_gd0_rs0_bd1_str-lenient_t00_n1,324,2,1,deepseek-ai/DeepSeek-Coder-V2-Lite-Instruct,1,0,1,0,lenient,0.0,13.0,0.0
2026-08-11 19:37:16,IA15_m-deepseek-coder-v2-lite_sol1_gd0_rs0_bd1_str-lenient_t00_n1,324,3,1,deepseek-ai/DeepSeek-Coder-V2-Lite-Instruct,1,0,1,0,lenient,0.0,16.0,0.0
2026-08-11 19:37:23,IA15_m-deepseek-coder-v2-lite_sol1_gd0_rs0_bd1_str-lenient_t00_n1,325,1,1,deepseek-ai/DeepSeek-Coder-V2-Lite-Instruct,1,0,1,0,lenient,0.0,18.0,0.0
2026-08-11 19:37:30,IA15_m-deepseek-coder-v2-lite_sol1_gd0_rs0_bd1_str-lenient_t00_n1,325,2,1,deepseek-ai/DeepSeek-Coder-V2-Lite-Instruct,1,0,1,0,lenient,0.0,13.0,0.0
2026-08-11 19:37:37,IA15_m-deepseek-coder-v2-lite_sol1_gd0_rs0_bd1_str-lenient_t00_n1,325,3,1,deepseek-ai/DeepSeek-Coder-V2-Lite-Instruct,1,0,1,0,lenient,0.0,17.0,0.0
2026-08-11 19:37:45,IA15_m-deepseek-coder-v2-lite_sol1_gd0_rs0_bd1_str-lenient_t00_n1,326,1,1,deepseek-ai/DeepSeek-Coder-V2-Lite-Instruct,1,0,1,0,lenient,0.0,15.0,0.0
2026-08-11 19:37:50,IA15_m-deepseek-coder-v2-lite_sol1_gd0_rs0_bd1_str-lenient_t00_n1,326,2,1,deepseek-ai/DeepSeek-Coder-V2-Lite-Instruct,1,0,1,0,lenient,0.0,12.0,0.0
2026-08-11 19:37:58,IA15_m-deepseek-coder-v2-lite_sol1_gd0_rs0_bd1_str-lenient_t00_n1,326,3,1,deepseek-ai/DeepSeek-Coder-V2-Lite-Instruct,1,0,1,0,lenient,0.0,14.0,0.0
2026-08-11 19:38:05,IA15_m-deepseek-coder-v2-lite_sol1_gd0_rs0_bd1_str-lenient_t00_n1,327,1,1,deepseek-ai/DeepSeek-Coder-V2-Lite-Instruct,1,0,1,0,lenient,0.0,18.0,0.0
2026-08-11 19:38:12,IA15_m-deepseek-coder-v2-lite_sol1_gd0_rs0_bd1_str-lenient_t00_n1,327,2,1,deepseek-ai/DeepSeek-Coder-V2-Lite-Instruct,1,0,1,0,lenient,0.0,12.0,0.0
2026-08-11 19:38:19,IA15_m-deepseek-coder-v2-lite_sol1_gd0_rs0_bd1_str-lenient_t00_n1,327,3,1,deepseek-ai/DeepSeek-Coder-V2-Lite-Instruct,1,0,1,0,lenient,0.0,14.0,0.0
2026-08-11 19:38:27,IA15_m-deepseek-coder-v2-lite_sol1_gd0_rs0_bd1_str-lenient_t00_n1,328,1,1,deepseek-ai/DeepSeek-Coder-V2-Lite-Instruct,1,0,1,0,lenient,0.0,18.0,0.0
2026-08-11 19:38:33,IA15_m-deepseek-coder-v2-lite_sol1_gd0_rs0_bd1_str-lenient_t00_n1,328,2,1,deepseek-ai/DeepSeek-Coder-V2-Lite-Instruct,1,0,1,0,lenient,0.0,12.0,0.0
2026-08-11 19:38:40,IA15_m-deepseek-coder-v2-lite_sol1_gd0_rs0_bd1_str-lenient_t00_n1,328,3,1,deepseek-ai/DeepSeek-Coder-V2-Lite-Instruct,1,0,1,0,lenient,0.0,15.0,0.0
2026-08-11 19:38:48,IA15_m-deepseek-coder-v2-lite_sol1_gd0_rs0_bd1_str-lenient_t00_n1,329,1,1,deepseek-ai/DeepSeek-Coder-V2-Lite-Instruct,1,0,1,0,lenient,0.0,18.0,0.0
2026-08-11 19:38:55,IA15_m-deepseek-coder-v2-lite_sol1_gd0_rs0_bd1_str-lenient_t00_n1,329,2,1,deepseek-ai/DeepSeek-Coder-V2-Lite-Instruct,1,0,1,0,lenient,0.0,12.0,0.0
2026-08-11 19:39:02,IA15_m-deepseek-coder-v2-lite_sol1_gd0_rs0_bd1_str-lenient_t00_n1,329,3,1,deepseek-ai/DeepSeek-Coder-V2-Lite-Instruct,1,0,1,0,lenient,0.0,17.0,0.0
2026-08-11 19:39:10,IA15_m-deepseek-coder-v2-lite_sol1_gd0_rs0_bd1_str-lenient_t00_n1,330,1,1,deepseek-ai/DeepSeek-Coder-V2-Lite-Instruct,1,0,1,0,lenient,0.0,18.0,0.0
2026-08-11 19:39:17,IA15_m-deepseek-coder-v2-lite_sol1_gd0_rs0_bd1_str-lenient_t00_n1,330,2,1,deepseek-ai/DeepSeek-Coder-V2-Lite-Instruct,1,0,1,0,lenient,0.0,12.0,0.0
2026-08-11 19:39:24,IA15_m-deepseek-coder-v2-lite_sol1_gd0_rs0_bd1_str-lenient_t00_n1,330,3,1,deepseek-ai/DeepSeek-Coder-V2-Lite-Instruct,1,0,1,0,lenient,0.0,14.0,0.0
2026-08-11 19:39:32,IA15_m-deepseek-coder-v2-lite_sol1_gd0_rs0_bd1_str-lenient_t00_n1,331,1,1,deepseek-ai/DeepSeek-Coder-V2-Lite-Instruct,1,0,1,0,lenient,0.0,20.0,3.0
2026-08-11 19:39:39,IA15_m-deepseek-coder-v2-lite_sol1_gd0_rs0_bd1_str-lenient_t00_n1,331,2,1,deepseek-ai/DeepSeek-Coder-V2-Lite-Instruct,1,0,1,0,lenient,0.0,13.0,0.0
2026-08-11 19:39:46,IA15_m-deepseek-coder-v2-lite_sol1_gd0_rs0_bd1_str-lenient_t00_n1,331,3,1,deepseek-ai/DeepSeek-Coder-V2-Lite-Instruct,1,0,1,0,lenient,0.0,17.0,0.0
2026-08-11 19:39:54,IA15_m-deepseek-coder-v2-lite_sol1_gd0_rs0_bd1_str-lenient_t00_n1,332,1,1,deepseek-ai/DeepSeek-Coder-V2-Lite-Instruct,1,0,1,0,lenient,0.0,18.0,0.0
2026-08-11 19:40:01,IA15_m-deepseek-coder-v2-lite_sol1_gd0_rs0_bd1_str-lenient_t00_n1,332,2,1,deepseek-ai/DeepSeek-Coder-V2-Lite-Instruct,1,0,1,0,lenient,0.0,12.0,0.0
2026-08-11 19:40:04,IA15_m-deepseek-coder-v2-lite_sol1_gd0_rs0_bd1_str-lenient_t00_n1,332,3,1,deepseek-ai/DeepSeek-Coder-V2-Lite-Instruct,1,0,1,0,lenient,0.0,16.0,0.0
2026-08-11 19:40:11,IA15_m-deepseek-coder-v2-lite_sol1_gd0_rs0_bd1_str-lenient_t00_n1,333,1,1,deepseek-ai/DeepSeek-Coder-V2-Lite-Instruct,1,0,1,0,lenient,0.0,18.0,0.0
2026-08-11 19:40:18,IA15_m-deepseek-coder-v2-lite_sol1_gd0_rs0_bd1_str-lenient_t00_n1,333,2,1,deepseek-ai/DeepSeek-Coder-V2-Lite-Instruct,1,0,1,0,lenient,0.0,12.0,0.0
2026-08-11 19:40:25,IA15_m-deepseek-coder-v2-lite_sol1_gd0_rs0_bd1_str-lenient_t00_n1,333,3,1,deepseek-ai/DeepSeek-Coder-V2-Lite-Instruct,1,0,1,0,lenient,0.0,14.0,0.0
2026-08-11 19:40:33,IA15_m-deepseek-coder-v2-lite_sol1_gd0_rs0_bd1_str-lenient_t00_n1,334,1,1,deepseek-ai/DeepSeek-Coder-V2-Lite-Instruct,1,0,1,0,lenient,0.0,18.0,0.0
2026-08-11 19:40:40,IA15_m-deepseek-coder-v2-lite_sol1_gd0_rs0_bd1_str-lenient_t00_n1,334,2,1,deepseek-ai/DeepSeek-Coder-V2-Lite-Instruct,1,0,1,0,lenient,0.0,13.0,0.0
2026-08-11 19:40:47,IA15_m-deepseek-coder-v2-lite_sol1_gd0_rs0_bd1_str-lenient_t00_n1,334,3,1,deepseek-ai/DeepSeek-Coder-V2-Lite-Instruct,1,0,1,0,lenient,0.0,16.0,0.0
2026-08-11 19:40:55,IA15_m-deepseek-coder-v2-lite_sol1_gd0_rs0_bd1_str-lenient_t00_n1,335,1,1,deepseek-ai/DeepSeek-Coder-V2-Lite-Instruct,1,0,1,0,lenient,0.0,18.0,0.0
2026-08-11 19:41:00,IA15_m-deepseek-coder-v2-lite_sol1_gd0_rs0_bd1_str-lenient_t00_n1,335,2,1,deepseek-ai/DeepSeek-Coder-V2-Lite-Instruct,1,0,1,0,lenient,0.0,12.0,0.0
2026-08-11 19:41:07,IA15_m-deepseek-coder-v2-lite_sol1_gd0_rs0_bd1_str-lenient_t00_n1,335,3,1,deepseek-ai/DeepSeek-Coder-V2-Lite-Instruct,1,0,1,0,lenient,0.0,16.0,0.0
2026-08-11 19:41:16,IA15_m-deepseek-coder-v2-lite_sol1_gd0_rs0_bd1_str-lenient_t00_n1,336,1,1,deepseek-ai/DeepSeek-Coder-V2-Lite-Instruct,1,0,1,0,lenient,0.0,21.0,2.0
2026-08-11 19:41:23,IA15_m-deepseek-coder-v2-lite_sol1_gd0_rs0_bd1_str-lenient_t00_n1,336,2,1,deepseek-ai/DeepSeek-Coder-V2-Lite-Instruct,1,0,1,0,lenient,0.0,13.0,0.0
2026-08-11 19:41:30,IA15_m-deepseek-coder-v2-lite_sol1_gd0_rs0_bd1_str-lenient_t00_n1,336,3,1,deepseek-ai/DeepSeek-Coder-V2-Lite-Instruct,1,0,1,0,lenient,0.0,17.0,0.0
2026-08-11 19:41:37,IA15_m-deepseek-coder-v2-lite_sol1_gd0_rs0_bd1_str-lenient_t00_n1,337,1,1,deepseek-ai/DeepSeek-Coder-V2-Lite-Instruct,1,0,1,0,lenient,0.0,15.0,0.0
2026-08-11 19:41:42,IA15_m-deepseek-coder-v2-lite_sol1_gd0_rs0_bd1_str-lenient_t00_n1,337,2,1,deepseek-ai/DeepSeek-Coder-V2-Lite-Instruct,1,0,1,0,lenient,0.0,12.0,0.0
2026-08-11 19:41:49,IA15_m-deepseek-coder-v2-lite_sol1_gd0_rs0_bd1_str-lenient_t00_n1,337,3,1,deepseek-ai/DeepSeek-Coder-V2-Lite-Instruct,1,0,1,0,lenient,0.0,14.0,0.0
2026-08-11 19:41:57,IA15_m-deepseek-coder-v2-lite_sol1_gd0_rs0_bd1_str-lenient_t00_n1,338,1,1,deepseek-ai/DeepSeek-Coder-V2-Lite-Instruct,1,0,1,0,lenient,0.0,18.0,0.0
2026-08-11 19:42:03,IA15_m-deepseek-coder-v2-lite_sol1_gd0_rs0_bd1_str-lenient_t00_n1,338,2,1,deepseek-ai/DeepSeek-Coder-V2-Lite-Instruct,1,0,1,0,lenient,0.0,12.0,0.0
2026-08-11 19:42:09,IA15_m-deepseek-coder-v2-lite_sol1_gd0_rs0_bd1_str-lenient_t00_n1,338,3,1,deepseek-ai/DeepSeek-Coder-V2-Lite-Instruct,1,0,1,0,lenient,0.0,15.0,0.0
2026-08-11 19:42:17,IA15_m-deepseek-coder-v2-lite_sol1_gd0_rs0_bd1_str-lenient_t00_n1,339,1,1,deepseek-ai/DeepSeek-Coder-V2-Lite-Instruct,1,0,1,0,lenient,0.0,18.0,0.0
2026-08-11 19:42:24,IA15_m-deepseek-coder-v2-lite_sol1_gd0_rs0_bd1_str-lenient_t00_n1,339,2,1,deepseek-ai/DeepSeek-Coder-V2-Lite-Instruct,1,0,1,0,lenient,0.0,12.0,0.0
2026-08-11 19:42:32,IA15_m-deepseek-coder-v2-lite_sol1_gd0_rs0_bd1_str-lenient_t00_n1,339,3,1,deepseek-ai/DeepSeek-Coder-V2-Lite-Instruct,1,0,1,0,lenient,0.0,17.0,0.0
2026-08-11 19:42:39,IA15_m-deepseek-coder-v2-lite_sol1_gd0_rs0_bd1_str-lenient_t00_n1,340,1,1,deepseek-ai/DeepSeek-Coder-V2-Lite-Instruct,1,0,1,0,lenient,0.0,15.0,0.0
2026-08-11 19:42:45,IA15_m-deepseek-coder-v2-lite_sol1_gd0_rs0_bd1_str-lenient_t00_n1,340,2,1,deepseek-ai/DeepSeek-Coder-V2-Lite-Instruct,1,0,1,0,lenient,0.0,12.0,0.0
2026-08-11 19:42:52,IA15_m-deepseek-coder-v2-lite_sol1_gd0_rs0_bd1_str-lenient_t00_n1,340,3,1,deepseek-ai/DeepSeek-Coder-V2-Lite-Instruct,1,0,1,0,lenient,0.0,15.0,0.0
2026-08-11 19:42:59,IA15_m-deepseek-coder-v2-lite_sol1_gd0_rs0_bd1_str-lenient_t00_n1,341,1,1,deepseek-ai/DeepSeek-Coder-V2-Lite-Instruct,1,0,1,0,lenient,0.0,18.0,0.0
2026-08-11 19:43:06,IA15_m-deepseek-coder-v2-lite_sol1_gd0_rs0_bd1_str-lenient_t00_n1,341,2,1,deepseek-ai/DeepSeek-Coder-V2-Lite-Instruct,1,0,1,0,lenient,0.0,12.0,0.0
2026-08-11 19:43:13,IA15_m-deepseek-coder-v2-lite_sol1_gd0_rs0_bd1_str-lenient_t00_n1,341,3,1,deepseek-ai/DeepSeek-Coder-V2-Lite-Instruct,1,0,1,0,lenient,0.0,14.0,0.0
2026-08-11 19:43:21,IA15_m-deepseek-coder-v2-lite_sol1_gd0_rs0_bd1_str-lenient_t00_n1,342,1,1,deepseek-ai/DeepSeek-Coder-V2-Lite-Instruct,1,0,1,0,lenient,0.0,18.0,0.0
2026-08-11 19:43:28,IA15_m-deepseek-coder-v2-lite_sol1_gd0_rs0_bd1_str-lenient_t00_n1,342,2,1,deepseek-ai/DeepSeek-Coder-V2-Lite-Instruct,1,0,1,0,lenient,0.0,12.0,0.0
2026-08-11 19:43:35,IA15_m-deepseek-coder-v2-lite_sol1_gd0_rs0_bd1_str-lenient_t00_n1,342,3,1,deepseek-ai/DeepSeek-Coder-V2-Lite-Instruct,1,0,1,0,lenient,0.0,17.0,0.0
2026-08-11 19:43:42,IA15_m-deepseek-coder-v2-lite_sol1_gd0_rs0_bd1_str-lenient_t00_n1,343,1,1,deepseek-ai/DeepSeek-Coder-V2-Lite-Instruct,1,0,1,0,lenient,0.0,18.0,0.0
2026-08-11 19:43:49,IA15_m-deepseek-coder-v2-lite_sol1_gd0_rs0_bd1_str-lenient_t00_n1,343,2,1,deepseek-ai/DeepSeek-Coder-V2-Lite-Instruct,1,0,1,0,lenient,0.0,13.0,0.0
2026-08-11 19:43:57,IA15_m-deepseek-coder-v2-lite_sol1_gd0_rs0_bd1_str-lenient_t00_n1,343,3,1,deepseek-ai/DeepSeek-Coder-V2-Lite-Instruct,1,0,1,0,lenient,0.0,17.0,0.0
2026-08-11 19:44:04,IA15_m-deepseek-coder-v2-lite_sol1_gd0_rs0_bd1_str-lenient_t00_n1,344,1,1,deepseek-ai/DeepSeek-Coder-V2-Lite-Instruct,1,0,1,0,lenient,0.0,18.0,0.0
2026-08-11 19:44:10,IA15_m-deepseek-coder-v2-lite_sol1_gd0_rs0_bd1_str-lenient_t00_n1,344,2,1,deepseek-ai/DeepSeek-Coder-V2-Lite-Instruct,1,0,1,0,lenient,0.0,12.0,0.0
2026-08-11 19:44:17,IA15_m-deepseek-coder-v2-lite_sol1_gd0_rs0_bd1_str-lenient_t00_n1,344,3,1,deepseek-ai/DeepSeek-Coder-V2-Lite-Instruct,1,0,1,0,lenient,0.0,14.0,0.0
2026-08-11 19:44:25,IA15_m-deepseek-coder-v2-lite_sol1_gd0_rs0_bd1_str-lenient_t00_n1,345,1,1,deepseek-ai/DeepSeek-Coder-V2-Lite-Instruct,1,0,1,0,lenient,0.0,18.0,0.0
2026-08-11 19:44:31,IA15_m-deepseek-coder-v2-lite_sol1_gd0_rs0_bd1_str-lenient_t00_n1,345,2,1,deepseek-ai/DeepSeek-Coder-V2-Lite-Instruct,1,0,1,0,lenient,0.0,12.0,0.0
2026-08-11 19:44:39,IA15_m-deepseek-coder-v2-lite_sol1_gd0_rs0_bd1_str-lenient_t00_n1,345,3,1,deepseek-ai/DeepSeek-Coder-V2-Lite-Instruct,1,0,1,0,lenient,0.0,14.0,0.0
2026-08-11 19:44:47,IA15_m-deepseek-coder-v2-lite_sol1_gd0_rs0_bd1_str-lenient_t00_n1,346,1,1,deepseek-ai/DeepSeek-Coder-V2-Lite-Instruct,1,0,1,0,lenient,0.0,18.0,0.0
2026-08-11 19:44:54,IA15_m-deepseek-coder-v2-lite_sol1_gd0_rs0_bd1_str-lenient_t00_n1,346,2,1,deepseek-ai/DeepSeek-Coder-V2-Lite-Instruct,1,0,1,0,lenient,0.0,12.0,0.0
2026-08-11 19:45:00,IA15_m-deepseek-coder-v2-lite_sol1_gd0_rs0_bd1_str-lenient_t00_n1,346,3,1,deepseek-ai/DeepSeek-Coder-V2-Lite-Instruct,1,0,1,0,lenient,0.0,16.0,0.0
2026-08-11 19:45:08,IA15_m-deepseek-coder-v2-lite_sol1_gd0_rs0_bd1_str-lenient_t00_n1,347,1,1,deepseek-ai/DeepSeek-Coder-V2-Lite-Instruct,1,0,1,0,lenient,0.0,18.0,0.0
2026-08-11 19:45:15,IA15_m-deepseek-coder-v2-lite_sol1_gd0_rs0_bd1_str-lenient_t00_n1,347,2,1,deepseek-ai/DeepSeek-Coder-V2-Lite-Instruct,1,0,1,0,lenient,0.0,12.0,0.0
2026-08-11 19:45:22,IA15_m-deepseek-coder-v2-lite_sol1_gd0_rs0_bd1_str-lenient_t00_n1,347,3,1,deepseek-ai/DeepSeek-Coder-V2-Lite-Instruct,1,0,1,0,lenient,0.0,14.0,0.0
2026-08-11 19:45:31,IA15_m-deepseek-coder-v2-lite_sol1_gd0_rs0_bd1_str-lenient_t00_n1,348,1,1,deepseek-ai/DeepSeek-Coder-V2-Lite-Instruct,1,0,1,0,lenient,0.0,21.0,2.0
2026-08-11 19:45:37,IA15_m-deepseek-coder-v2-lite_sol1_gd0_rs0_bd1_str-lenient_t00_n1,348,2,1,deepseek-ai/DeepSeek-Coder-V2-Lite-Instruct,1,0,1,0,lenient,0.0,13.0,0.0
2026-08-11 19:45:45,IA15_m-deepseek-coder-v2-lite_sol1_gd0_rs0_bd1_str-lenient_t00_n1,348,3,1,deepseek-ai/DeepSeek-Coder-V2-Lite-Instruct,1,0,1,0,lenient,0.0,17.0,0.0
2026-08-11 19:45:52,IA15_m-deepseek-coder-v2-lite_sol1_gd0_rs0_bd1_str-lenient_t00_n1,349,1,1,deepseek-ai/DeepSeek-Coder-V2-Lite-Instruct,1,0,1,0,lenient,0.0,18.0,0.0
2026-08-11 19:45:59,IA15_m-deepseek-coder-v2-lite_sol1_gd0_rs0_bd1_str-lenient_t00_n1,349,2,1,deepseek-ai/DeepSeek-Coder-V2-Lite-Instruct,1,0,1,0,lenient,0.0,13.0,0.0
2026-08-11 19:46:05,IA15_m-deepseek-coder-v2-lite_sol1_gd0_rs0_bd1_str-lenient_t00_n1,349,3,1,deepseek-ai/DeepSeek-Coder-V2-Lite-Instruct,1,0,1,0,lenient,0.0,16.0,0.0
2026-08-11 19:46:13,IA15_m-deepseek-coder-v2-lite_sol1_gd0_rs0_bd1_str-lenient_t00_n1,350,1,1,deepseek-ai/DeepSeek-Coder-V2-Lite-Instruct,1,0,1,0,lenient,0.0,18.0,0.0
2026-08-11 19:46:18,IA15_m-deepseek-coder-v2-lite_sol1_gd0_rs0_bd1_str-lenient_t00_n1,350,2,1,deepseek-ai/DeepSeek-Coder-V2-Lite-Instruct,1,0,1,0,lenient,0.0,12.0,0.0
2026-08-11 19:46:25,IA15_m-deepseek-coder-v2-lite_sol1_gd0_rs0_bd1_str-lenient_t00_n1,350,3,1,deepseek-ai/DeepSeek-Coder-V2-Lite-Instruct,1,0,1,0,lenient,0.0,14.0,0.0
2026-08-11 19:46:33,IA15_m-deepseek-coder-v2-lite_sol1_gd0_rs0_bd1_str-lenient_t00_n1,351,1,1,deepseek-ai/DeepSeek-Coder-V2-Lite-Instruct,1,0,1,0,lenient,0.0,18.0,0.0
2026-08-11 19:46:40,IA15_m-deepseek-coder-v2-lite_sol1_gd0_rs0_bd1_str-lenient_t00_n1,351,2,1,deepseek-ai/DeepSeek-Coder-V2-Lite-Instruct,1,0,1,0,lenient,0.0,13.0,0.0
2026-08-11 19:46:48,IA15_m-deepseek-coder-v2-lite_sol1_gd0_rs0_bd1_str-lenient_t00_n1,351,3,1,deepseek-ai/DeepSeek-Coder-V2-Lite-Instruct,1,0,1,0,lenient,0.0,17.0,0.0
2026-08-11 19:46:55,IA15_m-deepseek-coder-v2-lite_sol1_gd0_rs0_bd1_str-lenient_t00_n1,352,1,1,deepseek-ai/DeepSeek-Coder-V2-Lite-Instruct,1,0,1,0,lenient,0.0,18.0,0.0
2026-08-11 19:47:00,IA15_m-deepseek-coder-v2-lite_sol1_gd0_rs0_bd1_str-lenient_t00_n1,352,2,1,deepseek-ai/DeepSeek-Coder-V2-Lite-Instruct,1,0,1,0,lenient,0.0,12.0,0.0
2026-08-11 19:47:08,IA15_m-deepseek-coder-v2-lite_sol1_gd0_rs0_bd1_str-lenient_t00_n1,352,3,1,deepseek-ai/DeepSeek-Coder-V2-Lite-Instruct,1,0,1,0,lenient,0.0,14.0,0.0
2026-08-11 19:47:15,IA15_m-deepseek-coder-v2-lite_sol1_gd0_rs0_bd1_str-lenient_t00_n1,353,1,1,deepseek-ai/DeepSeek-Coder-V2-Lite-Instruct,1,0,1,0,lenient,0.0,18.0,0.0
2026-08-11 19:47:22,IA15_m-deepseek-coder-v2-lite_sol1_gd0_rs0_bd1_str-lenient_t00_n1,353,2,1,deepseek-ai/DeepSeek-Coder-V2-Lite-Instruct,1,0,1,0,lenient,0.0,13.0,0.0
2026-08-11 19:47:29,IA15_m-deepseek-coder-v2-lite_sol1_gd0_rs0_bd1_str-lenient_t00_n1,353,3,1,deepseek-ai/DeepSeek-Coder-V2-Lite-Instruct,1,0,1,0,lenient,0.0,16.0,0.0
2026-08-11 19:47:37,IA15_m-deepseek-coder-v2-lite_sol1_gd0_rs0_bd1_str-lenient_t00_n1,354,1,1,deepseek-ai/DeepSeek-Coder-V2-Lite-Instruct,1,0,1,0,lenient,0.0,18.0,0.0
2026-08-11 19:47:44,IA15_m-deepseek-coder-v2-lite_sol1_gd0_rs0_bd1_str-lenient_t00_n1,354,2,1,deepseek-ai/DeepSeek-Coder-V2-Lite-Instruct,1,0,1,0,lenient,0.0,13.0,0.0
2026-08-11 19:47:51,IA15_m-deepseek-coder-v2-lite_sol1_gd0_rs0_bd1_str-lenient_t00_n1,354,3,1,deepseek-ai/DeepSeek-Coder-V2-Lite-Instruct,1,0,1,0,lenient,0.0,14.0,0.0
2026-08-11 19:47:59,IA15_m-deepseek-coder-v2-lite_sol1_gd0_rs0_bd1_str-lenient_t00_n1,355,1,1,deepseek-ai/DeepSeek-Coder-V2-Lite-Instruct,1,0,1,0,lenient,0.0,18.0,0.0
2026-08-11 19:48:05,IA15_m-deepseek-coder-v2-lite_sol1_gd0_rs0_bd1_str-lenient_t00_n1,355,2,1,deepseek-ai/DeepSeek-Coder-V2-Lite-Instruct,1,0,1,0,lenient,0.0,12.0,0.0
2026-08-11 19:48:12,IA15_m-deepseek-coder-v2-lite_sol1_gd0_rs0_bd1_str-lenient_t00_n1,355,3,1,deepseek-ai/DeepSeek-Coder-V2-Lite-Instruct,1,0,1,0,lenient,0.0,17.0,0.0
2026-08-11 19:48:21,IA15_m-deepseek-coder-v2-lite_sol1_gd0_rs0_bd1_str-lenient_t00_n1,356,1,1,deepseek-ai/DeepSeek-Coder-V2-Lite-Instruct,1,0,1,0,lenient,0.0,18.0,0.0
2026-08-11 19:48:27,IA15_m-deepseek-coder-v2-lite_sol1_gd0_rs0_bd1_str-lenient_t00_n1,356,2,1,deepseek-ai/DeepSeek-Coder-V2-Lite-Instruct,1,0,1,0,lenient,0.0,12.0,0.0
2026-08-11 19:48:35,IA15_m-deepseek-coder-v2-lite_sol1_gd0_rs0_bd1_str-lenient_t00_n1,356,3,1,deepseek-ai/DeepSeek-Coder-V2-Lite-Instruct,1,0,1,0,lenient,0.0,16.0,0.0
2026-08-11 19:48:43,IA15_m-deepseek-coder-v2-lite_sol1_gd0_rs0_bd1_str-lenient_t00_n1,357,1,1,deepseek-ai/DeepSeek-Coder-V2-Lite-Instruct,1,0,1,0,lenient,0.0,18.0,0.0
2026-08-11 19:48:49,IA15_m-deepseek-coder-v2-lite_sol1_gd0_rs0_bd1_str-lenient_t00_n1,357,2,1,deepseek-ai/DeepSeek-Coder-V2-Lite-Instruct,1,0,1,0,lenient,0.0,12.0,0.0
2026-08-11 19:48:56,IA15_m-deepseek-coder-v2-lite_sol1_gd0_rs0_bd1_str-lenient_t00_n1,357,3,1,deepseek-ai/DeepSeek-Coder-V2-Lite-Instruct,1,0,1,0,lenient,0.0,17.0,0.0
2026-08-11 19:49:04,IA15_m-deepseek-coder-v2-lite_sol1_gd0_rs0_bd1_str-lenient_t00_n1,358,1,1,deepseek-ai/DeepSeek-Coder-V2-Lite-Instruct,1,0,1,0,lenient,0.0,20.0,0.0
2026-08-11 19:49:11,IA15_m-deepseek-coder-v2-lite_sol1_gd0_rs0_bd1_str-lenient_t00_n1,358,2,1,deepseek-ai/DeepSeek-Coder-V2-Lite-Instruct,1,0,1,0,lenient,0.0,12.0,0.0
2026-08-11 19:49:19,IA15_m-deepseek-coder-v2-lite_sol1_gd0_rs0_bd1_str-lenient_t00_n1,358,3,1,deepseek-ai/DeepSeek-Coder-V2-Lite-Instruct,1,0,1,0,lenient,0.0,17.0,0.0
2026-08-11 19:49:26,IA15_m-deepseek-coder-v2-lite_sol1_gd0_rs0_bd1_str-lenient_t00_n1,359,1,1,deepseek-ai/DeepSeek-Coder-V2-Lite-Instruct,1,0,1,0,lenient,0.0,18.0,0.0
2026-08-11 19:49:32,IA15_m-deepseek-coder-v2-lite_sol1_gd0_rs0_bd1_str-lenient_t00_n1,359,2,1,deepseek-ai/DeepSeek-Coder-V2-Lite-Instruct,1,0,1,0,lenient,0.0,13.0,0.0
2026-08-11 19:49:39,IA15_m-deepseek-coder-v2-lite_sol1_gd0_rs0_bd1_str-lenient_t00_n1,359,3,1,deepseek-ai/DeepSeek-Coder-V2-Lite-Instruct,1,0,1,0,lenient,0.0,17.0,0.0
2026-08-11 19:49:46,IA15_m-deepseek-coder-v2-lite_sol1_gd0_rs0_bd1_str-lenient_t00_n1,360,1,1,deepseek-ai/DeepSeek-Coder-V2-Lite-Instruct,1,0,1,0,lenient,0.0,18.0,0.0
2026-08-11 19:49:52,IA15_m-deepseek-coder-v2-lite_sol1_gd0_rs0_bd1_str-lenient_t00_n1,360,2,1,deepseek-ai/DeepSeek-Coder-V2-Lite-Instruct,1,0,1,0,lenient,0.0,12.0,0.0
2026-08-11 19:49:59,IA15_m-deepseek-coder-v2-lite_sol1_gd0_rs0_bd1_str-lenient_t00_n1,360,3,1,deepseek-ai/DeepSeek-Coder-V2-Lite-Instruct,1,0,1,0,lenient,0.0,14.0,0.0
2026-08-11 19:50:07,IA15_m-deepseek-coder-v2-lite_sol1_gd0_rs0_bd1_str-lenient_t00_n1,361,1,1,deepseek-ai/DeepSeek-Coder-V2-Lite-Instruct,1,0,1,0,lenient,0.0,15.0,0.0
2026-08-11 19:50:14,IA15_m-deepseek-coder-v2-lite_sol1_gd0_rs0_bd1_str-lenient_t00_n1,361,2,1,deepseek-ai/DeepSeek-Coder-V2-Lite-Instruct,1,0,1,0,lenient,0.0,13.0,0.0
2026-08-11 19:50:21,IA15_m-deepseek-coder-v2-lite_sol1_gd0_rs0_bd1_str-lenient_t00_n1,361,3,1,deepseek-ai/DeepSeek-Coder-V2-Lite-Instruct,1,0,1,0,lenient,0.0,14.0,0.0
2026-08-11 19:50:29,IA15_m-deepseek-coder-v2-lite_sol1_gd0_rs0_bd1_str-lenient_t00_n1,362,1,1,deepseek-ai/DeepSeek-Coder-V2-Lite-Instruct,1,0,1,0,lenient,0.0,18.0,0.0
2026-08-11 19:50:35,IA15_m-deepseek-coder-v2-lite_sol1_gd0_rs0_bd1_str-lenient_t00_n1,362,2,1,deepseek-ai/DeepSeek-Coder-V2-Lite-Instruct,1,0,1,0,lenient,0.0,12.0,0.0
2026-08-11 19:50:43,IA15_m-deepseek-coder-v2-lite_sol1_gd0_rs0_bd1_str-lenient_t00_n1,362,3,1,deepseek-ai/DeepSeek-Coder-V2-Lite-Instruct,1,0,1,0,lenient,0.0,17.0,0.0
2026-08-11 19:50:51,IA15_m-deepseek-coder-v2-lite_sol1_gd0_rs0_bd1_str-lenient_t00_n1,363,1,1,deepseek-ai/DeepSeek-Coder-V2-Lite-Instruct,1,0,1,0,lenient,0.0,18.0,0.0
2026-08-11 19:50:57,IA15_m-deepseek-coder-v2-lite_sol1_gd0_rs0_bd1_str-lenient_t00_n1,363,2,1,deepseek-ai/DeepSeek-Coder-V2-Lite-Instruct,1,0,1,0,lenient,0.0,12.0,0.0
2026-08-11 19:51:05,IA15_m-deepseek-coder-v2-lite_sol1_gd0_rs0_bd1_str-lenient_t00_n1,364,1,1,deepseek-ai/DeepSeek-Coder-V2-Lite-Instruct,1,0,1,0,lenient,0.0,15.0,0.0
2026-08-11 19:51:10,IA15_m-deepseek-coder-v2-lite_sol1_gd0_rs0_bd1_str-lenient_t00_n1,364,2,1,deepseek-ai/DeepSeek-Coder-V2-Lite-Instruct,1,0,1,0,lenient,0.0,12.0,0.0
2026-08-11 19:51:17,IA15_m-deepseek-coder-v2-lite_sol1_gd0_rs0_bd1_str-lenient_t00_n1,364,3,1,deepseek-ai/DeepSeek-Coder-V2-Lite-Instruct,1,0,1,0,lenient,0.0,16.0,0.0
2026-08-11 19:51:25,IA15_m-deepseek-coder-v2-lite_sol1_gd0_rs0_bd1_str-lenient_t00_n1,365,1,1,deepseek-ai/DeepSeek-Coder-V2-Lite-Instruct,1,0,1,0,lenient,0.0,18.0,0.0
2026-08-11 19:51:32,IA15_m-deepseek-coder-v2-lite_sol1_gd0_rs0_bd1_str-lenient_t00_n1,365,2,1,deepseek-ai/DeepSeek-Coder-V2-Lite-Instruct,1,0,1,0,lenient,0.0,12.0,0.0
2026-08-11 19:51:39,IA15_m-deepseek-coder-v2-lite_sol1_gd0_rs0_bd1_str-lenient_t00_n1,365,3,1,deepseek-ai/DeepSeek-Coder-V2-Lite-Instruct,1,0,1,0,lenient,0.0,16.0,0.0
2026-08-11 19:51:47,IA15_m-deepseek-coder-v2-lite_sol1_gd0_rs0_bd1_str-lenient_t00_n1,366,1,1,deepseek-ai/DeepSeek-Coder-V2-Lite-Instruct,1,0,1,0,lenient,0.0,18.0,0.0
2026-08-11 19:51:54,IA15_m-deepseek-coder-v2-lite_sol1_gd0_rs0_bd1_str-lenient_t00_n1,366,2,1,deepseek-ai/DeepSeek-Coder-V2-Lite-Instruct,1,0,1,0,lenient,0.0,12.0,0.0
2026-08-11 19:52:01,IA15_m-deepseek-coder-v2-lite_sol1_gd0_rs0_bd1_str-lenient_t00_n1,366,3,1,deepseek-ai/DeepSeek-Coder-V2-Lite-Instruct,1,0,1,0,lenient,0.0,16.0,0.0
2026-08-11 19:52:09,IA15_m-deepseek-coder-v2-lite_sol1_gd0_rs0_bd1_str-lenient_t00_n1,367,1,1,deepseek-ai/DeepSeek-Coder-V2-Lite-Instruct,1,0,1,0,lenient,0.0,18.0,0.0
2026-08-11 19:52:16,IA15_m-deepseek-coder-v2-lite_sol1_gd0_rs0_bd1_str-lenient_t00_n1,367,2,1,deepseek-ai/DeepSeek-Coder-V2-Lite-Instruct,1,0,1,0,lenient,0.0,13.0,0.0
2026-08-11 19:52:23,IA15_m-deepseek-coder-v2-lite_sol1_gd0_rs0_bd1_str-lenient_t00_n1,367,3,1,deepseek-ai/DeepSeek-Coder-V2-Lite-Instruct,1,0,1,0,lenient,0.0,17.0,0.0
2026-08-11 19:52:31,IA15_m-deepseek-coder-v2-lite_sol1_gd0_rs0_bd1_str-lenient_t00_n1,368,1,1,deepseek-ai/DeepSeek-Coder-V2-Lite-Instruct,1,0,1,0,lenient,0.0,18.0,0.0
2026-08-11 19:52:37,IA15_m-deepseek-coder-v2-lite_sol1_gd0_rs0_bd1_str-lenient_t00_n1,368,2,1,deepseek-ai/DeepSeek-Coder-V2-Lite-Instruct,1,0,1,0,lenient,0.0,12.0,0.0
2026-08-11 19:52:41,IA15_m-deepseek-coder-v2-lite_sol1_gd0_rs0_bd1_str-lenient_t00_n1,368,3,1,deepseek-ai/DeepSeek-Coder-V2-Lite-Instruct,1,0,1,0,lenient,0.0,16.0,0.0
2026-08-11 19:52:48,IA15_m-deepseek-coder-v2-lite_sol1_gd0_rs0_bd1_str-lenient_t00_n1,369,1,1,deepseek-ai/DeepSeek-Coder-V2-Lite-Instruct,1,0,1,0,lenient,0.0,18.0,0.0
2026-08-11 19:52:55,IA15_m-deepseek-coder-v2-lite_sol1_gd0_rs0_bd1_str-lenient_t00_n1,369,2,1,deepseek-ai/DeepSeek-Coder-V2-Lite-Instruct,1,0,1,0,lenient,0.0,12.0,0.0
2026-08-11 19:53:02,IA15_m-deepseek-coder-v2-lite_sol1_gd0_rs0_bd1_str-lenient_t00_n1,369,3,1,deepseek-ai/DeepSeek-Coder-V2-Lite-Instruct,1,0,1,0,lenient,0.0,16.0,0.0
2026-08-11 19:53:09,IA15_m-deepseek-coder-v2-lite_sol1_gd0_rs0_bd1_str-lenient_t00_n1,370,1,1,deepseek-ai/DeepSeek-Coder-V2-Lite-Instruct,1,0,1,0,lenient,0.0,18.0,0.0
2026-08-11 19:53:16,IA15_m-deepseek-coder-v2-lite_sol1_gd0_rs0_bd1_str-lenient_t00_n1,370,2,1,deepseek-ai/DeepSeek-Coder-V2-Lite-Instruct,1,0,1,0,lenient,0.0,13.0,0.0
2026-08-11 19:53:24,IA15_m-deepseek-coder-v2-lite_sol1_gd0_rs0_bd1_str-lenient_t00_n1,370,3,1,deepseek-ai/DeepSeek-Coder-V2-Lite-Instruct,1,0,1,0,lenient,0.0,16.0,0.0
2026-08-11 19:53:31,IA15_m-deepseek-coder-v2-lite_sol1_gd0_rs0_bd1_str-lenient_t00_n1,371,1,1,deepseek-ai/DeepSeek-Coder-V2-Lite-Instruct,1,0,1,0,lenient,0.0,21.0,0.0
2026-08-11 19:53:36,IA15_m-deepseek-coder-v2-lite_sol1_gd0_rs0_bd1_str-lenient_t00_n1,371,2,1,deepseek-ai/DeepSeek-Coder-V2-Lite-Instruct,1,0,1,0,lenient,0.0,12.0,0.0
2026-08-11 19:53:43,IA15_m-deepseek-coder-v2-lite_sol1_gd0_rs0_bd1_str-lenient_t00_n1,371,3,1,deepseek-ai/DeepSeek-Coder-V2-Lite-Instruct,1,0,1,0,lenient,0.0,17.0,0.0
2026-08-11 19:53:51,IA15_m-deepseek-coder-v2-lite_sol1_gd0_rs0_bd1_str-lenient_t00_n1,372,1,1,deepseek-ai/DeepSeek-Coder-V2-Lite-Instruct,1,0,1,0,lenient,0.0,18.0,0.0
2026-08-11 19:53:59,IA15_m-deepseek-coder-v2-lite_sol1_gd0_rs0_bd1_str-lenient_t00_n1,372,3,1,deepseek-ai/DeepSeek-Coder-V2-Lite-Instruct,1,0,1,0,lenient,0.0,14.0,0.0
2026-08-11 19:54:06,IA15_m-deepseek-coder-v2-lite_sol1_gd0_rs0_bd1_str-lenient_t00_n1,373,1,1,deepseek-ai/DeepSeek-Coder-V2-Lite-Instruct,1,0,1,0,lenient,0.0,18.0,0.0
2026-08-11 19:54:17,IA15_m-deepseek-coder-v2-lite_sol1_gd0_rs0_bd1_str-lenient_t00_n1,373,2,1,deepseek-ai/DeepSeek-Coder-V2-Lite-Instruct,1,0,1,0,lenient,0.0,12.0,0.0
2026-08-11 19:54:24,IA15_m-deepseek-coder-v2-lite_sol1_gd0_rs0_bd1_str-lenient_t00_n1,373,3,1,deepseek-ai/DeepSeek-Coder-V2-Lite-Instruct,1,0,1,0,lenient,0.0,17.0,0.0
2026-08-11 19:54:32,IA15_m-deepseek-coder-v2-lite_sol1_gd0_rs0_bd1_str-lenient_t00_n1,374,1,1,deepseek-ai/DeepSeek-Coder-V2-Lite-Instruct,1,0,1,0,lenient,0.0,21.0,0.0
2026-08-11 19:54:43,IA15_m-deepseek-coder-v2-lite_sol1_gd0_rs0_bd1_str-lenient_t00_n1,374,2,1,deepseek-ai/DeepSeek-Coder-V2-Lite-Instruct,1,0,1,0,lenient,0.0,12.0,0.0
2026-08-11 19:54:49,IA15_m-deepseek-coder-v2-lite_sol1_gd0_rs0_bd1_str-lenient_t00_n1,374,3,1,deepseek-ai/DeepSeek-Coder-V2-Lite-Instruct,1,0,1,0,lenient,0.0,16.0,0.0
2026-08-11 19:54:57,IA15_m-deepseek-coder-v2-lite_sol1_gd0_rs0_bd1_str-lenient_t00_n1,375,1,1,deepseek-ai/DeepSeek-Coder-V2-Lite-Instruct,1,0,1,0,lenient,0.0,18.0,0.0
2026-08-11 19:55:04,IA15_m-deepseek-coder-v2-lite_sol1_gd0_rs0_bd1_str-lenient_t00_n1,375,2,1,deepseek-ai/DeepSeek-Coder-V2-Lite-Instruct,1,0,1,0,lenient,0.0,12.0,0.0
2026-08-11 19:55:11,IA15_m-deepseek-coder-v2-lite_sol1_gd0_rs0_bd1_str-lenient_t00_n1,375,3,1,deepseek-ai/DeepSeek-Coder-V2-Lite-Instruct,1,0,1,0,lenient,0.0,16.0,0.0
2026-08-11 19:55:18,IA15_m-deepseek-coder-v2-lite_sol1_gd0_rs0_bd1_str-lenient_t00_n1,376,1,1,deepseek-ai/DeepSeek-Coder-V2-Lite-Instruct,1,0,1,0,lenient,0.0,18.0,0.0
2026-08-11 19:55:24,IA15_m-deepseek-coder-v2-lite_sol1_gd0_rs0_bd1_str-lenient_t00_n1,376,2,1,deepseek-ai/DeepSeek-Coder-V2-Lite-Instruct,1,0,1,0,lenient,0.0,12.0,0.0
2026-08-11 19:55:31,IA15_m-deepseek-coder-v2-lite_sol1_gd0_rs0_bd1_str-lenient_t00_n1,376,3,1,deepseek-ai/DeepSeek-Coder-V2-Lite-Instruct,1,0,1,0,lenient,0.0,16.0,0.0
2026-08-11 19:55:38,IA15_m-deepseek-coder-v2-lite_sol1_gd0_rs0_bd1_str-lenient_t00_n1,377,1,1,deepseek-ai/DeepSeek-Coder-V2-Lite-Instruct,1,0,1,0,lenient,0.0,18.0,0.0
2026-08-11 19:55:48,IA15_m-deepseek-coder-v2-lite_sol1_gd0_rs0_bd1_str-lenient_t00_n1,377,2,1,deepseek-ai/DeepSeek-Coder-V2-Lite-Instruct,1,0,1,0,lenient,0.0,12.0,0.0
2026-08-11 19:55:55,IA15_m-deepseek-coder-v2-lite_sol1_gd0_rs0_bd1_str-lenient_t00_n1,377,3,1,deepseek-ai/DeepSeek-Coder-V2-Lite-Instruct,1,0,1,0,lenient,0.0,14.0,0.0
2026-08-11 19:56:03,IA15_m-deepseek-coder-v2-lite_sol1_gd0_rs0_bd1_str-lenient_t00_n1,378,1,1,deepseek-ai/DeepSeek-Coder-V2-Lite-Instruct,1,0,1,0,lenient,0.0,18.0,0.0
2026-08-11 19:56:10,IA15_m-deepseek-coder-v2-lite_sol1_gd0_rs0_bd1_str-lenient_t00_n1,378,2,1,deepseek-ai/DeepSeek-Coder-V2-Lite-Instruct,1,0,1,0,lenient,0.0,12.0,0.0
2026-08-11 19:56:17,IA15_m-deepseek-coder-v2-lite_sol1_gd0_rs0_bd1_str-lenient_t00_n1,378,3,1,deepseek-ai/DeepSeek-Coder-V2-Lite-Instruct,1,0,1,0,lenient,0.0,17.0,0.0
2026-08-11 19:56:25,IA15_m-deepseek-coder-v2-lite_sol1_gd0_rs0_bd1_str-lenient_t00_n1,379,1,1,deepseek-ai/DeepSeek-Coder-V2-Lite-Instruct,1,0,1,0,lenient,0.0,18.0,0.0
2026-08-11 19:56:31,IA15_m-deepseek-coder-v2-lite_sol1_gd0_rs0_bd1_str-lenient_t00_n1,379,2,1,deepseek-ai/DeepSeek-Coder-V2-Lite-Instruct,1,0,1,0,lenient,0.0,12.0,0.0
2026-08-11 19:56:38,IA15_m-deepseek-coder-v2-lite_sol1_gd0_rs0_bd1_str-lenient_t00_n1,379,3,1,deepseek-ai/DeepSeek-Coder-V2-Lite-Instruct,1,0,1,0,lenient,0.0,17.0,0.0
2026-08-11 19:56:45,IA15_m-deepseek-coder-v2-lite_sol1_gd0_rs0_bd1_str-lenient_t00_n1,380,1,1,deepseek-ai/DeepSeek-Coder-V2-Lite-Instruct,1,0,1,0,lenient,0.0,18.0,0.0
2026-08-11 19:56:50,IA15_m-deepseek-coder-v2-lite_sol1_gd0_rs0_bd1_str-lenient_t00_n1,380,2,1,deepseek-ai/DeepSeek-Coder-V2-Lite-Instruct,1,0,1,0,lenient,0.0,12.0,0.0
2026-08-11 19:56:58,IA15_m-deepseek-coder-v2-lite_sol1_gd0_rs0_bd1_str-lenient_t00_n1,380,3,1,deepseek-ai/DeepSeek-Coder-V2-Lite-Instruct,1,0,1,0,lenient,0.0,14.0,0.0
2026-08-11 19:57:06,IA15_m-deepseek-coder-v2-lite_sol1_gd0_rs0_bd1_str-lenient_t00_n1,381,1,1,deepseek-ai/DeepSeek-Coder-V2-Lite-Instruct,1,0,1,0,lenient,0.0,18.0,0.0
2026-08-11 19:57:11,IA15_m-deepseek-coder-v2-lite_sol1_gd0_rs0_bd1_str-lenient_t00_n1,381,2,1,deepseek-ai/DeepSeek-Coder-V2-Lite-Instruct,1,0,1,0,lenient,0.0,12.0,0.0
2026-08-11 19:57:18,IA15_m-deepseek-coder-v2-lite_sol1_gd0_rs0_bd1_str-lenient_t00_n1,381,3,1,deepseek-ai/DeepSeek-Coder-V2-Lite-Instruct,1,0,1,0,lenient,0.0,14.0,0.0
2026-08-11 19:57:25,IA15_m-deepseek-coder-v2-lite_sol1_gd0_rs0_bd1_str-lenient_t00_n1,382,1,1,deepseek-ai/DeepSeek-Coder-V2-Lite-Instruct,1,0,1,0,lenient,0.0,15.0,0.0
2026-08-11 19:57:32,IA15_m-deepseek-coder-v2-lite_sol1_gd0_rs0_bd1_str-lenient_t00_n1,382,2,1,deepseek-ai/DeepSeek-Coder-V2-Lite-Instruct,1,0,1,0,lenient,0.0,12.0,0.0
2026-08-11 19:57:38,IA15_m-deepseek-coder-v2-lite_sol1_gd0_rs0_bd1_str-lenient_t00_n1,382,3,1,deepseek-ai/DeepSeek-Coder-V2-Lite-Instruct,1,0,1,0,lenient,0.0,16.0,0.0
2026-08-11 19:57:47,IA15_m-deepseek-coder-v2-lite_sol1_gd0_rs0_bd1_str-lenient_t00_n1,383,1,1,deepseek-ai/DeepSeek-Coder-V2-Lite-Instruct,1,0,1,0,lenient,0.0,18.0,0.0
2026-08-11 19:57:54,IA15_m-deepseek-coder-v2-lite_sol1_gd0_rs0_bd1_str-lenient_t00_n1,383,2,1,deepseek-ai/DeepSeek-Coder-V2-Lite-Instruct,1,0,1,0,lenient,0.0,12.0,0.0
2026-08-11 19:58:01,IA15_m-deepseek-coder-v2-lite_sol1_gd0_rs0_bd1_str-lenient_t00_n1,383,3,1,deepseek-ai/DeepSeek-Coder-V2-Lite-Instruct,1,0,1,0,lenient,0.0,16.0,0.0
2026-08-11 19:58:09,IA15_m-deepseek-coder-v2-lite_sol1_gd0_rs0_bd1_str-lenient_t00_n1,384,1,1,deepseek-ai/DeepSeek-Coder-V2-Lite-Instruct,1,0,1,0,lenient,0.0,18.0,0.0
2026-08-11 19:58:16,IA15_m-deepseek-coder-v2-lite_sol1_gd0_rs0_bd1_str-lenient_t00_n1,384,2,1,deepseek-ai/DeepSeek-Coder-V2-Lite-Instruct,1,0,1,0,lenient,0.0,13.0,0.0
2026-08-11 19:58:23,IA15_m-deepseek-coder-v2-lite_sol1_gd0_rs0_bd1_str-lenient_t00_n1,384,3,1,deepseek-ai/DeepSeek-Coder-V2-Lite-Instruct,1,0,1,0,lenient,0.0,17.0,0.0
2026-08-11 19:58:31,IA15_m-deepseek-coder-v2-lite_sol1_gd0_rs0_bd1_str-lenient_t00_n1,385,1,1,deepseek-ai/DeepSeek-Coder-V2-Lite-Instruct,1,0,1,0,lenient,0.0,18.0,0.0
2026-08-11 19:58:37,IA15_m-deepseek-coder-v2-lite_sol1_gd0_rs0_bd1_str-lenient_t00_n1,385,2,1,deepseek-ai/DeepSeek-Coder-V2-Lite-Instruct,1,0,1,0,lenient,0.0,12.0,0.0
2026-08-11 19:58:41,IA15_m-deepseek-coder-v2-lite_sol1_gd0_rs0_bd1_str-lenient_t00_n1,385,3,1,deepseek-ai/DeepSeek-Coder-V2-Lite-Instruct,1,0,1,0,lenient,0.0,17.0,0.0
2026-08-11 19:58:49,IA15_m-deepseek-coder-v2-lite_sol1_gd0_rs0_bd1_str-lenient_t00_n1,386,1,1,deepseek-ai/DeepSeek-Coder-V2-Lite-Instruct,1,0,1,0,lenient,0.0,18.0,0.0
2026-08-11 19:58:55,IA15_m-deepseek-coder-v2-lite_sol1_gd0_rs0_bd1_str-lenient_t00_n1,386,2,1,deepseek-ai/DeepSeek-Coder-V2-Lite-Instruct,1,0,1,0,lenient,0.0,13.0,0.0
2026-08-11 19:59:02,IA15_m-deepseek-coder-v2-lite_sol1_gd0_rs0_bd1_str-lenient_t00_n1,386,3,1,deepseek-ai/DeepSeek-Coder-V2-Lite-Instruct,1,0,1,0,lenient,0.0,16.0,0.0
2026-08-11 19:59:11,IA15_m-deepseek-coder-v2-lite_sol1_gd0_rs0_bd1_str-lenient_t00_n1,387,1,1,deepseek-ai/DeepSeek-Coder-V2-Lite-Instruct,1,0,1,0,lenient,0.0,18.0,0.0
2026-08-11 19:59:18,IA15_m-deepseek-coder-v2-lite_sol1_gd0_rs0_bd1_str-lenient_t00_n1,387,2,1,deepseek-ai/DeepSeek-Coder-V2-Lite-Instruct,1,0,1,0,lenient,0.0,13.0,0.0
2026-08-11 19:59:25,IA15_m-deepseek-coder-v2-lite_sol1_gd0_rs0_bd1_str-lenient_t00_n1,387,3,1,deepseek-ai/DeepSeek-Coder-V2-Lite-Instruct,1,0,1,0,lenient,0.0,16.0,0.0
2026-08-11 19:59:32,IA15_m-deepseek-coder-v2-lite_sol1_gd0_rs0_bd1_str-lenient_t00_n1,388,1,1,deepseek-ai/DeepSeek-Coder-V2-Lite-Instruct,1,0,1,0,lenient,0.0,18.0,0.0
2026-08-11 19:59:38,IA15_m-deepseek-coder-v2-lite_sol1_gd0_rs0_bd1_str-lenient_t00_n1,388,2,1,deepseek-ai/DeepSeek-Coder-V2-Lite-Instruct,1,0,1,0,lenient,0.0,12.0,0.0
2026-08-11 19:59:45,IA15_m-deepseek-coder-v2-lite_sol1_gd0_rs0_bd1_str-lenient_t00_n1,388,3,1,deepseek-ai/DeepSeek-Coder-V2-Lite-Instruct,1,0,1,0,lenient,0.0,14.0,0.0
2026-08-11 19:59:53,IA15_m-deepseek-coder-v2-lite_sol1_gd0_rs0_bd1_str-lenient_t00_n1,389,1,1,deepseek-ai/DeepSeek-Coder-V2-Lite-Instruct,1,0,1,0,lenient,0.0,18.0,0.0
2026-08-11 20:00:00,IA15_m-deepseek-coder-v2-lite_sol1_gd0_rs0_bd1_str-lenient_t00_n1,389,2,1,deepseek-ai/DeepSeek-Coder-V2-Lite-Instruct,1,0,1,0,lenient,0.0,13.0,0.0
2026-08-11 20:00:07,IA15_m-deepseek-coder-v2-lite_sol1_gd0_rs0_bd1_str-lenient_t00_n1,389,3,1,deepseek-ai/DeepSeek-Coder-V2-Lite-Instruct,1,0,1,0,lenient,0.0,17.0,0.0
2026-08-11 20:00:14,IA15_m-deepseek-coder-v2-lite_sol1_gd0_rs0_bd1_str-lenient_t00_n1,390,1,1,deepseek-ai/DeepSeek-Coder-V2-Lite-Instruct,1,0,1,0,lenient,0.0,18.0,0.0
2026-08-11 20:00:21,IA15_m-deepseek-coder-v2-lite_sol1_gd0_rs0_bd1_str-lenient_t00_n1,390,2,1,deepseek-ai/DeepSeek-Coder-V2-Lite-Instruct,1,0,1,0,lenient,0.0,12.0,0.0
2026-08-11 20:00:28,IA15_m-deepseek-coder-v2-lite_sol1_gd0_rs0_bd1_str-lenient_t00_n1,390,3,1,deepseek-ai/DeepSeek-Coder-V2-Lite-Instruct,1,0,1,0,lenient,0.0,14.0,0.0
2026-08-11 20:00:36,IA15_m-deepseek-coder-v2-lite_sol1_gd0_rs0_bd1_str-lenient_t00_n1,391,1,1,deepseek-ai/DeepSeek-Coder-V2-Lite-Instruct,1,0,1,0,lenient,0.0,18.0,0.0
2026-08-11 20:00:42,IA15_m-deepseek-coder-v2-lite_sol1_gd0_rs0_bd1_str-lenient_t00_n1,391,2,1,deepseek-ai/DeepSeek-Coder-V2-Lite-Instruct,1,0,1,0,lenient,0.0,12.0,0.0
2026-08-11 20:00:49,IA15_m-deepseek-coder-v2-lite_sol1_gd0_rs0_bd1_str-lenient_t00_n1,391,3,1,deepseek-ai/DeepSeek-Coder-V2-Lite-Instruct,1,0,1,0,lenient,0.0,14.0,0.0
2026-08-11 20:00:56,IA15_m-deepseek-coder-v2-lite_sol1_gd0_rs0_bd1_str-lenient_t00_n1,392,1,1,deepseek-ai/DeepSeek-Coder-V2-Lite-Instruct,1,0,1,0,lenient,0.0,18.0,0.0
2026-08-11 20:01:03,IA15_m-deepseek-coder-v2-lite_sol1_gd0_rs0_bd1_str-lenient_t00_n1,392,2,1,deepseek-ai/DeepSeek-Coder-V2-Lite-Instruct,1,0,1,0,lenient,0.0,12.0,0.0
2026-08-11 20:01:10,IA15_m-deepseek-coder-v2-lite_sol1_gd0_rs0_bd1_str-lenient_t00_n1,392,3,1,deepseek-ai/DeepSeek-Coder-V2-Lite-Instruct,1,0,1,0,lenient,0.0,15.0,0.0
2026-08-11 20:01:18,IA15_m-deepseek-coder-v2-lite_sol1_gd0_rs0_bd1_str-lenient_t00_n1,393,1,1,deepseek-ai/DeepSeek-Coder-V2-Lite-Instruct,1,0,1,0,lenient,0.0,15.0,0.0
2026-08-11 20:01:23,IA15_m-deepseek-coder-v2-lite_sol1_gd0_rs0_bd1_str-lenient_t00_n1,393,2,1,deepseek-ai/DeepSeek-Coder-V2-Lite-Instruct,1,0,1,0,lenient,0.0,12.0,0.0
2026-08-11 20:01:30,IA15_m-deepseek-coder-v2-lite_sol1_gd0_rs0_bd1_str-lenient_t00_n1,393,3,1,deepseek-ai/DeepSeek-Coder-V2-Lite-Instruct,1,0,1,0,lenient,0.0,16.0,0.0
2026-08-11 20:01:37,IA15_m-deepseek-coder-v2-lite_sol1_gd0_rs0_bd1_str-lenient_t00_n1,394,1,1,deepseek-ai/DeepSeek-Coder-V2-Lite-Instruct,1,0,1,0,lenient,0.0,18.0,0.0
2026-08-11 20:01:43,IA15_m-deepseek-coder-v2-lite_sol1_gd0_rs0_bd1_str-lenient_t00_n1,394,2,1,deepseek-ai/DeepSeek-Coder-V2-Lite-Instruct,1,0,1,0,lenient,0.0,12.0,0.0
2026-08-11 20:01:51,IA15_m-deepseek-coder-v2-lite_sol1_gd0_rs0_bd1_str-lenient_t00_n1,394,3,1,deepseek-ai/DeepSeek-Coder-V2-Lite-Instruct,1,0,1,0,lenient,0.0,14.0,0.0
2026-08-11 20:01:59,IA15_m-deepseek-coder-v2-lite_sol1_gd0_rs0_bd1_str-lenient_t00_n1,395,1,1,deepseek-ai/DeepSeek-Coder-V2-Lite-Instruct,1,0,1,0,lenient,0.0,18.0,0.0
2026-08-11 20:02:04,IA15_m-deepseek-coder-v2-lite_sol1_gd0_rs0_bd1_str-lenient_t00_n1,395,2,1,deepseek-ai/DeepSeek-Coder-V2-Lite-Instruct,1,0,1,0,lenient,0.0,12.0,0.0
2026-08-11 20:02:11,IA15_m-deepseek-coder-v2-lite_sol1_gd0_rs0_bd1_str-lenient_t00_n1,395,3,1,deepseek-ai/DeepSeek-Coder-V2-Lite-Instruct,1,0,1,0,lenient,0.0,14.0,0.0
2026-08-11 20:02:19,IA15_m-deepseek-coder-v2-lite_sol1_gd0_rs0_bd1_str-lenient_t00_n1,396,1,1,deepseek-ai/DeepSeek-Coder-V2-Lite-Instruct,1,0,1,0,lenient,0.0,18.0,0.0
2026-08-11 20:02:25,IA15_m-deepseek-coder-v2-lite_sol1_gd0_rs0_bd1_str-lenient_t00_n1,396,2,1,deepseek-ai/DeepSeek-Coder-V2-Lite-Instruct,1,0,1,0,lenient,0.0,12.0,0.0
2026-08-11 20:02:32,IA15_m-deepseek-coder-v2-lite_sol1_gd0_rs0_bd1_str-lenient_t00_n1,396,3,1,deepseek-ai/DeepSeek-Coder-V2-Lite-Instruct,1,0,1,0,lenient,0.0,14.0,0.0
2026-08-11 20:02:40,IA15_m-deepseek-coder-v2-lite_sol1_gd0_rs0_bd1_str-lenient_t00_n1,397,1,1,deepseek-ai/DeepSeek-Coder-V2-Lite-Instruct,1,0,1,0,lenient,0.0,18.0,0.0
2026-08-11 20:02:46,IA15_m-deepseek-coder-v2-lite_sol1_gd0_rs0_bd1_str-lenient_t00_n1,397,2,1,deepseek-ai/DeepSeek-Coder-V2-Lite-Instruct,1,0,1,0,lenient,0.0,12.0,0.0
2026-08-11 20:02:54,IA15_m-deepseek-coder-v2-lite_sol1_gd0_rs0_bd1_str-lenient_t00_n1,397,3,1,deepseek-ai/DeepSeek-Coder-V2-Lite-Instruct,1,0,1,0,lenient,0.0,16.0,0.0
2026-08-11 20:03:01,IA15_m-deepseek-coder-v2-lite_sol1_gd0_rs0_bd1_str-lenient_t00_n1,398,1,1,deepseek-ai/DeepSeek-Coder-V2-Lite-Instruct,1,0,1,0,lenient,0.0,18.0,0.0
2026-08-11 20:03:08,IA15_m-deepseek-coder-v2-lite_sol1_gd0_rs0_bd1_str-lenient_t00_n1,398,2,1,deepseek-ai/DeepSeek-Coder-V2-Lite-Instruct,1,0,1,0,lenient,0.0,12.0,0.0
2026-08-11 20:03:16,IA15_m-deepseek-coder-v2-lite_sol1_gd0_rs0_bd1_str-lenient_t00_n1,398,3,1,deepseek-ai/DeepSeek-Coder-V2-Lite-Instruct,1,0,1,0,lenient,0.0,14.0,0.0
2026-08-11 20:03:23,IA15_m-deepseek-coder-v2-lite_sol1_gd0_rs0_bd1_str-lenient_t00_n1,399,1,1,deepseek-ai/DeepSeek-Coder-V2-Lite-Instruct,1,0,1,0,lenient,0.0,18.0,0.0
2026-08-11 20:03:30,IA15_m-deepseek-coder-v2-lite_sol1_gd0_rs0_bd1_str-lenient_t00_n1,399,2,1,deepseek-ai/DeepSeek-Coder-V2-Lite-Instruct,1,0,1,0,lenient,0.0,12.0,0.0
2026-08-11 20:03:39,IA15_m-deepseek-coder-v2-lite_sol1_gd0_rs0_bd1_str-lenient_t00_n1,399,3,1,deepseek-ai/DeepSeek-Coder-V2-Lite-Instruct,1,0,1,0,lenient,0.0,17.0,0.0
2026-08-11 20:03:46,IA15_m-deepseek-coder-v2-lite_sol1_gd0_rs0_bd1_str-lenient_t00_n1,400,1,1,deepseek-ai/DeepSeek-Coder-V2-Lite-Instruct,1,0,1,0,lenient,0.0,18.0,0.0
2026-08-11 20:03:53,IA15_m-deepseek-coder-v2-lite_sol1_gd0_rs0_bd1_str-lenient_t00_n1,400,2,1,deepseek-ai/DeepSeek-Coder-V2-Lite-Instruct,1,0,1,0,lenient,0.0,13.0,0.0
2026-08-11 20:04:00,IA15_m-deepseek-coder-v2-lite_sol1_gd0_rs0_bd1_str-lenient_t00_n1,400,3,1,deepseek-ai/DeepSeek-Coder-V2-Lite-Instruct,1,0,1,0,lenient,0.0,14.0,0.0
2026-08-11 20:04:08,IA15_m-deepseek-coder-v2-lite_sol1_gd0_rs0_bd1_str-lenient_t00_n1,401,1,1,deepseek-ai/DeepSeek-Coder-V2-Lite-Instruct,1,0,1,0,lenient,0.0,15.0,0.0
2026-08-11 20:04:16,IA15_m-deepseek-coder-v2-lite_sol1_gd0_rs0_bd1_str-lenient_t00_n1,402,1,1,deepseek-ai/DeepSeek-Coder-V2-Lite-Instruct,1,0,1,0,lenient,0.0,18.0,0.0
2026-08-11 20:04:23,IA15_m-deepseek-coder-v2-lite_sol1_gd0_rs0_bd1_str-lenient_t00_n1,402,2,1,deepseek-ai/DeepSeek-Coder-V2-Lite-Instruct,1,0,1,0,lenient,0.0,13.0,0.0
2026-08-11 20:04:31,IA15_m-deepseek-coder-v2-lite_sol1_gd0_rs0_bd1_str-lenient_t00_n1,402,3,1,deepseek-ai/DeepSeek-Coder-V2-Lite-Instruct,1,0,1,0,lenient,0.0,17.0,0.0
2026-08-11 20:04:38,IA15_m-deepseek-coder-v2-lite_sol1_gd0_rs0_bd1_str-lenient_t00_n1,403,1,1,deepseek-ai/DeepSeek-Coder-V2-Lite-Instruct,1,0,1,0,lenient,0.0,18.0,0.0
2026-08-11 20:04:45,IA15_m-deepseek-coder-v2-lite_sol1_gd0_rs0_bd1_str-lenient_t00_n1,403,2,1,deepseek-ai/DeepSeek-Coder-V2-Lite-Instruct,1,0,1,0,lenient,0.0,12.0,0.0
2026-08-11 20:04:52,IA15_m-deepseek-coder-v2-lite_sol1_gd0_rs0_bd1_str-lenient_t00_n1,403,3,1,deepseek-ai/DeepSeek-Coder-V2-Lite-Instruct,1,0,1,0,lenient,0.0,14.0,0.0
2026-08-11 20:05:01,IA15_m-deepseek-coder-v2-lite_sol1_gd0_rs0_bd1_str-lenient_t00_n1,404,1,1,deepseek-ai/DeepSeek-Coder-V2-Lite-Instruct,1,0,1,0,lenient,0.0,20.0,0.0
2026-08-11 20:05:08,IA15_m-deepseek-coder-v2-lite_sol1_gd0_rs0_bd1_str-lenient_t00_n1,404,2,1,deepseek-ai/DeepSeek-Coder-V2-Lite-Instruct,1,0,1,0,lenient,0.0,13.0,0.0
2026-08-11 20:05:14,IA15_m-deepseek-coder-v2-lite_sol1_gd0_rs0_bd1_str-lenient_t00_n1,404,3,1,deepseek-ai/DeepSeek-Coder-V2-Lite-Instruct,1,0,1,0,lenient,0.0,16.0,0.0
2026-08-11 20:05:22,IA15_m-deepseek-coder-v2-lite_sol1_gd0_rs0_bd1_str-lenient_t00_n1,405,1,1,deepseek-ai/DeepSeek-Coder-V2-Lite-Instruct,1,0,1,0,lenient,0.0,18.0,0.0
2026-08-11 20:05:29,IA15_m-deepseek-coder-v2-lite_sol1_gd0_rs0_bd1_str-lenient_t00_n1,405,2,1,deepseek-ai/DeepSeek-Coder-V2-Lite-Instruct,1,0,1,0,lenient,0.0,12.0,0.0
2026-08-11 20:05:37,IA15_m-deepseek-coder-v2-lite_sol1_gd0_rs0_bd1_str-lenient_t00_n1,405,3,1,deepseek-ai/DeepSeek-Coder-V2-Lite-Instruct,1,0,1,0,lenient,0.0,17.0,0.0
2026-08-11 20:05:46,IA15_m-deepseek-coder-v2-lite_sol1_gd0_rs0_bd1_str-lenient_t00_n1,406,1,1,deepseek-ai/DeepSeek-Coder-V2-Lite-Instruct,1,0,1,0,lenient,0.0,20.0,0.0
2026-08-11 20:05:52,IA15_m-deepseek-coder-v2-lite_sol1_gd0_rs0_bd1_str-lenient_t00_n1,406,2,1,deepseek-ai/DeepSeek-Coder-V2-Lite-Instruct,1,0,1,0,lenient,0.0,13.0,0.0
2026-08-11 20:06:01,IA15_m-deepseek-coder-v2-lite_sol1_gd0_rs0_bd1_str-lenient_t00_n1,406,3,1,deepseek-ai/DeepSeek-Coder-V2-Lite-Instruct,1,0,1,0,lenient,0.0,17.0,0.0
2026-08-11 20:06:10,IA15_m-deepseek-coder-v2-lite_sol1_gd0_rs0_bd1_str-lenient_t00_n1,407,1,1,deepseek-ai/DeepSeek-Coder-V2-Lite-Instruct,1,0,1,0,lenient,0.0,21.0,2.0
2026-08-11 20:06:16,IA15_m-deepseek-coder-v2-lite_sol1_gd0_rs0_bd1_str-lenient_t00_n1,407,2,1,deepseek-ai/DeepSeek-Coder-V2-Lite-Instruct,1,0,1,0,lenient,0.0,13.0,0.0
2026-08-11 20:06:25,IA15_m-deepseek-coder-v2-lite_sol1_gd0_rs0_bd1_str-lenient_t00_n1,407,3,1,deepseek-ai/DeepSeek-Coder-V2-Lite-Instruct,1,0,1,0,lenient,0.0,18.0,2.0
2026-08-11 20:06:32,IA15_m-deepseek-coder-v2-lite_sol1_gd0_rs0_bd1_str-lenient_t00_n1,408,1,1,deepseek-ai/DeepSeek-Coder-V2-Lite-Instruct,1,0,1,0,lenient,0.0,18.0,0.0
2026-08-11 20:06:39,IA15_m-deepseek-coder-v2-lite_sol1_gd0_rs0_bd1_str-lenient_t00_n1,408,2,1,deepseek-ai/DeepSeek-Coder-V2-Lite-Instruct,1,0,1,0,lenient,0.0,13.0,0.0
2026-08-11 20:06:48,IA15_m-deepseek-coder-v2-lite_sol1_gd0_rs0_bd1_str-lenient_t00_n1,408,3,1,deepseek-ai/DeepSeek-Coder-V2-Lite-Instruct,1,0,1,0,lenient,0.0,16.0,0.0
2026-08-11 20:06:55,IA15_m-deepseek-coder-v2-lite_sol1_gd0_rs0_bd1_str-lenient_t00_n1,409,1,1,deepseek-ai/DeepSeek-Coder-V2-Lite-Instruct,1,0,1,0,lenient,0.0,18.0,0.0
2026-08-11 20:07:03,IA15_m-deepseek-coder-v2-lite_sol1_gd0_rs0_bd1_str-lenient_t00_n1,409,2,1,deepseek-ai/DeepSeek-Coder-V2-Lite-Instruct,1,0,1,0,lenient,0.0,12.0,0.0
2026-08-11 20:07:10,IA15_m-deepseek-coder-v2-lite_sol1_gd0_rs0_bd1_str-lenient_t00_n1,409,3,1,deepseek-ai/DeepSeek-Coder-V2-Lite-Instruct,1,0,1,0,lenient,0.0,14.0,0.0
2026-08-11 20:07:17,IA15_m-deepseek-coder-v2-lite_sol1_gd0_rs0_bd1_str-lenient_t00_n1,410,1,1,deepseek-ai/DeepSeek-Coder-V2-Lite-Instruct,1,0,1,0,lenient,0.0,18.0,0.0
2026-08-11 20:07:23,IA15_m-deepseek-coder-v2-lite_sol1_gd0_rs0_bd1_str-lenient_t00_n1,410,2,1,deepseek-ai/DeepSeek-Coder-V2-Lite-Instruct,1,0,1,0,lenient,0.0,12.0,0.0
2026-08-11 20:07:26,IA15_m-deepseek-coder-v2-lite_sol1_gd0_rs0_bd1_str-lenient_t00_n1,410,3,1,deepseek-ai/DeepSeek-Coder-V2-Lite-Instruct,1,0,1,0,lenient,0.0,14.0,0.0
2026-08-11 20:07:34,IA15_m-deepseek-coder-v2-lite_sol1_gd0_rs0_bd1_str-lenient_t00_n1,411,1,1,deepseek-ai/DeepSeek-Coder-V2-Lite-Instruct,1,0,1,0,lenient,0.0,18.0,0.0
2026-08-11 20:07:41,IA15_m-deepseek-coder-v2-lite_sol1_gd0_rs0_bd1_str-lenient_t00_n1,411,2,1,deepseek-ai/DeepSeek-Coder-V2-Lite-Instruct,1,0,1,0,lenient,0.0,12.0,0.0
2026-08-11 20:07:49,IA15_m-deepseek-coder-v2-lite_sol1_gd0_rs0_bd1_str-lenient_t00_n1,411,3,1,deepseek-ai/DeepSeek-Coder-V2-Lite-Instruct,1,0,1,0,lenient,0.0,16.0,0.0
2026-08-11 20:07:57,IA15_m-deepseek-coder-v2-lite_sol1_gd0_rs0_bd1_str-lenient_t00_n1,412,1,1,deepseek-ai/DeepSeek-Coder-V2-Lite-Instruct,1,0,1,0,lenient,0.0,18.0,0.0
2026-08-11 20:08:05,IA15_m-deepseek-coder-v2-lite_sol1_gd0_rs0_bd1_str-lenient_t00_n1,412,3,1,deepseek-ai/DeepSeek-Coder-V2-Lite-Instruct,1,0,1,0,lenient,0.0,16.0,0.0
2026-08-11 20:08:13,IA15_m-deepseek-coder-v2-lite_sol1_gd0_rs0_bd1_str-lenient_t00_n1,413,1,1,deepseek-ai/DeepSeek-Coder-V2-Lite-Instruct,1,0,1,0,lenient,0.0,18.0,0.0
2026-08-11 20:08:20,IA15_m-deepseek-coder-v2-lite_sol1_gd0_rs0_bd1_str-lenient_t00_n1,413,2,1,deepseek-ai/DeepSeek-Coder-V2-Lite-Instruct,1,0,1,0,lenient,0.0,12.0,0.0
2026-08-11 20:08:26,IA15_m-deepseek-coder-v2-lite_sol1_gd0_rs0_bd1_str-lenient_t00_n1,413,3,1,deepseek-ai/DeepSeek-Coder-V2-Lite-Instruct,1,0,1,0,lenient,0.0,17.0,0.0
2026-08-11 20:08:34,IA15_m-deepseek-coder-v2-lite_sol1_gd0_rs0_bd1_str-lenient_t00_n1,414,1,1,deepseek-ai/DeepSeek-Coder-V2-Lite-Instruct,1,0,1,0,lenient,0.0,15.0,0.0
2026-08-11 20:08:41,IA15_m-deepseek-coder-v2-lite_sol1_gd0_rs0_bd1_str-lenient_t00_n1,414,2,1,deepseek-ai/DeepSeek-Coder-V2-Lite-Instruct,1,0,1,0,lenient,0.0,12.0,0.0
2026-08-11 20:08:48,IA15_m-deepseek-coder-v2-lite_sol1_gd0_rs0_bd1_str-lenient_t00_n1,414,3,1,deepseek-ai/DeepSeek-Coder-V2-Lite-Instruct,1,0,1,0,lenient,0.0,14.0,0.0
2026-08-11 20:08:57,IA15_m-deepseek-coder-v2-lite_sol1_gd0_rs0_bd1_str-lenient_t00_n1,415,1,1,deepseek-ai/DeepSeek-Coder-V2-Lite-Instruct,1,0,1,0,lenient,0.0,21.0,2.0
2026-08-11 20:09:04,IA15_m-deepseek-coder-v2-lite_sol1_gd0_rs0_bd1_str-lenient_t00_n1,415,2,1,deepseek-ai/DeepSeek-Coder-V2-Lite-Instruct,1,0,1,0,lenient,0.0,13.0,0.0
2026-08-11 20:09:11,IA15_m-deepseek-coder-v2-lite_sol1_gd0_rs0_bd1_str-lenient_t00_n1,415,3,1,deepseek-ai/DeepSeek-Coder-V2-Lite-Instruct,1,0,1,0,lenient,0.0,17.0,0.0
2026-08-11 20:09:19,IA15_m-deepseek-coder-v2-lite_sol1_gd0_rs0_bd1_str-lenient_t00_n1,416,1,1,deepseek-ai/DeepSeek-Coder-V2-Lite-Instruct,1,0,1,0,lenient,0.0,18.0,0.0
2026-08-11 20:09:26,IA15_m-deepseek-coder-v2-lite_sol1_gd0_rs0_bd1_str-lenient_t00_n1,416,2,1,deepseek-ai/DeepSeek-Coder-V2-Lite-Instruct,1,0,1,0,lenient,0.0,12.0,0.0
2026-08-11 20:09:33,IA15_m-deepseek-coder-v2-lite_sol1_gd0_rs0_bd1_str-lenient_t00_n1,416,3,1,deepseek-ai/DeepSeek-Coder-V2-Lite-Instruct,1,0,1,0,lenient,0.0,14.0,0.0
2026-08-11 20:09:42,IA15_m-deepseek-coder-v2-lite_sol1_gd0_rs0_bd1_str-lenient_t00_n1,417,1,1,deepseek-ai/DeepSeek-Coder-V2-Lite-Instruct,1,0,1,0,lenient,0.0,20.0,0.0
2026-08-11 20:09:49,IA15_m-deepseek-coder-v2-lite_sol1_gd0_rs0_bd1_str-lenient_t00_n1,417,2,1,deepseek-ai/DeepSeek-Coder-V2-Lite-Instruct,1,0,1,0,lenient,0.0,13.0,0.0
2026-08-11 20:09:56,IA15_m-deepseek-coder-v2-lite_sol1_gd0_rs0_bd1_str-lenient_t00_n1,417,3,1,deepseek-ai/DeepSeek-Coder-V2-Lite-Instruct,1,0,1,0,lenient,0.0,17.0,0.0
2026-08-11 20:10:04,IA15_m-deepseek-coder-v2-lite_sol1_gd0_rs0_bd1_str-lenient_t00_n1,418,1,1,deepseek-ai/DeepSeek-Coder-V2-Lite-Instruct,1,0,1,0,lenient,0.0,18.0,0.0
2026-08-11 20:10:11,IA15_m-deepseek-coder-v2-lite_sol1_gd0_rs0_bd1_str-lenient_t00_n1,418,2,1,deepseek-ai/DeepSeek-Coder-V2-Lite-Instruct,1,0,1,0,lenient,0.0,12.0,0.0
2026-08-11 20:10:18,IA15_m-deepseek-coder-v2-lite_sol1_gd0_rs0_bd1_str-lenient_t00_n1,418,3,1,deepseek-ai/DeepSeek-Coder-V2-Lite-Instruct,1,0,1,0,lenient,0.0,17.0,0.0
2026-08-11 20:10:25,IA15_m-deepseek-coder-v2-lite_sol1_gd0_rs0_bd1_str-lenient_t00_n1,419,1,1,deepseek-ai/DeepSeek-Coder-V2-Lite-Instruct,1,0,1,0,lenient,0.0,18.0,0.0
2026-08-11 20:10:32,IA15_m-deepseek-coder-v2-lite_sol1_gd0_rs0_bd1_str-lenient_t00_n1,419,2,1,deepseek-ai/DeepSeek-Coder-V2-Lite-Instruct,1,0,1,0,lenient,0.0,13.0,0.0
2026-08-11 20:10:39,IA15_m-deepseek-coder-v2-lite_sol1_gd0_rs0_bd1_str-lenient_t00_n1,419,3,1,deepseek-ai/DeepSeek-Coder-V2-Lite-Instruct,1,0,1,0,lenient,0.0,16.0,0.0
2026-08-11 20:10:47,IA15_m-deepseek-coder-v2-lite_sol1_gd0_rs0_bd1_str-lenient_t00_n1,420,1,1,deepseek-ai/DeepSeek-Coder-V2-Lite-Instruct,1,0,1,0,lenient,0.0,18.0,0.0
2026-08-11 20:10:53,IA15_m-deepseek-coder-v2-lite_sol1_gd0_rs0_bd1_str-lenient_t00_n1,420,2,1,deepseek-ai/DeepSeek-Coder-V2-Lite-Instruct,1,0,1,0,lenient,0.0,12.0,0.0
2026-08-11 20:11:02,IA15_m-deepseek-coder-v2-lite_sol1_gd0_rs0_bd1_str-lenient_t00_n1,420,3,1,deepseek-ai/DeepSeek-Coder-V2-Lite-Instruct,1,0,1,0,lenient,0.0,17.0,0.0
2026-08-11 20:11:10,IA15_m-deepseek-coder-v2-lite_sol1_gd0_rs0_bd1_str-lenient_t00_n1,421,1,1,deepseek-ai/DeepSeek-Coder-V2-Lite-Instruct,1,0,1,0,lenient,0.0,18.0,0.0
2026-08-11 20:11:18,IA15_m-deepseek-coder-v2-lite_sol1_gd0_rs0_bd1_str-lenient_t00_n1,421,2,1,deepseek-ai/DeepSeek-Coder-V2-Lite-Instruct,1,0,1,0,lenient,0.0,12.0,0.0
2026-08-11 20:11:25,IA15_m-deepseek-coder-v2-lite_sol1_gd0_rs0_bd1_str-lenient_t00_n1,421,3,1,deepseek-ai/DeepSeek-Coder-V2-Lite-Instruct,1,0,1,0,lenient,0.0,14.0,0.0
2026-08-11 20:11:33,IA15_m-deepseek-coder-v2-lite_sol1_gd0_rs0_bd1_str-lenient_t00_n1,422,1,1,deepseek-ai/DeepSeek-Coder-V2-Lite-Instruct,1,0,1,0,lenient,0.0,18.0,0.0
2026-08-11 20:11:38,IA15_m-deepseek-coder-v2-lite_sol1_gd0_rs0_bd1_str-lenient_t00_n1,422,2,1,deepseek-ai/DeepSeek-Coder-V2-Lite-Instruct,1,0,1,0,lenient,0.0,12.0,0.0
2026-08-11 20:11:46,IA15_m-deepseek-coder-v2-lite_sol1_gd0_rs0_bd1_str-lenient_t00_n1,423,1,1,deepseek-ai/DeepSeek-Coder-V2-Lite-Instruct,1,0,1,0,lenient,0.0,18.0,0.0
2026-08-11 20:11:53,IA15_m-deepseek-coder-v2-lite_sol1_gd0_rs0_bd1_str-lenient_t00_n1,423,2,1,deepseek-ai/DeepSeek-Coder-V2-Lite-Instruct,1,0,1,0,lenient,0.0,12.0,0.0
2026-08-11 20:12:00,IA15_m-deepseek-coder-v2-lite_sol1_gd0_rs0_bd1_str-lenient_t00_n1,423,3,1,deepseek-ai/DeepSeek-Coder-V2-Lite-Instruct,1,0,1,0,lenient,0.0,16.0,0.0
2026-08-11 20:12:08,IA15_m-deepseek-coder-v2-lite_sol1_gd0_rs0_bd1_str-lenient_t00_n1,424,1,1,deepseek-ai/DeepSeek-Coder-V2-Lite-Instruct,1,0,1,0,lenient,0.0,18.0,0.0
2026-08-11 20:12:13,IA15_m-deepseek-coder-v2-lite_sol1_gd0_rs0_bd1_str-lenient_t00_n1,424,2,1,deepseek-ai/DeepSeek-Coder-V2-Lite-Instruct,1,0,1,0,lenient,0.0,12.0,0.0
2026-08-11 20:12:21,IA15_m-deepseek-coder-v2-lite_sol1_gd0_rs0_bd1_str-lenient_t00_n1,424,3,1,deepseek-ai/DeepSeek-Coder-V2-Lite-Instruct,1,0,1,0,lenient,0.0,17.0,0.0
2026-08-11 20:12:28,IA15_m-deepseek-coder-v2-lite_sol1_gd0_rs0_bd1_str-lenient_t00_n1,425,1,1,deepseek-ai/DeepSeek-Coder-V2-Lite-Instruct,1,0,1,0,lenient,0.0,18.0,0.0
2026-08-11 20:12:34,IA15_m-deepseek-coder-v2-lite_sol1_gd0_rs0_bd1_str-lenient_t00_n1,425,2,1,deepseek-ai/DeepSeek-Coder-V2-Lite-Instruct,1,0,1,0,lenient,0.0,12.0,0.0
2026-08-11 20:12:41,IA15_m-deepseek-coder-v2-lite_sol1_gd0_rs0_bd1_str-lenient_t00_n1,425,3,1,deepseek-ai/DeepSeek-Coder-V2-Lite-Instruct,1,0,1,0,lenient,0.0,17.0,0.0
2026-08-11 20:12:49,IA15_m-deepseek-coder-v2-lite_sol1_gd0_rs0_bd1_str-lenient_t00_n1,426,1,1,deepseek-ai/DeepSeek-Coder-V2-Lite-Instruct,1,0,1,0,lenient,0.0,18.0,0.0
2026-08-11 20:12:55,IA15_m-deepseek-coder-v2-lite_sol1_gd0_rs0_bd1_str-lenient_t00_n1,426,2,1,deepseek-ai/DeepSeek-Coder-V2-Lite-Instruct,1,0,1,0,lenient,0.0,12.0,0.0
2026-08-11 20:13:02,IA15_m-deepseek-coder-v2-lite_sol1_gd0_rs0_bd1_str-lenient_t00_n1,426,3,1,deepseek-ai/DeepSeek-Coder-V2-Lite-Instruct,1,0,1,0,lenient,0.0,16.0,0.0
2026-08-11 20:13:10,IA15_m-deepseek-coder-v2-lite_sol1_gd0_rs0_bd1_str-lenient_t00_n1,427,1,1,deepseek-ai/DeepSeek-Coder-V2-Lite-Instruct,1,0,1,0,lenient,0.0,18.0,0.0
2026-08-11 20:13:16,IA15_m-deepseek-coder-v2-lite_sol1_gd0_rs0_bd1_str-lenient_t00_n1,427,2,1,deepseek-ai/DeepSeek-Coder-V2-Lite-Instruct,1,0,1,0,lenient,0.0,12.0,0.0
2026-08-11 20:13:24,IA15_m-deepseek-coder-v2-lite_sol1_gd0_rs0_bd1_str-lenient_t00_n1,427,3,1,deepseek-ai/DeepSeek-Coder-V2-Lite-Instruct,1,0,1,0,lenient,0.0,14.0,0.0
2026-08-11 20:13:31,IA15_m-deepseek-coder-v2-lite_sol1_gd0_rs0_bd1_str-lenient_t00_n1,428,1,1,deepseek-ai/DeepSeek-Coder-V2-Lite-Instruct,1,0,1,0,lenient,0.0,18.0,0.0
2026-08-11 20:13:38,IA15_m-deepseek-coder-v2-lite_sol1_gd0_rs0_bd1_str-lenient_t00_n1,428,2,1,deepseek-ai/DeepSeek-Coder-V2-Lite-Instruct,1,0,1,0,lenient,0.0,10.0,0.0
2026-08-11 20:13:46,IA15_m-deepseek-coder-v2-lite_sol1_gd0_rs0_bd1_str-lenient_t00_n1,429,1,1,deepseek-ai/DeepSeek-Coder-V2-Lite-Instruct,1,0,1,0,lenient,0.0,18.0,0.0
2026-08-11 20:13:51,IA15_m-deepseek-coder-v2-lite_sol1_gd0_rs0_bd1_str-lenient_t00_n1,429,2,1,deepseek-ai/DeepSeek-Coder-V2-Lite-Instruct,1,0,1,0,lenient,0.0,12.0,0.0
2026-08-11 20:13:58,IA15_m-deepseek-coder-v2-lite_sol1_gd0_rs0_bd1_str-lenient_t00_n1,429,3,1,deepseek-ai/DeepSeek-Coder-V2-Lite-Instruct,1,0,1,0,lenient,0.0,15.0,0.0
2026-08-11 20:14:06,IA15_m-deepseek-coder-v2-lite_sol1_gd0_rs0_bd1_str-lenient_t00_n1,430,1,1,deepseek-ai/DeepSeek-Coder-V2-Lite-Instruct,1,0,1,0,lenient,0.0,18.0,0.0
2026-08-11 20:14:13,IA15_m-deepseek-coder-v2-lite_sol1_gd0_rs0_bd1_str-lenient_t00_n1,430,2,1,deepseek-ai/DeepSeek-Coder-V2-Lite-Instruct,1,0,1,0,lenient,0.0,12.0,0.0
2026-08-11 20:14:20,IA15_m-deepseek-coder-v2-lite_sol1_gd0_rs0_bd1_str-lenient_t00_n1,430,3,1,deepseek-ai/DeepSeek-Coder-V2-Lite-Instruct,1,0,1,0,lenient,0.0,14.0,0.0
2026-08-11 20:14:27,IA15_m-deepseek-coder-v2-lite_sol1_gd0_rs0_bd1_str-lenient_t00_n1,431,1,1,deepseek-ai/DeepSeek-Coder-V2-Lite-Instruct,1,0,1,0,lenient,0.0,18.0,0.0
2026-08-11 20:14:34,IA15_m-deepseek-coder-v2-lite_sol1_gd0_rs0_bd1_str-lenient_t00_n1,431,2,1,deepseek-ai/DeepSeek-Coder-V2-Lite-Instruct,1,0,1,0,lenient,0.0,12.0,0.0
2026-08-11 20:14:41,IA15_m-deepseek-coder-v2-lite_sol1_gd0_rs0_bd1_str-lenient_t00_n1,431,3,1,deepseek-ai/DeepSeek-Coder-V2-Lite-Instruct,1,0,1,0,lenient,0.0,16.0,0.0
2026-08-11 20:14:49,IA15_m-deepseek-coder-v2-lite_sol1_gd0_rs0_bd1_str-lenient_t00_n1,432,1,1,deepseek-ai/DeepSeek-Coder-V2-Lite-Instruct,1,0,1,0,lenient,0.0,15.0,0.0
2026-08-11 20:14:55,IA15_m-deepseek-coder-v2-lite_sol1_gd0_rs0_bd1_str-lenient_t00_n1,432,2,1,deepseek-ai/DeepSeek-Coder-V2-Lite-Instruct,1,0,1,0,lenient,0.0,10.0,0.0
2026-08-11 20:15:03,IA15_m-deepseek-coder-v2-lite_sol1_gd0_rs0_bd1_str-lenient_t00_n1,432,3,1,deepseek-ai/DeepSeek-Coder-V2-Lite-Instruct,1,0,1,0,lenient,0.0,16.0,0.0
2026-08-11 20:15:10,IA15_m-deepseek-coder-v2-lite_sol1_gd0_rs0_bd1_str-lenient_t00_n1,433,1,1,deepseek-ai/DeepSeek-Coder-V2-Lite-Instruct,1,0,1,0,lenient,0.0,18.0,0.0
2026-08-11 20:15:17,IA15_m-deepseek-coder-v2-lite_sol1_gd0_rs0_bd1_str-lenient_t00_n1,433,2,1,deepseek-ai/DeepSeek-Coder-V2-Lite-Instruct,1,0,1,0,lenient,0.0,13.0,0.0
2026-08-11 20:15:24,IA15_m-deepseek-coder-v2-lite_sol1_gd0_rs0_bd1_str-lenient_t00_n1,433,3,1,deepseek-ai/DeepSeek-Coder-V2-Lite-Instruct,1,0,1,0,lenient,0.0,17.0,0.0
2026-08-11 20:15:33,IA15_m-deepseek-coder-v2-lite_sol1_gd0_rs0_bd1_str-lenient_t00_n1,434,1,1,deepseek-ai/DeepSeek-Coder-V2-Lite-Instruct,1,0,1,0,lenient,0.0,20.0,3.0
2026-08-11 20:15:39,IA15_m-deepseek-coder-v2-lite_sol1_gd0_rs0_bd1_str-lenient_t00_n1,434,2,1,deepseek-ai/DeepSeek-Coder-V2-Lite-Instruct,1,0,1,0,lenient,0.0,13.0,0.0
2026-08-11 20:15:46,IA15_m-deepseek-coder-v2-lite_sol1_gd0_rs0_bd1_str-lenient_t00_n1,434,3,1,deepseek-ai/DeepSeek-Coder-V2-Lite-Instruct,1,0,1,0,lenient,0.0,14.0,0.0
2026-08-11 20:15:53,IA15_m-deepseek-coder-v2-lite_sol1_gd0_rs0_bd1_str-lenient_t00_n1,435,1,1,deepseek-ai/DeepSeek-Coder-V2-Lite-Instruct,1,0,1,0,lenient,0.0,15.0,0.0
2026-08-11 20:16:00,IA15_m-deepseek-coder-v2-lite_sol1_gd0_rs0_bd1_str-lenient_t00_n1,435,2,1,deepseek-ai/DeepSeek-Coder-V2-Lite-Instruct,1,0,1,0,lenient,0.0,12.0,0.0
2026-08-11 20:16:07,IA15_m-deepseek-coder-v2-lite_sol1_gd0_rs0_bd1_str-lenient_t00_n1,435,3,1,deepseek-ai/DeepSeek-Coder-V2-Lite-Instruct,1,0,1,0,lenient,0.0,14.0,0.0
2026-08-11 20:16:15,IA15_m-deepseek-coder-v2-lite_sol1_gd0_rs0_bd1_str-lenient_t00_n1,436,1,1,deepseek-ai/DeepSeek-Coder-V2-Lite-Instruct,1,0,1,0,lenient,0.0,20.0,0.0
2026-08-11 20:16:22,IA15_m-deepseek-coder-v2-lite_sol1_gd0_rs0_bd1_str-lenient_t00_n1,436,2,1,deepseek-ai/DeepSeek-Coder-V2-Lite-Instruct,1,0,1,0,lenient,0.0,13.0,0.0
2026-08-11 20:16:29,IA15_m-deepseek-coder-v2-lite_sol1_gd0_rs0_bd1_str-lenient_t00_n1,436,3,1,deepseek-ai/DeepSeek-Coder-V2-Lite-Instruct,1,0,1,0,lenient,0.0,17.0,0.0
2026-08-11 20:16:36,IA15_m-deepseek-coder-v2-lite_sol1_gd0_rs0_bd1_str-lenient_t00_n1,437,1,1,deepseek-ai/DeepSeek-Coder-V2-Lite-Instruct,1,0,1,0,lenient,0.0,18.0,0.0
2026-08-11 20:16:43,IA15_m-deepseek-coder-v2-lite_sol1_gd0_rs0_bd1_str-lenient_t00_n1,437,2,1,deepseek-ai/DeepSeek-Coder-V2-Lite-Instruct,1,0,1,0,lenient,0.0,12.0,0.0
2026-08-11 20:16:50,IA15_m-deepseek-coder-v2-lite_sol1_gd0_rs0_bd1_str-lenient_t00_n1,437,3,1,deepseek-ai/DeepSeek-Coder-V2-Lite-Instruct,1,0,1,0,lenient,0.0,17.0,0.0
2026-08-11 20:16:58,IA15_m-deepseek-coder-v2-lite_sol1_gd0_rs0_bd1_str-lenient_t00_n1,438,1,1,deepseek-ai/DeepSeek-Coder-V2-Lite-Instruct,1,0,1,0,lenient,0.0,18.0,0.0
2026-08-11 20:17:04,IA15_m-deepseek-coder-v2-lite_sol1_gd0_rs0_bd1_str-lenient_t00_n1,438,2,1,deepseek-ai/DeepSeek-Coder-V2-Lite-Instruct,1,0,1,0,lenient,0.0,13.0,0.0
2026-08-11 20:17:11,IA15_m-deepseek-coder-v2-lite_sol1_gd0_rs0_bd1_str-lenient_t00_n1,438,3,1,deepseek-ai/DeepSeek-Coder-V2-Lite-Instruct,1,0,1,0,lenient,0.0,17.0,0.0
2026-08-11 20:17:20,IA15_m-deepseek-coder-v2-lite_sol1_gd0_rs0_bd1_str-lenient_t00_n1,439,1,1,deepseek-ai/DeepSeek-Coder-V2-Lite-Instruct,1,0,1,0,lenient,0.0,21.0,2.0
2026-08-11 20:17:27,IA15_m-deepseek-coder-v2-lite_sol1_gd0_rs0_bd1_str-lenient_t00_n1,439,2,1,deepseek-ai/DeepSeek-Coder-V2-Lite-Instruct,1,0,1,0,lenient,0.0,13.0,0.0
2026-08-11 20:17:35,IA15_m-deepseek-coder-v2-lite_sol1_gd0_rs0_bd1_str-lenient_t00_n1,439,3,1,deepseek-ai/DeepSeek-Coder-V2-Lite-Instruct,1,0,1,0,lenient,0.0,17.0,0.0
2026-08-11 20:17:42,IA15_m-deepseek-coder-v2-lite_sol1_gd0_rs0_bd1_str-lenient_t00_n1,440,1,1,deepseek-ai/DeepSeek-Coder-V2-Lite-Instruct,1,0,1,0,lenient,0.0,18.0,0.0
2026-08-11 20:17:50,IA15_m-deepseek-coder-v2-lite_sol1_gd0_rs0_bd1_str-lenient_t00_n1,440,3,1,deepseek-ai/DeepSeek-Coder-V2-Lite-Instruct,1,0,1,0,lenient,0.0,14.0,0.0
2026-08-11 20:17:58,IA15_m-deepseek-coder-v2-lite_sol1_gd0_rs0_bd1_str-lenient_t00_n1,441,1,1,deepseek-ai/DeepSeek-Coder-V2-Lite-Instruct,1,0,1,0,lenient,0.0,18.0,0.0
2026-08-11 20:18:05,IA15_m-deepseek-coder-v2-lite_sol1_gd0_rs0_bd1_str-lenient_t00_n1,441,2,1,deepseek-ai/DeepSeek-Coder-V2-Lite-Instruct,1,0,1,0,lenient,0.0,12.0,0.0
2026-08-11 20:18:08,IA15_m-deepseek-coder-v2-lite_sol1_gd0_rs0_bd1_str-lenient_t00_n1,441,3,1,deepseek-ai/DeepSeek-Coder-V2-Lite-Instruct,1,0,1,0,lenient,0.0,16.0,0.0
2026-08-11 20:18:16,IA15_m-deepseek-coder-v2-lite_sol1_gd0_rs0_bd1_str-lenient_t00_n1,442,1,1,deepseek-ai/DeepSeek-Coder-V2-Lite-Instruct,1,0,1,0,lenient,0.0,18.0,0.0
2026-08-11 20:18:23,IA15_m-deepseek-coder-v2-lite_sol1_gd0_rs0_bd1_str-lenient_t00_n1,442,2,1,deepseek-ai/DeepSeek-Coder-V2-Lite-Instruct,1,0,1,0,lenient,0.0,12.0,0.0
2026-08-11 20:18:29,IA15_m-deepseek-coder-v2-lite_sol1_gd0_rs0_bd1_str-lenient_t00_n1,442,3,1,deepseek-ai/DeepSeek-Coder-V2-Lite-Instruct,1,0,1,0,lenient,0.0,16.0,0.0
2026-08-11 20:18:37,IA15_m-deepseek-coder-v2-lite_sol1_gd0_rs0_bd1_str-lenient_t00_n1,443,1,1,deepseek-ai/DeepSeek-Coder-V2-Lite-Instruct,1,0,1,0,lenient,0.0,18.0,0.0
2026-08-11 20:18:44,IA15_m-deepseek-coder-v2-lite_sol1_gd0_rs0_bd1_str-lenient_t00_n1,443,2,1,deepseek-ai/DeepSeek-Coder-V2-Lite-Instruct,1,0,1,0,lenient,0.0,12.0,0.0
2026-08-11 20:18:51,IA15_m-deepseek-coder-v2-lite_sol1_gd0_rs0_bd1_str-lenient_t00_n1,443,3,1,deepseek-ai/DeepSeek-Coder-V2-Lite-Instruct,1,0,1,0,lenient,0.0,14.0,0.0
2026-08-11 20:18:58,IA15_m-deepseek-coder-v2-lite_sol1_gd0_rs0_bd1_str-lenient_t00_n1,444,1,1,deepseek-ai/DeepSeek-Coder-V2-Lite-Instruct,1,0,1,0,lenient,0.0,18.0,0.0
2026-08-11 20:19:06,IA15_m-deepseek-coder-v2-lite_sol1_gd0_rs0_bd1_str-lenient_t00_n1,444,2,1,deepseek-ai/DeepSeek-Coder-V2-Lite-Instruct,1,0,1,0,lenient,0.0,13.0,0.0
2026-08-11 20:19:09,IA15_m-deepseek-coder-v2-lite_sol1_gd0_rs0_bd1_str-lenient_t00_n1,444,3,1,deepseek-ai/DeepSeek-Coder-V2-Lite-Instruct,1,0,1,0,lenient,0.0,16.0,0.0
2026-08-11 20:19:16,IA15_m-deepseek-coder-v2-lite_sol1_gd0_rs0_bd1_str-lenient_t00_n1,445,1,1,deepseek-ai/DeepSeek-Coder-V2-Lite-Instruct,1,0,1,0,lenient,0.0,18.0,0.0
2026-08-11 20:19:23,IA15_m-deepseek-coder-v2-lite_sol1_gd0_rs0_bd1_str-lenient_t00_n1,445,2,1,deepseek-ai/DeepSeek-Coder-V2-Lite-Instruct,1,0,1,0,lenient,0.0,13.0,0.0
2026-08-11 20:19:31,IA15_m-deepseek-coder-v2-lite_sol1_gd0_rs0_bd1_str-lenient_t00_n1,445,3,1,deepseek-ai/DeepSeek-Coder-V2-Lite-Instruct,1,0,1,0,lenient,0.0,16.0,0.0
2026-08-11 20:19:39,IA15_m-deepseek-coder-v2-lite_sol1_gd0_rs0_bd1_str-lenient_t00_n1,446,1,1,deepseek-ai/DeepSeek-Coder-V2-Lite-Instruct,1,0,1,0,lenient,0.0,18.0,0.0
2026-08-11 20:19:46,IA15_m-deepseek-coder-v2-lite_sol1_gd0_rs0_bd1_str-lenient_t00_n1,446,2,1,deepseek-ai/DeepSeek-Coder-V2-Lite-Instruct,1,0,1,0,lenient,0.0,13.0,0.0
2026-08-11 20:19:54,IA15_m-deepseek-coder-v2-lite_sol1_gd0_rs0_bd1_str-lenient_t00_n1,446,3,1,deepseek-ai/DeepSeek-Coder-V2-Lite-Instruct,1,0,1,0,lenient,0.0,17.0,0.0
2026-08-11 20:20:01,IA15_m-deepseek-coder-v2-lite_sol1_gd0_rs0_bd1_str-lenient_t00_n1,447,1,1,deepseek-ai/DeepSeek-Coder-V2-Lite-Instruct,1,0,1,0,lenient,0.0,18.0,0.0
2026-08-11 20:20:08,IA15_m-deepseek-coder-v2-lite_sol1_gd0_rs0_bd1_str-lenient_t00_n1,447,2,1,deepseek-ai/DeepSeek-Coder-V2-Lite-Instruct,1,0,1,0,lenient,0.0,12.0,0.0
2026-08-11 20:20:16,IA15_m-deepseek-coder-v2-lite_sol1_gd0_rs0_bd1_str-lenient_t00_n1,447,3,1,deepseek-ai/DeepSeek-Coder-V2-Lite-Instruct,1,0,1,0,lenient,0.0,16.0,0.0
2026-08-11 20:20:24,IA15_m-deepseek-coder-v2-lite_sol1_gd0_rs0_bd1_str-lenient_t00_n1,448,1,1,deepseek-ai/DeepSeek-Coder-V2-Lite-Instruct,1,0,1,0,lenient,0.0,15.0,0.0
2026-08-11 20:20:34,IA15_m-deepseek-coder-v2-lite_sol1_gd0_rs0_bd1_str-lenient_t00_n1,448,2,1,deepseek-ai/DeepSeek-Coder-V2-Lite-Instruct,1,0,1,0,lenient,0.0,12.0,0.0
2026-08-11 20:20:38,IA15_m-deepseek-coder-v2-lite_sol1_gd0_rs0_bd1_str-lenient_t00_n1,448,3,1,deepseek-ai/DeepSeek-Coder-V2-Lite-Instruct,1,0,1,0,lenient,0.0,16.0,0.0
2026-08-11 20:20:46,IA15_m-deepseek-coder-v2-lite_sol1_gd0_rs0_bd1_str-lenient_t00_n1,449,1,1,deepseek-ai/DeepSeek-Coder-V2-Lite-Instruct,1,0,1,0,lenient,0.0,18.0,0.0
2026-08-11 20:20:53,IA15_m-deepseek-coder-v2-lite_sol1_gd0_rs0_bd1_str-lenient_t00_n1,449,3,1,deepseek-ai/DeepSeek-Coder-V2-Lite-Instruct,1,0,1,0,lenient,0.0,15.0,0.0
2026-08-11 20:21:00,IA15_m-deepseek-coder-v2-lite_sol1_gd0_rs0_bd1_str-lenient_t00_n1,450,1,1,deepseek-ai/DeepSeek-Coder-V2-Lite-Instruct,1,0,1,0,lenient,0.0,18.0,0.0
2026-08-11 20:21:07,IA15_m-deepseek-coder-v2-lite_sol1_gd0_rs0_bd1_str-lenient_t00_n1,450,2,1,deepseek-ai/DeepSeek-Coder-V2-Lite-Instruct,1,0,1,0,lenient,0.0,12.0,0.0
2026-08-11 20:21:14,IA15_m-deepseek-coder-v2-lite_sol1_gd0_rs0_bd1_str-lenient_t00_n1,451,1,1,deepseek-ai/DeepSeek-Coder-V2-Lite-Instruct,1,0,1,0,lenient,0.0,18.0,0.0
2026-08-11 20:21:21,IA15_m-deepseek-coder-v2-lite_sol1_gd0_rs0_bd1_str-lenient_t00_n1,451,2,1,deepseek-ai/DeepSeek-Coder-V2-Lite-Instruct,1,0,1,0,lenient,0.0,12.0,0.0
2026-08-11 20:21:28,IA15_m-deepseek-coder-v2-lite_sol1_gd0_rs0_bd1_str-lenient_t00_n1,451,3,1,deepseek-ai/DeepSeek-Coder-V2-Lite-Instruct,1,0,1,0,lenient,0.0,17.0,0.0
2026-08-11 20:21:36,IA15_m-deepseek-coder-v2-lite_sol1_gd0_rs0_bd1_str-lenient_t00_n1,452,1,1,deepseek-ai/DeepSeek-Coder-V2-Lite-Instruct,1,0,1,0,lenient,0.0,15.0,0.0
2026-08-11 20:21:43,IA15_m-deepseek-coder-v2-lite_sol1_gd0_rs0_bd1_str-lenient_t00_n1,452,2,1,deepseek-ai/DeepSeek-Coder-V2-Lite-Instruct,1,0,1,0,lenient,0.0,12.0,0.0
2026-08-11 20:21:50,IA15_m-deepseek-coder-v2-lite_sol1_gd0_rs0_bd1_str-lenient_t00_n1,452,3,1,deepseek-ai/DeepSeek-Coder-V2-Lite-Instruct,1,0,1,0,lenient,0.0,14.0,0.0
2026-08-11 20:21:57,IA15_m-deepseek-coder-v2-lite_sol1_gd0_rs0_bd1_str-lenient_t00_n1,453,1,1,deepseek-ai/DeepSeek-Coder-V2-Lite-Instruct,1,0,1,0,lenient,0.0,18.0,0.0
2026-08-11 20:22:03,IA15_m-deepseek-coder-v2-lite_sol1_gd0_rs0_bd1_str-lenient_t00_n1,453,2,1,deepseek-ai/DeepSeek-Coder-V2-Lite-Instruct,1,0,1,0,lenient,0.0,12.0,0.0
2026-08-11 20:22:10,IA15_m-deepseek-coder-v2-lite_sol1_gd0_rs0_bd1_str-lenient_t00_n1,453,3,1,deepseek-ai/DeepSeek-Coder-V2-Lite-Instruct,1,0,1,0,lenient,0.0,16.0,0.0
2026-08-11 20:22:18,IA15_m-deepseek-coder-v2-lite_sol1_gd0_rs0_bd1_str-lenient_t00_n1,454,1,1,deepseek-ai/DeepSeek-Coder-V2-Lite-Instruct,1,0,1,0,lenient,0.0,18.0,0.0
2026-08-11 20:22:25,IA15_m-deepseek-coder-v2-lite_sol1_gd0_rs0_bd1_str-lenient_t00_n1,454,2,1,deepseek-ai/DeepSeek-Coder-V2-Lite-Instruct,1,0,1,0,lenient,0.0,13.0,0.0
2026-08-11 20:22:32,IA15_m-deepseek-coder-v2-lite_sol1_gd0_rs0_bd1_str-lenient_t00_n1,454,3,1,deepseek-ai/DeepSeek-Coder-V2-Lite-Instruct,1,0,1,0,lenient,0.0,16.0,0.0
2026-08-11 20:22:39,IA15_m-deepseek-coder-v2-lite_sol1_gd0_rs0_bd1_str-lenient_t00_n1,455,1,1,deepseek-ai/DeepSeek-Coder-V2-Lite-Instruct,1,0,1,0,lenient,0.0,18.0,0.0
2026-08-11 20:22:46,IA15_m-deepseek-coder-v2-lite_sol1_gd0_rs0_bd1_str-lenient_t00_n1,455,2,1,deepseek-ai/DeepSeek-Coder-V2-Lite-Instruct,1,0,1,0,lenient,0.0,13.0,0.0
2026-08-11 20:22:53,IA15_m-deepseek-coder-v2-lite_sol1_gd0_rs0_bd1_str-lenient_t00_n1,455,3,1,deepseek-ai/DeepSeek-Coder-V2-Lite-Instruct,1,0,1,0,lenient,0.0,17.0,0.0
2026-08-11 20:23:01,IA15_m-deepseek-coder-v2-lite_sol1_gd0_rs0_bd1_str-lenient_t00_n1,456,1,1,deepseek-ai/DeepSeek-Coder-V2-Lite-Instruct,1,0,1,0,lenient,0.0,18.0,0.0
2026-08-11 20:23:08,IA15_m-deepseek-coder-v2-lite_sol1_gd0_rs0_bd1_str-lenient_t00_n1,456,2,1,deepseek-ai/DeepSeek-Coder-V2-Lite-Instruct,1,0,1,0,lenient,0.0,12.0,0.0
2026-08-11 20:23:15,IA15_m-deepseek-coder-v2-lite_sol1_gd0_rs0_bd1_str-lenient_t00_n1,456,3,1,deepseek-ai/DeepSeek-Coder-V2-Lite-Instruct,1,0,1,0,lenient,0.0,14.0,0.0
2026-08-11 20:23:23,IA15_m-deepseek-coder-v2-lite_sol1_gd0_rs0_bd1_str-lenient_t00_n1,457,1,1,deepseek-ai/DeepSeek-Coder-V2-Lite-Instruct,1,0,1,0,lenient,0.0,18.0,0.0
2026-08-11 20:23:30,IA15_m-deepseek-coder-v2-lite_sol1_gd0_rs0_bd1_str-lenient_t00_n1,457,2,1,deepseek-ai/DeepSeek-Coder-V2-Lite-Instruct,1,0,1,0,lenient,0.0,13.0,0.0
2026-08-11 20:23:37,IA15_m-deepseek-coder-v2-lite_sol1_gd0_rs0_bd1_str-lenient_t00_n1,457,3,1,deepseek-ai/DeepSeek-Coder-V2-Lite-Instruct,1,0,1,0,lenient,0.0,14.0,0.0
2026-08-11 20:23:45,IA15_m-deepseek-coder-v2-lite_sol1_gd0_rs0_bd1_str-lenient_t00_n1,458,1,1,deepseek-ai/DeepSeek-Coder-V2-Lite-Instruct,1,0,1,0,lenient,0.0,18.0,0.0
2026-08-11 20:23:52,IA15_m-deepseek-coder-v2-lite_sol1_gd0_rs0_bd1_str-lenient_t00_n1,458,2,1,deepseek-ai/DeepSeek-Coder-V2-Lite-Instruct,1,0,1,0,lenient,0.0,12.0,0.0
2026-08-11 20:24:00,IA15_m-deepseek-coder-v2-lite_sol1_gd0_rs0_bd1_str-lenient_t00_n1,459,1,1,deepseek-ai/DeepSeek-Coder-V2-Lite-Instruct,1,0,1,0,lenient,0.0,18.0,0.0
2026-08-11 20:24:06,IA15_m-deepseek-coder-v2-lite_sol1_gd0_rs0_bd1_str-lenient_t00_n1,459,2,1,deepseek-ai/DeepSeek-Coder-V2-Lite-Instruct,1,0,1,0,lenient,0.0,12.0,0.0
2026-08-11 20:24:13,IA15_m-deepseek-coder-v2-lite_sol1_gd0_rs0_bd1_str-lenient_t00_n1,459,3,1,deepseek-ai/DeepSeek-Coder-V2-Lite-Instruct,1,0,1,0,lenient,0.0,17.0,0.0
2026-08-11 20:24:21,IA15_m-deepseek-coder-v2-lite_sol1_gd0_rs0_bd1_str-lenient_t00_n1,460,1,1,deepseek-ai/DeepSeek-Coder-V2-Lite-Instruct,1,0,1,0,lenient,0.0,18.0,0.0
2026-08-11 20:24:28,IA15_m-deepseek-coder-v2-lite_sol1_gd0_rs0_bd1_str-lenient_t00_n1,460,2,1,deepseek-ai/DeepSeek-Coder-V2-Lite-Instruct,1,0,1,0,lenient,0.0,12.0,0.0
2026-08-11 20:24:37,IA15_m-deepseek-coder-v2-lite_sol1_gd0_rs0_bd1_str-lenient_t00_n1,460,3,1,deepseek-ai/DeepSeek-Coder-V2-Lite-Instruct,1,0,1,0,lenient,0.0,17.0,0.0
2026-08-11 20:24:44,IA15_m-deepseek-coder-v2-lite_sol1_gd0_rs0_bd1_str-lenient_t00_n1,461,1,1,deepseek-ai/DeepSeek-Coder-V2-Lite-Instruct,1,0,1,0,lenient,0.0,15.0,0.0
2026-08-11 20:24:49,IA15_m-deepseek-coder-v2-lite_sol1_gd0_rs0_bd1_str-lenient_t00_n1,461,2,1,deepseek-ai/DeepSeek-Coder-V2-Lite-Instruct,1,0,1,0,lenient,0.0,12.0,0.0
2026-08-11 20:24:57,IA15_m-deepseek-coder-v2-lite_sol1_gd0_rs0_bd1_str-lenient_t00_n1,461,3,1,deepseek-ai/DeepSeek-Coder-V2-Lite-Instruct,1,0,1,0,lenient,0.0,14.0,0.0
2026-08-11 20:25:04,IA15_m-deepseek-coder-v2-lite_sol1_gd0_rs0_bd1_str-lenient_t00_n1,462,1,1,deepseek-ai/DeepSeek-Coder-V2-Lite-Instruct,1,0,1,0,lenient,0.0,20.0,0.0
2026-08-11 20:25:11,IA15_m-deepseek-coder-v2-lite_sol1_gd0_rs0_bd1_str-lenient_t00_n1,462,2,1,deepseek-ai/DeepSeek-Coder-V2-Lite-Instruct,1,0,1,0,lenient,0.0,13.0,0.0
2026-08-11 20:25:18,IA15_m-deepseek-coder-v2-lite_sol1_gd0_rs0_bd1_str-lenient_t00_n1,462,3,1,deepseek-ai/DeepSeek-Coder-V2-Lite-Instruct,1,0,1,0,lenient,0.0,17.0,0.0
2026-08-11 20:25:26,IA15_m-deepseek-coder-v2-lite_sol1_gd0_rs0_bd1_str-lenient_t00_n1,463,1,1,deepseek-ai/DeepSeek-Coder-V2-Lite-Instruct,1,0,1,0,lenient,0.0,18.0,0.0
2026-08-11 20:25:32,IA15_m-deepseek-coder-v2-lite_sol1_gd0_rs0_bd1_str-lenient_t00_n1,463,2,1,deepseek-ai/DeepSeek-Coder-V2-Lite-Instruct,1,0,1,0,lenient,0.0,12.0,0.0
2026-08-11 20:25:40,IA15_m-deepseek-coder-v2-lite_sol1_gd0_rs0_bd1_str-lenient_t00_n1,463,3,1,deepseek-ai/DeepSeek-Coder-V2-Lite-Instruct,1,0,1,0,lenient,0.0,14.0,0.0
2026-08-11 20:25:47,IA15_m-deepseek-coder-v2-lite_sol1_gd0_rs0_bd1_str-lenient_t00_n1,464,1,1,deepseek-ai/DeepSeek-Coder-V2-Lite-Instruct,1,0,1,0,lenient,0.0,18.0,0.0
2026-08-11 20:25:54,IA15_m-deepseek-coder-v2-lite_sol1_gd0_rs0_bd1_str-lenient_t00_n1,464,2,1,deepseek-ai/DeepSeek-Coder-V2-Lite-Instruct,1,0,1,0,lenient,0.0,13.0,0.0
2026-08-11 20:26:01,IA15_m-deepseek-coder-v2-lite_sol1_gd0_rs0_bd1_str-lenient_t00_n1,464,3,1,deepseek-ai/DeepSeek-Coder-V2-Lite-Instruct,1,0,1,0,lenient,0.0,17.0,0.0
2026-08-11 20:26:08,IA15_m-deepseek-coder-v2-lite_sol1_gd0_rs0_bd1_str-lenient_t00_n1,465,1,1,deepseek-ai/DeepSeek-Coder-V2-Lite-Instruct,1,0,1,0,lenient,0.0,18.0,0.0
2026-08-11 20:26:15,IA15_m-deepseek-coder-v2-lite_sol1_gd0_rs0_bd1_str-lenient_t00_n1,465,2,1,deepseek-ai/DeepSeek-Coder-V2-Lite-Instruct,1,0,1,0,lenient,0.0,12.0,0.0
2026-08-11 20:26:22,IA15_m-deepseek-coder-v2-lite_sol1_gd0_rs0_bd1_str-lenient_t00_n1,465,3,1,deepseek-ai/DeepSeek-Coder-V2-Lite-Instruct,1,0,1,0,lenient,0.0,16.0,0.0
2026-08-11 20:26:29,IA15_m-deepseek-coder-v2-lite_sol1_gd0_rs0_bd1_str-lenient_t00_n1,466,1,1,deepseek-ai/DeepSeek-Coder-V2-Lite-Instruct,1,0,1,0,lenient,0.0,18.0,0.0
2026-08-11 20:26:36,IA15_m-deepseek-coder-v2-lite_sol1_gd0_rs0_bd1_str-lenient_t00_n1,466,2,1,deepseek-ai/DeepSeek-Coder-V2-Lite-Instruct,1,0,1,0,lenient,0.0,13.0,0.0
2026-08-11 20:26:43,IA15_m-deepseek-coder-v2-lite_sol1_gd0_rs0_bd1_str-lenient_t00_n1,466,3,1,deepseek-ai/DeepSeek-Coder-V2-Lite-Instruct,1,0,1,0,lenient,0.0,16.0,0.0
2026-08-11 20:26:51,IA15_m-deepseek-coder-v2-lite_sol1_gd0_rs0_bd1_str-lenient_t00_n1,467,1,1,deepseek-ai/DeepSeek-Coder-V2-Lite-Instruct,1,0,1,0,lenient,0.0,18.0,0.0
2026-08-11 20:26:58,IA15_m-deepseek-coder-v2-lite_sol1_gd0_rs0_bd1_str-lenient_t00_n1,467,2,1,deepseek-ai/DeepSeek-Coder-V2-Lite-Instruct,1,0,1,0,lenient,0.0,13.0,0.0
2026-08-11 20:27:05,IA15_m-deepseek-coder-v2-lite_sol1_gd0_rs0_bd1_str-lenient_t00_n1,467,3,1,deepseek-ai/DeepSeek-Coder-V2-Lite-Instruct,1,0,1,0,lenient,0.0,17.0,0.0
2026-08-11 20:27:13,IA15_m-deepseek-coder-v2-lite_sol1_gd0_rs0_bd1_str-lenient_t00_n1,468,1,1,deepseek-ai/DeepSeek-Coder-V2-Lite-Instruct,1,0,1,0,lenient,0.0,18.0,0.0
2026-08-11 20:27:18,IA15_m-deepseek-coder-v2-lite_sol1_gd0_rs0_bd1_str-lenient_t00_n1,468,2,1,deepseek-ai/DeepSeek-Coder-V2-Lite-Instruct,1,0,1,0,lenient,0.0,12.0,0.0
2026-08-11 20:27:25,IA15_m-deepseek-coder-v2-lite_sol1_gd0_rs0_bd1_str-lenient_t00_n1,468,3,1,deepseek-ai/DeepSeek-Coder-V2-Lite-Instruct,1,0,1,0,lenient,0.0,17.0,0.0
2026-08-11 20:27:33,IA15_m-deepseek-coder-v2-lite_sol1_gd0_rs0_bd1_str-lenient_t00_n1,469,1,1,deepseek-ai/DeepSeek-Coder-V2-Lite-Instruct,1,0,1,0,lenient,0.0,18.0,0.0
2026-08-11 20:27:40,IA15_m-deepseek-coder-v2-lite_sol1_gd0_rs0_bd1_str-lenient_t00_n1,469,2,1,deepseek-ai/DeepSeek-Coder-V2-Lite-Instruct,1,0,1,0,lenient,0.0,12.0,0.0
2026-08-11 20:27:47,IA15_m-deepseek-coder-v2-lite_sol1_gd0_rs0_bd1_str-lenient_t00_n1,469,3,1,deepseek-ai/DeepSeek-Coder-V2-Lite-Instruct,1,0,1,0,lenient,0.0,14.0,0.0
2026-08-11 20:27:55,IA15_m-deepseek-coder-v2-lite_sol1_gd0_rs0_bd1_str-lenient_t00_n1,470,1,1,deepseek-ai/DeepSeek-Coder-V2-Lite-Instruct,1,0,1,0,lenient,0.0,18.0,0.0
2026-08-11 20:28:01,IA15_m-deepseek-coder-v2-lite_sol1_gd0_rs0_bd1_str-lenient_t00_n1,470,2,1,deepseek-ai/DeepSeek-Coder-V2-Lite-Instruct,1,0,1,0,lenient,0.0,13.0,0.0
2026-08-11 20:28:09,IA15_m-deepseek-coder-v2-lite_sol1_gd0_rs0_bd1_str-lenient_t00_n1,470,3,1,deepseek-ai/DeepSeek-Coder-V2-Lite-Instruct,1,0,1,0,lenient,0.0,17.0,0.0
2026-08-11 20:28:16,IA15_m-deepseek-coder-v2-lite_sol1_gd0_rs0_bd1_str-lenient_t00_n1,471,1,1,deepseek-ai/DeepSeek-Coder-V2-Lite-Instruct,1,0,1,0,lenient,0.0,18.0,0.0
2026-08-11 20:28:23,IA15_m-deepseek-coder-v2-lite_sol1_gd0_rs0_bd1_str-lenient_t00_n1,471,2,1,deepseek-ai/DeepSeek-Coder-V2-Lite-Instruct,1,0,1,0,lenient,0.0,12.0,0.0
2026-08-11 20:28:31,IA15_m-deepseek-coder-v2-lite_sol1_gd0_rs0_bd1_str-lenient_t00_n1,471,3,1,deepseek-ai/DeepSeek-Coder-V2-Lite-Instruct,1,0,1,0,lenient,0.0,16.0,0.0
2026-08-11 20:28:38,IA15_m-deepseek-coder-v2-lite_sol1_gd0_rs0_bd1_str-lenient_t00_n1,472,1,1,deepseek-ai/DeepSeek-Coder-V2-Lite-Instruct,1,0,1,0,lenient,0.0,18.0,0.0
2026-08-11 20:28:45,IA15_m-deepseek-coder-v2-lite_sol1_gd0_rs0_bd1_str-lenient_t00_n1,472,2,1,deepseek-ai/DeepSeek-Coder-V2-Lite-Instruct,1,0,1,0,lenient,0.0,12.0,0.0
2026-08-11 20:28:52,IA15_m-deepseek-coder-v2-lite_sol1_gd0_rs0_bd1_str-lenient_t00_n1,472,3,1,deepseek-ai/DeepSeek-Coder-V2-Lite-Instruct,1,0,1,0,lenient,0.0,14.0,0.0
2026-08-11 20:29:00,IA15_m-deepseek-coder-v2-lite_sol1_gd0_rs0_bd1_str-lenient_t00_n1,473,1,1,deepseek-ai/DeepSeek-Coder-V2-Lite-Instruct,1,0,1,0,lenient,0.0,18.0,0.0
2026-08-11 20:29:07,IA15_m-deepseek-coder-v2-lite_sol1_gd0_rs0_bd1_str-lenient_t00_n1,473,2,1,deepseek-ai/DeepSeek-Coder-V2-Lite-Instruct,1,0,1,0,lenient,0.0,13.0,0.0
2026-08-11 20:29:14,IA15_m-deepseek-coder-v2-lite_sol1_gd0_rs0_bd1_str-lenient_t00_n1,473,3,1,deepseek-ai/DeepSeek-Coder-V2-Lite-Instruct,1,0,1,0,lenient,0.0,17.0,0.0
2026-08-11 20:29:22,IA15_m-deepseek-coder-v2-lite_sol1_gd0_rs0_bd1_str-lenient_t00_n1,474,1,1,deepseek-ai/DeepSeek-Coder-V2-Lite-Instruct,1,0,1,0,lenient,0.0,18.0,0.0
2026-08-11 20:29:29,IA15_m-deepseek-coder-v2-lite_sol1_gd0_rs0_bd1_str-lenient_t00_n1,474,2,1,deepseek-ai/DeepSeek-Coder-V2-Lite-Instruct,1,0,1,0,lenient,0.0,12.0,0.0
2026-08-11 20:29:36,IA15_m-deepseek-coder-v2-lite_sol1_gd0_rs0_bd1_str-lenient_t00_n1,474,3,1,deepseek-ai/DeepSeek-Coder-V2-Lite-Instruct,1,0,1,0,lenient,0.0,14.0,0.0
2026-08-11 20:29:44,IA15_m-deepseek-coder-v2-lite_sol1_gd0_rs0_bd1_str-lenient_t00_n1,475,1,1,deepseek-ai/DeepSeek-Coder-V2-Lite-Instruct,1,0,1,0,lenient,0.0,19.0,0.0
2026-08-11 20:29:51,IA15_m-deepseek-coder-v2-lite_sol1_gd0_rs0_bd1_str-lenient_t00_n1,475,2,1,deepseek-ai/DeepSeek-Coder-V2-Lite-Instruct,1,0,1,0,lenient,0.0,13.0,0.0
2026-08-11 20:29:59,IA15_m-deepseek-coder-v2-lite_sol1_gd0_rs0_bd1_str-lenient_t00_n1,475,3,1,deepseek-ai/DeepSeek-Coder-V2-Lite-Instruct,1,0,1,0,lenient,0.0,16.0,0.0
2026-08-11 20:30:07,IA15_m-deepseek-coder-v2-lite_sol1_gd0_rs0_bd1_str-lenient_t00_n1,476,1,1,deepseek-ai/DeepSeek-Coder-V2-Lite-Instruct,1,0,1,0,lenient,0.0,15.0,0.0
2026-08-11 20:30:12,IA15_m-deepseek-coder-v2-lite_sol1_gd0_rs0_bd1_str-lenient_t00_n1,476,2,1,deepseek-ai/DeepSeek-Coder-V2-Lite-Instruct,1,0,1,0,lenient,0.0,12.0,0.0
2026-08-11 20:30:19,IA15_m-deepseek-coder-v2-lite_sol1_gd0_rs0_bd1_str-lenient_t00_n1,476,3,1,deepseek-ai/DeepSeek-Coder-V2-Lite-Instruct,1,0,1,0,lenient,0.0,14.0,0.0
2026-08-11 20:30:28,IA15_m-deepseek-coder-v2-lite_sol1_gd0_rs0_bd1_str-lenient_t00_n1,477,1,1,deepseek-ai/DeepSeek-Coder-V2-Lite-Instruct,1,0,1,0,lenient,0.0,18.0,0.0
2026-08-11 20:30:34,IA15_m-deepseek-coder-v2-lite_sol1_gd0_rs0_bd1_str-lenient_t00_n1,477,2,1,deepseek-ai/DeepSeek-Coder-V2-Lite-Instruct,1,0,1,0,lenient,0.0,12.0,0.0
2026-08-11 20:30:41,IA15_m-deepseek-coder-v2-lite_sol1_gd0_rs0_bd1_str-lenient_t00_n1,477,3,1,deepseek-ai/DeepSeek-Coder-V2-Lite-Instruct,1,0,1,0,lenient,0.0,17.0,0.0
2026-08-11 20:30:48,IA15_m-deepseek-coder-v2-lite_sol1_gd0_rs0_bd1_str-lenient_t00_n1,478,1,1,deepseek-ai/DeepSeek-Coder-V2-Lite-Instruct,1,0,1,0,lenient,0.0,18.0,0.0
2026-08-11 20:30:54,IA15_m-deepseek-coder-v2-lite_sol1_gd0_rs0_bd1_str-lenient_t00_n1,478,2,1,deepseek-ai/DeepSeek-Coder-V2-Lite-Instruct,1,0,1,0,lenient,0.0,13.0,0.0
2026-08-11 20:31:02,IA15_m-deepseek-coder-v2-lite_sol1_gd0_rs0_bd1_str-lenient_t00_n1,478,3,1,deepseek-ai/DeepSeek-Coder-V2-Lite-Instruct,1,0,1,0,lenient,0.0,17.0,0.0
2026-08-11 20:31:09,IA15_m-deepseek-coder-v2-lite_sol1_gd0_rs0_bd1_str-lenient_t00_n1,479,1,1,deepseek-ai/DeepSeek-Coder-V2-Lite-Instruct,1,0,1,0,lenient,0.0,18.0,0.0
2026-08-11 20:31:16,IA15_m-deepseek-coder-v2-lite_sol1_gd0_rs0_bd1_str-lenient_t00_n1,479,3,1,deepseek-ai/DeepSeek-Coder-V2-Lite-Instruct,1,0,1,0,lenient,0.0,14.0,0.0
2026-08-11 20:31:20,IA15_m-deepseek-coder-v2-lite_sol1_gd0_rs0_bd1_str-lenient_t00_n1,480,3,1,deepseek-ai/DeepSeek-Coder-V2-Lite-Instruct,1,0,1,0,lenient,0.0,16.0,0.0
2026-08-11 20:31:28,IA15_m-deepseek-coder-v2-lite_sol1_gd0_rs0_bd1_str-lenient_t00_n1,481,1,1,deepseek-ai/DeepSeek-Coder-V2-Lite-Instruct,1,0,1,0,lenient,0.0,15.0,0.0
2026-08-11 20:31:35,IA15_m-deepseek-coder-v2-lite_sol1_gd0_rs0_bd1_str-lenient_t00_n1,481,2,1,deepseek-ai/DeepSeek-Coder-V2-Lite-Instruct,1,0,1,0,lenient,0.0,12.0,0.0
2026-08-11 20:31:43,IA15_m-deepseek-coder-v2-lite_sol1_gd0_rs0_bd1_str-lenient_t00_n1,481,3,1,deepseek-ai/DeepSeek-Coder-V2-Lite-Instruct,1,0,1,0,lenient,0.0,14.0,0.0
2026-08-11 20:31:51,IA15_m-deepseek-coder-v2-lite_sol1_gd0_rs0_bd1_str-lenient_t00_n1,482,1,1,deepseek-ai/DeepSeek-Coder-V2-Lite-Instruct,1,0,1,0,lenient,0.0,18.0,0.0
2026-08-11 20:31:56,IA15_m-deepseek-coder-v2-lite_sol1_gd0_rs0_bd1_str-lenient_t00_n1,482,2,1,deepseek-ai/DeepSeek-Coder-V2-Lite-Instruct,1,0,1,0,lenient,0.0,12.0,0.0
2026-08-11 20:32:03,IA15_m-deepseek-coder-v2-lite_sol1_gd0_rs0_bd1_str-lenient_t00_n1,482,3,1,deepseek-ai/DeepSeek-Coder-V2-Lite-Instruct,1,0,1,0,lenient,0.0,16.0,0.0
2026-08-11 20:32:12,IA15_m-deepseek-coder-v2-lite_sol1_gd0_rs0_bd1_str-lenient_t00_n1,483,1,1,deepseek-ai/DeepSeek-Coder-V2-Lite-Instruct,1,0,1,0,lenient,0.0,18.0,0.0
2026-08-11 20:32:18,IA15_m-deepseek-coder-v2-lite_sol1_gd0_rs0_bd1_str-lenient_t00_n1,483,2,1,deepseek-ai/DeepSeek-Coder-V2-Lite-Instruct,1,0,1,0,lenient,0.0,13.0,0.0
2026-08-11 20:32:26,IA15_m-deepseek-coder-v2-lite_sol1_gd0_rs0_bd1_str-lenient_t00_n1,483,3,1,deepseek-ai/DeepSeek-Coder-V2-Lite-Instruct,1,0,1,0,lenient,0.0,14.0,0.0
2026-08-11 20:32:34,IA15_m-deepseek-coder-v2-lite_sol1_gd0_rs0_bd1_str-lenient_t00_n1,484,1,1,deepseek-ai/DeepSeek-Coder-V2-Lite-Instruct,1,0,1,0,lenient,0.0,20.0,0.0
2026-08-11 20:32:41,IA15_m-deepseek-coder-v2-lite_sol1_gd0_rs0_bd1_str-lenient_t00_n1,484,2,1,deepseek-ai/DeepSeek-Coder-V2-Lite-Instruct,1,0,1,0,lenient,0.0,13.0,0.0
2026-08-11 20:32:51,IA15_m-deepseek-coder-v2-lite_sol1_gd0_rs0_bd1_str-lenient_t00_n1,484,3,1,deepseek-ai/DeepSeek-Coder-V2-Lite-Instruct,1,0,1,0,lenient,0.0,18.0,0.0
2026-08-11 20:32:58,IA15_m-deepseek-coder-v2-lite_sol1_gd0_rs0_bd1_str-lenient_t00_n1,485,1,1,deepseek-ai/DeepSeek-Coder-V2-Lite-Instruct,1,0,1,0,lenient,0.0,18.0,0.0
2026-08-11 20:33:05,IA15_m-deepseek-coder-v2-lite_sol1_gd0_rs0_bd1_str-lenient_t00_n1,485,2,1,deepseek-ai/DeepSeek-Coder-V2-Lite-Instruct,1,0,1,0,lenient,0.0,12.0,0.0
2026-08-11 20:33:13,IA15_m-deepseek-coder-v2-lite_sol1_gd0_rs0_bd1_str-lenient_t00_n1,486,1,1,deepseek-ai/DeepSeek-Coder-V2-Lite-Instruct,1,0,1,0,lenient,0.0,18.0,0.0
2026-08-11 20:33:20,IA15_m-deepseek-coder-v2-lite_sol1_gd0_rs0_bd1_str-lenient_t00_n1,486,2,1,deepseek-ai/DeepSeek-Coder-V2-Lite-Instruct,1,0,1,0,lenient,0.0,13.0,0.0
2026-08-11 20:33:27,IA15_m-deepseek-coder-v2-lite_sol1_gd0_rs0_bd1_str-lenient_t00_n1,486,3,1,deepseek-ai/DeepSeek-Coder-V2-Lite-Instruct,1,0,1,0,lenient,0.0,14.0,0.0
2026-08-11 20:33:35,IA15_m-deepseek-coder-v2-lite_sol1_gd0_rs0_bd1_str-lenient_t00_n1,487,1,1,deepseek-ai/DeepSeek-Coder-V2-Lite-Instruct,1,0,1,0,lenient,0.0,18.0,0.0
2026-08-11 20:33:41,IA15_m-deepseek-coder-v2-lite_sol1_gd0_rs0_bd1_str-lenient_t00_n1,487,2,1,deepseek-ai/DeepSeek-Coder-V2-Lite-Instruct,1,0,1,0,lenient,0.0,13.0,0.0
2026-08-11 20:33:49,IA15_m-deepseek-coder-v2-lite_sol1_gd0_rs0_bd1_str-lenient_t00_n1,487,3,1,deepseek-ai/DeepSeek-Coder-V2-Lite-Instruct,1,0,1,0,lenient,0.0,14.0,0.0
2026-08-11 20:33:57,IA15_m-deepseek-coder-v2-lite_sol1_gd0_rs0_bd1_str-lenient_t00_n1,488,1,1,deepseek-ai/DeepSeek-Coder-V2-Lite-Instruct,1,0,1,0,lenient,0.0,20.0,0.0
2026-08-11 20:34:03,IA15_m-deepseek-coder-v2-lite_sol1_gd0_rs0_bd1_str-lenient_t00_n1,488,2,1,deepseek-ai/DeepSeek-Coder-V2-Lite-Instruct,1,0,1,0,lenient,0.0,13.0,0.0
2026-08-11 20:34:10,IA15_m-deepseek-coder-v2-lite_sol1_gd0_rs0_bd1_str-lenient_t00_n1,488,3,1,deepseek-ai/DeepSeek-Coder-V2-Lite-Instruct,1,0,1,0,lenient,0.0,16.0,0.0
2026-08-11 20:34:18,IA15_m-deepseek-coder-v2-lite_sol1_gd0_rs0_bd1_str-lenient_t00_n1,489,1,1,deepseek-ai/DeepSeek-Coder-V2-Lite-Instruct,1,0,1,0,lenient,0.0,18.0,0.0
2026-08-11 20:34:26,IA15_m-deepseek-coder-v2-lite_sol1_gd0_rs0_bd1_str-lenient_t00_n1,489,2,1,deepseek-ai/DeepSeek-Coder-V2-Lite-Instruct,1,0,1,0,lenient,0.0,12.0,0.0
2026-08-11 20:34:33,IA15_m-deepseek-coder-v2-lite_sol1_gd0_rs0_bd1_str-lenient_t00_n1,489,3,1,deepseek-ai/DeepSeek-Coder-V2-Lite-Instruct,1,0,1,0,lenient,0.0,14.0,0.0
2026-08-11 20:34:40,IA15_m-deepseek-coder-v2-lite_sol1_gd0_rs0_bd1_str-lenient_t00_n1,490,1,1,deepseek-ai/DeepSeek-Coder-V2-Lite-Instruct,1,0,1,0,lenient,0.0,18.0,0.0
2026-08-11 20:34:47,IA15_m-deepseek-coder-v2-lite_sol1_gd0_rs0_bd1_str-lenient_t00_n1,490,2,1,deepseek-ai/DeepSeek-Coder-V2-Lite-Instruct,1,0,1,0,lenient,0.0,13.0,0.0
2026-08-11 20:34:54,IA15_m-deepseek-coder-v2-lite_sol1_gd0_rs0_bd1_str-lenient_t00_n1,490,3,1,deepseek-ai/DeepSeek-Coder-V2-Lite-Instruct,1,0,1,0,lenient,0.0,17.0,0.0
2026-08-11 20:35:01,IA15_m-deepseek-coder-v2-lite_sol1_gd0_rs0_bd1_str-lenient_t00_n1,491,1,1,deepseek-ai/DeepSeek-Coder-V2-Lite-Instruct,1,0,1,0,lenient,0.0,18.0,0.0
2026-08-11 20:35:08,IA15_m-deepseek-coder-v2-lite_sol1_gd0_rs0_bd1_str-lenient_t00_n1,491,2,1,deepseek-ai/DeepSeek-Coder-V2-Lite-Instruct,1,0,1,0,lenient,0.0,12.0,0.0
2026-08-11 20:35:15,IA15_m-deepseek-coder-v2-lite_sol1_gd0_rs0_bd1_str-lenient_t00_n1,491,3,1,deepseek-ai/DeepSeek-Coder-V2-Lite-Instruct,1,0,1,0,lenient,0.0,17.0,0.0
2026-08-11 20:35:22,IA15_m-deepseek-coder-v2-lite_sol1_gd0_rs0_bd1_str-lenient_t00_n1,492,1,1,deepseek-ai/DeepSeek-Coder-V2-Lite-Instruct,1,0,1,0,lenient,0.0,18.0,0.0
2026-08-11 20:35:28,IA15_m-deepseek-coder-v2-lite_sol1_gd0_rs0_bd1_str-lenient_t00_n1,492,2,1,deepseek-ai/DeepSeek-Coder-V2-Lite-Instruct,1,0,1,0,lenient,0.0,12.0,0.0
2026-08-11 20:35:35,IA15_m-deepseek-coder-v2-lite_sol1_gd0_rs0_bd1_str-lenient_t00_n1,492,3,1,deepseek-ai/DeepSeek-Coder-V2-Lite-Instruct,1,0,1,0,lenient,0.0,17.0,0.0
2026-08-11 20:35:44,IA15_m-deepseek-coder-v2-lite_sol1_gd0_rs0_bd1_str-lenient_t00_n1,493,1,1,deepseek-ai/DeepSeek-Coder-V2-Lite-Instruct,1,0,1,0,lenient,0.0,18.0,0.0
2026-08-11 20:35:49,IA15_m-deepseek-coder-v2-lite_sol1_gd0_rs0_bd1_str-lenient_t00_n1,493,2,1,deepseek-ai/DeepSeek-Coder-V2-Lite-Instruct,1,0,1,0,lenient,0.0,13.0,0.0
2026-08-11 20:35:56,IA15_m-deepseek-coder-v2-lite_sol1_gd0_rs0_bd1_str-lenient_t00_n1,493,3,1,deepseek-ai/DeepSeek-Coder-V2-Lite-Instruct,1,0,1,0,lenient,0.0,17.0,0.0
2026-08-11 20:36:04,IA15_m-deepseek-coder-v2-lite_sol1_gd0_rs0_bd1_str-lenient_t00_n1,494,1,1,deepseek-ai/DeepSeek-Coder-V2-Lite-Instruct,1,0,1,0,lenient,0.0,15.0,0.0
2026-08-11 20:36:07,IA15_m-deepseek-coder-v2-lite_sol1_gd0_rs0_bd1_str-lenient_t00_n1,494,2,1,deepseek-ai/DeepSeek-Coder-V2-Lite-Instruct,1,0,1,0,lenient,0.0,10.0,0.0
2026-08-11 20:36:15,IA15_m-deepseek-coder-v2-lite_sol1_gd0_rs0_bd1_str-lenient_t00_n1,494,3,1,deepseek-ai/DeepSeek-Coder-V2-Lite-Instruct,1,0,1,0,lenient,0.0,16.0,0.0
2026-08-11 20:36:23,IA15_m-deepseek-coder-v2-lite_sol1_gd0_rs0_bd1_str-lenient_t00_n1,495,1,1,deepseek-ai/DeepSeek-Coder-V2-Lite-Instruct,1,0,1,0,lenient,0.0,18.0,0.0
2026-08-11 20:36:34,IA15_m-deepseek-coder-v2-lite_sol1_gd0_rs0_bd1_str-lenient_t00_n1,495,2,1,deepseek-ai/DeepSeek-Coder-V2-Lite-Instruct,1,0,1,0,lenient,0.0,10.0,0.0
2026-08-11 20:36:41,IA15_m-deepseek-coder-v2-lite_sol1_gd0_rs0_bd1_str-lenient_t00_n1,495,3,1,deepseek-ai/DeepSeek-Coder-V2-Lite-Instruct,1,0,1,0,lenient,0.0,16.0,0.0
2026-08-11 20:36:49,IA15_m-deepseek-coder-v2-lite_sol1_gd0_rs0_bd1_str-lenient_t00_n1,496,1,1,deepseek-ai/DeepSeek-Coder-V2-Lite-Instruct,1,0,1,0,lenient,0.0,18.5,0.0
2026-08-11 20:36:55,IA15_m-deepseek-coder-v2-lite_sol1_gd0_rs0_bd1_str-lenient_t00_n1,496,2,1,deepseek-ai/DeepSeek-Coder-V2-Lite-Instruct,1,0,1,0,lenient,0.0,13.0,0.0
2026-08-11 20:36:58,IA15_m-deepseek-coder-v2-lite_sol1_gd0_rs0_bd1_str-lenient_t00_n1,496,3,1,deepseek-ai/DeepSeek-Coder-V2-Lite-Instruct,1,0,1,0,lenient,0.0,17.0,0.0
2026-08-11 20:37:06,IA15_m-deepseek-coder-v2-lite_sol1_gd0_rs0_bd1_str-lenient_t00_n1,497,1,1,deepseek-ai/DeepSeek-Coder-V2-Lite-Instruct,1,0,1,0,lenient,0.0,18.0,0.0
2026-08-11 20:37:13,IA15_m-deepseek-coder-v2-lite_sol1_gd0_rs0_bd1_str-lenient_t00_n1,497,2,1,deepseek-ai/DeepSeek-Coder-V2-Lite-Instruct,1,0,1,0,lenient,0.0,12.0,0.0
2026-08-11 20:37:20,IA15_m-deepseek-coder-v2-lite_sol1_gd0_rs0_bd1_str-lenient_t00_n1,497,3,1,deepseek-ai/DeepSeek-Coder-V2-Lite-Instruct,1,0,1,0,lenient,0.0,14.0,0.0
2026-08-11 20:37:27,IA15_m-deepseek-coder-v2-lite_sol1_gd0_rs0_bd1_str-lenient_t00_n1,498,1,1,deepseek-ai/DeepSeek-Coder-V2-Lite-Instruct,1,0,1,0,lenient,0.0,18.0,0.0
2026-08-11 20:37:35,IA15_m-deepseek-coder-v2-lite_sol1_gd0_rs0_bd1_str-lenient_t00_n1,498,2,1,deepseek-ai/DeepSeek-Coder-V2-Lite-Instruct,1,0,1,0,lenient,0.0,12.0,0.0
2026-08-11 20:37:41,IA15_m-deepseek-coder-v2-lite_sol1_gd0_rs0_bd1_str-lenient_t00_n1,498,3,1,deepseek-ai/DeepSeek-Coder-V2-Lite-Instruct,1,0,1,0,lenient,0.0,16.0,0.0
2026-08-11 20:37:49,IA15_m-deepseek-coder-v2-lite_sol1_gd0_rs0_bd1_str-lenient_t00_n1,499,1,1,deepseek-ai/DeepSeek-Coder-V2-Lite-Instruct,1,0,1,0,lenient,0.0,18.0,0.0
2026-08-11 20:37:56,IA15_m-deepseek-coder-v2-lite_sol1_gd0_rs0_bd1_str-lenient_t00_n1,499,2,1,deepseek-ai/DeepSeek-Coder-V2-Lite-Instruct,1,0,1,0,lenient,0.0,12.0,0.0
2026-08-11 20:38:03,IA15_m-deepseek-coder-v2-lite_sol1_gd0_rs0_bd1_str-lenient_t00_n1,499,3,1,deepseek-ai/DeepSeek-Coder-V2-Lite-Instruct,1,0,1,0,lenient,0.0,17.0,0.0
2026-08-11 20:38:11,IA15_m-deepseek-coder-v2-lite_sol1_gd0_rs0_bd1_str-lenient_t00_n1,500,1,1,deepseek-ai/DeepSeek-Coder-V2-Lite-Instruct,1,0,1,0,lenient,0.0,18.0,0.0
2026-08-11 20:38:18,IA15_m-deepseek-coder-v2-lite_sol1_gd0_rs0_bd1_str-lenient_t00_n1,500,2,1,deepseek-ai/DeepSeek-Coder-V2-Lite-Instruct,1,0,1,0,lenient,0.0,12.0,0.0
2026-08-11 20:38:25,IA15_m-deepseek-coder-v2-lite_sol1_gd0_rs0_bd1_str-lenient_t00_n1,500,3,1,deepseek-ai/DeepSeek-Coder-V2-Lite-Instruct,1,0,1,0,lenient,0.0,14.0,0.0
2026-08-11 20:38:33,IA15_m-deepseek-coder-v2-lite_sol1_gd0_rs0_bd1_str-lenient_t00_n1,501,1,1,deepseek-ai/DeepSeek-Coder-V2-Lite-Instruct,1,0,1,0,lenient,0.0,18.0,0.0
2026-08-11 20:38:39,IA15_m-deepseek-coder-v2-lite_sol1_gd0_rs0_bd1_str-lenient_t00_n1,501,2,1,deepseek-ai/DeepSeek-Coder-V2-Lite-Instruct,1,0,1,0,lenient,0.0,12.0,0.0
2026-08-11 20:38:46,IA15_m-deepseek-coder-v2-lite_sol1_gd0_rs0_bd1_str-lenient_t00_n1,501,3,1,deepseek-ai/DeepSeek-Coder-V2-Lite-Instruct,1,0,1,0,lenient,0.0,14.0,0.0
2026-08-11 20:38:53,IA15_m-deepseek-coder-v2-lite_sol1_gd0_rs0_bd1_str-lenient_t00_n1,502,1,1,deepseek-ai/DeepSeek-Coder-V2-Lite-Instruct,1,0,1,0,lenient,0.0,18.0,0.0
2026-08-11 20:38:59,IA15_m-deepseek-coder-v2-lite_sol1_gd0_rs0_bd1_str-lenient_t00_n1,502,2,1,deepseek-ai/DeepSeek-Coder-V2-Lite-Instruct,1,0,1,0,lenient,0.0,13.0,0.0
2026-08-11 20:39:06,IA15_m-deepseek-coder-v2-lite_sol1_gd0_rs0_bd1_str-lenient_t00_n1,502,3,1,deepseek-ai/DeepSeek-Coder-V2-Lite-Instruct,1,0,1,0,lenient,0.0,17.0,0.0
2026-08-11 20:39:14,IA15_m-deepseek-coder-v2-lite_sol1_gd0_rs0_bd1_str-lenient_t00_n1,503,1,1,deepseek-ai/DeepSeek-Coder-V2-Lite-Instruct,1,0,1,0,lenient,0.0,18.0,0.0
2026-08-11 20:39:21,IA15_m-deepseek-coder-v2-lite_sol1_gd0_rs0_bd1_str-lenient_t00_n1,503,2,1,deepseek-ai/DeepSeek-Coder-V2-Lite-Instruct,1,0,1,0,lenient,0.0,12.0,0.0
2026-08-11 20:39:29,IA15_m-deepseek-coder-v2-lite_sol1_gd0_rs0_bd1_str-lenient_t00_n1,503,3,1,deepseek-ai/DeepSeek-Coder-V2-Lite-Instruct,1,0,1,0,lenient,0.0,16.0,0.0
2026-08-11 20:39:37,IA15_m-deepseek-coder-v2-lite_sol1_gd0_rs0_bd1_str-lenient_t00_n1,504,1,1,deepseek-ai/DeepSeek-Coder-V2-Lite-Instruct,1,0,1,0,lenient,0.0,18.0,0.0
2026-08-11 20:39:44,IA15_m-deepseek-coder-v2-lite_sol1_gd0_rs0_bd1_str-lenient_t00_n1,504,2,1,deepseek-ai/DeepSeek-Coder-V2-Lite-Instruct,1,0,1,0,lenient,0.0,12.0,0.0
2026-08-11 20:39:52,IA15_m-deepseek-coder-v2-lite_sol1_gd0_rs0_bd1_str-lenient_t00_n1,504,3,1,deepseek-ai/DeepSeek-Coder-V2-Lite-Instruct,1,0,1,0,lenient,0.0,14.0,0.0
2026-08-11 20:40:00,IA15_m-deepseek-coder-v2-lite_sol1_gd0_rs0_bd1_str-lenient_t00_n1,505,1,1,deepseek-ai/DeepSeek-Coder-V2-Lite-Instruct,1,0,1,0,lenient,0.0,18.0,0.0
2026-08-11 20:40:06,IA15_m-deepseek-coder-v2-lite_sol1_gd0_rs0_bd1_str-lenient_t00_n1,505,2,1,deepseek-ai/DeepSeek-Coder-V2-Lite-Instruct,1,0,1,0,lenient,0.0,13.0,0.0
2026-08-11 20:40:15,IA15_m-deepseek-coder-v2-lite_sol1_gd0_rs0_bd1_str-lenient_t00_n1,505,3,1,deepseek-ai/DeepSeek-Coder-V2-Lite-Instruct,1,0,1,0,lenient,0.0,15.0,0.0
2026-08-11 20:40:23,IA15_m-deepseek-coder-v2-lite_sol1_gd0_rs0_bd1_str-lenient_t00_n1,506,1,1,deepseek-ai/DeepSeek-Coder-V2-Lite-Instruct,1,0,1,0,lenient,0.0,18.0,0.0
2026-08-11 20:40:29,IA15_m-deepseek-coder-v2-lite_sol1_gd0_rs0_bd1_str-lenient_t00_n1,506,2,1,deepseek-ai/DeepSeek-Coder-V2-Lite-Instruct,1,0,1,0,lenient,0.0,13.0,0.0
2026-08-11 20:40:37,IA15_m-deepseek-coder-v2-lite_sol1_gd0_rs0_bd1_str-lenient_t00_n1,506,3,1,deepseek-ai/DeepSeek-Coder-V2-Lite-Instruct,1,0,1,0,lenient,0.0,16.0,0.0
2026-08-11 20:40:45,IA15_m-deepseek-coder-v2-lite_sol1_gd0_rs0_bd1_str-lenient_t00_n1,507,1,1,deepseek-ai/DeepSeek-Coder-V2-Lite-Instruct,1,0,1,0,lenient,0.0,18.0,0.0
2026-08-11 20:40:52,IA15_m-deepseek-coder-v2-lite_sol1_gd0_rs0_bd1_str-lenient_t00_n1,507,2,1,deepseek-ai/DeepSeek-Coder-V2-Lite-Instruct,1,0,1,0,lenient,0.0,12.0,0.0
2026-08-11 20:40:59,IA15_m-deepseek-coder-v2-lite_sol1_gd0_rs0_bd1_str-lenient_t00_n1,507,3,1,deepseek-ai/DeepSeek-Coder-V2-Lite-Instruct,1,0,1,0,lenient,0.0,14.0,0.0
2026-08-11 20:41:06,IA15_m-deepseek-coder-v2-lite_sol1_gd0_rs0_bd1_str-lenient_t00_n1,508,1,1,deepseek-ai/DeepSeek-Coder-V2-Lite-Instruct,1,0,1,0,lenient,0.0,18.0,0.0
2026-08-11 20:41:13,IA15_m-deepseek-coder-v2-lite_sol1_gd0_rs0_bd1_str-lenient_t00_n1,508,2,1,deepseek-ai/DeepSeek-Coder-V2-Lite-Instruct,1,0,1,0,lenient,0.0,12.0,0.0
2026-08-11 20:41:20,IA15_m-deepseek-coder-v2-lite_sol1_gd0_rs0_bd1_str-lenient_t00_n1,508,3,1,deepseek-ai/DeepSeek-Coder-V2-Lite-Instruct,1,0,1,0,lenient,0.0,14.0,0.0
2026-08-11 20:41:28,IA15_m-deepseek-coder-v2-lite_sol1_gd0_rs0_bd1_str-lenient_t00_n1,509,1,1,deepseek-ai/DeepSeek-Coder-V2-Lite-Instruct,1,0,1,0,lenient,0.0,18.0,0.0
2026-08-11 20:41:35,IA15_m-deepseek-coder-v2-lite_sol1_gd0_rs0_bd1_str-lenient_t00_n1,509,2,1,deepseek-ai/DeepSeek-Coder-V2-Lite-Instruct,1,0,1,0,lenient,0.0,12.0,0.0
2026-08-11 20:41:42,IA15_m-deepseek-coder-v2-lite_sol1_gd0_rs0_bd1_str-lenient_t00_n1,509,3,1,deepseek-ai/DeepSeek-Coder-V2-Lite-Instruct,1,0,1,0,lenient,0.0,14.0,0.0
2026-08-11 20:41:50,IA15_m-deepseek-coder-v2-lite_sol1_gd0_rs0_bd1_str-lenient_t00_n1,510,1,1,deepseek-ai/DeepSeek-Coder-V2-Lite-Instruct,1,0,1,0,lenient,0.0,18.0,0.0
2026-08-11 20:41:56,IA15_m-deepseek-coder-v2-lite_sol1_gd0_rs0_bd1_str-lenient_t00_n1,510,2,1,deepseek-ai/DeepSeek-Coder-V2-Lite-Instruct,1,0,1,0,lenient,0.0,12.0,0.0
2026-08-11 20:42:03,IA15_m-deepseek-coder-v2-lite_sol1_gd0_rs0_bd1_str-lenient_t00_n1,510,3,1,deepseek-ai/DeepSeek-Coder-V2-Lite-Instruct,1,0,1,0,lenient,0.0,17.0,0.0
2026-08-11 20:42:11,IA15_m-deepseek-coder-v2-lite_sol1_gd0_rs0_bd1_str-lenient_t00_n1,511,1,1,deepseek-ai/DeepSeek-Coder-V2-Lite-Instruct,1,0,1,0,lenient,0.0,18.0,0.0
2026-08-11 20:42:17,IA15_m-deepseek-coder-v2-lite_sol1_gd0_rs0_bd1_str-lenient_t00_n1,511,2,1,deepseek-ai/DeepSeek-Coder-V2-Lite-Instruct,1,0,1,0,lenient,0.0,12.0,0.0
2026-08-11 20:42:24,IA15_m-deepseek-coder-v2-lite_sol1_gd0_rs0_bd1_str-lenient_t00_n1,511,3,1,deepseek-ai/DeepSeek-Coder-V2-Lite-Instruct,1,0,1,0,lenient,0.0,14.0,0.0
2026-08-11 20:42:32,IA15_m-deepseek-coder-v2-lite_sol1_gd0_rs0_bd1_str-lenient_t00_n1,512,1,1,deepseek-ai/DeepSeek-Coder-V2-Lite-Instruct,1,0,1,0,lenient,0.0,18.0,0.0
2026-08-11 20:42:39,IA15_m-deepseek-coder-v2-lite_sol1_gd0_rs0_bd1_str-lenient_t00_n1,512,2,1,deepseek-ai/DeepSeek-Coder-V2-Lite-Instruct,1,0,1,0,lenient,0.0,13.0,0.0
2026-08-11 20:42:47,IA15_m-deepseek-coder-v2-lite_sol1_gd0_rs0_bd1_str-lenient_t00_n1,512,3,1,deepseek-ai/DeepSeek-Coder-V2-Lite-Instruct,1,0,1,0,lenient,0.0,14.0,0.0
2026-08-11 20:42:54,IA15_m-deepseek-coder-v2-lite_sol1_gd0_rs0_bd1_str-lenient_t00_n1,513,1,1,deepseek-ai/DeepSeek-Coder-V2-Lite-Instruct,1,0,1,0,lenient,0.0,20.0,0.0
2026-08-11 20:43:01,IA15_m-deepseek-coder-v2-lite_sol1_gd0_rs0_bd1_str-lenient_t00_n1,513,2,1,deepseek-ai/DeepSeek-Coder-V2-Lite-Instruct,1,0,1,0,lenient,0.0,12.0,0.0
2026-08-11 20:43:08,IA15_m-deepseek-coder-v2-lite_sol1_gd0_rs0_bd1_str-lenient_t00_n1,513,3,1,deepseek-ai/DeepSeek-Coder-V2-Lite-Instruct,1,0,1,0,lenient,0.0,17.0,0.0
2026-08-11 20:43:16,IA15_m-deepseek-coder-v2-lite_sol1_gd0_rs0_bd1_str-lenient_t00_n1,514,1,1,deepseek-ai/DeepSeek-Coder-V2-Lite-Instruct,1,0,1,0,lenient,0.0,18.0,0.0
2026-08-11 20:43:22,IA15_m-deepseek-coder-v2-lite_sol1_gd0_rs0_bd1_str-lenient_t00_n1,514,2,1,deepseek-ai/DeepSeek-Coder-V2-Lite-Instruct,1,0,1,0,lenient,0.0,12.0,0.0
2026-08-11 20:43:30,IA15_m-deepseek-coder-v2-lite_sol1_gd0_rs0_bd1_str-lenient_t00_n1,514,3,1,deepseek-ai/DeepSeek-Coder-V2-Lite-Instruct,1,0,1,0,lenient,0.0,14.0,0.0
2026-08-11 20:43:39,IA15_m-deepseek-coder-v2-lite_sol1_gd0_rs0_bd1_str-lenient_t00_n1,515,1,1,deepseek-ai/DeepSeek-Coder-V2-Lite-Instruct,1,0,1,0,lenient,0.0,21.0,2.0
2026-08-11 20:43:46,IA15_m-deepseek-coder-v2-lite_sol1_gd0_rs0_bd1_str-lenient_t00_n1,515,2,1,deepseek-ai/DeepSeek-Coder-V2-Lite-Instruct,1,0,1,0,lenient,0.0,13.0,0.0
2026-08-11 20:43:51,IA15_m-deepseek-coder-v2-lite_sol1_gd0_rs0_bd1_str-lenient_t00_n1,515,3,1,deepseek-ai/DeepSeek-Coder-V2-Lite-Instruct,1,0,1,0,lenient,0.0,17.0,0.0
2026-08-11 20:43:58,IA15_m-deepseek-coder-v2-lite_sol1_gd0_rs0_bd1_str-lenient_t00_n1,516,1,1,deepseek-ai/DeepSeek-Coder-V2-Lite-Instruct,1,0,1,0,lenient,0.0,20.0,0.0
2026-08-11 20:44:05,IA15_m-deepseek-coder-v2-lite_sol1_gd0_rs0_bd1_str-lenient_t00_n1,516,2,1,deepseek-ai/DeepSeek-Coder-V2-Lite-Instruct,1,0,1,0,lenient,0.0,13.0,0.0
2026-08-11 20:44:12,IA15_m-deepseek-coder-v2-lite_sol1_gd0_rs0_bd1_str-lenient_t00_n1,516,3,1,deepseek-ai/DeepSeek-Coder-V2-Lite-Instruct,1,0,1,0,lenient,0.0,17.0,0.0
2026-08-11 20:44:21,IA15_m-deepseek-coder-v2-lite_sol1_gd0_rs0_bd1_str-lenient_t00_n1,517,1,1,deepseek-ai/DeepSeek-Coder-V2-Lite-Instruct,1,0,1,0,lenient,0.0,18.0,0.0
2026-08-11 20:44:28,IA15_m-deepseek-coder-v2-lite_sol1_gd0_rs0_bd1_str-lenient_t00_n1,517,2,1,deepseek-ai/DeepSeek-Coder-V2-Lite-Instruct,1,0,1,0,lenient,0.0,13.0,0.0
2026-08-11 20:44:35,IA15_m-deepseek-coder-v2-lite_sol1_gd0_rs0_bd1_str-lenient_t00_n1,517,3,1,deepseek-ai/DeepSeek-Coder-V2-Lite-Instruct,1,0,1,0,lenient,0.0,17.0,0.0
2026-08-11 20:44:43,IA15_m-deepseek-coder-v2-lite_sol1_gd0_rs0_bd1_str-lenient_t00_n1,518,1,1,deepseek-ai/DeepSeek-Coder-V2-Lite-Instruct,1,0,1,0,lenient,0.0,18.0,0.0
2026-08-11 20:44:50,IA15_m-deepseek-coder-v2-lite_sol1_gd0_rs0_bd1_str-lenient_t00_n1,518,2,1,deepseek-ai/DeepSeek-Coder-V2-Lite-Instruct,1,0,1,0,lenient,0.0,13.0,0.0
2026-08-11 20:44:57,IA15_m-deepseek-coder-v2-lite_sol1_gd0_rs0_bd1_str-lenient_t00_n1,518,3,1,deepseek-ai/DeepSeek-Coder-V2-Lite-Instruct,1,0,1,0,lenient,0.0,17.0,0.0
2026-08-11 20:45:04,IA15_m-deepseek-coder-v2-lite_sol1_gd0_rs0_bd1_str-lenient_t00_n1,519,1,1,deepseek-ai/DeepSeek-Coder-V2-Lite-Instruct,1,0,1,0,lenient,0.0,18.0,0.0
2026-08-11 20:45:11,IA15_m-deepseek-coder-v2-lite_sol1_gd0_rs0_bd1_str-lenient_t00_n1,519,2,1,deepseek-ai/DeepSeek-Coder-V2-Lite-Instruct,1,0,1,0,lenient,0.0,12.0,0.0
2026-08-11 20:45:18,IA15_m-deepseek-coder-v2-lite_sol1_gd0_rs0_bd1_str-lenient_t00_n1,519,3,1,deepseek-ai/DeepSeek-Coder-V2-Lite-Instruct,1,0,1,0,lenient,0.0,17.0,0.0
2026-08-11 20:45:27,IA15_m-deepseek-coder-v2-lite_sol1_gd0_rs0_bd1_str-lenient_t00_n1,520,1,1,deepseek-ai/DeepSeek-Coder-V2-Lite-Instruct,1,0,1,0,lenient,0.0,18.0,0.0
2026-08-11 20:45:34,IA15_m-deepseek-coder-v2-lite_sol1_gd0_rs0_bd1_str-lenient_t00_n1,520,2,1,deepseek-ai/DeepSeek-Coder-V2-Lite-Instruct,1,0,1,0,lenient,0.0,13.0,0.0
2026-08-11 20:45:41,IA15_m-deepseek-coder-v2-lite_sol1_gd0_rs0_bd1_str-lenient_t00_n1,520,3,1,deepseek-ai/DeepSeek-Coder-V2-Lite-Instruct,1,0,1,0,lenient,0.0,15.0,0.0
2026-08-11 20:45:49,IA15_m-deepseek-coder-v2-lite_sol1_gd0_rs0_bd1_str-lenient_t00_n1,521,1,1,deepseek-ai/DeepSeek-Coder-V2-Lite-Instruct,1,0,1,0,lenient,0.0,18.0,0.0
2026-08-11 20:45:56,IA15_m-deepseek-coder-v2-lite_sol1_gd0_rs0_bd1_str-lenient_t00_n1,521,2,1,deepseek-ai/DeepSeek-Coder-V2-Lite-Instruct,1,0,1,0,lenient,0.0,13.0,0.0
2026-08-11 20:46:03,IA15_m-deepseek-coder-v2-lite_sol1_gd0_rs0_bd1_str-lenient_t00_n1,521,3,1,deepseek-ai/DeepSeek-Coder-V2-Lite-Instruct,1,0,1,0,lenient,0.0,14.0,0.0
2026-08-11 20:46:12,IA15_m-deepseek-coder-v2-lite_sol1_gd0_rs0_bd1_str-lenient_t00_n1,522,1,1,deepseek-ai/DeepSeek-Coder-V2-Lite-Instruct,1,0,1,0,lenient,0.0,21.0,2.0
2026-08-11 20:46:19,IA15_m-deepseek-coder-v2-lite_sol1_gd0_rs0_bd1_str-lenient_t00_n1,522,2,1,deepseek-ai/DeepSeek-Coder-V2-Lite-Instruct,1,0,1,0,lenient,0.0,13.0,0.0
2026-08-11 20:46:27,IA15_m-deepseek-coder-v2-lite_sol1_gd0_rs0_bd1_str-lenient_t00_n1,522,3,1,deepseek-ai/DeepSeek-Coder-V2-Lite-Instruct,1,0,1,0,lenient,0.0,18.0,2.0
2026-08-11 20:46:34,IA15_m-deepseek-coder-v2-lite_sol1_gd0_rs0_bd1_str-lenient_t00_n1,523,1,1,deepseek-ai/DeepSeek-Coder-V2-Lite-Instruct,1,0,1,0,lenient,0.0,18.0,0.0
2026-08-11 20:46:41,IA15_m-deepseek-coder-v2-lite_sol1_gd0_rs0_bd1_str-lenient_t00_n1,523,2,1,deepseek-ai/DeepSeek-Coder-V2-Lite-Instruct,1,0,1,0,lenient,0.0,13.0,0.0
2026-08-11 20:46:48,IA15_m-deepseek-coder-v2-lite_sol1_gd0_rs0_bd1_str-lenient_t00_n1,523,3,1,deepseek-ai/DeepSeek-Coder-V2-Lite-Instruct,1,0,1,0,lenient,0.0,14.0,0.0
2026-08-11 20:46:56,IA15_m-deepseek-coder-v2-lite_sol1_gd0_rs0_bd1_str-lenient_t00_n1,524,1,1,deepseek-ai/DeepSeek-Coder-V2-Lite-Instruct,1,0,1,0,lenient,0.0,18.0,0.0
2026-08-11 20:47:03,IA15_m-deepseek-coder-v2-lite_sol1_gd0_rs0_bd1_str-lenient_t00_n1,524,2,1,deepseek-ai/DeepSeek-Coder-V2-Lite-Instruct,1,0,1,0,lenient,0.0,13.0,0.0
2026-08-11 20:47:10,IA15_m-deepseek-coder-v2-lite_sol1_gd0_rs0_bd1_str-lenient_t00_n1,524,3,1,deepseek-ai/DeepSeek-Coder-V2-Lite-Instruct,1,0,1,0,lenient,0.0,17.0,0.0
2026-08-11 20:47:18,IA15_m-deepseek-coder-v2-lite_sol1_gd0_rs0_bd1_str-lenient_t00_n1,525,1,1,deepseek-ai/DeepSeek-Coder-V2-Lite-Instruct,1,0,1,0,lenient,0.0,15.0,0.0
2026-08-11 20:47:24,IA15_m-deepseek-coder-v2-lite_sol1_gd0_rs0_bd1_str-lenient_t00_n1,525,2,1,deepseek-ai/DeepSeek-Coder-V2-Lite-Instruct,1,0,1,0,lenient,0.0,12.0,0.0
2026-08-11 20:47:28,IA15_m-deepseek-coder-v2-lite_sol1_gd0_rs0_bd1_str-lenient_t00_n1,525,3,1,deepseek-ai/DeepSeek-Coder-V2-Lite-Instruct,1,0,1,0,lenient,0.0,14.0,0.0
2026-08-11 20:47:36,IA15_m-deepseek-coder-v2-lite_sol1_gd0_rs0_bd1_str-lenient_t00_n1,526,1,1,deepseek-ai/DeepSeek-Coder-V2-Lite-Instruct,1,0,1,0,lenient,0.0,18.0,0.0
2026-08-11 20:47:43,IA15_m-deepseek-coder-v2-lite_sol1_gd0_rs0_bd1_str-lenient_t00_n1,526,2,1,deepseek-ai/DeepSeek-Coder-V2-Lite-Instruct,1,0,1,0,lenient,0.0,13.0,0.0
2026-08-11 20:47:50,IA15_m-deepseek-coder-v2-lite_sol1_gd0_rs0_bd1_str-lenient_t00_n1,526,3,1,deepseek-ai/DeepSeek-Coder-V2-Lite-Instruct,1,0,1,0,lenient,0.0,14.0,0.0
2026-08-11 20:47:58,IA15_m-deepseek-coder-v2-lite_sol1_gd0_rs0_bd1_str-lenient_t00_n1,527,1,1,deepseek-ai/DeepSeek-Coder-V2-Lite-Instruct,1,0,1,0,lenient,0.0,15.0,0.0
2026-08-11 20:48:04,IA15_m-deepseek-coder-v2-lite_sol1_gd0_rs0_bd1_str-lenient_t00_n1,527,2,1,deepseek-ai/DeepSeek-Coder-V2-Lite-Instruct,1,0,1,0,lenient,0.0,12.0,0.0
2026-08-11 20:48:11,IA15_m-deepseek-coder-v2-lite_sol1_gd0_rs0_bd1_str-lenient_t00_n1,527,3,1,deepseek-ai/DeepSeek-Coder-V2-Lite-Instruct,1,0,1,0,lenient,0.0,14.0,0.0
2026-08-11 20:48:19,IA15_m-deepseek-coder-v2-lite_sol1_gd0_rs0_bd1_str-lenient_t00_n1,528,1,1,deepseek-ai/DeepSeek-Coder-V2-Lite-Instruct,1,0,1,0,lenient,0.0,18.0,0.0
2026-08-11 20:48:25,IA15_m-deepseek-coder-v2-lite_sol1_gd0_rs0_bd1_str-lenient_t00_n1,528,2,1,deepseek-ai/DeepSeek-Coder-V2-Lite-Instruct,1,0,1,0,lenient,0.0,12.0,0.0
2026-08-11 20:48:32,IA15_m-deepseek-coder-v2-lite_sol1_gd0_rs0_bd1_str-lenient_t00_n1,528,3,1,deepseek-ai/DeepSeek-Coder-V2-Lite-Instruct,1,0,1,0,lenient,0.0,16.0,0.0
2026-08-11 20:48:39,IA15_m-deepseek-coder-v2-lite_sol1_gd0_rs0_bd1_str-lenient_t00_n1,529,1,1,deepseek-ai/DeepSeek-Coder-V2-Lite-Instruct,1,0,1,0,lenient,0.0,18.0,0.0
2026-08-11 20:48:46,IA15_m-deepseek-coder-v2-lite_sol1_gd0_rs0_bd1_str-lenient_t00_n1,529,2,1,deepseek-ai/DeepSeek-Coder-V2-Lite-Instruct,1,0,1,0,lenient,0.0,13.0,0.0
2026-08-11 20:48:53,IA15_m-deepseek-coder-v2-lite_sol1_gd0_rs0_bd1_str-lenient_t00_n1,529,3,1,deepseek-ai/DeepSeek-Coder-V2-Lite-Instruct,1,0,1,0,lenient,0.0,17.0,0.0
2026-08-11 20:49:01,IA15_m-deepseek-coder-v2-lite_sol1_gd0_rs0_bd1_str-lenient_t00_n1,530,1,1,deepseek-ai/DeepSeek-Coder-V2-Lite-Instruct,1,0,1,0,lenient,0.0,18.0,0.0
2026-08-11 20:49:08,IA15_m-deepseek-coder-v2-lite_sol1_gd0_rs0_bd1_str-lenient_t00_n1,530,2,1,deepseek-ai/DeepSeek-Coder-V2-Lite-Instruct,1,0,1,0,lenient,0.0,12.0,0.0
2026-08-11 20:49:16,IA15_m-deepseek-coder-v2-lite_sol1_gd0_rs0_bd1_str-lenient_t00_n1,530,3,1,deepseek-ai/DeepSeek-Coder-V2-Lite-Instruct,1,0,1,0,lenient,0.0,16.0,0.0
2026-08-11 20:49:23,IA15_m-deepseek-coder-v2-lite_sol1_gd0_rs0_bd1_str-lenient_t00_n1,531,1,1,deepseek-ai/DeepSeek-Coder-V2-Lite-Instruct,1,0,1,0,lenient,0.0,18.0,0.0
2026-08-11 20:49:30,IA15_m-deepseek-coder-v2-lite_sol1_gd0_rs0_bd1_str-lenient_t00_n1,531,2,1,deepseek-ai/DeepSeek-Coder-V2-Lite-Instruct,1,0,1,0,lenient,0.0,13.0,0.0
2026-08-11 20:49:38,IA15_m-deepseek-coder-v2-lite_sol1_gd0_rs0_bd1_str-lenient_t00_n1,531,3,1,deepseek-ai/DeepSeek-Coder-V2-Lite-Instruct,1,0,1,0,lenient,0.0,17.0,0.0
2026-08-11 20:49:45,IA15_m-deepseek-coder-v2-lite_sol1_gd0_rs0_bd1_str-lenient_t00_n1,532,1,1,deepseek-ai/DeepSeek-Coder-V2-Lite-Instruct,1,0,1,0,lenient,0.0,18.0,0.0
2026-08-11 20:49:52,IA15_m-deepseek-coder-v2-lite_sol1_gd0_rs0_bd1_str-lenient_t00_n1,532,2,1,deepseek-ai/DeepSeek-Coder-V2-Lite-Instruct,1,0,1,0,lenient,0.0,13.0,0.0
2026-08-11 20:49:59,IA15_m-deepseek-coder-v2-lite_sol1_gd0_rs0_bd1_str-lenient_t00_n1,532,3,1,deepseek-ai/DeepSeek-Coder-V2-Lite-Instruct,1,0,1,0,lenient,0.0,17.0,0.0
2026-08-11 20:50:08,IA15_m-deepseek-coder-v2-lite_sol1_gd0_rs0_bd1_str-lenient_t00_n1,533,1,1,deepseek-ai/DeepSeek-Coder-V2-Lite-Instruct,1,0,1,0,lenient,0.0,18.0,0.0
2026-08-11 20:50:13,IA15_m-deepseek-coder-v2-lite_sol1_gd0_rs0_bd1_str-lenient_t00_n1,533,2,1,deepseek-ai/DeepSeek-Coder-V2-Lite-Instruct,1,0,1,0,lenient,0.0,12.0,0.0
2026-08-11 20:50:20,IA15_m-deepseek-coder-v2-lite_sol1_gd0_rs0_bd1_str-lenient_t00_n1,533,3,1,deepseek-ai/DeepSeek-Coder-V2-Lite-Instruct,1,0,1,0,lenient,0.0,14.0,0.0
2026-08-11 20:50:28,IA15_m-deepseek-coder-v2-lite_sol1_gd0_rs0_bd1_str-lenient_t00_n1,534,1,1,deepseek-ai/DeepSeek-Coder-V2-Lite-Instruct,1,0,1,0,lenient,0.0,18.0,0.0
2026-08-11 20:50:34,IA15_m-deepseek-coder-v2-lite_sol1_gd0_rs0_bd1_str-lenient_t00_n1,534,2,1,deepseek-ai/DeepSeek-Coder-V2-Lite-Instruct,1,0,1,0,lenient,0.0,12.0,0.0
2026-08-11 20:50:41,IA15_m-deepseek-coder-v2-lite_sol1_gd0_rs0_bd1_str-lenient_t00_n1,534,3,1,deepseek-ai/DeepSeek-Coder-V2-Lite-Instruct,1,0,1,0,lenient,0.0,16.0,0.0
2026-08-11 20:50:49,IA15_m-deepseek-coder-v2-lite_sol1_gd0_rs0_bd1_str-lenient_t00_n1,535,1,1,deepseek-ai/DeepSeek-Coder-V2-Lite-Instruct,1,0,1,0,lenient,0.0,18.0,0.0
2026-08-11 20:50:56,IA15_m-deepseek-coder-v2-lite_sol1_gd0_rs0_bd1_str-lenient_t00_n1,535,2,1,deepseek-ai/DeepSeek-Coder-V2-Lite-Instruct,1,0,1,0,lenient,0.0,13.0,0.0
2026-08-11 20:51:04,IA15_m-deepseek-coder-v2-lite_sol1_gd0_rs0_bd1_str-lenient_t00_n1,535,3,1,deepseek-ai/DeepSeek-Coder-V2-Lite-Instruct,1,0,1,0,lenient,0.0,14.0,0.0
2026-08-11 20:51:11,IA15_m-deepseek-coder-v2-lite_sol1_gd0_rs0_bd1_str-lenient_t00_n1,536,1,1,deepseek-ai/DeepSeek-Coder-V2-Lite-Instruct,1,0,1,0,lenient,0.0,18.0,0.0
2026-08-11 20:51:18,IA15_m-deepseek-coder-v2-lite_sol1_gd0_rs0_bd1_str-lenient_t00_n1,536,2,1,deepseek-ai/DeepSeek-Coder-V2-Lite-Instruct,1,0,1,0,lenient,0.0,13.0,0.0
2026-08-11 20:51:25,IA15_m-deepseek-coder-v2-lite_sol1_gd0_rs0_bd1_str-lenient_t00_n1,536,3,1,deepseek-ai/DeepSeek-Coder-V2-Lite-Instruct,1,0,1,0,lenient,0.0,14.0,0.0
2026-08-11 20:51:34,IA15_m-deepseek-coder-v2-lite_sol1_gd0_rs0_bd1_str-lenient_t00_n1,537,1,1,deepseek-ai/DeepSeek-Coder-V2-Lite-Instruct,1,0,1,0,lenient,0.0,18.0,0.0
2026-08-11 20:51:41,IA15_m-deepseek-coder-v2-lite_sol1_gd0_rs0_bd1_str-lenient_t00_n1,537,2,1,deepseek-ai/DeepSeek-Coder-V2-Lite-Instruct,1,0,1,0,lenient,0.0,12.0,0.0
2026-08-11 20:51:48,IA15_m-deepseek-coder-v2-lite_sol1_gd0_rs0_bd1_str-lenient_t00_n1,537,3,1,deepseek-ai/DeepSeek-Coder-V2-Lite-Instruct,1,0,1,0,lenient,0.0,14.0,0.0
2026-08-11 20:51:56,IA15_m-deepseek-coder-v2-lite_sol1_gd0_rs0_bd1_str-lenient_t00_n1,538,1,1,deepseek-ai/DeepSeek-Coder-V2-Lite-Instruct,1,0,1,0,lenient,0.0,18.0,0.0
2026-08-11 20:52:03,IA15_m-deepseek-coder-v2-lite_sol1_gd0_rs0_bd1_str-lenient_t00_n1,538,2,1,deepseek-ai/DeepSeek-Coder-V2-Lite-Instruct,1,0,1,0,lenient,0.0,13.0,0.0
2026-08-11 20:52:10,IA15_m-deepseek-coder-v2-lite_sol1_gd0_rs0_bd1_str-lenient_t00_n1,538,3,1,deepseek-ai/DeepSeek-Coder-V2-Lite-Instruct,1,0,1,0,lenient,0.0,17.0,0.0
2026-08-11 20:52:18,IA15_m-deepseek-coder-v2-lite_sol1_gd0_rs0_bd1_str-lenient_t00_n1,539,1,1,deepseek-ai/DeepSeek-Coder-V2-Lite-Instruct,1,0,1,0,lenient,0.0,18.0,0.0
2026-08-11 20:52:24,IA15_m-deepseek-coder-v2-lite_sol1_gd0_rs0_bd1_str-lenient_t00_n1,539,2,1,deepseek-ai/DeepSeek-Coder-V2-Lite-Instruct,1,0,1,0,lenient,0.0,12.0,0.0
2026-08-11 20:52:31,IA15_m-deepseek-coder-v2-lite_sol1_gd0_rs0_bd1_str-lenient_t00_n1,539,3,1,deepseek-ai/DeepSeek-Coder-V2-Lite-Instruct,1,0,1,0,lenient,0.0,16.0,0.0
2026-08-11 20:52:39,IA15_m-deepseek-coder-v2-lite_sol1_gd0_rs0_bd1_str-lenient_t00_n1,540,1,1,deepseek-ai/DeepSeek-Coder-V2-Lite-Instruct,1,0,1,0,lenient,0.0,15.0,0.0
2026-08-11 20:52:44,IA15_m-deepseek-coder-v2-lite_sol1_gd0_rs0_bd1_str-lenient_t00_n1,540,2,1,deepseek-ai/DeepSeek-Coder-V2-Lite-Instruct,1,0,1,0,lenient,0.0,12.0,0.0
2026-08-11 20:52:51,IA15_m-deepseek-coder-v2-lite_sol1_gd0_rs0_bd1_str-lenient_t00_n1,540,3,1,deepseek-ai/DeepSeek-Coder-V2-Lite-Instruct,1,0,1,0,lenient,0.0,14.0,0.0
2026-08-11 20:52:59,IA15_m-deepseek-coder-v2-lite_sol1_gd0_rs0_bd1_str-lenient_t00_n1,541,1,1,deepseek-ai/DeepSeek-Coder-V2-Lite-Instruct,1,0,1,0,lenient,0.0,18.0,0.0
2026-08-11 20:53:05,IA15_m-deepseek-coder-v2-lite_sol1_gd0_rs0_bd1_str-lenient_t00_n1,541,2,1,deepseek-ai/DeepSeek-Coder-V2-Lite-Instruct,1,0,1,0,lenient,0.0,13.0,0.0
2026-08-11 20:53:12,IA15_m-deepseek-coder-v2-lite_sol1_gd0_rs0_bd1_str-lenient_t00_n1,541,3,1,deepseek-ai/DeepSeek-Coder-V2-Lite-Instruct,1,0,1,0,lenient,0.0,15.0,0.0
2026-08-11 20:53:20,IA15_m-deepseek-coder-v2-lite_sol1_gd0_rs0_bd1_str-lenient_t00_n1,542,1,1,deepseek-ai/DeepSeek-Coder-V2-Lite-Instruct,1,0,1,0,lenient,0.0,18.0,0.0
2026-08-11 20:53:27,IA15_m-deepseek-coder-v2-lite_sol1_gd0_rs0_bd1_str-lenient_t00_n1,542,2,1,deepseek-ai/DeepSeek-Coder-V2-Lite-Instruct,1,0,1,0,lenient,0.0,12.0,0.0
2026-08-11 20:53:34,IA15_m-deepseek-coder-v2-lite_sol1_gd0_rs0_bd1_str-lenient_t00_n1,542,3,1,deepseek-ai/DeepSeek-Coder-V2-Lite-Instruct,1,0,1,0,lenient,0.0,14.0,0.0
2026-08-11 20:53:42,IA15_m-deepseek-coder-v2-lite_sol1_gd0_rs0_bd1_str-lenient_t00_n1,543,1,1,deepseek-ai/DeepSeek-Coder-V2-Lite-Instruct,1,0,1,0,lenient,0.0,15.0,0.0
2026-08-11 20:53:48,IA15_m-deepseek-coder-v2-lite_sol1_gd0_rs0_bd1_str-lenient_t00_n1,543,2,1,deepseek-ai/DeepSeek-Coder-V2-Lite-Instruct,1,0,1,0,lenient,0.0,12.0,0.0
2026-08-11 20:53:56,IA15_m-deepseek-coder-v2-lite_sol1_gd0_rs0_bd1_str-lenient_t00_n1,543,3,1,deepseek-ai/DeepSeek-Coder-V2-Lite-Instruct,1,0,1,0,lenient,0.0,17.0,0.0
2026-08-11 20:54:03,IA15_m-deepseek-coder-v2-lite_sol1_gd0_rs0_bd1_str-lenient_t00_n1,544,1,1,deepseek-ai/DeepSeek-Coder-V2-Lite-Instruct,1,0,1,0,lenient,0.0,18.0,0.0
2026-08-11 20:54:09,IA15_m-deepseek-coder-v2-lite_sol1_gd0_rs0_bd1_str-lenient_t00_n1,544,2,1,deepseek-ai/DeepSeek-Coder-V2-Lite-Instruct,1,0,1,0,lenient,0.0,12.0,0.0
2026-08-11 20:54:16,IA15_m-deepseek-coder-v2-lite_sol1_gd0_rs0_bd1_str-lenient_t00_n1,544,3,1,deepseek-ai/DeepSeek-Coder-V2-Lite-Instruct,1,0,1,0,lenient,0.0,14.0,0.0
2026-08-11 20:54:24,IA15_m-deepseek-coder-v2-lite_sol1_gd0_rs0_bd1_str-lenient_t00_n1,545,1,1,deepseek-ai/DeepSeek-Coder-V2-Lite-Instruct,1,0,1,0,lenient,0.0,18.0,0.0
2026-08-11 20:54:31,IA15_m-deepseek-coder-v2-lite_sol1_gd0_rs0_bd1_str-lenient_t00_n1,545,2,1,deepseek-ai/DeepSeek-Coder-V2-Lite-Instruct,1,0,1,0,lenient,0.0,12.0,0.0
2026-08-11 20:54:38,IA15_m-deepseek-coder-v2-lite_sol1_gd0_rs0_bd1_str-lenient_t00_n1,545,3,1,deepseek-ai/DeepSeek-Coder-V2-Lite-Instruct,1,0,1,0,lenient,0.0,14.0,0.0
2026-08-11 20:54:46,IA15_m-deepseek-coder-v2-lite_sol1_gd0_rs0_bd1_str-lenient_t00_n1,546,1,1,deepseek-ai/DeepSeek-Coder-V2-Lite-Instruct,1,0,1,0,lenient,0.0,18.0,0.0
2026-08-11 20:54:53,IA15_m-deepseek-coder-v2-lite_sol1_gd0_rs0_bd1_str-lenient_t00_n1,546,2,1,deepseek-ai/DeepSeek-Coder-V2-Lite-Instruct,1,0,1,0,lenient,0.0,12.0,0.0
2026-08-11 20:55:00,IA15_m-deepseek-coder-v2-lite_sol1_gd0_rs0_bd1_str-lenient_t00_n1,546,3,1,deepseek-ai/DeepSeek-Coder-V2-Lite-Instruct,1,0,1,0,lenient,0.0,14.0,0.0
2026-08-11 20:55:08,IA15_m-deepseek-coder-v2-lite_sol1_gd0_rs0_bd1_str-lenient_t00_n1,547,1,1,deepseek-ai/DeepSeek-Coder-V2-Lite-Instruct,1,0,1,0,lenient,0.0,18.0,0.0
2026-08-11 20:55:14,IA15_m-deepseek-coder-v2-lite_sol1_gd0_rs0_bd1_str-lenient_t00_n1,547,2,1,deepseek-ai/DeepSeek-Coder-V2-Lite-Instruct,1,0,1,0,lenient,0.0,12.0,0.0
2026-08-11 20:55:22,IA15_m-deepseek-coder-v2-lite_sol1_gd0_rs0_bd1_str-lenient_t00_n1,547,3,1,deepseek-ai/DeepSeek-Coder-V2-Lite-Instruct,1,0,1,0,lenient,0.0,17.0,0.0
2026-08-11 20:55:30,IA15_m-deepseek-coder-v2-lite_sol1_gd0_rs0_bd1_str-lenient_t00_n1,548,1,1,deepseek-ai/DeepSeek-Coder-V2-Lite-Instruct,1,0,1,0,lenient,0.0,15.0,0.0
2026-08-11 20:55:35,IA15_m-deepseek-coder-v2-lite_sol1_gd0_rs0_bd1_str-lenient_t00_n1,548,2,1,deepseek-ai/DeepSeek-Coder-V2-Lite-Instruct,1,0,1,0,lenient,0.0,12.0,0.0
2026-08-11 20:55:42,IA15_m-deepseek-coder-v2-lite_sol1_gd0_rs0_bd1_str-lenient_t00_n1,548,3,1,deepseek-ai/DeepSeek-Coder-V2-Lite-Instruct,1,0,1,0,lenient,0.0,14.0,0.0
2026-08-11 20:55:50,IA15_m-deepseek-coder-v2-lite_sol1_gd0_rs0_bd1_str-lenient_t00_n1,549,1,1,deepseek-ai/DeepSeek-Coder-V2-Lite-Instruct,1,0,1,0,lenient,0.0,15.0,0.0
2026-08-11 20:55:56,IA15_m-deepseek-coder-v2-lite_sol1_gd0_rs0_bd1_str-lenient_t00_n1,549,2,1,deepseek-ai/DeepSeek-Coder-V2-Lite-Instruct,1,0,1,0,lenient,0.0,12.0,0.0
2026-08-11 20:56:03,IA15_m-deepseek-coder-v2-lite_sol1_gd0_rs0_bd1_str-lenient_t00_n1,549,3,1,deepseek-ai/DeepSeek-Coder-V2-Lite-Instruct,1,0,1,0,lenient,0.0,14.0,0.0
2026-08-11 20:56:11,IA15_m-deepseek-coder-v2-lite_sol1_gd0_rs0_bd1_str-lenient_t00_n1,550,1,1,deepseek-ai/DeepSeek-Coder-V2-Lite-Instruct,1,0,1,0,lenient,0.0,18.0,0.0
2026-08-11 20:56:18,IA15_m-deepseek-coder-v2-lite_sol1_gd0_rs0_bd1_str-lenient_t00_n1,550,2,1,deepseek-ai/DeepSeek-Coder-V2-Lite-Instruct,1,0,1,0,lenient,0.0,12.0,0.0
2026-08-11 20:56:25,IA15_m-deepseek-coder-v2-lite_sol1_gd0_rs0_bd1_str-lenient_t00_n1,550,3,1,deepseek-ai/DeepSeek-Coder-V2-Lite-Instruct,1,0,1,0,lenient,0.0,16.0,0.0
2026-08-11 20:56:33,IA15_m-deepseek-coder-v2-lite_sol1_gd0_rs0_bd1_str-lenient_t00_n1,551,1,1,deepseek-ai/DeepSeek-Coder-V2-Lite-Instruct,1,0,1,0,lenient,0.0,18.0,0.0
2026-08-11 20:56:40,IA15_m-deepseek-coder-v2-lite_sol1_gd0_rs0_bd1_str-lenient_t00_n1,551,2,1,deepseek-ai/DeepSeek-Coder-V2-Lite-Instruct,1,0,1,0,lenient,0.0,12.0,0.0
2026-08-11 20:56:46,IA15_m-deepseek-coder-v2-lite_sol1_gd0_rs0_bd1_str-lenient_t00_n1,551,3,1,deepseek-ai/DeepSeek-Coder-V2-Lite-Instruct,1,0,1,0,lenient,0.0,14.0,0.0
2026-08-11 20:56:55,IA15_m-deepseek-coder-v2-lite_sol1_gd0_rs0_bd1_str-lenient_t00_n1,552,1,1,deepseek-ai/DeepSeek-Coder-V2-Lite-Instruct,1,0,1,0,lenient,0.0,18.0,0.0
2026-08-11 20:57:02,IA15_m-deepseek-coder-v2-lite_sol1_gd0_rs0_bd1_str-lenient_t00_n1,552,2,1,deepseek-ai/DeepSeek-Coder-V2-Lite-Instruct,1,0,1,0,lenient,0.0,13.0,0.0
2026-08-11 20:57:09,IA15_m-deepseek-coder-v2-lite_sol1_gd0_rs0_bd1_str-lenient_t00_n1,552,3,1,deepseek-ai/DeepSeek-Coder-V2-Lite-Instruct,1,0,1,0,lenient,0.0,17.0,0.0
2026-08-11 20:57:16,IA15_m-deepseek-coder-v2-lite_sol1_gd0_rs0_bd1_str-lenient_t00_n1,553,1,1,deepseek-ai/DeepSeek-Coder-V2-Lite-Instruct,1,0,1,0,lenient,0.0,18.0,0.0
2026-08-11 20:57:23,IA15_m-deepseek-coder-v2-lite_sol1_gd0_rs0_bd1_str-lenient_t00_n1,553,2,1,deepseek-ai/DeepSeek-Coder-V2-Lite-Instruct,1,0,1,0,lenient,0.0,12.0,0.0
2026-08-11 20:57:31,IA15_m-deepseek-coder-v2-lite_sol1_gd0_rs0_bd1_str-lenient_t00_n1,553,3,1,deepseek-ai/DeepSeek-Coder-V2-Lite-Instruct,1,0,1,0,lenient,0.0,14.0,0.0
2026-08-11 20:57:39,IA15_m-deepseek-coder-v2-lite_sol1_gd0_rs0_bd1_str-lenient_t00_n1,554,1,1,deepseek-ai/DeepSeek-Coder-V2-Lite-Instruct,1,0,1,0,lenient,0.0,18.0,0.0
2026-08-11 20:57:45,IA15_m-deepseek-coder-v2-lite_sol1_gd0_rs0_bd1_str-lenient_t00_n1,554,2,1,deepseek-ai/DeepSeek-Coder-V2-Lite-Instruct,1,0,1,0,lenient,0.0,12.0,0.0
2026-08-11 20:57:53,IA15_m-deepseek-coder-v2-lite_sol1_gd0_rs0_bd1_str-lenient_t00_n1,554,3,1,deepseek-ai/DeepSeek-Coder-V2-Lite-Instruct,1,0,1,0,lenient,0.0,17.0,0.0
2026-08-11 20:58:01,IA15_m-deepseek-coder-v2-lite_sol1_gd0_rs0_bd1_str-lenient_t00_n1,555,1,1,deepseek-ai/DeepSeek-Coder-V2-Lite-Instruct,1,0,1,0,lenient,0.0,18.0,0.0
2026-08-11 20:58:08,IA15_m-deepseek-coder-v2-lite_sol1_gd0_rs0_bd1_str-lenient_t00_n1,555,2,1,deepseek-ai/DeepSeek-Coder-V2-Lite-Instruct,1,0,1,0,lenient,0.0,12.0,0.0
2026-08-11 20:58:15,IA15_m-deepseek-coder-v2-lite_sol1_gd0_rs0_bd1_str-lenient_t00_n1,555,3,1,deepseek-ai/DeepSeek-Coder-V2-Lite-Instruct,1,0,1,0,lenient,0.0,16.0,0.0
2026-08-11 20:58:22,IA15_m-deepseek-coder-v2-lite_sol1_gd0_rs0_bd1_str-lenient_t00_n1,556,1,1,deepseek-ai/DeepSeek-Coder-V2-Lite-Instruct,1,0,1,0,lenient,0.0,18.0,0.0
2026-08-11 20:58:28,IA15_m-deepseek-coder-v2-lite_sol1_gd0_rs0_bd1_str-lenient_t00_n1,556,2,1,deepseek-ai/DeepSeek-Coder-V2-Lite-Instruct,1,0,1,0,lenient,0.0,12.0,0.0
2026-08-11 20:58:35,IA15_m-deepseek-coder-v2-lite_sol1_gd0_rs0_bd1_str-lenient_t00_n1,556,3,1,deepseek-ai/DeepSeek-Coder-V2-Lite-Instruct,1,0,1,0,lenient,0.0,14.0,0.0
2026-08-11 20:58:43,IA15_m-deepseek-coder-v2-lite_sol1_gd0_rs0_bd1_str-lenient_t00_n1,557,1,1,deepseek-ai/DeepSeek-Coder-V2-Lite-Instruct,1,0,1,0,lenient,0.0,18.0,0.0
2026-08-11 20:58:49,IA15_m-deepseek-coder-v2-lite_sol1_gd0_rs0_bd1_str-lenient_t00_n1,557,2,1,deepseek-ai/DeepSeek-Coder-V2-Lite-Instruct,1,0,1,0,lenient,0.0,13.0,0.0
2026-08-11 20:58:56,IA15_m-deepseek-coder-v2-lite_sol1_gd0_rs0_bd1_str-lenient_t00_n1,557,3,1,deepseek-ai/DeepSeek-Coder-V2-Lite-Instruct,1,0,1,0,lenient,0.0,15.0,0.0
2026-08-11 20:59:05,IA15_m-deepseek-coder-v2-lite_sol1_gd0_rs0_bd1_str-lenient_t00_n1,558,1,1,deepseek-ai/DeepSeek-Coder-V2-Lite-Instruct,1,0,1,0,lenient,0.0,18.0,0.0
2026-08-11 20:59:10,IA15_m-deepseek-coder-v2-lite_sol1_gd0_rs0_bd1_str-lenient_t00_n1,558,2,1,deepseek-ai/DeepSeek-Coder-V2-Lite-Instruct,1,0,1,0,lenient,0.0,12.0,0.0
2026-08-11 20:59:14,IA15_m-deepseek-coder-v2-lite_sol1_gd0_rs0_bd1_str-lenient_t00_n1,558,3,1,deepseek-ai/DeepSeek-Coder-V2-Lite-Instruct,1,0,1,0,lenient,0.0,16.0,0.0
2026-08-11 20:59:21,IA15_m-deepseek-coder-v2-lite_sol1_gd0_rs0_bd1_str-lenient_t00_n1,559,1,1,deepseek-ai/DeepSeek-Coder-V2-Lite-Instruct,1,0,1,0,lenient,0.0,18.0,0.0
2026-08-11 20:59:28,IA15_m-deepseek-coder-v2-lite_sol1_gd0_rs0_bd1_str-lenient_t00_n1,559,2,1,deepseek-ai/DeepSeek-Coder-V2-Lite-Instruct,1,0,1,0,lenient,0.0,12.0,0.0
2026-08-11 20:59:35,IA15_m-deepseek-coder-v2-lite_sol1_gd0_rs0_bd1_str-lenient_t00_n1,559,3,1,deepseek-ai/DeepSeek-Coder-V2-Lite-Instruct,1,0,1,0,lenient,0.0,16.0,0.0
2026-08-11 20:59:43,IA15_m-deepseek-coder-v2-lite_sol1_gd0_rs0_bd1_str-lenient_t00_n1,560,1,1,deepseek-ai/DeepSeek-Coder-V2-Lite-Instruct,1,0,1,0,lenient,0.0,18.0,0.0
2026-08-11 20:59:49,IA15_m-deepseek-coder-v2-lite_sol1_gd0_rs0_bd1_str-lenient_t00_n1,560,2,1,deepseek-ai/DeepSeek-Coder-V2-Lite-Instruct,1,0,1,0,lenient,0.0,12.0,0.0
2026-08-11 20:59:57,IA15_m-deepseek-coder-v2-lite_sol1_gd0_rs0_bd1_str-lenient_t00_n1,560,3,1,deepseek-ai/DeepSeek-Coder-V2-Lite-Instruct,1,0,1,0,lenient,0.0,17.0,0.0
2026-08-11 21:00:04,IA15_m-deepseek-coder-v2-lite_sol1_gd0_rs0_bd1_str-lenient_t00_n1,561,1,1,deepseek-ai/DeepSeek-Coder-V2-Lite-Instruct,1,0,1,0,lenient,0.0,18.0,0.0
2026-08-11 21:00:12,IA15_m-deepseek-coder-v2-lite_sol1_gd0_rs0_bd1_str-lenient_t00_n1,561,2,1,deepseek-ai/DeepSeek-Coder-V2-Lite-Instruct,1,0,1,0,lenient,0.0,13.0,0.0
2026-08-11 21:00:19,IA15_m-deepseek-coder-v2-lite_sol1_gd0_rs0_bd1_str-lenient_t00_n1,561,3,1,deepseek-ai/DeepSeek-Coder-V2-Lite-Instruct,1,0,1,0,lenient,0.0,17.0,0.0
2026-08-11 21:00:26,IA15_m-deepseek-coder-v2-lite_sol1_gd0_rs0_bd1_str-lenient_t00_n1,562,1,1,deepseek-ai/DeepSeek-Coder-V2-Lite-Instruct,1,0,1,0,lenient,0.0,18.0,0.0
2026-08-11 21:00:34,IA15_m-deepseek-coder-v2-lite_sol1_gd0_rs0_bd1_str-lenient_t00_n1,562,2,1,deepseek-ai/DeepSeek-Coder-V2-Lite-Instruct,1,0,1,0,lenient,0.0,13.0,0.0
2026-08-11 21:00:41,IA15_m-deepseek-coder-v2-lite_sol1_gd0_rs0_bd1_str-lenient_t00_n1,562,3,1,deepseek-ai/DeepSeek-Coder-V2-Lite-Instruct,1,0,1,0,lenient,0.0,17.0,0.0
2026-08-11 21:00:50,IA15_m-deepseek-coder-v2-lite_sol1_gd0_rs0_bd1_str-lenient_t00_n1,563,1,1,deepseek-ai/DeepSeek-Coder-V2-Lite-Instruct,1,0,1,0,lenient,0.0,21.0,2.0
2026-08-11 21:00:57,IA15_m-deepseek-coder-v2-lite_sol1_gd0_rs0_bd1_str-lenient_t00_n1,563,2,1,deepseek-ai/DeepSeek-Coder-V2-Lite-Instruct,1,0,1,0,lenient,0.0,13.0,0.0
2026-08-11 21:01:03,IA15_m-deepseek-coder-v2-lite_sol1_gd0_rs0_bd1_str-lenient_t00_n1,563,3,1,deepseek-ai/DeepSeek-Coder-V2-Lite-Instruct,1,0,1,0,lenient,0.0,17.0,0.0
2026-08-11 21:01:10,IA15_m-deepseek-coder-v2-lite_sol1_gd0_rs0_bd1_str-lenient_t00_n1,564,1,1,deepseek-ai/DeepSeek-Coder-V2-Lite-Instruct,1,0,1,0,lenient,0.0,18.0,0.0
2026-08-11 21:01:17,IA15_m-deepseek-coder-v2-lite_sol1_gd0_rs0_bd1_str-lenient_t00_n1,564,2,1,deepseek-ai/DeepSeek-Coder-V2-Lite-Instruct,1,0,1,0,lenient,0.0,12.0,0.0
2026-08-11 21:01:23,IA15_m-deepseek-coder-v2-lite_sol1_gd0_rs0_bd1_str-lenient_t00_n1,564,3,1,deepseek-ai/DeepSeek-Coder-V2-Lite-Instruct,1,0,1,0,lenient,0.0,14.0,0.0
2026-08-11 21:01:31,IA15_m-deepseek-coder-v2-lite_sol1_gd0_rs0_bd1_str-lenient_t00_n1,565,1,1,deepseek-ai/DeepSeek-Coder-V2-Lite-Instruct,1,0,1,0,lenient,0.0,18.0,0.0
2026-08-11 21:01:38,IA15_m-deepseek-coder-v2-lite_sol1_gd0_rs0_bd1_str-lenient_t00_n1,565,2,1,deepseek-ai/DeepSeek-Coder-V2-Lite-Instruct,1,0,1,0,lenient,0.0,13.0,0.0
2026-08-11 21:01:46,IA15_m-deepseek-coder-v2-lite_sol1_gd0_rs0_bd1_str-lenient_t00_n1,565,3,1,deepseek-ai/DeepSeek-Coder-V2-Lite-Instruct,1,0,1,0,lenient,0.0,17.0,0.0
2026-08-11 21:01:53,IA15_m-deepseek-coder-v2-lite_sol1_gd0_rs0_bd1_str-lenient_t00_n1,566,1,1,deepseek-ai/DeepSeek-Coder-V2-Lite-Instruct,1,0,1,0,lenient,0.0,18.0,0.0
2026-08-11 21:02:00,IA15_m-deepseek-coder-v2-lite_sol1_gd0_rs0_bd1_str-lenient_t00_n1,566,2,1,deepseek-ai/DeepSeek-Coder-V2-Lite-Instruct,1,0,1,0,lenient,0.0,12.0,0.0
2026-08-11 21:02:08,IA15_m-deepseek-coder-v2-lite_sol1_gd0_rs0_bd1_str-lenient_t00_n1,566,3,1,deepseek-ai/DeepSeek-Coder-V2-Lite-Instruct,1,0,1,0,lenient,0.0,14.0,0.0
2026-08-11 21:02:15,IA15_m-deepseek-coder-v2-lite_sol1_gd0_rs0_bd1_str-lenient_t00_n1,567,1,1,deepseek-ai/DeepSeek-Coder-V2-Lite-Instruct,1,0,1,0,lenient,0.0,18.0,0.0
2026-08-11 21:02:22,IA15_m-deepseek-coder-v2-lite_sol1_gd0_rs0_bd1_str-lenient_t00_n1,567,2,1,deepseek-ai/DeepSeek-Coder-V2-Lite-Instruct,1,0,1,0,lenient,0.0,12.0,0.0
2026-08-11 21:02:25,IA15_m-deepseek-coder-v2-lite_sol1_gd0_rs0_bd1_str-lenient_t00_n1,567,3,1,deepseek-ai/DeepSeek-Coder-V2-Lite-Instruct,1,0,1,0,lenient,0.0,17.0,0.0
2026-08-11 21:02:33,IA15_m-deepseek-coder-v2-lite_sol1_gd0_rs0_bd1_str-lenient_t00_n1,568,1,1,deepseek-ai/DeepSeek-Coder-V2-Lite-Instruct,1,0,1,0,lenient,0.0,18.0,0.0
2026-08-11 21:02:40,IA15_m-deepseek-coder-v2-lite_sol1_gd0_rs0_bd1_str-lenient_t00_n1,568,2,1,deepseek-ai/DeepSeek-Coder-V2-Lite-Instruct,1,0,1,0,lenient,0.0,12.0,0.0
2026-08-11 21:02:47,IA15_m-deepseek-coder-v2-lite_sol1_gd0_rs0_bd1_str-lenient_t00_n1,568,3,1,deepseek-ai/DeepSeek-Coder-V2-Lite-Instruct,1,0,1,0,lenient,0.0,16.0,0.0
2026-08-11 21:02:54,IA15_m-deepseek-coder-v2-lite_sol1_gd0_rs0_bd1_str-lenient_t00_n1,569,1,1,deepseek-ai/DeepSeek-Coder-V2-Lite-Instruct,1,0,1,0,lenient,0.0,18.0,0.0
2026-08-11 21:03:02,IA15_m-deepseek-coder-v2-lite_sol1_gd0_rs0_bd1_str-lenient_t00_n1,569,2,1,deepseek-ai/DeepSeek-Coder-V2-Lite-Instruct,1,0,1,0,lenient,0.0,13.0,0.0
2026-08-11 21:03:09,IA15_m-deepseek-coder-v2-lite_sol1_gd0_rs0_bd1_str-lenient_t00_n1,569,3,1,deepseek-ai/DeepSeek-Coder-V2-Lite-Instruct,1,0,1,0,lenient,0.0,17.0,0.0
2026-08-11 21:03:17,IA15_m-deepseek-coder-v2-lite_sol1_gd0_rs0_bd1_str-lenient_t00_n1,570,1,1,deepseek-ai/DeepSeek-Coder-V2-Lite-Instruct,1,0,1,0,lenient,0.0,18.0,0.0
2026-08-11 21:03:23,IA15_m-deepseek-coder-v2-lite_sol1_gd0_rs0_bd1_str-lenient_t00_n1,570,2,1,deepseek-ai/DeepSeek-Coder-V2-Lite-Instruct,1,0,1,0,lenient,0.0,13.0,0.0
2026-08-11 21:03:30,IA15_m-deepseek-coder-v2-lite_sol1_gd0_rs0_bd1_str-lenient_t00_n1,570,3,1,deepseek-ai/DeepSeek-Coder-V2-Lite-Instruct,1,0,1,0,lenient,0.0,17.0,0.0
2026-08-11 21:03:38,IA15_m-deepseek-coder-v2-lite_sol1_gd0_rs0_bd1_str-lenient_t00_n1,571,1,1,deepseek-ai/DeepSeek-Coder-V2-Lite-Instruct,1,0,1,0,lenient,0.0,18.0,0.0
2026-08-11 21:03:44,IA15_m-deepseek-coder-v2-lite_sol1_gd0_rs0_bd1_str-lenient_t00_n1,571,2,1,deepseek-ai/DeepSeek-Coder-V2-Lite-Instruct,1,0,1,0,lenient,0.0,12.0,0.0
2026-08-11 21:03:51,IA15_m-deepseek-coder-v2-lite_sol1_gd0_rs0_bd1_str-lenient_t00_n1,571,3,1,deepseek-ai/DeepSeek-Coder-V2-Lite-Instruct,1,0,1,0,lenient,0.0,14.0,0.0
2026-08-11 21:04:00,IA15_m-deepseek-coder-v2-lite_sol1_gd0_rs0_bd1_str-lenient_t00_n1,572,1,1,deepseek-ai/DeepSeek-Coder-V2-Lite-Instruct,1,0,1,0,lenient,0.0,21.0,2.0
2026-08-11 21:04:07,IA15_m-deepseek-coder-v2-lite_sol1_gd0_rs0_bd1_str-lenient_t00_n1,572,2,1,deepseek-ai/DeepSeek-Coder-V2-Lite-Instruct,1,0,1,0,lenient,0.0,13.0,0.0
2026-08-11 21:04:15,IA15_m-deepseek-coder-v2-lite_sol1_gd0_rs0_bd1_str-lenient_t00_n1,573,1,1,deepseek-ai/DeepSeek-Coder-V2-Lite-Instruct,1,0,1,0,lenient,0.0,18.0,0.0
2026-08-11 21:04:21,IA15_m-deepseek-coder-v2-lite_sol1_gd0_rs0_bd1_str-lenient_t00_n1,573,2,1,deepseek-ai/DeepSeek-Coder-V2-Lite-Instruct,1,0,1,0,lenient,0.0,13.0,0.0
2026-08-11 21:04:29,IA15_m-deepseek-coder-v2-lite_sol1_gd0_rs0_bd1_str-lenient_t00_n1,574,1,1,deepseek-ai/DeepSeek-Coder-V2-Lite-Instruct,1,0,1,0,lenient,0.0,18.0,0.0
2026-08-11 21:04:35,IA15_m-deepseek-coder-v2-lite_sol1_gd0_rs0_bd1_str-lenient_t00_n1,574,2,1,deepseek-ai/DeepSeek-Coder-V2-Lite-Instruct,1,0,1,0,lenient,0.0,12.0,0.0
2026-08-11 21:04:42,IA15_m-deepseek-coder-v2-lite_sol1_gd0_rs0_bd1_str-lenient_t00_n1,574,3,1,deepseek-ai/DeepSeek-Coder-V2-Lite-Instruct,1,0,1,0,lenient,0.0,17.0,0.0
2026-08-11 21:04:50,IA15_m-deepseek-coder-v2-lite_sol1_gd0_rs0_bd1_str-lenient_t00_n1,575,1,1,deepseek-ai/DeepSeek-Coder-V2-Lite-Instruct,1,0,1,0,lenient,0.0,18.0,0.0
2026-08-11 21:04:57,IA15_m-deepseek-coder-v2-lite_sol1_gd0_rs0_bd1_str-lenient_t00_n1,575,2,1,deepseek-ai/DeepSeek-Coder-V2-Lite-Instruct,1,0,1,0,lenient,0.0,13.0,0.0
2026-08-11 21:05:04,IA15_m-deepseek-coder-v2-lite_sol1_gd0_rs0_bd1_str-lenient_t00_n1,575,3,1,deepseek-ai/DeepSeek-Coder-V2-Lite-Instruct,1,0,1,0,lenient,0.0,16.0,0.0
2026-08-11 21:05:11,IA15_m-deepseek-coder-v2-lite_sol1_gd0_rs0_bd1_str-lenient_t00_n1,576,1,1,deepseek-ai/DeepSeek-Coder-V2-Lite-Instruct,1,0,1,0,lenient,0.0,18.0,0.0
2026-08-11 21:05:18,IA15_m-deepseek-coder-v2-lite_sol1_gd0_rs0_bd1_str-lenient_t00_n1,576,2,1,deepseek-ai/DeepSeek-Coder-V2-Lite-Instruct,1,0,1,0,lenient,0.0,12.0,0.0
2026-08-11 21:05:24,IA15_m-deepseek-coder-v2-lite_sol1_gd0_rs0_bd1_str-lenient_t00_n1,576,3,1,deepseek-ai/DeepSeek-Coder-V2-Lite-Instruct,1,0,1,0,lenient,0.0,16.0,0.0
2026-08-11 21:05:31,IA15_m-deepseek-coder-v2-lite_sol1_gd0_rs0_bd1_str-lenient_t00_n1,577,1,1,deepseek-ai/DeepSeek-Coder-V2-Lite-Instruct,1,0,1,0,lenient,0.0,18.0,0.0
2026-08-11 21:05:38,IA15_m-deepseek-coder-v2-lite_sol1_gd0_rs0_bd1_str-lenient_t00_n1,577,2,1,deepseek-ai/DeepSeek-Coder-V2-Lite-Instruct,1,0,1,0,lenient,0.0,13.0,0.0
2026-08-11 21:05:42,IA15_m-deepseek-coder-v2-lite_sol1_gd0_rs0_bd1_str-lenient_t00_n1,577,3,1,deepseek-ai/DeepSeek-Coder-V2-Lite-Instruct,1,0,1,0,lenient,0.0,17.0,0.0
2026-08-11 21:05:50,IA15_m-deepseek-coder-v2-lite_sol1_gd0_rs0_bd1_str-lenient_t00_n1,578,1,1,deepseek-ai/DeepSeek-Coder-V2-Lite-Instruct,1,0,1,0,lenient,0.0,18.0,0.0
2026-08-11 21:05:55,IA15_m-deepseek-coder-v2-lite_sol1_gd0_rs0_bd1_str-lenient_t00_n1,578,2,1,deepseek-ai/DeepSeek-Coder-V2-Lite-Instruct,1,0,1,0,lenient,0.0,13.0,0.0
2026-08-11 21:06:03,IA15_m-deepseek-coder-v2-lite_sol1_gd0_rs0_bd1_str-lenient_t00_n1,578,3,1,deepseek-ai/DeepSeek-Coder-V2-Lite-Instruct,1,0,1,0,lenient,0.0,16.0,0.0
2026-08-11 21:06:10,IA15_m-deepseek-coder-v2-lite_sol1_gd0_rs0_bd1_str-lenient_t00_n1,579,1,1,deepseek-ai/DeepSeek-Coder-V2-Lite-Instruct,1,0,1,0,lenient,0.0,18.0,0.0
2026-08-11 21:06:17,IA15_m-deepseek-coder-v2-lite_sol1_gd0_rs0_bd1_str-lenient_t00_n1,579,2,1,deepseek-ai/DeepSeek-Coder-V2-Lite-Instruct,1,0,1,0,lenient,0.0,13.0,0.0
2026-08-11 21:06:24,IA15_m-deepseek-coder-v2-lite_sol1_gd0_rs0_bd1_str-lenient_t00_n1,579,3,1,deepseek-ai/DeepSeek-Coder-V2-Lite-Instruct,1,0,1,0,lenient,0.0,14.0,0.0
2026-08-11 21:06:32,IA15_m-deepseek-coder-v2-lite_sol1_gd0_rs0_bd1_str-lenient_t00_n1,580,1,1,deepseek-ai/DeepSeek-Coder-V2-Lite-Instruct,1,0,1,0,lenient,0.0,18.0,0.0
2026-08-11 21:06:39,IA15_m-deepseek-coder-v2-lite_sol1_gd0_rs0_bd1_str-lenient_t00_n1,580,2,1,deepseek-ai/DeepSeek-Coder-V2-Lite-Instruct,1,0,1,0,lenient,0.0,13.0,0.0
2026-08-11 21:06:42,IA15_m-deepseek-coder-v2-lite_sol1_gd0_rs0_bd1_str-lenient_t00_n1,580,3,1,deepseek-ai/DeepSeek-Coder-V2-Lite-Instruct,1,0,1,0,lenient,0.0,17.0,0.0
2026-08-11 21:06:50,IA15_m-deepseek-coder-v2-lite_sol1_gd0_rs0_bd1_str-lenient_t00_n1,581,1,1,deepseek-ai/DeepSeek-Coder-V2-Lite-Instruct,1,0,1,0,lenient,0.0,18.0,0.0
2026-08-11 21:06:56,IA15_m-deepseek-coder-v2-lite_sol1_gd0_rs0_bd1_str-lenient_t00_n1,581,2,1,deepseek-ai/DeepSeek-Coder-V2-Lite-Instruct,1,0,1,0,lenient,0.0,12.0,0.0
2026-08-11 21:07:02,IA15_m-deepseek-coder-v2-lite_sol1_gd0_rs0_bd1_str-lenient_t00_n1,581,3,1,deepseek-ai/DeepSeek-Coder-V2-Lite-Instruct,1,0,1,0,lenient,0.0,14.0,0.0
2026-08-11 21:07:11,IA15_m-deepseek-coder-v2-lite_sol1_gd0_rs0_bd1_str-lenient_t00_n1,582,1,1,deepseek-ai/DeepSeek-Coder-V2-Lite-Instruct,1,0,1,0,lenient,0.0,20.0,0.0
2026-08-11 21:07:18,IA15_m-deepseek-coder-v2-lite_sol1_gd0_rs0_bd1_str-lenient_t00_n1,582,2,1,deepseek-ai/DeepSeek-Coder-V2-Lite-Instruct,1,0,1,0,lenient,0.0,12.0,0.0
2026-08-11 21:07:25,IA15_m-deepseek-coder-v2-lite_sol1_gd0_rs0_bd1_str-lenient_t00_n1,582,3,1,deepseek-ai/DeepSeek-Coder-V2-Lite-Instruct,1,0,1,0,lenient,0.0,17.0,0.0
2026-08-11 21:07:32,IA15_m-deepseek-coder-v2-lite_sol1_gd0_rs0_bd1_str-lenient_t00_n1,583,1,1,deepseek-ai/DeepSeek-Coder-V2-Lite-Instruct,1,0,1,0,lenient,0.0,18.0,0.0
2026-08-11 21:07:39,IA15_m-deepseek-coder-v2-lite_sol1_gd0_rs0_bd1_str-lenient_t00_n1,583,2,1,deepseek-ai/DeepSeek-Coder-V2-Lite-Instruct,1,0,1,0,lenient,0.0,12.0,0.0
2026-08-11 21:07:46,IA15_m-deepseek-coder-v2-lite_sol1_gd0_rs0_bd1_str-lenient_t00_n1,583,3,1,deepseek-ai/DeepSeek-Coder-V2-Lite-Instruct,1,0,1,0,lenient,0.0,14.0,0.0
2026-08-11 21:07:54,IA15_m-deepseek-coder-v2-lite_sol1_gd0_rs0_bd1_str-lenient_t00_n1,584,1,1,deepseek-ai/DeepSeek-Coder-V2-Lite-Instruct,1,0,1,0,lenient,0.0,20.0,0.0
2026-08-11 21:08:00,IA15_m-deepseek-coder-v2-lite_sol1_gd0_rs0_bd1_str-lenient_t00_n1,584,2,1,deepseek-ai/DeepSeek-Coder-V2-Lite-Instruct,1,0,1,0,lenient,0.0,13.0,0.0
2026-08-11 21:08:08,IA15_m-deepseek-coder-v2-lite_sol1_gd0_rs0_bd1_str-lenient_t00_n1,584,3,1,deepseek-ai/DeepSeek-Coder-V2-Lite-Instruct,1,0,1,0,lenient,0.0,17.0,0.0
2026-08-11 21:08:16,IA15_m-deepseek-coder-v2-lite_sol1_gd0_rs0_bd1_str-lenient_t00_n1,585,1,1,deepseek-ai/DeepSeek-Coder-V2-Lite-Instruct,1,0,1,0,lenient,0.0,15.0,0.0
2026-08-11 21:08:23,IA15_m-deepseek-coder-v2-lite_sol1_gd0_rs0_bd1_str-lenient_t00_n1,585,2,1,deepseek-ai/DeepSeek-Coder-V2-Lite-Instruct,1,0,1,0,lenient,0.0,12.0,0.0
2026-08-11 21:08:30,IA15_m-deepseek-coder-v2-lite_sol1_gd0_rs0_bd1_str-lenient_t00_n1,585,3,1,deepseek-ai/DeepSeek-Coder-V2-Lite-Instruct,1,0,1,0,lenient,0.0,17.0,0.0
2026-08-11 21:08:37,IA15_m-deepseek-coder-v2-lite_sol1_gd0_rs0_bd1_str-lenient_t00_n1,586,1,1,deepseek-ai/DeepSeek-Coder-V2-Lite-Instruct,1,0,1,0,lenient,0.0,18.0,0.0
2026-08-11 21:08:44,IA15_m-deepseek-coder-v2-lite_sol1_gd0_rs0_bd1_str-lenient_t00_n1,586,2,1,deepseek-ai/DeepSeek-Coder-V2-Lite-Instruct,1,0,1,0,lenient,0.0,12.0,0.0
2026-08-11 21:08:52,IA15_m-deepseek-coder-v2-lite_sol1_gd0_rs0_bd1_str-lenient_t00_n1,586,3,1,deepseek-ai/DeepSeek-Coder-V2-Lite-Instruct,1,0,1,0,lenient,0.0,14.0,0.0
2026-08-11 21:08:59,IA15_m-deepseek-coder-v2-lite_sol1_gd0_rs0_bd1_str-lenient_t00_n1,587,1,1,deepseek-ai/DeepSeek-Coder-V2-Lite-Instruct,1,0,1,0,lenient,0.0,18.5,0.0
2026-08-11 21:09:06,IA15_m-deepseek-coder-v2-lite_sol1_gd0_rs0_bd1_str-lenient_t00_n1,587,2,1,deepseek-ai/DeepSeek-Coder-V2-Lite-Instruct,1,0,1,0,lenient,0.0,12.0,0.0
2026-08-11 21:09:13,IA15_m-deepseek-coder-v2-lite_sol1_gd0_rs0_bd1_str-lenient_t00_n1,587,3,1,deepseek-ai/DeepSeek-Coder-V2-Lite-Instruct,1,0,1,0,lenient,0.0,17.0,0.0
2026-08-11 21:09:21,IA15_m-deepseek-coder-v2-lite_sol1_gd0_rs0_bd1_str-lenient_t00_n1,588,1,1,deepseek-ai/DeepSeek-Coder-V2-Lite-Instruct,1,0,1,0,lenient,0.0,15.0,0.0
2026-08-11 21:09:28,IA15_m-deepseek-coder-v2-lite_sol1_gd0_rs0_bd1_str-lenient_t00_n1,588,2,1,deepseek-ai/DeepSeek-Coder-V2-Lite-Instruct,1,0,1,0,lenient,0.0,12.0,0.0
2026-08-11 21:09:35,IA15_m-deepseek-coder-v2-lite_sol1_gd0_rs0_bd1_str-lenient_t00_n1,588,3,1,deepseek-ai/DeepSeek-Coder-V2-Lite-Instruct,1,0,1,0,lenient,0.0,14.0,0.0
2026-08-11 21:09:43,IA15_m-deepseek-coder-v2-lite_sol1_gd0_rs0_bd1_str-lenient_t00_n1,589,1,1,deepseek-ai/DeepSeek-Coder-V2-Lite-Instruct,1,0,1,0,lenient,0.0,18.0,0.0
2026-08-11 21:09:50,IA15_m-deepseek-coder-v2-lite_sol1_gd0_rs0_bd1_str-lenient_t00_n1,589,2,1,deepseek-ai/DeepSeek-Coder-V2-Lite-Instruct,1,0,1,0,lenient,0.0,13.0,0.0
2026-08-11 21:09:53,IA15_m-deepseek-coder-v2-lite_sol1_gd0_rs0_bd1_str-lenient_t00_n1,589,3,1,deepseek-ai/DeepSeek-Coder-V2-Lite-Instruct,1,0,1,0,lenient,0.0,17.0,0.0
2026-08-11 21:10:01,IA15_m-deepseek-coder-v2-lite_sol1_gd0_rs0_bd1_str-lenient_t00_n1,590,1,1,deepseek-ai/DeepSeek-Coder-V2-Lite-Instruct,1,0,1,0,lenient,0.0,18.0,0.0
2026-08-11 21:10:08,IA15_m-deepseek-coder-v2-lite_sol1_gd0_rs0_bd1_str-lenient_t00_n1,590,2,1,deepseek-ai/DeepSeek-Coder-V2-Lite-Instruct,1,0,1,0,lenient,0.0,12.0,0.0
2026-08-11 21:10:16,IA15_m-deepseek-coder-v2-lite_sol1_gd0_rs0_bd1_str-lenient_t00_n1,590,3,1,deepseek-ai/DeepSeek-Coder-V2-Lite-Instruct,1,0,1,0,lenient,0.0,14.0,0.0
2026-08-11 21:10:23,IA15_m-deepseek-coder-v2-lite_sol1_gd0_rs0_bd1_str-lenient_t00_n1,591,1,1,deepseek-ai/DeepSeek-Coder-V2-Lite-Instruct,1,0,1,0,lenient,0.0,20.0,0.0
2026-08-11 21:10:30,IA15_m-deepseek-coder-v2-lite_sol1_gd0_rs0_bd1_str-lenient_t00_n1,591,2,1,deepseek-ai/DeepSeek-Coder-V2-Lite-Instruct,1,0,1,0,lenient,0.0,13.0,0.0
2026-08-11 21:10:37,IA15_m-deepseek-coder-v2-lite_sol1_gd0_rs0_bd1_str-lenient_t00_n1,591,3,1,deepseek-ai/DeepSeek-Coder-V2-Lite-Instruct,1,0,1,0,lenient,0.0,17.0,0.0
2026-08-11 21:10:45,IA15_m-deepseek-coder-v2-lite_sol1_gd0_rs0_bd1_str-lenient_t00_n1,592,1,1,deepseek-ai/DeepSeek-Coder-V2-Lite-Instruct,1,0,1,0,lenient,0.0,18.0,0.0
2026-08-11 21:10:52,IA15_m-deepseek-coder-v2-lite_sol1_gd0_rs0_bd1_str-lenient_t00_n1,592,2,1,deepseek-ai/DeepSeek-Coder-V2-Lite-Instruct,1,0,1,0,lenient,0.0,13.0,0.0
2026-08-11 21:10:59,IA15_m-deepseek-coder-v2-lite_sol1_gd0_rs0_bd1_str-lenient_t00_n1,592,3,1,deepseek-ai/DeepSeek-Coder-V2-Lite-Instruct,1,0,1,0,lenient,0.0,17.0,0.0
2026-08-11 21:11:08,IA15_m-deepseek-coder-v2-lite_sol1_gd0_rs0_bd1_str-lenient_t00_n1,593,1,1,deepseek-ai/DeepSeek-Coder-V2-Lite-Instruct,1,0,1,0,lenient,0.0,20.0,0.0
2026-08-11 21:11:14,IA15_m-deepseek-coder-v2-lite_sol1_gd0_rs0_bd1_str-lenient_t00_n1,593,2,1,deepseek-ai/DeepSeek-Coder-V2-Lite-Instruct,1,0,1,0,lenient,0.0,13.0,0.0
2026-08-11 21:11:21,IA15_m-deepseek-coder-v2-lite_sol1_gd0_rs0_bd1_str-lenient_t00_n1,593,3,1,deepseek-ai/DeepSeek-Coder-V2-Lite-Instruct,1,0,1,0,lenient,0.0,17.0,0.0
2026-08-11 21:11:29,IA15_m-deepseek-coder-v2-lite_sol1_gd0_rs0_bd1_str-lenient_t00_n1,594,1,1,deepseek-ai/DeepSeek-Coder-V2-Lite-Instruct,1,0,1,0,lenient,0.0,18.0,0.0
2026-08-11 21:11:36,IA15_m-deepseek-coder-v2-lite_sol1_gd0_rs0_bd1_str-lenient_t00_n1,594,2,1,deepseek-ai/DeepSeek-Coder-V2-Lite-Instruct,1,0,1,0,lenient,0.0,12.0,0.0
2026-08-11 21:11:43,IA15_m-deepseek-coder-v2-lite_sol1_gd0_rs0_bd1_str-lenient_t00_n1,594,3,1,deepseek-ai/DeepSeek-Coder-V2-Lite-Instruct,1,0,1,0,lenient,0.0,17.0,0.0
2026-08-11 21:11:51,IA15_m-deepseek-coder-v2-lite_sol1_gd0_rs0_bd1_str-lenient_t00_n1,595,1,1,deepseek-ai/DeepSeek-Coder-V2-Lite-Instruct,1,0,1,0,lenient,0.0,18.0,0.0
2026-08-11 21:11:58,IA15_m-deepseek-coder-v2-lite_sol1_gd0_rs0_bd1_str-lenient_t00_n1,595,2,1,deepseek-ai/DeepSeek-Coder-V2-Lite-Instruct,1,0,1,0,lenient,0.0,12.0,0.0
2026-08-11 21:12:05,IA15_m-deepseek-coder-v2-lite_sol1_gd0_rs0_bd1_str-lenient_t00_n1,595,3,1,deepseek-ai/DeepSeek-Coder-V2-Lite-Instruct,1,0,1,0,lenient,0.0,17.0,0.0
2026-08-11 21:12:13,IA15_m-deepseek-coder-v2-lite_sol1_gd0_rs0_bd1_str-lenient_t00_n1,596,1,1,deepseek-ai/DeepSeek-Coder-V2-Lite-Instruct,1,0,1,0,lenient,0.0,18.0,0.0
2026-08-11 21:12:20,IA15_m-deepseek-coder-v2-lite_sol1_gd0_rs0_bd1_str-lenient_t00_n1,596,2,1,deepseek-ai/DeepSeek-Coder-V2-Lite-Instruct,1,0,1,0,lenient,0.0,10.0,0.0
2026-08-11 21:12:27,IA15_m-deepseek-coder-v2-lite_sol1_gd0_rs0_bd1_str-lenient_t00_n1,596,3,1,deepseek-ai/DeepSeek-Coder-V2-Lite-Instruct,1,0,1,0,lenient,0.0,14.0,0.0
2026-08-11 21:12:34,IA15_m-deepseek-coder-v2-lite_sol1_gd0_rs0_bd1_str-lenient_t00_n1,597,1,1,deepseek-ai/DeepSeek-Coder-V2-Lite-Instruct,1,0,1,0,lenient,0.0,15.0,0.0
2026-08-11 21:12:40,IA15_m-deepseek-coder-v2-lite_sol1_gd0_rs0_bd1_str-lenient_t00_n1,597,2,1,deepseek-ai/DeepSeek-Coder-V2-Lite-Instruct,1,0,1,0,lenient,0.0,12.0,0.0
2026-08-11 21:12:47,IA15_m-deepseek-coder-v2-lite_sol1_gd0_rs0_bd1_str-lenient_t00_n1,597,3,1,deepseek-ai/DeepSeek-Coder-V2-Lite-Instruct,1,0,1,0,lenient,0.0,17.0,0.0
2026-08-11 21:12:55,IA15_m-deepseek-coder-v2-lite_sol1_gd0_rs0_bd1_str-lenient_t00_n1,598,1,1,deepseek-ai/DeepSeek-Coder-V2-Lite-Instruct,1,0,1,0,lenient,0.0,18.0,0.0
2026-08-11 21:13:02,IA15_m-deepseek-coder-v2-lite_sol1_gd0_rs0_bd1_str-lenient_t00_n1,598,2,1,deepseek-ai/DeepSeek-Coder-V2-Lite-Instruct,1,0,1,0,lenient,0.0,12.0,0.0
2026-08-11 21:13:10,IA15_m-deepseek-coder-v2-lite_sol1_gd0_rs0_bd1_str-lenient_t00_n1,598,3,1,deepseek-ai/DeepSeek-Coder-V2-Lite-Instruct,1,0,1,0,lenient,0.0,16.0,0.0
2026-08-11 21:13:18,IA15_m-deepseek-coder-v2-lite_sol1_gd0_rs0_bd1_str-lenient_t00_n1,599,1,1,deepseek-ai/DeepSeek-Coder-V2-Lite-Instruct,1,0,1,0,lenient,0.0,18.5,0.0
2026-08-11 21:13:25,IA15_m-deepseek-coder-v2-lite_sol1_gd0_rs0_bd1_str-lenient_t00_n1,599,2,1,deepseek-ai/DeepSeek-Coder-V2-Lite-Instruct,1,0,1,0,lenient,0.0,12.0,0.0
2026-08-11 21:13:32,IA15_m-deepseek-coder-v2-lite_sol1_gd0_rs0_bd1_str-lenient_t00_n1,599,3,1,deepseek-ai/DeepSeek-Coder-V2-Lite-Instruct,1,0,1,0,lenient,0.0,15.0,0.0
2026-08-11 21:13:40,IA15_m-deepseek-coder-v2-lite_sol1_gd0_rs0_bd1_str-lenient_t00_n1,600,1,1,deepseek-ai/DeepSeek-Coder-V2-Lite-Instruct,1,0,1,0,lenient,0.0,18.0,0.0
2026-08-11 21:13:46,IA15_m-deepseek-coder-v2-lite_sol1_gd0_rs0_bd1_str-lenient_t00_n1,600,2,1,deepseek-ai/DeepSeek-Coder-V2-Lite-Instruct,1,0,1,0,lenient,0.0,12.0,0.0
2026-08-11 21:13:54,IA15_m-deepseek-coder-v2-lite_sol1_gd0_rs0_bd1_str-lenient_t00_n1,600,3,1,deepseek-ai/DeepSeek-Coder-V2-Lite-Instruct,1,0,1,0,lenient,0.0,16.0,0.0
2026-08-11 21:14:02,IA15_m-deepseek-coder-v2-lite_sol1_gd0_rs0_bd1_str-lenient_t00_n1,601,1,1,deepseek-ai/DeepSeek-Coder-V2-Lite-Instruct,1,0,1,0,lenient,0.0,18.0,0.0
2026-08-11 21:14:07,IA15_m-deepseek-coder-v2-lite_sol1_gd0_rs0_bd1_str-lenient_t00_n1,601,2,1,deepseek-ai/DeepSeek-Coder-V2-Lite-Instruct,1,0,1,0,lenient,0.0,12.0,0.0
2026-08-11 21:14:15,IA15_m-deepseek-coder-v2-lite_sol1_gd0_rs0_bd1_str-lenient_t00_n1,601,3,1,deepseek-ai/DeepSeek-Coder-V2-Lite-Instruct,1,0,1,0,lenient,0.0,17.0,0.0
2026-08-11 21:14:22,IA15_m-deepseek-coder-v2-lite_sol1_gd0_rs0_bd1_str-lenient_t00_n1,602,1,1,deepseek-ai/DeepSeek-Coder-V2-Lite-Instruct,1,0,1,0,lenient,0.0,18.0,0.0
2026-08-11 21:14:28,IA15_m-deepseek-coder-v2-lite_sol1_gd0_rs0_bd1_str-lenient_t00_n1,602,2,1,deepseek-ai/DeepSeek-Coder-V2-Lite-Instruct,1,0,1,0,lenient,0.0,12.0,0.0
2026-08-11 21:14:36,IA15_m-deepseek-coder-v2-lite_sol1_gd0_rs0_bd1_str-lenient_t00_n1,602,3,1,deepseek-ai/DeepSeek-Coder-V2-Lite-Instruct,1,0,1,0,lenient,0.0,14.0,0.0
2026-08-11 21:14:43,IA15_m-deepseek-coder-v2-lite_sol1_gd0_rs0_bd1_str-lenient_t00_n1,603,1,1,deepseek-ai/DeepSeek-Coder-V2-Lite-Instruct,1,0,1,0,lenient,0.0,18.0,0.0
2026-08-11 21:14:50,IA15_m-deepseek-coder-v2-lite_sol1_gd0_rs0_bd1_str-lenient_t00_n1,603,2,1,deepseek-ai/DeepSeek-Coder-V2-Lite-Instruct,1,0,1,0,lenient,0.0,12.0,0.0
2026-08-11 21:14:57,IA15_m-deepseek-coder-v2-lite_sol1_gd0_rs0_bd1_str-lenient_t00_n1,603,3,1,deepseek-ai/DeepSeek-Coder-V2-Lite-Instruct,1,0,1,0,lenient,0.0,16.0,0.0
2026-08-11 21:15:04,IA15_m-deepseek-coder-v2-lite_sol1_gd0_rs0_bd1_str-lenient_t00_n1,604,1,1,deepseek-ai/DeepSeek-Coder-V2-Lite-Instruct,1,0,1,0,lenient,0.0,18.0,0.0
2026-08-11 21:15:12,IA15_m-deepseek-coder-v2-lite_sol1_gd0_rs0_bd1_str-lenient_t00_n1,604,2,1,deepseek-ai/DeepSeek-Coder-V2-Lite-Instruct,1,0,1,0,lenient,0.0,12.0,0.0
2026-08-11 21:15:19,IA15_m-deepseek-coder-v2-lite_sol1_gd0_rs0_bd1_str-lenient_t00_n1,604,3,1,deepseek-ai/DeepSeek-Coder-V2-Lite-Instruct,1,0,1,0,lenient,0.0,17.0,0.0
2026-08-11 21:15:27,IA15_m-deepseek-coder-v2-lite_sol1_gd0_rs0_bd1_str-lenient_t00_n1,605,1,1,deepseek-ai/DeepSeek-Coder-V2-Lite-Instruct,1,0,1,0,lenient,0.0,18.0,0.0
2026-08-11 21:15:33,IA15_m-deepseek-coder-v2-lite_sol1_gd0_rs0_bd1_str-lenient_t00_n1,605,2,1,deepseek-ai/DeepSeek-Coder-V2-Lite-Instruct,1,0,1,0,lenient,0.0,12.0,0.0
2026-08-11 21:15:41,IA15_m-deepseek-coder-v2-lite_sol1_gd0_rs0_bd1_str-lenient_t00_n1,605,3,1,deepseek-ai/DeepSeek-Coder-V2-Lite-Instruct,1,0,1,0,lenient,0.0,17.0,0.0
2026-08-11 21:15:49,IA15_m-deepseek-coder-v2-lite_sol1_gd0_rs0_bd1_str-lenient_t00_n1,606,1,1,deepseek-ai/DeepSeek-Coder-V2-Lite-Instruct,1,0,1,0,lenient,0.0,18.0,0.0
2026-08-11 21:15:56,IA15_m-deepseek-coder-v2-lite_sol1_gd0_rs0_bd1_str-lenient_t00_n1,606,2,1,deepseek-ai/DeepSeek-Coder-V2-Lite-Instruct,1,0,1,0,lenient,0.0,12.0,0.0
2026-08-11 21:16:03,IA15_m-deepseek-coder-v2-lite_sol1_gd0_rs0_bd1_str-lenient_t00_n1,606,3,1,deepseek-ai/DeepSeek-Coder-V2-Lite-Instruct,1,0,1,0,lenient,0.0,14.0,0.0
2026-08-11 21:16:10,IA15_m-deepseek-coder-v2-lite_sol1_gd0_rs0_bd1_str-lenient_t00_n1,607,1,1,deepseek-ai/DeepSeek-Coder-V2-Lite-Instruct,1,0,1,0,lenient,0.0,18.0,0.0
2026-08-11 21:16:17,IA15_m-deepseek-coder-v2-lite_sol1_gd0_rs0_bd1_str-lenient_t00_n1,607,2,1,deepseek-ai/DeepSeek-Coder-V2-Lite-Instruct,1,0,1,0,lenient,0.0,12.0,0.0
2026-08-11 21:16:25,IA15_m-deepseek-coder-v2-lite_sol1_gd0_rs0_bd1_str-lenient_t00_n1,607,3,1,deepseek-ai/DeepSeek-Coder-V2-Lite-Instruct,1,0,1,0,lenient,0.0,16.0,0.0
2026-08-11 21:16:33,IA15_m-deepseek-coder-v2-lite_sol1_gd0_rs0_bd1_str-lenient_t00_n1,608,1,1,deepseek-ai/DeepSeek-Coder-V2-Lite-Instruct,1,0,1,0,lenient,0.0,18.0,0.0
2026-08-11 21:16:39,IA15_m-deepseek-coder-v2-lite_sol1_gd0_rs0_bd1_str-lenient_t00_n1,608,2,1,deepseek-ai/DeepSeek-Coder-V2-Lite-Instruct,1,0,1,0,lenient,0.0,12.0,0.0
2026-08-11 21:16:42,IA15_m-deepseek-coder-v2-lite_sol1_gd0_rs0_bd1_str-lenient_t00_n1,608,3,1,deepseek-ai/DeepSeek-Coder-V2-Lite-Instruct,1,0,1,0,lenient,0.0,16.0,0.0
2026-08-11 21:16:50,IA15_m-deepseek-coder-v2-lite_sol1_gd0_rs0_bd1_str-lenient_t00_n1,609,1,1,deepseek-ai/DeepSeek-Coder-V2-Lite-Instruct,1,0,1,0,lenient,0.0,18.0,0.0
2026-08-11 21:16:57,IA15_m-deepseek-coder-v2-lite_sol1_gd0_rs0_bd1_str-lenient_t00_n1,609,2,1,deepseek-ai/DeepSeek-Coder-V2-Lite-Instruct,1,0,1,0,lenient,0.0,12.0,0.0
2026-08-11 21:17:05,IA15_m-deepseek-coder-v2-lite_sol1_gd0_rs0_bd1_str-lenient_t00_n1,609,3,1,deepseek-ai/DeepSeek-Coder-V2-Lite-Instruct,1,0,1,0,lenient,0.0,16.0,0.0
2026-08-11 21:17:13,IA15_m-deepseek-coder-v2-lite_sol1_gd0_rs0_bd1_str-lenient_t00_n1,610,1,1,deepseek-ai/DeepSeek-Coder-V2-Lite-Instruct,1,0,1,0,lenient,0.0,18.0,0.0
2026-08-11 21:17:20,IA15_m-deepseek-coder-v2-lite_sol1_gd0_rs0_bd1_str-lenient_t00_n1,610,2,1,deepseek-ai/DeepSeek-Coder-V2-Lite-Instruct,1,0,1,0,lenient,0.0,13.0,0.0
2026-08-11 21:17:28,IA15_m-deepseek-coder-v2-lite_sol1_gd0_rs0_bd1_str-lenient_t00_n1,610,3,1,deepseek-ai/DeepSeek-Coder-V2-Lite-Instruct,1,0,1,0,lenient,0.0,16.0,0.0
2026-08-11 21:17:35,IA15_m-deepseek-coder-v2-lite_sol1_gd0_rs0_bd1_str-lenient_t00_n1,611,1,1,deepseek-ai/DeepSeek-Coder-V2-Lite-Instruct,1,0,1,0,lenient,0.0,18.0,0.0
2026-08-11 21:17:42,IA15_m-deepseek-coder-v2-lite_sol1_gd0_rs0_bd1_str-lenient_t00_n1,611,2,1,deepseek-ai/DeepSeek-Coder-V2-Lite-Instruct,1,0,1,0,lenient,0.0,12.0,0.0
2026-08-11 21:17:49,IA15_m-deepseek-coder-v2-lite_sol1_gd0_rs0_bd1_str-lenient_t00_n1,611,3,1,deepseek-ai/DeepSeek-Coder-V2-Lite-Instruct,1,0,1,0,lenient,0.0,16.0,0.0
2026-08-11 21:17:57,IA15_m-deepseek-coder-v2-lite_sol1_gd0_rs0_bd1_str-lenient_t00_n1,612,1,1,deepseek-ai/DeepSeek-Coder-V2-Lite-Instruct,1,0,1,0,lenient,0.0,18.0,0.0
2026-08-11 21:18:03,IA15_m-deepseek-coder-v2-lite_sol1_gd0_rs0_bd1_str-lenient_t00_n1,612,2,1,deepseek-ai/DeepSeek-Coder-V2-Lite-Instruct,1,0,1,0,lenient,0.0,13.0,0.0
2026-08-11 21:18:11,IA15_m-deepseek-coder-v2-lite_sol1_gd0_rs0_bd1_str-lenient_t00_n1,612,3,1,deepseek-ai/DeepSeek-Coder-V2-Lite-Instruct,1,0,1,0,lenient,0.0,16.0,0.0
2026-08-11 21:18:19,IA15_m-deepseek-coder-v2-lite_sol1_gd0_rs0_bd1_str-lenient_t00_n1,613,1,1,deepseek-ai/DeepSeek-Coder-V2-Lite-Instruct,1,0,1,0,lenient,0.0,20.0,0.0
2026-08-11 21:18:25,IA15_m-deepseek-coder-v2-lite_sol1_gd0_rs0_bd1_str-lenient_t00_n1,613,2,1,deepseek-ai/DeepSeek-Coder-V2-Lite-Instruct,1,0,1,0,lenient,0.0,13.0,0.0
2026-08-11 21:18:33,IA15_m-deepseek-coder-v2-lite_sol1_gd0_rs0_bd1_str-lenient_t00_n1,613,3,1,deepseek-ai/DeepSeek-Coder-V2-Lite-Instruct,1,0,1,0,lenient,0.0,17.0,0.0
2026-08-11 21:18:40,IA15_m-deepseek-coder-v2-lite_sol1_gd0_rs0_bd1_str-lenient_t00_n1,614,1,1,deepseek-ai/DeepSeek-Coder-V2-Lite-Instruct,1,0,1,0,lenient,0.0,18.0,0.0
2026-08-11 21:18:46,IA15_m-deepseek-coder-v2-lite_sol1_gd0_rs0_bd1_str-lenient_t00_n1,614,2,1,deepseek-ai/DeepSeek-Coder-V2-Lite-Instruct,1,0,1,0,lenient,0.0,12.0,0.0
2026-08-11 21:18:53,IA15_m-deepseek-coder-v2-lite_sol1_gd0_rs0_bd1_str-lenient_t00_n1,614,3,1,deepseek-ai/DeepSeek-Coder-V2-Lite-Instruct,1,0,1,0,lenient,0.0,17.0,0.0
2026-08-11 21:19:00,IA15_m-deepseek-coder-v2-lite_sol1_gd0_rs0_bd1_str-lenient_t00_n1,615,1,1,deepseek-ai/DeepSeek-Coder-V2-Lite-Instruct,1,0,1,0,lenient,0.0,18.0,0.0
2026-08-11 21:19:08,IA15_m-deepseek-coder-v2-lite_sol1_gd0_rs0_bd1_str-lenient_t00_n1,615,3,1,deepseek-ai/DeepSeek-Coder-V2-Lite-Instruct,1,0,1,0,lenient,0.0,14.0,0.0
2026-08-11 21:19:16,IA15_m-deepseek-coder-v2-lite_sol1_gd0_rs0_bd1_str-lenient_t00_n1,616,1,1,deepseek-ai/DeepSeek-Coder-V2-Lite-Instruct,1,0,1,0,lenient,0.0,18.0,0.0
2026-08-11 21:19:23,IA15_m-deepseek-coder-v2-lite_sol1_gd0_rs0_bd1_str-lenient_t00_n1,616,2,1,deepseek-ai/DeepSeek-Coder-V2-Lite-Instruct,1,0,1,0,lenient,0.0,13.0,0.0
2026-08-11 21:19:31,IA15_m-deepseek-coder-v2-lite_sol1_gd0_rs0_bd1_str-lenient_t00_n1,616,3,1,deepseek-ai/DeepSeek-Coder-V2-Lite-Instruct,1,0,1,0,lenient,0.0,17.0,0.0
2026-08-11 21:19:39,IA15_m-deepseek-coder-v2-lite_sol1_gd0_rs0_bd1_str-lenient_t00_n1,617,1,1,deepseek-ai/DeepSeek-Coder-V2-Lite-Instruct,1,0,1,0,lenient,0.0,18.0,0.0
2026-08-11 21:19:46,IA15_m-deepseek-coder-v2-lite_sol1_gd0_rs0_bd1_str-lenient_t00_n1,617,2,1,deepseek-ai/DeepSeek-Coder-V2-Lite-Instruct,1,0,1,0,lenient,0.0,12.0,0.0
2026-08-11 21:19:53,IA15_m-deepseek-coder-v2-lite_sol1_gd0_rs0_bd1_str-lenient_t00_n1,617,3,1,deepseek-ai/DeepSeek-Coder-V2-Lite-Instruct,1,0,1,0,lenient,0.0,16.0,0.0
2026-08-11 21:20:02,IA15_m-deepseek-coder-v2-lite_sol1_gd0_rs0_bd1_str-lenient_t00_n1,618,1,1,deepseek-ai/DeepSeek-Coder-V2-Lite-Instruct,1,0,1,0,lenient,0.0,20.0,3.0
2026-08-11 21:20:09,IA15_m-deepseek-coder-v2-lite_sol1_gd0_rs0_bd1_str-lenient_t00_n1,618,2,1,deepseek-ai/DeepSeek-Coder-V2-Lite-Instruct,1,0,1,0,lenient,0.0,13.0,0.0
2026-08-11 21:20:17,IA15_m-deepseek-coder-v2-lite_sol1_gd0_rs0_bd1_str-lenient_t00_n1,618,3,1,deepseek-ai/DeepSeek-Coder-V2-Lite-Instruct,1,0,1,0,lenient,0.0,17.0,0.0
2026-08-11 21:20:25,IA15_m-deepseek-coder-v2-lite_sol1_gd0_rs0_bd1_str-lenient_t00_n1,619,1,1,deepseek-ai/DeepSeek-Coder-V2-Lite-Instruct,1,0,1,0,lenient,0.0,21.0,0.0
2026-08-11 21:20:32,IA15_m-deepseek-coder-v2-lite_sol1_gd0_rs0_bd1_str-lenient_t00_n1,619,2,1,deepseek-ai/DeepSeek-Coder-V2-Lite-Instruct,1,0,1,0,lenient,0.0,13.0,0.0
2026-08-11 21:20:39,IA15_m-deepseek-coder-v2-lite_sol1_gd0_rs0_bd1_str-lenient_t00_n1,619,3,1,deepseek-ai/DeepSeek-Coder-V2-Lite-Instruct,1,0,1,0,lenient,0.0,17.0,0.0
2026-08-11 21:20:46,IA15_m-deepseek-coder-v2-lite_sol1_gd0_rs0_bd1_str-lenient_t00_n1,620,1,1,deepseek-ai/DeepSeek-Coder-V2-Lite-Instruct,1,0,1,0,lenient,0.0,18.0,0.0
2026-08-11 21:20:53,IA15_m-deepseek-coder-v2-lite_sol1_gd0_rs0_bd1_str-lenient_t00_n1,620,2,1,deepseek-ai/DeepSeek-Coder-V2-Lite-Instruct,1,0,1,0,lenient,0.0,13.0,0.0
2026-08-11 21:21:01,IA15_m-deepseek-coder-v2-lite_sol1_gd0_rs0_bd1_str-lenient_t00_n1,620,3,1,deepseek-ai/DeepSeek-Coder-V2-Lite-Instruct,1,0,1,0,lenient,0.0,14.0,0.0
2026-08-11 21:21:08,IA15_m-deepseek-coder-v2-lite_sol1_gd0_rs0_bd1_str-lenient_t00_n1,621,1,1,deepseek-ai/DeepSeek-Coder-V2-Lite-Instruct,1,0,1,0,lenient,0.0,18.0,0.0
2026-08-11 21:21:15,IA15_m-deepseek-coder-v2-lite_sol1_gd0_rs0_bd1_str-lenient_t00_n1,621,2,1,deepseek-ai/DeepSeek-Coder-V2-Lite-Instruct,1,0,1,0,lenient,0.0,13.0,0.0
2026-08-11 21:21:18,IA15_m-deepseek-coder-v2-lite_sol1_gd0_rs0_bd1_str-lenient_t00_n1,621,3,1,deepseek-ai/DeepSeek-Coder-V2-Lite-Instruct,1,0,1,0,lenient,0.0,16.0,0.0
2026-08-11 21:21:26,IA15_m-deepseek-coder-v2-lite_sol1_gd0_rs0_bd1_str-lenient_t00_n1,622,1,1,deepseek-ai/DeepSeek-Coder-V2-Lite-Instruct,1,0,1,0,lenient,0.0,18.0,0.0
2026-08-11 21:21:32,IA15_m-deepseek-coder-v2-lite_sol1_gd0_rs0_bd1_str-lenient_t00_n1,622,2,1,deepseek-ai/DeepSeek-Coder-V2-Lite-Instruct,1,0,1,0,lenient,0.0,12.0,0.0
2026-08-11 21:21:40,IA15_m-deepseek-coder-v2-lite_sol1_gd0_rs0_bd1_str-lenient_t00_n1,622,3,1,deepseek-ai/DeepSeek-Coder-V2-Lite-Instruct,1,0,1,0,lenient,0.0,17.0,0.0
2026-08-11 21:21:48,IA15_m-deepseek-coder-v2-lite_sol1_gd0_rs0_bd1_str-lenient_t00_n1,623,1,1,deepseek-ai/DeepSeek-Coder-V2-Lite-Instruct,1,0,1,0,lenient,0.0,18.0,0.0
2026-08-11 21:21:53,IA15_m-deepseek-coder-v2-lite_sol1_gd0_rs0_bd1_str-lenient_t00_n1,623,2,1,deepseek-ai/DeepSeek-Coder-V2-Lite-Instruct,1,0,1,0,lenient,0.0,12.0,0.0
2026-08-11 21:22:02,IA15_m-deepseek-coder-v2-lite_sol1_gd0_rs0_bd1_str-lenient_t00_n1,623,3,1,deepseek-ai/DeepSeek-Coder-V2-Lite-Instruct,1,0,1,0,lenient,0.0,16.0,0.0
2026-08-11 21:22:11,IA15_m-deepseek-coder-v2-lite_sol1_gd0_rs0_bd1_str-lenient_t00_n1,624,1,1,deepseek-ai/DeepSeek-Coder-V2-Lite-Instruct,1,0,1,0,lenient,0.0,21.0,2.0
2026-08-11 21:22:18,IA15_m-deepseek-coder-v2-lite_sol1_gd0_rs0_bd1_str-lenient_t00_n1,624,2,1,deepseek-ai/DeepSeek-Coder-V2-Lite-Instruct,1,0,1,0,lenient,0.0,12.0,0.0
2026-08-11 21:22:25,IA15_m-deepseek-coder-v2-lite_sol1_gd0_rs0_bd1_str-lenient_t00_n1,624,3,1,deepseek-ai/DeepSeek-Coder-V2-Lite-Instruct,1,0,1,0,lenient,0.0,14.0,0.0
2026-08-11 21:22:33,IA15_m-deepseek-coder-v2-lite_sol1_gd0_rs0_bd1_str-lenient_t00_n1,625,1,1,deepseek-ai/DeepSeek-Coder-V2-Lite-Instruct,1,0,1,0,lenient,0.0,18.0,0.0
2026-08-11 21:22:40,IA15_m-deepseek-coder-v2-lite_sol1_gd0_rs0_bd1_str-lenient_t00_n1,625,2,1,deepseek-ai/DeepSeek-Coder-V2-Lite-Instruct,1,0,1,0,lenient,0.0,12.0,0.0
2026-08-11 21:22:47,IA15_m-deepseek-coder-v2-lite_sol1_gd0_rs0_bd1_str-lenient_t00_n1,625,3,1,deepseek-ai/DeepSeek-Coder-V2-Lite-Instruct,1,0,1,0,lenient,0.0,17.0,0.0
2026-08-11 21:22:55,IA15_m-deepseek-coder-v2-lite_sol1_gd0_rs0_bd1_str-lenient_t00_n1,626,1,1,deepseek-ai/DeepSeek-Coder-V2-Lite-Instruct,1,0,1,0,lenient,0.0,18.0,0.0
2026-08-11 21:23:01,IA15_m-deepseek-coder-v2-lite_sol1_gd0_rs0_bd1_str-lenient_t00_n1,626,2,1,deepseek-ai/DeepSeek-Coder-V2-Lite-Instruct,1,0,1,0,lenient,0.0,12.0,0.0
2026-08-11 21:23:09,IA15_m-deepseek-coder-v2-lite_sol1_gd0_rs0_bd1_str-lenient_t00_n1,627,1,1,deepseek-ai/DeepSeek-Coder-V2-Lite-Instruct,1,0,1,0,lenient,0.0,18.0,0.0
2026-08-11 21:23:15,IA15_m-deepseek-coder-v2-lite_sol1_gd0_rs0_bd1_str-lenient_t00_n1,627,2,1,deepseek-ai/DeepSeek-Coder-V2-Lite-Instruct,1,0,1,0,lenient,0.0,13.0,0.0
2026-08-11 21:23:22,IA15_m-deepseek-coder-v2-lite_sol1_gd0_rs0_bd1_str-lenient_t00_n1,627,3,1,deepseek-ai/DeepSeek-Coder-V2-Lite-Instruct,1,0,1,0,lenient,0.0,12.0,0.0
2026-08-11 21:23:30,IA15_m-deepseek-coder-v2-lite_sol1_gd0_rs0_bd1_str-lenient_t00_n1,628,1,1,deepseek-ai/DeepSeek-Coder-V2-Lite-Instruct,1,0,1,0,lenient,0.0,18.0,0.0
2026-08-11 21:23:37,IA15_m-deepseek-coder-v2-lite_sol1_gd0_rs0_bd1_str-lenient_t00_n1,628,2,1,deepseek-ai/DeepSeek-Coder-V2-Lite-Instruct,1,0,1,0,lenient,0.0,12.0,0.0
2026-08-11 21:23:44,IA15_m-deepseek-coder-v2-lite_sol1_gd0_rs0_bd1_str-lenient_t00_n1,628,3,1,deepseek-ai/DeepSeek-Coder-V2-Lite-Instruct,1,0,1,0,lenient,0.0,14.0,0.0
2026-08-11 21:23:51,IA15_m-deepseek-coder-v2-lite_sol1_gd0_rs0_bd1_str-lenient_t00_n1,629,1,1,deepseek-ai/DeepSeek-Coder-V2-Lite-Instruct,1,0,1,0,lenient,0.0,18.0,0.0
2026-08-11 21:23:58,IA15_m-deepseek-coder-v2-lite_sol1_gd0_rs0_bd1_str-lenient_t00_n1,629,2,1,deepseek-ai/DeepSeek-Coder-V2-Lite-Instruct,1,0,1,0,lenient,0.0,12.0,0.0
2026-08-11 21:24:07,IA15_m-deepseek-coder-v2-lite_sol1_gd0_rs0_bd1_str-lenient_t00_n1,629,3,1,deepseek-ai/DeepSeek-Coder-V2-Lite-Instruct,1,0,1,0,lenient,0.0,17.0,0.0
2026-08-11 21:24:15,IA15_m-deepseek-coder-v2-lite_sol1_gd0_rs0_bd1_str-lenient_t00_n1,630,1,1,deepseek-ai/DeepSeek-Coder-V2-Lite-Instruct,1,0,1,0,lenient,0.0,18.0,0.0
2026-08-11 21:24:20,IA15_m-deepseek-coder-v2-lite_sol1_gd0_rs0_bd1_str-lenient_t00_n1,630,2,1,deepseek-ai/DeepSeek-Coder-V2-Lite-Instruct,1,0,1,0,lenient,0.0,12.0,0.0
2026-08-11 21:24:28,IA15_m-deepseek-coder-v2-lite_sol1_gd0_rs0_bd1_str-lenient_t00_n1,630,3,1,deepseek-ai/DeepSeek-Coder-V2-Lite-Instruct,1,0,1,0,lenient,0.0,17.0,0.0
2026-08-11 21:24:36,IA15_m-deepseek-coder-v2-lite_sol1_gd0_rs0_bd1_str-lenient_t00_n1,631,1,1,deepseek-ai/DeepSeek-Coder-V2-Lite-Instruct,1,0,1,0,lenient,0.0,18.0,0.0
2026-08-11 21:24:41,IA15_m-deepseek-coder-v2-lite_sol1_gd0_rs0_bd1_str-lenient_t00_n1,631,2,1,deepseek-ai/DeepSeek-Coder-V2-Lite-Instruct,1,0,1,0,lenient,0.0,12.0,0.0
2026-08-11 21:24:48,IA15_m-deepseek-coder-v2-lite_sol1_gd0_rs0_bd1_str-lenient_t00_n1,631,3,1,deepseek-ai/DeepSeek-Coder-V2-Lite-Instruct,1,0,1,0,lenient,0.0,17.0,0.0
2026-08-11 21:24:56,IA15_m-deepseek-coder-v2-lite_sol1_gd0_rs0_bd1_str-lenient_t00_n1,632,1,1,deepseek-ai/DeepSeek-Coder-V2-Lite-Instruct,1,0,1,0,lenient,0.0,18.0,0.0
2026-08-11 21:25:03,IA15_m-deepseek-coder-v2-lite_sol1_gd0_rs0_bd1_str-lenient_t00_n1,632,2,1,deepseek-ai/DeepSeek-Coder-V2-Lite-Instruct,1,0,1,0,lenient,0.0,13.0,0.0
2026-08-11 21:25:10,IA15_m-deepseek-coder-v2-lite_sol1_gd0_rs0_bd1_str-lenient_t00_n1,632,3,1,deepseek-ai/DeepSeek-Coder-V2-Lite-Instruct,1,0,1,0,lenient,0.0,17.0,0.0
2026-08-11 21:25:18,IA15_m-deepseek-coder-v2-lite_sol1_gd0_rs0_bd1_str-lenient_t00_n1,633,1,1,deepseek-ai/DeepSeek-Coder-V2-Lite-Instruct,1,0,1,0,lenient,0.0,18.0,0.0
2026-08-11 21:25:25,IA15_m-deepseek-coder-v2-lite_sol1_gd0_rs0_bd1_str-lenient_t00_n1,633,2,1,deepseek-ai/DeepSeek-Coder-V2-Lite-Instruct,1,0,1,0,lenient,0.0,13.0,0.0
2026-08-11 21:25:32,IA15_m-deepseek-coder-v2-lite_sol1_gd0_rs0_bd1_str-lenient_t00_n1,633,3,1,deepseek-ai/DeepSeek-Coder-V2-Lite-Instruct,1,0,1,0,lenient,0.0,17.0,0.0
2026-08-11 21:25:40,IA15_m-deepseek-coder-v2-lite_sol1_gd0_rs0_bd1_str-lenient_t00_n1,634,1,1,deepseek-ai/DeepSeek-Coder-V2-Lite-Instruct,1,0,1,0,lenient,0.0,18.0,0.0
2026-08-11 21:25:47,IA15_m-deepseek-coder-v2-lite_sol1_gd0_rs0_bd1_str-lenient_t00_n1,634,2,1,deepseek-ai/DeepSeek-Coder-V2-Lite-Instruct,1,0,1,0,lenient,0.0,13.0,0.0
2026-08-11 21:25:51,IA15_m-deepseek-coder-v2-lite_sol1_gd0_rs0_bd1_str-lenient_t00_n1,634,3,1,deepseek-ai/DeepSeek-Coder-V2-Lite-Instruct,1,0,1,0,lenient,0.0,17.0,0.0
2026-08-11 21:25:59,IA15_m-deepseek-coder-v2-lite_sol1_gd0_rs0_bd1_str-lenient_t00_n1,635,1,1,deepseek-ai/DeepSeek-Coder-V2-Lite-Instruct,1,0,1,0,lenient,0.0,18.0,0.0
2026-08-11 21:26:06,IA15_m-deepseek-coder-v2-lite_sol1_gd0_rs0_bd1_str-lenient_t00_n1,635,2,1,deepseek-ai/DeepSeek-Coder-V2-Lite-Instruct,1,0,1,0,lenient,0.0,12.0,0.0
2026-08-11 21:26:13,IA15_m-deepseek-coder-v2-lite_sol1_gd0_rs0_bd1_str-lenient_t00_n1,635,3,1,deepseek-ai/DeepSeek-Coder-V2-Lite-Instruct,1,0,1,0,lenient,0.0,16.0,0.0
2026-08-11 21:26:21,IA15_m-deepseek-coder-v2-lite_sol1_gd0_rs0_bd1_str-lenient_t00_n1,636,1,1,deepseek-ai/DeepSeek-Coder-V2-Lite-Instruct,1,0,1,0,lenient,0.0,18.5,0.0
2026-08-11 21:26:27,IA15_m-deepseek-coder-v2-lite_sol1_gd0_rs0_bd1_str-lenient_t00_n1,636,2,1,deepseek-ai/DeepSeek-Coder-V2-Lite-Instruct,1,0,1,0,lenient,0.0,13.0,0.0
2026-08-11 21:26:35,IA15_m-deepseek-coder-v2-lite_sol1_gd0_rs0_bd1_str-lenient_t00_n1,636,3,1,deepseek-ai/DeepSeek-Coder-V2-Lite-Instruct,1,0,1,0,lenient,0.0,17.0,0.0
2026-08-11 21:26:42,IA15_m-deepseek-coder-v2-lite_sol1_gd0_rs0_bd1_str-lenient_t00_n1,637,1,1,deepseek-ai/DeepSeek-Coder-V2-Lite-Instruct,1,0,1,0,lenient,0.0,20.0,0.0
2026-08-11 21:26:49,IA15_m-deepseek-coder-v2-lite_sol1_gd0_rs0_bd1_str-lenient_t00_n1,637,2,1,deepseek-ai/DeepSeek-Coder-V2-Lite-Instruct,1,0,1,0,lenient,0.0,13.0,0.0
2026-08-11 21:26:57,IA15_m-deepseek-coder-v2-lite_sol1_gd0_rs0_bd1_str-lenient_t00_n1,637,3,1,deepseek-ai/DeepSeek-Coder-V2-Lite-Instruct,1,0,1,0,lenient,0.0,16.0,0.0
2026-08-11 21:27:05,IA15_m-deepseek-coder-v2-lite_sol1_gd0_rs0_bd1_str-lenient_t00_n1,638,1,1,deepseek-ai/DeepSeek-Coder-V2-Lite-Instruct,1,0,1,0,lenient,0.0,18.0,0.0
2026-08-11 21:27:12,IA15_m-deepseek-coder-v2-lite_sol1_gd0_rs0_bd1_str-lenient_t00_n1,638,2,1,deepseek-ai/DeepSeek-Coder-V2-Lite-Instruct,1,0,1,0,lenient,0.0,12.0,0.0
2026-08-11 21:27:19,IA15_m-deepseek-coder-v2-lite_sol1_gd0_rs0_bd1_str-lenient_t00_n1,638,3,1,deepseek-ai/DeepSeek-Coder-V2-Lite-Instruct,1,0,1,0,lenient,0.0,16.0,0.0
2026-08-11 21:27:27,IA15_m-deepseek-coder-v2-lite_sol1_gd0_rs0_bd1_str-lenient_t00_n1,639,1,1,deepseek-ai/DeepSeek-Coder-V2-Lite-Instruct,1,0,1,0,lenient,0.0,18.0,0.0
2026-08-11 21:27:34,IA15_m-deepseek-coder-v2-lite_sol1_gd0_rs0_bd1_str-lenient_t00_n1,639,2,1,deepseek-ai/DeepSeek-Coder-V2-Lite-Instruct,1,0,1,0,lenient,0.0,13.0,0.0
2026-08-11 21:27:41,IA15_m-deepseek-coder-v2-lite_sol1_gd0_rs0_bd1_str-lenient_t00_n1,639,3,1,deepseek-ai/DeepSeek-Coder-V2-Lite-Instruct,1,0,1,0,lenient,0.0,17.0,0.0
2026-08-11 21:27:49,IA15_m-deepseek-coder-v2-lite_sol1_gd0_rs0_bd1_str-lenient_t00_n1,640,1,1,deepseek-ai/DeepSeek-Coder-V2-Lite-Instruct,1,0,1,0,lenient,0.0,18.0,0.0
2026-08-11 21:27:55,IA15_m-deepseek-coder-v2-lite_sol1_gd0_rs0_bd1_str-lenient_t00_n1,640,2,1,deepseek-ai/DeepSeek-Coder-V2-Lite-Instruct,1,0,1,0,lenient,0.0,12.0,0.0
2026-08-11 21:28:02,IA15_m-deepseek-coder-v2-lite_sol1_gd0_rs0_bd1_str-lenient_t00_n1,640,3,1,deepseek-ai/DeepSeek-Coder-V2-Lite-Instruct,1,0,1,0,lenient,0.0,17.0,0.0
2026-08-11 21:28:09,IA15_m-deepseek-coder-v2-lite_sol1_gd0_rs0_bd1_str-lenient_t00_n1,641,1,1,deepseek-ai/DeepSeek-Coder-V2-Lite-Instruct,1,0,1,0,lenient,0.0,18.0,0.0
2026-08-11 21:28:16,IA15_m-deepseek-coder-v2-lite_sol1_gd0_rs0_bd1_str-lenient_t00_n1,641,2,1,deepseek-ai/DeepSeek-Coder-V2-Lite-Instruct,1,0,1,0,lenient,0.0,13.0,0.0
2026-08-11 21:28:23,IA15_m-deepseek-coder-v2-lite_sol1_gd0_rs0_bd1_str-lenient_t00_n1,641,3,1,deepseek-ai/DeepSeek-Coder-V2-Lite-Instruct,1,0,1,0,lenient,0.0,17.0,0.0
2026-08-11 21:28:32,IA15_m-deepseek-coder-v2-lite_sol1_gd0_rs0_bd1_str-lenient_t00_n1,642,1,1,deepseek-ai/DeepSeek-Coder-V2-Lite-Instruct,1,0,1,0,lenient,0.0,18.0,0.0
2026-08-11 21:28:38,IA15_m-deepseek-coder-v2-lite_sol1_gd0_rs0_bd1_str-lenient_t00_n1,642,2,1,deepseek-ai/DeepSeek-Coder-V2-Lite-Instruct,1,0,1,0,lenient,0.0,12.0,0.0
2026-08-11 21:28:41,IA15_m-deepseek-coder-v2-lite_sol1_gd0_rs0_bd1_str-lenient_t00_n1,642,3,1,deepseek-ai/DeepSeek-Coder-V2-Lite-Instruct,1,0,1,0,lenient,0.0,17.0,0.0
2026-08-11 21:28:49,IA15_m-deepseek-coder-v2-lite_sol1_gd0_rs0_bd1_str-lenient_t00_n1,643,1,1,deepseek-ai/DeepSeek-Coder-V2-Lite-Instruct,1,0,1,0,lenient,0.0,18.0,0.0
2026-08-11 21:28:56,IA15_m-deepseek-coder-v2-lite_sol1_gd0_rs0_bd1_str-lenient_t00_n1,643,2,1,deepseek-ai/DeepSeek-Coder-V2-Lite-Instruct,1,0,1,0,lenient,0.0,13.0,0.0
2026-08-11 21:29:03,IA15_m-deepseek-coder-v2-lite_sol1_gd0_rs0_bd1_str-lenient_t00_n1,643,3,1,deepseek-ai/DeepSeek-Coder-V2-Lite-Instruct,1,0,1,0,lenient,0.0,17.0,0.0
2026-08-11 21:29:11,IA15_m-deepseek-coder-v2-lite_sol1_gd0_rs0_bd1_str-lenient_t00_n1,644,1,1,deepseek-ai/DeepSeek-Coder-V2-Lite-Instruct,1,0,1,0,lenient,0.0,18.0,0.0
2026-08-11 21:29:16,IA15_m-deepseek-coder-v2-lite_sol1_gd0_rs0_bd1_str-lenient_t00_n1,644,2,1,deepseek-ai/DeepSeek-Coder-V2-Lite-Instruct,1,0,1,0,lenient,0.0,12.0,0.0
2026-08-11 21:29:23,IA15_m-deepseek-coder-v2-lite_sol1_gd0_rs0_bd1_str-lenient_t00_n1,644,3,1,deepseek-ai/DeepSeek-Coder-V2-Lite-Instruct,1,0,1,0,lenient,0.0,14.0,0.0
2026-08-11 21:29:32,IA15_m-deepseek-coder-v2-lite_sol1_gd0_rs0_bd1_str-lenient_t00_n1,645,1,1,deepseek-ai/DeepSeek-Coder-V2-Lite-Instruct,1,0,1,0,lenient,0.0,18.0,0.0
2026-08-11 21:29:37,IA15_m-deepseek-coder-v2-lite_sol1_gd0_rs0_bd1_str-lenient_t00_n1,645,2,1,deepseek-ai/DeepSeek-Coder-V2-Lite-Instruct,1,0,1,0,lenient,0.0,12.0,0.0
2026-08-11 21:29:46,IA15_m-deepseek-coder-v2-lite_sol1_gd0_rs0_bd1_str-lenient_t00_n1,645,3,1,deepseek-ai/DeepSeek-Coder-V2-Lite-Instruct,1,0,1,0,lenient,0.0,14.0,0.0
2026-08-11 21:29:54,IA15_m-deepseek-coder-v2-lite_sol1_gd0_rs0_bd1_str-lenient_t00_n1,646,1,1,deepseek-ai/DeepSeek-Coder-V2-Lite-Instruct,1,0,1,0,lenient,0.0,18.0,0.0
2026-08-11 21:29:59,IA15_m-deepseek-coder-v2-lite_sol1_gd0_rs0_bd1_str-lenient_t00_n1,646,2,1,deepseek-ai/DeepSeek-Coder-V2-Lite-Instruct,1,0,1,0,lenient,0.0,12.0,0.0
2026-08-11 21:30:06,IA15_m-deepseek-coder-v2-lite_sol1_gd0_rs0_bd1_str-lenient_t00_n1,646,3,1,deepseek-ai/DeepSeek-Coder-V2-Lite-Instruct,1,0,1,0,lenient,0.0,14.0,0.0
2026-08-11 21:30:14,IA15_m-deepseek-coder-v2-lite_sol1_gd0_rs0_bd1_str-lenient_t00_n1,647,1,1,deepseek-ai/DeepSeek-Coder-V2-Lite-Instruct,1,0,1,0,lenient,0.0,18.0,0.0
2026-08-11 21:30:21,IA15_m-deepseek-coder-v2-lite_sol1_gd0_rs0_bd1_str-lenient_t00_n1,647,2,1,deepseek-ai/DeepSeek-Coder-V2-Lite-Instruct,1,0,1,0,lenient,0.0,12.0,0.0
2026-08-11 21:30:28,IA15_m-deepseek-coder-v2-lite_sol1_gd0_rs0_bd1_str-lenient_t00_n1,647,3,1,deepseek-ai/DeepSeek-Coder-V2-Lite-Instruct,1,0,1,0,lenient,0.0,14.0,0.0
2026-08-11 21:30:36,IA15_m-deepseek-coder-v2-lite_sol1_gd0_rs0_bd1_str-lenient_t00_n1,648,1,1,deepseek-ai/DeepSeek-Coder-V2-Lite-Instruct,1,0,1,0,lenient,0.0,18.0,0.0
2026-08-11 21:30:42,IA15_m-deepseek-coder-v2-lite_sol1_gd0_rs0_bd1_str-lenient_t00_n1,648,2,1,deepseek-ai/DeepSeek-Coder-V2-Lite-Instruct,1,0,1,0,lenient,0.0,12.0,0.0
2026-08-11 21:30:49,IA15_m-deepseek-coder-v2-lite_sol1_gd0_rs0_bd1_str-lenient_t00_n1,648,3,1,deepseek-ai/DeepSeek-Coder-V2-Lite-Instruct,1,0,1,0,lenient,0.0,17.0,0.0
2026-08-11 21:30:57,IA15_m-deepseek-coder-v2-lite_sol1_gd0_rs0_bd1_str-lenient_t00_n1,649,1,1,deepseek-ai/DeepSeek-Coder-V2-Lite-Instruct,1,0,1,0,lenient,0.0,18.0,0.0
2026-08-11 21:31:04,IA15_m-deepseek-coder-v2-lite_sol1_gd0_rs0_bd1_str-lenient_t00_n1,649,2,1,deepseek-ai/DeepSeek-Coder-V2-Lite-Instruct,1,0,1,0,lenient,0.0,12.0,0.0
2026-08-11 21:31:12,IA15_m-deepseek-coder-v2-lite_sol1_gd0_rs0_bd1_str-lenient_t00_n1,649,3,1,deepseek-ai/DeepSeek-Coder-V2-Lite-Instruct,1,0,1,0,lenient,0.0,17.0,0.0
2026-08-11 21:31:20,IA15_m-deepseek-coder-v2-lite_sol1_gd0_rs0_bd1_str-lenient_t00_n1,650,1,1,deepseek-ai/DeepSeek-Coder-V2-Lite-Instruct,1,0,1,0,lenient,0.0,18.0,0.0
2026-08-11 21:31:27,IA15_m-deepseek-coder-v2-lite_sol1_gd0_rs0_bd1_str-lenient_t00_n1,650,2,1,deepseek-ai/DeepSeek-Coder-V2-Lite-Instruct,1,0,1,0,lenient,0.0,12.0,0.0
2026-08-11 21:31:34,IA15_m-deepseek-coder-v2-lite_sol1_gd0_rs0_bd1_str-lenient_t00_n1,650,3,1,deepseek-ai/DeepSeek-Coder-V2-Lite-Instruct,1,0,1,0,lenient,0.0,15.0,0.0
2026-08-11 21:31:42,IA15_m-deepseek-coder-v2-lite_sol1_gd0_rs0_bd1_str-lenient_t00_n1,651,1,1,deepseek-ai/DeepSeek-Coder-V2-Lite-Instruct,1,0,1,0,lenient,0.0,20.0,0.0
2026-08-11 21:31:49,IA15_m-deepseek-coder-v2-lite_sol1_gd0_rs0_bd1_str-lenient_t00_n1,651,2,1,deepseek-ai/DeepSeek-Coder-V2-Lite-Instruct,1,0,1,0,lenient,0.0,13.0,0.0
2026-08-11 21:31:56,IA15_m-deepseek-coder-v2-lite_sol1_gd0_rs0_bd1_str-lenient_t00_n1,651,3,1,deepseek-ai/DeepSeek-Coder-V2-Lite-Instruct,1,0,1,0,lenient,0.0,17.0,0.0
2026-08-11 21:32:05,IA15_m-deepseek-coder-v2-lite_sol1_gd0_rs0_bd1_str-lenient_t00_n1,652,1,1,deepseek-ai/DeepSeek-Coder-V2-Lite-Instruct,1,0,1,0,lenient,0.0,21.0,2.0
2026-08-11 21:32:12,IA15_m-deepseek-coder-v2-lite_sol1_gd0_rs0_bd1_str-lenient_t00_n1,652,2,1,deepseek-ai/DeepSeek-Coder-V2-Lite-Instruct,1,0,1,0,lenient,0.0,13.0,0.0
2026-08-11 21:32:20,IA15_m-deepseek-coder-v2-lite_sol1_gd0_rs0_bd1_str-lenient_t00_n1,652,3,1,deepseek-ai/DeepSeek-Coder-V2-Lite-Instruct,1,0,1,0,lenient,0.0,17.0,0.0
2026-08-11 21:32:27,IA15_m-deepseek-coder-v2-lite_sol1_gd0_rs0_bd1_str-lenient_t00_n1,653,1,1,deepseek-ai/DeepSeek-Coder-V2-Lite-Instruct,1,0,1,0,lenient,0.0,18.0,0.0
2026-08-11 21:32:34,IA15_m-deepseek-coder-v2-lite_sol1_gd0_rs0_bd1_str-lenient_t00_n1,653,2,1,deepseek-ai/DeepSeek-Coder-V2-Lite-Instruct,1,0,1,0,lenient,0.0,12.0,0.0
2026-08-11 21:32:41,IA15_m-deepseek-coder-v2-lite_sol1_gd0_rs0_bd1_str-lenient_t00_n1,653,3,1,deepseek-ai/DeepSeek-Coder-V2-Lite-Instruct,1,0,1,0,lenient,0.0,14.0,0.0
2026-08-11 21:32:49,IA15_m-deepseek-coder-v2-lite_sol1_gd0_rs0_bd1_str-lenient_t00_n1,654,1,1,deepseek-ai/DeepSeek-Coder-V2-Lite-Instruct,1,0,1,0,lenient,0.0,18.0,0.0
2026-08-11 21:32:56,IA15_m-deepseek-coder-v2-lite_sol1_gd0_rs0_bd1_str-lenient_t00_n1,654,2,1,deepseek-ai/DeepSeek-Coder-V2-Lite-Instruct,1,0,1,0,lenient,0.0,12.0,0.0
2026-08-11 21:33:04,IA15_m-deepseek-coder-v2-lite_sol1_gd0_rs0_bd1_str-lenient_t00_n1,655,1,1,deepseek-ai/DeepSeek-Coder-V2-Lite-Instruct,1,0,1,0,lenient,0.0,18.0,0.0
2026-08-11 21:33:11,IA15_m-deepseek-coder-v2-lite_sol1_gd0_rs0_bd1_str-lenient_t00_n1,655,2,1,deepseek-ai/DeepSeek-Coder-V2-Lite-Instruct,1,0,1,0,lenient,0.0,13.0,0.0
2026-08-11 21:33:19,IA15_m-deepseek-coder-v2-lite_sol1_gd0_rs0_bd1_str-lenient_t00_n1,655,3,1,deepseek-ai/DeepSeek-Coder-V2-Lite-Instruct,1,0,1,0,lenient,0.0,15.0,0.0
2026-08-11 21:33:26,IA15_m-deepseek-coder-v2-lite_sol1_gd0_rs0_bd1_str-lenient_t00_n1,656,1,1,deepseek-ai/DeepSeek-Coder-V2-Lite-Instruct,1,0,1,0,lenient,0.0,18.0,0.0
2026-08-11 21:33:33,IA15_m-deepseek-coder-v2-lite_sol1_gd0_rs0_bd1_str-lenient_t00_n1,656,2,1,deepseek-ai/DeepSeek-Coder-V2-Lite-Instruct,1,0,1,0,lenient,0.0,13.0,0.0
2026-08-11 21:33:41,IA15_m-deepseek-coder-v2-lite_sol1_gd0_rs0_bd1_str-lenient_t00_n1,656,3,1,deepseek-ai/DeepSeek-Coder-V2-Lite-Instruct,1,0,1,0,lenient,0.0,14.0,0.0
2026-08-11 21:33:49,IA15_m-deepseek-coder-v2-lite_sol1_gd0_rs0_bd1_str-lenient_t00_n1,657,1,1,deepseek-ai/DeepSeek-Coder-V2-Lite-Instruct,1,0,1,0,lenient,0.0,18.0,0.0
2026-08-11 21:33:56,IA15_m-deepseek-coder-v2-lite_sol1_gd0_rs0_bd1_str-lenient_t00_n1,657,2,1,deepseek-ai/DeepSeek-Coder-V2-Lite-Instruct,1,0,1,0,lenient,0.0,12.0,0.0
2026-08-11 21:34:03,IA15_m-deepseek-coder-v2-lite_sol1_gd0_rs0_bd1_str-lenient_t00_n1,657,3,1,deepseek-ai/DeepSeek-Coder-V2-Lite-Instruct,1,0,1,0,lenient,0.0,14.0,0.0
2026-08-11 21:34:11,IA15_m-deepseek-coder-v2-lite_sol1_gd0_rs0_bd1_str-lenient_t00_n1,658,1,1,deepseek-ai/DeepSeek-Coder-V2-Lite-Instruct,1,0,1,0,lenient,0.0,18.0,0.0
2026-08-11 21:34:17,IA15_m-deepseek-coder-v2-lite_sol1_gd0_rs0_bd1_str-lenient_t00_n1,658,2,1,deepseek-ai/DeepSeek-Coder-V2-Lite-Instruct,1,0,1,0,lenient,0.0,12.0,0.0
2026-08-11 21:34:25,IA15_m-deepseek-coder-v2-lite_sol1_gd0_rs0_bd1_str-lenient_t00_n1,658,3,1,deepseek-ai/DeepSeek-Coder-V2-Lite-Instruct,1,0,1,0,lenient,0.0,15.0,0.0
2026-08-11 21:34:32,IA15_m-deepseek-coder-v2-lite_sol1_gd0_rs0_bd1_str-lenient_t00_n1,659,1,1,deepseek-ai/DeepSeek-Coder-V2-Lite-Instruct,1,0,1,0,lenient,0.0,18.0,0.0
2026-08-11 21:34:39,IA15_m-deepseek-coder-v2-lite_sol1_gd0_rs0_bd1_str-lenient_t00_n1,659,2,1,deepseek-ai/DeepSeek-Coder-V2-Lite-Instruct,1,0,1,0,lenient,0.0,12.0,0.0
2026-08-11 21:34:47,IA15_m-deepseek-coder-v2-lite_sol1_gd0_rs0_bd1_str-lenient_t00_n1,659,3,1,deepseek-ai/DeepSeek-Coder-V2-Lite-Instruct,1,0,1,0,lenient,0.0,16.0,0.0
2026-08-11 21:34:55,IA15_m-deepseek-coder-v2-lite_sol1_gd0_rs0_bd1_str-lenient_t00_n1,660,1,1,deepseek-ai/DeepSeek-Coder-V2-Lite-Instruct,1,0,1,0,lenient,0.0,18.0,0.0
2026-08-11 21:35:02,IA15_m-deepseek-coder-v2-lite_sol1_gd0_rs0_bd1_str-lenient_t00_n1,660,2,1,deepseek-ai/DeepSeek-Coder-V2-Lite-Instruct,1,0,1,0,lenient,0.0,13.0,0.0
2026-08-11 21:35:09,IA15_m-deepseek-coder-v2-lite_sol1_gd0_rs0_bd1_str-lenient_t00_n1,660,3,1,deepseek-ai/DeepSeek-Coder-V2-Lite-Instruct,1,0,1,0,lenient,0.0,14.0,0.0
2026-08-11 21:35:17,IA15_m-deepseek-coder-v2-lite_sol1_gd0_rs0_bd1_str-lenient_t00_n1,661,1,1,deepseek-ai/DeepSeek-Coder-V2-Lite-Instruct,1,0,1,0,lenient,0.0,18.0,0.0
2026-08-11 21:35:24,IA15_m-deepseek-coder-v2-lite_sol1_gd0_rs0_bd1_str-lenient_t00_n1,661,2,1,deepseek-ai/DeepSeek-Coder-V2-Lite-Instruct,1,0,1,0,lenient,0.0,12.0,0.0
2026-08-11 21:35:32,IA15_m-deepseek-coder-v2-lite_sol1_gd0_rs0_bd1_str-lenient_t00_n1,661,3,1,deepseek-ai/DeepSeek-Coder-V2-Lite-Instruct,1,0,1,0,lenient,0.0,17.0,0.0
2026-08-11 21:35:39,IA15_m-deepseek-coder-v2-lite_sol1_gd0_rs0_bd1_str-lenient_t00_n1,662,1,1,deepseek-ai/DeepSeek-Coder-V2-Lite-Instruct,1,0,1,0,lenient,0.0,18.0,0.0
2026-08-11 21:35:46,IA15_m-deepseek-coder-v2-lite_sol1_gd0_rs0_bd1_str-lenient_t00_n1,662,2,1,deepseek-ai/DeepSeek-Coder-V2-Lite-Instruct,1,0,1,0,lenient,0.0,12.0,0.0
2026-08-11 21:35:54,IA15_m-deepseek-coder-v2-lite_sol1_gd0_rs0_bd1_str-lenient_t00_n1,662,3,1,deepseek-ai/DeepSeek-Coder-V2-Lite-Instruct,1,0,1,0,lenient,0.0,16.0,0.0
2026-08-11 21:36:01,IA15_m-deepseek-coder-v2-lite_sol1_gd0_rs0_bd1_str-lenient_t00_n1,663,1,1,deepseek-ai/DeepSeek-Coder-V2-Lite-Instruct,1,0,1,0,lenient,0.0,20.0,0.0
2026-08-11 21:36:08,IA15_m-deepseek-coder-v2-lite_sol1_gd0_rs0_bd1_str-lenient_t00_n1,663,2,1,deepseek-ai/DeepSeek-Coder-V2-Lite-Instruct,1,0,1,0,lenient,0.0,13.0,0.0
2026-08-11 21:36:16,IA15_m-deepseek-coder-v2-lite_sol1_gd0_rs0_bd1_str-lenient_t00_n1,663,3,1,deepseek-ai/DeepSeek-Coder-V2-Lite-Instruct,1,0,1,0,lenient,0.0,17.0,0.0
2026-08-11 21:36:23,IA15_m-deepseek-coder-v2-lite_sol1_gd0_rs0_bd1_str-lenient_t00_n1,664,1,1,deepseek-ai/DeepSeek-Coder-V2-Lite-Instruct,1,0,1,0,lenient,0.0,18.0,0.0
2026-08-11 21:36:31,IA15_m-deepseek-coder-v2-lite_sol1_gd0_rs0_bd1_str-lenient_t00_n1,664,2,1,deepseek-ai/DeepSeek-Coder-V2-Lite-Instruct,1,0,1,0,lenient,0.0,13.0,0.0
2026-08-11 21:36:39,IA15_m-deepseek-coder-v2-lite_sol1_gd0_rs0_bd1_str-lenient_t00_n1,664,3,1,deepseek-ai/DeepSeek-Coder-V2-Lite-Instruct,1,0,1,0,lenient,0.0,16.0,0.0
2026-08-11 21:36:47,IA15_m-deepseek-coder-v2-lite_sol1_gd0_rs0_bd1_str-lenient_t00_n1,665,1,1,deepseek-ai/DeepSeek-Coder-V2-Lite-Instruct,1,0,1,0,lenient,0.0,18.0,0.0
2026-08-11 21:36:53,IA15_m-deepseek-coder-v2-lite_sol1_gd0_rs0_bd1_str-lenient_t00_n1,665,2,1,deepseek-ai/DeepSeek-Coder-V2-Lite-Instruct,1,0,1,0,lenient,0.0,12.0,0.0
2026-08-11 21:37:00,IA15_m-deepseek-coder-v2-lite_sol1_gd0_rs0_bd1_str-lenient_t00_n1,665,3,1,deepseek-ai/DeepSeek-Coder-V2-Lite-Instruct,1,0,1,0,lenient,0.0,14.0,0.0
2026-08-11 21:37:08,IA15_m-deepseek-coder-v2-lite_sol1_gd0_rs0_bd1_str-lenient_t00_n1,666,1,1,deepseek-ai/DeepSeek-Coder-V2-Lite-Instruct,1,0,1,0,lenient,0.0,18.0,0.0
2026-08-11 21:37:15,IA15_m-deepseek-coder-v2-lite_sol1_gd0_rs0_bd1_str-lenient_t00_n1,666,2,1,deepseek-ai/DeepSeek-Coder-V2-Lite-Instruct,1,0,1,0,lenient,0.0,13.0,0.0
2026-08-11 21:37:22,IA15_m-deepseek-coder-v2-lite_sol1_gd0_rs0_bd1_str-lenient_t00_n1,666,3,1,deepseek-ai/DeepSeek-Coder-V2-Lite-Instruct,1,0,1,0,lenient,0.0,14.0,0.0
2026-08-11 21:37:30,IA15_m-deepseek-coder-v2-lite_sol1_gd0_rs0_bd1_str-lenient_t00_n1,667,1,1,deepseek-ai/DeepSeek-Coder-V2-Lite-Instruct,1,0,1,0,lenient,0.0,18.0,0.0
2026-08-11 21:37:36,IA15_m-deepseek-coder-v2-lite_sol1_gd0_rs0_bd1_str-lenient_t00_n1,667,2,1,deepseek-ai/DeepSeek-Coder-V2-Lite-Instruct,1,0,1,0,lenient,0.0,12.0,0.0
2026-08-11 21:37:45,IA15_m-deepseek-coder-v2-lite_sol1_gd0_rs0_bd1_str-lenient_t00_n1,667,3,1,deepseek-ai/DeepSeek-Coder-V2-Lite-Instruct,1,0,1,0,lenient,0.0,15.0,0.0
2026-08-11 21:37:52,IA15_m-deepseek-coder-v2-lite_sol1_gd0_rs0_bd1_str-lenient_t00_n1,668,1,1,deepseek-ai/DeepSeek-Coder-V2-Lite-Instruct,1,0,1,0,lenient,0.0,18.0,0.0
2026-08-11 21:38:00,IA15_m-deepseek-coder-v2-lite_sol1_gd0_rs0_bd1_str-lenient_t00_n1,669,1,1,deepseek-ai/DeepSeek-Coder-V2-Lite-Instruct,1,0,1,0,lenient,0.0,18.0,0.0
2026-08-11 21:38:12,IA15_m-deepseek-coder-v2-lite_sol1_gd0_rs0_bd1_str-lenient_t00_n1,669,2,1,deepseek-ai/DeepSeek-Coder-V2-Lite-Instruct,1,0,1,0,lenient,0.0,12.0,0.0
2026-08-11 21:38:19,IA15_m-deepseek-coder-v2-lite_sol1_gd0_rs0_bd1_str-lenient_t00_n1,669,3,1,deepseek-ai/DeepSeek-Coder-V2-Lite-Instruct,1,0,1,0,lenient,0.0,14.0,0.0
2026-08-11 21:38:27,IA15_m-deepseek-coder-v2-lite_sol1_gd0_rs0_bd1_str-lenient_t00_n1,670,1,1,deepseek-ai/DeepSeek-Coder-V2-Lite-Instruct,1,0,1,0,lenient,0.0,18.0,0.0
2026-08-11 21:38:33,IA15_m-deepseek-coder-v2-lite_sol1_gd0_rs0_bd1_str-lenient_t00_n1,670,2,1,deepseek-ai/DeepSeek-Coder-V2-Lite-Instruct,1,0,1,0,lenient,0.0,13.0,0.0
2026-08-11 21:38:40,IA15_m-deepseek-coder-v2-lite_sol1_gd0_rs0_bd1_str-lenient_t00_n1,670,3,1,deepseek-ai/DeepSeek-Coder-V2-Lite-Instruct,1,0,1,0,lenient,0.0,17.0,0.0
2026-08-11 21:38:48,IA15_m-deepseek-coder-v2-lite_sol1_gd0_rs0_bd1_str-lenient_t00_n1,671,1,1,deepseek-ai/DeepSeek-Coder-V2-Lite-Instruct,1,0,1,0,lenient,0.0,18.0,0.0
2026-08-11 21:38:55,IA15_m-deepseek-coder-v2-lite_sol1_gd0_rs0_bd1_str-lenient_t00_n1,671,2,1,deepseek-ai/DeepSeek-Coder-V2-Lite-Instruct,1,0,1,0,lenient,0.0,13.0,0.0
2026-08-11 21:38:59,IA15_m-deepseek-coder-v2-lite_sol1_gd0_rs0_bd1_str-lenient_t00_n1,671,3,1,deepseek-ai/DeepSeek-Coder-V2-Lite-Instruct,1,0,1,0,lenient,0.0,17.0,0.0
2026-08-11 21:39:07,IA15_m-deepseek-coder-v2-lite_sol1_gd0_rs0_bd1_str-lenient_t00_n1,672,1,1,deepseek-ai/DeepSeek-Coder-V2-Lite-Instruct,1,0,1,0,lenient,0.0,18.0,0.0
2026-08-11 21:39:14,IA15_m-deepseek-coder-v2-lite_sol1_gd0_rs0_bd1_str-lenient_t00_n1,672,2,1,deepseek-ai/DeepSeek-Coder-V2-Lite-Instruct,1,0,1,0,lenient,0.0,13.0,0.0
2026-08-11 21:39:21,IA15_m-deepseek-coder-v2-lite_sol1_gd0_rs0_bd1_str-lenient_t00_n1,672,3,1,deepseek-ai/DeepSeek-Coder-V2-Lite-Instruct,1,0,1,0,lenient,0.0,16.0,0.0
2026-08-11 21:39:28,IA15_m-deepseek-coder-v2-lite_sol1_gd0_rs0_bd1_str-lenient_t00_n1,673,1,1,deepseek-ai/DeepSeek-Coder-V2-Lite-Instruct,1,0,1,0,lenient,0.0,18.0,0.0
2026-08-11 21:39:36,IA15_m-deepseek-coder-v2-lite_sol1_gd0_rs0_bd1_str-lenient_t00_n1,673,2,1,deepseek-ai/DeepSeek-Coder-V2-Lite-Instruct,1,0,1,0,lenient,0.0,13.0,0.0
2026-08-11 21:39:43,IA15_m-deepseek-coder-v2-lite_sol1_gd0_rs0_bd1_str-lenient_t00_n1,673,3,1,deepseek-ai/DeepSeek-Coder-V2-Lite-Instruct,1,0,1,0,lenient,0.0,16.0,0.0
2026-08-11 21:39:50,IA15_m-deepseek-coder-v2-lite_sol1_gd0_rs0_bd1_str-lenient_t00_n1,674,1,1,deepseek-ai/DeepSeek-Coder-V2-Lite-Instruct,1,0,1,0,lenient,0.0,18.0,0.0
2026-08-11 21:39:57,IA15_m-deepseek-coder-v2-lite_sol1_gd0_rs0_bd1_str-lenient_t00_n1,674,2,1,deepseek-ai/DeepSeek-Coder-V2-Lite-Instruct,1,0,1,0,lenient,0.0,12.0,0.0
2026-08-11 21:40:04,IA15_m-deepseek-coder-v2-lite_sol1_gd0_rs0_bd1_str-lenient_t00_n1,674,3,1,deepseek-ai/DeepSeek-Coder-V2-Lite-Instruct,1,0,1,0,lenient,0.0,17.0,0.0
2026-08-11 21:40:11,IA15_m-deepseek-coder-v2-lite_sol1_gd0_rs0_bd1_str-lenient_t00_n1,675,1,1,deepseek-ai/DeepSeek-Coder-V2-Lite-Instruct,1,0,1,0,lenient,0.0,18.0,0.0
2026-08-11 21:40:18,IA15_m-deepseek-coder-v2-lite_sol1_gd0_rs0_bd1_str-lenient_t00_n1,675,2,1,deepseek-ai/DeepSeek-Coder-V2-Lite-Instruct,1,0,1,0,lenient,0.0,13.0,0.0
2026-08-11 21:40:26,IA15_m-deepseek-coder-v2-lite_sol1_gd0_rs0_bd1_str-lenient_t00_n1,675,3,1,deepseek-ai/DeepSeek-Coder-V2-Lite-Instruct,1,0,1,0,lenient,0.0,17.0,0.0
2026-08-11 21:40:33,IA15_m-deepseek-coder-v2-lite_sol1_gd0_rs0_bd1_str-lenient_t00_n1,676,1,1,deepseek-ai/DeepSeek-Coder-V2-Lite-Instruct,1,0,1,0,lenient,0.0,18.0,0.0
2026-08-11 21:40:41,IA15_m-deepseek-coder-v2-lite_sol1_gd0_rs0_bd1_str-lenient_t00_n1,676,2,1,deepseek-ai/DeepSeek-Coder-V2-Lite-Instruct,1,0,1,0,lenient,0.0,13.0,0.0
2026-08-11 21:40:48,IA15_m-deepseek-coder-v2-lite_sol1_gd0_rs0_bd1_str-lenient_t00_n1,676,3,1,deepseek-ai/DeepSeek-Coder-V2-Lite-Instruct,1,0,1,0,lenient,0.0,17.0,0.0
2026-08-11 21:40:55,IA15_m-deepseek-coder-v2-lite_sol1_gd0_rs0_bd1_str-lenient_t00_n1,677,1,1,deepseek-ai/DeepSeek-Coder-V2-Lite-Instruct,1,0,1,0,lenient,0.0,18.0,0.0
2026-08-11 21:41:01,IA15_m-deepseek-coder-v2-lite_sol1_gd0_rs0_bd1_str-lenient_t00_n1,677,2,1,deepseek-ai/DeepSeek-Coder-V2-Lite-Instruct,1,0,1,0,lenient,0.0,12.0,0.0
2026-08-11 21:41:09,IA15_m-deepseek-coder-v2-lite_sol1_gd0_rs0_bd1_str-lenient_t00_n1,678,1,1,deepseek-ai/DeepSeek-Coder-V2-Lite-Instruct,1,0,1,0,lenient,0.0,18.0,0.0
2026-08-11 21:41:17,IA15_m-deepseek-coder-v2-lite_sol1_gd0_rs0_bd1_str-lenient_t00_n1,679,1,1,deepseek-ai/DeepSeek-Coder-V2-Lite-Instruct,1,0,1,0,lenient,0.0,15.0,0.0
2026-08-11 21:41:24,IA15_m-deepseek-coder-v2-lite_sol1_gd0_rs0_bd1_str-lenient_t00_n1,679,2,1,deepseek-ai/DeepSeek-Coder-V2-Lite-Instruct,1,0,1,0,lenient,0.0,13.0,0.0
2026-08-11 21:41:31,IA15_m-deepseek-coder-v2-lite_sol1_gd0_rs0_bd1_str-lenient_t00_n1,680,1,1,deepseek-ai/DeepSeek-Coder-V2-Lite-Instruct,1,0,1,0,lenient,0.0,18.0,0.0
2026-08-11 21:41:43,IA15_m-deepseek-coder-v2-lite_sol1_gd0_rs0_bd1_str-lenient_t00_n1,680,2,1,deepseek-ai/DeepSeek-Coder-V2-Lite-Instruct,1,0,1,0,lenient,0.0,12.0,0.0
2026-08-11 21:41:51,IA15_m-deepseek-coder-v2-lite_sol1_gd0_rs0_bd1_str-lenient_t00_n1,680,3,1,deepseek-ai/DeepSeek-Coder-V2-Lite-Instruct,1,0,1,0,lenient,0.0,16.0,0.0
2026-08-11 21:41:58,IA15_m-deepseek-coder-v2-lite_sol1_gd0_rs0_bd1_str-lenient_t00_n1,681,1,1,deepseek-ai/DeepSeek-Coder-V2-Lite-Instruct,1,0,1,0,lenient,0.0,18.0,0.0
2026-08-11 21:42:05,IA15_m-deepseek-coder-v2-lite_sol1_gd0_rs0_bd1_str-lenient_t00_n1,681,2,1,deepseek-ai/DeepSeek-Coder-V2-Lite-Instruct,1,0,1,0,lenient,0.0,13.0,0.0
2026-08-11 21:42:13,IA15_m-deepseek-coder-v2-lite_sol1_gd0_rs0_bd1_str-lenient_t00_n1,681,3,1,deepseek-ai/DeepSeek-Coder-V2-Lite-Instruct,1,0,1,0,lenient,0.0,14.0,0.0
2026-08-11 21:42:20,IA15_m-deepseek-coder-v2-lite_sol1_gd0_rs0_bd1_str-lenient_t00_n1,682,1,1,deepseek-ai/DeepSeek-Coder-V2-Lite-Instruct,1,0,1,0,lenient,0.0,18.0,0.0
2026-08-11 21:42:27,IA15_m-deepseek-coder-v2-lite_sol1_gd0_rs0_bd1_str-lenient_t00_n1,682,2,1,deepseek-ai/DeepSeek-Coder-V2-Lite-Instruct,1,0,1,0,lenient,0.0,13.0,0.0
2026-08-11 21:42:34,IA15_m-deepseek-coder-v2-lite_sol1_gd0_rs0_bd1_str-lenient_t00_n1,682,3,1,deepseek-ai/DeepSeek-Coder-V2-Lite-Instruct,1,0,1,0,lenient,0.0,16.0,0.0
2026-08-11 21:42:42,IA15_m-deepseek-coder-v2-lite_sol1_gd0_rs0_bd1_str-lenient_t00_n1,683,1,1,deepseek-ai/DeepSeek-Coder-V2-Lite-Instruct,1,0,1,0,lenient,0.0,18.0,0.0
2026-08-11 21:42:48,IA15_m-deepseek-coder-v2-lite_sol1_gd0_rs0_bd1_str-lenient_t00_n1,683,2,1,deepseek-ai/DeepSeek-Coder-V2-Lite-Instruct,1,0,1,0,lenient,0.0,13.0,0.0
2026-08-11 21:42:56,IA15_m-deepseek-coder-v2-lite_sol1_gd0_rs0_bd1_str-lenient_t00_n1,683,3,1,deepseek-ai/DeepSeek-Coder-V2-Lite-Instruct,1,0,1,0,lenient,0.0,17.0,0.0
2026-08-11 21:43:03,IA15_m-deepseek-coder-v2-lite_sol1_gd0_rs0_bd1_str-lenient_t00_n1,684,1,1,deepseek-ai/DeepSeek-Coder-V2-Lite-Instruct,1,0,1,0,lenient,0.0,18.0,0.0
2026-08-11 21:43:09,IA15_m-deepseek-coder-v2-lite_sol1_gd0_rs0_bd1_str-lenient_t00_n1,684,2,1,deepseek-ai/DeepSeek-Coder-V2-Lite-Instruct,1,0,1,0,lenient,0.0,12.0,0.0
2026-08-11 21:43:17,IA15_m-deepseek-coder-v2-lite_sol1_gd0_rs0_bd1_str-lenient_t00_n1,684,3,1,deepseek-ai/DeepSeek-Coder-V2-Lite-Instruct,1,0,1,0,lenient,0.0,17.0,0.0
2026-08-11 21:43:24,IA15_m-deepseek-coder-v2-lite_sol1_gd0_rs0_bd1_str-lenient_t00_n1,685,1,1,deepseek-ai/DeepSeek-Coder-V2-Lite-Instruct,1,0,1,0,lenient,0.0,15.0,0.0
2026-08-11 21:43:31,IA15_m-deepseek-coder-v2-lite_sol1_gd0_rs0_bd1_str-lenient_t00_n1,685,2,1,deepseek-ai/DeepSeek-Coder-V2-Lite-Instruct,1,0,1,0,lenient,0.0,10.0,0.0
2026-08-11 21:43:39,IA15_m-deepseek-coder-v2-lite_sol1_gd0_rs0_bd1_str-lenient_t00_n1,685,3,1,deepseek-ai/DeepSeek-Coder-V2-Lite-Instruct,1,0,1,0,lenient,0.0,14.0,0.0
2026-08-11 21:43:47,IA15_m-deepseek-coder-v2-lite_sol1_gd0_rs0_bd1_str-lenient_t00_n1,686,1,1,deepseek-ai/DeepSeek-Coder-V2-Lite-Instruct,1,0,1,0,lenient,0.0,20.0,0.0
2026-08-11 21:43:54,IA15_m-deepseek-coder-v2-lite_sol1_gd0_rs0_bd1_str-lenient_t00_n1,686,2,1,deepseek-ai/DeepSeek-Coder-V2-Lite-Instruct,1,0,1,0,lenient,0.0,13.0,0.0
2026-08-11 21:44:01,IA15_m-deepseek-coder-v2-lite_sol1_gd0_rs0_bd1_str-lenient_t00_n1,686,3,1,deepseek-ai/DeepSeek-Coder-V2-Lite-Instruct,1,0,1,0,lenient,0.0,17.0,0.0
2026-08-11 21:44:09,IA15_m-deepseek-coder-v2-lite_sol1_gd0_rs0_bd1_str-lenient_t00_n1,687,1,1,deepseek-ai/DeepSeek-Coder-V2-Lite-Instruct,1,0,1,0,lenient,0.0,15.0,0.0
2026-08-11 21:44:16,IA15_m-deepseek-coder-v2-lite_sol1_gd0_rs0_bd1_str-lenient_t00_n1,687,2,1,deepseek-ai/DeepSeek-Coder-V2-Lite-Instruct,1,0,1,0,lenient,0.0,13.0,0.0
2026-08-11 21:44:23,IA15_m-deepseek-coder-v2-lite_sol1_gd0_rs0_bd1_str-lenient_t00_n1,687,3,1,deepseek-ai/DeepSeek-Coder-V2-Lite-Instruct,1,0,1,0,lenient,0.0,14.0,0.0
2026-08-11 21:44:31,IA15_m-deepseek-coder-v2-lite_sol1_gd0_rs0_bd1_str-lenient_t00_n1,688,1,1,deepseek-ai/DeepSeek-Coder-V2-Lite-Instruct,1,0,1,0,lenient,0.0,18.0,0.0
2026-08-11 21:44:38,IA15_m-deepseek-coder-v2-lite_sol1_gd0_rs0_bd1_str-lenient_t00_n1,688,2,1,deepseek-ai/DeepSeek-Coder-V2-Lite-Instruct,1,0,1,0,lenient,0.0,13.0,0.0
2026-08-11 21:44:45,IA15_m-deepseek-coder-v2-lite_sol1_gd0_rs0_bd1_str-lenient_t00_n1,688,3,1,deepseek-ai/DeepSeek-Coder-V2-Lite-Instruct,1,0,1,0,lenient,0.0,15.0,0.0
2026-08-11 21:44:53,IA15_m-deepseek-coder-v2-lite_sol1_gd0_rs0_bd1_str-lenient_t00_n1,689,1,1,deepseek-ai/DeepSeek-Coder-V2-Lite-Instruct,1,0,1,0,lenient,0.0,18.0,0.0
2026-08-11 21:45:00,IA15_m-deepseek-coder-v2-lite_sol1_gd0_rs0_bd1_str-lenient_t00_n1,689,2,1,deepseek-ai/DeepSeek-Coder-V2-Lite-Instruct,1,0,1,0,lenient,0.0,12.0,0.0
2026-08-11 21:45:07,IA15_m-deepseek-coder-v2-lite_sol1_gd0_rs0_bd1_str-lenient_t00_n1,689,3,1,deepseek-ai/DeepSeek-Coder-V2-Lite-Instruct,1,0,1,0,lenient,0.0,17.0,0.0
2026-08-11 21:45:15,IA15_m-deepseek-coder-v2-lite_sol1_gd0_rs0_bd1_str-lenient_t00_n1,690,1,1,deepseek-ai/DeepSeek-Coder-V2-Lite-Instruct,1,0,1,0,lenient,0.0,18.0,0.0
2026-08-11 21:45:22,IA15_m-deepseek-coder-v2-lite_sol1_gd0_rs0_bd1_str-lenient_t00_n1,690,2,1,deepseek-ai/DeepSeek-Coder-V2-Lite-Instruct,1,0,1,0,lenient,0.0,12.0,0.0
2026-08-11 21:45:29,IA15_m-deepseek-coder-v2-lite_sol1_gd0_rs0_bd1_str-lenient_t00_n1,690,3,1,deepseek-ai/DeepSeek-Coder-V2-Lite-Instruct,1,0,1,0,lenient,0.0,17.0,0.0
2026-08-11 21:45:37,IA15_m-deepseek-coder-v2-lite_sol1_gd0_rs0_bd1_str-lenient_t00_n1,691,1,1,deepseek-ai/DeepSeek-Coder-V2-Lite-Instruct,1,0,1,0,lenient,0.0,18.0,0.0
2026-08-11 21:45:44,IA15_m-deepseek-coder-v2-lite_sol1_gd0_rs0_bd1_str-lenient_t00_n1,691,2,1,deepseek-ai/DeepSeek-Coder-V2-Lite-Instruct,1,0,1,0,lenient,0.0,13.0,0.0
2026-08-11 21:45:51,IA15_m-deepseek-coder-v2-lite_sol1_gd0_rs0_bd1_str-lenient_t00_n1,691,3,1,deepseek-ai/DeepSeek-Coder-V2-Lite-Instruct,1,0,1,0,lenient,0.0,16.0,0.0
2026-08-11 21:45:59,IA15_m-deepseek-coder-v2-lite_sol1_gd0_rs0_bd1_str-lenient_t00_n1,692,1,1,deepseek-ai/DeepSeek-Coder-V2-Lite-Instruct,1,0,1,0,lenient,0.0,18.0,0.0
2026-08-11 21:46:06,IA15_m-deepseek-coder-v2-lite_sol1_gd0_rs0_bd1_str-lenient_t00_n1,692,2,1,deepseek-ai/DeepSeek-Coder-V2-Lite-Instruct,1,0,1,0,lenient,0.0,13.0,0.0
2026-08-11 21:46:15,IA15_m-deepseek-coder-v2-lite_sol1_gd0_rs0_bd1_str-lenient_t00_n1,692,3,1,deepseek-ai/DeepSeek-Coder-V2-Lite-Instruct,1,0,1,0,lenient,0.0,16.0,0.0
2026-08-11 21:46:23,IA15_m-deepseek-coder-v2-lite_sol1_gd0_rs0_bd1_str-lenient_t00_n1,693,1,1,deepseek-ai/DeepSeek-Coder-V2-Lite-Instruct,1,0,1,0,lenient,0.0,18.0,0.0
2026-08-11 21:46:30,IA15_m-deepseek-coder-v2-lite_sol1_gd0_rs0_bd1_str-lenient_t00_n1,693,2,1,deepseek-ai/DeepSeek-Coder-V2-Lite-Instruct,1,0,1,0,lenient,0.0,12.0,0.0
2026-08-11 21:46:34,IA15_m-deepseek-coder-v2-lite_sol1_gd0_rs0_bd1_str-lenient_t00_n1,693,3,1,deepseek-ai/DeepSeek-Coder-V2-Lite-Instruct,1,0,1,0,lenient,0.0,16.0,0.0
2026-08-11 21:46:42,IA15_m-deepseek-coder-v2-lite_sol1_gd0_rs0_bd1_str-lenient_t00_n1,694,1,1,deepseek-ai/DeepSeek-Coder-V2-Lite-Instruct,1,0,1,0,lenient,0.0,18.0,0.0
2026-08-11 21:46:49,IA15_m-deepseek-coder-v2-lite_sol1_gd0_rs0_bd1_str-lenient_t00_n1,694,2,1,deepseek-ai/DeepSeek-Coder-V2-Lite-Instruct,1,0,1,0,lenient,0.0,13.0,0.0
2026-08-11 21:46:56,IA15_m-deepseek-coder-v2-lite_sol1_gd0_rs0_bd1_str-lenient_t00_n1,694,3,1,deepseek-ai/DeepSeek-Coder-V2-Lite-Instruct,1,0,1,0,lenient,0.0,16.0,0.0
2026-08-11 21:47:03,IA15_m-deepseek-coder-v2-lite_sol1_gd0_rs0_bd1_str-lenient_t00_n1,695,1,1,deepseek-ai/DeepSeek-Coder-V2-Lite-Instruct,1,0,1,0,lenient,0.0,18.0,0.0
2026-08-11 21:47:10,IA15_m-deepseek-coder-v2-lite_sol1_gd0_rs0_bd1_str-lenient_t00_n1,695,2,1,deepseek-ai/DeepSeek-Coder-V2-Lite-Instruct,1,0,1,0,lenient,0.0,10.0,0.0
2026-08-11 21:47:17,IA15_m-deepseek-coder-v2-lite_sol1_gd0_rs0_bd1_str-lenient_t00_n1,695,3,1,deepseek-ai/DeepSeek-Coder-V2-Lite-Instruct,1,0,1,0,lenient,0.0,14.0,0.0
2026-08-11 21:47:24,IA15_m-deepseek-coder-v2-lite_sol1_gd0_rs0_bd1_str-lenient_t00_n1,696,1,1,deepseek-ai/DeepSeek-Coder-V2-Lite-Instruct,1,0,1,0,lenient,0.0,18.0,0.0
2026-08-11 21:47:30,IA15_m-deepseek-coder-v2-lite_sol1_gd0_rs0_bd1_str-lenient_t00_n1,696,2,1,deepseek-ai/DeepSeek-Coder-V2-Lite-Instruct,1,0,1,0,lenient,0.0,12.0,0.0
2026-08-11 21:47:33,IA15_m-deepseek-coder-v2-lite_sol1_gd0_rs0_bd1_str-lenient_t00_n1,696,3,1,deepseek-ai/DeepSeek-Coder-V2-Lite-Instruct,1,0,1,0,lenient,0.0,14.0,0.0
2026-08-11 21:47:42,IA15_m-deepseek-coder-v2-lite_sol1_gd0_rs0_bd1_str-lenient_t00_n1,697,1,1,deepseek-ai/DeepSeek-Coder-V2-Lite-Instruct,1,0,1,0,lenient,0.0,18.0,0.0
2026-08-11 21:47:46,IA15_m-deepseek-coder-v2-lite_sol1_gd0_rs0_bd1_str-lenient_t00_n1,697,3,1,deepseek-ai/DeepSeek-Coder-V2-Lite-Instruct,1,0,1,0,lenient,0.0,16.0,0.0
2026-08-11 21:47:53,IA15_m-deepseek-coder-v2-lite_sol1_gd0_rs0_bd1_str-lenient_t00_n1,698,1,1,deepseek-ai/DeepSeek-Coder-V2-Lite-Instruct,1,0,1,0,lenient,0.0,18.0,0.0
2026-08-11 21:48:01,IA15_m-deepseek-coder-v2-lite_sol1_gd0_rs0_bd1_str-lenient_t00_n1,698,2,1,deepseek-ai/DeepSeek-Coder-V2-Lite-Instruct,1,0,1,0,lenient,0.0,12.0,0.0
2026-08-11 21:48:08,IA15_m-deepseek-coder-v2-lite_sol1_gd0_rs0_bd1_str-lenient_t00_n1,698,3,1,deepseek-ai/DeepSeek-Coder-V2-Lite-Instruct,1,0,1,0,lenient,0.0,17.0,0.0
2026-08-11 21:48:16,IA15_m-deepseek-coder-v2-lite_sol1_gd0_rs0_bd1_str-lenient_t00_n1,699,1,1,deepseek-ai/DeepSeek-Coder-V2-Lite-Instruct,1,0,1,0,lenient,0.0,18.0,0.0
2026-08-11 21:48:22,IA15_m-deepseek-coder-v2-lite_sol1_gd0_rs0_bd1_str-lenient_t00_n1,699,2,1,deepseek-ai/DeepSeek-Coder-V2-Lite-Instruct,1,0,1,0,lenient,0.0,12.0,0.0
2026-08-11 21:48:29,IA15_m-deepseek-coder-v2-lite_sol1_gd0_rs0_bd1_str-lenient_t00_n1,699,3,1,deepseek-ai/DeepSeek-Coder-V2-Lite-Instruct,1,0,1,0,lenient,0.0,16.0,0.0
2026-08-11 21:48:37,IA15_m-deepseek-coder-v2-lite_sol1_gd0_rs0_bd1_str-lenient_t00_n1,700,1,1,deepseek-ai/DeepSeek-Coder-V2-Lite-Instruct,1,0,1,0,lenient,0.0,18.0,0.0
2026-08-11 21:48:43,IA15_m-deepseek-coder-v2-lite_sol1_gd0_rs0_bd1_str-lenient_t00_n1,700,2,1,deepseek-ai/DeepSeek-Coder-V2-Lite-Instruct,1,0,1,0,lenient,0.0,13.0,0.0
2026-08-11 21:48:51,IA15_m-deepseek-coder-v2-lite_sol1_gd0_rs0_bd1_str-lenient_t00_n1,700,3,1,deepseek-ai/DeepSeek-Coder-V2-Lite-Instruct,1,0,1,0,lenient,0.0,16.0,0.0
2026-08-11 21:48:59,IA15_m-deepseek-coder-v2-lite_sol1_gd0_rs0_bd1_str-lenient_t00_n1,701,1,1,deepseek-ai/DeepSeek-Coder-V2-Lite-Instruct,1,0,1,0,lenient,0.0,18.0,0.0
2026-08-11 21:49:05,IA15_m-deepseek-coder-v2-lite_sol1_gd0_rs0_bd1_str-lenient_t00_n1,701,2,1,deepseek-ai/DeepSeek-Coder-V2-Lite-Instruct,1,0,1,0,lenient,0.0,13.0,0.0
2026-08-11 21:49:09,IA15_m-deepseek-coder-v2-lite_sol1_gd0_rs0_bd1_str-lenient_t00_n1,701,3,1,deepseek-ai/DeepSeek-Coder-V2-Lite-Instruct,1,0,1,0,lenient,0.0,16.0,0.0
2026-08-11 21:49:17,IA15_m-deepseek-coder-v2-lite_sol1_gd0_rs0_bd1_str-lenient_t00_n1,702,1,1,deepseek-ai/DeepSeek-Coder-V2-Lite-Instruct,1,0,1,0,lenient,0.0,18.0,0.0
2026-08-11 21:49:23,IA15_m-deepseek-coder-v2-lite_sol1_gd0_rs0_bd1_str-lenient_t00_n1,702,2,1,deepseek-ai/DeepSeek-Coder-V2-Lite-Instruct,1,0,1,0,lenient,0.0,13.0,0.0
2026-08-11 21:49:31,IA15_m-deepseek-coder-v2-lite_sol1_gd0_rs0_bd1_str-lenient_t00_n1,702,3,1,deepseek-ai/DeepSeek-Coder-V2-Lite-Instruct,1,0,1,0,lenient,0.0,17.0,0.0
2026-08-11 21:49:38,IA15_m-deepseek-coder-v2-lite_sol1_gd0_rs0_bd1_str-lenient_t00_n1,703,1,1,deepseek-ai/DeepSeek-Coder-V2-Lite-Instruct,1,0,1,0,lenient,0.0,18.0,0.0
2026-08-11 21:49:45,IA15_m-deepseek-coder-v2-lite_sol1_gd0_rs0_bd1_str-lenient_t00_n1,703,2,1,deepseek-ai/DeepSeek-Coder-V2-Lite-Instruct,1,0,1,0,lenient,0.0,13.0,0.0
2026-08-11 21:49:49,IA15_m-deepseek-coder-v2-lite_sol1_gd0_rs0_bd1_str-lenient_t00_n1,703,3,1,deepseek-ai/DeepSeek-Coder-V2-Lite-Instruct,1,0,1,0,lenient,0.0,16.0,0.0
2026-08-11 21:49:57,IA15_m-deepseek-coder-v2-lite_sol1_gd0_rs0_bd1_str-lenient_t00_n1,704,1,1,deepseek-ai/DeepSeek-Coder-V2-Lite-Instruct,1,0,1,0,lenient,0.0,18.0,0.0
2026-08-11 21:50:04,IA15_m-deepseek-coder-v2-lite_sol1_gd0_rs0_bd1_str-lenient_t00_n1,704,2,1,deepseek-ai/DeepSeek-Coder-V2-Lite-Instruct,1,0,1,0,lenient,0.0,12.0,0.0
2026-08-11 21:50:11,IA15_m-deepseek-coder-v2-lite_sol1_gd0_rs0_bd1_str-lenient_t00_n1,704,3,1,deepseek-ai/DeepSeek-Coder-V2-Lite-Instruct,1,0,1,0,lenient,0.0,14.0,0.0
2026-08-11 21:50:19,IA15_m-deepseek-coder-v2-lite_sol1_gd0_rs0_bd1_str-lenient_t00_n1,705,1,1,deepseek-ai/DeepSeek-Coder-V2-Lite-Instruct,1,0,1,0,lenient,0.0,18.0,0.0
2026-08-11 21:50:24,IA15_m-deepseek-coder-v2-lite_sol1_gd0_rs0_bd1_str-lenient_t00_n1,705,2,1,deepseek-ai/DeepSeek-Coder-V2-Lite-Instruct,1,0,1,0,lenient,0.0,12.0,0.0
2026-08-11 21:50:32,IA15_m-deepseek-coder-v2-lite_sol1_gd0_rs0_bd1_str-lenient_t00_n1,705,3,1,deepseek-ai/DeepSeek-Coder-V2-Lite-Instruct,1,0,1,0,lenient,0.0,17.0,0.0
2026-08-11 21:50:40,IA15_m-deepseek-coder-v2-lite_sol1_gd0_rs0_bd1_str-lenient_t00_n1,706,1,1,deepseek-ai/DeepSeek-Coder-V2-Lite-Instruct,1,0,1,0,lenient,0.0,18.0,0.0
2026-08-11 21:50:47,IA15_m-deepseek-coder-v2-lite_sol1_gd0_rs0_bd1_str-lenient_t00_n1,706,2,1,deepseek-ai/DeepSeek-Coder-V2-Lite-Instruct,1,0,1,0,lenient,0.0,13.0,0.0
2026-08-11 21:50:54,IA15_m-deepseek-coder-v2-lite_sol1_gd0_rs0_bd1_str-lenient_t00_n1,706,3,1,deepseek-ai/DeepSeek-Coder-V2-Lite-Instruct,1,0,1,0,lenient,0.0,17.0,0.0
2026-08-11 21:51:03,IA15_m-deepseek-coder-v2-lite_sol1_gd0_rs0_bd1_str-lenient_t00_n1,707,1,1,deepseek-ai/DeepSeek-Coder-V2-Lite-Instruct,1,0,1,0,lenient,0.0,18.0,0.0
2026-08-11 21:51:09,IA15_m-deepseek-coder-v2-lite_sol1_gd0_rs0_bd1_str-lenient_t00_n1,707,2,1,deepseek-ai/DeepSeek-Coder-V2-Lite-Instruct,1,0,1,0,lenient,0.0,12.0,0.0
2026-08-11 21:51:16,IA15_m-deepseek-coder-v2-lite_sol1_gd0_rs0_bd1_str-lenient_t00_n1,707,3,1,deepseek-ai/DeepSeek-Coder-V2-Lite-Instruct,1,0,1,0,lenient,0.0,16.0,0.0
2026-08-11 21:51:23,IA15_m-deepseek-coder-v2-lite_sol1_gd0_rs0_bd1_str-lenient_t00_n1,708,1,1,deepseek-ai/DeepSeek-Coder-V2-Lite-Instruct,1,0,1,0,lenient,0.0,18.0,0.0
2026-08-11 21:51:30,IA15_m-deepseek-coder-v2-lite_sol1_gd0_rs0_bd1_str-lenient_t00_n1,708,2,1,deepseek-ai/DeepSeek-Coder-V2-Lite-Instruct,1,0,1,0,lenient,0.0,13.0,0.0
2026-08-11 21:51:40,IA15_m-deepseek-coder-v2-lite_sol1_gd0_rs0_bd1_str-lenient_t00_n1,708,3,1,deepseek-ai/DeepSeek-Coder-V2-Lite-Instruct,1,0,1,0,lenient,0.0,14.0,0.0
2026-08-11 21:51:48,IA15_m-deepseek-coder-v2-lite_sol1_gd0_rs0_bd1_str-lenient_t00_n1,709,1,1,deepseek-ai/DeepSeek-Coder-V2-Lite-Instruct,1,0,1,0,lenient,0.0,18.0,0.0
2026-08-11 21:51:55,IA15_m-deepseek-coder-v2-lite_sol1_gd0_rs0_bd1_str-lenient_t00_n1,709,2,1,deepseek-ai/DeepSeek-Coder-V2-Lite-Instruct,1,0,1,0,lenient,0.0,12.0,0.0
2026-08-11 21:52:01,IA15_m-deepseek-coder-v2-lite_sol1_gd0_rs0_bd1_str-lenient_t00_n1,709,3,1,deepseek-ai/DeepSeek-Coder-V2-Lite-Instruct,1,0,1,0,lenient,0.0,14.0,0.0
2026-08-11 21:52:09,IA15_m-deepseek-coder-v2-lite_sol1_gd0_rs0_bd1_str-lenient_t00_n1,710,1,1,deepseek-ai/DeepSeek-Coder-V2-Lite-Instruct,1,0,1,0,lenient,0.0,15.0,0.0
2026-08-11 21:52:16,IA15_m-deepseek-coder-v2-lite_sol1_gd0_rs0_bd1_str-lenient_t00_n1,710,2,1,deepseek-ai/DeepSeek-Coder-V2-Lite-Instruct,1,0,1,0,lenient,0.0,12.0,0.0
2026-08-11 21:52:23,IA15_m-deepseek-coder-v2-lite_sol1_gd0_rs0_bd1_str-lenient_t00_n1,710,3,1,deepseek-ai/DeepSeek-Coder-V2-Lite-Instruct,1,0,1,0,lenient,0.0,16.0,0.0
2026-08-11 21:52:31,IA15_m-deepseek-coder-v2-lite_sol1_gd0_rs0_bd1_str-lenient_t00_n1,711,1,1,deepseek-ai/DeepSeek-Coder-V2-Lite-Instruct,1,0,1,0,lenient,0.0,18.0,0.0
2026-08-11 21:52:37,IA15_m-deepseek-coder-v2-lite_sol1_gd0_rs0_bd1_str-lenient_t00_n1,711,2,1,deepseek-ai/DeepSeek-Coder-V2-Lite-Instruct,1,0,1,0,lenient,0.0,12.0,0.0
2026-08-11 21:52:44,IA15_m-deepseek-coder-v2-lite_sol1_gd0_rs0_bd1_str-lenient_t00_n1,711,3,1,deepseek-ai/DeepSeek-Coder-V2-Lite-Instruct,1,0,1,0,lenient,0.0,17.0,0.0
2026-08-11 21:52:52,IA15_m-deepseek-coder-v2-lite_sol1_gd0_rs0_bd1_str-lenient_t00_n1,712,1,1,deepseek-ai/DeepSeek-Coder-V2-Lite-Instruct,1,0,1,0,lenient,0.0,18.0,0.0
2026-08-11 21:52:59,IA15_m-deepseek-coder-v2-lite_sol1_gd0_rs0_bd1_str-lenient_t00_n1,712,2,1,deepseek-ai/DeepSeek-Coder-V2-Lite-Instruct,1,0,1,0,lenient,0.0,10.0,0.0
2026-08-11 21:53:06,IA15_m-deepseek-coder-v2-lite_sol1_gd0_rs0_bd1_str-lenient_t00_n1,712,3,1,deepseek-ai/DeepSeek-Coder-V2-Lite-Instruct,1,0,1,0,lenient,0.0,16.0,0.0
2026-08-11 21:53:14,IA15_m-deepseek-coder-v2-lite_sol1_gd0_rs0_bd1_str-lenient_t00_n1,713,1,1,deepseek-ai/DeepSeek-Coder-V2-Lite-Instruct,1,0,1,0,lenient,0.0,15.0,0.0
2026-08-11 21:53:21,IA15_m-deepseek-coder-v2-lite_sol1_gd0_rs0_bd1_str-lenient_t00_n1,713,2,1,deepseek-ai/DeepSeek-Coder-V2-Lite-Instruct,1,0,1,0,lenient,0.0,12.0,0.0
2026-08-11 21:53:28,IA15_m-deepseek-coder-v2-lite_sol1_gd0_rs0_bd1_str-lenient_t00_n1,713,3,1,deepseek-ai/DeepSeek-Coder-V2-Lite-Instruct,1,0,1,0,lenient,0.0,14.0,0.0
2026-08-11 21:53:36,IA15_m-deepseek-coder-v2-lite_sol1_gd0_rs0_bd1_str-lenient_t00_n1,714,1,1,deepseek-ai/DeepSeek-Coder-V2-Lite-Instruct,1,0,1,0,lenient,0.0,18.0,0.0
2026-08-11 21:53:43,IA15_m-deepseek-coder-v2-lite_sol1_gd0_rs0_bd1_str-lenient_t00_n1,714,2,1,deepseek-ai/DeepSeek-Coder-V2-Lite-Instruct,1,0,1,0,lenient,0.0,12.0,0.0
2026-08-11 21:53:50,IA15_m-deepseek-coder-v2-lite_sol1_gd0_rs0_bd1_str-lenient_t00_n1,714,3,1,deepseek-ai/DeepSeek-Coder-V2-Lite-Instruct,1,0,1,0,lenient,0.0,16.0,0.0
2026-08-11 21:53:58,IA15_m-deepseek-coder-v2-lite_sol1_gd0_rs0_bd1_str-lenient_t00_n1,715,1,1,deepseek-ai/DeepSeek-Coder-V2-Lite-Instruct,1,0,1,0,lenient,0.0,18.0,0.0
2026-08-11 21:54:05,IA15_m-deepseek-coder-v2-lite_sol1_gd0_rs0_bd1_str-lenient_t00_n1,715,2,1,deepseek-ai/DeepSeek-Coder-V2-Lite-Instruct,1,0,1,0,lenient,0.0,12.0,0.0
2026-08-11 21:54:12,IA15_m-deepseek-coder-v2-lite_sol1_gd0_rs0_bd1_str-lenient_t00_n1,715,3,1,deepseek-ai/DeepSeek-Coder-V2-Lite-Instruct,1,0,1,0,lenient,0.0,15.0,0.0
2026-08-11 21:54:21,IA15_m-deepseek-coder-v2-lite_sol1_gd0_rs0_bd1_str-lenient_t00_n1,716,1,1,deepseek-ai/DeepSeek-Coder-V2-Lite-Instruct,1,0,1,0,lenient,0.0,20.0,0.0
2026-08-11 21:54:26,IA15_m-deepseek-coder-v2-lite_sol1_gd0_rs0_bd1_str-lenient_t00_n1,716,2,1,deepseek-ai/DeepSeek-Coder-V2-Lite-Instruct,1,0,1,0,lenient,0.0,12.0,0.0
2026-08-11 21:54:34,IA15_m-deepseek-coder-v2-lite_sol1_gd0_rs0_bd1_str-lenient_t00_n1,716,3,1,deepseek-ai/DeepSeek-Coder-V2-Lite-Instruct,1,0,1,0,lenient,0.0,14.0,0.0
2026-08-11 21:54:41,IA15_m-deepseek-coder-v2-lite_sol1_gd0_rs0_bd1_str-lenient_t00_n1,717,1,1,deepseek-ai/DeepSeek-Coder-V2-Lite-Instruct,1,0,1,0,lenient,0.0,18.0,0.0
2026-08-11 21:54:48,IA15_m-deepseek-coder-v2-lite_sol1_gd0_rs0_bd1_str-lenient_t00_n1,717,2,1,deepseek-ai/DeepSeek-Coder-V2-Lite-Instruct,1,0,1,0,lenient,0.0,12.0,0.0
2026-08-11 21:54:56,IA15_m-deepseek-coder-v2-lite_sol1_gd0_rs0_bd1_str-lenient_t00_n1,717,3,1,deepseek-ai/DeepSeek-Coder-V2-Lite-Instruct,1,0,1,0,lenient,0.0,17.0,0.0
2026-08-11 21:55:04,IA15_m-deepseek-coder-v2-lite_sol1_gd0_rs0_bd1_str-lenient_t00_n1,718,1,1,deepseek-ai/DeepSeek-Coder-V2-Lite-Instruct,1,0,1,0,lenient,0.0,18.0,0.0
2026-08-11 21:55:11,IA15_m-deepseek-coder-v2-lite_sol1_gd0_rs0_bd1_str-lenient_t00_n1,718,2,1,deepseek-ai/DeepSeek-Coder-V2-Lite-Instruct,1,0,1,0,lenient,0.0,12.0,0.0
2026-08-11 21:55:20,IA15_m-deepseek-coder-v2-lite_sol1_gd0_rs0_bd1_str-lenient_t00_n1,718,3,1,deepseek-ai/DeepSeek-Coder-V2-Lite-Instruct,1,0,1,0,lenient,0.0,17.0,0.0
2026-08-11 21:55:27,IA15_m-deepseek-coder-v2-lite_sol1_gd0_rs0_bd1_str-lenient_t00_n1,719,1,1,deepseek-ai/DeepSeek-Coder-V2-Lite-Instruct,1,0,1,0,lenient,0.0,18.0,0.0
2026-08-11 21:55:34,IA15_m-deepseek-coder-v2-lite_sol1_gd0_rs0_bd1_str-lenient_t00_n1,719,2,1,deepseek-ai/DeepSeek-Coder-V2-Lite-Instruct,1,0,1,0,lenient,0.0,12.0,0.0
2026-08-11 21:55:42,IA15_m-deepseek-coder-v2-lite_sol1_gd0_rs0_bd1_str-lenient_t00_n1,719,3,1,deepseek-ai/DeepSeek-Coder-V2-Lite-Instruct,1,0,1,0,lenient,0.0,16.0,0.0
2026-08-11 21:55:50,IA15_m-deepseek-coder-v2-lite_sol1_gd0_rs0_bd1_str-lenient_t00_n1,720,1,1,deepseek-ai/DeepSeek-Coder-V2-Lite-Instruct,1,0,1,0,lenient,0.0,18.0,0.0
2026-08-11 21:55:57,IA15_m-deepseek-coder-v2-lite_sol1_gd0_rs0_bd1_str-lenient_t00_n1,720,2,1,deepseek-ai/DeepSeek-Coder-V2-Lite-Instruct,1,0,1,0,lenient,0.0,13.0,0.0
2026-08-11 21:56:05,IA15_m-deepseek-coder-v2-lite_sol1_gd0_rs0_bd1_str-lenient_t00_n1,720,3,1,deepseek-ai/DeepSeek-Coder-V2-Lite-Instruct,1,0,1,0,lenient,0.0,17.0,0.0
2026-08-11 21:56:13,IA15_m-deepseek-coder-v2-lite_sol1_gd0_rs0_bd1_str-lenient_t00_n1,721,1,1,deepseek-ai/DeepSeek-Coder-V2-Lite-Instruct,1,0,1,0,lenient,0.0,15.0,0.0
2026-08-11 21:56:20,IA15_m-deepseek-coder-v2-lite_sol1_gd0_rs0_bd1_str-lenient_t00_n1,721,2,1,deepseek-ai/DeepSeek-Coder-V2-Lite-Instruct,1,0,1,0,lenient,0.0,12.0,0.0
2026-08-11 21:56:27,IA15_m-deepseek-coder-v2-lite_sol1_gd0_rs0_bd1_str-lenient_t00_n1,721,3,1,deepseek-ai/DeepSeek-Coder-V2-Lite-Instruct,1,0,1,0,lenient,0.0,16.0,0.0
2026-08-11 21:56:35,IA15_m-deepseek-coder-v2-lite_sol1_gd0_rs0_bd1_str-lenient_t00_n1,722,1,1,deepseek-ai/DeepSeek-Coder-V2-Lite-Instruct,1,0,1,0,lenient,0.0,18.0,0.0
2026-08-11 21:56:42,IA15_m-deepseek-coder-v2-lite_sol1_gd0_rs0_bd1_str-lenient_t00_n1,722,3,1,deepseek-ai/DeepSeek-Coder-V2-Lite-Instruct,1,0,1,0,lenient,0.0,14.0,0.0
2026-08-11 21:56:50,IA15_m-deepseek-coder-v2-lite_sol1_gd0_rs0_bd1_str-lenient_t00_n1,723,1,1,deepseek-ai/DeepSeek-Coder-V2-Lite-Instruct,1,0,1,0,lenient,0.0,18.0,0.0
2026-08-11 21:56:56,IA15_m-deepseek-coder-v2-lite_sol1_gd0_rs0_bd1_str-lenient_t00_n1,723,2,1,deepseek-ai/DeepSeek-Coder-V2-Lite-Instruct,1,0,1,0,lenient,0.0,12.0,0.0
2026-08-11 21:57:03,IA15_m-deepseek-coder-v2-lite_sol1_gd0_rs0_bd1_str-lenient_t00_n1,723,3,1,deepseek-ai/DeepSeek-Coder-V2-Lite-Instruct,1,0,1,0,lenient,0.0,16.0,0.0
2026-08-11 21:57:10,IA15_m-deepseek-coder-v2-lite_sol1_gd0_rs0_bd1_str-lenient_t00_n1,724,1,1,deepseek-ai/DeepSeek-Coder-V2-Lite-Instruct,1,0,1,0,lenient,0.0,18.0,0.0
2026-08-11 21:57:18,IA15_m-deepseek-coder-v2-lite_sol1_gd0_rs0_bd1_str-lenient_t00_n1,724,2,1,deepseek-ai/DeepSeek-Coder-V2-Lite-Instruct,1,0,1,0,lenient,0.0,12.0,0.0
2026-08-11 21:57:24,IA15_m-deepseek-coder-v2-lite_sol1_gd0_rs0_bd1_str-lenient_t00_n1,724,3,1,deepseek-ai/DeepSeek-Coder-V2-Lite-Instruct,1,0,1,0,lenient,0.0,16.0,0.0
2026-08-11 21:57:33,IA15_m-deepseek-coder-v2-lite_sol1_gd0_rs0_bd1_str-lenient_t00_n1,725,1,1,deepseek-ai/DeepSeek-Coder-V2-Lite-Instruct,1,0,1,0,lenient,0.0,18.0,0.0
2026-08-11 21:57:42,IA15_m-deepseek-coder-v2-lite_sol1_gd0_rs0_bd1_str-lenient_t00_n1,725,3,1,deepseek-ai/DeepSeek-Coder-V2-Lite-Instruct,1,0,1,0,lenient,0.0,14.0,0.0
2026-08-11 21:57:50,IA15_m-deepseek-coder-v2-lite_sol1_gd0_rs0_bd1_str-lenient_t00_n1,726,1,1,deepseek-ai/DeepSeek-Coder-V2-Lite-Instruct,1,0,1,0,lenient,0.0,18.0,0.0
2026-08-11 21:57:57,IA15_m-deepseek-coder-v2-lite_sol1_gd0_rs0_bd1_str-lenient_t00_n1,726,2,1,deepseek-ai/DeepSeek-Coder-V2-Lite-Instruct,1,0,1,0,lenient,0.0,12.0,0.0
2026-08-11 21:58:05,IA15_m-deepseek-coder-v2-lite_sol1_gd0_rs0_bd1_str-lenient_t00_n1,726,3,1,deepseek-ai/DeepSeek-Coder-V2-Lite-Instruct,1,0,1,0,lenient,0.0,17.0,0.0
2026-08-11 21:58:13,IA15_m-deepseek-coder-v2-lite_sol1_gd0_rs0_bd1_str-lenient_t00_n1,727,1,1,deepseek-ai/DeepSeek-Coder-V2-Lite-Instruct,1,0,1,0,lenient,0.0,18.0,0.0
2026-08-11 21:58:20,IA15_m-deepseek-coder-v2-lite_sol1_gd0_rs0_bd1_str-lenient_t00_n1,727,2,1,deepseek-ai/DeepSeek-Coder-V2-Lite-Instruct,1,0,1,0,lenient,0.0,13.0,0.0
2026-08-11 21:58:27,IA15_m-deepseek-coder-v2-lite_sol1_gd0_rs0_bd1_str-lenient_t00_n1,727,3,1,deepseek-ai/DeepSeek-Coder-V2-Lite-Instruct,1,0,1,0,lenient,0.0,16.0,0.0
2026-08-11 21:58:35,IA15_m-deepseek-coder-v2-lite_sol1_gd0_rs0_bd1_str-lenient_t00_n1,728,1,1,deepseek-ai/DeepSeek-Coder-V2-Lite-Instruct,1,0,1,0,lenient,0.0,18.0,0.0
2026-08-11 21:58:41,IA15_m-deepseek-coder-v2-lite_sol1_gd0_rs0_bd1_str-lenient_t00_n1,728,2,1,deepseek-ai/DeepSeek-Coder-V2-Lite-Instruct,1,0,1,0,lenient,0.0,12.0,0.0
2026-08-11 21:58:49,IA15_m-deepseek-coder-v2-lite_sol1_gd0_rs0_bd1_str-lenient_t00_n1,728,3,1,deepseek-ai/DeepSeek-Coder-V2-Lite-Instruct,1,0,1,0,lenient,0.0,14.0,0.0
2026-08-11 21:58:56,IA15_m-deepseek-coder-v2-lite_sol1_gd0_rs0_bd1_str-lenient_t00_n1,729,1,1,deepseek-ai/DeepSeek-Coder-V2-Lite-Instruct,1,0,1,0,lenient,0.0,18.0,0.0
2026-08-11 21:59:03,IA15_m-deepseek-coder-v2-lite_sol1_gd0_rs0_bd1_str-lenient_t00_n1,729,2,1,deepseek-ai/DeepSeek-Coder-V2-Lite-Instruct,1,0,1,0,lenient,0.0,12.0,0.0
2026-08-11 21:59:10,IA15_m-deepseek-coder-v2-lite_sol1_gd0_rs0_bd1_str-lenient_t00_n1,729,3,1,deepseek-ai/DeepSeek-Coder-V2-Lite-Instruct,1,0,1,0,lenient,0.0,17.0,0.0
2026-08-11 21:59:18,IA15_m-deepseek-coder-v2-lite_sol1_gd0_rs0_bd1_str-lenient_t00_n1,730,1,1,deepseek-ai/DeepSeek-Coder-V2-Lite-Instruct,1,0,1,0,lenient,0.0,18.0,0.0
2026-08-11 21:59:24,IA15_m-deepseek-coder-v2-lite_sol1_gd0_rs0_bd1_str-lenient_t00_n1,730,2,1,deepseek-ai/DeepSeek-Coder-V2-Lite-Instruct,1,0,1,0,lenient,0.0,12.0,0.0
2026-08-11 21:59:27,IA15_m-deepseek-coder-v2-lite_sol1_gd0_rs0_bd1_str-lenient_t00_n1,730,3,1,deepseek-ai/DeepSeek-Coder-V2-Lite-Instruct,1,0,1,0,lenient,0.0,16.0,0.0
2026-08-11 21:59:35,IA15_m-deepseek-coder-v2-lite_sol1_gd0_rs0_bd1_str-lenient_t00_n1,731,1,1,deepseek-ai/DeepSeek-Coder-V2-Lite-Instruct,1,0,1,0,lenient,0.0,18.0,0.0
2026-08-11 21:59:42,IA15_m-deepseek-coder-v2-lite_sol1_gd0_rs0_bd1_str-lenient_t00_n1,731,2,1,deepseek-ai/DeepSeek-Coder-V2-Lite-Instruct,1,0,1,0,lenient,0.0,12.0,0.0
2026-08-11 21:59:46,IA15_m-deepseek-coder-v2-lite_sol1_gd0_rs0_bd1_str-lenient_t00_n1,731,3,1,deepseek-ai/DeepSeek-Coder-V2-Lite-Instruct,1,0,1,0,lenient,0.0,16.0,0.0
2026-08-11 21:59:54,IA15_m-deepseek-coder-v2-lite_sol1_gd0_rs0_bd1_str-lenient_t00_n1,732,1,1,deepseek-ai/DeepSeek-Coder-V2-Lite-Instruct,1,0,1,0,lenient,0.0,18.0,0.0
2026-08-11 21:59:59,IA15_m-deepseek-coder-v2-lite_sol1_gd0_rs0_bd1_str-lenient_t00_n1,732,2,1,deepseek-ai/DeepSeek-Coder-V2-Lite-Instruct,1,0,1,0,lenient,0.0,12.0,0.0
2026-08-11 22:00:06,IA15_m-deepseek-coder-v2-lite_sol1_gd0_rs0_bd1_str-lenient_t00_n1,732,3,1,deepseek-ai/DeepSeek-Coder-V2-Lite-Instruct,1,0,1,0,lenient,0.0,14.0,0.0
2026-08-11 22:00:14,IA15_m-deepseek-coder-v2-lite_sol1_gd0_rs0_bd1_str-lenient_t00_n1,733,1,1,deepseek-ai/DeepSeek-Coder-V2-Lite-Instruct,1,0,1,0,lenient,0.0,18.0,0.0
2026-08-11 22:00:20,IA15_m-deepseek-coder-v2-lite_sol1_gd0_rs0_bd1_str-lenient_t00_n1,733,2,1,deepseek-ai/DeepSeek-Coder-V2-Lite-Instruct,1,0,1,0,lenient,0.0,12.0,0.0
2026-08-11 22:00:28,IA15_m-deepseek-coder-v2-lite_sol1_gd0_rs0_bd1_str-lenient_t00_n1,733,3,1,deepseek-ai/DeepSeek-Coder-V2-Lite-Instruct,1,0,1,0,lenient,0.0,16.0,0.0
2026-08-11 22:00:36,IA15_m-deepseek-coder-v2-lite_sol1_gd0_rs0_bd1_str-lenient_t00_n1,734,1,1,deepseek-ai/DeepSeek-Coder-V2-Lite-Instruct,1,0,1,0,lenient,0.0,15.0,0.0
2026-08-11 22:00:43,IA15_m-deepseek-coder-v2-lite_sol1_gd0_rs0_bd1_str-lenient_t00_n1,734,2,1,deepseek-ai/DeepSeek-Coder-V2-Lite-Instruct,1,0,1,0,lenient,0.0,13.0,0.0
2026-08-11 22:00:52,IA15_m-deepseek-coder-v2-lite_sol1_gd0_rs0_bd1_str-lenient_t00_n1,734,3,1,deepseek-ai/DeepSeek-Coder-V2-Lite-Instruct,1,0,1,0,lenient,0.0,15.0,0.0
2026-08-11 22:00:59,IA15_m-deepseek-coder-v2-lite_sol1_gd0_rs0_bd1_str-lenient_t00_n1,735,1,1,deepseek-ai/DeepSeek-Coder-V2-Lite-Instruct,1,0,1,0,lenient,0.0,18.0,0.0
2026-08-11 22:01:06,IA15_m-deepseek-coder-v2-lite_sol1_gd0_rs0_bd1_str-lenient_t00_n1,735,2,1,deepseek-ai/DeepSeek-Coder-V2-Lite-Instruct,1,0,1,0,lenient,0.0,13.0,0.0
2026-08-11 22:01:10,IA15_m-deepseek-coder-v2-lite_sol1_gd0_rs0_bd1_str-lenient_t00_n1,735,3,1,deepseek-ai/DeepSeek-Coder-V2-Lite-Instruct,1,0,1,0,lenient,0.0,16.0,0.0
2026-08-11 22:01:18,IA15_m-deepseek-coder-v2-lite_sol1_gd0_rs0_bd1_str-lenient_t00_n1,736,1,1,deepseek-ai/DeepSeek-Coder-V2-Lite-Instruct,1,0,1,0,lenient,0.0,18.0,0.0
2026-08-11 22:01:25,IA15_m-deepseek-coder-v2-lite_sol1_gd0_rs0_bd1_str-lenient_t00_n1,736,2,1,deepseek-ai/DeepSeek-Coder-V2-Lite-Instruct,1,0,1,0,lenient,0.0,12.0,0.0
2026-08-11 22:01:32,IA15_m-deepseek-coder-v2-lite_sol1_gd0_rs0_bd1_str-lenient_t00_n1,736,3,1,deepseek-ai/DeepSeek-Coder-V2-Lite-Instruct,1,0,1,0,lenient,0.0,15.0,0.0
2026-08-11 22:01:40,IA15_m-deepseek-coder-v2-lite_sol1_gd0_rs0_bd1_str-lenient_t00_n1,737,1,1,deepseek-ai/DeepSeek-Coder-V2-Lite-Instruct,1,0,1,0,lenient,0.0,18.0,0.0
2026-08-11 22:01:47,IA15_m-deepseek-coder-v2-lite_sol1_gd0_rs0_bd1_str-lenient_t00_n1,737,2,1,deepseek-ai/DeepSeek-Coder-V2-Lite-Instruct,1,0,1,0,lenient,0.0,12.0,0.0
2026-08-11 22:01:54,IA15_m-deepseek-coder-v2-lite_sol1_gd0_rs0_bd1_str-lenient_t00_n1,737,3,1,deepseek-ai/DeepSeek-Coder-V2-Lite-Instruct,1,0,1,0,lenient,0.0,14.0,0.0
2026-08-11 22:02:01,IA15_m-deepseek-coder-v2-lite_sol1_gd0_rs0_bd1_str-lenient_t00_n1,738,1,1,deepseek-ai/DeepSeek-Coder-V2-Lite-Instruct,1,0,1,0,lenient,0.0,18.0,0.0
2026-08-11 22:02:09,IA15_m-deepseek-coder-v2-lite_sol1_gd0_rs0_bd1_str-lenient_t00_n1,738,2,1,deepseek-ai/DeepSeek-Coder-V2-Lite-Instruct,1,0,1,0,lenient,0.0,12.0,0.0
2026-08-11 22:02:12,IA15_m-deepseek-coder-v2-lite_sol1_gd0_rs0_bd1_str-lenient_t00_n1,738,3,1,deepseek-ai/DeepSeek-Coder-V2-Lite-Instruct,1,0,1,0,lenient,0.0,16.0,0.0
2026-08-11 22:02:20,IA15_m-deepseek-coder-v2-lite_sol1_gd0_rs0_bd1_str-lenient_t00_n1,739,1,1,deepseek-ai/DeepSeek-Coder-V2-Lite-Instruct,1,0,1,0,lenient,0.0,18.0,0.0
2026-08-11 22:02:26,IA15_m-deepseek-coder-v2-lite_sol1_gd0_rs0_bd1_str-lenient_t00_n1,739,2,1,deepseek-ai/DeepSeek-Coder-V2-Lite-Instruct,1,0,1,0,lenient,0.0,12.0,0.0
2026-08-11 22:02:33,IA15_m-deepseek-coder-v2-lite_sol1_gd0_rs0_bd1_str-lenient_t00_n1,739,3,1,deepseek-ai/DeepSeek-Coder-V2-Lite-Instruct,1,0,1,0,lenient,0.0,14.0,0.0
2026-08-11 22:02:41,IA15_m-deepseek-coder-v2-lite_sol1_gd0_rs0_bd1_str-lenient_t00_n1,740,1,1,deepseek-ai/DeepSeek-Coder-V2-Lite-Instruct,1,0,1,0,lenient,0.0,15.0,0.0
2026-08-11 22:02:48,IA15_m-deepseek-coder-v2-lite_sol1_gd0_rs0_bd1_str-lenient_t00_n1,740,2,1,deepseek-ai/DeepSeek-Coder-V2-Lite-Instruct,1,0,1,0,lenient,0.0,12.0,0.0
2026-08-11 22:02:56,IA15_m-deepseek-coder-v2-lite_sol1_gd0_rs0_bd1_str-lenient_t00_n1,740,3,1,deepseek-ai/DeepSeek-Coder-V2-Lite-Instruct,1,0,1,0,lenient,0.0,14.0,0.0
2026-08-11 22:03:04,IA15_m-deepseek-coder-v2-lite_sol1_gd0_rs0_bd1_str-lenient_t00_n1,741,3,1,deepseek-ai/DeepSeek-Coder-V2-Lite-Instruct,1,0,1,0,lenient,0.0,16.0,0.0
2026-08-11 22:03:12,IA15_m-deepseek-coder-v2-lite_sol1_gd0_rs0_bd1_str-lenient_t00_n1,742,1,1,deepseek-ai/DeepSeek-Coder-V2-Lite-Instruct,1,0,1,0,lenient,0.0,18.0,0.0
2026-08-11 22:03:19,IA15_m-deepseek-coder-v2-lite_sol1_gd0_rs0_bd1_str-lenient_t00_n1,742,2,1,deepseek-ai/DeepSeek-Coder-V2-Lite-Instruct,1,0,1,0,lenient,0.0,13.0,0.0
2026-08-11 22:03:26,IA15_m-deepseek-coder-v2-lite_sol1_gd0_rs0_bd1_str-lenient_t00_n1,742,3,1,deepseek-ai/DeepSeek-Coder-V2-Lite-Instruct,1,0,1,0,lenient,0.0,17.0,0.0
2026-08-11 22:03:34,IA15_m-deepseek-coder-v2-lite_sol1_gd0_rs0_bd1_str-lenient_t00_n1,743,1,1,deepseek-ai/DeepSeek-Coder-V2-Lite-Instruct,1,0,1,0,lenient,0.0,18.0,0.0
2026-08-11 22:03:41,IA15_m-deepseek-coder-v2-lite_sol1_gd0_rs0_bd1_str-lenient_t00_n1,743,2,1,deepseek-ai/DeepSeek-Coder-V2-Lite-Instruct,1,0,1,0,lenient,0.0,13.0,0.0
2026-08-11 22:03:48,IA15_m-deepseek-coder-v2-lite_sol1_gd0_rs0_bd1_str-lenient_t00_n1,743,3,1,deepseek-ai/DeepSeek-Coder-V2-Lite-Instruct,1,0,1,0,lenient,0.0,14.0,0.0
2026-08-11 22:03:56,IA15_m-deepseek-coder-v2-lite_sol1_gd0_rs0_bd1_str-lenient_t00_n1,744,1,1,deepseek-ai/DeepSeek-Coder-V2-Lite-Instruct,1,0,1,0,lenient,0.0,15.0,0.0
2026-08-11 22:04:04,IA15_m-deepseek-coder-v2-lite_sol1_gd0_rs0_bd1_str-lenient_t00_n1,744,2,1,deepseek-ai/DeepSeek-Coder-V2-Lite-Instruct,1,0,1,0,lenient,0.0,12.0,0.0
2026-08-11 22:04:10,IA15_m-deepseek-coder-v2-lite_sol1_gd0_rs0_bd1_str-lenient_t00_n1,744,3,1,deepseek-ai/DeepSeek-Coder-V2-Lite-Instruct,1,0,1,0,lenient,0.0,14.0,0.0
2026-08-11 22:04:18,IA15_m-deepseek-coder-v2-lite_sol1_gd0_rs0_bd1_str-lenient_t00_n1,745,1,1,deepseek-ai/DeepSeek-Coder-V2-Lite-Instruct,1,0,1,0,lenient,0.0,15.0,0.0
2026-08-11 22:04:24,IA15_m-deepseek-coder-v2-lite_sol1_gd0_rs0_bd1_str-lenient_t00_n1,745,2,1,deepseek-ai/DeepSeek-Coder-V2-Lite-Instruct,1,0,1,0,lenient,0.0,12.0,0.0
2026-08-11 22:04:32,IA15_m-deepseek-coder-v2-lite_sol1_gd0_rs0_bd1_str-lenient_t00_n1,745,3,1,deepseek-ai/DeepSeek-Coder-V2-Lite-Instruct,1,0,1,0,lenient,0.0,14.0,0.0
2026-08-11 22:04:40,IA15_m-deepseek-coder-v2-lite_sol1_gd0_rs0_bd1_str-lenient_t00_n1,746,1,1,deepseek-ai/DeepSeek-Coder-V2-Lite-Instruct,1,0,1,0,lenient,0.0,18.0,0.0
2026-08-11 22:04:46,IA15_m-deepseek-coder-v2-lite_sol1_gd0_rs0_bd1_str-lenient_t00_n1,746,2,1,deepseek-ai/DeepSeek-Coder-V2-Lite-Instruct,1,0,1,0,lenient,0.0,12.0,0.0
2026-08-11 22:04:54,IA15_m-deepseek-coder-v2-lite_sol1_gd0_rs0_bd1_str-lenient_t00_n1,746,3,1,deepseek-ai/DeepSeek-Coder-V2-Lite-Instruct,1,0,1,0,lenient,0.0,17.0,0.0
2026-08-11 22:05:01,IA15_m-deepseek-coder-v2-lite_sol1_gd0_rs0_bd1_str-lenient_t00_n1,747,1,1,deepseek-ai/DeepSeek-Coder-V2-Lite-Instruct,1,0,1,0,lenient,0.0,18.0,0.0
2026-08-11 22:05:09,IA15_m-deepseek-coder-v2-lite_sol1_gd0_rs0_bd1_str-lenient_t00_n1,747,2,1,deepseek-ai/DeepSeek-Coder-V2-Lite-Instruct,1,0,1,0,lenient,0.0,13.0,0.0
2026-08-11 22:05:15,IA15_m-deepseek-coder-v2-lite_sol1_gd0_rs0_bd1_str-lenient_t00_n1,747,3,1,deepseek-ai/DeepSeek-Coder-V2-Lite-Instruct,1,0,1,0,lenient,0.0,15.0,0.0
2026-08-11 22:05:24,IA15_m-deepseek-coder-v2-lite_sol1_gd0_rs0_bd1_str-lenient_t00_n1,748,1,1,deepseek-ai/DeepSeek-Coder-V2-Lite-Instruct,1,0,1,0,lenient,0.0,20.0,0.0
2026-08-11 22:05:30,IA15_m-deepseek-coder-v2-lite_sol1_gd0_rs0_bd1_str-lenient_t00_n1,748,2,1,deepseek-ai/DeepSeek-Coder-V2-Lite-Instruct,1,0,1,0,lenient,0.0,13.0,0.0
2026-08-11 22:05:37,IA15_m-deepseek-coder-v2-lite_sol1_gd0_rs0_bd1_str-lenient_t00_n1,748,3,1,deepseek-ai/DeepSeek-Coder-V2-Lite-Instruct,1,0,1,0,lenient,0.0,17.0,0.0
2026-08-11 22:05:46,IA15_m-deepseek-coder-v2-lite_sol1_gd0_rs0_bd1_str-lenient_t00_n1,749,1,1,deepseek-ai/DeepSeek-Coder-V2-Lite-Instruct,1,0,1,0,lenient,0.0,18.0,0.0
2026-08-11 22:05:52,IA15_m-deepseek-coder-v2-lite_sol1_gd0_rs0_bd1_str-lenient_t00_n1,749,2,1,deepseek-ai/DeepSeek-Coder-V2-Lite-Instruct,1,0,1,0,lenient,0.0,12.0,0.0
2026-08-11 22:06:00,IA15_m-deepseek-coder-v2-lite_sol1_gd0_rs0_bd1_str-lenient_t00_n1,749,3,1,deepseek-ai/DeepSeek-Coder-V2-Lite-Instruct,1,0,1,0,lenient,0.0,17.0,0.0
2026-08-11 22:06:08,IA15_m-deepseek-coder-v2-lite_sol1_gd0_rs0_bd1_str-lenient_t00_n1,750,1,1,deepseek-ai/DeepSeek-Coder-V2-Lite-Instruct,1,0,1,0,lenient,0.0,18.0,0.0
2026-08-11 22:06:14,IA15_m-deepseek-coder-v2-lite_sol1_gd0_rs0_bd1_str-lenient_t00_n1,750,2,1,deepseek-ai/DeepSeek-Coder-V2-Lite-Instruct,1,0,1,0,lenient,0.0,13.0,0.0
2026-08-11 22:06:21,IA15_m-deepseek-coder-v2-lite_sol1_gd0_rs0_bd1_str-lenient_t00_n1,750,3,1,deepseek-ai/DeepSeek-Coder-V2-Lite-Instruct,1,0,1,0,lenient,0.0,17.0,0.0
2026-08-11 22:06:29,IA15_m-deepseek-coder-v2-lite_sol1_gd0_rs0_bd1_str-lenient_t00_n1,751,1,1,deepseek-ai/DeepSeek-Coder-V2-Lite-Instruct,1,0,1,0,lenient,0.0,21.0,0.0
2026-08-11 22:06:36,IA15_m-deepseek-coder-v2-lite_sol1_gd0_rs0_bd1_str-lenient_t00_n1,751,2,1,deepseek-ai/DeepSeek-Coder-V2-Lite-Instruct,1,0,1,0,lenient,0.0,13.0,0.0
2026-08-11 22:06:45,IA15_m-deepseek-coder-v2-lite_sol1_gd0_rs0_bd1_str-lenient_t00_n1,751,3,1,deepseek-ai/DeepSeek-Coder-V2-Lite-Instruct,1,0,1,0,lenient,0.0,18.0,0.0
2026-08-11 22:06:53,IA15_m-deepseek-coder-v2-lite_sol1_gd0_rs0_bd1_str-lenient_t00_n1,752,1,1,deepseek-ai/DeepSeek-Coder-V2-Lite-Instruct,1,0,1,0,lenient,0.0,18.0,0.0
2026-08-11 22:06:59,IA15_m-deepseek-coder-v2-lite_sol1_gd0_rs0_bd1_str-lenient_t00_n1,752,2,1,deepseek-ai/DeepSeek-Coder-V2-Lite-Instruct,1,0,1,0,lenient,0.0,13.0,0.0
2026-08-11 22:07:06,IA15_m-deepseek-coder-v2-lite_sol1_gd0_rs0_bd1_str-lenient_t00_n1,752,3,1,deepseek-ai/DeepSeek-Coder-V2-Lite-Instruct,1,0,1,0,lenient,0.0,16.0,0.0
2026-08-11 22:07:14,IA15_m-deepseek-coder-v2-lite_sol1_gd0_rs0_bd1_str-lenient_t00_n1,753,1,1,deepseek-ai/DeepSeek-Coder-V2-Lite-Instruct,1,0,1,0,lenient,0.0,18.0,0.0
2026-08-11 22:07:20,IA15_m-deepseek-coder-v2-lite_sol1_gd0_rs0_bd1_str-lenient_t00_n1,753,2,1,deepseek-ai/DeepSeek-Coder-V2-Lite-Instruct,1,0,1,0,lenient,0.0,13.0,0.0
2026-08-11 22:07:28,IA15_m-deepseek-coder-v2-lite_sol1_gd0_rs0_bd1_str-lenient_t00_n1,753,3,1,deepseek-ai/DeepSeek-Coder-V2-Lite-Instruct,1,0,1,0,lenient,0.0,17.0,0.0
2026-08-11 22:07:37,IA15_m-deepseek-coder-v2-lite_sol1_gd0_rs0_bd1_str-lenient_t00_n1,754,1,1,deepseek-ai/DeepSeek-Coder-V2-Lite-Instruct,1,0,1,0,lenient,0.0,18.0,0.0
2026-08-11 22:07:44,IA15_m-deepseek-coder-v2-lite_sol1_gd0_rs0_bd1_str-lenient_t00_n1,754,3,1,deepseek-ai/DeepSeek-Coder-V2-Lite-Instruct,1,0,1,0,lenient,0.0,16.0,0.0
2026-08-11 22:07:51,IA15_m-deepseek-coder-v2-lite_sol1_gd0_rs0_bd1_str-lenient_t00_n1,755,1,1,deepseek-ai/DeepSeek-Coder-V2-Lite-Instruct,1,0,1,0,lenient,0.0,18.0,0.0
2026-08-11 22:07:57,IA15_m-deepseek-coder-v2-lite_sol1_gd0_rs0_bd1_str-lenient_t00_n1,755,2,1,deepseek-ai/DeepSeek-Coder-V2-Lite-Instruct,1,0,1,0,lenient,0.0,12.0,0.0
2026-08-11 22:08:04,IA15_m-deepseek-coder-v2-lite_sol1_gd0_rs0_bd1_str-lenient_t00_n1,755,3,1,deepseek-ai/DeepSeek-Coder-V2-Lite-Instruct,1,0,1,0,lenient,0.0,16.0,0.0
2026-08-11 22:08:12,IA15_m-deepseek-coder-v2-lite_sol1_gd0_rs0_bd1_str-lenient_t00_n1,756,1,1,deepseek-ai/DeepSeek-Coder-V2-Lite-Instruct,1,0,1,0,lenient,0.0,18.0,0.0
2026-08-11 22:08:19,IA15_m-deepseek-coder-v2-lite_sol1_gd0_rs0_bd1_str-lenient_t00_n1,756,2,1,deepseek-ai/DeepSeek-Coder-V2-Lite-Instruct,1,0,1,0,lenient,0.0,12.0,0.0
2026-08-11 22:08:25,IA15_m-deepseek-coder-v2-lite_sol1_gd0_rs0_bd1_str-lenient_t00_n1,756,3,1,deepseek-ai/DeepSeek-Coder-V2-Lite-Instruct,1,0,1,0,lenient,0.0,16.0,0.0
2026-08-11 22:08:33,IA15_m-deepseek-coder-v2-lite_sol1_gd0_rs0_bd1_str-lenient_t00_n1,757,1,1,deepseek-ai/DeepSeek-Coder-V2-Lite-Instruct,1,0,1,0,lenient,0.0,18.0,0.0
2026-08-11 22:08:40,IA15_m-deepseek-coder-v2-lite_sol1_gd0_rs0_bd1_str-lenient_t00_n1,757,2,1,deepseek-ai/DeepSeek-Coder-V2-Lite-Instruct,1,0,1,0,lenient,0.0,12.0,0.0
2026-08-11 22:08:47,IA15_m-deepseek-coder-v2-lite_sol1_gd0_rs0_bd1_str-lenient_t00_n1,757,3,1,deepseek-ai/DeepSeek-Coder-V2-Lite-Instruct,1,0,1,0,lenient,0.0,17.0,0.0
2026-08-11 22:08:55,IA15_m-deepseek-coder-v2-lite_sol1_gd0_rs0_bd1_str-lenient_t00_n1,758,1,1,deepseek-ai/DeepSeek-Coder-V2-Lite-Instruct,1,0,1,0,lenient,0.0,18.0,0.0
2026-08-11 22:09:02,IA15_m-deepseek-coder-v2-lite_sol1_gd0_rs0_bd1_str-lenient_t00_n1,758,2,1,deepseek-ai/DeepSeek-Coder-V2-Lite-Instruct,1,0,1,0,lenient,0.0,12.0,0.0
2026-08-11 22:09:09,IA15_m-deepseek-coder-v2-lite_sol1_gd0_rs0_bd1_str-lenient_t00_n1,758,3,1,deepseek-ai/DeepSeek-Coder-V2-Lite-Instruct,1,0,1,0,lenient,0.0,17.0,0.0
2026-08-11 22:09:18,IA15_m-deepseek-coder-v2-lite_sol1_gd0_rs0_bd1_str-lenient_t00_n1,759,1,1,deepseek-ai/DeepSeek-Coder-V2-Lite-Instruct,1,0,1,0,lenient,0.0,18.0,0.0
2026-08-11 22:09:23,IA15_m-deepseek-coder-v2-lite_sol1_gd0_rs0_bd1_str-lenient_t00_n1,759,2,1,deepseek-ai/DeepSeek-Coder-V2-Lite-Instruct,1,0,1,0,lenient,0.0,13.0,0.0
2026-08-11 22:09:31,IA15_m-deepseek-coder-v2-lite_sol1_gd0_rs0_bd1_str-lenient_t00_n1,759,3,1,deepseek-ai/DeepSeek-Coder-V2-Lite-Instruct,1,0,1,0,lenient,0.0,14.0,0.0
2026-08-11 22:09:39,IA15_m-deepseek-coder-v2-lite_sol1_gd0_rs0_bd1_str-lenient_t00_n1,760,1,1,deepseek-ai/DeepSeek-Coder-V2-Lite-Instruct,1,0,1,0,lenient,0.0,18.0,0.0
2026-08-11 22:09:45,IA15_m-deepseek-coder-v2-lite_sol1_gd0_rs0_bd1_str-lenient_t00_n1,760,2,1,deepseek-ai/DeepSeek-Coder-V2-Lite-Instruct,1,0,1,0,lenient,0.0,12.0,0.0
2026-08-11 22:09:52,IA15_m-deepseek-coder-v2-lite_sol1_gd0_rs0_bd1_str-lenient_t00_n1,760,3,1,deepseek-ai/DeepSeek-Coder-V2-Lite-Instruct,1,0,1,0,lenient,0.0,14.0,0.0
2026-08-11 22:10:00,IA15_m-deepseek-coder-v2-lite_sol1_gd0_rs0_bd1_str-lenient_t00_n1,761,1,1,deepseek-ai/DeepSeek-Coder-V2-Lite-Instruct,1,0,1,0,lenient,0.0,18.0,0.0
2026-08-11 22:10:07,IA15_m-deepseek-coder-v2-lite_sol1_gd0_rs0_bd1_str-lenient_t00_n1,761,2,1,deepseek-ai/DeepSeek-Coder-V2-Lite-Instruct,1,0,1,0,lenient,0.0,13.0,0.0
2026-08-11 22:10:11,IA15_m-deepseek-coder-v2-lite_sol1_gd0_rs0_bd1_str-lenient_t00_n1,761,3,1,deepseek-ai/DeepSeek-Coder-V2-Lite-Instruct,1,0,1,0,lenient,0.0,17.0,0.0
2026-08-11 22:10:19,IA15_m-deepseek-coder-v2-lite_sol1_gd0_rs0_bd1_str-lenient_t00_n1,762,1,1,deepseek-ai/DeepSeek-Coder-V2-Lite-Instruct,1,0,1,0,lenient,0.0,15.0,0.0
2026-08-11 22:10:25,IA15_m-deepseek-coder-v2-lite_sol1_gd0_rs0_bd1_str-lenient_t00_n1,762,2,1,deepseek-ai/DeepSeek-Coder-V2-Lite-Instruct,1,0,1,0,lenient,0.0,12.0,0.0
2026-08-11 22:10:32,IA15_m-deepseek-coder-v2-lite_sol1_gd0_rs0_bd1_str-lenient_t00_n1,762,3,1,deepseek-ai/DeepSeek-Coder-V2-Lite-Instruct,1,0,1,0,lenient,0.0,14.0,0.0
2026-08-11 22:10:40,IA15_m-deepseek-coder-v2-lite_sol1_gd0_rs0_bd1_str-lenient_t00_n1,763,1,1,deepseek-ai/DeepSeek-Coder-V2-Lite-Instruct,1,0,1,0,lenient,0.0,18.0,0.0
2026-08-11 22:10:47,IA15_m-deepseek-coder-v2-lite_sol1_gd0_rs0_bd1_str-lenient_t00_n1,763,2,1,deepseek-ai/DeepSeek-Coder-V2-Lite-Instruct,1,0,1,0,lenient,0.0,12.0,0.0
2026-08-11 22:10:54,IA15_m-deepseek-coder-v2-lite_sol1_gd0_rs0_bd1_str-lenient_t00_n1,763,3,1,deepseek-ai/DeepSeek-Coder-V2-Lite-Instruct,1,0,1,0,lenient,0.0,14.0,0.0
2026-08-11 22:11:02,IA15_m-deepseek-coder-v2-lite_sol1_gd0_rs0_bd1_str-lenient_t00_n1,764,1,1,deepseek-ai/DeepSeek-Coder-V2-Lite-Instruct,1,0,1,0,lenient,0.0,18.0,0.0
2026-08-11 22:11:09,IA15_m-deepseek-coder-v2-lite_sol1_gd0_rs0_bd1_str-lenient_t00_n1,764,2,1,deepseek-ai/DeepSeek-Coder-V2-Lite-Instruct,1,0,1,0,lenient,0.0,13.0,0.0
2026-08-11 22:11:17,IA15_m-deepseek-coder-v2-lite_sol1_gd0_rs0_bd1_str-lenient_t00_n1,764,3,1,deepseek-ai/DeepSeek-Coder-V2-Lite-Instruct,1,0,1,0,lenient,0.0,14.0,0.0
2026-08-11 22:11:24,IA15_m-deepseek-coder-v2-lite_sol1_gd0_rs0_bd1_str-lenient_t00_n1,765,1,1,deepseek-ai/DeepSeek-Coder-V2-Lite-Instruct,1,0,1,0,lenient,0.0,18.0,0.0
2026-08-11 22:11:31,IA15_m-deepseek-coder-v2-lite_sol1_gd0_rs0_bd1_str-lenient_t00_n1,765,2,1,deepseek-ai/DeepSeek-Coder-V2-Lite-Instruct,1,0,1,0,lenient,0.0,12.0,0.0
2026-08-11 22:11:39,IA15_m-deepseek-coder-v2-lite_sol1_gd0_rs0_bd1_str-lenient_t00_n1,765,3,1,deepseek-ai/DeepSeek-Coder-V2-Lite-Instruct,1,0,1,0,lenient,0.0,16.0,0.0
2026-08-11 22:11:47,IA15_m-deepseek-coder-v2-lite_sol1_gd0_rs0_bd1_str-lenient_t00_n1,766,1,1,deepseek-ai/DeepSeek-Coder-V2-Lite-Instruct,1,0,1,0,lenient,0.0,18.0,0.0
2026-08-11 22:11:54,IA15_m-deepseek-coder-v2-lite_sol1_gd0_rs0_bd1_str-lenient_t00_n1,766,2,1,deepseek-ai/DeepSeek-Coder-V2-Lite-Instruct,1,0,1,0,lenient,0.0,12.0,0.0
2026-08-11 22:12:01,IA15_m-deepseek-coder-v2-lite_sol1_gd0_rs0_bd1_str-lenient_t00_n1,766,3,1,deepseek-ai/DeepSeek-Coder-V2-Lite-Instruct,1,0,1,0,lenient,0.0,14.0,0.0
2026-08-11 22:12:09,IA15_m-deepseek-coder-v2-lite_sol1_gd0_rs0_bd1_str-lenient_t00_n1,767,1,1,deepseek-ai/DeepSeek-Coder-V2-Lite-Instruct,1,0,1,0,lenient,0.0,18.0,0.0
2026-08-11 22:12:16,IA15_m-deepseek-coder-v2-lite_sol1_gd0_rs0_bd1_str-lenient_t00_n1,767,2,1,deepseek-ai/DeepSeek-Coder-V2-Lite-Instruct,1,0,1,0,lenient,0.0,13.0,0.0
2026-08-11 22:12:25,IA15_m-deepseek-coder-v2-lite_sol1_gd0_rs0_bd1_str-lenient_t00_n1,767,3,1,deepseek-ai/DeepSeek-Coder-V2-Lite-Instruct,1,0,1,0,lenient,0.0,16.0,0.0
2026-08-11 22:12:33,IA15_m-deepseek-coder-v2-lite_sol1_gd0_rs0_bd1_str-lenient_t00_n1,768,1,1,deepseek-ai/DeepSeek-Coder-V2-Lite-Instruct,1,0,1,0,lenient,0.0,18.0,0.0
2026-08-11 22:12:39,IA15_m-deepseek-coder-v2-lite_sol1_gd0_rs0_bd1_str-lenient_t00_n1,768,2,1,deepseek-ai/DeepSeek-Coder-V2-Lite-Instruct,1,0,1,0,lenient,0.0,12.0,0.0
2026-08-11 22:12:47,IA15_m-deepseek-coder-v2-lite_sol1_gd0_rs0_bd1_str-lenient_t00_n1,768,3,1,deepseek-ai/DeepSeek-Coder-V2-Lite-Instruct,1,0,1,0,lenient,0.0,15.0,0.0
2026-08-11 22:12:55,IA15_m-deepseek-coder-v2-lite_sol1_gd0_rs0_bd1_str-lenient_t00_n1,769,1,1,deepseek-ai/DeepSeek-Coder-V2-Lite-Instruct,1,0,1,0,lenient,0.0,18.0,0.0
2026-08-11 22:13:02,IA15_m-deepseek-coder-v2-lite_sol1_gd0_rs0_bd1_str-lenient_t00_n1,769,2,1,deepseek-ai/DeepSeek-Coder-V2-Lite-Instruct,1,0,1,0,lenient,0.0,12.0,0.0
2026-08-11 22:13:10,IA15_m-deepseek-coder-v2-lite_sol1_gd0_rs0_bd1_str-lenient_t00_n1,769,3,1,deepseek-ai/DeepSeek-Coder-V2-Lite-Instruct,1,0,1,0,lenient,0.0,17.0,0.0
2026-08-11 22:13:18,IA15_m-deepseek-coder-v2-lite_sol1_gd0_rs0_bd1_str-lenient_t00_n1,770,1,1,deepseek-ai/DeepSeek-Coder-V2-Lite-Instruct,1,0,1,0,lenient,0.0,18.0,0.0
2026-08-11 22:13:24,IA15_m-deepseek-coder-v2-lite_sol1_gd0_rs0_bd1_str-lenient_t00_n1,770,2,1,deepseek-ai/DeepSeek-Coder-V2-Lite-Instruct,1,0,1,0,lenient,0.0,13.0,0.0
2026-08-11 22:13:32,IA15_m-deepseek-coder-v2-lite_sol1_gd0_rs0_bd1_str-lenient_t00_n1,770,3,1,deepseek-ai/DeepSeek-Coder-V2-Lite-Instruct,1,0,1,0,lenient,0.0,16.0,0.0
2026-08-11 22:13:40,IA15_m-deepseek-coder-v2-lite_sol1_gd0_rs0_bd1_str-lenient_t00_n1,771,1,1,deepseek-ai/DeepSeek-Coder-V2-Lite-Instruct,1,0,1,0,lenient,0.0,18.0,0.0
2026-08-11 22:13:46,IA15_m-deepseek-coder-v2-lite_sol1_gd0_rs0_bd1_str-lenient_t00_n1,771,2,1,deepseek-ai/DeepSeek-Coder-V2-Lite-Instruct,1,0,1,0,lenient,0.0,12.0,0.0
2026-08-11 22:13:53,IA15_m-deepseek-coder-v2-lite_sol1_gd0_rs0_bd1_str-lenient_t00_n1,771,3,1,deepseek-ai/DeepSeek-Coder-V2-Lite-Instruct,1,0,1,0,lenient,0.0,14.0,0.0
2026-08-11 22:14:01,IA15_m-deepseek-coder-v2-lite_sol1_gd0_rs0_bd1_str-lenient_t00_n1,772,1,1,deepseek-ai/DeepSeek-Coder-V2-Lite-Instruct,1,0,1,0,lenient,0.0,18.0,0.0
2026-08-11 22:14:08,IA15_m-deepseek-coder-v2-lite_sol1_gd0_rs0_bd1_str-lenient_t00_n1,772,2,1,deepseek-ai/DeepSeek-Coder-V2-Lite-Instruct,1,0,1,0,lenient,0.0,12.0,0.0
2026-08-11 22:14:15,IA15_m-deepseek-coder-v2-lite_sol1_gd0_rs0_bd1_str-lenient_t00_n1,772,3,1,deepseek-ai/DeepSeek-Coder-V2-Lite-Instruct,1,0,1,0,lenient,0.0,17.0,0.0
2026-08-11 22:14:23,IA15_m-deepseek-coder-v2-lite_sol1_gd0_rs0_bd1_str-lenient_t00_n1,773,1,1,deepseek-ai/DeepSeek-Coder-V2-Lite-Instruct,1,0,1,0,lenient,0.0,18.0,0.0
2026-08-11 22:14:29,IA15_m-deepseek-coder-v2-lite_sol1_gd0_rs0_bd1_str-lenient_t00_n1,773,2,1,deepseek-ai/DeepSeek-Coder-V2-Lite-Instruct,1,0,1,0,lenient,0.0,13.0,0.0
2026-08-11 22:14:37,IA15_m-deepseek-coder-v2-lite_sol1_gd0_rs0_bd1_str-lenient_t00_n1,773,3,1,deepseek-ai/DeepSeek-Coder-V2-Lite-Instruct,1,0,1,0,lenient,0.0,16.0,0.0
2026-08-11 22:14:44,IA15_m-deepseek-coder-v2-lite_sol1_gd0_rs0_bd1_str-lenient_t00_n1,774,1,1,deepseek-ai/DeepSeek-Coder-V2-Lite-Instruct,1,0,1,0,lenient,0.0,18.0,0.0
2026-08-11 22:14:50,IA15_m-deepseek-coder-v2-lite_sol1_gd0_rs0_bd1_str-lenient_t00_n1,774,2,1,deepseek-ai/DeepSeek-Coder-V2-Lite-Instruct,1,0,1,0,lenient,0.0,12.0,0.0
2026-08-11 22:14:57,IA15_m-deepseek-coder-v2-lite_sol1_gd0_rs0_bd1_str-lenient_t00_n1,774,3,1,deepseek-ai/DeepSeek-Coder-V2-Lite-Instruct,1,0,1,0,lenient,0.0,17.0,0.0
2026-08-11 22:15:05,IA15_m-deepseek-coder-v2-lite_sol1_gd0_rs0_bd1_str-lenient_t00_n1,775,1,1,deepseek-ai/DeepSeek-Coder-V2-Lite-Instruct,1,0,1,0,lenient,0.0,18.0,0.0
2026-08-11 22:15:12,IA15_m-deepseek-coder-v2-lite_sol1_gd0_rs0_bd1_str-lenient_t00_n1,775,2,1,deepseek-ai/DeepSeek-Coder-V2-Lite-Instruct,1,0,1,0,lenient,0.0,12.0,0.0
2026-08-11 22:15:19,IA15_m-deepseek-coder-v2-lite_sol1_gd0_rs0_bd1_str-lenient_t00_n1,775,3,1,deepseek-ai/DeepSeek-Coder-V2-Lite-Instruct,1,0,1,0,lenient,0.0,17.0,0.0
2026-08-11 22:15:27,IA15_m-deepseek-coder-v2-lite_sol1_gd0_rs0_bd1_str-lenient_t00_n1,776,1,1,deepseek-ai/DeepSeek-Coder-V2-Lite-Instruct,1,0,1,0,lenient,0.0,15.0,0.0
2026-08-11 22:15:33,IA15_m-deepseek-coder-v2-lite_sol1_gd0_rs0_bd1_str-lenient_t00_n1,776,2,1,deepseek-ai/DeepSeek-Coder-V2-Lite-Instruct,1,0,1,0,lenient,0.0,12.0,0.0
2026-08-11 22:15:40,IA15_m-deepseek-coder-v2-lite_sol1_gd0_rs0_bd1_str-lenient_t00_n1,776,3,1,deepseek-ai/DeepSeek-Coder-V2-Lite-Instruct,1,0,1,0,lenient,0.0,14.0,0.0
2026-08-11 22:15:48,IA15_m-deepseek-coder-v2-lite_sol1_gd0_rs0_bd1_str-lenient_t00_n1,777,1,1,deepseek-ai/DeepSeek-Coder-V2-Lite-Instruct,1,0,1,0,lenient,0.0,18.0,0.0
2026-08-11 22:15:54,IA15_m-deepseek-coder-v2-lite_sol1_gd0_rs0_bd1_str-lenient_t00_n1,777,2,1,deepseek-ai/DeepSeek-Coder-V2-Lite-Instruct,1,0,1,0,lenient,0.0,12.0,0.0
2026-08-11 22:16:01,IA15_m-deepseek-coder-v2-lite_sol1_gd0_rs0_bd1_str-lenient_t00_n1,777,3,1,deepseek-ai/DeepSeek-Coder-V2-Lite-Instruct,1,0,1,0,lenient,0.0,14.0,0.0
2026-08-11 22:16:09,IA15_m-deepseek-coder-v2-lite_sol1_gd0_rs0_bd1_str-lenient_t00_n1,778,1,1,deepseek-ai/DeepSeek-Coder-V2-Lite-Instruct,1,0,1,0,lenient,0.0,18.0,0.0
2026-08-11 22:16:16,IA15_m-deepseek-coder-v2-lite_sol1_gd0_rs0_bd1_str-lenient_t00_n1,778,2,1,deepseek-ai/DeepSeek-Coder-V2-Lite-Instruct,1,0,1,0,lenient,0.0,12.0,0.0
2026-08-11 22:16:23,IA15_m-deepseek-coder-v2-lite_sol1_gd0_rs0_bd1_str-lenient_t00_n1,778,3,1,deepseek-ai/DeepSeek-Coder-V2-Lite-Instruct,1,0,1,0,lenient,0.0,16.0,0.0
2026-08-11 22:16:30,IA15_m-deepseek-coder-v2-lite_sol1_gd0_rs0_bd1_str-lenient_t00_n1,779,1,1,deepseek-ai/DeepSeek-Coder-V2-Lite-Instruct,1,0,1,0,lenient,0.0,18.0,0.0
2026-08-11 22:16:37,IA15_m-deepseek-coder-v2-lite_sol1_gd0_rs0_bd1_str-lenient_t00_n1,779,2,1,deepseek-ai/DeepSeek-Coder-V2-Lite-Instruct,1,0,1,0,lenient,0.0,13.0,0.0
2026-08-11 22:16:44,IA15_m-deepseek-coder-v2-lite_sol1_gd0_rs0_bd1_str-lenient_t00_n1,779,3,1,deepseek-ai/DeepSeek-Coder-V2-Lite-Instruct,1,0,1,0,lenient,0.0,17.0,0.0
2026-08-11 22:16:52,IA15_m-deepseek-coder-v2-lite_sol1_gd0_rs0_bd1_str-lenient_t00_n1,780,1,1,deepseek-ai/DeepSeek-Coder-V2-Lite-Instruct,1,0,1,0,lenient,0.0,18.0,0.0
2026-08-11 22:17:00,IA15_m-deepseek-coder-v2-lite_sol1_gd0_rs0_bd1_str-lenient_t00_n1,780,2,1,deepseek-ai/DeepSeek-Coder-V2-Lite-Instruct,1,0,1,0,lenient,0.0,13.0,0.0
2026-08-11 22:17:07,IA15_m-deepseek-coder-v2-lite_sol1_gd0_rs0_bd1_str-lenient_t00_n1,780,3,1,deepseek-ai/DeepSeek-Coder-V2-Lite-Instruct,1,0,1,0,lenient,0.0,14.0,0.0
2026-08-11 22:17:15,IA15_m-deepseek-coder-v2-lite_sol1_gd0_rs0_bd1_str-lenient_t00_n1,781,1,1,deepseek-ai/DeepSeek-Coder-V2-Lite-Instruct,1,0,1,0,lenient,0.0,18.0,0.0
2026-08-11 22:17:22,IA15_m-deepseek-coder-v2-lite_sol1_gd0_rs0_bd1_str-lenient_t00_n1,781,2,1,deepseek-ai/DeepSeek-Coder-V2-Lite-Instruct,1,0,1,0,lenient,0.0,12.0,0.0
2026-08-11 22:17:30,IA15_m-deepseek-coder-v2-lite_sol1_gd0_rs0_bd1_str-lenient_t00_n1,781,3,1,deepseek-ai/DeepSeek-Coder-V2-Lite-Instruct,1,0,1,0,lenient,0.0,17.0,0.0
2026-08-11 22:17:38,IA15_m-deepseek-coder-v2-lite_sol1_gd0_rs0_bd1_str-lenient_t00_n1,782,1,1,deepseek-ai/DeepSeek-Coder-V2-Lite-Instruct,1,0,1,0,lenient,0.0,18.0,0.0
2026-08-11 22:17:45,IA15_m-deepseek-coder-v2-lite_sol1_gd0_rs0_bd1_str-lenient_t00_n1,782,2,1,deepseek-ai/DeepSeek-Coder-V2-Lite-Instruct,1,0,1,0,lenient,0.0,13.0,0.0
2026-08-11 22:17:53,IA15_m-deepseek-coder-v2-lite_sol1_gd0_rs0_bd1_str-lenient_t00_n1,782,3,1,deepseek-ai/DeepSeek-Coder-V2-Lite-Instruct,1,0,1,0,lenient,0.0,15.0,0.0
2026-08-11 22:18:01,IA15_m-deepseek-coder-v2-lite_sol1_gd0_rs0_bd1_str-lenient_t00_n1,783,1,1,deepseek-ai/DeepSeek-Coder-V2-Lite-Instruct,1,0,1,0,lenient,0.0,18.0,0.0
2026-08-11 22:18:08,IA15_m-deepseek-coder-v2-lite_sol1_gd0_rs0_bd1_str-lenient_t00_n1,783,2,1,deepseek-ai/DeepSeek-Coder-V2-Lite-Instruct,1,0,1,0,lenient,0.0,13.0,0.0
2026-08-11 22:18:14,IA15_m-deepseek-coder-v2-lite_sol1_gd0_rs0_bd1_str-lenient_t00_n1,783,3,1,deepseek-ai/DeepSeek-Coder-V2-Lite-Instruct,1,0,1,0,lenient,0.0,16.0,0.0
2026-08-11 22:18:22,IA15_m-deepseek-coder-v2-lite_sol1_gd0_rs0_bd1_str-lenient_t00_n1,784,1,1,deepseek-ai/DeepSeek-Coder-V2-Lite-Instruct,1,0,1,0,lenient,0.0,18.0,0.0
2026-08-11 22:18:29,IA15_m-deepseek-coder-v2-lite_sol1_gd0_rs0_bd1_str-lenient_t00_n1,784,2,1,deepseek-ai/DeepSeek-Coder-V2-Lite-Instruct,1,0,1,0,lenient,0.0,12.0,0.0
2026-08-11 22:18:36,IA15_m-deepseek-coder-v2-lite_sol1_gd0_rs0_bd1_str-lenient_t00_n1,784,3,1,deepseek-ai/DeepSeek-Coder-V2-Lite-Instruct,1,0,1,0,lenient,0.0,15.0,0.0
2026-08-11 22:18:43,IA15_m-deepseek-coder-v2-lite_sol1_gd0_rs0_bd1_str-lenient_t00_n1,785,1,1,deepseek-ai/DeepSeek-Coder-V2-Lite-Instruct,1,0,1,0,lenient,0.0,18.0,0.0
2026-08-11 22:18:50,IA15_m-deepseek-coder-v2-lite_sol1_gd0_rs0_bd1_str-lenient_t00_n1,785,2,1,deepseek-ai/DeepSeek-Coder-V2-Lite-Instruct,1,0,1,0,lenient,0.0,12.0,0.0
2026-08-11 22:18:57,IA15_m-deepseek-coder-v2-lite_sol1_gd0_rs0_bd1_str-lenient_t00_n1,785,3,1,deepseek-ai/DeepSeek-Coder-V2-Lite-Instruct,1,0,1,0,lenient,0.0,14.0,0.0
2026-08-11 22:19:05,IA15_m-deepseek-coder-v2-lite_sol1_gd0_rs0_bd1_str-lenient_t00_n1,786,1,1,deepseek-ai/DeepSeek-Coder-V2-Lite-Instruct,1,0,1,0,lenient,0.0,18.0,0.0
2026-08-11 22:19:11,IA15_m-deepseek-coder-v2-lite_sol1_gd0_rs0_bd1_str-lenient_t00_n1,786,2,1,deepseek-ai/DeepSeek-Coder-V2-Lite-Instruct,1,0,1,0,lenient,0.0,13.0,0.0
2026-08-11 22:19:20,IA15_m-deepseek-coder-v2-lite_sol1_gd0_rs0_bd1_str-lenient_t00_n1,786,3,1,deepseek-ai/DeepSeek-Coder-V2-Lite-Instruct,1,0,1,0,lenient,0.0,17.0,0.0
2026-08-11 22:19:27,IA15_m-deepseek-coder-v2-lite_sol1_gd0_rs0_bd1_str-lenient_t00_n1,787,1,1,deepseek-ai/DeepSeek-Coder-V2-Lite-Instruct,1,0,1,0,lenient,0.0,18.0,0.0
2026-08-11 22:19:38,IA15_m-deepseek-coder-v2-lite_sol1_gd0_rs0_bd1_str-lenient_t00_n1,787,2,1,deepseek-ai/DeepSeek-Coder-V2-Lite-Instruct,1,0,1,0,lenient,0.0,12.0,0.0
2026-08-11 22:19:45,IA15_m-deepseek-coder-v2-lite_sol1_gd0_rs0_bd1_str-lenient_t00_n1,787,3,1,deepseek-ai/DeepSeek-Coder-V2-Lite-Instruct,1,0,1,0,lenient,0.0,17.0,0.0
2026-08-11 22:19:54,IA15_m-deepseek-coder-v2-lite_sol1_gd0_rs0_bd1_str-lenient_t00_n1,788,1,1,deepseek-ai/DeepSeek-Coder-V2-Lite-Instruct,1,0,1,0,lenient,0.0,18.0,0.0
2026-08-11 22:20:01,IA15_m-deepseek-coder-v2-lite_sol1_gd0_rs0_bd1_str-lenient_t00_n1,788,2,1,deepseek-ai/DeepSeek-Coder-V2-Lite-Instruct,1,0,1,0,lenient,0.0,13.0,0.0
2026-08-11 22:20:09,IA15_m-deepseek-coder-v2-lite_sol1_gd0_rs0_bd1_str-lenient_t00_n1,788,3,1,deepseek-ai/DeepSeek-Coder-V2-Lite-Instruct,1,0,1,0,lenient,0.0,17.0,0.0
2026-08-11 22:20:16,IA15_m-deepseek-coder-v2-lite_sol1_gd0_rs0_bd1_str-lenient_t00_n1,789,1,1,deepseek-ai/DeepSeek-Coder-V2-Lite-Instruct,1,0,1,0,lenient,0.0,18.0,0.0
2026-08-11 22:20:21,IA15_m-deepseek-coder-v2-lite_sol1_gd0_rs0_bd1_str-lenient_t00_n1,789,2,1,deepseek-ai/DeepSeek-Coder-V2-Lite-Instruct,1,0,1,0,lenient,0.0,13.0,0.0
2026-08-11 22:20:29,IA15_m-deepseek-coder-v2-lite_sol1_gd0_rs0_bd1_str-lenient_t00_n1,789,3,1,deepseek-ai/DeepSeek-Coder-V2-Lite-Instruct,1,0,1,0,lenient,0.0,16.0,0.0
2026-08-11 22:20:37,IA15_m-deepseek-coder-v2-lite_sol1_gd0_rs0_bd1_str-lenient_t00_n1,790,1,1,deepseek-ai/DeepSeek-Coder-V2-Lite-Instruct,1,0,1,0,lenient,0.0,19.0,0.0
2026-08-11 22:20:44,IA15_m-deepseek-coder-v2-lite_sol1_gd0_rs0_bd1_str-lenient_t00_n1,790,2,1,deepseek-ai/DeepSeek-Coder-V2-Lite-Instruct,1,0,1,0,lenient,0.0,13.0,0.0
2026-08-11 22:20:52,IA15_m-deepseek-coder-v2-lite_sol1_gd0_rs0_bd1_str-lenient_t00_n1,790,3,1,deepseek-ai/DeepSeek-Coder-V2-Lite-Instruct,1,0,1,0,lenient,0.0,17.0,0.0
2026-08-11 22:20:59,IA15_m-deepseek-coder-v2-lite_sol1_gd0_rs0_bd1_str-lenient_t00_n1,791,1,1,deepseek-ai/DeepSeek-Coder-V2-Lite-Instruct,1,0,1,0,lenient,0.0,18.0,0.0
2026-08-11 22:21:06,IA15_m-deepseek-coder-v2-lite_sol1_gd0_rs0_bd1_str-lenient_t00_n1,791,2,1,deepseek-ai/DeepSeek-Coder-V2-Lite-Instruct,1,0,1,0,lenient,0.0,12.0,0.0
2026-08-11 22:21:13,IA15_m-deepseek-coder-v2-lite_sol1_gd0_rs0_bd1_str-lenient_t00_n1,791,3,1,deepseek-ai/DeepSeek-Coder-V2-Lite-Instruct,1,0,1,0,lenient,0.0,14.0,0.0
2026-08-11 22:21:21,IA15_m-deepseek-coder-v2-lite_sol1_gd0_rs0_bd1_str-lenient_t00_n1,792,1,1,deepseek-ai/DeepSeek-Coder-V2-Lite-Instruct,1,0,1,0,lenient,0.0,18.0,0.0
2026-08-11 22:21:27,IA15_m-deepseek-coder-v2-lite_sol1_gd0_rs0_bd1_str-lenient_t00_n1,792,2,1,deepseek-ai/DeepSeek-Coder-V2-Lite-Instruct,1,0,1,0,lenient,0.0,12.0,0.0
2026-08-11 22:21:34,IA15_m-deepseek-coder-v2-lite_sol1_gd0_rs0_bd1_str-lenient_t00_n1,792,3,1,deepseek-ai/DeepSeek-Coder-V2-Lite-Instruct,1,0,1,0,lenient,0.0,16.0,0.0
2026-08-11 22:21:42,IA15_m-deepseek-coder-v2-lite_sol1_gd0_rs0_bd1_str-lenient_t00_n1,793,1,1,deepseek-ai/DeepSeek-Coder-V2-Lite-Instruct,1,0,1,0,lenient,0.0,18.0,0.0
2026-08-11 22:21:48,IA15_m-deepseek-coder-v2-lite_sol1_gd0_rs0_bd1_str-lenient_t00_n1,793,2,1,deepseek-ai/DeepSeek-Coder-V2-Lite-Instruct,1,0,1,0,lenient,0.0,12.0,0.0
2026-08-11 22:21:55,IA15_m-deepseek-coder-v2-lite_sol1_gd0_rs0_bd1_str-lenient_t00_n1,793,3,1,deepseek-ai/DeepSeek-Coder-V2-Lite-Instruct,1,0,1,0,lenient,0.0,17.0,0.0
2026-08-11 22:22:02,IA15_m-deepseek-coder-v2-lite_sol1_gd0_rs0_bd1_str-lenient_t00_n1,794,1,1,deepseek-ai/DeepSeek-Coder-V2-Lite-Instruct,1,0,1,0,lenient,0.0,18.0,0.0
2026-08-11 22:22:14,IA15_m-deepseek-coder-v2-lite_sol1_gd0_rs0_bd1_str-lenient_t00_n1,794,2,1,deepseek-ai/DeepSeek-Coder-V2-Lite-Instruct,1,0,1,0,lenient,0.0,12.0,0.0
2026-08-11 22:22:22,IA15_m-deepseek-coder-v2-lite_sol1_gd0_rs0_bd1_str-lenient_t00_n1,794,3,1,deepseek-ai/DeepSeek-Coder-V2-Lite-Instruct,1,0,1,0,lenient,0.0,16.0,0.0
2026-08-11 22:22:30,IA15_m-deepseek-coder-v2-lite_sol1_gd0_rs0_bd1_str-lenient_t00_n1,795,1,1,deepseek-ai/DeepSeek-Coder-V2-Lite-Instruct,1,0,1,0,lenient,0.0,18.0,0.0
2026-08-11 22:22:36,IA15_m-deepseek-coder-v2-lite_sol1_gd0_rs0_bd1_str-lenient_t00_n1,795,2,1,deepseek-ai/DeepSeek-Coder-V2-Lite-Instruct,1,0,1,0,lenient,0.0,12.0,0.0
2026-08-11 22:22:45,IA15_m-deepseek-coder-v2-lite_sol1_gd0_rs0_bd1_str-lenient_t00_n1,795,3,1,deepseek-ai/DeepSeek-Coder-V2-Lite-Instruct,1,0,1,0,lenient,0.0,16.0,0.0
2026-08-11 22:22:53,IA15_m-deepseek-coder-v2-lite_sol1_gd0_rs0_bd1_str-lenient_t00_n1,796,1,1,deepseek-ai/DeepSeek-Coder-V2-Lite-Instruct,1,0,1,0,lenient,0.0,18.0,0.0
2026-08-11 22:22:58,IA15_m-deepseek-coder-v2-lite_sol1_gd0_rs0_bd1_str-lenient_t00_n1,796,2,1,deepseek-ai/DeepSeek-Coder-V2-Lite-Instruct,1,0,1,0,lenient,0.0,12.0,0.0
2026-08-11 22:23:05,IA15_m-deepseek-coder-v2-lite_sol1_gd0_rs0_bd1_str-lenient_t00_n1,796,3,1,deepseek-ai/DeepSeek-Coder-V2-Lite-Instruct,1,0,1,0,lenient,0.0,17.0,0.0
2026-08-11 22:23:13,IA15_m-deepseek-coder-v2-lite_sol1_gd0_rs0_bd1_str-lenient_t00_n1,797,1,1,deepseek-ai/DeepSeek-Coder-V2-Lite-Instruct,1,0,1,0,lenient,0.0,18.0,0.0
2026-08-11 22:23:19,IA15_m-deepseek-coder-v2-lite_sol1_gd0_rs0_bd1_str-lenient_t00_n1,797,2,1,deepseek-ai/DeepSeek-Coder-V2-Lite-Instruct,1,0,1,0,lenient,0.0,12.0,0.0
2026-08-11 22:23:27,IA15_m-deepseek-coder-v2-lite_sol1_gd0_rs0_bd1_str-lenient_t00_n1,797,3,1,deepseek-ai/DeepSeek-Coder-V2-Lite-Instruct,1,0,1,0,lenient,0.0,16.0,0.0
2026-08-11 22:23:34,IA15_m-deepseek-coder-v2-lite_sol1_gd0_rs0_bd1_str-lenient_t00_n1,798,1,1,deepseek-ai/DeepSeek-Coder-V2-Lite-Instruct,1,0,1,0,lenient,0.0,18.0,0.0
2026-08-11 22:23:42,IA15_m-deepseek-coder-v2-lite_sol1_gd0_rs0_bd1_str-lenient_t00_n1,798,2,1,deepseek-ai/DeepSeek-Coder-V2-Lite-Instruct,1,0,1,0,lenient,0.0,12.0,0.0
2026-08-11 22:23:50,IA15_m-deepseek-coder-v2-lite_sol1_gd0_rs0_bd1_str-lenient_t00_n1,798,3,1,deepseek-ai/DeepSeek-Coder-V2-Lite-Instruct,1,0,1,0,lenient,0.0,16.0,0.0
2026-08-11 22:23:57,IA15_m-deepseek-coder-v2-lite_sol1_gd0_rs0_bd1_str-lenient_t00_n1,799,1,1,deepseek-ai/DeepSeek-Coder-V2-Lite-Instruct,1,0,1,0,lenient,0.0,18.0,0.0
2026-08-11 22:24:03,IA15_m-deepseek-coder-v2-lite_sol1_gd0_rs0_bd1_str-lenient_t00_n1,799,2,1,deepseek-ai/DeepSeek-Coder-V2-Lite-Instruct,1,0,1,0,lenient,0.0,12.0,0.0
2026-08-11 22:24:11,IA15_m-deepseek-coder-v2-lite_sol1_gd0_rs0_bd1_str-lenient_t00_n1,799,3,1,deepseek-ai/DeepSeek-Coder-V2-Lite-Instruct,1,0,1,0,lenient,0.0,15.0,0.0
2026-08-11 22:24:19,IA15_m-deepseek-coder-v2-lite_sol1_gd0_rs0_bd1_str-lenient_t00_n1,800,1,1,deepseek-ai/DeepSeek-Coder-V2-Lite-Instruct,1,0,1,0,lenient,0.0,18.0,0.0
2026-08-11 22:24:26,IA15_m-deepseek-coder-v2-lite_sol1_gd0_rs0_bd1_str-lenient_t00_n1,800,2,1,deepseek-ai/DeepSeek-Coder-V2-Lite-Instruct,1,0,1,0,lenient,0.0,12.0,0.0
2026-08-11 22:24:33,IA15_m-deepseek-coder-v2-lite_sol1_gd0_rs0_bd1_str-lenient_t00_n1,800,3,1,deepseek-ai/DeepSeek-Coder-V2-Lite-Instruct,1,0,1,0,lenient,0.0,14.0,0.0
2026-08-11 22:24:41,IA15_m-deepseek-coder-v2-lite_sol1_gd0_rs0_bd1_str-lenient_t00_n1,801,1,1,deepseek-ai/DeepSeek-Coder-V2-Lite-Instruct,1,0,1,0,lenient,0.0,20.0,0.0
2026-08-11 22:24:48,IA15_m-deepseek-coder-v2-lite_sol1_gd0_rs0_bd1_str-lenient_t00_n1,801,2,1,deepseek-ai/DeepSeek-Coder-V2-Lite-Instruct,1,0,1,0,lenient,0.0,12.0,0.0
2026-08-11 22:24:55,IA15_m-deepseek-coder-v2-lite_sol1_gd0_rs0_bd1_str-lenient_t00_n1,801,3,1,deepseek-ai/DeepSeek-Coder-V2-Lite-Instruct,1,0,1,0,lenient,0.0,17.0,0.0
2026-08-11 22:25:03,IA15_m-deepseek-coder-v2-lite_sol1_gd0_rs0_bd1_str-lenient_t00_n1,802,1,1,deepseek-ai/DeepSeek-Coder-V2-Lite-Instruct,1,0,1,0,lenient,0.0,18.0,0.0
2026-08-11 22:25:10,IA15_m-deepseek-coder-v2-lite_sol1_gd0_rs0_bd1_str-lenient_t00_n1,802,2,1,deepseek-ai/DeepSeek-Coder-V2-Lite-Instruct,1,0,1,0,lenient,0.0,12.0,0.0
2026-08-11 22:25:18,IA15_m-deepseek-coder-v2-lite_sol1_gd0_rs0_bd1_str-lenient_t00_n1,802,3,1,deepseek-ai/DeepSeek-Coder-V2-Lite-Instruct,1,0,1,0,lenient,0.0,16.0,0.0
2026-08-11 22:25:25,IA15_m-deepseek-coder-v2-lite_sol1_gd0_rs0_bd1_str-lenient_t00_n1,803,1,1,deepseek-ai/DeepSeek-Coder-V2-Lite-Instruct,1,0,1,0,lenient,0.0,18.0,0.0
2026-08-11 22:25:32,IA15_m-deepseek-coder-v2-lite_sol1_gd0_rs0_bd1_str-lenient_t00_n1,803,2,1,deepseek-ai/DeepSeek-Coder-V2-Lite-Instruct,1,0,1,0,lenient,0.0,12.0,0.0
2026-08-11 22:25:39,IA15_m-deepseek-coder-v2-lite_sol1_gd0_rs0_bd1_str-lenient_t00_n1,803,3,1,deepseek-ai/DeepSeek-Coder-V2-Lite-Instruct,1,0,1,0,lenient,0.0,14.0,0.0
2026-08-11 22:25:47,IA15_m-deepseek-coder-v2-lite_sol1_gd0_rs0_bd1_str-lenient_t00_n1,804,1,1,deepseek-ai/DeepSeek-Coder-V2-Lite-Instruct,1,0,1,0,lenient,0.0,18.0,0.0
2026-08-11 22:25:54,IA15_m-deepseek-coder-v2-lite_sol1_gd0_rs0_bd1_str-lenient_t00_n1,804,2,1,deepseek-ai/DeepSeek-Coder-V2-Lite-Instruct,1,0,1,0,lenient,0.0,13.0,0.0
2026-08-11 22:26:01,IA15_m-deepseek-coder-v2-lite_sol1_gd0_rs0_bd1_str-lenient_t00_n1,804,3,1,deepseek-ai/DeepSeek-Coder-V2-Lite-Instruct,1,0,1,0,lenient,0.0,14.0,0.0
2026-08-11 22:26:08,IA15_m-deepseek-coder-v2-lite_sol1_gd0_rs0_bd1_str-lenient_t00_n1,805,1,1,deepseek-ai/DeepSeek-Coder-V2-Lite-Instruct,1,0,1,0,lenient,0.0,18.0,0.0
2026-08-11 22:26:15,IA15_m-deepseek-coder-v2-lite_sol1_gd0_rs0_bd1_str-lenient_t00_n1,805,2,1,deepseek-ai/DeepSeek-Coder-V2-Lite-Instruct,1,0,1,0,lenient,0.0,13.0,0.0
2026-08-11 22:26:22,IA15_m-deepseek-coder-v2-lite_sol1_gd0_rs0_bd1_str-lenient_t00_n1,805,3,1,deepseek-ai/DeepSeek-Coder-V2-Lite-Instruct,1,0,1,0,lenient,0.0,15.0,0.0
2026-08-11 22:26:30,IA15_m-deepseek-coder-v2-lite_sol1_gd0_rs0_bd1_str-lenient_t00_n1,806,1,1,deepseek-ai/DeepSeek-Coder-V2-Lite-Instruct,1,0,1,0,lenient,0.0,18.0,0.0
2026-08-11 22:26:37,IA15_m-deepseek-coder-v2-lite_sol1_gd0_rs0_bd1_str-lenient_t00_n1,806,2,1,deepseek-ai/DeepSeek-Coder-V2-Lite-Instruct,1,0,1,0,lenient,0.0,12.0,0.0
2026-08-11 22:26:41,IA15_m-deepseek-coder-v2-lite_sol1_gd0_rs0_bd1_str-lenient_t00_n1,806,3,1,deepseek-ai/DeepSeek-Coder-V2-Lite-Instruct,1,0,1,0,lenient,0.0,17.0,0.0
2026-08-11 22:26:49,IA15_m-deepseek-coder-v2-lite_sol1_gd0_rs0_bd1_str-lenient_t00_n1,807,1,1,deepseek-ai/DeepSeek-Coder-V2-Lite-Instruct,1,0,1,0,lenient,0.0,18.0,0.0
2026-08-11 22:26:56,IA15_m-deepseek-coder-v2-lite_sol1_gd0_rs0_bd1_str-lenient_t00_n1,807,2,1,deepseek-ai/DeepSeek-Coder-V2-Lite-Instruct,1,0,1,0,lenient,0.0,13.0,0.0
2026-08-11 22:27:03,IA15_m-deepseek-coder-v2-lite_sol1_gd0_rs0_bd1_str-lenient_t00_n1,807,3,1,deepseek-ai/DeepSeek-Coder-V2-Lite-Instruct,1,0,1,0,lenient,0.0,16.0,0.0
2026-08-11 22:27:11,IA15_m-deepseek-coder-v2-lite_sol1_gd0_rs0_bd1_str-lenient_t00_n1,808,1,1,deepseek-ai/DeepSeek-Coder-V2-Lite-Instruct,1,0,1,0,lenient,0.0,18.0,0.0
2026-08-11 22:27:18,IA15_m-deepseek-coder-v2-lite_sol1_gd0_rs0_bd1_str-lenient_t00_n1,808,2,1,deepseek-ai/DeepSeek-Coder-V2-Lite-Instruct,1,0,1,0,lenient,0.0,12.0,0.0
2026-08-11 22:27:22,IA15_m-deepseek-coder-v2-lite_sol1_gd0_rs0_bd1_str-lenient_t00_n1,808,3,1,deepseek-ai/DeepSeek-Coder-V2-Lite-Instruct,1,0,1,0,lenient,0.0,14.0,0.0
2026-08-11 22:27:29,IA15_m-deepseek-coder-v2-lite_sol1_gd0_rs0_bd1_str-lenient_t00_n1,809,1,1,deepseek-ai/DeepSeek-Coder-V2-Lite-Instruct,1,0,1,0,lenient,0.0,18.0,0.0
2026-08-11 22:27:36,IA15_m-deepseek-coder-v2-lite_sol1_gd0_rs0_bd1_str-lenient_t00_n1,809,2,1,deepseek-ai/DeepSeek-Coder-V2-Lite-Instruct,1,0,1,0,lenient,0.0,13.0,0.0
2026-08-11 22:27:44,IA15_m-deepseek-coder-v2-lite_sol1_gd0_rs0_bd1_str-lenient_t00_n1,809,3,1,deepseek-ai/DeepSeek-Coder-V2-Lite-Instruct,1,0,1,0,lenient,0.0,16.0,0.0
2026-08-11 22:27:52,IA15_m-deepseek-coder-v2-lite_sol1_gd0_rs0_bd1_str-lenient_t00_n1,810,1,1,deepseek-ai/DeepSeek-Coder-V2-Lite-Instruct,1,0,1,0,lenient,0.0,20.0,0.0
2026-08-11 22:27:59,IA15_m-deepseek-coder-v2-lite_sol1_gd0_rs0_bd1_str-lenient_t00_n1,810,2,1,deepseek-ai/DeepSeek-Coder-V2-Lite-Instruct,1,0,1,0,lenient,0.0,13.0,0.0
2026-08-11 22:28:06,IA15_m-deepseek-coder-v2-lite_sol1_gd0_rs0_bd1_str-lenient_t00_n1,810,3,1,deepseek-ai/DeepSeek-Coder-V2-Lite-Instruct,1,0,1,0,lenient,0.0,14.0,0.0
2026-08-11 22:28:14,IA15_m-deepseek-coder-v2-lite_sol1_gd0_rs0_bd1_str-lenient_t00_n1,811,1,1,deepseek-ai/DeepSeek-Coder-V2-Lite-Instruct,1,0,1,0,lenient,0.0,18.0,0.0
2026-08-11 22:28:21,IA15_m-deepseek-coder-v2-lite_sol1_gd0_rs0_bd1_str-lenient_t00_n1,811,2,1,deepseek-ai/DeepSeek-Coder-V2-Lite-Instruct,1,0,1,0,lenient,0.0,12.0,0.0
2026-08-11 22:28:29,IA15_m-deepseek-coder-v2-lite_sol1_gd0_rs0_bd1_str-lenient_t00_n1,812,1,1,deepseek-ai/DeepSeek-Coder-V2-Lite-Instruct,1,0,1,0,lenient,0.0,18.0,0.0
2026-08-11 22:28:35,IA15_m-deepseek-coder-v2-lite_sol1_gd0_rs0_bd1_str-lenient_t00_n1,812,2,1,deepseek-ai/DeepSeek-Coder-V2-Lite-Instruct,1,0,1,0,lenient,0.0,12.0,0.0
2026-08-11 22:28:42,IA15_m-deepseek-coder-v2-lite_sol1_gd0_rs0_bd1_str-lenient_t00_n1,813,1,1,deepseek-ai/DeepSeek-Coder-V2-Lite-Instruct,1,0,1,0,lenient,0.0,18.0,0.0
2026-08-11 22:28:50,IA15_m-deepseek-coder-v2-lite_sol1_gd0_rs0_bd1_str-lenient_t00_n1,814,1,1,deepseek-ai/DeepSeek-Coder-V2-Lite-Instruct,1,0,1,0,lenient,0.0,18.0,0.0
2026-08-11 22:28:57,IA15_m-deepseek-coder-v2-lite_sol1_gd0_rs0_bd1_str-lenient_t00_n1,814,2,1,deepseek-ai/DeepSeek-Coder-V2-Lite-Instruct,1,0,1,0,lenient,0.0,12.0,0.0
2026-08-11 22:29:04,IA15_m-deepseek-coder-v2-lite_sol1_gd0_rs0_bd1_str-lenient_t00_n1,814,3,1,deepseek-ai/DeepSeek-Coder-V2-Lite-Instruct,1,0,1,0,lenient,0.0,16.0,0.0
2026-08-11 22:29:12,IA15_m-deepseek-coder-v2-lite_sol1_gd0_rs0_bd1_str-lenient_t00_n1,815,1,1,deepseek-ai/DeepSeek-Coder-V2-Lite-Instruct,1,0,1,0,lenient,0.0,20.0,0.0
2026-08-11 22:29:19,IA15_m-deepseek-coder-v2-lite_sol1_gd0_rs0_bd1_str-lenient_t00_n1,815,2,1,deepseek-ai/DeepSeek-Coder-V2-Lite-Instruct,1,0,1,0,lenient,0.0,13.0,0.0
2026-08-11 22:29:26,IA15_m-deepseek-coder-v2-lite_sol1_gd0_rs0_bd1_str-lenient_t00_n1,815,3,1,deepseek-ai/DeepSeek-Coder-V2-Lite-Instruct,1,0,1,0,lenient,0.0,17.0,0.0
2026-08-11 22:29:34,IA15_m-deepseek-coder-v2-lite_sol1_gd0_rs0_bd1_str-lenient_t00_n1,816,1,1,deepseek-ai/DeepSeek-Coder-V2-Lite-Instruct,1,0,1,0,lenient,0.0,18.5,0.0
2026-08-11 22:29:39,IA15_m-deepseek-coder-v2-lite_sol1_gd0_rs0_bd1_str-lenient_t00_n1,816,2,1,deepseek-ai/DeepSeek-Coder-V2-Lite-Instruct,1,0,1,0,lenient,0.0,12.0,0.0
2026-08-11 22:29:46,IA15_m-deepseek-coder-v2-lite_sol1_gd0_rs0_bd1_str-lenient_t00_n1,816,3,1,deepseek-ai/DeepSeek-Coder-V2-Lite-Instruct,1,0,1,0,lenient,0.0,16.0,0.0
2026-08-11 22:29:54,IA15_m-deepseek-coder-v2-lite_sol1_gd0_rs0_bd1_str-lenient_t00_n1,817,1,1,deepseek-ai/DeepSeek-Coder-V2-Lite-Instruct,1,0,1,0,lenient,0.0,18.0,3.0
2026-08-11 22:29:59,IA15_m-deepseek-coder-v2-lite_sol1_gd0_rs0_bd1_str-lenient_t00_n1,817,2,1,deepseek-ai/DeepSeek-Coder-V2-Lite-Instruct,1,0,1,0,lenient,0.0,12.0,0.0
2026-08-11 22:30:07,IA15_m-deepseek-coder-v2-lite_sol1_gd0_rs0_bd1_str-lenient_t00_n1,817,3,1,deepseek-ai/DeepSeek-Coder-V2-Lite-Instruct,1,0,1,0,lenient,0.0,17.0,0.0
2026-08-11 22:30:15,IA15_m-deepseek-coder-v2-lite_sol1_gd0_rs0_bd1_str-lenient_t00_n1,818,1,1,deepseek-ai/DeepSeek-Coder-V2-Lite-Instruct,1,0,1,0,lenient,0.0,15.0,0.0
2026-08-11 22:30:22,IA15_m-deepseek-coder-v2-lite_sol1_gd0_rs0_bd1_str-lenient_t00_n1,818,2,1,deepseek-ai/DeepSeek-Coder-V2-Lite-Instruct,1,0,1,0,lenient,0.0,13.0,0.0
2026-08-11 22:30:31,IA15_m-deepseek-coder-v2-lite_sol1_gd0_rs0_bd1_str-lenient_t00_n1,818,3,1,deepseek-ai/DeepSeek-Coder-V2-Lite-Instruct,1,0,1,0,lenient,0.0,14.0,0.0
2026-08-11 22:30:39,IA15_m-deepseek-coder-v2-lite_sol1_gd0_rs0_bd1_str-lenient_t00_n1,819,1,1,deepseek-ai/DeepSeek-Coder-V2-Lite-Instruct,1,0,1,0,lenient,0.0,18.0,0.0
2026-08-11 22:30:45,IA15_m-deepseek-coder-v2-lite_sol1_gd0_rs0_bd1_str-lenient_t00_n1,819,2,1,deepseek-ai/DeepSeek-Coder-V2-Lite-Instruct,1,0,1,0,lenient,0.0,12.0,0.0
2026-08-11 22:30:52,IA15_m-deepseek-coder-v2-lite_sol1_gd0_rs0_bd1_str-lenient_t00_n1,819,3,1,deepseek-ai/DeepSeek-Coder-V2-Lite-Instruct,1,0,1,0,lenient,0.0,17.0,0.0
2026-08-11 22:31:01,IA15_m-deepseek-coder-v2-lite_sol1_gd0_rs0_bd1_str-lenient_t00_n1,820,1,1,deepseek-ai/DeepSeek-Coder-V2-Lite-Instruct,1,0,1,0,lenient,0.0,18.0,0.0
2026-08-11 22:31:08,IA15_m-deepseek-coder-v2-lite_sol1_gd0_rs0_bd1_str-lenient_t00_n1,820,2,1,deepseek-ai/DeepSeek-Coder-V2-Lite-Instruct,1,0,1,0,lenient,0.0,12.0,0.0
2026-08-11 22:31:15,IA15_m-deepseek-coder-v2-lite_sol1_gd0_rs0_bd1_str-lenient_t00_n1,820,3,1,deepseek-ai/DeepSeek-Coder-V2-Lite-Instruct,1,0,1,0,lenient,0.0,14.0,0.0
2026-08-11 22:31:23,IA15_m-deepseek-coder-v2-lite_sol1_gd0_rs0_bd1_str-lenient_t00_n1,821,1,1,deepseek-ai/DeepSeek-Coder-V2-Lite-Instruct,1,0,1,0,lenient,0.0,18.0,0.0
2026-08-11 22:31:28,IA15_m-deepseek-coder-v2-lite_sol1_gd0_rs0_bd1_str-lenient_t00_n1,821,2,1,deepseek-ai/DeepSeek-Coder-V2-Lite-Instruct,1,0,1,0,lenient,0.0,12.0,0.0
2026-08-11 22:31:35,IA15_m-deepseek-coder-v2-lite_sol1_gd0_rs0_bd1_str-lenient_t00_n1,821,3,1,deepseek-ai/DeepSeek-Coder-V2-Lite-Instruct,1,0,1,0,lenient,0.0,14.0,0.0
2026-08-11 22:31:43,IA15_m-deepseek-coder-v2-lite_sol1_gd0_rs0_bd1_str-lenient_t00_n1,822,1,1,deepseek-ai/DeepSeek-Coder-V2-Lite-Instruct,1,0,1,0,lenient,0.0,18.0,0.0
2026-08-11 22:31:49,IA15_m-deepseek-coder-v2-lite_sol1_gd0_rs0_bd1_str-lenient_t00_n1,822,2,1,deepseek-ai/DeepSeek-Coder-V2-Lite-Instruct,1,0,1,0,lenient,0.0,12.0,0.0
2026-08-11 22:31:57,IA15_m-deepseek-coder-v2-lite_sol1_gd0_rs0_bd1_str-lenient_t00_n1,822,3,1,deepseek-ai/DeepSeek-Coder-V2-Lite-Instruct,1,0,1,0,lenient,0.0,16.0,0.0
2026-08-11 22:32:04,IA15_m-deepseek-coder-v2-lite_sol1_gd0_rs0_bd1_str-lenient_t00_n1,823,1,1,deepseek-ai/DeepSeek-Coder-V2-Lite-Instruct,1,0,1,0,lenient,0.0,18.0,0.0
2026-08-11 22:32:10,IA15_m-deepseek-coder-v2-lite_sol1_gd0_rs0_bd1_str-lenient_t00_n1,823,2,1,deepseek-ai/DeepSeek-Coder-V2-Lite-Instruct,1,0,1,0,lenient,0.0,12.0,0.0
2026-08-11 22:32:17,IA15_m-deepseek-coder-v2-lite_sol1_gd0_rs0_bd1_str-lenient_t00_n1,823,3,1,deepseek-ai/DeepSeek-Coder-V2-Lite-Instruct,1,0,1,0,lenient,0.0,16.0,0.0
2026-08-11 22:32:26,IA15_m-deepseek-coder-v2-lite_sol1_gd0_rs0_bd1_str-lenient_t00_n1,824,1,1,deepseek-ai/DeepSeek-Coder-V2-Lite-Instruct,1,0,1,0,lenient,0.0,18.0,0.0
2026-08-11 22:32:32,IA15_m-deepseek-coder-v2-lite_sol1_gd0_rs0_bd1_str-lenient_t00_n1,824,2,1,deepseek-ai/DeepSeek-Coder-V2-Lite-Instruct,1,0,1,0,lenient,0.0,12.0,0.0
2026-08-11 22:32:39,IA15_m-deepseek-coder-v2-lite_sol1_gd0_rs0_bd1_str-lenient_t00_n1,824,3,1,deepseek-ai/DeepSeek-Coder-V2-Lite-Instruct,1,0,1,0,lenient,0.0,16.0,0.0
2026-08-11 22:32:47,IA15_m-deepseek-coder-v2-lite_sol1_gd0_rs0_bd1_str-lenient_t00_n1,825,1,1,deepseek-ai/DeepSeek-Coder-V2-Lite-Instruct,1,0,1,0,lenient,0.0,18.0,0.0
2026-08-11 22:32:54,IA15_m-deepseek-coder-v2-lite_sol1_gd0_rs0_bd1_str-lenient_t00_n1,825,2,1,deepseek-ai/DeepSeek-Coder-V2-Lite-Instruct,1,0,1,0,lenient,0.0,13.0,0.0
2026-08-11 22:33:01,IA15_m-deepseek-coder-v2-lite_sol1_gd0_rs0_bd1_str-lenient_t00_n1,825,3,1,deepseek-ai/DeepSeek-Coder-V2-Lite-Instruct,1,0,1,0,lenient,0.0,14.0,0.0
2026-08-11 22:33:09,IA15_m-deepseek-coder-v2-lite_sol1_gd0_rs0_bd1_str-lenient_t00_n1,826,1,1,deepseek-ai/DeepSeek-Coder-V2-Lite-Instruct,1,0,1,0,lenient,0.0,18.0,0.0
2026-08-11 22:33:16,IA15_m-deepseek-coder-v2-lite_sol1_gd0_rs0_bd1_str-lenient_t00_n1,826,2,1,deepseek-ai/DeepSeek-Coder-V2-Lite-Instruct,1,0,1,0,lenient,0.0,12.0,0.0
2026-08-11 22:33:23,IA15_m-deepseek-coder-v2-lite_sol1_gd0_rs0_bd1_str-lenient_t00_n1,826,3,1,deepseek-ai/DeepSeek-Coder-V2-Lite-Instruct,1,0,1,0,lenient,0.0,16.0,0.0
2026-08-11 22:33:30,IA15_m-deepseek-coder-v2-lite_sol1_gd0_rs0_bd1_str-lenient_t00_n1,827,1,1,deepseek-ai/DeepSeek-Coder-V2-Lite-Instruct,1,0,1,0,lenient,0.0,18.0,0.0
2026-08-11 22:33:37,IA15_m-deepseek-coder-v2-lite_sol1_gd0_rs0_bd1_str-lenient_t00_n1,827,2,1,deepseek-ai/DeepSeek-Coder-V2-Lite-Instruct,1,0,1,0,lenient,0.0,12.0,0.0
2026-08-11 22:33:44,IA15_m-deepseek-coder-v2-lite_sol1_gd0_rs0_bd1_str-lenient_t00_n1,827,3,1,deepseek-ai/DeepSeek-Coder-V2-Lite-Instruct,1,0,1,0,lenient,0.0,14.0,0.0
2026-08-11 22:33:52,IA15_m-deepseek-coder-v2-lite_sol1_gd0_rs0_bd1_str-lenient_t00_n1,828,1,1,deepseek-ai/DeepSeek-Coder-V2-Lite-Instruct,1,0,1,0,lenient,0.0,18.0,0.0
2026-08-11 22:33:58,IA15_m-deepseek-coder-v2-lite_sol1_gd0_rs0_bd1_str-lenient_t00_n1,828,2,1,deepseek-ai/DeepSeek-Coder-V2-Lite-Instruct,1,0,1,0,lenient,0.0,13.0,0.0
2026-08-11 22:34:06,IA15_m-deepseek-coder-v2-lite_sol1_gd0_rs0_bd1_str-lenient_t00_n1,828,3,1,deepseek-ai/DeepSeek-Coder-V2-Lite-Instruct,1,0,1,0,lenient,0.0,17.0,0.0
2026-08-11 22:34:14,IA15_m-deepseek-coder-v2-lite_sol1_gd0_rs0_bd1_str-lenient_t00_n1,829,1,1,deepseek-ai/DeepSeek-Coder-V2-Lite-Instruct,1,0,1,0,lenient,0.0,20.0,0.0
2026-08-11 22:34:20,IA15_m-deepseek-coder-v2-lite_sol1_gd0_rs0_bd1_str-lenient_t00_n1,829,2,1,deepseek-ai/DeepSeek-Coder-V2-Lite-Instruct,1,0,1,0,lenient,0.0,12.0,0.0
2026-08-11 22:34:24,IA15_m-deepseek-coder-v2-lite_sol1_gd0_rs0_bd1_str-lenient_t00_n1,829,3,1,deepseek-ai/DeepSeek-Coder-V2-Lite-Instruct,1,0,1,0,lenient,0.0,17.0,0.0
2026-08-11 22:34:32,IA15_m-deepseek-coder-v2-lite_sol1_gd0_rs0_bd1_str-lenient_t00_n1,830,1,1,deepseek-ai/DeepSeek-Coder-V2-Lite-Instruct,1,0,1,0,lenient,0.0,18.0,0.0
2026-08-11 22:34:38,IA15_m-deepseek-coder-v2-lite_sol1_gd0_rs0_bd1_str-lenient_t00_n1,830,2,1,deepseek-ai/DeepSeek-Coder-V2-Lite-Instruct,1,0,1,0,lenient,0.0,12.0,0.0
2026-08-11 22:34:45,IA15_m-deepseek-coder-v2-lite_sol1_gd0_rs0_bd1_str-lenient_t00_n1,830,3,1,deepseek-ai/DeepSeek-Coder-V2-Lite-Instruct,1,0,1,0,lenient,0.0,14.0,0.0
2026-08-11 22:34:53,IA15_m-deepseek-coder-v2-lite_sol1_gd0_rs0_bd1_str-lenient_t00_n1,831,1,1,deepseek-ai/DeepSeek-Coder-V2-Lite-Instruct,1,0,1,0,lenient,0.0,18.0,0.0
2026-08-11 22:35:00,IA15_m-deepseek-coder-v2-lite_sol1_gd0_rs0_bd1_str-lenient_t00_n1,831,2,1,deepseek-ai/DeepSeek-Coder-V2-Lite-Instruct,1,0,1,0,lenient,0.0,12.0,0.0
2026-08-11 22:35:08,IA15_m-deepseek-coder-v2-lite_sol1_gd0_rs0_bd1_str-lenient_t00_n1,831,3,1,deepseek-ai/DeepSeek-Coder-V2-Lite-Instruct,1,0,1,0,lenient,0.0,14.0,0.0
2026-08-11 22:35:16,IA15_m-deepseek-coder-v2-lite_sol1_gd0_rs0_bd1_str-lenient_t00_n1,832,1,1,deepseek-ai/DeepSeek-Coder-V2-Lite-Instruct,1,0,1,0,lenient,0.0,18.0,0.0
2026-08-11 22:35:23,IA15_m-deepseek-coder-v2-lite_sol1_gd0_rs0_bd1_str-lenient_t00_n1,832,2,1,deepseek-ai/DeepSeek-Coder-V2-Lite-Instruct,1,0,1,0,lenient,0.0,12.0,0.0
2026-08-11 22:35:30,IA15_m-deepseek-coder-v2-lite_sol1_gd0_rs0_bd1_str-lenient_t00_n1,832,3,1,deepseek-ai/DeepSeek-Coder-V2-Lite-Instruct,1,0,1,0,lenient,0.0,16.0,0.0
2026-08-11 22:35:38,IA15_m-deepseek-coder-v2-lite_sol1_gd0_rs0_bd1_str-lenient_t00_n1,833,1,1,deepseek-ai/DeepSeek-Coder-V2-Lite-Instruct,1,0,1,0,lenient,0.0,18.0,0.0
2026-08-11 22:35:45,IA15_m-deepseek-coder-v2-lite_sol1_gd0_rs0_bd1_str-lenient_t00_n1,833,2,1,deepseek-ai/DeepSeek-Coder-V2-Lite-Instruct,1,0,1,0,lenient,0.0,12.0,0.0
2026-08-11 22:35:53,IA15_m-deepseek-coder-v2-lite_sol1_gd0_rs0_bd1_str-lenient_t00_n1,833,3,1,deepseek-ai/DeepSeek-Coder-V2-Lite-Instruct,1,0,1,0,lenient,0.0,10.0,0.0
2026-08-11 22:36:01,IA15_m-deepseek-coder-v2-lite_sol1_gd0_rs0_bd1_str-lenient_t00_n1,834,1,1,deepseek-ai/DeepSeek-Coder-V2-Lite-Instruct,1,0,1,0,lenient,0.0,18.0,0.0
2026-08-11 22:36:08,IA15_m-deepseek-coder-v2-lite_sol1_gd0_rs0_bd1_str-lenient_t00_n1,834,2,1,deepseek-ai/DeepSeek-Coder-V2-Lite-Instruct,1,0,1,0,lenient,0.0,13.0,0.0
2026-08-11 22:36:15,IA15_m-deepseek-coder-v2-lite_sol1_gd0_rs0_bd1_str-lenient_t00_n1,834,3,1,deepseek-ai/DeepSeek-Coder-V2-Lite-Instruct,1,0,1,0,lenient,0.0,14.0,0.0
2026-08-11 22:36:23,IA15_m-deepseek-coder-v2-lite_sol1_gd0_rs0_bd1_str-lenient_t00_n1,835,1,1,deepseek-ai/DeepSeek-Coder-V2-Lite-Instruct,1,0,1,0,lenient,0.0,18.0,0.0
2026-08-11 22:36:29,IA15_m-deepseek-coder-v2-lite_sol1_gd0_rs0_bd1_str-lenient_t00_n1,835,2,1,deepseek-ai/DeepSeek-Coder-V2-Lite-Instruct,1,0,1,0,lenient,0.0,13.0,0.0
2026-08-11 22:36:37,IA15_m-deepseek-coder-v2-lite_sol1_gd0_rs0_bd1_str-lenient_t00_n1,835,3,1,deepseek-ai/DeepSeek-Coder-V2-Lite-Instruct,1,0,1,0,lenient,0.0,14.0,0.0
2026-08-11 22:36:44,IA15_m-deepseek-coder-v2-lite_sol1_gd0_rs0_bd1_str-lenient_t00_n1,836,1,1,deepseek-ai/DeepSeek-Coder-V2-Lite-Instruct,1,0,1,0,lenient,0.0,18.0,0.0
2026-08-11 22:36:53,IA15_m-deepseek-coder-v2-lite_sol1_gd0_rs0_bd1_str-lenient_t00_n1,837,1,1,deepseek-ai/DeepSeek-Coder-V2-Lite-Instruct,1,0,1,0,lenient,0.0,15.0,0.0
2026-08-11 22:37:00,IA15_m-deepseek-coder-v2-lite_sol1_gd0_rs0_bd1_str-lenient_t00_n1,837,2,1,deepseek-ai/DeepSeek-Coder-V2-Lite-Instruct,1,0,1,0,lenient,0.0,12.0,0.0
2026-08-11 22:37:07,IA15_m-deepseek-coder-v2-lite_sol1_gd0_rs0_bd1_str-lenient_t00_n1,837,3,1,deepseek-ai/DeepSeek-Coder-V2-Lite-Instruct,1,0,1,0,lenient,0.0,17.0,0.0
2026-08-11 22:37:15,IA15_m-deepseek-coder-v2-lite_sol1_gd0_rs0_bd1_str-lenient_t00_n1,838,1,1,deepseek-ai/DeepSeek-Coder-V2-Lite-Instruct,1,0,1,0,lenient,0.0,18.0,0.0
2026-08-11 22:37:22,IA15_m-deepseek-coder-v2-lite_sol1_gd0_rs0_bd1_str-lenient_t00_n1,838,2,1,deepseek-ai/DeepSeek-Coder-V2-Lite-Instruct,1,0,1,0,lenient,0.0,12.0,0.0
2026-08-11 22:37:26,IA15_m-deepseek-coder-v2-lite_sol1_gd0_rs0_bd1_str-lenient_t00_n1,838,3,1,deepseek-ai/DeepSeek-Coder-V2-Lite-Instruct,1,0,1,0,lenient,0.0,17.0,0.0
2026-08-11 22:37:33,IA15_m-deepseek-coder-v2-lite_sol1_gd0_rs0_bd1_str-lenient_t00_n1,839,1,1,deepseek-ai/DeepSeek-Coder-V2-Lite-Instruct,1,0,1,0,lenient,0.0,18.0,0.0
2026-08-11 22:37:40,IA15_m-deepseek-coder-v2-lite_sol1_gd0_rs0_bd1_str-lenient_t00_n1,839,2,1,deepseek-ai/DeepSeek-Coder-V2-Lite-Instruct,1,0,1,0,lenient,0.0,13.0,0.0
2026-08-11 22:37:47,IA15_m-deepseek-coder-v2-lite_sol1_gd0_rs0_bd1_str-lenient_t00_n1,839,3,1,deepseek-ai/DeepSeek-Coder-V2-Lite-Instruct,1,0,1,0,lenient,0.0,14.0,0.0
2026-08-11 22:37:55,IA15_m-deepseek-coder-v2-lite_sol1_gd0_rs0_bd1_str-lenient_t00_n1,840,1,1,deepseek-ai/DeepSeek-Coder-V2-Lite-Instruct,1,0,1,0,lenient,0.0,18.0,0.0
2026-08-11 22:38:01,IA15_m-deepseek-coder-v2-lite_sol1_gd0_rs0_bd1_str-lenient_t00_n1,840,2,1,deepseek-ai/DeepSeek-Coder-V2-Lite-Instruct,1,0,1,0,lenient,0.0,12.0,0.0
2026-08-11 22:38:04,IA15_m-deepseek-coder-v2-lite_sol1_gd0_rs0_bd1_str-lenient_t00_n1,840,3,1,deepseek-ai/DeepSeek-Coder-V2-Lite-Instruct,1,0,1,0,lenient,0.0,17.0,0.0
2026-08-11 22:38:11,IA15_m-deepseek-coder-v2-lite_sol1_gd0_rs0_bd1_str-lenient_t00_n1,841,1,1,deepseek-ai/DeepSeek-Coder-V2-Lite-Instruct,1,0,1,0,lenient,0.0,18.0,0.0
2026-08-11 22:38:18,IA15_m-deepseek-coder-v2-lite_sol1_gd0_rs0_bd1_str-lenient_t00_n1,841,2,1,deepseek-ai/DeepSeek-Coder-V2-Lite-Instruct,1,0,1,0,lenient,0.0,13.0,0.0
2026-08-11 22:38:25,IA15_m-deepseek-coder-v2-lite_sol1_gd0_rs0_bd1_str-lenient_t00_n1,841,3,1,deepseek-ai/DeepSeek-Coder-V2-Lite-Instruct,1,0,1,0,lenient,0.0,15.0,0.0
2026-08-11 22:38:32,IA15_m-deepseek-coder-v2-lite_sol1_gd0_rs0_bd1_str-lenient_t00_n1,842,1,1,deepseek-ai/DeepSeek-Coder-V2-Lite-Instruct,1,0,1,0,lenient,0.0,15.0,0.0
2026-08-11 22:38:38,IA15_m-deepseek-coder-v2-lite_sol1_gd0_rs0_bd1_str-lenient_t00_n1,842,2,1,deepseek-ai/DeepSeek-Coder-V2-Lite-Instruct,1,0,1,0,lenient,0.0,12.0,0.0
2026-08-11 22:38:45,IA15_m-deepseek-coder-v2-lite_sol1_gd0_rs0_bd1_str-lenient_t00_n1,842,3,1,deepseek-ai/DeepSeek-Coder-V2-Lite-Instruct,1,0,1,0,lenient,0.0,14.0,0.0
2026-08-11 22:38:53,IA15_m-deepseek-coder-v2-lite_sol1_gd0_rs0_bd1_str-lenient_t00_n1,843,1,1,deepseek-ai/DeepSeek-Coder-V2-Lite-Instruct,1,0,1,0,lenient,0.0,18.0,0.0
2026-08-11 22:38:59,IA15_m-deepseek-coder-v2-lite_sol1_gd0_rs0_bd1_str-lenient_t00_n1,843,2,1,deepseek-ai/DeepSeek-Coder-V2-Lite-Instruct,1,0,1,0,lenient,0.0,12.0,0.0
2026-08-11 22:39:06,IA15_m-deepseek-coder-v2-lite_sol1_gd0_rs0_bd1_str-lenient_t00_n1,843,3,1,deepseek-ai/DeepSeek-Coder-V2-Lite-Instruct,1,0,1,0,lenient,0.0,16.0,0.0
2026-08-11 22:39:14,IA15_m-deepseek-coder-v2-lite_sol1_gd0_rs0_bd1_str-lenient_t00_n1,844,1,1,deepseek-ai/DeepSeek-Coder-V2-Lite-Instruct,1,0,1,0,lenient,0.0,18.0,0.0
2026-08-11 22:39:20,IA15_m-deepseek-coder-v2-lite_sol1_gd0_rs0_bd1_str-lenient_t00_n1,844,2,1,deepseek-ai/DeepSeek-Coder-V2-Lite-Instruct,1,0,1,0,lenient,0.0,12.0,0.0
2026-08-11 22:39:26,IA15_m-deepseek-coder-v2-lite_sol1_gd0_rs0_bd1_str-lenient_t00_n1,844,3,1,deepseek-ai/DeepSeek-Coder-V2-Lite-Instruct,1,0,1,0,lenient,0.0,16.0,0.0
2026-08-11 22:39:33,IA15_m-deepseek-coder-v2-lite_sol1_gd0_rs0_bd1_str-lenient_t00_n1,845,1,1,deepseek-ai/DeepSeek-Coder-V2-Lite-Instruct,1,0,1,0,lenient,0.0,18.0,0.0
2026-08-11 22:39:40,IA15_m-deepseek-coder-v2-lite_sol1_gd0_rs0_bd1_str-lenient_t00_n1,845,2,1,deepseek-ai/DeepSeek-Coder-V2-Lite-Instruct,1,0,1,0,lenient,0.0,13.0,0.0
2026-08-11 22:39:47,IA15_m-deepseek-coder-v2-lite_sol1_gd0_rs0_bd1_str-lenient_t00_n1,845,3,1,deepseek-ai/DeepSeek-Coder-V2-Lite-Instruct,1,0,1,0,lenient,0.0,14.0,0.0
2026-08-11 22:39:54,IA15_m-deepseek-coder-v2-lite_sol1_gd0_rs0_bd1_str-lenient_t00_n1,846,1,1,deepseek-ai/DeepSeek-Coder-V2-Lite-Instruct,1,0,1,0,lenient,0.0,18.0,0.0
2026-08-11 22:40:01,IA15_m-deepseek-coder-v2-lite_sol1_gd0_rs0_bd1_str-lenient_t00_n1,846,3,1,deepseek-ai/DeepSeek-Coder-V2-Lite-Instruct,1,0,1,0,lenient,0.0,15.0,0.0
2026-08-11 22:40:08,IA15_m-deepseek-coder-v2-lite_sol1_gd0_rs0_bd1_str-lenient_t00_n1,847,1,1,deepseek-ai/DeepSeek-Coder-V2-Lite-Instruct,1,0,1,0,lenient,0.0,18.0,0.0
2026-08-11 22:40:15,IA15_m-deepseek-coder-v2-lite_sol1_gd0_rs0_bd1_str-lenient_t00_n1,847,2,1,deepseek-ai/DeepSeek-Coder-V2-Lite-Instruct,1,0,1,0,lenient,0.0,12.0,0.0
2026-08-11 22:40:22,IA15_m-deepseek-coder-v2-lite_sol1_gd0_rs0_bd1_str-lenient_t00_n1,847,3,1,deepseek-ai/DeepSeek-Coder-V2-Lite-Instruct,1,0,1,0,lenient,0.0,14.0,0.0
2026-08-11 22:40:30,IA15_m-deepseek-coder-v2-lite_sol1_gd0_rs0_bd1_str-lenient_t00_n1,848,1,1,deepseek-ai/DeepSeek-Coder-V2-Lite-Instruct,1,0,1,0,lenient,0.0,18.0,0.0
2026-08-11 22:40:37,IA15_m-deepseek-coder-v2-lite_sol1_gd0_rs0_bd1_str-lenient_t00_n1,848,2,1,deepseek-ai/DeepSeek-Coder-V2-Lite-Instruct,1,0,1,0,lenient,0.0,12.0,0.0
2026-08-11 22:40:45,IA15_m-deepseek-coder-v2-lite_sol1_gd0_rs0_bd1_str-lenient_t00_n1,848,3,1,deepseek-ai/DeepSeek-Coder-V2-Lite-Instruct,1,0,1,0,lenient,0.0,17.0,0.0
2026-08-11 22:40:52,IA15_m-deepseek-coder-v2-lite_sol1_gd0_rs0_bd1_str-lenient_t00_n1,849,1,1,deepseek-ai/DeepSeek-Coder-V2-Lite-Instruct,1,0,1,0,lenient,0.0,18.0,0.0
2026-08-11 22:40:59,IA15_m-deepseek-coder-v2-lite_sol1_gd0_rs0_bd1_str-lenient_t00_n1,849,2,1,deepseek-ai/DeepSeek-Coder-V2-Lite-Instruct,1,0,1,0,lenient,0.0,12.0,0.0
2026-08-11 22:41:06,IA15_m-deepseek-coder-v2-lite_sol1_gd0_rs0_bd1_str-lenient_t00_n1,849,3,1,deepseek-ai/DeepSeek-Coder-V2-Lite-Instruct,1,0,1,0,lenient,0.0,14.0,0.0
2026-08-11 22:41:14,IA15_m-deepseek-coder-v2-lite_sol1_gd0_rs0_bd1_str-lenient_t00_n1,850,1,1,deepseek-ai/DeepSeek-Coder-V2-Lite-Instruct,1,0,1,0,lenient,0.0,18.0,0.0
2026-08-11 22:41:20,IA15_m-deepseek-coder-v2-lite_sol1_gd0_rs0_bd1_str-lenient_t00_n1,850,2,1,deepseek-ai/DeepSeek-Coder-V2-Lite-Instruct,1,0,1,0,lenient,0.0,12.0,0.0
2026-08-11 22:41:27,IA15_m-deepseek-coder-v2-lite_sol1_gd0_rs0_bd1_str-lenient_t00_n1,850,3,1,deepseek-ai/DeepSeek-Coder-V2-Lite-Instruct,1,0,1,0,lenient,0.0,14.0,0.0
2026-08-11 22:41:34,IA15_m-deepseek-coder-v2-lite_sol1_gd0_rs0_bd1_str-lenient_t00_n1,851,1,1,deepseek-ai/DeepSeek-Coder-V2-Lite-Instruct,1,0,1,0,lenient,0.0,18.0,0.0
2026-08-11 22:41:40,IA15_m-deepseek-coder-v2-lite_sol1_gd0_rs0_bd1_str-lenient_t00_n1,851,2,1,deepseek-ai/DeepSeek-Coder-V2-Lite-Instruct,1,0,1,0,lenient,0.0,12.0,0.0
2026-08-11 22:41:48,IA15_m-deepseek-coder-v2-lite_sol1_gd0_rs0_bd1_str-lenient_t00_n1,851,3,1,deepseek-ai/DeepSeek-Coder-V2-Lite-Instruct,1,0,1,0,lenient,0.0,17.0,0.0
2026-08-11 22:41:56,IA15_m-deepseek-coder-v2-lite_sol1_gd0_rs0_bd1_str-lenient_t00_n1,852,1,1,deepseek-ai/DeepSeek-Coder-V2-Lite-Instruct,1,0,1,0,lenient,0.0,15.0,0.0
2026-08-11 22:42:03,IA15_m-deepseek-coder-v2-lite_sol1_gd0_rs0_bd1_str-lenient_t00_n1,852,2,1,deepseek-ai/DeepSeek-Coder-V2-Lite-Instruct,1,0,1,0,lenient,0.0,12.0,0.0
2026-08-11 22:42:10,IA15_m-deepseek-coder-v2-lite_sol1_gd0_rs0_bd1_str-lenient_t00_n1,852,3,1,deepseek-ai/DeepSeek-Coder-V2-Lite-Instruct,1,0,1,0,lenient,0.0,14.0,0.0
2026-08-11 22:42:17,IA15_m-deepseek-coder-v2-lite_sol1_gd0_rs0_bd1_str-lenient_t00_n1,853,1,1,deepseek-ai/DeepSeek-Coder-V2-Lite-Instruct,1,0,1,0,lenient,0.0,18.0,0.0
2026-08-11 22:42:24,IA15_m-deepseek-coder-v2-lite_sol1_gd0_rs0_bd1_str-lenient_t00_n1,853,2,1,deepseek-ai/DeepSeek-Coder-V2-Lite-Instruct,1,0,1,0,lenient,0.0,12.0,0.0
2026-08-11 22:42:32,IA15_m-deepseek-coder-v2-lite_sol1_gd0_rs0_bd1_str-lenient_t00_n1,853,3,1,deepseek-ai/DeepSeek-Coder-V2-Lite-Instruct,1,0,1,0,lenient,0.0,17.0,0.0
2026-08-11 22:42:39,IA15_m-deepseek-coder-v2-lite_sol1_gd0_rs0_bd1_str-lenient_t00_n1,854,1,1,deepseek-ai/DeepSeek-Coder-V2-Lite-Instruct,1,0,1,0,lenient,0.0,18.0,0.0
2026-08-11 22:42:46,IA15_m-deepseek-coder-v2-lite_sol1_gd0_rs0_bd1_str-lenient_t00_n1,854,2,1,deepseek-ai/DeepSeek-Coder-V2-Lite-Instruct,1,0,1,0,lenient,0.0,12.0,0.0
2026-08-11 22:42:53,IA15_m-deepseek-coder-v2-lite_sol1_gd0_rs0_bd1_str-lenient_t00_n1,854,3,1,deepseek-ai/DeepSeek-Coder-V2-Lite-Instruct,1,0,1,0,lenient,0.0,17.0,0.0
2026-08-11 22:42:59,IA15_m-deepseek-coder-v2-lite_sol1_gd0_rs0_bd1_str-lenient_t00_n1,855,2,1,deepseek-ai/DeepSeek-Coder-V2-Lite-Instruct,1,0,1,0,lenient,0.0,12.0,0.0
2026-08-11 22:43:07,IA15_m-deepseek-coder-v2-lite_sol1_gd0_rs0_bd1_str-lenient_t00_n1,855,3,1,deepseek-ai/DeepSeek-Coder-V2-Lite-Instruct,1,0,1,0,lenient,0.0,16.0,0.0
2026-08-11 22:43:15,IA15_m-deepseek-coder-v2-lite_sol1_gd0_rs0_bd1_str-lenient_t00_n1,856,1,1,deepseek-ai/DeepSeek-Coder-V2-Lite-Instruct,1,0,1,0,lenient,0.0,18.0,0.0
2026-08-11 22:43:21,IA15_m-deepseek-coder-v2-lite_sol1_gd0_rs0_bd1_str-lenient_t00_n1,856,2,1,deepseek-ai/DeepSeek-Coder-V2-Lite-Instruct,1,0,1,0,lenient,0.0,12.0,0.0
2026-08-11 22:43:28,IA15_m-deepseek-coder-v2-lite_sol1_gd0_rs0_bd1_str-lenient_t00_n1,856,3,1,deepseek-ai/DeepSeek-Coder-V2-Lite-Instruct,1,0,1,0,lenient,0.0,14.0,0.0
2026-08-11 22:43:36,IA15_m-deepseek-coder-v2-lite_sol1_gd0_rs0_bd1_str-lenient_t00_n1,857,1,1,deepseek-ai/DeepSeek-Coder-V2-Lite-Instruct,1,0,1,0,lenient,0.0,18.0,0.0
2026-08-11 22:43:42,IA15_m-deepseek-coder-v2-lite_sol1_gd0_rs0_bd1_str-lenient_t00_n1,857,2,1,deepseek-ai/DeepSeek-Coder-V2-Lite-Instruct,1,0,1,0,lenient,0.0,12.0,0.0
2026-08-11 22:43:50,IA15_m-deepseek-coder-v2-lite_sol1_gd0_rs0_bd1_str-lenient_t00_n1,857,3,1,deepseek-ai/DeepSeek-Coder-V2-Lite-Instruct,1,0,1,0,lenient,0.0,16.0,0.0
2026-08-11 22:43:58,IA15_m-deepseek-coder-v2-lite_sol1_gd0_rs0_bd1_str-lenient_t00_n1,858,1,1,deepseek-ai/DeepSeek-Coder-V2-Lite-Instruct,1,0,1,0,lenient,0.0,18.0,0.0
2026-08-11 22:44:04,IA15_m-deepseek-coder-v2-lite_sol1_gd0_rs0_bd1_str-lenient_t00_n1,858,2,1,deepseek-ai/DeepSeek-Coder-V2-Lite-Instruct,1,0,1,0,lenient,0.0,13.0,0.0
2026-08-11 22:44:11,IA15_m-deepseek-coder-v2-lite_sol1_gd0_rs0_bd1_str-lenient_t00_n1,858,3,1,deepseek-ai/DeepSeek-Coder-V2-Lite-Instruct,1,0,1,0,lenient,0.0,17.0,0.0
2026-08-11 22:44:19,IA15_m-deepseek-coder-v2-lite_sol1_gd0_rs0_bd1_str-lenient_t00_n1,859,1,1,deepseek-ai/DeepSeek-Coder-V2-Lite-Instruct,1,0,1,0,lenient,0.0,18.0,0.0
2026-08-11 22:44:26,IA15_m-deepseek-coder-v2-lite_sol1_gd0_rs0_bd1_str-lenient_t00_n1,859,2,1,deepseek-ai/DeepSeek-Coder-V2-Lite-Instruct,1,0,1,0,lenient,0.0,12.0,0.0
2026-08-11 22:44:32,IA15_m-deepseek-coder-v2-lite_sol1_gd0_rs0_bd1_str-lenient_t00_n1,859,3,1,deepseek-ai/DeepSeek-Coder-V2-Lite-Instruct,1,0,1,0,lenient,0.0,16.0,0.0
2026-08-11 22:44:40,IA15_m-deepseek-coder-v2-lite_sol1_gd0_rs0_bd1_str-lenient_t00_n1,860,1,1,deepseek-ai/DeepSeek-Coder-V2-Lite-Instruct,1,0,1,0,lenient,0.0,18.0,0.0
2026-08-11 22:44:47,IA15_m-deepseek-coder-v2-lite_sol1_gd0_rs0_bd1_str-lenient_t00_n1,860,2,1,deepseek-ai/DeepSeek-Coder-V2-Lite-Instruct,1,0,1,0,lenient,0.0,12.0,0.0
2026-08-11 22:44:55,IA15_m-deepseek-coder-v2-lite_sol1_gd0_rs0_bd1_str-lenient_t00_n1,860,3,1,deepseek-ai/DeepSeek-Coder-V2-Lite-Instruct,1,0,1,0,lenient,0.0,15.0,0.0
2026-08-11 22:45:03,IA15_m-deepseek-coder-v2-lite_sol1_gd0_rs0_bd1_str-lenient_t00_n1,861,1,1,deepseek-ai/DeepSeek-Coder-V2-Lite-Instruct,1,0,1,0,lenient,0.0,20.0,0.0
2026-08-11 22:45:10,IA15_m-deepseek-coder-v2-lite_sol1_gd0_rs0_bd1_str-lenient_t00_n1,861,2,1,deepseek-ai/DeepSeek-Coder-V2-Lite-Instruct,1,0,1,0,lenient,0.0,12.0,0.0
2026-08-11 22:45:18,IA15_m-deepseek-coder-v2-lite_sol1_gd0_rs0_bd1_str-lenient_t00_n1,861,3,1,deepseek-ai/DeepSeek-Coder-V2-Lite-Instruct,1,0,1,0,lenient,0.0,17.0,0.0
2026-08-11 22:45:26,IA15_m-deepseek-coder-v2-lite_sol1_gd0_rs0_bd1_str-lenient_t00_n1,862,1,1,deepseek-ai/DeepSeek-Coder-V2-Lite-Instruct,1,0,1,0,lenient,0.0,18.0,0.0
2026-08-11 22:45:33,IA15_m-deepseek-coder-v2-lite_sol1_gd0_rs0_bd1_str-lenient_t00_n1,862,2,1,deepseek-ai/DeepSeek-Coder-V2-Lite-Instruct,1,0,1,0,lenient,0.0,13.0,0.0
2026-08-11 22:45:41,IA15_m-deepseek-coder-v2-lite_sol1_gd0_rs0_bd1_str-lenient_t00_n1,862,3,1,deepseek-ai/DeepSeek-Coder-V2-Lite-Instruct,1,0,1,0,lenient,0.0,16.0,0.0
2026-08-11 22:45:48,IA15_m-deepseek-coder-v2-lite_sol1_gd0_rs0_bd1_str-lenient_t00_n1,863,1,1,deepseek-ai/DeepSeek-Coder-V2-Lite-Instruct,1,0,1,0,lenient,0.0,15.0,0.0
2026-08-11 22:45:55,IA15_m-deepseek-coder-v2-lite_sol1_gd0_rs0_bd1_str-lenient_t00_n1,863,2,1,deepseek-ai/DeepSeek-Coder-V2-Lite-Instruct,1,0,1,0,lenient,0.0,12.0,0.0
2026-08-11 22:46:02,IA15_m-deepseek-coder-v2-lite_sol1_gd0_rs0_bd1_str-lenient_t00_n1,863,3,1,deepseek-ai/DeepSeek-Coder-V2-Lite-Instruct,1,0,1,0,lenient,0.0,15.0,0.0
2026-08-11 22:46:10,IA15_m-deepseek-coder-v2-lite_sol1_gd0_rs0_bd1_str-lenient_t00_n1,864,1,1,deepseek-ai/DeepSeek-Coder-V2-Lite-Instruct,1,0,1,0,lenient,0.0,18.0,0.0
2026-08-11 22:46:17,IA15_m-deepseek-coder-v2-lite_sol1_gd0_rs0_bd1_str-lenient_t00_n1,864,2,1,deepseek-ai/DeepSeek-Coder-V2-Lite-Instruct,1,0,1,0,lenient,0.0,13.0,0.0
2026-08-11 22:46:24,IA15_m-deepseek-coder-v2-lite_sol1_gd0_rs0_bd1_str-lenient_t00_n1,864,3,1,deepseek-ai/DeepSeek-Coder-V2-Lite-Instruct,1,0,1,0,lenient,0.0,16.0,0.0
2026-08-11 22:46:32,IA15_m-deepseek-coder-v2-lite_sol1_gd0_rs0_bd1_str-lenient_t00_n1,865,1,1,deepseek-ai/DeepSeek-Coder-V2-Lite-Instruct,1,0,1,0,lenient,0.0,20.0,0.0
2026-08-11 22:46:39,IA15_m-deepseek-coder-v2-lite_sol1_gd0_rs0_bd1_str-lenient_t00_n1,865,2,1,deepseek-ai/DeepSeek-Coder-V2-Lite-Instruct,1,0,1,0,lenient,0.0,12.0,0.0
2026-08-11 22:46:46,IA15_m-deepseek-coder-v2-lite_sol1_gd0_rs0_bd1_str-lenient_t00_n1,865,3,1,deepseek-ai/DeepSeek-Coder-V2-Lite-Instruct,1,0,1,0,lenient,0.0,14.0,0.0
2026-08-11 22:46:54,IA15_m-deepseek-coder-v2-lite_sol1_gd0_rs0_bd1_str-lenient_t00_n1,866,1,1,deepseek-ai/DeepSeek-Coder-V2-Lite-Instruct,1,0,1,0,lenient,0.0,18.0,0.0
2026-08-11 22:46:59,IA15_m-deepseek-coder-v2-lite_sol1_gd0_rs0_bd1_str-lenient_t00_n1,866,2,1,deepseek-ai/DeepSeek-Coder-V2-Lite-Instruct,1,0,1,0,lenient,0.0,12.0,0.0
2026-08-11 22:47:06,IA15_m-deepseek-coder-v2-lite_sol1_gd0_rs0_bd1_str-lenient_t00_n1,866,3,1,deepseek-ai/DeepSeek-Coder-V2-Lite-Instruct,1,0,1,0,lenient,0.0,14.0,0.0
2026-08-11 22:47:13,IA15_m-deepseek-coder-v2-lite_sol1_gd0_rs0_bd1_str-lenient_t00_n1,867,1,1,deepseek-ai/DeepSeek-Coder-V2-Lite-Instruct,1,0,1,0,lenient,0.0,18.0,0.0
2026-08-11 22:47:20,IA15_m-deepseek-coder-v2-lite_sol1_gd0_rs0_bd1_str-lenient_t00_n1,867,2,1,deepseek-ai/DeepSeek-Coder-V2-Lite-Instruct,1,0,1,0,lenient,0.0,12.0,0.0
2026-08-11 22:47:27,IA15_m-deepseek-coder-v2-lite_sol1_gd0_rs0_bd1_str-lenient_t00_n1,867,3,1,deepseek-ai/DeepSeek-Coder-V2-Lite-Instruct,1,0,1,0,lenient,0.0,16.0,0.0
2026-08-11 22:47:35,IA15_m-deepseek-coder-v2-lite_sol1_gd0_rs0_bd1_str-lenient_t00_n1,868,1,1,deepseek-ai/DeepSeek-Coder-V2-Lite-Instruct,1,0,1,0,lenient,0.0,18.0,0.0
2026-08-11 22:47:42,IA15_m-deepseek-coder-v2-lite_sol1_gd0_rs0_bd1_str-lenient_t00_n1,868,2,1,deepseek-ai/DeepSeek-Coder-V2-Lite-Instruct,1,0,1,0,lenient,0.0,13.0,0.0
2026-08-11 22:47:49,IA15_m-deepseek-coder-v2-lite_sol1_gd0_rs0_bd1_str-lenient_t00_n1,868,3,1,deepseek-ai/DeepSeek-Coder-V2-Lite-Instruct,1,0,1,0,lenient,0.0,15.0,0.0
2026-08-11 22:47:57,IA15_m-deepseek-coder-v2-lite_sol1_gd0_rs0_bd1_str-lenient_t00_n1,869,1,1,deepseek-ai/DeepSeek-Coder-V2-Lite-Instruct,1,0,1,0,lenient,0.0,18.0,0.0
2026-08-11 22:48:03,IA15_m-deepseek-coder-v2-lite_sol1_gd0_rs0_bd1_str-lenient_t00_n1,869,2,1,deepseek-ai/DeepSeek-Coder-V2-Lite-Instruct,1,0,1,0,lenient,0.0,13.0,0.0
2026-08-11 22:48:11,IA15_m-deepseek-coder-v2-lite_sol1_gd0_rs0_bd1_str-lenient_t00_n1,869,3,1,deepseek-ai/DeepSeek-Coder-V2-Lite-Instruct,1,0,1,0,lenient,0.0,14.0,0.0
2026-08-11 22:48:19,IA15_m-deepseek-coder-v2-lite_sol1_gd0_rs0_bd1_str-lenient_t00_n1,870,1,1,deepseek-ai/DeepSeek-Coder-V2-Lite-Instruct,1,0,1,0,lenient,0.0,18.0,0.0
2026-08-11 22:48:26,IA15_m-deepseek-coder-v2-lite_sol1_gd0_rs0_bd1_str-lenient_t00_n1,870,2,1,deepseek-ai/DeepSeek-Coder-V2-Lite-Instruct,1,0,1,0,lenient,0.0,12.0,0.0
2026-08-11 22:48:36,IA15_m-deepseek-coder-v2-lite_sol1_gd0_rs0_bd1_str-lenient_t00_n1,870,3,1,deepseek-ai/DeepSeek-Coder-V2-Lite-Instruct,1,0,1,0,lenient,0.0,17.0,0.0
2026-08-11 22:48:43,IA15_m-deepseek-coder-v2-lite_sol1_gd0_rs0_bd1_str-lenient_t00_n1,871,1,1,deepseek-ai/DeepSeek-Coder-V2-Lite-Instruct,1,0,1,0,lenient,0.0,18.0,0.0
2026-08-11 22:48:50,IA15_m-deepseek-coder-v2-lite_sol1_gd0_rs0_bd1_str-lenient_t00_n1,871,2,1,deepseek-ai/DeepSeek-Coder-V2-Lite-Instruct,1,0,1,0,lenient,0.0,12.0,0.0
2026-08-11 22:48:58,IA15_m-deepseek-coder-v2-lite_sol1_gd0_rs0_bd1_str-lenient_t00_n1,871,3,1,deepseek-ai/DeepSeek-Coder-V2-Lite-Instruct,1,0,1,0,lenient,0.0,14.0,0.0
2026-08-11 22:49:05,IA15_m-deepseek-coder-v2-lite_sol1_gd0_rs0_bd1_str-lenient_t00_n1,872,1,1,deepseek-ai/DeepSeek-Coder-V2-Lite-Instruct,1,0,1,0,lenient,0.0,18.0,0.0
2026-08-11 22:49:12,IA15_m-deepseek-coder-v2-lite_sol1_gd0_rs0_bd1_str-lenient_t00_n1,872,2,1,deepseek-ai/DeepSeek-Coder-V2-Lite-Instruct,1,0,1,0,lenient,0.0,12.0,0.0
2026-08-11 22:49:19,IA15_m-deepseek-coder-v2-lite_sol1_gd0_rs0_bd1_str-lenient_t00_n1,872,3,1,deepseek-ai/DeepSeek-Coder-V2-Lite-Instruct,1,0,1,0,lenient,0.0,16.0,0.0
2026-08-11 22:49:27,IA15_m-deepseek-coder-v2-lite_sol1_gd0_rs0_bd1_str-lenient_t00_n1,873,1,1,deepseek-ai/DeepSeek-Coder-V2-Lite-Instruct,1,0,1,0,lenient,0.0,18.0,0.0
2026-08-11 22:49:34,IA15_m-deepseek-coder-v2-lite_sol1_gd0_rs0_bd1_str-lenient_t00_n1,873,2,1,deepseek-ai/DeepSeek-Coder-V2-Lite-Instruct,1,0,1,0,lenient,0.0,12.0,0.0
2026-08-11 22:49:42,IA15_m-deepseek-coder-v2-lite_sol1_gd0_rs0_bd1_str-lenient_t00_n1,873,3,1,deepseek-ai/DeepSeek-Coder-V2-Lite-Instruct,1,0,1,0,lenient,0.0,17.0,0.0
2026-08-11 22:49:50,IA15_m-deepseek-coder-v2-lite_sol1_gd0_rs0_bd1_str-lenient_t00_n1,874,1,1,deepseek-ai/DeepSeek-Coder-V2-Lite-Instruct,1,0,1,0,lenient,0.0,18.0,0.0
2026-08-11 22:49:57,IA15_m-deepseek-coder-v2-lite_sol1_gd0_rs0_bd1_str-lenient_t00_n1,874,2,1,deepseek-ai/DeepSeek-Coder-V2-Lite-Instruct,1,0,1,0,lenient,0.0,13.0,0.0
2026-08-11 22:50:04,IA15_m-deepseek-coder-v2-lite_sol1_gd0_rs0_bd1_str-lenient_t00_n1,874,3,1,deepseek-ai/DeepSeek-Coder-V2-Lite-Instruct,1,0,1,0,lenient,0.0,17.0,0.0
2026-08-11 22:50:12,IA15_m-deepseek-coder-v2-lite_sol1_gd0_rs0_bd1_str-lenient_t00_n1,875,1,1,deepseek-ai/DeepSeek-Coder-V2-Lite-Instruct,1,0,1,0,lenient,0.0,18.0,0.0
2026-08-11 22:50:19,IA15_m-deepseek-coder-v2-lite_sol1_gd0_rs0_bd1_str-lenient_t00_n1,875,2,1,deepseek-ai/DeepSeek-Coder-V2-Lite-Instruct,1,0,1,0,lenient,0.0,12.0,0.0
2026-08-11 22:50:27,IA15_m-deepseek-coder-v2-lite_sol1_gd0_rs0_bd1_str-lenient_t00_n1,875,3,1,deepseek-ai/DeepSeek-Coder-V2-Lite-Instruct,1,0,1,0,lenient,0.0,17.0,0.0
2026-08-11 22:50:35,IA15_m-deepseek-coder-v2-lite_sol1_gd0_rs0_bd1_str-lenient_t00_n1,876,1,1,deepseek-ai/DeepSeek-Coder-V2-Lite-Instruct,1,0,1,0,lenient,0.0,18.0,0.0
2026-08-11 22:50:41,IA15_m-deepseek-coder-v2-lite_sol1_gd0_rs0_bd1_str-lenient_t00_n1,876,2,1,deepseek-ai/DeepSeek-Coder-V2-Lite-Instruct,1,0,1,0,lenient,0.0,12.0,0.0
2026-08-11 22:50:49,IA15_m-deepseek-coder-v2-lite_sol1_gd0_rs0_bd1_str-lenient_t00_n1,876,3,1,deepseek-ai/DeepSeek-Coder-V2-Lite-Instruct,1,0,1,0,lenient,0.0,16.0,0.0
2026-08-11 22:50:57,IA15_m-deepseek-coder-v2-lite_sol1_gd0_rs0_bd1_str-lenient_t00_n1,877,1,1,deepseek-ai/DeepSeek-Coder-V2-Lite-Instruct,1,0,1,0,lenient,0.0,18.0,0.0
2026-08-11 22:51:04,IA15_m-deepseek-coder-v2-lite_sol1_gd0_rs0_bd1_str-lenient_t00_n1,877,2,1,deepseek-ai/DeepSeek-Coder-V2-Lite-Instruct,1,0,1,0,lenient,0.0,13.0,0.0
2026-08-11 22:51:12,IA15_m-deepseek-coder-v2-lite_sol1_gd0_rs0_bd1_str-lenient_t00_n1,877,3,1,deepseek-ai/DeepSeek-Coder-V2-Lite-Instruct,1,0,1,0,lenient,0.0,16.0,0.0
2026-08-11 22:51:20,IA15_m-deepseek-coder-v2-lite_sol1_gd0_rs0_bd1_str-lenient_t00_n1,878,1,1,deepseek-ai/DeepSeek-Coder-V2-Lite-Instruct,1,0,1,0,lenient,0.0,15.0,0.0
2026-08-11 22:51:27,IA15_m-deepseek-coder-v2-lite_sol1_gd0_rs0_bd1_str-lenient_t00_n1,878,2,1,deepseek-ai/DeepSeek-Coder-V2-Lite-Instruct,1,0,1,0,lenient,0.0,12.0,0.0
2026-08-11 22:51:34,IA15_m-deepseek-coder-v2-lite_sol1_gd0_rs0_bd1_str-lenient_t00_n1,878,3,1,deepseek-ai/DeepSeek-Coder-V2-Lite-Instruct,1,0,1,0,lenient,0.0,14.0,0.0
2026-08-11 22:51:42,IA15_m-deepseek-coder-v2-lite_sol1_gd0_rs0_bd1_str-lenient_t00_n1,879,1,1,deepseek-ai/DeepSeek-Coder-V2-Lite-Instruct,1,0,1,0,lenient,0.0,18.0,0.0
2026-08-11 22:51:49,IA15_m-deepseek-coder-v2-lite_sol1_gd0_rs0_bd1_str-lenient_t00_n1,879,2,1,deepseek-ai/DeepSeek-Coder-V2-Lite-Instruct,1,0,1,0,lenient,0.0,12.0,0.0
2026-08-11 22:51:56,IA15_m-deepseek-coder-v2-lite_sol1_gd0_rs0_bd1_str-lenient_t00_n1,879,3,1,deepseek-ai/DeepSeek-Coder-V2-Lite-Instruct,1,0,1,0,lenient,0.0,17.0,0.0
2026-08-11 22:52:05,IA15_m-deepseek-coder-v2-lite_sol1_gd0_rs0_bd1_str-lenient_t00_n1,880,1,1,deepseek-ai/DeepSeek-Coder-V2-Lite-Instruct,1,0,1,0,lenient,0.0,18.0,0.0
2026-08-11 22:52:12,IA15_m-deepseek-coder-v2-lite_sol1_gd0_rs0_bd1_str-lenient_t00_n1,880,2,1,deepseek-ai/DeepSeek-Coder-V2-Lite-Instruct,1,0,1,0,lenient,0.0,12.0,0.0
2026-08-11 22:52:15,IA15_m-deepseek-coder-v2-lite_sol1_gd0_rs0_bd1_str-lenient_t00_n1,880,3,1,deepseek-ai/DeepSeek-Coder-V2-Lite-Instruct,1,0,1,0,lenient,0.0,17.0,0.0
2026-08-11 22:52:23,IA15_m-deepseek-coder-v2-lite_sol1_gd0_rs0_bd1_str-lenient_t00_n1,881,1,1,deepseek-ai/DeepSeek-Coder-V2-Lite-Instruct,1,0,1,0,lenient,0.0,18.0,0.0
2026-08-11 22:52:29,IA15_m-deepseek-coder-v2-lite_sol1_gd0_rs0_bd1_str-lenient_t00_n1,881,2,1,deepseek-ai/DeepSeek-Coder-V2-Lite-Instruct,1,0,1,0,lenient,0.0,12.0,0.0
2026-08-11 22:52:36,IA15_m-deepseek-coder-v2-lite_sol1_gd0_rs0_bd1_str-lenient_t00_n1,881,3,1,deepseek-ai/DeepSeek-Coder-V2-Lite-Instruct,1,0,1,0,lenient,0.0,17.0,0.0
2026-08-11 22:52:44,IA15_m-deepseek-coder-v2-lite_sol1_gd0_rs0_bd1_str-lenient_t00_n1,882,1,1,deepseek-ai/DeepSeek-Coder-V2-Lite-Instruct,1,0,1,0,lenient,0.0,18.0,0.0
2026-08-11 22:52:51,IA15_m-deepseek-coder-v2-lite_sol1_gd0_rs0_bd1_str-lenient_t00_n1,882,2,1,deepseek-ai/DeepSeek-Coder-V2-Lite-Instruct,1,0,1,0,lenient,0.0,13.0,0.0
2026-08-11 22:52:59,IA15_m-deepseek-coder-v2-lite_sol1_gd0_rs0_bd1_str-lenient_t00_n1,882,3,1,deepseek-ai/DeepSeek-Coder-V2-Lite-Instruct,1,0,1,0,lenient,0.0,17.0,0.0
2026-08-11 22:53:07,IA15_m-deepseek-coder-v2-lite_sol1_gd0_rs0_bd1_str-lenient_t00_n1,883,1,1,deepseek-ai/DeepSeek-Coder-V2-Lite-Instruct,1,0,1,0,lenient,0.0,18.0,0.0
2026-08-11 22:53:14,IA15_m-deepseek-coder-v2-lite_sol1_gd0_rs0_bd1_str-lenient_t00_n1,883,2,1,deepseek-ai/DeepSeek-Coder-V2-Lite-Instruct,1,0,1,0,lenient,0.0,13.0,0.0
2026-08-11 22:53:21,IA15_m-deepseek-coder-v2-lite_sol1_gd0_rs0_bd1_str-lenient_t00_n1,883,3,1,deepseek-ai/DeepSeek-Coder-V2-Lite-Instruct,1,0,1,0,lenient,0.0,17.0,0.0
2026-08-11 22:53:28,IA15_m-deepseek-coder-v2-lite_sol1_gd0_rs0_bd1_str-lenient_t00_n1,884,1,1,deepseek-ai/DeepSeek-Coder-V2-Lite-Instruct,1,0,1,0,lenient,0.0,18.0,0.0
2026-08-11 22:53:40,IA15_m-deepseek-coder-v2-lite_sol1_gd0_rs0_bd1_str-lenient_t00_n1,884,2,1,deepseek-ai/DeepSeek-Coder-V2-Lite-Instruct,1,0,1,0,lenient,0.0,12.0,0.0
2026-08-11 22:53:47,IA15_m-deepseek-coder-v2-lite_sol1_gd0_rs0_bd1_str-lenient_t00_n1,884,3,1,deepseek-ai/DeepSeek-Coder-V2-Lite-Instruct,1,0,1,0,lenient,0.0,16.0,0.0
2026-08-11 22:53:55,IA15_m-deepseek-coder-v2-lite_sol1_gd0_rs0_bd1_str-lenient_t00_n1,885,1,1,deepseek-ai/DeepSeek-Coder-V2-Lite-Instruct,1,0,1,0,lenient,0.0,18.0,0.0
2026-08-11 22:54:02,IA15_m-deepseek-coder-v2-lite_sol1_gd0_rs0_bd1_str-lenient_t00_n1,885,2,1,deepseek-ai/DeepSeek-Coder-V2-Lite-Instruct,1,0,1,0,lenient,0.0,13.0,0.0
2026-08-11 22:54:09,IA15_m-deepseek-coder-v2-lite_sol1_gd0_rs0_bd1_str-lenient_t00_n1,885,3,1,deepseek-ai/DeepSeek-Coder-V2-Lite-Instruct,1,0,1,0,lenient,0.0,14.0,0.0
2026-08-11 22:54:17,IA15_m-deepseek-coder-v2-lite_sol1_gd0_rs0_bd1_str-lenient_t00_n1,886,1,1,deepseek-ai/DeepSeek-Coder-V2-Lite-Instruct,1,0,1,0,lenient,0.0,15.0,0.0
2026-08-11 22:54:24,IA15_m-deepseek-coder-v2-lite_sol1_gd0_rs0_bd1_str-lenient_t00_n1,886,2,1,deepseek-ai/DeepSeek-Coder-V2-Lite-Instruct,1,0,1,0,lenient,0.0,12.0,0.0
2026-08-11 22:54:31,IA15_m-deepseek-coder-v2-lite_sol1_gd0_rs0_bd1_str-lenient_t00_n1,886,3,1,deepseek-ai/DeepSeek-Coder-V2-Lite-Instruct,1,0,1,0,lenient,0.0,14.0,0.0
2026-08-11 22:54:40,IA15_m-deepseek-coder-v2-lite_sol1_gd0_rs0_bd1_str-lenient_t00_n1,887,1,1,deepseek-ai/DeepSeek-Coder-V2-Lite-Instruct,1,0,1,0,lenient,0.0,20.0,0.0
2026-08-11 22:54:47,IA15_m-deepseek-coder-v2-lite_sol1_gd0_rs0_bd1_str-lenient_t00_n1,887,2,1,deepseek-ai/DeepSeek-Coder-V2-Lite-Instruct,1,0,1,0,lenient,0.0,13.0,0.0
2026-08-11 22:54:54,IA15_m-deepseek-coder-v2-lite_sol1_gd0_rs0_bd1_str-lenient_t00_n1,887,3,1,deepseek-ai/DeepSeek-Coder-V2-Lite-Instruct,1,0,1,0,lenient,0.0,16.0,0.0
2026-08-11 22:55:02,IA15_m-deepseek-coder-v2-lite_sol1_gd0_rs0_bd1_str-lenient_t00_n1,888,1,1,deepseek-ai/DeepSeek-Coder-V2-Lite-Instruct,1,0,1,0,lenient,0.0,18.0,0.0
2026-08-11 22:55:08,IA15_m-deepseek-coder-v2-lite_sol1_gd0_rs0_bd1_str-lenient_t00_n1,888,2,1,deepseek-ai/DeepSeek-Coder-V2-Lite-Instruct,1,0,1,0,lenient,0.0,12.0,0.0
2026-08-11 22:55:15,IA15_m-deepseek-coder-v2-lite_sol1_gd0_rs0_bd1_str-lenient_t00_n1,888,3,1,deepseek-ai/DeepSeek-Coder-V2-Lite-Instruct,1,0,1,0,lenient,0.0,14.0,0.0
2026-08-11 22:55:23,IA15_m-deepseek-coder-v2-lite_sol1_gd0_rs0_bd1_str-lenient_t00_n1,889,1,1,deepseek-ai/DeepSeek-Coder-V2-Lite-Instruct,1,0,1,0,lenient,0.0,18.0,0.0
2026-08-11 22:55:32,IA15_m-deepseek-coder-v2-lite_sol1_gd0_rs0_bd1_str-lenient_t00_n1,889,3,1,deepseek-ai/DeepSeek-Coder-V2-Lite-Instruct,1,0,1,0,lenient,0.0,17.0,0.0
2026-08-11 22:55:40,IA15_m-deepseek-coder-v2-lite_sol1_gd0_rs0_bd1_str-lenient_t00_n1,890,1,1,deepseek-ai/DeepSeek-Coder-V2-Lite-Instruct,1,0,1,0,lenient,0.0,18.0,0.0
2026-08-11 22:55:47,IA15_m-deepseek-coder-v2-lite_sol1_gd0_rs0_bd1_str-lenient_t00_n1,890,2,1,deepseek-ai/DeepSeek-Coder-V2-Lite-Instruct,1,0,1,0,lenient,0.0,12.0,0.0
2026-08-11 22:55:55,IA15_m-deepseek-coder-v2-lite_sol1_gd0_rs0_bd1_str-lenient_t00_n1,890,3,1,deepseek-ai/DeepSeek-Coder-V2-Lite-Instruct,1,0,1,0,lenient,0.0,16.0,0.0
2026-08-11 22:56:02,IA15_m-deepseek-coder-v2-lite_sol1_gd0_rs0_bd1_str-lenient_t00_n1,891,1,1,deepseek-ai/DeepSeek-Coder-V2-Lite-Instruct,1,0,1,0,lenient,0.0,18.0,0.0
2026-08-11 22:56:09,IA15_m-deepseek-coder-v2-lite_sol1_gd0_rs0_bd1_str-lenient_t00_n1,891,2,1,deepseek-ai/DeepSeek-Coder-V2-Lite-Instruct,1,0,1,0,lenient,0.0,12.0,0.0
2026-08-11 22:56:17,IA15_m-deepseek-coder-v2-lite_sol1_gd0_rs0_bd1_str-lenient_t00_n1,891,3,1,deepseek-ai/DeepSeek-Coder-V2-Lite-Instruct,1,0,1,0,lenient,0.0,17.0,0.0
2026-08-11 22:56:26,IA15_m-deepseek-coder-v2-lite_sol1_gd0_rs0_bd1_str-lenient_t00_n1,892,1,1,deepseek-ai/DeepSeek-Coder-V2-Lite-Instruct,1,0,1,0,lenient,0.0,21.0,2.0
2026-08-11 22:56:33,IA15_m-deepseek-coder-v2-lite_sol1_gd0_rs0_bd1_str-lenient_t00_n1,892,2,1,deepseek-ai/DeepSeek-Coder-V2-Lite-Instruct,1,0,1,0,lenient,0.0,13.0,0.0
2026-08-11 22:56:41,IA15_m-deepseek-coder-v2-lite_sol1_gd0_rs0_bd1_str-lenient_t00_n1,892,3,1,deepseek-ai/DeepSeek-Coder-V2-Lite-Instruct,1,0,1,0,lenient,0.0,17.0,0.0
2026-08-11 22:56:49,IA15_m-deepseek-coder-v2-lite_sol1_gd0_rs0_bd1_str-lenient_t00_n1,893,1,1,deepseek-ai/DeepSeek-Coder-V2-Lite-Instruct,1,0,1,0,lenient,0.0,18.0,0.0
2026-08-11 22:56:54,IA15_m-deepseek-coder-v2-lite_sol1_gd0_rs0_bd1_str-lenient_t00_n1,893,2,1,deepseek-ai/DeepSeek-Coder-V2-Lite-Instruct,1,0,1,0,lenient,0.0,12.0,0.0
2026-08-11 22:57:02,IA15_m-deepseek-coder-v2-lite_sol1_gd0_rs0_bd1_str-lenient_t00_n1,893,3,1,deepseek-ai/DeepSeek-Coder-V2-Lite-Instruct,1,0,1,0,lenient,0.0,14.0,0.0
2026-08-11 22:57:10,IA15_m-deepseek-coder-v2-lite_sol1_gd0_rs0_bd1_str-lenient_t00_n1,894,1,1,deepseek-ai/DeepSeek-Coder-V2-Lite-Instruct,1,0,1,0,lenient,0.0,20.0,0.0
2026-08-11 22:57:17,IA15_m-deepseek-coder-v2-lite_sol1_gd0_rs0_bd1_str-lenient_t00_n1,894,2,1,deepseek-ai/DeepSeek-Coder-V2-Lite-Instruct,1,0,1,0,lenient,0.0,13.0,0.0
2026-08-11 22:57:21,IA15_m-deepseek-coder-v2-lite_sol1_gd0_rs0_bd1_str-lenient_t00_n1,894,3,1,deepseek-ai/DeepSeek-Coder-V2-Lite-Instruct,1,0,1,0,lenient,0.0,16.0,0.0
2026-08-11 22:57:29,IA15_m-deepseek-coder-v2-lite_sol1_gd0_rs0_bd1_str-lenient_t00_n1,895,1,1,deepseek-ai/DeepSeek-Coder-V2-Lite-Instruct,1,0,1,0,lenient,0.0,18.0,0.0
2026-08-11 22:57:36,IA15_m-deepseek-coder-v2-lite_sol1_gd0_rs0_bd1_str-lenient_t00_n1,895,2,1,deepseek-ai/DeepSeek-Coder-V2-Lite-Instruct,1,0,1,0,lenient,0.0,13.0,0.0
2026-08-11 22:57:39,IA15_m-deepseek-coder-v2-lite_sol1_gd0_rs0_bd1_str-lenient_t00_n1,895,3,1,deepseek-ai/DeepSeek-Coder-V2-Lite-Instruct,1,0,1,0,lenient,0.0,17.0,0.0
2026-08-11 22:57:48,IA15_m-deepseek-coder-v2-lite_sol1_gd0_rs0_bd1_str-lenient_t00_n1,896,1,1,deepseek-ai/DeepSeek-Coder-V2-Lite-Instruct,1,0,1,0,lenient,0.0,20.0,0.0
2026-08-11 22:57:55,IA15_m-deepseek-coder-v2-lite_sol1_gd0_rs0_bd1_str-lenient_t00_n1,896,2,1,deepseek-ai/DeepSeek-Coder-V2-Lite-Instruct,1,0,1,0,lenient,0.0,13.0,0.0
2026-08-11 22:57:58,IA15_m-deepseek-coder-v2-lite_sol1_gd0_rs0_bd1_str-lenient_t00_n1,896,3,1,deepseek-ai/DeepSeek-Coder-V2-Lite-Instruct,1,0,1,0,lenient,0.0,17.0,0.0
2026-08-11 22:58:07,IA15_m-deepseek-coder-v2-lite_sol1_gd0_rs0_bd1_str-lenient_t00_n1,897,1,1,deepseek-ai/DeepSeek-Coder-V2-Lite-Instruct,1,0,1,0,lenient,0.0,18.0,0.0
2026-08-11 22:58:14,IA15_m-deepseek-coder-v2-lite_sol1_gd0_rs0_bd1_str-lenient_t00_n1,897,2,1,deepseek-ai/DeepSeek-Coder-V2-Lite-Instruct,1,0,1,0,lenient,0.0,12.0,0.0
2026-08-11 22:58:22,IA15_m-deepseek-coder-v2-lite_sol1_gd0_rs0_bd1_str-lenient_t00_n1,897,3,1,deepseek-ai/DeepSeek-Coder-V2-Lite-Instruct,1,0,1,0,lenient,0.0,16.0,0.0
2026-08-11 22:58:30,IA15_m-deepseek-coder-v2-lite_sol1_gd0_rs0_bd1_str-lenient_t00_n1,898,1,1,deepseek-ai/DeepSeek-Coder-V2-Lite-Instruct,1,0,1,0,lenient,0.0,18.0,0.0
2026-08-11 22:58:37,IA15_m-deepseek-coder-v2-lite_sol1_gd0_rs0_bd1_str-lenient_t00_n1,898,2,1,deepseek-ai/DeepSeek-Coder-V2-Lite-Instruct,1,0,1,0,lenient,0.0,13.0,0.0
2026-08-11 22:58:44,IA15_m-deepseek-coder-v2-lite_sol1_gd0_rs0_bd1_str-lenient_t00_n1,898,3,1,deepseek-ai/DeepSeek-Coder-V2-Lite-Instruct,1,0,1,0,lenient,0.0,14.0,0.0
2026-08-11 22:58:52,IA15_m-deepseek-coder-v2-lite_sol1_gd0_rs0_bd1_str-lenient_t00_n1,899,1,1,deepseek-ai/DeepSeek-Coder-V2-Lite-Instruct,1,0,1,0,lenient,0.0,18.0,0.0
2026-08-11 22:58:58,IA15_m-deepseek-coder-v2-lite_sol1_gd0_rs0_bd1_str-lenient_t00_n1,899,2,1,deepseek-ai/DeepSeek-Coder-V2-Lite-Instruct,1,0,1,0,lenient,0.0,12.0,0.0
2026-08-11 22:59:05,IA15_m-deepseek-coder-v2-lite_sol1_gd0_rs0_bd1_str-lenient_t00_n1,899,3,1,deepseek-ai/DeepSeek-Coder-V2-Lite-Instruct,1,0,1,0,lenient,0.0,16.0,0.0
2026-08-11 22:59:13,IA15_m-deepseek-coder-v2-lite_sol1_gd0_rs0_bd1_str-lenient_t00_n1,900,1,1,deepseek-ai/DeepSeek-Coder-V2-Lite-Instruct,1,0,1,0,lenient,0.0,18.0,0.0
2026-08-11 22:59:19,IA15_m-deepseek-coder-v2-lite_sol1_gd0_rs0_bd1_str-lenient_t00_n1,900,2,1,deepseek-ai/DeepSeek-Coder-V2-Lite-Instruct,1,0,1,0,lenient,0.0,12.0,0.0
2026-08-11 22:59:27,IA15_m-deepseek-coder-v2-lite_sol1_gd0_rs0_bd1_str-lenient_t00_n1,900,3,1,deepseek-ai/DeepSeek-Coder-V2-Lite-Instruct,1,0,1,0,lenient,0.0,16.0,0.0
2026-08-11 22:59:34,IA15_m-deepseek-coder-v2-lite_sol1_gd0_rs0_bd1_str-lenient_t00_n1,901,1,1,deepseek-ai/DeepSeek-Coder-V2-Lite-Instruct,1,0,1,0,lenient,0.0,18.0,0.0
2026-08-11 22:59:38,IA15_m-deepseek-coder-v2-lite_sol1_gd0_rs0_bd1_str-lenient_t00_n1,901,3,1,deepseek-ai/DeepSeek-Coder-V2-Lite-Instruct,1,0,1,0,lenient,0.0,17.0,0.0
2026-08-11 22:59:46,IA15_m-deepseek-coder-v2-lite_sol1_gd0_rs0_bd1_str-lenient_t00_n1,902,1,1,deepseek-ai/DeepSeek-Coder-V2-Lite-Instruct,1,0,1,0,lenient,0.0,18.0,0.0
2026-08-11 22:59:53,IA15_m-deepseek-coder-v2-lite_sol1_gd0_rs0_bd1_str-lenient_t00_n1,902,2,1,deepseek-ai/DeepSeek-Coder-V2-Lite-Instruct,1,0,1,0,lenient,0.0,13.0,0.0
2026-08-11 23:00:00,IA15_m-deepseek-coder-v2-lite_sol1_gd0_rs0_bd1_str-lenient_t00_n1,902,3,1,deepseek-ai/DeepSeek-Coder-V2-Lite-Instruct,1,0,1,0,lenient,0.0,16.0,0.0
2026-08-11 23:00:08,IA15_m-deepseek-coder-v2-lite_sol1_gd0_rs0_bd1_str-lenient_t00_n1,903,1,1,deepseek-ai/DeepSeek-Coder-V2-Lite-Instruct,1,0,1,0,lenient,0.0,18.0,0.0
2026-08-11 23:00:13,IA15_m-deepseek-coder-v2-lite_sol1_gd0_rs0_bd1_str-lenient_t00_n1,903,2,1,deepseek-ai/DeepSeek-Coder-V2-Lite-Instruct,1,0,1,0,lenient,0.0,12.0,0.0
2026-08-11 23:00:20,IA15_m-deepseek-coder-v2-lite_sol1_gd0_rs0_bd1_str-lenient_t00_n1,903,3,1,deepseek-ai/DeepSeek-Coder-V2-Lite-Instruct,1,0,1,0,lenient,0.0,15.0,0.0
2026-08-11 23:00:28,IA15_m-deepseek-coder-v2-lite_sol1_gd0_rs0_bd1_str-lenient_t00_n1,904,1,1,deepseek-ai/DeepSeek-Coder-V2-Lite-Instruct,1,0,1,0,lenient,0.0,18.0,0.0
2026-08-11 23:00:35,IA15_m-deepseek-coder-v2-lite_sol1_gd0_rs0_bd1_str-lenient_t00_n1,904,2,1,deepseek-ai/DeepSeek-Coder-V2-Lite-Instruct,1,0,1,0,lenient,0.0,12.0,0.0
2026-08-11 23:00:42,IA15_m-deepseek-coder-v2-lite_sol1_gd0_rs0_bd1_str-lenient_t00_n1,904,3,1,deepseek-ai/DeepSeek-Coder-V2-Lite-Instruct,1,0,1,0,lenient,0.0,14.0,0.0
2026-08-11 23:00:50,IA15_m-deepseek-coder-v2-lite_sol1_gd0_rs0_bd1_str-lenient_t00_n1,905,1,1,deepseek-ai/DeepSeek-Coder-V2-Lite-Instruct,1,0,1,0,lenient,0.0,18.0,0.0
2026-08-11 23:00:56,IA15_m-deepseek-coder-v2-lite_sol1_gd0_rs0_bd1_str-lenient_t00_n1,905,2,1,deepseek-ai/DeepSeek-Coder-V2-Lite-Instruct,1,0,1,0,lenient,0.0,12.0,0.0
2026-08-11 23:01:04,IA15_m-deepseek-coder-v2-lite_sol1_gd0_rs0_bd1_str-lenient_t00_n1,905,3,1,deepseek-ai/DeepSeek-Coder-V2-Lite-Instruct,1,0,1,0,lenient,0.0,16.0,0.0
2026-08-11 23:01:12,IA15_m-deepseek-coder-v2-lite_sol1_gd0_rs0_bd1_str-lenient_t00_n1,906,1,1,deepseek-ai/DeepSeek-Coder-V2-Lite-Instruct,1,0,1,0,lenient,0.0,20.0,0.0
2026-08-11 23:01:18,IA15_m-deepseek-coder-v2-lite_sol1_gd0_rs0_bd1_str-lenient_t00_n1,906,2,1,deepseek-ai/DeepSeek-Coder-V2-Lite-Instruct,1,0,1,0,lenient,0.0,12.0,0.0
2026-08-11 23:01:25,IA15_m-deepseek-coder-v2-lite_sol1_gd0_rs0_bd1_str-lenient_t00_n1,906,3,1,deepseek-ai/DeepSeek-Coder-V2-Lite-Instruct,1,0,1,0,lenient,0.0,16.0,0.0
2026-08-11 23:01:33,IA15_m-deepseek-coder-v2-lite_sol1_gd0_rs0_bd1_str-lenient_t00_n1,907,1,1,deepseek-ai/DeepSeek-Coder-V2-Lite-Instruct,1,0,1,0,lenient,0.0,18.0,0.0
2026-08-11 23:01:40,IA15_m-deepseek-coder-v2-lite_sol1_gd0_rs0_bd1_str-lenient_t00_n1,907,2,1,deepseek-ai/DeepSeek-Coder-V2-Lite-Instruct,1,0,1,0,lenient,0.0,12.0,0.0
2026-08-11 23:01:48,IA15_m-deepseek-coder-v2-lite_sol1_gd0_rs0_bd1_str-lenient_t00_n1,907,3,1,deepseek-ai/DeepSeek-Coder-V2-Lite-Instruct,1,0,1,0,lenient,0.0,17.0,0.0
2026-08-11 23:01:56,IA15_m-deepseek-coder-v2-lite_sol1_gd0_rs0_bd1_str-lenient_t00_n1,908,1,1,deepseek-ai/DeepSeek-Coder-V2-Lite-Instruct,1,0,1,0,lenient,0.0,18.0,0.0
2026-08-11 23:02:02,IA15_m-deepseek-coder-v2-lite_sol1_gd0_rs0_bd1_str-lenient_t00_n1,908,2,1,deepseek-ai/DeepSeek-Coder-V2-Lite-Instruct,1,0,1,0,lenient,0.0,13.0,0.0
2026-08-11 23:02:09,IA15_m-deepseek-coder-v2-lite_sol1_gd0_rs0_bd1_str-lenient_t00_n1,908,3,1,deepseek-ai/DeepSeek-Coder-V2-Lite-Instruct,1,0,1,0,lenient,0.0,14.0,0.0
2026-08-11 23:02:17,IA15_m-deepseek-coder-v2-lite_sol1_gd0_rs0_bd1_str-lenient_t00_n1,909,1,1,deepseek-ai/DeepSeek-Coder-V2-Lite-Instruct,1,0,1,0,lenient,0.0,18.0,0.0
2026-08-11 23:02:24,IA15_m-deepseek-coder-v2-lite_sol1_gd0_rs0_bd1_str-lenient_t00_n1,909,2,1,deepseek-ai/DeepSeek-Coder-V2-Lite-Instruct,1,0,1,0,lenient,0.0,13.0,0.0
2026-08-11 23:02:32,IA15_m-deepseek-coder-v2-lite_sol1_gd0_rs0_bd1_str-lenient_t00_n1,909,3,1,deepseek-ai/DeepSeek-Coder-V2-Lite-Instruct,1,0,1,0,lenient,0.0,14.0,0.0
2026-08-11 23:02:40,IA15_m-deepseek-coder-v2-lite_sol1_gd0_rs0_bd1_str-lenient_t00_n1,910,1,1,deepseek-ai/DeepSeek-Coder-V2-Lite-Instruct,1,0,1,0,lenient,0.0,18.0,0.0
2026-08-11 23:02:47,IA15_m-deepseek-coder-v2-lite_sol1_gd0_rs0_bd1_str-lenient_t00_n1,910,2,1,deepseek-ai/DeepSeek-Coder-V2-Lite-Instruct,1,0,1,0,lenient,0.0,12.0,0.0
2026-08-11 23:02:54,IA15_m-deepseek-coder-v2-lite_sol1_gd0_rs0_bd1_str-lenient_t00_n1,910,3,1,deepseek-ai/DeepSeek-Coder-V2-Lite-Instruct,1,0,1,0,lenient,0.0,14.0,0.0
2026-08-11 23:03:02,IA15_m-deepseek-coder-v2-lite_sol1_gd0_rs0_bd1_str-lenient_t00_n1,911,1,1,deepseek-ai/DeepSeek-Coder-V2-Lite-Instruct,1,0,1,0,lenient,0.0,18.0,0.0
2026-08-11 23:03:09,IA15_m-deepseek-coder-v2-lite_sol1_gd0_rs0_bd1_str-lenient_t00_n1,911,2,1,deepseek-ai/DeepSeek-Coder-V2-Lite-Instruct,1,0,1,0,lenient,0.0,12.0,0.0
2026-08-11 23:03:17,IA15_m-deepseek-coder-v2-lite_sol1_gd0_rs0_bd1_str-lenient_t00_n1,911,3,1,deepseek-ai/DeepSeek-Coder-V2-Lite-Instruct,1,0,1,0,lenient,0.0,16.0,0.0
2026-08-11 23:03:24,IA15_m-deepseek-coder-v2-lite_sol1_gd0_rs0_bd1_str-lenient_t00_n1,912,1,1,deepseek-ai/DeepSeek-Coder-V2-Lite-Instruct,1,0,1,0,lenient,0.0,18.0,0.0
2026-08-11 23:03:31,IA15_m-deepseek-coder-v2-lite_sol1_gd0_rs0_bd1_str-lenient_t00_n1,912,2,1,deepseek-ai/DeepSeek-Coder-V2-Lite-Instruct,1,0,1,0,lenient,0.0,12.0,0.0
2026-08-11 23:03:38,IA15_m-deepseek-coder-v2-lite_sol1_gd0_rs0_bd1_str-lenient_t00_n1,912,3,1,deepseek-ai/DeepSeek-Coder-V2-Lite-Instruct,1,0,1,0,lenient,0.0,14.0,0.0
2026-08-11 23:03:46,IA15_m-deepseek-coder-v2-lite_sol1_gd0_rs0_bd1_str-lenient_t00_n1,913,1,1,deepseek-ai/DeepSeek-Coder-V2-Lite-Instruct,1,0,1,0,lenient,0.0,18.0,0.0
2026-08-11 23:03:52,IA15_m-deepseek-coder-v2-lite_sol1_gd0_rs0_bd1_str-lenient_t00_n1,913,2,1,deepseek-ai/DeepSeek-Coder-V2-Lite-Instruct,1,0,1,0,lenient,0.0,12.0,0.0
2026-08-11 23:03:59,IA15_m-deepseek-coder-v2-lite_sol1_gd0_rs0_bd1_str-lenient_t00_n1,913,3,1,deepseek-ai/DeepSeek-Coder-V2-Lite-Instruct,1,0,1,0,lenient,0.0,16.0,0.0
2026-08-11 23:04:07,IA15_m-deepseek-coder-v2-lite_sol1_gd0_rs0_bd1_str-lenient_t00_n1,914,1,1,deepseek-ai/DeepSeek-Coder-V2-Lite-Instruct,1,0,1,0,lenient,0.0,18.0,0.0
2026-08-11 23:04:14,IA15_m-deepseek-coder-v2-lite_sol1_gd0_rs0_bd1_str-lenient_t00_n1,914,2,1,deepseek-ai/DeepSeek-Coder-V2-Lite-Instruct,1,0,1,0,lenient,0.0,12.0,0.0
2026-08-11 23:04:21,IA15_m-deepseek-coder-v2-lite_sol1_gd0_rs0_bd1_str-lenient_t00_n1,914,3,1,deepseek-ai/DeepSeek-Coder-V2-Lite-Instruct,1,0,1,0,lenient,0.0,16.0,0.0
2026-08-11 23:04:28,IA15_m-deepseek-coder-v2-lite_sol1_gd0_rs0_bd1_str-lenient_t00_n1,915,1,1,deepseek-ai/DeepSeek-Coder-V2-Lite-Instruct,1,0,1,0,lenient,0.0,18.0,0.0
2026-08-11 23:04:35,IA15_m-deepseek-coder-v2-lite_sol1_gd0_rs0_bd1_str-lenient_t00_n1,915,2,1,deepseek-ai/DeepSeek-Coder-V2-Lite-Instruct,1,0,1,0,lenient,0.0,12.0,0.0
2026-08-11 23:04:42,IA15_m-deepseek-coder-v2-lite_sol1_gd0_rs0_bd1_str-lenient_t00_n1,915,3,1,deepseek-ai/DeepSeek-Coder-V2-Lite-Instruct,1,0,1,0,lenient,0.0,15.0,0.0
2026-08-11 23:04:50,IA15_m-deepseek-coder-v2-lite_sol1_gd0_rs0_bd1_str-lenient_t00_n1,916,1,1,deepseek-ai/DeepSeek-Coder-V2-Lite-Instruct,1,0,1,0,lenient,0.0,18.0,0.0
2026-08-11 23:04:57,IA15_m-deepseek-coder-v2-lite_sol1_gd0_rs0_bd1_str-lenient_t00_n1,916,2,1,deepseek-ai/DeepSeek-Coder-V2-Lite-Instruct,1,0,1,0,lenient,0.0,12.0,0.0
2026-08-11 23:05:04,IA15_m-deepseek-coder-v2-lite_sol1_gd0_rs0_bd1_str-lenient_t00_n1,916,3,1,deepseek-ai/DeepSeek-Coder-V2-Lite-Instruct,1,0,1,0,lenient,0.0,15.0,0.0
2026-08-11 23:05:11,IA15_m-deepseek-coder-v2-lite_sol1_gd0_rs0_bd1_str-lenient_t00_n1,917,1,1,deepseek-ai/DeepSeek-Coder-V2-Lite-Instruct,1,0,1,0,lenient,0.0,18.0,0.0
2026-08-11 23:05:18,IA15_m-deepseek-coder-v2-lite_sol1_gd0_rs0_bd1_str-lenient_t00_n1,917,2,1,deepseek-ai/DeepSeek-Coder-V2-Lite-Instruct,1,0,1,0,lenient,0.0,12.0,0.0
2026-08-11 23:05:25,IA15_m-deepseek-coder-v2-lite_sol1_gd0_rs0_bd1_str-lenient_t00_n1,917,3,1,deepseek-ai/DeepSeek-Coder-V2-Lite-Instruct,1,0,1,0,lenient,0.0,17.0,0.0
2026-08-11 23:05:33,IA15_m-deepseek-coder-v2-lite_sol1_gd0_rs0_bd1_str-lenient_t00_n1,918,1,1,deepseek-ai/DeepSeek-Coder-V2-Lite-Instruct,1,0,1,0,lenient,0.0,18.0,0.0
2026-08-11 23:05:41,IA15_m-deepseek-coder-v2-lite_sol1_gd0_rs0_bd1_str-lenient_t00_n1,918,2,1,deepseek-ai/DeepSeek-Coder-V2-Lite-Instruct,1,0,1,0,lenient,0.0,13.0,0.0
2026-08-11 23:05:48,IA15_m-deepseek-coder-v2-lite_sol1_gd0_rs0_bd1_str-lenient_t00_n1,918,3,1,deepseek-ai/DeepSeek-Coder-V2-Lite-Instruct,1,0,1,0,lenient,0.0,17.0,0.0
2026-08-11 23:05:56,IA15_m-deepseek-coder-v2-lite_sol1_gd0_rs0_bd1_str-lenient_t00_n1,919,1,1,deepseek-ai/DeepSeek-Coder-V2-Lite-Instruct,1,0,1,0,lenient,0.0,18.0,0.0
2026-08-11 23:06:03,IA15_m-deepseek-coder-v2-lite_sol1_gd0_rs0_bd1_str-lenient_t00_n1,919,2,1,deepseek-ai/DeepSeek-Coder-V2-Lite-Instruct,1,0,1,0,lenient,0.0,13.0,0.0
2026-08-11 23:06:10,IA15_m-deepseek-coder-v2-lite_sol1_gd0_rs0_bd1_str-lenient_t00_n1,919,3,1,deepseek-ai/DeepSeek-Coder-V2-Lite-Instruct,1,0,1,0,lenient,0.0,15.0,0.0
2026-08-11 23:06:18,IA15_m-deepseek-coder-v2-lite_sol1_gd0_rs0_bd1_str-lenient_t00_n1,920,1,1,deepseek-ai/DeepSeek-Coder-V2-Lite-Instruct,1,0,1,0,lenient,0.0,20.0,0.0
2026-08-11 23:06:24,IA15_m-deepseek-coder-v2-lite_sol1_gd0_rs0_bd1_str-lenient_t00_n1,920,2,1,deepseek-ai/DeepSeek-Coder-V2-Lite-Instruct,1,0,1,0,lenient,0.0,12.0,0.0
2026-08-11 23:06:31,IA15_m-deepseek-coder-v2-lite_sol1_gd0_rs0_bd1_str-lenient_t00_n1,920,3,1,deepseek-ai/DeepSeek-Coder-V2-Lite-Instruct,1,0,1,0,lenient,0.0,15.0,0.0
2026-08-11 23:06:39,IA15_m-deepseek-coder-v2-lite_sol1_gd0_rs0_bd1_str-lenient_t00_n1,921,1,1,deepseek-ai/DeepSeek-Coder-V2-Lite-Instruct,1,0,1,0,lenient,0.0,18.0,0.0
2026-08-11 23:06:46,IA15_m-deepseek-coder-v2-lite_sol1_gd0_rs0_bd1_str-lenient_t00_n1,921,2,1,deepseek-ai/DeepSeek-Coder-V2-Lite-Instruct,1,0,1,0,lenient,0.0,13.0,0.0
2026-08-11 23:06:53,IA15_m-deepseek-coder-v2-lite_sol1_gd0_rs0_bd1_str-lenient_t00_n1,921,3,1,deepseek-ai/DeepSeek-Coder-V2-Lite-Instruct,1,0,1,0,lenient,0.0,17.0,0.0
2026-08-11 23:07:01,IA15_m-deepseek-coder-v2-lite_sol1_gd0_rs0_bd1_str-lenient_t00_n1,922,1,1,deepseek-ai/DeepSeek-Coder-V2-Lite-Instruct,1,0,1,0,lenient,0.0,18.0,0.0
2026-08-11 23:07:08,IA15_m-deepseek-coder-v2-lite_sol1_gd0_rs0_bd1_str-lenient_t00_n1,922,2,1,deepseek-ai/DeepSeek-Coder-V2-Lite-Instruct,1,0,1,0,lenient,0.0,13.0,0.0
2026-08-11 23:07:15,IA15_m-deepseek-coder-v2-lite_sol1_gd0_rs0_bd1_str-lenient_t00_n1,922,3,1,deepseek-ai/DeepSeek-Coder-V2-Lite-Instruct,1,0,1,0,lenient,0.0,17.0,0.0
2026-08-11 23:07:23,IA15_m-deepseek-coder-v2-lite_sol1_gd0_rs0_bd1_str-lenient_t00_n1,923,1,1,deepseek-ai/DeepSeek-Coder-V2-Lite-Instruct,1,0,1,0,lenient,0.0,18.0,0.0
2026-08-11 23:07:30,IA15_m-deepseek-coder-v2-lite_sol1_gd0_rs0_bd1_str-lenient_t00_n1,923,2,1,deepseek-ai/DeepSeek-Coder-V2-Lite-Instruct,1,0,1,0,lenient,0.0,12.0,0.0
2026-08-11 23:07:37,IA15_m-deepseek-coder-v2-lite_sol1_gd0_rs0_bd1_str-lenient_t00_n1,923,3,1,deepseek-ai/DeepSeek-Coder-V2-Lite-Instruct,1,0,1,0,lenient,0.0,14.0,0.0
2026-08-11 23:07:45,IA15_m-deepseek-coder-v2-lite_sol1_gd0_rs0_bd1_str-lenient_t00_n1,924,1,1,deepseek-ai/DeepSeek-Coder-V2-Lite-Instruct,1,0,1,0,lenient,0.0,15.0,0.0
2026-08-11 23:07:50,IA15_m-deepseek-coder-v2-lite_sol1_gd0_rs0_bd1_str-lenient_t00_n1,924,2,1,deepseek-ai/DeepSeek-Coder-V2-Lite-Instruct,1,0,1,0,lenient,0.0,12.0,0.0
2026-08-11 23:07:58,IA15_m-deepseek-coder-v2-lite_sol1_gd0_rs0_bd1_str-lenient_t00_n1,924,3,1,deepseek-ai/DeepSeek-Coder-V2-Lite-Instruct,1,0,1,0,lenient,0.0,14.0,0.0
2026-08-11 23:08:06,IA15_m-deepseek-coder-v2-lite_sol1_gd0_rs0_bd1_str-lenient_t00_n1,925,1,1,deepseek-ai/DeepSeek-Coder-V2-Lite-Instruct,1,0,1,0,lenient,0.0,18.0,0.0
2026-08-11 23:08:13,IA15_m-deepseek-coder-v2-lite_sol1_gd0_rs0_bd1_str-lenient_t00_n1,925,2,1,deepseek-ai/DeepSeek-Coder-V2-Lite-Instruct,1,0,1,0,lenient,0.0,12.0,0.0
2026-08-11 23:08:21,IA15_m-deepseek-coder-v2-lite_sol1_gd0_rs0_bd1_str-lenient_t00_n1,925,3,1,deepseek-ai/DeepSeek-Coder-V2-Lite-Instruct,1,0,1,0,lenient,0.0,17.0,0.0
2026-08-11 23:08:29,IA15_m-deepseek-coder-v2-lite_sol1_gd0_rs0_bd1_str-lenient_t00_n1,926,1,1,deepseek-ai/DeepSeek-Coder-V2-Lite-Instruct,1,0,1,0,lenient,0.0,15.0,0.0
2026-08-11 23:08:36,IA15_m-deepseek-coder-v2-lite_sol1_gd0_rs0_bd1_str-lenient_t00_n1,926,2,1,deepseek-ai/DeepSeek-Coder-V2-Lite-Instruct,1,0,1,0,lenient,0.0,13.0,0.0
2026-08-11 23:08:43,IA15_m-deepseek-coder-v2-lite_sol1_gd0_rs0_bd1_str-lenient_t00_n1,926,3,1,deepseek-ai/DeepSeek-Coder-V2-Lite-Instruct,1,0,1,0,lenient,0.0,16.0,0.0
2026-08-11 23:08:51,IA15_m-deepseek-coder-v2-lite_sol1_gd0_rs0_bd1_str-lenient_t00_n1,927,1,1,deepseek-ai/DeepSeek-Coder-V2-Lite-Instruct,1,0,1,0,lenient,0.0,18.0,0.0
2026-08-11 23:08:56,IA15_m-deepseek-coder-v2-lite_sol1_gd0_rs0_bd1_str-lenient_t00_n1,927,2,1,deepseek-ai/DeepSeek-Coder-V2-Lite-Instruct,1,0,1,0,lenient,0.0,12.0,0.0
2026-08-11 23:09:04,IA15_m-deepseek-coder-v2-lite_sol1_gd0_rs0_bd1_str-lenient_t00_n1,927,3,1,deepseek-ai/DeepSeek-Coder-V2-Lite-Instruct,1,0,1,0,lenient,0.0,14.0,0.0
2026-08-11 23:09:12,IA15_m-deepseek-coder-v2-lite_sol1_gd0_rs0_bd1_str-lenient_t00_n1,928,1,1,deepseek-ai/DeepSeek-Coder-V2-Lite-Instruct,1,0,1,0,lenient,0.0,18.0,0.0
2026-08-11 23:09:19,IA15_m-deepseek-coder-v2-lite_sol1_gd0_rs0_bd1_str-lenient_t00_n1,928,2,1,deepseek-ai/DeepSeek-Coder-V2-Lite-Instruct,1,0,1,0,lenient,0.0,13.0,0.0
2026-08-11 23:09:26,IA15_m-deepseek-coder-v2-lite_sol1_gd0_rs0_bd1_str-lenient_t00_n1,928,3,1,deepseek-ai/DeepSeek-Coder-V2-Lite-Instruct,1,0,1,0,lenient,0.0,17.0,0.0
2026-08-11 23:09:34,IA15_m-deepseek-coder-v2-lite_sol1_gd0_rs0_bd1_str-lenient_t00_n1,929,1,1,deepseek-ai/DeepSeek-Coder-V2-Lite-Instruct,1,0,1,0,lenient,0.0,18.0,0.0
2026-08-11 23:09:39,IA15_m-deepseek-coder-v2-lite_sol1_gd0_rs0_bd1_str-lenient_t00_n1,929,2,1,deepseek-ai/DeepSeek-Coder-V2-Lite-Instruct,1,0,1,0,lenient,0.0,12.0,0.0
2026-08-11 23:09:46,IA15_m-deepseek-coder-v2-lite_sol1_gd0_rs0_bd1_str-lenient_t00_n1,929,3,1,deepseek-ai/DeepSeek-Coder-V2-Lite-Instruct,1,0,1,0,lenient,0.0,17.0,0.0
2026-08-11 23:09:54,IA15_m-deepseek-coder-v2-lite_sol1_gd0_rs0_bd1_str-lenient_t00_n1,930,1,1,deepseek-ai/DeepSeek-Coder-V2-Lite-Instruct,1,0,1,0,lenient,0.0,18.0,0.0
2026-08-11 23:10:01,IA15_m-deepseek-coder-v2-lite_sol1_gd0_rs0_bd1_str-lenient_t00_n1,930,2,1,deepseek-ai/DeepSeek-Coder-V2-Lite-Instruct,1,0,1,0,lenient,0.0,12.0,0.0
2026-08-11 23:10:09,IA15_m-deepseek-coder-v2-lite_sol1_gd0_rs0_bd1_str-lenient_t00_n1,930,3,1,deepseek-ai/DeepSeek-Coder-V2-Lite-Instruct,1,0,1,0,lenient,0.0,17.0,0.0
2026-08-11 23:10:16,IA15_m-deepseek-coder-v2-lite_sol1_gd0_rs0_bd1_str-lenient_t00_n1,931,1,1,deepseek-ai/DeepSeek-Coder-V2-Lite-Instruct,1,0,1,0,lenient,0.0,18.0,0.0
2026-08-11 23:10:23,IA15_m-deepseek-coder-v2-lite_sol1_gd0_rs0_bd1_str-lenient_t00_n1,931,2,1,deepseek-ai/DeepSeek-Coder-V2-Lite-Instruct,1,0,1,0,lenient,0.0,13.0,0.0
2026-08-11 23:10:30,IA15_m-deepseek-coder-v2-lite_sol1_gd0_rs0_bd1_str-lenient_t00_n1,931,3,1,deepseek-ai/DeepSeek-Coder-V2-Lite-Instruct,1,0,1,0,lenient,0.0,16.0,0.0
2026-08-11 23:10:38,IA15_m-deepseek-coder-v2-lite_sol1_gd0_rs0_bd1_str-lenient_t00_n1,932,1,1,deepseek-ai/DeepSeek-Coder-V2-Lite-Instruct,1,0,1,0,lenient,0.0,18.0,0.0
2026-08-11 23:10:43,IA15_m-deepseek-coder-v2-lite_sol1_gd0_rs0_bd1_str-lenient_t00_n1,932,2,1,deepseek-ai/DeepSeek-Coder-V2-Lite-Instruct,1,0,1,0,lenient,0.0,12.0,0.0
2026-08-11 23:10:51,IA15_m-deepseek-coder-v2-lite_sol1_gd0_rs0_bd1_str-lenient_t00_n1,932,3,1,deepseek-ai/DeepSeek-Coder-V2-Lite-Instruct,1,0,1,0,lenient,0.0,16.0,0.0
2026-08-11 23:10:58,IA15_m-deepseek-coder-v2-lite_sol1_gd0_rs0_bd1_str-lenient_t00_n1,933,1,1,deepseek-ai/DeepSeek-Coder-V2-Lite-Instruct,1,0,1,0,lenient,0.0,15.0,0.0
2026-08-11 23:11:04,IA15_m-deepseek-coder-v2-lite_sol1_gd0_rs0_bd1_str-lenient_t00_n1,933,2,1,deepseek-ai/DeepSeek-Coder-V2-Lite-Instruct,1,0,1,0,lenient,0.0,12.0,0.0
2026-08-11 23:11:11,IA15_m-deepseek-coder-v2-lite_sol1_gd0_rs0_bd1_str-lenient_t00_n1,933,3,1,deepseek-ai/DeepSeek-Coder-V2-Lite-Instruct,1,0,1,0,lenient,0.0,17.0,0.0
2026-08-11 23:11:19,IA15_m-deepseek-coder-v2-lite_sol1_gd0_rs0_bd1_str-lenient_t00_n1,934,1,1,deepseek-ai/DeepSeek-Coder-V2-Lite-Instruct,1,0,1,0,lenient,0.0,15.0,0.0
2026-08-11 23:11:26,IA15_m-deepseek-coder-v2-lite_sol1_gd0_rs0_bd1_str-lenient_t00_n1,934,2,1,deepseek-ai/DeepSeek-Coder-V2-Lite-Instruct,1,0,1,0,lenient,0.0,12.0,0.0
2026-08-11 23:11:34,IA15_m-deepseek-coder-v2-lite_sol1_gd0_rs0_bd1_str-lenient_t00_n1,934,3,1,deepseek-ai/DeepSeek-Coder-V2-Lite-Instruct,1,0,1,0,lenient,0.0,14.0,0.0
2026-08-11 23:11:41,IA15_m-deepseek-coder-v2-lite_sol1_gd0_rs0_bd1_str-lenient_t00_n1,935,1,1,deepseek-ai/DeepSeek-Coder-V2-Lite-Instruct,1,0,1,0,lenient,0.0,18.0,0.0
2026-08-11 23:11:48,IA15_m-deepseek-coder-v2-lite_sol1_gd0_rs0_bd1_str-lenient_t00_n1,935,2,1,deepseek-ai/DeepSeek-Coder-V2-Lite-Instruct,1,0,1,0,lenient,0.0,12.0,0.0
2026-08-11 23:11:56,IA15_m-deepseek-coder-v2-lite_sol1_gd0_rs0_bd1_str-lenient_t00_n1,935,3,1,deepseek-ai/DeepSeek-Coder-V2-Lite-Instruct,1,0,1,0,lenient,0.0,16.0,0.0
2026-08-11 23:12:04,IA15_m-deepseek-coder-v2-lite_sol1_gd0_rs0_bd1_str-lenient_t00_n1,936,1,1,deepseek-ai/DeepSeek-Coder-V2-Lite-Instruct,1,0,1,0,lenient,0.0,18.0,0.0
2026-08-11 23:12:11,IA15_m-deepseek-coder-v2-lite_sol1_gd0_rs0_bd1_str-lenient_t00_n1,936,2,1,deepseek-ai/DeepSeek-Coder-V2-Lite-Instruct,1,0,1,0,lenient,0.0,12.0,0.0
2026-08-11 23:12:18,IA15_m-deepseek-coder-v2-lite_sol1_gd0_rs0_bd1_str-lenient_t00_n1,936,3,1,deepseek-ai/DeepSeek-Coder-V2-Lite-Instruct,1,0,1,0,lenient,0.0,14.0,0.0
2026-08-11 23:12:25,IA15_m-deepseek-coder-v2-lite_sol1_gd0_rs0_bd1_str-lenient_t00_n1,937,1,1,deepseek-ai/DeepSeek-Coder-V2-Lite-Instruct,1,0,1,0,lenient,0.0,18.0,0.0
2026-08-11 23:12:31,IA15_m-deepseek-coder-v2-lite_sol1_gd0_rs0_bd1_str-lenient_t00_n1,937,2,1,deepseek-ai/DeepSeek-Coder-V2-Lite-Instruct,1,0,1,0,lenient,0.0,12.0,0.0
2026-08-11 23:12:38,IA15_m-deepseek-coder-v2-lite_sol1_gd0_rs0_bd1_str-lenient_t00_n1,937,3,1,deepseek-ai/DeepSeek-Coder-V2-Lite-Instruct,1,0,1,0,lenient,0.0,14.0,0.0
2026-08-11 23:12:46,IA15_m-deepseek-coder-v2-lite_sol1_gd0_rs0_bd1_str-lenient_t00_n1,938,1,1,deepseek-ai/DeepSeek-Coder-V2-Lite-Instruct,1,0,1,0,lenient,0.0,18.0,0.0
2026-08-11 23:12:53,IA15_m-deepseek-coder-v2-lite_sol1_gd0_rs0_bd1_str-lenient_t00_n1,938,2,1,deepseek-ai/DeepSeek-Coder-V2-Lite-Instruct,1,0,1,0,lenient,0.0,12.0,0.0
2026-08-11 23:13:00,IA15_m-deepseek-coder-v2-lite_sol1_gd0_rs0_bd1_str-lenient_t00_n1,938,3,1,deepseek-ai/DeepSeek-Coder-V2-Lite-Instruct,1,0,1,0,lenient,0.0,17.0,0.0
2026-08-11 23:13:09,IA15_m-deepseek-coder-v2-lite_sol1_gd0_rs0_bd1_str-lenient_t00_n1,939,1,1,deepseek-ai/DeepSeek-Coder-V2-Lite-Instruct,1,0,1,0,lenient,0.0,18.0,0.0
2026-08-11 23:13:15,IA15_m-deepseek-coder-v2-lite_sol1_gd0_rs0_bd1_str-lenient_t00_n1,939,2,1,deepseek-ai/DeepSeek-Coder-V2-Lite-Instruct,1,0,1,0,lenient,0.0,12.0,0.0
2026-08-11 23:13:22,IA15_m-deepseek-coder-v2-lite_sol1_gd0_rs0_bd1_str-lenient_t00_n1,939,3,1,deepseek-ai/DeepSeek-Coder-V2-Lite-Instruct,1,0,1,0,lenient,0.0,15.0,0.0
2026-08-11 23:13:30,IA15_m-deepseek-coder-v2-lite_sol1_gd0_rs0_bd1_str-lenient_t00_n1,940,1,1,deepseek-ai/DeepSeek-Coder-V2-Lite-Instruct,1,0,1,0,lenient,0.0,18.0,0.0
2026-08-11 23:13:37,IA15_m-deepseek-coder-v2-lite_sol1_gd0_rs0_bd1_str-lenient_t00_n1,940,2,1,deepseek-ai/DeepSeek-Coder-V2-Lite-Instruct,1,0,1,0,lenient,0.0,12.0,0.0
2026-08-11 23:13:45,IA15_m-deepseek-coder-v2-lite_sol1_gd0_rs0_bd1_str-lenient_t00_n1,941,1,1,deepseek-ai/DeepSeek-Coder-V2-Lite-Instruct,1,0,1,0,lenient,0.0,18.0,0.0
2026-08-11 23:13:52,IA15_m-deepseek-coder-v2-lite_sol1_gd0_rs0_bd1_str-lenient_t00_n1,941,2,1,deepseek-ai/DeepSeek-Coder-V2-Lite-Instruct,1,0,1,0,lenient,0.0,13.0,0.0
2026-08-11 23:13:59,IA15_m-deepseek-coder-v2-lite_sol1_gd0_rs0_bd1_str-lenient_t00_n1,941,3,1,deepseek-ai/DeepSeek-Coder-V2-Lite-Instruct,1,0,1,0,lenient,0.0,17.0,0.0
2026-08-11 23:14:07,IA15_m-deepseek-coder-v2-lite_sol1_gd0_rs0_bd1_str-lenient_t00_n1,942,1,1,deepseek-ai/DeepSeek-Coder-V2-Lite-Instruct,1,0,1,0,lenient,0.0,15.0,0.0
2026-08-11 23:14:14,IA15_m-deepseek-coder-v2-lite_sol1_gd0_rs0_bd1_str-lenient_t00_n1,942,2,1,deepseek-ai/DeepSeek-Coder-V2-Lite-Instruct,1,0,1,0,lenient,0.0,13.0,0.0
2026-08-11 23:14:21,IA15_m-deepseek-coder-v2-lite_sol1_gd0_rs0_bd1_str-lenient_t00_n1,942,3,1,deepseek-ai/DeepSeek-Coder-V2-Lite-Instruct,1,0,1,0,lenient,0.0,14.0,0.0
2026-08-11 23:14:29,IA15_m-deepseek-coder-v2-lite_sol1_gd0_rs0_bd1_str-lenient_t00_n1,943,1,1,deepseek-ai/DeepSeek-Coder-V2-Lite-Instruct,1,0,1,0,lenient,0.0,18.0,0.0
2026-08-11 23:14:36,IA15_m-deepseek-coder-v2-lite_sol1_gd0_rs0_bd1_str-lenient_t00_n1,943,2,1,deepseek-ai/DeepSeek-Coder-V2-Lite-Instruct,1,0,1,0,lenient,0.0,12.0,0.0
2026-08-11 23:14:43,IA15_m-deepseek-coder-v2-lite_sol1_gd0_rs0_bd1_str-lenient_t00_n1,943,3,1,deepseek-ai/DeepSeek-Coder-V2-Lite-Instruct,1,0,1,0,lenient,0.0,14.0,0.0
2026-08-11 23:14:51,IA15_m-deepseek-coder-v2-lite_sol1_gd0_rs0_bd1_str-lenient_t00_n1,944,1,1,deepseek-ai/DeepSeek-Coder-V2-Lite-Instruct,1,0,1,0,lenient,0.0,18.0,0.0
2026-08-11 23:14:56,IA15_m-deepseek-coder-v2-lite_sol1_gd0_rs0_bd1_str-lenient_t00_n1,944,2,1,deepseek-ai/DeepSeek-Coder-V2-Lite-Instruct,1,0,1,0,lenient,0.0,12.0,0.0
2026-08-11 23:15:03,IA15_m-deepseek-coder-v2-lite_sol1_gd0_rs0_bd1_str-lenient_t00_n1,944,3,1,deepseek-ai/DeepSeek-Coder-V2-Lite-Instruct,1,0,1,0,lenient,0.0,17.0,0.0
2026-08-11 23:15:11,IA15_m-deepseek-coder-v2-lite_sol1_gd0_rs0_bd1_str-lenient_t00_n1,945,1,1,deepseek-ai/DeepSeek-Coder-V2-Lite-Instruct,1,0,1,0,lenient,0.0,15.0,0.0
2026-08-11 23:15:18,IA15_m-deepseek-coder-v2-lite_sol1_gd0_rs0_bd1_str-lenient_t00_n1,945,2,1,deepseek-ai/DeepSeek-Coder-V2-Lite-Instruct,1,0,1,0,lenient,0.0,12.0,0.0
2026-08-11 23:15:26,IA15_m-deepseek-coder-v2-lite_sol1_gd0_rs0_bd1_str-lenient_t00_n1,945,3,1,deepseek-ai/DeepSeek-Coder-V2-Lite-Instruct,1,0,1,0,lenient,0.0,17.0,0.0
2026-08-11 23:15:34,IA15_m-deepseek-coder-v2-lite_sol1_gd0_rs0_bd1_str-lenient_t00_n1,946,1,1,deepseek-ai/DeepSeek-Coder-V2-Lite-Instruct,1,0,1,0,lenient,0.0,18.0,0.0
2026-08-11 23:15:41,IA15_m-deepseek-coder-v2-lite_sol1_gd0_rs0_bd1_str-lenient_t00_n1,946,2,1,deepseek-ai/DeepSeek-Coder-V2-Lite-Instruct,1,0,1,0,lenient,0.0,12.0,0.0
2026-08-11 23:15:49,IA15_m-deepseek-coder-v2-lite_sol1_gd0_rs0_bd1_str-lenient_t00_n1,947,1,1,deepseek-ai/DeepSeek-Coder-V2-Lite-Instruct,1,0,1,0,lenient,0.0,18.0,0.0
2026-08-11 23:15:56,IA15_m-deepseek-coder-v2-lite_sol1_gd0_rs0_bd1_str-lenient_t00_n1,947,2,1,deepseek-ai/DeepSeek-Coder-V2-Lite-Instruct,1,0,1,0,lenient,0.0,12.0,0.0
2026-08-11 23:16:03,IA15_m-deepseek-coder-v2-lite_sol1_gd0_rs0_bd1_str-lenient_t00_n1,947,3,1,deepseek-ai/DeepSeek-Coder-V2-Lite-Instruct,1,0,1,0,lenient,0.0,14.0,0.0
2026-08-11 23:16:11,IA15_m-deepseek-coder-v2-lite_sol1_gd0_rs0_bd1_str-lenient_t00_n1,948,1,1,deepseek-ai/DeepSeek-Coder-V2-Lite-Instruct,1,0,1,0,lenient,0.0,20.0,0.0
2026-08-11 23:16:18,IA15_m-deepseek-coder-v2-lite_sol1_gd0_rs0_bd1_str-lenient_t00_n1,948,2,1,deepseek-ai/DeepSeek-Coder-V2-Lite-Instruct,1,0,1,0,lenient,0.0,13.0,0.0
2026-08-11 23:16:26,IA15_m-deepseek-coder-v2-lite_sol1_gd0_rs0_bd1_str-lenient_t00_n1,948,3,1,deepseek-ai/DeepSeek-Coder-V2-Lite-Instruct,1,0,1,0,lenient,0.0,18.0,0.0
2026-08-11 23:16:34,IA15_m-deepseek-coder-v2-lite_sol1_gd0_rs0_bd1_str-lenient_t00_n1,949,1,1,deepseek-ai/DeepSeek-Coder-V2-Lite-Instruct,1,0,1,0,lenient,0.0,18.0,0.0
2026-08-11 23:16:40,IA15_m-deepseek-coder-v2-lite_sol1_gd0_rs0_bd1_str-lenient_t00_n1,949,2,1,deepseek-ai/DeepSeek-Coder-V2-Lite-Instruct,1,0,1,0,lenient,0.0,12.0,0.0
2026-08-11 23:16:47,IA15_m-deepseek-coder-v2-lite_sol1_gd0_rs0_bd1_str-lenient_t00_n1,949,3,1,deepseek-ai/DeepSeek-Coder-V2-Lite-Instruct,1,0,1,0,lenient,0.0,14.0,0.0
2026-08-11 23:16:55,IA15_m-deepseek-coder-v2-lite_sol1_gd0_rs0_bd1_str-lenient_t00_n1,950,1,1,deepseek-ai/DeepSeek-Coder-V2-Lite-Instruct,1,0,1,0,lenient,0.0,18.0,0.0
2026-08-11 23:17:01,IA15_m-deepseek-coder-v2-lite_sol1_gd0_rs0_bd1_str-lenient_t00_n1,950,2,1,deepseek-ai/DeepSeek-Coder-V2-Lite-Instruct,1,0,1,0,lenient,0.0,12.0,0.0
2026-08-11 23:17:08,IA15_m-deepseek-coder-v2-lite_sol1_gd0_rs0_bd1_str-lenient_t00_n1,950,3,1,deepseek-ai/DeepSeek-Coder-V2-Lite-Instruct,1,0,1,0,lenient,0.0,14.0,0.0
2026-08-11 23:17:15,IA15_m-deepseek-coder-v2-lite_sol1_gd0_rs0_bd1_str-lenient_t00_n1,951,1,1,deepseek-ai/DeepSeek-Coder-V2-Lite-Instruct,1,0,1,0,lenient,0.0,18.0,0.0
2026-08-11 23:17:22,IA15_m-deepseek-coder-v2-lite_sol1_gd0_rs0_bd1_str-lenient_t00_n1,951,2,1,deepseek-ai/DeepSeek-Coder-V2-Lite-Instruct,1,0,1,0,lenient,0.0,12.0,0.0
2026-08-11 23:17:29,IA15_m-deepseek-coder-v2-lite_sol1_gd0_rs0_bd1_str-lenient_t00_n1,951,3,1,deepseek-ai/DeepSeek-Coder-V2-Lite-Instruct,1,0,1,0,lenient,0.0,14.0,0.0
2026-08-11 23:17:37,IA15_m-deepseek-coder-v2-lite_sol1_gd0_rs0_bd1_str-lenient_t00_n1,952,1,1,deepseek-ai/DeepSeek-Coder-V2-Lite-Instruct,1,0,1,0,lenient,0.0,15.0,0.0
2026-08-11 23:17:44,IA15_m-deepseek-coder-v2-lite_sol1_gd0_rs0_bd1_str-lenient_t00_n1,952,2,1,deepseek-ai/DeepSeek-Coder-V2-Lite-Instruct,1,0,1,0,lenient,0.0,12.0,0.0
2026-08-11 23:17:51,IA15_m-deepseek-coder-v2-lite_sol1_gd0_rs0_bd1_str-lenient_t00_n1,952,3,1,deepseek-ai/DeepSeek-Coder-V2-Lite-Instruct,1,0,1,0,lenient,0.0,0.0,0.0
2026-08-11 23:17:59,IA15_m-deepseek-coder-v2-lite_sol1_gd0_rs0_bd1_str-lenient_t00_n1,953,1,1,deepseek-ai/DeepSeek-Coder-V2-Lite-Instruct,1,0,1,0,lenient,0.0,18.0,0.0
2026-08-11 23:18:05,IA15_m-deepseek-coder-v2-lite_sol1_gd0_rs0_bd1_str-lenient_t00_n1,953,2,1,deepseek-ai/DeepSeek-Coder-V2-Lite-Instruct,1,0,1,0,lenient,0.0,13.0,0.0
2026-08-11 23:18:11,IA15_m-deepseek-coder-v2-lite_sol1_gd0_rs0_bd1_str-lenient_t00_n1,953,3,1,deepseek-ai/DeepSeek-Coder-V2-Lite-Instruct,1,0,1,0,lenient,0.0,16.0,0.0
2026-08-11 23:18:20,IA15_m-deepseek-coder-v2-lite_sol1_gd0_rs0_bd1_str-lenient_t00_n1,954,1,1,deepseek-ai/DeepSeek-Coder-V2-Lite-Instruct,1,0,1,0,lenient,0.0,18.0,0.0
2026-08-11 23:18:26,IA15_m-deepseek-coder-v2-lite_sol1_gd0_rs0_bd1_str-lenient_t00_n1,954,2,1,deepseek-ai/DeepSeek-Coder-V2-Lite-Instruct,1,0,1,0,lenient,0.0,12.0,0.0
2026-08-11 23:18:34,IA15_m-deepseek-coder-v2-lite_sol1_gd0_rs0_bd1_str-lenient_t00_n1,954,3,1,deepseek-ai/DeepSeek-Coder-V2-Lite-Instruct,1,0,1,0,lenient,0.0,14.0,0.0
2026-08-11 23:18:42,IA15_m-deepseek-coder-v2-lite_sol1_gd0_rs0_bd1_str-lenient_t00_n1,955,1,1,deepseek-ai/DeepSeek-Coder-V2-Lite-Instruct,1,0,1,0,lenient,0.0,18.0,0.0
2026-08-11 23:18:49,IA15_m-deepseek-coder-v2-lite_sol1_gd0_rs0_bd1_str-lenient_t00_n1,955,2,1,deepseek-ai/DeepSeek-Coder-V2-Lite-Instruct,1,0,1,0,lenient,0.0,13.0,0.0
2026-08-11 23:18:57,IA15_m-deepseek-coder-v2-lite_sol1_gd0_rs0_bd1_str-lenient_t00_n1,955,3,1,deepseek-ai/DeepSeek-Coder-V2-Lite-Instruct,1,0,1,0,lenient,0.0,17.0,0.0
2026-08-11 23:19:04,IA15_m-deepseek-coder-v2-lite_sol1_gd0_rs0_bd1_str-lenient_t00_n1,956,1,1,deepseek-ai/DeepSeek-Coder-V2-Lite-Instruct,1,0,1,0,lenient,0.0,18.0,0.0
2026-08-11 23:19:11,IA15_m-deepseek-coder-v2-lite_sol1_gd0_rs0_bd1_str-lenient_t00_n1,956,2,1,deepseek-ai/DeepSeek-Coder-V2-Lite-Instruct,1,0,1,0,lenient,0.0,12.0,0.0
2026-08-11 23:19:18,IA15_m-deepseek-coder-v2-lite_sol1_gd0_rs0_bd1_str-lenient_t00_n1,956,3,1,deepseek-ai/DeepSeek-Coder-V2-Lite-Instruct,1,0,1,0,lenient,0.0,15.0,0.0
2026-08-11 23:19:26,IA15_m-deepseek-coder-v2-lite_sol1_gd0_rs0_bd1_str-lenient_t00_n1,957,1,1,deepseek-ai/DeepSeek-Coder-V2-Lite-Instruct,1,0,1,0,lenient,0.0,18.0,0.0
2026-08-11 23:19:32,IA15_m-deepseek-coder-v2-lite_sol1_gd0_rs0_bd1_str-lenient_t00_n1,957,2,1,deepseek-ai/DeepSeek-Coder-V2-Lite-Instruct,1,0,1,0,lenient,0.0,13.0,0.0
2026-08-11 23:19:39,IA15_m-deepseek-coder-v2-lite_sol1_gd0_rs0_bd1_str-lenient_t00_n1,957,3,1,deepseek-ai/DeepSeek-Coder-V2-Lite-Instruct,1,0,1,0,lenient,0.0,17.0,0.0
2026-08-11 23:19:47,IA15_m-deepseek-coder-v2-lite_sol1_gd0_rs0_bd1_str-lenient_t00_n1,958,1,1,deepseek-ai/DeepSeek-Coder-V2-Lite-Instruct,1,0,1,0,lenient,0.0,18.0,0.0
2026-08-11 23:19:53,IA15_m-deepseek-coder-v2-lite_sol1_gd0_rs0_bd1_str-lenient_t00_n1,958,2,1,deepseek-ai/DeepSeek-Coder-V2-Lite-Instruct,1,0,1,0,lenient,0.0,12.0,0.0
2026-08-11 23:20:00,IA15_m-deepseek-coder-v2-lite_sol1_gd0_rs0_bd1_str-lenient_t00_n1,958,3,1,deepseek-ai/DeepSeek-Coder-V2-Lite-Instruct,1,0,1,0,lenient,0.0,17.0,0.0
2026-08-11 23:20:08,IA15_m-deepseek-coder-v2-lite_sol1_gd0_rs0_bd1_str-lenient_t00_n1,959,1,1,deepseek-ai/DeepSeek-Coder-V2-Lite-Instruct,1,0,1,0,lenient,0.0,18.0,0.0
2026-08-11 23:20:15,IA15_m-deepseek-coder-v2-lite_sol1_gd0_rs0_bd1_str-lenient_t00_n1,959,2,1,deepseek-ai/DeepSeek-Coder-V2-Lite-Instruct,1,0,1,0,lenient,0.0,12.0,0.0
2026-08-11 23:20:23,IA15_m-deepseek-coder-v2-lite_sol1_gd0_rs0_bd1_str-lenient_t00_n1,959,3,1,deepseek-ai/DeepSeek-Coder-V2-Lite-Instruct,1,0,1,0,lenient,0.0,17.0,0.0
2026-08-11 23:20:30,IA15_m-deepseek-coder-v2-lite_sol1_gd0_rs0_bd1_str-lenient_t00_n1,960,1,1,deepseek-ai/DeepSeek-Coder-V2-Lite-Instruct,1,0,1,0,lenient,0.0,18.0,0.0
2026-08-11 23:20:37,IA15_m-deepseek-coder-v2-lite_sol1_gd0_rs0_bd1_str-lenient_t00_n1,960,2,1,deepseek-ai/DeepSeek-Coder-V2-Lite-Instruct,1,0,1,0,lenient,0.0,12.0,0.0
2026-08-11 23:20:44,IA15_m-deepseek-coder-v2-lite_sol1_gd0_rs0_bd1_str-lenient_t00_n1,960,3,1,deepseek-ai/DeepSeek-Coder-V2-Lite-Instruct,1,0,1,0,lenient,0.0,17.0,0.0
2026-08-11 23:20:53,IA15_m-deepseek-coder-v2-lite_sol1_gd0_rs0_bd1_str-lenient_t00_n1,961,1,1,deepseek-ai/DeepSeek-Coder-V2-Lite-Instruct,1,0,1,0,lenient,0.0,21.0,2.0
2026-08-11 23:21:00,IA15_m-deepseek-coder-v2-lite_sol1_gd0_rs0_bd1_str-lenient_t00_n1,961,2,1,deepseek-ai/DeepSeek-Coder-V2-Lite-Instruct,1,0,1,0,lenient,0.0,13.0,0.0
2026-08-11 23:21:03,IA15_m-deepseek-coder-v2-lite_sol1_gd0_rs0_bd1_str-lenient_t00_n1,961,3,1,deepseek-ai/DeepSeek-Coder-V2-Lite-Instruct,1,0,1,0,lenient,0.0,17.0,0.0
2026-08-11 23:21:12,IA15_m-deepseek-coder-v2-lite_sol1_gd0_rs0_bd1_str-lenient_t00_n1,962,1,1,deepseek-ai/DeepSeek-Coder-V2-Lite-Instruct,1,0,1,0,lenient,0.0,18.0,0.0
2026-08-11 23:21:19,IA15_m-deepseek-coder-v2-lite_sol1_gd0_rs0_bd1_str-lenient_t00_n1,962,2,1,deepseek-ai/DeepSeek-Coder-V2-Lite-Instruct,1,0,1,0,lenient,0.0,12.0,0.0
2026-08-11 23:21:26,IA15_m-deepseek-coder-v2-lite_sol1_gd0_rs0_bd1_str-lenient_t00_n1,962,3,1,deepseek-ai/DeepSeek-Coder-V2-Lite-Instruct,1,0,1,0,lenient,0.0,17.0,0.0
2026-08-11 23:21:35,IA15_m-deepseek-coder-v2-lite_sol1_gd0_rs0_bd1_str-lenient_t00_n1,963,1,1,deepseek-ai/DeepSeek-Coder-V2-Lite-Instruct,1,0,1,0,lenient,0.0,18.0,0.0
2026-08-11 23:21:41,IA15_m-deepseek-coder-v2-lite_sol1_gd0_rs0_bd1_str-lenient_t00_n1,963,2,1,deepseek-ai/DeepSeek-Coder-V2-Lite-Instruct,1,0,1,0,lenient,0.0,12.0,0.0
2026-08-11 23:21:45,IA15_m-deepseek-coder-v2-lite_sol1_gd0_rs0_bd1_str-lenient_t00_n1,963,3,1,deepseek-ai/DeepSeek-Coder-V2-Lite-Instruct,1,0,1,0,lenient,0.0,17.0,0.0
2026-08-11 23:21:52,IA15_m-deepseek-coder-v2-lite_sol1_gd0_rs0_bd1_str-lenient_t00_n1,964,1,1,deepseek-ai/DeepSeek-Coder-V2-Lite-Instruct,1,0,1,0,lenient,0.0,18.0,0.0
2026-08-11 23:22:00,IA15_m-deepseek-coder-v2-lite_sol1_gd0_rs0_bd1_str-lenient_t00_n1,964,2,1,deepseek-ai/DeepSeek-Coder-V2-Lite-Instruct,1,0,1,0,lenient,0.0,13.0,0.0
2026-08-11 23:22:07,IA15_m-deepseek-coder-v2-lite_sol1_gd0_rs0_bd1_str-lenient_t00_n1,964,3,1,deepseek-ai/DeepSeek-Coder-V2-Lite-Instruct,1,0,1,0,lenient,0.0,14.0,0.0
2026-08-11 23:22:14,IA15_m-deepseek-coder-v2-lite_sol1_gd0_rs0_bd1_str-lenient_t00_n1,965,1,1,deepseek-ai/DeepSeek-Coder-V2-Lite-Instruct,1,0,1,0,lenient,0.0,15.0,0.0
2026-08-11 23:22:21,IA15_m-deepseek-coder-v2-lite_sol1_gd0_rs0_bd1_str-lenient_t00_n1,965,2,1,deepseek-ai/DeepSeek-Coder-V2-Lite-Instruct,1,0,1,0,lenient,0.0,12.0,0.0
2026-08-11 23:22:28,IA15_m-deepseek-coder-v2-lite_sol1_gd0_rs0_bd1_str-lenient_t00_n1,965,3,1,deepseek-ai/DeepSeek-Coder-V2-Lite-Instruct,1,0,1,0,lenient,0.0,14.0,0.0
2026-08-11 23:22:36,IA15_m-deepseek-coder-v2-lite_sol1_gd0_rs0_bd1_str-lenient_t00_n1,966,1,1,deepseek-ai/DeepSeek-Coder-V2-Lite-Instruct,1,0,1,0,lenient,0.0,18.0,0.0
2026-08-11 23:22:44,IA15_m-deepseek-coder-v2-lite_sol1_gd0_rs0_bd1_str-lenient_t00_n1,966,2,1,deepseek-ai/DeepSeek-Coder-V2-Lite-Instruct,1,0,1,0,lenient,0.0,12.0,0.0
2026-08-11 23:22:50,IA15_m-deepseek-coder-v2-lite_sol1_gd0_rs0_bd1_str-lenient_t00_n1,966,3,1,deepseek-ai/DeepSeek-Coder-V2-Lite-Instruct,1,0,1,0,lenient,0.0,14.0,0.0
2026-08-11 23:22:58,IA15_m-deepseek-coder-v2-lite_sol1_gd0_rs0_bd1_str-lenient_t00_n1,967,1,1,deepseek-ai/DeepSeek-Coder-V2-Lite-Instruct,1,0,1,0,lenient,0.0,20.0,0.0
2026-08-11 23:23:06,IA15_m-deepseek-coder-v2-lite_sol1_gd0_rs0_bd1_str-lenient_t00_n1,967,2,1,deepseek-ai/DeepSeek-Coder-V2-Lite-Instruct,1,0,1,0,lenient,0.0,12.0,0.0
2026-08-11 23:23:12,IA15_m-deepseek-coder-v2-lite_sol1_gd0_rs0_bd1_str-lenient_t00_n1,967,3,1,deepseek-ai/DeepSeek-Coder-V2-Lite-Instruct,1,0,1,0,lenient,0.0,14.0,0.0
2026-08-11 23:23:20,IA15_m-deepseek-coder-v2-lite_sol1_gd0_rs0_bd1_str-lenient_t00_n1,968,1,1,deepseek-ai/DeepSeek-Coder-V2-Lite-Instruct,1,0,1,0,lenient,0.0,18.0,0.0
2026-08-11 23:23:28,IA15_m-deepseek-coder-v2-lite_sol1_gd0_rs0_bd1_str-lenient_t00_n1,968,3,1,deepseek-ai/DeepSeek-Coder-V2-Lite-Instruct,1,0,1,0,lenient,0.0,16.0,0.0
2026-08-11 23:23:36,IA15_m-deepseek-coder-v2-lite_sol1_gd0_rs0_bd1_str-lenient_t00_n1,969,1,1,deepseek-ai/DeepSeek-Coder-V2-Lite-Instruct,1,0,1,0,lenient,0.0,18.0,0.0
2026-08-11 23:23:43,IA15_m-deepseek-coder-v2-lite_sol1_gd0_rs0_bd1_str-lenient_t00_n1,969,2,1,deepseek-ai/DeepSeek-Coder-V2-Lite-Instruct,1,0,1,0,lenient,0.0,13.0,0.0
2026-08-11 23:23:50,IA15_m-deepseek-coder-v2-lite_sol1_gd0_rs0_bd1_str-lenient_t00_n1,969,3,1,deepseek-ai/DeepSeek-Coder-V2-Lite-Instruct,1,0,1,0,lenient,0.0,15.0,0.0
2026-08-11 23:23:59,IA15_m-deepseek-coder-v2-lite_sol1_gd0_rs0_bd1_str-lenient_t00_n1,970,1,1,deepseek-ai/DeepSeek-Coder-V2-Lite-Instruct,1,0,1,0,lenient,0.0,18.0,0.0
2026-08-11 23:24:05,IA15_m-deepseek-coder-v2-lite_sol1_gd0_rs0_bd1_str-lenient_t00_n1,970,2,1,deepseek-ai/DeepSeek-Coder-V2-Lite-Instruct,1,0,1,0,lenient,0.0,12.0,0.0
2026-08-11 23:24:13,IA15_m-deepseek-coder-v2-lite_sol1_gd0_rs0_bd1_str-lenient_t00_n1,970,3,1,deepseek-ai/DeepSeek-Coder-V2-Lite-Instruct,1,0,1,0,lenient,0.0,16.0,0.0
2026-08-11 23:24:20,IA15_m-deepseek-coder-v2-lite_sol1_gd0_rs0_bd1_str-lenient_t00_n1,971,1,1,deepseek-ai/DeepSeek-Coder-V2-Lite-Instruct,1,0,1,0,lenient,0.0,18.0,0.0
2026-08-11 23:24:27,IA15_m-deepseek-coder-v2-lite_sol1_gd0_rs0_bd1_str-lenient_t00_n1,971,2,1,deepseek-ai/DeepSeek-Coder-V2-Lite-Instruct,1,0,1,0,lenient,0.0,12.0,0.0
2026-08-11 23:24:34,IA15_m-deepseek-coder-v2-lite_sol1_gd0_rs0_bd1_str-lenient_t00_n1,971,3,1,deepseek-ai/DeepSeek-Coder-V2-Lite-Instruct,1,0,1,0,lenient,0.0,14.0,0.0
2026-08-11 23:24:42,IA15_m-deepseek-coder-v2-lite_sol1_gd0_rs0_bd1_str-lenient_t00_n1,972,1,1,deepseek-ai/DeepSeek-Coder-V2-Lite-Instruct,1,0,1,0,lenient,0.0,18.0,0.0
2026-08-11 23:24:49,IA15_m-deepseek-coder-v2-lite_sol1_gd0_rs0_bd1_str-lenient_t00_n1,972,2,1,deepseek-ai/DeepSeek-Coder-V2-Lite-Instruct,1,0,1,0,lenient,0.0,10.0,0.0
2026-08-11 23:24:57,IA15_m-deepseek-coder-v2-lite_sol1_gd0_rs0_bd1_str-lenient_t00_n1,972,3,1,deepseek-ai/DeepSeek-Coder-V2-Lite-Instruct,1,0,1,0,lenient,0.0,14.0,0.0
2026-08-11 23:25:05,IA15_m-deepseek-coder-v2-lite_sol1_gd0_rs0_bd1_str-lenient_t00_n1,973,1,1,deepseek-ai/DeepSeek-Coder-V2-Lite-Instruct,1,0,1,0,lenient,0.0,21.0,2.0
2026-08-11 23:25:12,IA15_m-deepseek-coder-v2-lite_sol1_gd0_rs0_bd1_str-lenient_t00_n1,973,2,1,deepseek-ai/DeepSeek-Coder-V2-Lite-Instruct,1,0,1,0,lenient,0.0,13.0,0.0
2026-08-11 23:25:20,IA15_m-deepseek-coder-v2-lite_sol1_gd0_rs0_bd1_str-lenient_t00_n1,973,3,1,deepseek-ai/DeepSeek-Coder-V2-Lite-Instruct,1,0,1,0,lenient,0.0,17.0,0.0
2026-08-11 23:25:28,IA15_m-deepseek-coder-v2-lite_sol1_gd0_rs0_bd1_str-lenient_t00_n1,974,1,1,deepseek-ai/DeepSeek-Coder-V2-Lite-Instruct,1,0,1,0,lenient,0.0,18.0,0.0
2026-08-11 23:25:35,IA15_m-deepseek-coder-v2-lite_sol1_gd0_rs0_bd1_str-lenient_t00_n1,974,2,1,deepseek-ai/DeepSeek-Coder-V2-Lite-Instruct,1,0,1,0,lenient,0.0,12.0,0.0
2026-08-11 23:25:42,IA15_m-deepseek-coder-v2-lite_sol1_gd0_rs0_bd1_str-lenient_t00_n1,974,3,1,deepseek-ai/DeepSeek-Coder-V2-Lite-Instruct,1,0,1,0,lenient,0.0,12.0,0.0
2026-08-11 23:25:50,IA15_m-deepseek-coder-v2-lite_sol1_gd0_rs0_bd1_str-lenient_t00_n1,975,1,1,deepseek-ai/DeepSeek-Coder-V2-Lite-Instruct,1,0,1,0,lenient,0.0,18.0,0.0
2026-08-11 23:25:57,IA15_m-deepseek-coder-v2-lite_sol1_gd0_rs0_bd1_str-lenient_t00_n1,975,2,1,deepseek-ai/DeepSeek-Coder-V2-Lite-Instruct,1,0,1,0,lenient,0.0,12.0,0.0
2026-08-11 23:26:05,IA15_m-deepseek-coder-v2-lite_sol1_gd0_rs0_bd1_str-lenient_t00_n1,975,3,1,deepseek-ai/DeepSeek-Coder-V2-Lite-Instruct,1,0,1,0,lenient,0.0,15.0,0.0
2026-08-11 23:26:13,IA15_m-deepseek-coder-v2-lite_sol1_gd0_rs0_bd1_str-lenient_t00_n1,976,1,1,deepseek-ai/DeepSeek-Coder-V2-Lite-Instruct,1,0,1,0,lenient,0.0,18.0,0.0
2026-08-11 23:26:21,IA15_m-deepseek-coder-v2-lite_sol1_gd0_rs0_bd1_str-lenient_t00_n1,977,1,1,deepseek-ai/DeepSeek-Coder-V2-Lite-Instruct,1,0,1,0,lenient,0.0,18.0,0.0
2026-08-11 23:26:26,IA15_m-deepseek-coder-v2-lite_sol1_gd0_rs0_bd1_str-lenient_t00_n1,977,2,1,deepseek-ai/DeepSeek-Coder-V2-Lite-Instruct,1,0,1,0,lenient,0.0,12.0,0.0
2026-08-11 23:26:34,IA15_m-deepseek-coder-v2-lite_sol1_gd0_rs0_bd1_str-lenient_t00_n1,977,3,1,deepseek-ai/DeepSeek-Coder-V2-Lite-Instruct,1,0,1,0,lenient,0.0,17.0,0.0
2026-08-11 23:26:42,IA15_m-deepseek-coder-v2-lite_sol1_gd0_rs0_bd1_str-lenient_t00_n1,978,1,1,deepseek-ai/DeepSeek-Coder-V2-Lite-Instruct,1,0,1,0,lenient,0.0,18.0,0.0
2026-08-11 23:26:48,IA15_m-deepseek-coder-v2-lite_sol1_gd0_rs0_bd1_str-lenient_t00_n1,978,2,1,deepseek-ai/DeepSeek-Coder-V2-Lite-Instruct,1,0,1,0,lenient,0.0,12.0,0.0
2026-08-11 23:26:51,IA15_m-deepseek-coder-v2-lite_sol1_gd0_rs0_bd1_str-lenient_t00_n1,978,3,1,deepseek-ai/DeepSeek-Coder-V2-Lite-Instruct,1,0,1,0,lenient,0.0,16.0,0.0
2026-08-11 23:26:59,IA15_m-deepseek-coder-v2-lite_sol1_gd0_rs0_bd1_str-lenient_t00_n1,979,1,1,deepseek-ai/DeepSeek-Coder-V2-Lite-Instruct,1,0,1,0,lenient,0.0,18.0,0.0
2026-08-11 23:27:05,IA15_m-deepseek-coder-v2-lite_sol1_gd0_rs0_bd1_str-lenient_t00_n1,979,2,1,deepseek-ai/DeepSeek-Coder-V2-Lite-Instruct,1,0,1,0,lenient,0.0,12.0,0.0
2026-08-11 23:27:12,IA15_m-deepseek-coder-v2-lite_sol1_gd0_rs0_bd1_str-lenient_t00_n1,979,3,1,deepseek-ai/DeepSeek-Coder-V2-Lite-Instruct,1,0,1,0,lenient,0.0,14.0,0.0
2026-08-11 23:27:20,IA15_m-deepseek-coder-v2-lite_sol1_gd0_rs0_bd1_str-lenient_t00_n1,980,1,1,deepseek-ai/DeepSeek-Coder-V2-Lite-Instruct,1,0,1,0,lenient,0.0,18.0,0.0
2026-08-11 23:27:29,IA15_m-deepseek-coder-v2-lite_sol1_gd0_rs0_bd1_str-lenient_t00_n1,981,1,1,deepseek-ai/DeepSeek-Coder-V2-Lite-Instruct,1,0,1,0,lenient,0.0,18.0,0.0
2026-08-11 23:27:36,IA15_m-deepseek-coder-v2-lite_sol1_gd0_rs0_bd1_str-lenient_t00_n1,981,2,1,deepseek-ai/DeepSeek-Coder-V2-Lite-Instruct,1,0,1,0,lenient,0.0,12.0,0.0
2026-08-11 23:27:44,IA15_m-deepseek-coder-v2-lite_sol1_gd0_rs0_bd1_str-lenient_t00_n1,981,3,1,deepseek-ai/DeepSeek-Coder-V2-Lite-Instruct,1,0,1,0,lenient,0.0,17.0,0.0
2026-08-11 23:27:51,IA15_m-deepseek-coder-v2-lite_sol1_gd0_rs0_bd1_str-lenient_t00_n1,982,1,1,deepseek-ai/DeepSeek-Coder-V2-Lite-Instruct,1,0,1,0,lenient,0.0,18.0,0.0
2026-08-11 23:27:58,IA15_m-deepseek-coder-v2-lite_sol1_gd0_rs0_bd1_str-lenient_t00_n1,982,2,1,deepseek-ai/DeepSeek-Coder-V2-Lite-Instruct,1,0,1,0,lenient,0.0,12.0,0.0
2026-08-11 23:28:06,IA15_m-deepseek-coder-v2-lite_sol1_gd0_rs0_bd1_str-lenient_t00_n1,982,3,1,deepseek-ai/DeepSeek-Coder-V2-Lite-Instruct,1,0,1,0,lenient,0.0,14.0,0.0
2026-08-11 23:28:13,IA15_m-deepseek-coder-v2-lite_sol1_gd0_rs0_bd1_str-lenient_t00_n1,983,1,1,deepseek-ai/DeepSeek-Coder-V2-Lite-Instruct,1,0,1,0,lenient,0.0,18.0,0.0
2026-08-11 23:28:20,IA15_m-deepseek-coder-v2-lite_sol1_gd0_rs0_bd1_str-lenient_t00_n1,983,2,1,deepseek-ai/DeepSeek-Coder-V2-Lite-Instruct,1,0,1,0,lenient,0.0,12.0,0.0
2026-08-11 23:28:28,IA15_m-deepseek-coder-v2-lite_sol1_gd0_rs0_bd1_str-lenient_t00_n1,983,3,1,deepseek-ai/DeepSeek-Coder-V2-Lite-Instruct,1,0,1,0,lenient,0.0,16.0,0.0
2026-08-11 23:28:36,IA15_m-deepseek-coder-v2-lite_sol1_gd0_rs0_bd1_str-lenient_t00_n1,984,1,1,deepseek-ai/DeepSeek-Coder-V2-Lite-Instruct,1,0,1,0,lenient,0.0,18.0,0.0
2026-08-11 23:28:42,IA15_m-deepseek-coder-v2-lite_sol1_gd0_rs0_bd1_str-lenient_t00_n1,984,2,1,deepseek-ai/DeepSeek-Coder-V2-Lite-Instruct,1,0,1,0,lenient,0.0,12.0,0.0
2026-08-11 23:28:49,IA15_m-deepseek-coder-v2-lite_sol1_gd0_rs0_bd1_str-lenient_t00_n1,984,3,1,deepseek-ai/DeepSeek-Coder-V2-Lite-Instruct,1,0,1,0,lenient,0.0,17.0,0.0
2026-08-11 23:28:57,IA15_m-deepseek-coder-v2-lite_sol1_gd0_rs0_bd1_str-lenient_t00_n1,985,1,1,deepseek-ai/DeepSeek-Coder-V2-Lite-Instruct,1,0,1,0,lenient,0.0,18.0,0.0
2026-08-11 23:29:03,IA15_m-deepseek-coder-v2-lite_sol1_gd0_rs0_bd1_str-lenient_t00_n1,985,2,1,deepseek-ai/DeepSeek-Coder-V2-Lite-Instruct,1,0,1,0,lenient,0.0,12.0,0.0
2026-08-11 23:29:10,IA15_m-deepseek-coder-v2-lite_sol1_gd0_rs0_bd1_str-lenient_t00_n1,985,3,1,deepseek-ai/DeepSeek-Coder-V2-Lite-Instruct,1,0,1,0,lenient,0.0,16.0,0.0
2026-08-11 23:29:18,IA15_m-deepseek-coder-v2-lite_sol1_gd0_rs0_bd1_str-lenient_t00_n1,986,1,1,deepseek-ai/DeepSeek-Coder-V2-Lite-Instruct,1,0,1,0,lenient,0.0,18.0,0.0
2026-08-11 23:29:24,IA15_m-deepseek-coder-v2-lite_sol1_gd0_rs0_bd1_str-lenient_t00_n1,986,2,1,deepseek-ai/DeepSeek-Coder-V2-Lite-Instruct,1,0,1,0,lenient,0.0,12.0,0.0
2026-08-11 23:29:27,IA15_m-deepseek-coder-v2-lite_sol1_gd0_rs0_bd1_str-lenient_t00_n1,986,3,1,deepseek-ai/DeepSeek-Coder-V2-Lite-Instruct,1,0,1,0,lenient,0.0,16.0,0.0
2026-08-11 23:29:34,IA15_m-deepseek-coder-v2-lite_sol1_gd0_rs0_bd1_str-lenient_t00_n1,987,1,1,deepseek-ai/DeepSeek-Coder-V2-Lite-Instruct,1,0,1,0,lenient,0.0,18.0,0.0
2026-08-11 23:29:42,IA15_m-deepseek-coder-v2-lite_sol1_gd0_rs0_bd1_str-lenient_t00_n1,987,2,1,deepseek-ai/DeepSeek-Coder-V2-Lite-Instruct,1,0,1,0,lenient,0.0,13.0,0.0
2026-08-11 23:29:50,IA15_m-deepseek-coder-v2-lite_sol1_gd0_rs0_bd1_str-lenient_t00_n1,987,3,1,deepseek-ai/DeepSeek-Coder-V2-Lite-Instruct,1,0,1,0,lenient,0.0,15.0,0.0
2026-08-11 23:29:58,IA15_m-deepseek-coder-v2-lite_sol1_gd0_rs0_bd1_str-lenient_t00_n1,988,1,1,deepseek-ai/DeepSeek-Coder-V2-Lite-Instruct,1,0,1,0,lenient,0.0,20.0,0.0
2026-08-11 23:30:05,IA15_m-deepseek-coder-v2-lite_sol1_gd0_rs0_bd1_str-lenient_t00_n1,988,2,1,deepseek-ai/DeepSeek-Coder-V2-Lite-Instruct,1,0,1,0,lenient,0.0,13.0,0.0
2026-08-11 23:30:13,IA15_m-deepseek-coder-v2-lite_sol1_gd0_rs0_bd1_str-lenient_t00_n1,989,1,1,deepseek-ai/DeepSeek-Coder-V2-Lite-Instruct,1,0,1,0,lenient,0.0,18.0,0.0
2026-08-11 23:30:20,IA15_m-deepseek-coder-v2-lite_sol1_gd0_rs0_bd1_str-lenient_t00_n1,989,2,1,deepseek-ai/DeepSeek-Coder-V2-Lite-Instruct,1,0,1,0,lenient,0.0,13.0,0.0
2026-08-11 23:30:28,IA15_m-deepseek-coder-v2-lite_sol1_gd0_rs0_bd1_str-lenient_t00_n1,989,3,1,deepseek-ai/DeepSeek-Coder-V2-Lite-Instruct,1,0,1,0,lenient,0.0,17.0,0.0
2026-08-11 23:30:35,IA15_m-deepseek-coder-v2-lite_sol1_gd0_rs0_bd1_str-lenient_t00_n1,990,1,1,deepseek-ai/DeepSeek-Coder-V2-Lite-Instruct,1,0,1,0,lenient,0.0,18.0,0.0
2026-08-11 23:30:41,IA15_m-deepseek-coder-v2-lite_sol1_gd0_rs0_bd1_str-lenient_t00_n1,990,2,1,deepseek-ai/DeepSeek-Coder-V2-Lite-Instruct,1,0,1,0,lenient,0.0,13.0,0.0
2026-08-11 23:30:49,IA15_m-deepseek-coder-v2-lite_sol1_gd0_rs0_bd1_str-lenient_t00_n1,990,3,1,deepseek-ai/DeepSeek-Coder-V2-Lite-Instruct,1,0,1,0,lenient,0.0,16.0,0.0
2026-08-11 23:30:57,IA15_m-deepseek-coder-v2-lite_sol1_gd0_rs0_bd1_str-lenient_t00_n1,991,1,1,deepseek-ai/DeepSeek-Coder-V2-Lite-Instruct,1,0,1,0,lenient,0.0,18.0,0.0
2026-08-11 23:31:04,IA15_m-deepseek-coder-v2-lite_sol1_gd0_rs0_bd1_str-lenient_t00_n1,991,2,1,deepseek-ai/DeepSeek-Coder-V2-Lite-Instruct,1,0,1,0,lenient,0.0,12.0,0.0
2026-08-11 23:31:11,IA15_m-deepseek-coder-v2-lite_sol1_gd0_rs0_bd1_str-lenient_t00_n1,991,3,1,deepseek-ai/DeepSeek-Coder-V2-Lite-Instruct,1,0,1,0,lenient,0.0,14.0,0.0
2026-08-11 23:31:19,IA15_m-deepseek-coder-v2-lite_sol1_gd0_rs0_bd1_str-lenient_t00_n1,992,1,1,deepseek-ai/DeepSeek-Coder-V2-Lite-Instruct,1,0,1,0,lenient,0.0,18.0,0.0
2026-08-11 23:31:26,IA15_m-deepseek-coder-v2-lite_sol1_gd0_rs0_bd1_str-lenient_t00_n1,992,2,1,deepseek-ai/DeepSeek-Coder-V2-Lite-Instruct,1,0,1,0,lenient,0.0,13.0,0.0
2026-08-11 23:31:34,IA15_m-deepseek-coder-v2-lite_sol1_gd0_rs0_bd1_str-lenient_t00_n1,992,3,1,deepseek-ai/DeepSeek-Coder-V2-Lite-Instruct,1,0,1,0,lenient,0.0,17.0,0.0
2026-08-11 23:31:41,IA15_m-deepseek-coder-v2-lite_sol1_gd0_rs0_bd1_str-lenient_t00_n1,993,1,1,deepseek-ai/DeepSeek-Coder-V2-Lite-Instruct,1,0,1,0,lenient,0.0,18.0,0.0
2026-08-11 23:31:51,IA15_m-deepseek-coder-v2-lite_sol1_gd0_rs0_bd1_str-lenient_t00_n1,993,2,1,deepseek-ai/DeepSeek-Coder-V2-Lite-Instruct,1,0,1,0,lenient,0.0,12.0,0.0
2026-08-11 23:31:56,IA15_m-deepseek-coder-v2-lite_sol1_gd0_rs0_bd1_str-lenient_t00_n1,993,3,1,deepseek-ai/DeepSeek-Coder-V2-Lite-Instruct,1,0,1,0,lenient,0.0,16.0,0.0
2026-08-11 23:32:03,IA15_m-deepseek-coder-v2-lite_sol1_gd0_rs0_bd1_str-lenient_t00_n1,994,1,1,deepseek-ai/DeepSeek-Coder-V2-Lite-Instruct,1,0,1,0,lenient,0.0,18.0,0.0
2026-08-11 23:32:10,IA15_m-deepseek-coder-v2-lite_sol1_gd0_rs0_bd1_str-lenient_t00_n1,994,2,1,deepseek-ai/DeepSeek-Coder-V2-Lite-Instruct,1,0,1,0,lenient,0.0,13.0,0.0
2026-08-11 23:32:19,IA15_m-deepseek-coder-v2-lite_sol1_gd0_rs0_bd1_str-lenient_t00_n1,994,3,1,deepseek-ai/DeepSeek-Coder-V2-Lite-Instruct,1,0,1,0,lenient,0.0,17.0,0.0
2026-08-11 23:32:28,IA15_m-deepseek-coder-v2-lite_sol1_gd0_rs0_bd1_str-lenient_t00_n1,995,1,1,deepseek-ai/DeepSeek-Coder-V2-Lite-Instruct,1,0,1,0,lenient,0.0,20.0,3.0
2026-08-11 23:32:35,IA15_m-deepseek-coder-v2-lite_sol1_gd0_rs0_bd1_str-lenient_t00_n1,995,2,1,deepseek-ai/DeepSeek-Coder-V2-Lite-Instruct,1,0,1,0,lenient,0.0,12.0,0.0
2026-08-11 23:32:42,IA15_m-deepseek-coder-v2-lite_sol1_gd0_rs0_bd1_str-lenient_t00_n1,995,3,1,deepseek-ai/DeepSeek-Coder-V2-Lite-Instruct,1,0,1,0,lenient,0.0,17.0,0.0
2026-08-11 23:32:50,IA15_m-deepseek-coder-v2-lite_sol1_gd0_rs0_bd1_str-lenient_t00_n1,996,1,1,deepseek-ai/DeepSeek-Coder-V2-Lite-Instruct,1,0,1,0,lenient,0.0,18.0,0.0
2026-08-11 23:32:57,IA15_m-deepseek-coder-v2-lite_sol1_gd0_rs0_bd1_str-lenient_t00_n1,996,2,1,deepseek-ai/DeepSeek-Coder-V2-Lite-Instruct,1,0,1,0,lenient,0.0,13.0,0.0
2026-08-11 23:33:04,IA15_m-deepseek-coder-v2-lite_sol1_gd0_rs0_bd1_str-lenient_t00_n1,996,3,1,deepseek-ai/DeepSeek-Coder-V2-Lite-Instruct,1,0,1,0,lenient,0.0,16.0,0.0
2026-08-11 23:33:12,IA15_m-deepseek-coder-v2-lite_sol1_gd0_rs0_bd1_str-lenient_t00_n1,997,1,1,deepseek-ai/DeepSeek-Coder-V2-Lite-Instruct,1,0,1,0,lenient,0.0,18.0,0.0
2026-08-11 23:33:17,IA15_m-deepseek-coder-v2-lite_sol1_gd0_rs0_bd1_str-lenient_t00_n1,997,2,1,deepseek-ai/DeepSeek-Coder-V2-Lite-Instruct,1,0,1,0,lenient,0.0,13.0,0.0
2026-08-11 23:33:24,IA15_m-deepseek-coder-v2-lite_sol1_gd0_rs0_bd1_str-lenient_t00_n1,997,3,1,deepseek-ai/DeepSeek-Coder-V2-Lite-Instruct,1,0,1,0,lenient,0.0,17.0,0.0
2026-08-11 23:33:32,IA15_m-deepseek-coder-v2-lite_sol1_gd0_rs0_bd1_str-lenient_t00_n1,998,1,1,deepseek-ai/DeepSeek-Coder-V2-Lite-Instruct,1,0,1,0,lenient,0.0,18.0,0.0
2026-08-11 23:33:39,IA15_m-deepseek-coder-v2-lite_sol1_gd0_rs0_bd1_str-lenient_t00_n1,998,2,1,deepseek-ai/DeepSeek-Coder-V2-Lite-Instruct,1,0,1,0,lenient,0.0,12.0,0.0
2026-08-11 23:33:42,IA15_m-deepseek-coder-v2-lite_sol1_gd0_rs0_bd1_str-lenient_t00_n1,998,3,1,deepseek-ai/DeepSeek-Coder-V2-Lite-Instruct,1,0,1,0,lenient,0.0,14.0,0.0
2026-08-11 23:33:50,IA15_m-deepseek-coder-v2-lite_sol1_gd0_rs0_bd1_str-lenient_t00_n1,999,1,1,deepseek-ai/DeepSeek-Coder-V2-Lite-Instruct,1,0,1,0,lenient,0.0,18.0,0.0
2026-08-11 23:33:58,IA15_m-deepseek-coder-v2-lite_sol1_gd0_rs0_bd1_str-lenient_t00_n1,1000,1,1,deepseek-ai/DeepSeek-Coder-V2-Lite-Instruct,1,0,1,0,lenient,0.0,18.0,0.0
2026-08-11 23:34:04,IA15_m-deepseek-coder-v2-lite_sol1_gd0_rs0_bd1_str-lenient_t00_n1,1000,2,1,deepseek-ai/DeepSeek-Coder-V2-Lite-Instruct,1,0,1,0,lenient,0.0,12.0,0.0
2026-08-11 23:34:11,IA15_m-deepseek-coder-v2-lite_sol1_gd0_rs0_bd1_str-lenient_t00_n1,1000,3,1,deepseek-ai/DeepSeek-Coder-V2-Lite-Instruct,1,0,1,0,lenient,0.0,15.0,0.0
2026-08-11 23:34:19,IA15_m-deepseek-coder-v2-lite_sol1_gd0_rs0_bd1_str-lenient_t00_n1,1001,1,1,deepseek-ai/DeepSeek-Coder-V2-Lite-Instruct,1,0,1,0,lenient,0.0,15.0,0.0
2026-08-11 23:34:24,IA15_m-deepseek-coder-v2-lite_sol1_gd0_rs0_bd1_str-lenient_t00_n1,1001,2,1,deepseek-ai/DeepSeek-Coder-V2-Lite-Instruct,1,0,1,0,lenient,0.0,10.0,0.0
2026-08-11 23:34:32,IA15_m-deepseek-coder-v2-lite_sol1_gd0_rs0_bd1_str-lenient_t00_n1,1001,3,1,deepseek-ai/DeepSeek-Coder-V2-Lite-Instruct,1,0,1,0,lenient,0.0,17.0,0.0
2026-08-11 23:34:39,IA15_m-deepseek-coder-v2-lite_sol1_gd0_rs0_bd1_str-lenient_t00_n1,1002,1,1,deepseek-ai/DeepSeek-Coder-V2-Lite-Instruct,1,0,1,0,lenient,0.0,18.0,0.0
2026-08-11 23:34:47,IA15_m-deepseek-coder-v2-lite_sol1_gd0_rs0_bd1_str-lenient_t00_n1,1002,2,1,deepseek-ai/DeepSeek-Coder-V2-Lite-Instruct,1,0,1,0,lenient,0.0,12.0,0.0
2026-08-11 23:34:54,IA15_m-deepseek-coder-v2-lite_sol1_gd0_rs0_bd1_str-lenient_t00_n1,1002,3,1,deepseek-ai/DeepSeek-Coder-V2-Lite-Instruct,1,0,1,0,lenient,0.0,16.0,0.0
2026-08-11 23:35:01,IA15_m-deepseek-coder-v2-lite_sol1_gd0_rs0_bd1_str-lenient_t00_n1,1003,1,1,deepseek-ai/DeepSeek-Coder-V2-Lite-Instruct,1,0,1,0,lenient,0.0,18.0,0.0
2026-08-11 23:35:09,IA15_m-deepseek-coder-v2-lite_sol1_gd0_rs0_bd1_str-lenient_t00_n1,1004,1,1,deepseek-ai/DeepSeek-Coder-V2-Lite-Instruct,1,0,1,0,lenient,0.0,18.0,0.0
2026-08-11 23:35:16,IA15_m-deepseek-coder-v2-lite_sol1_gd0_rs0_bd1_str-lenient_t00_n1,1004,2,1,deepseek-ai/DeepSeek-Coder-V2-Lite-Instruct,1,0,1,0,lenient,0.0,13.0,0.0
2026-08-11 23:35:23,IA15_m-deepseek-coder-v2-lite_sol1_gd0_rs0_bd1_str-lenient_t00_n1,1004,3,1,deepseek-ai/DeepSeek-Coder-V2-Lite-Instruct,1,0,1,0,lenient,0.0,15.0,0.0
2026-08-11 23:35:31,IA15_m-deepseek-coder-v2-lite_sol1_gd0_rs0_bd1_str-lenient_t00_n1,1005,1,1,deepseek-ai/DeepSeek-Coder-V2-Lite-Instruct,1,0,1,0,lenient,0.0,18.0,0.0
2026-08-11 23:35:38,IA15_m-deepseek-coder-v2-lite_sol1_gd0_rs0_bd1_str-lenient_t00_n1,1005,2,1,deepseek-ai/DeepSeek-Coder-V2-Lite-Instruct,1,0,1,0,lenient,0.0,13.0,0.0
2026-08-11 23:35:46,IA15_m-deepseek-coder-v2-lite_sol1_gd0_rs0_bd1_str-lenient_t00_n1,1006,1,1,deepseek-ai/DeepSeek-Coder-V2-Lite-Instruct,1,0,1,0,lenient,0.0,18.0,0.0
2026-08-11 23:35:52,IA15_m-deepseek-coder-v2-lite_sol1_gd0_rs0_bd1_str-lenient_t00_n1,1006,2,1,deepseek-ai/DeepSeek-Coder-V2-Lite-Instruct,1,0,1,0,lenient,0.0,12.0,0.0
2026-08-11 23:35:59,IA15_m-deepseek-coder-v2-lite_sol1_gd0_rs0_bd1_str-lenient_t00_n1,1006,3,1,deepseek-ai/DeepSeek-Coder-V2-Lite-Instruct,1,0,1,0,lenient,0.0,16.0,0.0
2026-08-11 23:36:08,IA15_m-deepseek-coder-v2-lite_sol1_gd0_rs0_bd1_str-lenient_t00_n1,1007,1,1,deepseek-ai/DeepSeek-Coder-V2-Lite-Instruct,1,0,1,0,lenient,0.0,18.0,0.0
2026-08-11 23:36:15,IA15_m-deepseek-coder-v2-lite_sol1_gd0_rs0_bd1_str-lenient_t00_n1,1007,2,1,deepseek-ai/DeepSeek-Coder-V2-Lite-Instruct,1,0,1,0,lenient,0.0,12.0,0.0
2026-08-11 23:36:22,IA15_m-deepseek-coder-v2-lite_sol1_gd0_rs0_bd1_str-lenient_t00_n1,1007,3,1,deepseek-ai/DeepSeek-Coder-V2-Lite-Instruct,1,0,1,0,lenient,0.0,17.0,0.0
2026-08-11 23:36:30,IA15_m-deepseek-coder-v2-lite_sol1_gd0_rs0_bd1_str-lenient_t00_n1,1008,1,1,deepseek-ai/DeepSeek-Coder-V2-Lite-Instruct,1,0,1,0,lenient,0.0,18.0,0.0
2026-08-11 23:36:38,IA15_m-deepseek-coder-v2-lite_sol1_gd0_rs0_bd1_str-lenient_t00_n1,1008,3,1,deepseek-ai/DeepSeek-Coder-V2-Lite-Instruct,1,0,1,0,lenient,0.0,14.0,0.0
2026-08-11 23:36:46,IA15_m-deepseek-coder-v2-lite_sol1_gd0_rs0_bd1_str-lenient_t00_n1,1009,1,1,deepseek-ai/DeepSeek-Coder-V2-Lite-Instruct,1,0,1,0,lenient,0.0,18.0,0.0
2026-08-11 23:36:54,IA15_m-deepseek-coder-v2-lite_sol1_gd0_rs0_bd1_str-lenient_t00_n1,1010,1,1,deepseek-ai/DeepSeek-Coder-V2-Lite-Instruct,1,0,1,0,lenient,0.0,18.0,0.0
2026-08-11 23:37:01,IA15_m-deepseek-coder-v2-lite_sol1_gd0_rs0_bd1_str-lenient_t00_n1,1010,2,1,deepseek-ai/DeepSeek-Coder-V2-Lite-Instruct,1,0,1,0,lenient,0.0,13.0,0.0
2026-08-11 23:37:08,IA15_m-deepseek-coder-v2-lite_sol1_gd0_rs0_bd1_str-lenient_t00_n1,1010,3,1,deepseek-ai/DeepSeek-Coder-V2-Lite-Instruct,1,0,1,0,lenient,0.0,17.0,0.0
2026-08-11 23:37:16,IA15_m-deepseek-coder-v2-lite_sol1_gd0_rs0_bd1_str-lenient_t00_n1,1011,1,1,deepseek-ai/DeepSeek-Coder-V2-Lite-Instruct,1,0,1,0,lenient,0.0,18.0,0.0
2026-08-11 23:37:21,IA15_m-deepseek-coder-v2-lite_sol1_gd0_rs0_bd1_str-lenient_t00_n1,1011,2,1,deepseek-ai/DeepSeek-Coder-V2-Lite-Instruct,1,0,1,0,lenient,0.0,12.0,0.0
2026-08-11 23:37:29,IA15_m-deepseek-coder-v2-lite_sol1_gd0_rs0_bd1_str-lenient_t00_n1,1011,3,1,deepseek-ai/DeepSeek-Coder-V2-Lite-Instruct,1,0,1,0,lenient,0.0,17.0,0.0
2026-08-11 23:37:37,IA15_m-deepseek-coder-v2-lite_sol1_gd0_rs0_bd1_str-lenient_t00_n1,1012,1,1,deepseek-ai/DeepSeek-Coder-V2-Lite-Instruct,1,0,1,0,lenient,0.0,18.0,0.0
2026-08-11 23:37:43,IA15_m-deepseek-coder-v2-lite_sol1_gd0_rs0_bd1_str-lenient_t00_n1,1012,2,1,deepseek-ai/DeepSeek-Coder-V2-Lite-Instruct,1,0,1,0,lenient,0.0,12.0,0.0
2026-08-11 23:37:50,IA15_m-deepseek-coder-v2-lite_sol1_gd0_rs0_bd1_str-lenient_t00_n1,1012,3,1,deepseek-ai/DeepSeek-Coder-V2-Lite-Instruct,1,0,1,0,lenient,0.0,15.0,0.0
2026-08-11 23:37:58,IA15_m-deepseek-coder-v2-lite_sol1_gd0_rs0_bd1_str-lenient_t00_n1,1013,1,1,deepseek-ai/DeepSeek-Coder-V2-Lite-Instruct,1,0,1,0,lenient,0.0,18.0,0.0
2026-08-11 23:38:03,IA15_m-deepseek-coder-v2-lite_sol1_gd0_rs0_bd1_str-lenient_t00_n1,1013,2,1,deepseek-ai/DeepSeek-Coder-V2-Lite-Instruct,1,0,1,0,lenient,0.0,12.0,0.0
2026-08-11 23:38:12,IA15_m-deepseek-coder-v2-lite_sol1_gd0_rs0_bd1_str-lenient_t00_n1,1014,1,1,deepseek-ai/DeepSeek-Coder-V2-Lite-Instruct,1,0,1,0,lenient,0.0,18.0,0.0
2026-08-11 23:38:18,IA15_m-deepseek-coder-v2-lite_sol1_gd0_rs0_bd1_str-lenient_t00_n1,1014,2,1,deepseek-ai/DeepSeek-Coder-V2-Lite-Instruct,1,0,1,0,lenient,0.0,12.0,0.0
2026-08-11 23:38:22,IA15_m-deepseek-coder-v2-lite_sol1_gd0_rs0_bd1_str-lenient_t00_n1,1014,3,1,deepseek-ai/DeepSeek-Coder-V2-Lite-Instruct,1,0,1,0,lenient,0.0,16.0,0.0
2026-08-11 23:38:30,IA15_m-deepseek-coder-v2-lite_sol1_gd0_rs0_bd1_str-lenient_t00_n1,1015,1,1,deepseek-ai/DeepSeek-Coder-V2-Lite-Instruct,1,0,1,0,lenient,0.0,18.0,0.0
2026-08-11 23:38:37,IA15_m-deepseek-coder-v2-lite_sol1_gd0_rs0_bd1_str-lenient_t00_n1,1015,2,1,deepseek-ai/DeepSeek-Coder-V2-Lite-Instruct,1,0,1,0,lenient,0.0,13.0,0.0
2026-08-11 23:38:44,IA15_m-deepseek-coder-v2-lite_sol1_gd0_rs0_bd1_str-lenient_t00_n1,1015,3,1,deepseek-ai/DeepSeek-Coder-V2-Lite-Instruct,1,0,1,0,lenient,0.0,16.0,0.0
2026-08-11 23:38:52,IA15_m-deepseek-coder-v2-lite_sol1_gd0_rs0_bd1_str-lenient_t00_n1,1016,1,1,deepseek-ai/DeepSeek-Coder-V2-Lite-Instruct,1,0,1,0,lenient,0.0,18.0,0.0
2026-08-11 23:38:59,IA15_m-deepseek-coder-v2-lite_sol1_gd0_rs0_bd1_str-lenient_t00_n1,1016,2,1,deepseek-ai/DeepSeek-Coder-V2-Lite-Instruct,1,0,1,0,lenient,0.0,13.0,0.0
2026-08-11 23:39:08,IA15_m-deepseek-coder-v2-lite_sol1_gd0_rs0_bd1_str-lenient_t00_n1,1016,3,1,deepseek-ai/DeepSeek-Coder-V2-Lite-Instruct,1,0,1,0,lenient,0.0,18.0,2.0
2026-08-11 23:39:15,IA15_m-deepseek-coder-v2-lite_sol1_gd0_rs0_bd1_str-lenient_t00_n1,1017,1,1,deepseek-ai/DeepSeek-Coder-V2-Lite-Instruct,1,0,1,0,lenient,0.0,18.0,0.0
2026-08-11 23:39:22,IA15_m-deepseek-coder-v2-lite_sol1_gd0_rs0_bd1_str-lenient_t00_n1,1017,2,1,deepseek-ai/DeepSeek-Coder-V2-Lite-Instruct,1,0,1,0,lenient,0.0,13.0,0.0
2026-08-11 23:39:29,IA15_m-deepseek-coder-v2-lite_sol1_gd0_rs0_bd1_str-lenient_t00_n1,1017,3,1,deepseek-ai/DeepSeek-Coder-V2-Lite-Instruct,1,0,1,0,lenient,0.0,17.0,0.0
2026-08-11 23:39:38,IA15_m-deepseek-coder-v2-lite_sol1_gd0_rs0_bd1_str-lenient_t00_n1,1018,1,1,deepseek-ai/DeepSeek-Coder-V2-Lite-Instruct,1,0,1,0,lenient,0.0,19.5,0.0
2026-08-11 23:39:45,IA15_m-deepseek-coder-v2-lite_sol1_gd0_rs0_bd1_str-lenient_t00_n1,1018,2,1,deepseek-ai/DeepSeek-Coder-V2-Lite-Instruct,1,0,1,0,lenient,0.0,13.0,0.0
2026-08-11 23:39:52,IA15_m-deepseek-coder-v2-lite_sol1_gd0_rs0_bd1_str-lenient_t00_n1,1018,3,1,deepseek-ai/DeepSeek-Coder-V2-Lite-Instruct,1,0,1,0,lenient,0.0,17.0,0.0
2026-08-11 23:40:00,IA15_m-deepseek-coder-v2-lite_sol1_gd0_rs0_bd1_str-lenient_t00_n1,1019,1,1,deepseek-ai/DeepSeek-Coder-V2-Lite-Instruct,1,0,1,0,lenient,0.0,18.0,0.0
2026-08-11 23:40:08,IA15_m-deepseek-coder-v2-lite_sol1_gd0_rs0_bd1_str-lenient_t00_n1,1019,2,1,deepseek-ai/DeepSeek-Coder-V2-Lite-Instruct,1,0,1,0,lenient,0.0,13.0,0.0
2026-08-11 23:40:15,IA15_m-deepseek-coder-v2-lite_sol1_gd0_rs0_bd1_str-lenient_t00_n1,1019,3,1,deepseek-ai/DeepSeek-Coder-V2-Lite-Instruct,1,0,1,0,lenient,0.0,15.0,0.0
2026-08-11 23:40:23,IA15_m-deepseek-coder-v2-lite_sol1_gd0_rs0_bd1_str-lenient_t00_n1,1020,1,1,deepseek-ai/DeepSeek-Coder-V2-Lite-Instruct,1,0,1,0,lenient,0.0,18.0,0.0
2026-08-11 23:40:30,IA15_m-deepseek-coder-v2-lite_sol1_gd0_rs0_bd1_str-lenient_t00_n1,1020,2,1,deepseek-ai/DeepSeek-Coder-V2-Lite-Instruct,1,0,1,0,lenient,0.0,13.0,0.0
2026-08-11 23:40:38,IA15_m-deepseek-coder-v2-lite_sol1_gd0_rs0_bd1_str-lenient_t00_n1,1020,3,1,deepseek-ai/DeepSeek-Coder-V2-Lite-Instruct,1,0,1,0,lenient,0.0,17.0,0.0
2026-08-11 23:40:45,IA15_m-deepseek-coder-v2-lite_sol1_gd0_rs0_bd1_str-lenient_t00_n1,1021,1,1,deepseek-ai/DeepSeek-Coder-V2-Lite-Instruct,1,0,1,0,lenient,0.0,18.0,0.0
2026-08-11 23:40:51,IA15_m-deepseek-coder-v2-lite_sol1_gd0_rs0_bd1_str-lenient_t00_n1,1021,2,1,deepseek-ai/DeepSeek-Coder-V2-Lite-Instruct,1,0,1,0,lenient,0.0,12.0,0.0
2026-08-11 23:40:59,IA15_m-deepseek-coder-v2-lite_sol1_gd0_rs0_bd1_str-lenient_t00_n1,1021,3,1,deepseek-ai/DeepSeek-Coder-V2-Lite-Instruct,1,0,1,0,lenient,0.0,17.0,0.0
2026-08-11 23:41:07,IA15_m-deepseek-coder-v2-lite_sol1_gd0_rs0_bd1_str-lenient_t00_n1,1022,1,1,deepseek-ai/DeepSeek-Coder-V2-Lite-Instruct,1,0,1,0,lenient,0.0,18.0,0.0
2026-08-11 23:41:13,IA15_m-deepseek-coder-v2-lite_sol1_gd0_rs0_bd1_str-lenient_t00_n1,1022,2,1,deepseek-ai/DeepSeek-Coder-V2-Lite-Instruct,1,0,1,0,lenient,0.0,12.0,0.0
2026-08-11 23:41:21,IA15_m-deepseek-coder-v2-lite_sol1_gd0_rs0_bd1_str-lenient_t00_n1,1022,3,1,deepseek-ai/DeepSeek-Coder-V2-Lite-Instruct,1,0,1,0,lenient,0.0,14.0,0.0
2026-08-11 23:41:29,IA15_m-deepseek-coder-v2-lite_sol1_gd0_rs0_bd1_str-lenient_t00_n1,1023,1,1,deepseek-ai/DeepSeek-Coder-V2-Lite-Instruct,1,0,1,0,lenient,0.0,18.0,0.0
2026-08-11 23:41:36,IA15_m-deepseek-coder-v2-lite_sol1_gd0_rs0_bd1_str-lenient_t00_n1,1023,2,1,deepseek-ai/DeepSeek-Coder-V2-Lite-Instruct,1,0,1,0,lenient,0.0,13.0,0.0
2026-08-11 23:41:44,IA15_m-deepseek-coder-v2-lite_sol1_gd0_rs0_bd1_str-lenient_t00_n1,1023,3,1,deepseek-ai/DeepSeek-Coder-V2-Lite-Instruct,1,0,1,0,lenient,0.0,16.0,0.0
2026-08-11 23:41:52,IA15_m-deepseek-coder-v2-lite_sol1_gd0_rs0_bd1_str-lenient_t00_n1,1024,1,1,deepseek-ai/DeepSeek-Coder-V2-Lite-Instruct,1,0,1,0,lenient,0.0,18.0,0.0
2026-08-11 23:41:59,IA15_m-deepseek-coder-v2-lite_sol1_gd0_rs0_bd1_str-lenient_t00_n1,1024,2,1,deepseek-ai/DeepSeek-Coder-V2-Lite-Instruct,1,0,1,0,lenient,0.0,12.0,0.0
2026-08-11 23:42:06,IA15_m-deepseek-coder-v2-lite_sol1_gd0_rs0_bd1_str-lenient_t00_n1,1024,3,1,deepseek-ai/DeepSeek-Coder-V2-Lite-Instruct,1,0,1,0,lenient,0.0,14.0,0.0
2026-08-11 23:42:14,IA15_m-deepseek-coder-v2-lite_sol1_gd0_rs0_bd1_str-lenient_t00_n1,1025,1,1,deepseek-ai/DeepSeek-Coder-V2-Lite-Instruct,1,0,1,0,lenient,0.0,18.0,0.0
2026-08-11 23:42:21,IA15_m-deepseek-coder-v2-lite_sol1_gd0_rs0_bd1_str-lenient_t00_n1,1025,2,1,deepseek-ai/DeepSeek-Coder-V2-Lite-Instruct,1,0,1,0,lenient,0.0,13.0,0.0
2026-08-11 23:42:29,IA15_m-deepseek-coder-v2-lite_sol1_gd0_rs0_bd1_str-lenient_t00_n1,1025,3,1,deepseek-ai/DeepSeek-Coder-V2-Lite-Instruct,1,0,1,0,lenient,0.0,14.0,0.0
2026-08-11 23:42:36,IA15_m-deepseek-coder-v2-lite_sol1_gd0_rs0_bd1_str-lenient_t00_n1,1026,1,1,deepseek-ai/DeepSeek-Coder-V2-Lite-Instruct,1,0,1,0,lenient,0.0,18.0,0.0
2026-08-11 23:42:43,IA15_m-deepseek-coder-v2-lite_sol1_gd0_rs0_bd1_str-lenient_t00_n1,1026,2,1,deepseek-ai/DeepSeek-Coder-V2-Lite-Instruct,1,0,1,0,lenient,0.0,12.0,0.0
2026-08-11 23:42:50,IA15_m-deepseek-coder-v2-lite_sol1_gd0_rs0_bd1_str-lenient_t00_n1,1026,3,1,deepseek-ai/DeepSeek-Coder-V2-Lite-Instruct,1,0,1,0,lenient,0.0,14.0,0.0
2026-08-11 23:42:58,IA15_m-deepseek-coder-v2-lite_sol1_gd0_rs0_bd1_str-lenient_t00_n1,1027,1,1,deepseek-ai/DeepSeek-Coder-V2-Lite-Instruct,1,0,1,0,lenient,0.0,15.0,0.0
2026-08-11 23:43:05,IA15_m-deepseek-coder-v2-lite_sol1_gd0_rs0_bd1_str-lenient_t00_n1,1027,2,1,deepseek-ai/DeepSeek-Coder-V2-Lite-Instruct,1,0,1,0,lenient,0.0,12.0,0.0
2026-08-11 23:43:13,IA15_m-deepseek-coder-v2-lite_sol1_gd0_rs0_bd1_str-lenient_t00_n1,1027,3,1,deepseek-ai/DeepSeek-Coder-V2-Lite-Instruct,1,0,1,0,lenient,0.0,16.0,0.0
2026-08-11 23:43:21,IA15_m-deepseek-coder-v2-lite_sol1_gd0_rs0_bd1_str-lenient_t00_n1,1028,1,1,deepseek-ai/DeepSeek-Coder-V2-Lite-Instruct,1,0,1,0,lenient,0.0,18.0,0.0
2026-08-11 23:43:28,IA15_m-deepseek-coder-v2-lite_sol1_gd0_rs0_bd1_str-lenient_t00_n1,1028,2,1,deepseek-ai/DeepSeek-Coder-V2-Lite-Instruct,1,0,1,0,lenient,0.0,12.0,0.0
2026-08-11 23:43:35,IA15_m-deepseek-coder-v2-lite_sol1_gd0_rs0_bd1_str-lenient_t00_n1,1028,3,1,deepseek-ai/DeepSeek-Coder-V2-Lite-Instruct,1,0,1,0,lenient,0.0,16.0,0.0
2026-08-11 23:43:44,IA15_m-deepseek-coder-v2-lite_sol1_gd0_rs0_bd1_str-lenient_t00_n1,1029,1,1,deepseek-ai/DeepSeek-Coder-V2-Lite-Instruct,1,0,1,0,lenient,0.0,18.0,0.0
2026-08-11 23:43:49,IA15_m-deepseek-coder-v2-lite_sol1_gd0_rs0_bd1_str-lenient_t00_n1,1029,2,1,deepseek-ai/DeepSeek-Coder-V2-Lite-Instruct,1,0,1,0,lenient,0.0,12.0,0.0
2026-08-11 23:43:56,IA15_m-deepseek-coder-v2-lite_sol1_gd0_rs0_bd1_str-lenient_t00_n1,1029,3,1,deepseek-ai/DeepSeek-Coder-V2-Lite-Instruct,1,0,1,0,lenient,0.0,16.0,0.0
2026-08-11 23:44:04,IA15_m-deepseek-coder-v2-lite_sol1_gd0_rs0_bd1_str-lenient_t00_n1,1030,1,1,deepseek-ai/DeepSeek-Coder-V2-Lite-Instruct,1,0,1,0,lenient,0.0,18.0,0.0
2026-08-11 23:44:09,IA15_m-deepseek-coder-v2-lite_sol1_gd0_rs0_bd1_str-lenient_t00_n1,1030,2,1,deepseek-ai/DeepSeek-Coder-V2-Lite-Instruct,1,0,1,0,lenient,0.0,12.0,0.0
2026-08-11 23:44:17,IA15_m-deepseek-coder-v2-lite_sol1_gd0_rs0_bd1_str-lenient_t00_n1,1030,3,1,deepseek-ai/DeepSeek-Coder-V2-Lite-Instruct,1,0,1,0,lenient,0.0,16.0,0.0
2026-08-11 23:44:25,IA15_m-deepseek-coder-v2-lite_sol1_gd0_rs0_bd1_str-lenient_t00_n1,1031,1,1,deepseek-ai/DeepSeek-Coder-V2-Lite-Instruct,1,0,1,0,lenient,0.0,18.0,0.0
2026-08-11 23:44:31,IA15_m-deepseek-coder-v2-lite_sol1_gd0_rs0_bd1_str-lenient_t00_n1,1031,2,1,deepseek-ai/DeepSeek-Coder-V2-Lite-Instruct,1,0,1,0,lenient,0.0,12.0,0.0
2026-08-11 23:44:39,IA15_m-deepseek-coder-v2-lite_sol1_gd0_rs0_bd1_str-lenient_t00_n1,1031,3,1,deepseek-ai/DeepSeek-Coder-V2-Lite-Instruct,1,0,1,0,lenient,0.0,16.0,0.0
2026-08-11 23:44:46,IA15_m-deepseek-coder-v2-lite_sol1_gd0_rs0_bd1_str-lenient_t00_n1,1032,1,1,deepseek-ai/DeepSeek-Coder-V2-Lite-Instruct,1,0,1,0,lenient,0.0,18.0,0.0
2026-08-11 23:44:54,IA15_m-deepseek-coder-v2-lite_sol1_gd0_rs0_bd1_str-lenient_t00_n1,1032,3,1,deepseek-ai/DeepSeek-Coder-V2-Lite-Instruct,1,0,1,0,lenient,0.0,14.0,0.0
2026-08-11 23:45:01,IA15_m-deepseek-coder-v2-lite_sol1_gd0_rs0_bd1_str-lenient_t00_n1,1033,1,1,deepseek-ai/DeepSeek-Coder-V2-Lite-Instruct,1,0,1,0,lenient,0.0,18.0,0.0
2026-08-11 23:45:08,IA15_m-deepseek-coder-v2-lite_sol1_gd0_rs0_bd1_str-lenient_t00_n1,1033,2,1,deepseek-ai/DeepSeek-Coder-V2-Lite-Instruct,1,0,1,0,lenient,0.0,13.0,0.0
2026-08-11 23:45:16,IA15_m-deepseek-coder-v2-lite_sol1_gd0_rs0_bd1_str-lenient_t00_n1,1033,3,1,deepseek-ai/DeepSeek-Coder-V2-Lite-Instruct,1,0,1,0,lenient,0.0,17.0,0.0
2026-08-11 23:45:23,IA15_m-deepseek-coder-v2-lite_sol1_gd0_rs0_bd1_str-lenient_t00_n1,1034,1,1,deepseek-ai/DeepSeek-Coder-V2-Lite-Instruct,1,0,1,0,lenient,0.0,18.0,0.0
2026-08-11 23:45:30,IA15_m-deepseek-coder-v2-lite_sol1_gd0_rs0_bd1_str-lenient_t00_n1,1034,2,1,deepseek-ai/DeepSeek-Coder-V2-Lite-Instruct,1,0,1,0,lenient,0.0,13.0,0.0
2026-08-11 23:45:37,IA15_m-deepseek-coder-v2-lite_sol1_gd0_rs0_bd1_str-lenient_t00_n1,1034,3,1,deepseek-ai/DeepSeek-Coder-V2-Lite-Instruct,1,0,1,0,lenient,0.0,17.0,0.0
2026-08-11 23:45:46,IA15_m-deepseek-coder-v2-lite_sol1_gd0_rs0_bd1_str-lenient_t00_n1,1035,1,1,deepseek-ai/DeepSeek-Coder-V2-Lite-Instruct,1,0,1,0,lenient,0.0,18.0,0.0
2026-08-11 23:45:53,IA15_m-deepseek-coder-v2-lite_sol1_gd0_rs0_bd1_str-lenient_t00_n1,1035,2,1,deepseek-ai/DeepSeek-Coder-V2-Lite-Instruct,1,0,1,0,lenient,0.0,12.0,0.0
2026-08-11 23:45:59,IA15_m-deepseek-coder-v2-lite_sol1_gd0_rs0_bd1_str-lenient_t00_n1,1035,3,1,deepseek-ai/DeepSeek-Coder-V2-Lite-Instruct,1,0,1,0,lenient,0.0,15.0,0.0
2026-08-11 23:46:07,IA15_m-deepseek-coder-v2-lite_sol1_gd0_rs0_bd1_str-lenient_t00_n1,1036,1,1,deepseek-ai/DeepSeek-Coder-V2-Lite-Instruct,1,0,1,0,lenient,0.0,18.0,0.0
2026-08-11 23:46:13,IA15_m-deepseek-coder-v2-lite_sol1_gd0_rs0_bd1_str-lenient_t00_n1,1036,2,1,deepseek-ai/DeepSeek-Coder-V2-Lite-Instruct,1,0,1,0,lenient,0.0,12.0,0.0
2026-08-11 23:46:20,IA15_m-deepseek-coder-v2-lite_sol1_gd0_rs0_bd1_str-lenient_t00_n1,1036,3,1,deepseek-ai/DeepSeek-Coder-V2-Lite-Instruct,1,0,1,0,lenient,0.0,14.0,0.0
2026-08-11 23:46:27,IA15_m-deepseek-coder-v2-lite_sol1_gd0_rs0_bd1_str-lenient_t00_n1,1037,1,1,deepseek-ai/DeepSeek-Coder-V2-Lite-Instruct,1,0,1,0,lenient,0.0,18.0,0.0
2026-08-11 23:46:33,IA15_m-deepseek-coder-v2-lite_sol1_gd0_rs0_bd1_str-lenient_t00_n1,1037,2,1,deepseek-ai/DeepSeek-Coder-V2-Lite-Instruct,1,0,1,0,lenient,0.0,12.0,0.0
2026-08-11 23:46:40,IA15_m-deepseek-coder-v2-lite_sol1_gd0_rs0_bd1_str-lenient_t00_n1,1037,3,1,deepseek-ai/DeepSeek-Coder-V2-Lite-Instruct,1,0,1,0,lenient,0.0,14.0,0.0
2026-08-11 23:46:48,IA15_m-deepseek-coder-v2-lite_sol1_gd0_rs0_bd1_str-lenient_t00_n1,1038,1,1,deepseek-ai/DeepSeek-Coder-V2-Lite-Instruct,1,0,1,0,lenient,0.0,18.0,0.0
2026-08-11 23:46:54,IA15_m-deepseek-coder-v2-lite_sol1_gd0_rs0_bd1_str-lenient_t00_n1,1038,2,1,deepseek-ai/DeepSeek-Coder-V2-Lite-Instruct,1,0,1,0,lenient,0.0,12.0,0.0
2026-08-11 23:47:01,IA15_m-deepseek-coder-v2-lite_sol1_gd0_rs0_bd1_str-lenient_t00_n1,1038,3,1,deepseek-ai/DeepSeek-Coder-V2-Lite-Instruct,1,0,1,0,lenient,0.0,14.0,0.0
