timestamp,tag,student,question,run,model,use_solution,use_reasoning,use_breakdown,use_guidelines,strictness,temperature,score,bonus
2026-08-12 05:10:29,IA44_m-glm4-9b_sol1_gd0_rs0_bd1_str-rigorous_t00_n1,1,1,1,zai-org/GLM-4-9B-0414,1,0,1,0,rigorous,0.0,12.0,0.0
2026-08-12 05:10:36,IA44_m-glm4-9b_sol1_gd0_rs0_bd1_str-rigorous_t00_n1,1,3,1,zai-org/GLM-4-9B-0414,1,0,1,0,rigorous,0.0,0.0,0.0
2026-08-12 05:10:45,IA44_m-glm4-9b_sol1_gd0_rs0_bd1_str-rigorous_t00_n1,2,1,1,zai-org/GLM-4-9B-0414,1,0,1,0,rigorous,0.0,0.0,0.0
2026-08-12 05:10:52,IA44_m-glm4-9b_sol1_gd0_rs0_bd1_str-rigorous_t00_n1,2,2,1,zai-org/GLM-4-9B-0414,1,0,1,0,rigorous,0.0,14.0,0.0
2026-08-12 05:11:00,IA44_m-glm4-9b_sol1_gd0_rs0_bd1_str-rigorous_t00_n1,2,3,1,zai-org/GLM-4-9B-0414,1,0,1,0,rigorous,0.0,16.0,0.0
2026-08-12 05:11:09,IA44_m-glm4-9b_sol1_gd0_rs0_bd1_str-rigorous_t00_n1,3,1,1,zai-org/GLM-4-9B-0414,1,0,1,0,rigorous,0.0,0.0,0.0
2026-08-12 05:11:16,IA44_m-glm4-9b_sol1_gd0_rs0_bd1_str-rigorous_t00_n1,3,2,1,zai-org/GLM-4-9B-0414,1,0,1,0,rigorous,0.0,14.0,0.0
2026-08-12 05:11:24,IA44_m-glm4-9b_sol1_gd0_rs0_bd1_str-rigorous_t00_n1,3,3,1,zai-org/GLM-4-9B-0414,1,0,1,0,rigorous,0.0,14.0,0.0
2026-08-12 05:11:27,IA44_m-glm4-9b_sol1_gd0_rs0_bd1_str-rigorous_t00_n1,4,1,1,zai-org/GLM-4-9B-0414,1,0,1,0,rigorous,0.0,10.0,0.0
2026-08-12 05:11:33,IA44_m-glm4-9b_sol1_gd0_rs0_bd1_str-rigorous_t00_n1,4,2,1,zai-org/GLM-4-9B-0414,1,0,1,0,rigorous,0.0,14.0,0.0
2026-08-12 05:11:43,IA44_m-glm4-9b_sol1_gd0_rs0_bd1_str-rigorous_t00_n1,4,3,1,zai-org/GLM-4-9B-0414,1,0,1,0,rigorous,0.0,14.0,0.0
2026-08-12 05:11:46,IA44_m-glm4-9b_sol1_gd0_rs0_bd1_str-rigorous_t00_n1,5,1,1,zai-org/GLM-4-9B-0414,1,0,1,0,rigorous,0.0,15.0,0.0
2026-08-12 05:11:53,IA44_m-glm4-9b_sol1_gd0_rs0_bd1_str-rigorous_t00_n1,5,2,1,zai-org/GLM-4-9B-0414,1,0,1,0,rigorous,0.0,14.0,0.0
2026-08-12 05:12:01,IA44_m-glm4-9b_sol1_gd0_rs0_bd1_str-rigorous_t00_n1,5,3,1,zai-org/GLM-4-9B-0414,1,0,1,0,rigorous,0.0,16.0,0.0
2026-08-12 05:12:10,IA44_m-glm4-9b_sol1_gd0_rs0_bd1_str-rigorous_t00_n1,6,1,1,zai-org/GLM-4-9B-0414,1,0,1,0,rigorous,0.0,15.0,0.0
2026-08-12 05:12:16,IA44_m-glm4-9b_sol1_gd0_rs0_bd1_str-rigorous_t00_n1,6,2,1,zai-org/GLM-4-9B-0414,1,0,1,0,rigorous,0.0,14.0,0.0
2026-08-12 05:12:20,IA44_m-glm4-9b_sol1_gd0_rs0_bd1_str-rigorous_t00_n1,6,3,1,zai-org/GLM-4-9B-0414,1,0,1,0,rigorous,0.0,14.0,0.0
2026-08-12 05:12:30,IA44_m-glm4-9b_sol1_gd0_rs0_bd1_str-rigorous_t00_n1,7,1,1,zai-org/GLM-4-9B-0414,1,0,1,0,rigorous,0.0,10.0,0.0
2026-08-12 05:12:39,IA44_m-glm4-9b_sol1_gd0_rs0_bd1_str-rigorous_t00_n1,8,1,1,zai-org/GLM-4-9B-0414,1,0,1,0,rigorous,0.0,0.0,0.0
2026-08-12 05:12:44,IA44_m-glm4-9b_sol1_gd0_rs0_bd1_str-rigorous_t00_n1,8,2,1,zai-org/GLM-4-9B-0414,1,0,1,0,rigorous,0.0,0.0,0.0
2026-08-12 05:12:51,IA44_m-glm4-9b_sol1_gd0_rs0_bd1_str-rigorous_t00_n1,8,3,1,zai-org/GLM-4-9B-0414,1,0,1,0,rigorous,0.0,0.0,0.0
2026-08-12 05:12:59,IA44_m-glm4-9b_sol1_gd0_rs0_bd1_str-rigorous_t00_n1,9,1,1,zai-org/GLM-4-9B-0414,1,0,1,0,rigorous,0.0,15.0,0.0
2026-08-12 05:13:04,IA44_m-glm4-9b_sol1_gd0_rs0_bd1_str-rigorous_t00_n1,9,2,1,zai-org/GLM-4-9B-0414,1,0,1,0,rigorous,0.0,12.0,0.0
2026-08-12 05:13:12,IA44_m-glm4-9b_sol1_gd0_rs0_bd1_str-rigorous_t00_n1,9,3,1,zai-org/GLM-4-9B-0414,1,0,1,0,rigorous,0.0,10.0,0.0
2026-08-12 05:13:20,IA44_m-glm4-9b_sol1_gd0_rs0_bd1_str-rigorous_t00_n1,10,1,1,zai-org/GLM-4-9B-0414,1,0,1,0,rigorous,0.0,22.0,0.0
2026-08-12 05:13:26,IA44_m-glm4-9b_sol1_gd0_rs0_bd1_str-rigorous_t00_n1,10,2,1,zai-org/GLM-4-9B-0414,1,0,1,0,rigorous,0.0,14.0,3.0
2026-08-12 05:13:34,IA44_m-glm4-9b_sol1_gd0_rs0_bd1_str-rigorous_t00_n1,10,3,1,zai-org/GLM-4-9B-0414,1,0,1,0,rigorous,0.0,19.0,0.0
2026-08-12 05:13:44,IA44_m-glm4-9b_sol1_gd0_rs0_bd1_str-rigorous_t00_n1,11,1,1,zai-org/GLM-4-9B-0414,1,0,1,0,rigorous,0.0,10.0,0.0
2026-08-12 05:13:49,IA44_m-glm4-9b_sol1_gd0_rs0_bd1_str-rigorous_t00_n1,11,2,1,zai-org/GLM-4-9B-0414,1,0,1,0,rigorous,0.0,14.0,0.0
2026-08-12 05:13:58,IA44_m-glm4-9b_sol1_gd0_rs0_bd1_str-rigorous_t00_n1,11,3,1,zai-org/GLM-4-9B-0414,1,0,1,0,rigorous,0.0,16.0,0.0
2026-08-12 05:14:07,IA44_m-glm4-9b_sol1_gd0_rs0_bd1_str-rigorous_t00_n1,12,1,1,zai-org/GLM-4-9B-0414,1,0,1,0,rigorous,0.0,10.0,0.0
2026-08-12 05:14:13,IA44_m-glm4-9b_sol1_gd0_rs0_bd1_str-rigorous_t00_n1,12,2,1,zai-org/GLM-4-9B-0414,1,0,1,0,rigorous,0.0,14.0,0.0
2026-08-12 05:14:20,IA44_m-glm4-9b_sol1_gd0_rs0_bd1_str-rigorous_t00_n1,12,3,1,zai-org/GLM-4-9B-0414,1,0,1,0,rigorous,0.0,10.0,0.0
2026-08-12 05:14:30,IA44_m-glm4-9b_sol1_gd0_rs0_bd1_str-rigorous_t00_n1,13,1,1,zai-org/GLM-4-9B-0414,1,0,1,0,rigorous,0.0,10.0,0.0
2026-08-12 05:14:35,IA44_m-glm4-9b_sol1_gd0_rs0_bd1_str-rigorous_t00_n1,13,2,1,zai-org/GLM-4-9B-0414,1,0,1,0,rigorous,0.0,14.0,0.0
2026-08-12 05:14:43,IA44_m-glm4-9b_sol1_gd0_rs0_bd1_str-rigorous_t00_n1,13,3,1,zai-org/GLM-4-9B-0414,1,0,1,0,rigorous,0.0,10.0,0.0
2026-08-12 05:14:54,IA44_m-glm4-9b_sol1_gd0_rs0_bd1_str-rigorous_t00_n1,14,1,1,zai-org/GLM-4-9B-0414,1,0,1,0,rigorous,0.0,15.0,0.0
2026-08-12 05:14:59,IA44_m-glm4-9b_sol1_gd0_rs0_bd1_str-rigorous_t00_n1,14,2,1,zai-org/GLM-4-9B-0414,1,0,1,0,rigorous,0.0,14.0,0.0
2026-08-12 05:15:07,IA44_m-glm4-9b_sol1_gd0_rs0_bd1_str-rigorous_t00_n1,14,3,1,zai-org/GLM-4-9B-0414,1,0,1,0,rigorous,0.0,14.0,0.0
2026-08-12 05:15:15,IA44_m-glm4-9b_sol1_gd0_rs0_bd1_str-rigorous_t00_n1,15,1,1,zai-org/GLM-4-9B-0414,1,0,1,0,rigorous,0.0,15.0,0.0
2026-08-12 05:15:21,IA44_m-glm4-9b_sol1_gd0_rs0_bd1_str-rigorous_t00_n1,15,2,1,zai-org/GLM-4-9B-0414,1,0,1,0,rigorous,0.0,14.0,0.0
2026-08-12 05:15:28,IA44_m-glm4-9b_sol1_gd0_rs0_bd1_str-rigorous_t00_n1,15,3,1,zai-org/GLM-4-9B-0414,1,0,1,0,rigorous,0.0,14.0,0.0
2026-08-12 05:15:36,IA44_m-glm4-9b_sol1_gd0_rs0_bd1_str-rigorous_t00_n1,16,1,1,zai-org/GLM-4-9B-0414,1,0,1,0,rigorous,0.0,10.0,0.0
2026-08-12 05:15:41,IA44_m-glm4-9b_sol1_gd0_rs0_bd1_str-rigorous_t00_n1,16,2,1,zai-org/GLM-4-9B-0414,1,0,1,0,rigorous,0.0,14.0,0.0
2026-08-12 05:15:50,IA44_m-glm4-9b_sol1_gd0_rs0_bd1_str-rigorous_t00_n1,17,1,1,zai-org/GLM-4-9B-0414,1,0,1,0,rigorous,0.0,10.0,0.0
2026-08-12 05:15:56,IA44_m-glm4-9b_sol1_gd0_rs0_bd1_str-rigorous_t00_n1,17,2,1,zai-org/GLM-4-9B-0414,1,0,1,0,rigorous,0.0,14.0,0.0
2026-08-12 05:16:03,IA44_m-glm4-9b_sol1_gd0_rs0_bd1_str-rigorous_t00_n1,17,3,1,zai-org/GLM-4-9B-0414,1,0,1,0,rigorous,0.0,0.0,0.0
2026-08-12 05:16:08,IA44_m-glm4-9b_sol1_gd0_rs0_bd1_str-rigorous_t00_n1,18,1,1,zai-org/GLM-4-9B-0414,1,0,1,0,rigorous,0.0,10.0,0.0
2026-08-12 05:16:13,IA44_m-glm4-9b_sol1_gd0_rs0_bd1_str-rigorous_t00_n1,18,2,1,zai-org/GLM-4-9B-0414,1,0,1,0,rigorous,0.0,10.0,0.0
2026-08-12 05:16:21,IA44_m-glm4-9b_sol1_gd0_rs0_bd1_str-rigorous_t00_n1,18,3,1,zai-org/GLM-4-9B-0414,1,0,1,0,rigorous,0.0,10.0,0.0
2026-08-12 05:16:31,IA44_m-glm4-9b_sol1_gd0_rs0_bd1_str-rigorous_t00_n1,19,1,1,zai-org/GLM-4-9B-0414,1,0,1,0,rigorous,0.0,0.0,0.0
2026-08-12 05:16:34,IA44_m-glm4-9b_sol1_gd0_rs0_bd1_str-rigorous_t00_n1,20,1,1,zai-org/GLM-4-9B-0414,1,0,1,0,rigorous,0.0,10.0,0.0
2026-08-12 05:16:40,IA44_m-glm4-9b_sol1_gd0_rs0_bd1_str-rigorous_t00_n1,20,2,1,zai-org/GLM-4-9B-0414,1,0,1,0,rigorous,0.0,13.0,0.0
2026-08-12 05:16:47,IA44_m-glm4-9b_sol1_gd0_rs0_bd1_str-rigorous_t00_n1,20,3,1,zai-org/GLM-4-9B-0414,1,0,1,0,rigorous,0.0,10.0,0.0
2026-08-12 05:16:57,IA44_m-glm4-9b_sol1_gd0_rs0_bd1_str-rigorous_t00_n1,21,1,1,zai-org/GLM-4-9B-0414,1,0,1,0,rigorous,0.0,15.0,0.0
2026-08-12 05:17:03,IA44_m-glm4-9b_sol1_gd0_rs0_bd1_str-rigorous_t00_n1,21,2,1,zai-org/GLM-4-9B-0414,1,0,1,0,rigorous,0.0,14.0,0.0
2026-08-12 05:17:11,IA44_m-glm4-9b_sol1_gd0_rs0_bd1_str-rigorous_t00_n1,21,3,1,zai-org/GLM-4-9B-0414,1,0,1,0,rigorous,0.0,16.0,0.0
2026-08-12 05:17:16,IA44_m-glm4-9b_sol1_gd0_rs0_bd1_str-rigorous_t00_n1,22,2,1,zai-org/GLM-4-9B-0414,1,0,1,0,rigorous,0.0,14.0,0.0
2026-08-12 05:17:26,IA44_m-glm4-9b_sol1_gd0_rs0_bd1_str-rigorous_t00_n1,23,1,1,zai-org/GLM-4-9B-0414,1,0,1,0,rigorous,0.0,15.0,0.0
2026-08-12 05:17:32,IA44_m-glm4-9b_sol1_gd0_rs0_bd1_str-rigorous_t00_n1,23,2,1,zai-org/GLM-4-9B-0414,1,0,1,0,rigorous,0.0,14.0,0.0
2026-08-12 05:17:40,IA44_m-glm4-9b_sol1_gd0_rs0_bd1_str-rigorous_t00_n1,23,3,1,zai-org/GLM-4-9B-0414,1,0,1,0,rigorous,0.0,16.0,0.0
2026-08-12 05:17:49,IA44_m-glm4-9b_sol1_gd0_rs0_bd1_str-rigorous_t00_n1,24,1,1,zai-org/GLM-4-9B-0414,1,0,1,0,rigorous,0.0,15.0,0.0
2026-08-12 05:17:54,IA44_m-glm4-9b_sol1_gd0_rs0_bd1_str-rigorous_t00_n1,24,2,1,zai-org/GLM-4-9B-0414,1,0,1,0,rigorous,0.0,14.0,0.0
2026-08-12 05:17:58,IA44_m-glm4-9b_sol1_gd0_rs0_bd1_str-rigorous_t00_n1,24,3,1,zai-org/GLM-4-9B-0414,1,0,1,0,rigorous,0.0,10.0,0.0
2026-08-12 05:18:07,IA44_m-glm4-9b_sol1_gd0_rs0_bd1_str-rigorous_t00_n1,25,1,1,zai-org/GLM-4-9B-0414,1,0,1,0,rigorous,0.0,10.0,0.0
2026-08-12 05:18:13,IA44_m-glm4-9b_sol1_gd0_rs0_bd1_str-rigorous_t00_n1,25,2,1,zai-org/GLM-4-9B-0414,1,0,1,0,rigorous,0.0,14.0,0.0
2026-08-12 05:18:17,IA44_m-glm4-9b_sol1_gd0_rs0_bd1_str-rigorous_t00_n1,25,3,1,zai-org/GLM-4-9B-0414,1,0,1,0,rigorous,0.0,14.0,0.0
2026-08-12 05:18:26,IA44_m-glm4-9b_sol1_gd0_rs0_bd1_str-rigorous_t00_n1,26,1,1,zai-org/GLM-4-9B-0414,1,0,1,0,rigorous,0.0,10.0,0.0
2026-08-12 05:18:32,IA44_m-glm4-9b_sol1_gd0_rs0_bd1_str-rigorous_t00_n1,26,2,1,zai-org/GLM-4-9B-0414,1,0,1,0,rigorous,0.0,10.0,0.0
2026-08-12 05:18:41,IA44_m-glm4-9b_sol1_gd0_rs0_bd1_str-rigorous_t00_n1,27,1,1,zai-org/GLM-4-9B-0414,1,0,1,0,rigorous,0.0,15.0,0.0
2026-08-12 05:18:46,IA44_m-glm4-9b_sol1_gd0_rs0_bd1_str-rigorous_t00_n1,27,2,1,zai-org/GLM-4-9B-0414,1,0,1,0,rigorous,0.0,14.0,0.0
2026-08-12 05:18:55,IA44_m-glm4-9b_sol1_gd0_rs0_bd1_str-rigorous_t00_n1,27,3,1,zai-org/GLM-4-9B-0414,1,0,1,0,rigorous,0.0,16.0,0.0
2026-08-12 05:18:58,IA44_m-glm4-9b_sol1_gd0_rs0_bd1_str-rigorous_t00_n1,28,1,1,zai-org/GLM-4-9B-0414,1,0,1,0,rigorous,0.0,0.0,0.0
2026-08-12 05:19:04,IA44_m-glm4-9b_sol1_gd0_rs0_bd1_str-rigorous_t00_n1,28,2,1,zai-org/GLM-4-9B-0414,1,0,1,0,rigorous,0.0,14.0,0.0
2026-08-12 05:19:13,IA44_m-glm4-9b_sol1_gd0_rs0_bd1_str-rigorous_t00_n1,28,3,1,zai-org/GLM-4-9B-0414,1,0,1,0,rigorous,0.0,16.0,0.0
2026-08-12 05:19:21,IA44_m-glm4-9b_sol1_gd0_rs0_bd1_str-rigorous_t00_n1,29,1,1,zai-org/GLM-4-9B-0414,1,0,1,0,rigorous,0.0,23.0,0.0
2026-08-12 05:19:27,IA44_m-glm4-9b_sol1_gd0_rs0_bd1_str-rigorous_t00_n1,29,2,1,zai-org/GLM-4-9B-0414,1,0,1,0,rigorous,0.0,14.0,3.0
2026-08-12 05:19:32,IA44_m-glm4-9b_sol1_gd0_rs0_bd1_str-rigorous_t00_n1,29,3,1,zai-org/GLM-4-9B-0414,1,0,1,0,rigorous,0.0,19.0,0.0
2026-08-12 05:19:41,IA44_m-glm4-9b_sol1_gd0_rs0_bd1_str-rigorous_t00_n1,30,1,1,zai-org/GLM-4-9B-0414,1,0,1,0,rigorous,0.0,10.0,0.0
2026-08-12 05:19:48,IA44_m-glm4-9b_sol1_gd0_rs0_bd1_str-rigorous_t00_n1,30,2,1,zai-org/GLM-4-9B-0414,1,0,1,0,rigorous,0.0,14.0,0.0
2026-08-12 05:19:56,IA44_m-glm4-9b_sol1_gd0_rs0_bd1_str-rigorous_t00_n1,30,3,1,zai-org/GLM-4-9B-0414,1,0,1,0,rigorous,0.0,16.0,0.0
2026-08-12 05:20:05,IA44_m-glm4-9b_sol1_gd0_rs0_bd1_str-rigorous_t00_n1,31,1,1,zai-org/GLM-4-9B-0414,1,0,1,0,rigorous,0.0,4.0,0.0
2026-08-12 05:20:11,IA44_m-glm4-9b_sol1_gd0_rs0_bd1_str-rigorous_t00_n1,31,2,1,zai-org/GLM-4-9B-0414,1,0,1,0,rigorous,0.0,10.0,0.0
2026-08-12 05:20:15,IA44_m-glm4-9b_sol1_gd0_rs0_bd1_str-rigorous_t00_n1,31,3,1,zai-org/GLM-4-9B-0414,1,0,1,0,rigorous,0.0,10.0,0.0
2026-08-12 05:20:25,IA44_m-glm4-9b_sol1_gd0_rs0_bd1_str-rigorous_t00_n1,32,1,1,zai-org/GLM-4-9B-0414,1,0,1,0,rigorous,0.0,10.0,0.0
2026-08-12 05:20:31,IA44_m-glm4-9b_sol1_gd0_rs0_bd1_str-rigorous_t00_n1,32,2,1,zai-org/GLM-4-9B-0414,1,0,1,0,rigorous,0.0,14.0,0.0
2026-08-12 05:20:38,IA44_m-glm4-9b_sol1_gd0_rs0_bd1_str-rigorous_t00_n1,32,3,1,zai-org/GLM-4-9B-0414,1,0,1,0,rigorous,0.0,10.0,0.0
2026-08-12 05:20:47,IA44_m-glm4-9b_sol1_gd0_rs0_bd1_str-rigorous_t00_n1,33,1,1,zai-org/GLM-4-9B-0414,1,0,1,0,rigorous,0.0,12.0,0.0
2026-08-12 05:20:52,IA44_m-glm4-9b_sol1_gd0_rs0_bd1_str-rigorous_t00_n1,33,2,1,zai-org/GLM-4-9B-0414,1,0,1,0,rigorous,0.0,0.0,0.0
2026-08-12 05:20:55,IA44_m-glm4-9b_sol1_gd0_rs0_bd1_str-rigorous_t00_n1,33,3,1,zai-org/GLM-4-9B-0414,1,0,1,0,rigorous,0.0,0.0,0.0
2026-08-12 05:21:04,IA44_m-glm4-9b_sol1_gd0_rs0_bd1_str-rigorous_t00_n1,34,1,1,zai-org/GLM-4-9B-0414,1,0,1,0,rigorous,0.0,0.0,0.0
2026-08-12 05:21:13,IA44_m-glm4-9b_sol1_gd0_rs0_bd1_str-rigorous_t00_n1,35,1,1,zai-org/GLM-4-9B-0414,1,0,1,0,rigorous,0.0,0.0,0.0
2026-08-12 05:21:20,IA44_m-glm4-9b_sol1_gd0_rs0_bd1_str-rigorous_t00_n1,35,2,1,zai-org/GLM-4-9B-0414,1,0,1,0,rigorous,0.0,14.0,0.0
2026-08-12 05:21:27,IA44_m-glm4-9b_sol1_gd0_rs0_bd1_str-rigorous_t00_n1,35,3,1,zai-org/GLM-4-9B-0414,1,0,1,0,rigorous,0.0,0.0,0.0
2026-08-12 05:21:30,IA44_m-glm4-9b_sol1_gd0_rs0_bd1_str-rigorous_t00_n1,36,1,1,zai-org/GLM-4-9B-0414,1,0,1,0,rigorous,0.0,0.0,0.0
2026-08-12 05:21:39,IA44_m-glm4-9b_sol1_gd0_rs0_bd1_str-rigorous_t00_n1,37,1,1,zai-org/GLM-4-9B-0414,1,0,1,0,rigorous,0.0,4.0,0.0
2026-08-12 05:21:44,IA44_m-glm4-9b_sol1_gd0_rs0_bd1_str-rigorous_t00_n1,37,2,1,zai-org/GLM-4-9B-0414,1,0,1,0,rigorous,0.0,4.0,0.0
2026-08-12 05:21:51,IA44_m-glm4-9b_sol1_gd0_rs0_bd1_str-rigorous_t00_n1,37,3,1,zai-org/GLM-4-9B-0414,1,0,1,0,rigorous,0.0,0.0,0.0
2026-08-12 05:22:00,IA44_m-glm4-9b_sol1_gd0_rs0_bd1_str-rigorous_t00_n1,38,1,1,zai-org/GLM-4-9B-0414,1,0,1,0,rigorous,0.0,15.0,0.0
2026-08-12 05:22:06,IA44_m-glm4-9b_sol1_gd0_rs0_bd1_str-rigorous_t00_n1,38,2,1,zai-org/GLM-4-9B-0414,1,0,1,0,rigorous,0.0,14.0,0.0
2026-08-12 05:22:14,IA44_m-glm4-9b_sol1_gd0_rs0_bd1_str-rigorous_t00_n1,38,3,1,zai-org/GLM-4-9B-0414,1,0,1,0,rigorous,0.0,10.0,0.0
2026-08-12 05:22:18,IA44_m-glm4-9b_sol1_gd0_rs0_bd1_str-rigorous_t00_n1,39,1,1,zai-org/GLM-4-9B-0414,1,0,1,0,rigorous,0.0,10.0,0.0
2026-08-12 05:22:23,IA44_m-glm4-9b_sol1_gd0_rs0_bd1_str-rigorous_t00_n1,39,2,1,zai-org/GLM-4-9B-0414,1,0,1,0,rigorous,0.0,14.0,0.0
2026-08-12 05:22:31,IA44_m-glm4-9b_sol1_gd0_rs0_bd1_str-rigorous_t00_n1,39,3,1,zai-org/GLM-4-9B-0414,1,0,1,0,rigorous,0.0,16.0,0.0
2026-08-12 05:22:40,IA44_m-glm4-9b_sol1_gd0_rs0_bd1_str-rigorous_t00_n1,40,1,1,zai-org/GLM-4-9B-0414,1,0,1,0,rigorous,0.0,15.0,0.0
2026-08-12 05:22:47,IA44_m-glm4-9b_sol1_gd0_rs0_bd1_str-rigorous_t00_n1,40,2,1,zai-org/GLM-4-9B-0414,1,0,1,0,rigorous,0.0,14.0,0.0
2026-08-12 05:22:55,IA44_m-glm4-9b_sol1_gd0_rs0_bd1_str-rigorous_t00_n1,40,3,1,zai-org/GLM-4-9B-0414,1,0,1,0,rigorous,0.0,16.0,0.0
2026-08-12 05:22:58,IA44_m-glm4-9b_sol1_gd0_rs0_bd1_str-rigorous_t00_n1,41,1,1,zai-org/GLM-4-9B-0414,1,0,1,0,rigorous,0.0,10.0,0.0
2026-08-12 05:23:04,IA44_m-glm4-9b_sol1_gd0_rs0_bd1_str-rigorous_t00_n1,41,2,1,zai-org/GLM-4-9B-0414,1,0,1,0,rigorous,0.0,14.0,0.0
2026-08-12 05:23:12,IA44_m-glm4-9b_sol1_gd0_rs0_bd1_str-rigorous_t00_n1,41,3,1,zai-org/GLM-4-9B-0414,1,0,1,0,rigorous,0.0,10.0,0.0
2026-08-12 05:23:21,IA44_m-glm4-9b_sol1_gd0_rs0_bd1_str-rigorous_t00_n1,42,1,1,zai-org/GLM-4-9B-0414,1,0,1,0,rigorous,0.0,15.0,0.0
2026-08-12 05:23:28,IA44_m-glm4-9b_sol1_gd0_rs0_bd1_str-rigorous_t00_n1,42,2,1,zai-org/GLM-4-9B-0414,1,0,1,0,rigorous,0.0,14.0,0.0
2026-08-12 05:23:36,IA44_m-glm4-9b_sol1_gd0_rs0_bd1_str-rigorous_t00_n1,42,3,1,zai-org/GLM-4-9B-0414,1,0,1,0,rigorous,0.0,16.0,0.0
2026-08-12 05:23:45,IA44_m-glm4-9b_sol1_gd0_rs0_bd1_str-rigorous_t00_n1,43,1,1,zai-org/GLM-4-9B-0414,1,0,1,0,rigorous,0.0,10.0,0.0
2026-08-12 05:23:51,IA44_m-glm4-9b_sol1_gd0_rs0_bd1_str-rigorous_t00_n1,43,2,1,zai-org/GLM-4-9B-0414,1,0,1,0,rigorous,0.0,14.0,0.0
2026-08-12 05:23:59,IA44_m-glm4-9b_sol1_gd0_rs0_bd1_str-rigorous_t00_n1,43,3,1,zai-org/GLM-4-9B-0414,1,0,1,0,rigorous,0.0,16.0,0.0
2026-08-12 05:24:02,IA44_m-glm4-9b_sol1_gd0_rs0_bd1_str-rigorous_t00_n1,44,1,1,zai-org/GLM-4-9B-0414,1,0,1,0,rigorous,0.0,15.0,0.0
2026-08-12 05:24:08,IA44_m-glm4-9b_sol1_gd0_rs0_bd1_str-rigorous_t00_n1,44,2,1,zai-org/GLM-4-9B-0414,1,0,1,0,rigorous,0.0,14.0,0.0
2026-08-12 05:24:15,IA44_m-glm4-9b_sol1_gd0_rs0_bd1_str-rigorous_t00_n1,44,3,1,zai-org/GLM-4-9B-0414,1,0,1,0,rigorous,0.0,10.0,0.0
2026-08-12 05:24:24,IA44_m-glm4-9b_sol1_gd0_rs0_bd1_str-rigorous_t00_n1,45,1,1,zai-org/GLM-4-9B-0414,1,0,1,0,rigorous,0.0,10.0,0.0
2026-08-12 05:24:29,IA44_m-glm4-9b_sol1_gd0_rs0_bd1_str-rigorous_t00_n1,45,2,1,zai-org/GLM-4-9B-0414,1,0,1,0,rigorous,0.0,10.0,0.0
2026-08-12 05:24:36,IA44_m-glm4-9b_sol1_gd0_rs0_bd1_str-rigorous_t00_n1,45,3,1,zai-org/GLM-4-9B-0414,1,0,1,0,rigorous,0.0,10.0,0.0
2026-08-12 05:24:45,IA44_m-glm4-9b_sol1_gd0_rs0_bd1_str-rigorous_t00_n1,46,1,1,zai-org/GLM-4-9B-0414,1,0,1,0,rigorous,0.0,10.0,0.0
2026-08-12 05:24:51,IA44_m-glm4-9b_sol1_gd0_rs0_bd1_str-rigorous_t00_n1,46,2,1,zai-org/GLM-4-9B-0414,1,0,1,0,rigorous,0.0,14.0,0.0
2026-08-12 05:24:59,IA44_m-glm4-9b_sol1_gd0_rs0_bd1_str-rigorous_t00_n1,46,3,1,zai-org/GLM-4-9B-0414,1,0,1,0,rigorous,0.0,14.0,0.0
2026-08-12 05:25:08,IA44_m-glm4-9b_sol1_gd0_rs0_bd1_str-rigorous_t00_n1,47,1,1,zai-org/GLM-4-9B-0414,1,0,1,0,rigorous,0.0,15.0,0.0
2026-08-12 05:25:14,IA44_m-glm4-9b_sol1_gd0_rs0_bd1_str-rigorous_t00_n1,47,2,1,zai-org/GLM-4-9B-0414,1,0,1,0,rigorous,0.0,14.0,0.0
2026-08-12 05:25:21,IA44_m-glm4-9b_sol1_gd0_rs0_bd1_str-rigorous_t00_n1,47,3,1,zai-org/GLM-4-9B-0414,1,0,1,0,rigorous,0.0,14.0,0.0
2026-08-12 05:25:30,IA44_m-glm4-9b_sol1_gd0_rs0_bd1_str-rigorous_t00_n1,48,1,1,zai-org/GLM-4-9B-0414,1,0,1,0,rigorous,0.0,10.0,0.0
2026-08-12 05:25:36,IA44_m-glm4-9b_sol1_gd0_rs0_bd1_str-rigorous_t00_n1,48,2,1,zai-org/GLM-4-9B-0414,1,0,1,0,rigorous,0.0,14.0,0.0
2026-08-12 05:25:43,IA44_m-glm4-9b_sol1_gd0_rs0_bd1_str-rigorous_t00_n1,48,3,1,zai-org/GLM-4-9B-0414,1,0,1,0,rigorous,0.0,10.0,0.0
2026-08-12 05:25:52,IA44_m-glm4-9b_sol1_gd0_rs0_bd1_str-rigorous_t00_n1,49,1,1,zai-org/GLM-4-9B-0414,1,0,1,0,rigorous,0.0,15.0,0.0
2026-08-12 05:25:58,IA44_m-glm4-9b_sol1_gd0_rs0_bd1_str-rigorous_t00_n1,49,2,1,zai-org/GLM-4-9B-0414,1,0,1,0,rigorous,0.0,10.0,0.0
2026-08-12 05:26:05,IA44_m-glm4-9b_sol1_gd0_rs0_bd1_str-rigorous_t00_n1,49,3,1,zai-org/GLM-4-9B-0414,1,0,1,0,rigorous,0.0,14.0,0.0
2026-08-12 05:26:14,IA44_m-glm4-9b_sol1_gd0_rs0_bd1_str-rigorous_t00_n1,50,1,1,zai-org/GLM-4-9B-0414,1,0,1,0,rigorous,0.0,10.0,0.0
2026-08-12 05:26:20,IA44_m-glm4-9b_sol1_gd0_rs0_bd1_str-rigorous_t00_n1,50,2,1,zai-org/GLM-4-9B-0414,1,0,1,0,rigorous,0.0,10.0,0.0
2026-08-12 05:26:28,IA44_m-glm4-9b_sol1_gd0_rs0_bd1_str-rigorous_t00_n1,51,1,1,zai-org/GLM-4-9B-0414,1,0,1,0,rigorous,0.0,15.0,0.0
2026-08-12 05:26:35,IA44_m-glm4-9b_sol1_gd0_rs0_bd1_str-rigorous_t00_n1,51,2,1,zai-org/GLM-4-9B-0414,1,0,1,0,rigorous,0.0,14.0,0.0
2026-08-12 05:26:43,IA44_m-glm4-9b_sol1_gd0_rs0_bd1_str-rigorous_t00_n1,51,3,1,zai-org/GLM-4-9B-0414,1,0,1,0,rigorous,0.0,16.0,0.0
2026-08-12 05:26:46,IA44_m-glm4-9b_sol1_gd0_rs0_bd1_str-rigorous_t00_n1,52,1,1,zai-org/GLM-4-9B-0414,1,0,1,0,rigorous,0.0,15.0,0.0
2026-08-12 05:26:52,IA44_m-glm4-9b_sol1_gd0_rs0_bd1_str-rigorous_t00_n1,52,2,1,zai-org/GLM-4-9B-0414,1,0,1,0,rigorous,0.0,14.0,0.0
2026-08-12 05:27:01,IA44_m-glm4-9b_sol1_gd0_rs0_bd1_str-rigorous_t00_n1,52,3,1,zai-org/GLM-4-9B-0414,1,0,1,0,rigorous,0.0,10.0,0.0
2026-08-12 05:27:04,IA44_m-glm4-9b_sol1_gd0_rs0_bd1_str-rigorous_t00_n1,53,1,1,zai-org/GLM-4-9B-0414,1,0,1,0,rigorous,0.0,10.0,0.0
2026-08-12 05:27:09,IA44_m-glm4-9b_sol1_gd0_rs0_bd1_str-rigorous_t00_n1,53,2,1,zai-org/GLM-4-9B-0414,1,0,1,0,rigorous,0.0,0.0,0.0
2026-08-12 05:27:18,IA44_m-glm4-9b_sol1_gd0_rs0_bd1_str-rigorous_t00_n1,53,3,1,zai-org/GLM-4-9B-0414,1,0,1,0,rigorous,0.0,14.0,0.0
2026-08-12 05:27:28,IA44_m-glm4-9b_sol1_gd0_rs0_bd1_str-rigorous_t00_n1,54,1,1,zai-org/GLM-4-9B-0414,1,0,1,0,rigorous,0.0,15.0,0.0
2026-08-12 05:27:34,IA44_m-glm4-9b_sol1_gd0_rs0_bd1_str-rigorous_t00_n1,54,2,1,zai-org/GLM-4-9B-0414,1,0,1,0,rigorous,0.0,14.0,0.0
2026-08-12 05:27:42,IA44_m-glm4-9b_sol1_gd0_rs0_bd1_str-rigorous_t00_n1,54,3,1,zai-org/GLM-4-9B-0414,1,0,1,0,rigorous,0.0,16.0,0.0
2026-08-12 05:27:52,IA44_m-glm4-9b_sol1_gd0_rs0_bd1_str-rigorous_t00_n1,55,1,1,zai-org/GLM-4-9B-0414,1,0,1,0,rigorous,0.0,15.0,0.0
2026-08-12 05:27:57,IA44_m-glm4-9b_sol1_gd0_rs0_bd1_str-rigorous_t00_n1,55,2,1,zai-org/GLM-4-9B-0414,1,0,1,0,rigorous,0.0,14.0,0.0
2026-08-12 05:28:02,IA44_m-glm4-9b_sol1_gd0_rs0_bd1_str-rigorous_t00_n1,55,3,1,zai-org/GLM-4-9B-0414,1,0,1,0,rigorous,0.0,10.0,0.0
2026-08-12 05:28:10,IA44_m-glm4-9b_sol1_gd0_rs0_bd1_str-rigorous_t00_n1,56,1,1,zai-org/GLM-4-9B-0414,1,0,1,0,rigorous,0.0,19.0,0.0
2026-08-12 05:28:16,IA44_m-glm4-9b_sol1_gd0_rs0_bd1_str-rigorous_t00_n1,56,2,1,zai-org/GLM-4-9B-0414,1,0,1,0,rigorous,0.0,14.0,3.0
2026-08-12 05:28:24,IA44_m-glm4-9b_sol1_gd0_rs0_bd1_str-rigorous_t00_n1,56,3,1,zai-org/GLM-4-9B-0414,1,0,1,0,rigorous,0.0,16.0,0.0
2026-08-12 05:28:32,IA44_m-glm4-9b_sol1_gd0_rs0_bd1_str-rigorous_t00_n1,57,1,1,zai-org/GLM-4-9B-0414,1,0,1,0,rigorous,0.0,10.0,0.0
2026-08-12 05:28:38,IA44_m-glm4-9b_sol1_gd0_rs0_bd1_str-rigorous_t00_n1,57,2,1,zai-org/GLM-4-9B-0414,1,0,1,0,rigorous,0.0,10.0,0.0
2026-08-12 05:28:42,IA44_m-glm4-9b_sol1_gd0_rs0_bd1_str-rigorous_t00_n1,57,3,1,zai-org/GLM-4-9B-0414,1,0,1,0,rigorous,0.0,14.0,0.0
2026-08-12 05:28:52,IA44_m-glm4-9b_sol1_gd0_rs0_bd1_str-rigorous_t00_n1,58,1,1,zai-org/GLM-4-9B-0414,1,0,1,0,rigorous,0.0,15.0,0.0
2026-08-12 05:28:57,IA44_m-glm4-9b_sol1_gd0_rs0_bd1_str-rigorous_t00_n1,58,2,1,zai-org/GLM-4-9B-0414,1,0,1,0,rigorous,0.0,14.0,0.0
2026-08-12 05:29:05,IA44_m-glm4-9b_sol1_gd0_rs0_bd1_str-rigorous_t00_n1,58,3,1,zai-org/GLM-4-9B-0414,1,0,1,0,rigorous,0.0,10.0,0.0
2026-08-12 05:29:15,IA44_m-glm4-9b_sol1_gd0_rs0_bd1_str-rigorous_t00_n1,59,1,1,zai-org/GLM-4-9B-0414,1,0,1,0,rigorous,0.0,15.0,0.0
2026-08-12 05:29:21,IA44_m-glm4-9b_sol1_gd0_rs0_bd1_str-rigorous_t00_n1,59,2,1,zai-org/GLM-4-9B-0414,1,0,1,0,rigorous,0.0,14.0,0.0
2026-08-12 05:29:30,IA44_m-glm4-9b_sol1_gd0_rs0_bd1_str-rigorous_t00_n1,59,3,1,zai-org/GLM-4-9B-0414,1,0,1,0,rigorous,0.0,14.0,0.0
2026-08-12 05:29:40,IA44_m-glm4-9b_sol1_gd0_rs0_bd1_str-rigorous_t00_n1,60,1,1,zai-org/GLM-4-9B-0414,1,0,1,0,rigorous,0.0,22.0,0.0
2026-08-12 05:29:45,IA44_m-glm4-9b_sol1_gd0_rs0_bd1_str-rigorous_t00_n1,60,2,1,zai-org/GLM-4-9B-0414,1,0,1,0,rigorous,0.0,14.0,0.0
2026-08-12 05:29:54,IA44_m-glm4-9b_sol1_gd0_rs0_bd1_str-rigorous_t00_n1,60,3,1,zai-org/GLM-4-9B-0414,1,0,1,0,rigorous,0.0,16.0,0.0
2026-08-12 05:30:04,IA44_m-glm4-9b_sol1_gd0_rs0_bd1_str-rigorous_t00_n1,61,1,1,zai-org/GLM-4-9B-0414,1,0,1,0,rigorous,0.0,22.0,0.0
2026-08-12 05:30:09,IA44_m-glm4-9b_sol1_gd0_rs0_bd1_str-rigorous_t00_n1,61,2,1,zai-org/GLM-4-9B-0414,1,0,1,0,rigorous,0.0,14.0,0.0
2026-08-12 05:30:14,IA44_m-glm4-9b_sol1_gd0_rs0_bd1_str-rigorous_t00_n1,61,3,1,zai-org/GLM-4-9B-0414,1,0,1,0,rigorous,0.0,16.0,0.0
2026-08-12 05:30:23,IA44_m-glm4-9b_sol1_gd0_rs0_bd1_str-rigorous_t00_n1,62,1,1,zai-org/GLM-4-9B-0414,1,0,1,0,rigorous,0.0,10.0,0.0
2026-08-12 05:30:28,IA44_m-glm4-9b_sol1_gd0_rs0_bd1_str-rigorous_t00_n1,62,2,1,zai-org/GLM-4-9B-0414,1,0,1,0,rigorous,0.0,14.0,0.0
2026-08-12 05:30:37,IA44_m-glm4-9b_sol1_gd0_rs0_bd1_str-rigorous_t00_n1,62,3,1,zai-org/GLM-4-9B-0414,1,0,1,0,rigorous,0.0,14.0,0.0
2026-08-12 05:30:46,IA44_m-glm4-9b_sol1_gd0_rs0_bd1_str-rigorous_t00_n1,63,1,1,zai-org/GLM-4-9B-0414,1,0,1,0,rigorous,0.0,10.0,0.0
2026-08-12 05:30:52,IA44_m-glm4-9b_sol1_gd0_rs0_bd1_str-rigorous_t00_n1,63,2,1,zai-org/GLM-4-9B-0414,1,0,1,0,rigorous,0.0,14.0,0.0
2026-08-12 05:30:55,IA44_m-glm4-9b_sol1_gd0_rs0_bd1_str-rigorous_t00_n1,63,3,1,zai-org/GLM-4-9B-0414,1,0,1,0,rigorous,0.0,10.0,0.0
2026-08-12 05:31:05,IA44_m-glm4-9b_sol1_gd0_rs0_bd1_str-rigorous_t00_n1,64,1,1,zai-org/GLM-4-9B-0414,1,0,1,0,rigorous,0.0,10.0,0.0
2026-08-12 05:31:10,IA44_m-glm4-9b_sol1_gd0_rs0_bd1_str-rigorous_t00_n1,64,2,1,zai-org/GLM-4-9B-0414,1,0,1,0,rigorous,0.0,13.0,3.0
2026-08-12 05:31:18,IA44_m-glm4-9b_sol1_gd0_rs0_bd1_str-rigorous_t00_n1,64,3,1,zai-org/GLM-4-9B-0414,1,0,1,0,rigorous,0.0,10.0,0.0
2026-08-12 05:31:28,IA44_m-glm4-9b_sol1_gd0_rs0_bd1_str-rigorous_t00_n1,65,1,1,zai-org/GLM-4-9B-0414,1,0,1,0,rigorous,0.0,15.0,0.0
2026-08-12 05:31:33,IA44_m-glm4-9b_sol1_gd0_rs0_bd1_str-rigorous_t00_n1,65,2,1,zai-org/GLM-4-9B-0414,1,0,1,0,rigorous,0.0,14.0,0.0
2026-08-12 05:31:37,IA44_m-glm4-9b_sol1_gd0_rs0_bd1_str-rigorous_t00_n1,65,3,1,zai-org/GLM-4-9B-0414,1,0,1,0,rigorous,0.0,14.0,0.0
2026-08-12 05:31:46,IA44_m-glm4-9b_sol1_gd0_rs0_bd1_str-rigorous_t00_n1,66,1,1,zai-org/GLM-4-9B-0414,1,0,1,0,rigorous,0.0,22.0,0.0
2026-08-12 05:31:56,IA44_m-glm4-9b_sol1_gd0_rs0_bd1_str-rigorous_t00_n1,67,1,1,zai-org/GLM-4-9B-0414,1,0,1,0,rigorous,0.0,10.0,0.0
2026-08-12 05:32:02,IA44_m-glm4-9b_sol1_gd0_rs0_bd1_str-rigorous_t00_n1,67,2,1,zai-org/GLM-4-9B-0414,1,0,1,0,rigorous,0.0,14.0,0.0
2026-08-12 05:32:10,IA44_m-glm4-9b_sol1_gd0_rs0_bd1_str-rigorous_t00_n1,67,3,1,zai-org/GLM-4-9B-0414,1,0,1,0,rigorous,0.0,10.0,0.0
2026-08-12 05:32:20,IA44_m-glm4-9b_sol1_gd0_rs0_bd1_str-rigorous_t00_n1,68,1,1,zai-org/GLM-4-9B-0414,1,0,1,0,rigorous,0.0,15.0,0.0
2026-08-12 05:32:25,IA44_m-glm4-9b_sol1_gd0_rs0_bd1_str-rigorous_t00_n1,68,2,1,zai-org/GLM-4-9B-0414,1,0,1,0,rigorous,0.0,10.0,0.0
2026-08-12 05:32:33,IA44_m-glm4-9b_sol1_gd0_rs0_bd1_str-rigorous_t00_n1,68,3,1,zai-org/GLM-4-9B-0414,1,0,1,0,rigorous,0.0,10.0,0.0
2026-08-12 05:32:42,IA44_m-glm4-9b_sol1_gd0_rs0_bd1_str-rigorous_t00_n1,69,1,1,zai-org/GLM-4-9B-0414,1,0,1,0,rigorous,0.0,15.0,0.0
2026-08-12 05:32:49,IA44_m-glm4-9b_sol1_gd0_rs0_bd1_str-rigorous_t00_n1,69,2,1,zai-org/GLM-4-9B-0414,1,0,1,0,rigorous,0.0,14.0,0.0
2026-08-12 05:32:57,IA44_m-glm4-9b_sol1_gd0_rs0_bd1_str-rigorous_t00_n1,69,3,1,zai-org/GLM-4-9B-0414,1,0,1,0,rigorous,0.0,10.0,0.0
2026-08-12 05:33:06,IA44_m-glm4-9b_sol1_gd0_rs0_bd1_str-rigorous_t00_n1,70,1,1,zai-org/GLM-4-9B-0414,1,0,1,0,rigorous,0.0,22.0,0.0
2026-08-12 05:33:12,IA44_m-glm4-9b_sol1_gd0_rs0_bd1_str-rigorous_t00_n1,70,2,1,zai-org/GLM-4-9B-0414,1,0,1,0,rigorous,0.0,14.0,3.0
2026-08-12 05:33:20,IA44_m-glm4-9b_sol1_gd0_rs0_bd1_str-rigorous_t00_n1,70,3,1,zai-org/GLM-4-9B-0414,1,0,1,0,rigorous,0.0,16.0,0.0
2026-08-12 05:33:30,IA44_m-glm4-9b_sol1_gd0_rs0_bd1_str-rigorous_t00_n1,71,1,1,zai-org/GLM-4-9B-0414,1,0,1,0,rigorous,0.0,10.0,0.0
2026-08-12 05:33:35,IA44_m-glm4-9b_sol1_gd0_rs0_bd1_str-rigorous_t00_n1,71,2,1,zai-org/GLM-4-9B-0414,1,0,1,0,rigorous,0.0,10.0,0.0
2026-08-12 05:33:45,IA44_m-glm4-9b_sol1_gd0_rs0_bd1_str-rigorous_t00_n1,71,3,1,zai-org/GLM-4-9B-0414,1,0,1,0,rigorous,0.0,16.0,0.0
2026-08-12 05:33:54,IA44_m-glm4-9b_sol1_gd0_rs0_bd1_str-rigorous_t00_n1,72,1,1,zai-org/GLM-4-9B-0414,1,0,1,0,rigorous,0.0,18.0,0.0
2026-08-12 05:34:00,IA44_m-glm4-9b_sol1_gd0_rs0_bd1_str-rigorous_t00_n1,72,2,1,zai-org/GLM-4-9B-0414,1,0,1,0,rigorous,0.0,14.0,0.0
2026-08-12 05:34:08,IA44_m-glm4-9b_sol1_gd0_rs0_bd1_str-rigorous_t00_n1,72,3,1,zai-org/GLM-4-9B-0414,1,0,1,0,rigorous,0.0,10.0,0.0
2026-08-12 05:34:17,IA44_m-glm4-9b_sol1_gd0_rs0_bd1_str-rigorous_t00_n1,73,1,1,zai-org/GLM-4-9B-0414,1,0,1,0,rigorous,0.0,10.0,0.0
2026-08-12 05:34:23,IA44_m-glm4-9b_sol1_gd0_rs0_bd1_str-rigorous_t00_n1,73,2,1,zai-org/GLM-4-9B-0414,1,0,1,0,rigorous,0.0,14.0,0.0
2026-08-12 05:34:30,IA44_m-glm4-9b_sol1_gd0_rs0_bd1_str-rigorous_t00_n1,73,3,1,zai-org/GLM-4-9B-0414,1,0,1,0,rigorous,0.0,0.0,0.0
2026-08-12 05:34:41,IA44_m-glm4-9b_sol1_gd0_rs0_bd1_str-rigorous_t00_n1,74,1,1,zai-org/GLM-4-9B-0414,1,0,1,0,rigorous,0.0,15.0,0.0
2026-08-12 05:34:46,IA44_m-glm4-9b_sol1_gd0_rs0_bd1_str-rigorous_t00_n1,74,2,1,zai-org/GLM-4-9B-0414,1,0,1,0,rigorous,0.0,14.0,0.0
2026-08-12 05:34:54,IA44_m-glm4-9b_sol1_gd0_rs0_bd1_str-rigorous_t00_n1,74,3,1,zai-org/GLM-4-9B-0414,1,0,1,0,rigorous,0.0,10.0,0.0
2026-08-12 05:34:57,IA44_m-glm4-9b_sol1_gd0_rs0_bd1_str-rigorous_t00_n1,75,1,1,zai-org/GLM-4-9B-0414,1,0,1,0,rigorous,0.0,10.0,0.0
2026-08-12 05:35:05,IA44_m-glm4-9b_sol1_gd0_rs0_bd1_str-rigorous_t00_n1,75,3,1,zai-org/GLM-4-9B-0414,1,0,1,0,rigorous,0.0,14.0,0.0
2026-08-12 05:35:14,IA44_m-glm4-9b_sol1_gd0_rs0_bd1_str-rigorous_t00_n1,76,1,1,zai-org/GLM-4-9B-0414,1,0,1,0,rigorous,0.0,15.0,0.0
2026-08-12 05:35:21,IA44_m-glm4-9b_sol1_gd0_rs0_bd1_str-rigorous_t00_n1,76,2,1,zai-org/GLM-4-9B-0414,1,0,1,0,rigorous,0.0,14.0,0.0
2026-08-12 05:35:29,IA44_m-glm4-9b_sol1_gd0_rs0_bd1_str-rigorous_t00_n1,76,3,1,zai-org/GLM-4-9B-0414,1,0,1,0,rigorous,0.0,16.0,0.0
2026-08-12 05:35:38,IA44_m-glm4-9b_sol1_gd0_rs0_bd1_str-rigorous_t00_n1,77,1,1,zai-org/GLM-4-9B-0414,1,0,1,0,rigorous,0.0,10.0,0.0
2026-08-12 05:35:47,IA44_m-glm4-9b_sol1_gd0_rs0_bd1_str-rigorous_t00_n1,78,1,1,zai-org/GLM-4-9B-0414,1,0,1,0,rigorous,0.0,10.0,0.0
2026-08-12 05:35:52,IA44_m-glm4-9b_sol1_gd0_rs0_bd1_str-rigorous_t00_n1,78,2,1,zai-org/GLM-4-9B-0414,1,0,1,0,rigorous,0.0,10.0,0.0
2026-08-12 05:36:01,IA44_m-glm4-9b_sol1_gd0_rs0_bd1_str-rigorous_t00_n1,78,3,1,zai-org/GLM-4-9B-0414,1,0,1,0,rigorous,0.0,14.0,0.0
2026-08-12 05:36:10,IA44_m-glm4-9b_sol1_gd0_rs0_bd1_str-rigorous_t00_n1,79,1,1,zai-org/GLM-4-9B-0414,1,0,1,0,rigorous,0.0,15.0,0.0
2026-08-12 05:36:16,IA44_m-glm4-9b_sol1_gd0_rs0_bd1_str-rigorous_t00_n1,79,2,1,zai-org/GLM-4-9B-0414,1,0,1,0,rigorous,0.0,14.0,0.0
2026-08-12 05:36:24,IA44_m-glm4-9b_sol1_gd0_rs0_bd1_str-rigorous_t00_n1,79,3,1,zai-org/GLM-4-9B-0414,1,0,1,0,rigorous,0.0,14.0,0.0
2026-08-12 05:36:33,IA44_m-glm4-9b_sol1_gd0_rs0_bd1_str-rigorous_t00_n1,80,1,1,zai-org/GLM-4-9B-0414,1,0,1,0,rigorous,0.0,10.0,0.0
2026-08-12 05:36:38,IA44_m-glm4-9b_sol1_gd0_rs0_bd1_str-rigorous_t00_n1,80,2,1,zai-org/GLM-4-9B-0414,1,0,1,0,rigorous,0.0,5.0,0.0
2026-08-12 05:36:46,IA44_m-glm4-9b_sol1_gd0_rs0_bd1_str-rigorous_t00_n1,80,3,1,zai-org/GLM-4-9B-0414,1,0,1,0,rigorous,0.0,10.0,0.0
2026-08-12 05:36:50,IA44_m-glm4-9b_sol1_gd0_rs0_bd1_str-rigorous_t00_n1,81,1,1,zai-org/GLM-4-9B-0414,1,0,1,0,rigorous,0.0,22.0,0.0
2026-08-12 05:36:56,IA44_m-glm4-9b_sol1_gd0_rs0_bd1_str-rigorous_t00_n1,81,2,1,zai-org/GLM-4-9B-0414,1,0,1,0,rigorous,0.0,14.0,3.0
2026-08-12 05:37:04,IA44_m-glm4-9b_sol1_gd0_rs0_bd1_str-rigorous_t00_n1,81,3,1,zai-org/GLM-4-9B-0414,1,0,1,0,rigorous,0.0,16.0,0.0
2026-08-12 05:37:13,IA44_m-glm4-9b_sol1_gd0_rs0_bd1_str-rigorous_t00_n1,82,1,1,zai-org/GLM-4-9B-0414,1,0,1,0,rigorous,0.0,15.0,0.0
2026-08-12 05:37:17,IA44_m-glm4-9b_sol1_gd0_rs0_bd1_str-rigorous_t00_n1,82,2,1,zai-org/GLM-4-9B-0414,1,0,1,0,rigorous,0.0,10.0,0.0
2026-08-12 05:37:25,IA44_m-glm4-9b_sol1_gd0_rs0_bd1_str-rigorous_t00_n1,82,3,1,zai-org/GLM-4-9B-0414,1,0,1,0,rigorous,0.0,10.0,0.0
2026-08-12 05:37:34,IA44_m-glm4-9b_sol1_gd0_rs0_bd1_str-rigorous_t00_n1,83,1,1,zai-org/GLM-4-9B-0414,1,0,1,0,rigorous,0.0,10.0,0.0
2026-08-12 05:37:40,IA44_m-glm4-9b_sol1_gd0_rs0_bd1_str-rigorous_t00_n1,83,2,1,zai-org/GLM-4-9B-0414,1,0,1,0,rigorous,0.0,14.0,0.0
2026-08-12 05:37:49,IA44_m-glm4-9b_sol1_gd0_rs0_bd1_str-rigorous_t00_n1,83,3,1,zai-org/GLM-4-9B-0414,1,0,1,0,rigorous,0.0,14.0,0.0
2026-08-12 05:37:56,IA44_m-glm4-9b_sol1_gd0_rs0_bd1_str-rigorous_t00_n1,84,1,1,zai-org/GLM-4-9B-0414,1,0,1,0,rigorous,0.0,10.0,0.0
2026-08-12 05:38:05,IA44_m-glm4-9b_sol1_gd0_rs0_bd1_str-rigorous_t00_n1,85,1,1,zai-org/GLM-4-9B-0414,1,0,1,0,rigorous,0.0,15.0,0.0
2026-08-12 05:38:11,IA44_m-glm4-9b_sol1_gd0_rs0_bd1_str-rigorous_t00_n1,85,2,1,zai-org/GLM-4-9B-0414,1,0,1,0,rigorous,0.0,14.0,0.0
2026-08-12 05:38:19,IA44_m-glm4-9b_sol1_gd0_rs0_bd1_str-rigorous_t00_n1,85,3,1,zai-org/GLM-4-9B-0414,1,0,1,0,rigorous,0.0,14.0,0.0
2026-08-12 05:38:22,IA44_m-glm4-9b_sol1_gd0_rs0_bd1_str-rigorous_t00_n1,86,1,1,zai-org/GLM-4-9B-0414,1,0,1,0,rigorous,0.0,10.0,0.0
2026-08-12 05:38:28,IA44_m-glm4-9b_sol1_gd0_rs0_bd1_str-rigorous_t00_n1,86,2,1,zai-org/GLM-4-9B-0414,1,0,1,0,rigorous,0.0,14.0,0.0
2026-08-12 05:38:37,IA44_m-glm4-9b_sol1_gd0_rs0_bd1_str-rigorous_t00_n1,86,3,1,zai-org/GLM-4-9B-0414,1,0,1,0,rigorous,0.0,10.0,0.0
2026-08-12 05:38:46,IA44_m-glm4-9b_sol1_gd0_rs0_bd1_str-rigorous_t00_n1,87,1,1,zai-org/GLM-4-9B-0414,1,0,1,0,rigorous,0.0,10.0,0.0
2026-08-12 05:38:52,IA44_m-glm4-9b_sol1_gd0_rs0_bd1_str-rigorous_t00_n1,87,2,1,zai-org/GLM-4-9B-0414,1,0,1,0,rigorous,0.0,14.0,0.0
2026-08-12 05:39:00,IA44_m-glm4-9b_sol1_gd0_rs0_bd1_str-rigorous_t00_n1,87,3,1,zai-org/GLM-4-9B-0414,1,0,1,0,rigorous,0.0,14.0,0.0
2026-08-12 05:39:09,IA44_m-glm4-9b_sol1_gd0_rs0_bd1_str-rigorous_t00_n1,88,1,1,zai-org/GLM-4-9B-0414,1,0,1,0,rigorous,0.0,18.0,0.0
2026-08-12 05:39:14,IA44_m-glm4-9b_sol1_gd0_rs0_bd1_str-rigorous_t00_n1,88,2,1,zai-org/GLM-4-9B-0414,1,0,1,0,rigorous,0.0,14.0,0.0
2026-08-12 05:39:18,IA44_m-glm4-9b_sol1_gd0_rs0_bd1_str-rigorous_t00_n1,88,3,1,zai-org/GLM-4-9B-0414,1,0,1,0,rigorous,0.0,10.0,0.0
2026-08-12 05:39:26,IA44_m-glm4-9b_sol1_gd0_rs0_bd1_str-rigorous_t00_n1,89,1,1,zai-org/GLM-4-9B-0414,1,0,1,0,rigorous,0.0,10.0,0.0
2026-08-12 05:39:32,IA44_m-glm4-9b_sol1_gd0_rs0_bd1_str-rigorous_t00_n1,89,2,1,zai-org/GLM-4-9B-0414,1,0,1,0,rigorous,0.0,14.0,0.0
2026-08-12 05:39:40,IA44_m-glm4-9b_sol1_gd0_rs0_bd1_str-rigorous_t00_n1,89,3,1,zai-org/GLM-4-9B-0414,1,0,1,0,rigorous,0.0,14.0,0.0
2026-08-12 05:39:48,IA44_m-glm4-9b_sol1_gd0_rs0_bd1_str-rigorous_t00_n1,90,1,1,zai-org/GLM-4-9B-0414,1,0,1,0,rigorous,0.0,10.0,0.0
2026-08-12 05:39:52,IA44_m-glm4-9b_sol1_gd0_rs0_bd1_str-rigorous_t00_n1,90,2,1,zai-org/GLM-4-9B-0414,1,0,1,0,rigorous,0.0,0.0,0.0
2026-08-12 05:40:00,IA44_m-glm4-9b_sol1_gd0_rs0_bd1_str-rigorous_t00_n1,90,3,1,zai-org/GLM-4-9B-0414,1,0,1,0,rigorous,0.0,10.0,0.0
2026-08-12 05:40:09,IA44_m-glm4-9b_sol1_gd0_rs0_bd1_str-rigorous_t00_n1,91,1,1,zai-org/GLM-4-9B-0414,1,0,1,0,rigorous,0.0,18.0,0.0
2026-08-12 05:40:15,IA44_m-glm4-9b_sol1_gd0_rs0_bd1_str-rigorous_t00_n1,91,2,1,zai-org/GLM-4-9B-0414,1,0,1,0,rigorous,0.0,14.0,0.0
2026-08-12 05:40:22,IA44_m-glm4-9b_sol1_gd0_rs0_bd1_str-rigorous_t00_n1,91,3,1,zai-org/GLM-4-9B-0414,1,0,1,0,rigorous,0.0,11.0,0.0
2026-08-12 05:40:31,IA44_m-glm4-9b_sol1_gd0_rs0_bd1_str-rigorous_t00_n1,92,1,1,zai-org/GLM-4-9B-0414,1,0,1,0,rigorous,0.0,10.0,0.0
2026-08-12 05:40:37,IA44_m-glm4-9b_sol1_gd0_rs0_bd1_str-rigorous_t00_n1,92,2,1,zai-org/GLM-4-9B-0414,1,0,1,0,rigorous,0.0,5.0,0.0
2026-08-12 05:40:46,IA44_m-glm4-9b_sol1_gd0_rs0_bd1_str-rigorous_t00_n1,92,3,1,zai-org/GLM-4-9B-0414,1,0,1,0,rigorous,0.0,10.0,0.0
2026-08-12 05:40:55,IA44_m-glm4-9b_sol1_gd0_rs0_bd1_str-rigorous_t00_n1,93,1,1,zai-org/GLM-4-9B-0414,1,0,1,0,rigorous,0.0,10.0,0.0
2026-08-12 05:41:01,IA44_m-glm4-9b_sol1_gd0_rs0_bd1_str-rigorous_t00_n1,93,2,1,zai-org/GLM-4-9B-0414,1,0,1,0,rigorous,0.0,14.0,0.0
2026-08-12 05:41:10,IA44_m-glm4-9b_sol1_gd0_rs0_bd1_str-rigorous_t00_n1,93,3,1,zai-org/GLM-4-9B-0414,1,0,1,0,rigorous,0.0,14.0,0.0
2026-08-12 05:41:19,IA44_m-glm4-9b_sol1_gd0_rs0_bd1_str-rigorous_t00_n1,94,1,1,zai-org/GLM-4-9B-0414,1,0,1,0,rigorous,0.0,16.0,0.0
2026-08-12 05:41:25,IA44_m-glm4-9b_sol1_gd0_rs0_bd1_str-rigorous_t00_n1,94,2,1,zai-org/GLM-4-9B-0414,1,0,1,0,rigorous,0.0,14.0,0.0
2026-08-12 05:41:33,IA44_m-glm4-9b_sol1_gd0_rs0_bd1_str-rigorous_t00_n1,94,3,1,zai-org/GLM-4-9B-0414,1,0,1,0,rigorous,0.0,16.0,0.0
2026-08-12 05:41:42,IA44_m-glm4-9b_sol1_gd0_rs0_bd1_str-rigorous_t00_n1,95,1,1,zai-org/GLM-4-9B-0414,1,0,1,0,rigorous,0.0,18.0,0.0
2026-08-12 05:41:48,IA44_m-glm4-9b_sol1_gd0_rs0_bd1_str-rigorous_t00_n1,95,2,1,zai-org/GLM-4-9B-0414,1,0,1,0,rigorous,0.0,14.0,0.0
2026-08-12 05:41:56,IA44_m-glm4-9b_sol1_gd0_rs0_bd1_str-rigorous_t00_n1,95,3,1,zai-org/GLM-4-9B-0414,1,0,1,0,rigorous,0.0,10.0,0.0
2026-08-12 05:42:06,IA44_m-glm4-9b_sol1_gd0_rs0_bd1_str-rigorous_t00_n1,96,1,1,zai-org/GLM-4-9B-0414,1,0,1,0,rigorous,0.0,10.0,0.0
2026-08-12 05:42:11,IA44_m-glm4-9b_sol1_gd0_rs0_bd1_str-rigorous_t00_n1,96,2,1,zai-org/GLM-4-9B-0414,1,0,1,0,rigorous,0.0,0.0,0.0
2026-08-12 05:42:19,IA44_m-glm4-9b_sol1_gd0_rs0_bd1_str-rigorous_t00_n1,96,3,1,zai-org/GLM-4-9B-0414,1,0,1,0,rigorous,0.0,10.0,0.0
2026-08-12 05:42:28,IA44_m-glm4-9b_sol1_gd0_rs0_bd1_str-rigorous_t00_n1,97,1,1,zai-org/GLM-4-9B-0414,1,0,1,0,rigorous,0.0,10.0,0.0
2026-08-12 05:42:38,IA44_m-glm4-9b_sol1_gd0_rs0_bd1_str-rigorous_t00_n1,98,1,1,zai-org/GLM-4-9B-0414,1,0,1,0,rigorous,0.0,10.0,0.0
2026-08-12 05:42:44,IA44_m-glm4-9b_sol1_gd0_rs0_bd1_str-rigorous_t00_n1,98,2,1,zai-org/GLM-4-9B-0414,1,0,1,0,rigorous,0.0,10.0,0.0
2026-08-12 05:42:52,IA44_m-glm4-9b_sol1_gd0_rs0_bd1_str-rigorous_t00_n1,98,3,1,zai-org/GLM-4-9B-0414,1,0,1,0,rigorous,0.0,10.0,0.0
2026-08-12 05:43:02,IA44_m-glm4-9b_sol1_gd0_rs0_bd1_str-rigorous_t00_n1,99,1,1,zai-org/GLM-4-9B-0414,1,0,1,0,rigorous,0.0,22.0,0.0
2026-08-12 05:43:08,IA44_m-glm4-9b_sol1_gd0_rs0_bd1_str-rigorous_t00_n1,99,2,1,zai-org/GLM-4-9B-0414,1,0,1,0,rigorous,0.0,14.0,3.0
2026-08-12 05:43:15,IA44_m-glm4-9b_sol1_gd0_rs0_bd1_str-rigorous_t00_n1,99,3,1,zai-org/GLM-4-9B-0414,1,0,1,0,rigorous,0.0,16.0,0.0
2026-08-12 05:43:19,IA44_m-glm4-9b_sol1_gd0_rs0_bd1_str-rigorous_t00_n1,100,1,1,zai-org/GLM-4-9B-0414,1,0,1,0,rigorous,0.0,15.0,0.0
2026-08-12 05:43:24,IA44_m-glm4-9b_sol1_gd0_rs0_bd1_str-rigorous_t00_n1,100,2,1,zai-org/GLM-4-9B-0414,1,0,1,0,rigorous,0.0,10.0,0.0
2026-08-12 05:43:33,IA44_m-glm4-9b_sol1_gd0_rs0_bd1_str-rigorous_t00_n1,100,3,1,zai-org/GLM-4-9B-0414,1,0,1,0,rigorous,0.0,10.0,0.0
2026-08-12 05:43:43,IA44_m-glm4-9b_sol1_gd0_rs0_bd1_str-rigorous_t00_n1,101,1,1,zai-org/GLM-4-9B-0414,1,0,1,0,rigorous,0.0,18.0,0.0
2026-08-12 05:43:48,IA44_m-glm4-9b_sol1_gd0_rs0_bd1_str-rigorous_t00_n1,101,2,1,zai-org/GLM-4-9B-0414,1,0,1,0,rigorous,0.0,14.0,0.0
2026-08-12 05:43:56,IA44_m-glm4-9b_sol1_gd0_rs0_bd1_str-rigorous_t00_n1,101,3,1,zai-org/GLM-4-9B-0414,1,0,1,0,rigorous,0.0,16.0,0.0
2026-08-12 05:44:05,IA44_m-glm4-9b_sol1_gd0_rs0_bd1_str-rigorous_t00_n1,102,1,1,zai-org/GLM-4-9B-0414,1,0,1,0,rigorous,0.0,15.0,0.0
2026-08-12 05:44:12,IA44_m-glm4-9b_sol1_gd0_rs0_bd1_str-rigorous_t00_n1,102,3,1,zai-org/GLM-4-9B-0414,1,0,1,0,rigorous,0.0,16.0,0.0
2026-08-12 05:44:22,IA44_m-glm4-9b_sol1_gd0_rs0_bd1_str-rigorous_t00_n1,103,1,1,zai-org/GLM-4-9B-0414,1,0,1,0,rigorous,0.0,10.0,0.0
2026-08-12 05:44:29,IA44_m-glm4-9b_sol1_gd0_rs0_bd1_str-rigorous_t00_n1,103,2,1,zai-org/GLM-4-9B-0414,1,0,1,0,rigorous,0.0,14.0,0.0
2026-08-12 05:44:37,IA44_m-glm4-9b_sol1_gd0_rs0_bd1_str-rigorous_t00_n1,103,3,1,zai-org/GLM-4-9B-0414,1,0,1,0,rigorous,0.0,10.0,0.0
2026-08-12 05:44:47,IA44_m-glm4-9b_sol1_gd0_rs0_bd1_str-rigorous_t00_n1,104,1,1,zai-org/GLM-4-9B-0414,1,0,1,0,rigorous,0.0,15.0,0.0
2026-08-12 05:44:52,IA44_m-glm4-9b_sol1_gd0_rs0_bd1_str-rigorous_t00_n1,104,2,1,zai-org/GLM-4-9B-0414,1,0,1,0,rigorous,0.0,14.0,0.0
2026-08-12 05:45:00,IA44_m-glm4-9b_sol1_gd0_rs0_bd1_str-rigorous_t00_n1,104,3,1,zai-org/GLM-4-9B-0414,1,0,1,0,rigorous,0.0,14.0,0.0
2026-08-12 05:45:10,IA44_m-glm4-9b_sol1_gd0_rs0_bd1_str-rigorous_t00_n1,105,1,1,zai-org/GLM-4-9B-0414,1,0,1,0,rigorous,0.0,15.0,0.0
2026-08-12 05:45:15,IA44_m-glm4-9b_sol1_gd0_rs0_bd1_str-rigorous_t00_n1,105,2,1,zai-org/GLM-4-9B-0414,1,0,1,0,rigorous,0.0,14.0,0.0
2026-08-12 05:45:23,IA44_m-glm4-9b_sol1_gd0_rs0_bd1_str-rigorous_t00_n1,105,3,1,zai-org/GLM-4-9B-0414,1,0,1,0,rigorous,0.0,10.0,0.0
2026-08-12 05:45:27,IA44_m-glm4-9b_sol1_gd0_rs0_bd1_str-rigorous_t00_n1,106,1,1,zai-org/GLM-4-9B-0414,1,0,1,0,rigorous,0.0,15.0,0.0
2026-08-12 05:45:32,IA44_m-glm4-9b_sol1_gd0_rs0_bd1_str-rigorous_t00_n1,106,2,1,zai-org/GLM-4-9B-0414,1,0,1,0,rigorous,0.0,13.0,0.0
2026-08-12 05:45:41,IA44_m-glm4-9b_sol1_gd0_rs0_bd1_str-rigorous_t00_n1,106,3,1,zai-org/GLM-4-9B-0414,1,0,1,0,rigorous,0.0,10.0,0.0
2026-08-12 05:45:51,IA44_m-glm4-9b_sol1_gd0_rs0_bd1_str-rigorous_t00_n1,107,1,1,zai-org/GLM-4-9B-0414,1,0,1,0,rigorous,0.0,15.0,0.0
2026-08-12 05:45:57,IA44_m-glm4-9b_sol1_gd0_rs0_bd1_str-rigorous_t00_n1,107,2,1,zai-org/GLM-4-9B-0414,1,0,1,0,rigorous,0.0,14.0,0.0
2026-08-12 05:46:05,IA44_m-glm4-9b_sol1_gd0_rs0_bd1_str-rigorous_t00_n1,108,1,1,zai-org/GLM-4-9B-0414,1,0,1,0,rigorous,0.0,0.0,0.0
2026-08-12 05:46:11,IA44_m-glm4-9b_sol1_gd0_rs0_bd1_str-rigorous_t00_n1,108,2,1,zai-org/GLM-4-9B-0414,1,0,1,0,rigorous,0.0,14.0,0.0
2026-08-12 05:46:18,IA44_m-glm4-9b_sol1_gd0_rs0_bd1_str-rigorous_t00_n1,108,3,1,zai-org/GLM-4-9B-0414,1,0,1,0,rigorous,0.0,0.0,0.0
2026-08-12 05:46:27,IA44_m-glm4-9b_sol1_gd0_rs0_bd1_str-rigorous_t00_n1,109,1,1,zai-org/GLM-4-9B-0414,1,0,1,0,rigorous,0.0,15.0,0.0
2026-08-12 05:46:33,IA44_m-glm4-9b_sol1_gd0_rs0_bd1_str-rigorous_t00_n1,109,2,1,zai-org/GLM-4-9B-0414,1,0,1,0,rigorous,0.0,14.0,0.0
2026-08-12 05:46:40,IA44_m-glm4-9b_sol1_gd0_rs0_bd1_str-rigorous_t00_n1,109,3,1,zai-org/GLM-4-9B-0414,1,0,1,0,rigorous,0.0,10.0,0.0
2026-08-12 05:46:44,IA44_m-glm4-9b_sol1_gd0_rs0_bd1_str-rigorous_t00_n1,110,1,1,zai-org/GLM-4-9B-0414,1,0,1,0,rigorous,0.0,15.0,0.0
2026-08-12 05:46:49,IA44_m-glm4-9b_sol1_gd0_rs0_bd1_str-rigorous_t00_n1,110,2,1,zai-org/GLM-4-9B-0414,1,0,1,0,rigorous,0.0,14.0,0.0
2026-08-12 05:46:57,IA44_m-glm4-9b_sol1_gd0_rs0_bd1_str-rigorous_t00_n1,110,3,1,zai-org/GLM-4-9B-0414,1,0,1,0,rigorous,0.0,14.0,0.0
2026-08-12 05:47:07,IA44_m-glm4-9b_sol1_gd0_rs0_bd1_str-rigorous_t00_n1,111,1,1,zai-org/GLM-4-9B-0414,1,0,1,0,rigorous,0.0,14.0,0.0
2026-08-12 05:47:12,IA44_m-glm4-9b_sol1_gd0_rs0_bd1_str-rigorous_t00_n1,111,2,1,zai-org/GLM-4-9B-0414,1,0,1,0,rigorous,0.0,12.0,0.0
2026-08-12 05:47:20,IA44_m-glm4-9b_sol1_gd0_rs0_bd1_str-rigorous_t00_n1,111,3,1,zai-org/GLM-4-9B-0414,1,0,1,0,rigorous,0.0,10.0,0.0
2026-08-12 05:47:30,IA44_m-glm4-9b_sol1_gd0_rs0_bd1_str-rigorous_t00_n1,112,1,1,zai-org/GLM-4-9B-0414,1,0,1,0,rigorous,0.0,15.0,0.0
2026-08-12 05:47:35,IA44_m-glm4-9b_sol1_gd0_rs0_bd1_str-rigorous_t00_n1,112,2,1,zai-org/GLM-4-9B-0414,1,0,1,0,rigorous,0.0,14.0,0.0
2026-08-12 05:47:44,IA44_m-glm4-9b_sol1_gd0_rs0_bd1_str-rigorous_t00_n1,112,3,1,zai-org/GLM-4-9B-0414,1,0,1,0,rigorous,0.0,10.0,0.0
2026-08-12 05:47:54,IA44_m-glm4-9b_sol1_gd0_rs0_bd1_str-rigorous_t00_n1,113,1,1,zai-org/GLM-4-9B-0414,1,0,1,0,rigorous,0.0,22.0,3.0
2026-08-12 05:47:59,IA44_m-glm4-9b_sol1_gd0_rs0_bd1_str-rigorous_t00_n1,113,2,1,zai-org/GLM-4-9B-0414,1,0,1,0,rigorous,0.0,14.0,3.0
2026-08-12 05:48:07,IA44_m-glm4-9b_sol1_gd0_rs0_bd1_str-rigorous_t00_n1,113,3,1,zai-org/GLM-4-9B-0414,1,0,1,0,rigorous,0.0,16.0,0.0
2026-08-12 05:48:10,IA44_m-glm4-9b_sol1_gd0_rs0_bd1_str-rigorous_t00_n1,114,1,1,zai-org/GLM-4-9B-0414,1,0,1,0,rigorous,0.0,10.0,0.0
2026-08-12 05:48:16,IA44_m-glm4-9b_sol1_gd0_rs0_bd1_str-rigorous_t00_n1,114,2,1,zai-org/GLM-4-9B-0414,1,0,1,0,rigorous,0.0,14.0,0.0
2026-08-12 05:48:20,IA44_m-glm4-9b_sol1_gd0_rs0_bd1_str-rigorous_t00_n1,114,3,1,zai-org/GLM-4-9B-0414,1,0,1,0,rigorous,0.0,14.0,0.0
2026-08-12 05:48:30,IA44_m-glm4-9b_sol1_gd0_rs0_bd1_str-rigorous_t00_n1,115,1,1,zai-org/GLM-4-9B-0414,1,0,1,0,rigorous,0.0,10.0,0.0
2026-08-12 05:48:35,IA44_m-glm4-9b_sol1_gd0_rs0_bd1_str-rigorous_t00_n1,115,2,1,zai-org/GLM-4-9B-0414,1,0,1,0,rigorous,0.0,14.0,0.0
2026-08-12 05:48:42,IA44_m-glm4-9b_sol1_gd0_rs0_bd1_str-rigorous_t00_n1,115,3,1,zai-org/GLM-4-9B-0414,1,0,1,0,rigorous,0.0,10.0,0.0
2026-08-12 05:48:52,IA44_m-glm4-9b_sol1_gd0_rs0_bd1_str-rigorous_t00_n1,116,1,1,zai-org/GLM-4-9B-0414,1,0,1,0,rigorous,0.0,15.0,0.0
2026-08-12 05:48:58,IA44_m-glm4-9b_sol1_gd0_rs0_bd1_str-rigorous_t00_n1,116,2,1,zai-org/GLM-4-9B-0414,1,0,1,0,rigorous,0.0,5.0,0.0
2026-08-12 05:49:06,IA44_m-glm4-9b_sol1_gd0_rs0_bd1_str-rigorous_t00_n1,116,3,1,zai-org/GLM-4-9B-0414,1,0,1,0,rigorous,0.0,10.0,0.0
2026-08-12 05:49:10,IA44_m-glm4-9b_sol1_gd0_rs0_bd1_str-rigorous_t00_n1,117,1,1,zai-org/GLM-4-9B-0414,1,0,1,0,rigorous,0.0,10.0,0.0
2026-08-12 05:49:15,IA44_m-glm4-9b_sol1_gd0_rs0_bd1_str-rigorous_t00_n1,117,2,1,zai-org/GLM-4-9B-0414,1,0,1,0,rigorous,0.0,14.0,0.0
2026-08-12 05:49:18,IA44_m-glm4-9b_sol1_gd0_rs0_bd1_str-rigorous_t00_n1,117,3,1,zai-org/GLM-4-9B-0414,1,0,1,0,rigorous,0.0,0.0,0.0
2026-08-12 05:49:21,IA44_m-glm4-9b_sol1_gd0_rs0_bd1_str-rigorous_t00_n1,118,1,1,zai-org/GLM-4-9B-0414,1,0,1,0,rigorous,0.0,10.0,0.0
2026-08-12 05:49:26,IA44_m-glm4-9b_sol1_gd0_rs0_bd1_str-rigorous_t00_n1,118,2,1,zai-org/GLM-4-9B-0414,1,0,1,0,rigorous,0.0,14.0,0.0
2026-08-12 05:49:35,IA44_m-glm4-9b_sol1_gd0_rs0_bd1_str-rigorous_t00_n1,118,3,1,zai-org/GLM-4-9B-0414,1,0,1,0,rigorous,0.0,10.0,0.0
2026-08-12 05:49:43,IA44_m-glm4-9b_sol1_gd0_rs0_bd1_str-rigorous_t00_n1,119,1,1,zai-org/GLM-4-9B-0414,1,0,1,0,rigorous,0.0,23.0,0.0
2026-08-12 05:49:49,IA44_m-glm4-9b_sol1_gd0_rs0_bd1_str-rigorous_t00_n1,119,2,1,zai-org/GLM-4-9B-0414,1,0,1,0,rigorous,0.0,14.0,3.0
2026-08-12 05:49:57,IA44_m-glm4-9b_sol1_gd0_rs0_bd1_str-rigorous_t00_n1,119,3,1,zai-org/GLM-4-9B-0414,1,0,1,0,rigorous,0.0,19.0,0.0
2026-08-12 05:50:06,IA44_m-glm4-9b_sol1_gd0_rs0_bd1_str-rigorous_t00_n1,120,1,1,zai-org/GLM-4-9B-0414,1,0,1,0,rigorous,0.0,15.0,0.0
2026-08-12 05:50:11,IA44_m-glm4-9b_sol1_gd0_rs0_bd1_str-rigorous_t00_n1,120,2,1,zai-org/GLM-4-9B-0414,1,0,1,0,rigorous,0.0,10.0,0.0
2026-08-12 05:50:20,IA44_m-glm4-9b_sol1_gd0_rs0_bd1_str-rigorous_t00_n1,120,3,1,zai-org/GLM-4-9B-0414,1,0,1,0,rigorous,0.0,10.0,0.0
2026-08-12 05:50:23,IA44_m-glm4-9b_sol1_gd0_rs0_bd1_str-rigorous_t00_n1,121,1,1,zai-org/GLM-4-9B-0414,1,0,1,0,rigorous,0.0,10.0,0.0
2026-08-12 05:50:29,IA44_m-glm4-9b_sol1_gd0_rs0_bd1_str-rigorous_t00_n1,121,2,1,zai-org/GLM-4-9B-0414,1,0,1,0,rigorous,0.0,10.0,0.0
2026-08-12 05:50:38,IA44_m-glm4-9b_sol1_gd0_rs0_bd1_str-rigorous_t00_n1,121,3,1,zai-org/GLM-4-9B-0414,1,0,1,0,rigorous,0.0,14.0,0.0
2026-08-12 05:50:47,IA44_m-glm4-9b_sol1_gd0_rs0_bd1_str-rigorous_t00_n1,122,1,1,zai-org/GLM-4-9B-0414,1,0,1,0,rigorous,0.0,10.0,0.0
2026-08-12 05:50:52,IA44_m-glm4-9b_sol1_gd0_rs0_bd1_str-rigorous_t00_n1,122,2,1,zai-org/GLM-4-9B-0414,1,0,1,0,rigorous,0.0,10.0,0.0
2026-08-12 05:51:00,IA44_m-glm4-9b_sol1_gd0_rs0_bd1_str-rigorous_t00_n1,122,3,1,zai-org/GLM-4-9B-0414,1,0,1,0,rigorous,0.0,16.0,0.0
2026-08-12 05:51:09,IA44_m-glm4-9b_sol1_gd0_rs0_bd1_str-rigorous_t00_n1,123,1,1,zai-org/GLM-4-9B-0414,1,0,1,0,rigorous,0.0,10.0,0.0
2026-08-12 05:51:15,IA44_m-glm4-9b_sol1_gd0_rs0_bd1_str-rigorous_t00_n1,123,2,1,zai-org/GLM-4-9B-0414,1,0,1,0,rigorous,0.0,5.0,0.0
2026-08-12 05:51:24,IA44_m-glm4-9b_sol1_gd0_rs0_bd1_str-rigorous_t00_n1,123,3,1,zai-org/GLM-4-9B-0414,1,0,1,0,rigorous,0.0,14.0,0.0
2026-08-12 05:51:32,IA44_m-glm4-9b_sol1_gd0_rs0_bd1_str-rigorous_t00_n1,124,1,1,zai-org/GLM-4-9B-0414,1,0,1,0,rigorous,0.0,15.0,0.0
2026-08-12 05:51:37,IA44_m-glm4-9b_sol1_gd0_rs0_bd1_str-rigorous_t00_n1,124,2,1,zai-org/GLM-4-9B-0414,1,0,1,0,rigorous,0.0,12.0,0.0
2026-08-12 05:51:45,IA44_m-glm4-9b_sol1_gd0_rs0_bd1_str-rigorous_t00_n1,124,3,1,zai-org/GLM-4-9B-0414,1,0,1,0,rigorous,0.0,10.0,0.0
2026-08-12 05:51:53,IA44_m-glm4-9b_sol1_gd0_rs0_bd1_str-rigorous_t00_n1,125,1,1,zai-org/GLM-4-9B-0414,1,0,1,0,rigorous,0.0,15.0,0.0
2026-08-12 05:51:59,IA44_m-glm4-9b_sol1_gd0_rs0_bd1_str-rigorous_t00_n1,125,2,1,zai-org/GLM-4-9B-0414,1,0,1,0,rigorous,0.0,14.0,0.0
2026-08-12 05:52:08,IA44_m-glm4-9b_sol1_gd0_rs0_bd1_str-rigorous_t00_n1,125,3,1,zai-org/GLM-4-9B-0414,1,0,1,0,rigorous,0.0,16.0,0.0
2026-08-12 05:52:17,IA44_m-glm4-9b_sol1_gd0_rs0_bd1_str-rigorous_t00_n1,126,1,1,zai-org/GLM-4-9B-0414,1,0,1,0,rigorous,0.0,10.0,0.0
2026-08-12 05:52:23,IA44_m-glm4-9b_sol1_gd0_rs0_bd1_str-rigorous_t00_n1,126,2,1,zai-org/GLM-4-9B-0414,1,0,1,0,rigorous,0.0,13.0,3.0
2026-08-12 05:52:31,IA44_m-glm4-9b_sol1_gd0_rs0_bd1_str-rigorous_t00_n1,126,3,1,zai-org/GLM-4-9B-0414,1,0,1,0,rigorous,0.0,16.0,0.0
2026-08-12 05:52:35,IA44_m-glm4-9b_sol1_gd0_rs0_bd1_str-rigorous_t00_n1,127,1,1,zai-org/GLM-4-9B-0414,1,0,1,0,rigorous,0.0,15.0,0.0
2026-08-12 05:52:41,IA44_m-glm4-9b_sol1_gd0_rs0_bd1_str-rigorous_t00_n1,127,2,1,zai-org/GLM-4-9B-0414,1,0,1,0,rigorous,0.0,14.0,0.0
2026-08-12 05:52:49,IA44_m-glm4-9b_sol1_gd0_rs0_bd1_str-rigorous_t00_n1,127,3,1,zai-org/GLM-4-9B-0414,1,0,1,0,rigorous,0.0,10.0,0.0
2026-08-12 05:52:53,IA44_m-glm4-9b_sol1_gd0_rs0_bd1_str-rigorous_t00_n1,128,1,1,zai-org/GLM-4-9B-0414,1,0,1,0,rigorous,0.0,12.0,0.0
2026-08-12 05:52:58,IA44_m-glm4-9b_sol1_gd0_rs0_bd1_str-rigorous_t00_n1,128,2,1,zai-org/GLM-4-9B-0414,1,0,1,0,rigorous,0.0,14.0,0.0
2026-08-12 05:53:01,IA44_m-glm4-9b_sol1_gd0_rs0_bd1_str-rigorous_t00_n1,128,3,1,zai-org/GLM-4-9B-0414,1,0,1,0,rigorous,0.0,10.0,0.0
2026-08-12 05:53:11,IA44_m-glm4-9b_sol1_gd0_rs0_bd1_str-rigorous_t00_n1,129,1,1,zai-org/GLM-4-9B-0414,1,0,1,0,rigorous,0.0,19.0,0.0
2026-08-12 05:53:16,IA44_m-glm4-9b_sol1_gd0_rs0_bd1_str-rigorous_t00_n1,129,2,1,zai-org/GLM-4-9B-0414,1,0,1,0,rigorous,0.0,14.0,0.0
2026-08-12 05:53:24,IA44_m-glm4-9b_sol1_gd0_rs0_bd1_str-rigorous_t00_n1,129,3,1,zai-org/GLM-4-9B-0414,1,0,1,0,rigorous,0.0,16.0,0.0
2026-08-12 05:53:28,IA44_m-glm4-9b_sol1_gd0_rs0_bd1_str-rigorous_t00_n1,130,1,1,zai-org/GLM-4-9B-0414,1,0,1,0,rigorous,0.0,15.0,0.0
2026-08-12 05:53:33,IA44_m-glm4-9b_sol1_gd0_rs0_bd1_str-rigorous_t00_n1,130,2,1,zai-org/GLM-4-9B-0414,1,0,1,0,rigorous,0.0,10.0,0.0
2026-08-12 05:53:40,IA44_m-glm4-9b_sol1_gd0_rs0_bd1_str-rigorous_t00_n1,130,3,1,zai-org/GLM-4-9B-0414,1,0,1,0,rigorous,0.0,16.0,0.0
2026-08-12 05:53:50,IA44_m-glm4-9b_sol1_gd0_rs0_bd1_str-rigorous_t00_n1,131,1,1,zai-org/GLM-4-9B-0414,1,0,1,0,rigorous,0.0,15.0,0.0
2026-08-12 05:53:55,IA44_m-glm4-9b_sol1_gd0_rs0_bd1_str-rigorous_t00_n1,131,2,1,zai-org/GLM-4-9B-0414,1,0,1,0,rigorous,0.0,14.0,0.0
2026-08-12 05:54:03,IA44_m-glm4-9b_sol1_gd0_rs0_bd1_str-rigorous_t00_n1,131,3,1,zai-org/GLM-4-9B-0414,1,0,1,0,rigorous,0.0,10.0,0.0
2026-08-12 05:54:06,IA44_m-glm4-9b_sol1_gd0_rs0_bd1_str-rigorous_t00_n1,132,1,1,zai-org/GLM-4-9B-0414,1,0,1,0,rigorous,0.0,15.0,0.0
2026-08-12 05:54:12,IA44_m-glm4-9b_sol1_gd0_rs0_bd1_str-rigorous_t00_n1,132,2,1,zai-org/GLM-4-9B-0414,1,0,1,0,rigorous,0.0,14.0,0.0
2026-08-12 05:54:20,IA44_m-glm4-9b_sol1_gd0_rs0_bd1_str-rigorous_t00_n1,132,3,1,zai-org/GLM-4-9B-0414,1,0,1,0,rigorous,0.0,14.0,0.0
2026-08-12 05:54:24,IA44_m-glm4-9b_sol1_gd0_rs0_bd1_str-rigorous_t00_n1,133,1,1,zai-org/GLM-4-9B-0414,1,0,1,0,rigorous,0.0,15.0,0.0
2026-08-12 05:54:29,IA44_m-glm4-9b_sol1_gd0_rs0_bd1_str-rigorous_t00_n1,133,2,1,zai-org/GLM-4-9B-0414,1,0,1,0,rigorous,0.0,10.0,0.0
2026-08-12 05:54:37,IA44_m-glm4-9b_sol1_gd0_rs0_bd1_str-rigorous_t00_n1,133,3,1,zai-org/GLM-4-9B-0414,1,0,1,0,rigorous,0.0,14.0,0.0
2026-08-12 05:54:41,IA44_m-glm4-9b_sol1_gd0_rs0_bd1_str-rigorous_t00_n1,134,1,1,zai-org/GLM-4-9B-0414,1,0,1,0,rigorous,0.0,15.0,0.0
2026-08-12 05:54:46,IA44_m-glm4-9b_sol1_gd0_rs0_bd1_str-rigorous_t00_n1,134,2,1,zai-org/GLM-4-9B-0414,1,0,1,0,rigorous,0.0,14.0,0.0
2026-08-12 05:54:53,IA44_m-glm4-9b_sol1_gd0_rs0_bd1_str-rigorous_t00_n1,134,3,1,zai-org/GLM-4-9B-0414,1,0,1,0,rigorous,0.0,14.0,0.0
2026-08-12 05:55:02,IA44_m-glm4-9b_sol1_gd0_rs0_bd1_str-rigorous_t00_n1,135,1,1,zai-org/GLM-4-9B-0414,1,0,1,0,rigorous,0.0,19.0,0.0
2026-08-12 05:55:08,IA44_m-glm4-9b_sol1_gd0_rs0_bd1_str-rigorous_t00_n1,135,2,1,zai-org/GLM-4-9B-0414,1,0,1,0,rigorous,0.0,14.0,0.0
2026-08-12 05:55:17,IA44_m-glm4-9b_sol1_gd0_rs0_bd1_str-rigorous_t00_n1,135,3,1,zai-org/GLM-4-9B-0414,1,0,1,0,rigorous,0.0,16.0,0.0
2026-08-12 05:55:27,IA44_m-glm4-9b_sol1_gd0_rs0_bd1_str-rigorous_t00_n1,136,1,1,zai-org/GLM-4-9B-0414,1,0,1,0,rigorous,0.0,15.0,0.0
2026-08-12 05:55:32,IA44_m-glm4-9b_sol1_gd0_rs0_bd1_str-rigorous_t00_n1,136,2,1,zai-org/GLM-4-9B-0414,1,0,1,0,rigorous,0.0,14.0,0.0
2026-08-12 05:55:39,IA44_m-glm4-9b_sol1_gd0_rs0_bd1_str-rigorous_t00_n1,136,3,1,zai-org/GLM-4-9B-0414,1,0,1,0,rigorous,0.0,16.0,0.0
2026-08-12 05:55:49,IA44_m-glm4-9b_sol1_gd0_rs0_bd1_str-rigorous_t00_n1,137,1,1,zai-org/GLM-4-9B-0414,1,0,1,0,rigorous,0.0,15.0,0.0
2026-08-12 05:55:54,IA44_m-glm4-9b_sol1_gd0_rs0_bd1_str-rigorous_t00_n1,137,2,1,zai-org/GLM-4-9B-0414,1,0,1,0,rigorous,0.0,14.0,0.0
2026-08-12 05:56:03,IA44_m-glm4-9b_sol1_gd0_rs0_bd1_str-rigorous_t00_n1,137,3,1,zai-org/GLM-4-9B-0414,1,0,1,0,rigorous,0.0,14.0,0.0
2026-08-12 05:56:13,IA44_m-glm4-9b_sol1_gd0_rs0_bd1_str-rigorous_t00_n1,138,1,1,zai-org/GLM-4-9B-0414,1,0,1,0,rigorous,0.0,18.0,0.0
2026-08-12 05:56:18,IA44_m-glm4-9b_sol1_gd0_rs0_bd1_str-rigorous_t00_n1,138,2,1,zai-org/GLM-4-9B-0414,1,0,1,0,rigorous,0.0,14.0,0.0
2026-08-12 05:56:27,IA44_m-glm4-9b_sol1_gd0_rs0_bd1_str-rigorous_t00_n1,138,3,1,zai-org/GLM-4-9B-0414,1,0,1,0,rigorous,0.0,14.0,0.0
2026-08-12 05:56:36,IA44_m-glm4-9b_sol1_gd0_rs0_bd1_str-rigorous_t00_n1,139,1,1,zai-org/GLM-4-9B-0414,1,0,1,0,rigorous,0.0,15.0,0.0
2026-08-12 05:56:41,IA44_m-glm4-9b_sol1_gd0_rs0_bd1_str-rigorous_t00_n1,139,2,1,zai-org/GLM-4-9B-0414,1,0,1,0,rigorous,0.0,14.0,0.0
2026-08-12 05:56:51,IA44_m-glm4-9b_sol1_gd0_rs0_bd1_str-rigorous_t00_n1,139,3,1,zai-org/GLM-4-9B-0414,1,0,1,0,rigorous,0.0,10.0,0.0
2026-08-12 05:57:00,IA44_m-glm4-9b_sol1_gd0_rs0_bd1_str-rigorous_t00_n1,140,1,1,zai-org/GLM-4-9B-0414,1,0,1,0,rigorous,0.0,15.0,0.0
2026-08-12 05:57:05,IA44_m-glm4-9b_sol1_gd0_rs0_bd1_str-rigorous_t00_n1,140,2,1,zai-org/GLM-4-9B-0414,1,0,1,0,rigorous,0.0,14.0,0.0
2026-08-12 05:57:14,IA44_m-glm4-9b_sol1_gd0_rs0_bd1_str-rigorous_t00_n1,140,3,1,zai-org/GLM-4-9B-0414,1,0,1,0,rigorous,0.0,16.0,0.0
2026-08-12 05:57:24,IA44_m-glm4-9b_sol1_gd0_rs0_bd1_str-rigorous_t00_n1,141,1,1,zai-org/GLM-4-9B-0414,1,0,1,0,rigorous,0.0,18.0,0.0
2026-08-12 05:57:30,IA44_m-glm4-9b_sol1_gd0_rs0_bd1_str-rigorous_t00_n1,141,2,1,zai-org/GLM-4-9B-0414,1,0,1,0,rigorous,0.0,13.0,0.0
2026-08-12 05:57:37,IA44_m-glm4-9b_sol1_gd0_rs0_bd1_str-rigorous_t00_n1,141,3,1,zai-org/GLM-4-9B-0414,1,0,1,0,rigorous,0.0,16.0,0.0
2026-08-12 05:57:41,IA44_m-glm4-9b_sol1_gd0_rs0_bd1_str-rigorous_t00_n1,142,1,1,zai-org/GLM-4-9B-0414,1,0,1,0,rigorous,0.0,18.0,0.0
2026-08-12 05:57:47,IA44_m-glm4-9b_sol1_gd0_rs0_bd1_str-rigorous_t00_n1,142,2,1,zai-org/GLM-4-9B-0414,1,0,1,0,rigorous,0.0,14.0,0.0
2026-08-12 05:57:54,IA44_m-glm4-9b_sol1_gd0_rs0_bd1_str-rigorous_t00_n1,142,3,1,zai-org/GLM-4-9B-0414,1,0,1,0,rigorous,0.0,0.0,0.0
2026-08-12 05:58:03,IA44_m-glm4-9b_sol1_gd0_rs0_bd1_str-rigorous_t00_n1,143,1,1,zai-org/GLM-4-9B-0414,1,0,1,0,rigorous,0.0,19.0,0.0
2026-08-12 05:58:08,IA44_m-glm4-9b_sol1_gd0_rs0_bd1_str-rigorous_t00_n1,143,2,1,zai-org/GLM-4-9B-0414,1,0,1,0,rigorous,0.0,14.0,0.0
2026-08-12 05:58:16,IA44_m-glm4-9b_sol1_gd0_rs0_bd1_str-rigorous_t00_n1,143,3,1,zai-org/GLM-4-9B-0414,1,0,1,0,rigorous,0.0,16.0,0.0
2026-08-12 05:58:26,IA44_m-glm4-9b_sol1_gd0_rs0_bd1_str-rigorous_t00_n1,144,1,1,zai-org/GLM-4-9B-0414,1,0,1,0,rigorous,0.0,10.0,0.0
2026-08-12 05:58:32,IA44_m-glm4-9b_sol1_gd0_rs0_bd1_str-rigorous_t00_n1,144,2,1,zai-org/GLM-4-9B-0414,1,0,1,0,rigorous,0.0,14.0,0.0
2026-08-12 05:58:40,IA44_m-glm4-9b_sol1_gd0_rs0_bd1_str-rigorous_t00_n1,144,3,1,zai-org/GLM-4-9B-0414,1,0,1,0,rigorous,0.0,14.0,0.0
2026-08-12 05:58:43,IA44_m-glm4-9b_sol1_gd0_rs0_bd1_str-rigorous_t00_n1,145,1,1,zai-org/GLM-4-9B-0414,1,0,1,0,rigorous,0.0,14.0,0.0
2026-08-12 05:58:50,IA44_m-glm4-9b_sol1_gd0_rs0_bd1_str-rigorous_t00_n1,145,2,1,zai-org/GLM-4-9B-0414,1,0,1,0,rigorous,0.0,14.0,0.0
2026-08-12 05:58:57,IA44_m-glm4-9b_sol1_gd0_rs0_bd1_str-rigorous_t00_n1,145,3,1,zai-org/GLM-4-9B-0414,1,0,1,0,rigorous,0.0,14.0,0.0
2026-08-12 05:59:07,IA44_m-glm4-9b_sol1_gd0_rs0_bd1_str-rigorous_t00_n1,146,1,1,zai-org/GLM-4-9B-0414,1,0,1,0,rigorous,0.0,10.0,0.0
2026-08-12 05:59:13,IA44_m-glm4-9b_sol1_gd0_rs0_bd1_str-rigorous_t00_n1,146,2,1,zai-org/GLM-4-9B-0414,1,0,1,0,rigorous,0.0,14.0,0.0
2026-08-12 05:59:23,IA44_m-glm4-9b_sol1_gd0_rs0_bd1_str-rigorous_t00_n1,146,3,1,zai-org/GLM-4-9B-0414,1,0,1,0,rigorous,0.0,14.0,0.0
2026-08-12 05:59:33,IA44_m-glm4-9b_sol1_gd0_rs0_bd1_str-rigorous_t00_n1,147,1,1,zai-org/GLM-4-9B-0414,1,0,1,0,rigorous,0.0,15.0,0.0
2026-08-12 05:59:39,IA44_m-glm4-9b_sol1_gd0_rs0_bd1_str-rigorous_t00_n1,147,2,1,zai-org/GLM-4-9B-0414,1,0,1,0,rigorous,0.0,14.0,3.0
2026-08-12 05:59:47,IA44_m-glm4-9b_sol1_gd0_rs0_bd1_str-rigorous_t00_n1,147,3,1,zai-org/GLM-4-9B-0414,1,0,1,0,rigorous,0.0,16.0,0.0
2026-08-12 05:59:51,IA44_m-glm4-9b_sol1_gd0_rs0_bd1_str-rigorous_t00_n1,148,1,1,zai-org/GLM-4-9B-0414,1,0,1,0,rigorous,0.0,15.0,0.0
2026-08-12 05:59:57,IA44_m-glm4-9b_sol1_gd0_rs0_bd1_str-rigorous_t00_n1,148,2,1,zai-org/GLM-4-9B-0414,1,0,1,0,rigorous,0.0,14.0,0.0
2026-08-12 06:00:04,IA44_m-glm4-9b_sol1_gd0_rs0_bd1_str-rigorous_t00_n1,148,3,1,zai-org/GLM-4-9B-0414,1,0,1,0,rigorous,0.0,14.0,0.0
2026-08-12 06:00:13,IA44_m-glm4-9b_sol1_gd0_rs0_bd1_str-rigorous_t00_n1,149,1,1,zai-org/GLM-4-9B-0414,1,0,1,0,rigorous,0.0,19.0,0.0
2026-08-12 06:00:19,IA44_m-glm4-9b_sol1_gd0_rs0_bd1_str-rigorous_t00_n1,149,2,1,zai-org/GLM-4-9B-0414,1,0,1,0,rigorous,0.0,14.0,0.0
2026-08-12 06:00:27,IA44_m-glm4-9b_sol1_gd0_rs0_bd1_str-rigorous_t00_n1,149,3,1,zai-org/GLM-4-9B-0414,1,0,1,0,rigorous,0.0,14.0,0.0
2026-08-12 06:00:36,IA44_m-glm4-9b_sol1_gd0_rs0_bd1_str-rigorous_t00_n1,150,1,1,zai-org/GLM-4-9B-0414,1,0,1,0,rigorous,0.0,16.0,0.0
2026-08-12 06:00:41,IA44_m-glm4-9b_sol1_gd0_rs0_bd1_str-rigorous_t00_n1,150,2,1,zai-org/GLM-4-9B-0414,1,0,1,0,rigorous,0.0,10.0,0.0
2026-08-12 06:00:46,IA44_m-glm4-9b_sol1_gd0_rs0_bd1_str-rigorous_t00_n1,150,3,1,zai-org/GLM-4-9B-0414,1,0,1,0,rigorous,0.0,16.0,0.0
2026-08-12 06:00:55,IA44_m-glm4-9b_sol1_gd0_rs0_bd1_str-rigorous_t00_n1,151,1,1,zai-org/GLM-4-9B-0414,1,0,1,0,rigorous,0.0,10.0,0.0
2026-08-12 06:01:01,IA44_m-glm4-9b_sol1_gd0_rs0_bd1_str-rigorous_t00_n1,151,2,1,zai-org/GLM-4-9B-0414,1,0,1,0,rigorous,0.0,14.0,0.0
2026-08-12 06:01:08,IA44_m-glm4-9b_sol1_gd0_rs0_bd1_str-rigorous_t00_n1,151,3,1,zai-org/GLM-4-9B-0414,1,0,1,0,rigorous,0.0,10.0,0.0
2026-08-12 06:01:12,IA44_m-glm4-9b_sol1_gd0_rs0_bd1_str-rigorous_t00_n1,152,1,1,zai-org/GLM-4-9B-0414,1,0,1,0,rigorous,0.0,19.0,0.0
2026-08-12 06:01:17,IA44_m-glm4-9b_sol1_gd0_rs0_bd1_str-rigorous_t00_n1,152,2,1,zai-org/GLM-4-9B-0414,1,0,1,0,rigorous,0.0,14.0,0.0
2026-08-12 06:01:21,IA44_m-glm4-9b_sol1_gd0_rs0_bd1_str-rigorous_t00_n1,152,3,1,zai-org/GLM-4-9B-0414,1,0,1,0,rigorous,0.0,10.0,0.0
2026-08-12 06:01:25,IA44_m-glm4-9b_sol1_gd0_rs0_bd1_str-rigorous_t00_n1,153,1,1,zai-org/GLM-4-9B-0414,1,0,1,0,rigorous,0.0,15.0,0.0
2026-08-12 06:01:30,IA44_m-glm4-9b_sol1_gd0_rs0_bd1_str-rigorous_t00_n1,153,2,1,zai-org/GLM-4-9B-0414,1,0,1,0,rigorous,0.0,14.0,0.0
2026-08-12 06:01:39,IA44_m-glm4-9b_sol1_gd0_rs0_bd1_str-rigorous_t00_n1,153,3,1,zai-org/GLM-4-9B-0414,1,0,1,0,rigorous,0.0,10.0,0.0
2026-08-12 06:01:49,IA44_m-glm4-9b_sol1_gd0_rs0_bd1_str-rigorous_t00_n1,154,1,1,zai-org/GLM-4-9B-0414,1,0,1,0,rigorous,0.0,19.0,0.0
2026-08-12 06:01:53,IA44_m-glm4-9b_sol1_gd0_rs0_bd1_str-rigorous_t00_n1,154,2,1,zai-org/GLM-4-9B-0414,1,0,1,0,rigorous,0.0,14.0,0.0
2026-08-12 06:02:02,IA44_m-glm4-9b_sol1_gd0_rs0_bd1_str-rigorous_t00_n1,154,3,1,zai-org/GLM-4-9B-0414,1,0,1,0,rigorous,0.0,16.0,0.0
2026-08-12 06:02:11,IA44_m-glm4-9b_sol1_gd0_rs0_bd1_str-rigorous_t00_n1,155,1,1,zai-org/GLM-4-9B-0414,1,0,1,0,rigorous,0.0,15.0,0.0
2026-08-12 06:02:16,IA44_m-glm4-9b_sol1_gd0_rs0_bd1_str-rigorous_t00_n1,155,2,1,zai-org/GLM-4-9B-0414,1,0,1,0,rigorous,0.0,10.0,0.0
2026-08-12 06:02:24,IA44_m-glm4-9b_sol1_gd0_rs0_bd1_str-rigorous_t00_n1,155,3,1,zai-org/GLM-4-9B-0414,1,0,1,0,rigorous,0.0,16.0,0.0
2026-08-12 06:02:34,IA44_m-glm4-9b_sol1_gd0_rs0_bd1_str-rigorous_t00_n1,156,1,1,zai-org/GLM-4-9B-0414,1,0,1,0,rigorous,0.0,15.0,0.0
2026-08-12 06:02:39,IA44_m-glm4-9b_sol1_gd0_rs0_bd1_str-rigorous_t00_n1,156,2,1,zai-org/GLM-4-9B-0414,1,0,1,0,rigorous,0.0,14.0,0.0
2026-08-12 06:02:48,IA44_m-glm4-9b_sol1_gd0_rs0_bd1_str-rigorous_t00_n1,156,3,1,zai-org/GLM-4-9B-0414,1,0,1,0,rigorous,0.0,10.0,0.0
2026-08-12 06:02:51,IA44_m-glm4-9b_sol1_gd0_rs0_bd1_str-rigorous_t00_n1,157,1,1,zai-org/GLM-4-9B-0414,1,0,1,0,rigorous,0.0,15.0,0.0
2026-08-12 06:02:57,IA44_m-glm4-9b_sol1_gd0_rs0_bd1_str-rigorous_t00_n1,157,2,1,zai-org/GLM-4-9B-0414,1,0,1,0,rigorous,0.0,14.0,0.0
2026-08-12 06:03:04,IA44_m-glm4-9b_sol1_gd0_rs0_bd1_str-rigorous_t00_n1,157,3,1,zai-org/GLM-4-9B-0414,1,0,1,0,rigorous,0.0,14.0,0.0
2026-08-12 06:03:08,IA44_m-glm4-9b_sol1_gd0_rs0_bd1_str-rigorous_t00_n1,158,1,1,zai-org/GLM-4-9B-0414,1,0,1,0,rigorous,0.0,10.0,0.0
2026-08-12 06:03:14,IA44_m-glm4-9b_sol1_gd0_rs0_bd1_str-rigorous_t00_n1,158,2,1,zai-org/GLM-4-9B-0414,1,0,1,0,rigorous,0.0,5.0,0.0
2026-08-12 06:03:17,IA44_m-glm4-9b_sol1_gd0_rs0_bd1_str-rigorous_t00_n1,158,3,1,zai-org/GLM-4-9B-0414,1,0,1,0,rigorous,0.0,10.0,0.0
2026-08-12 06:03:21,IA44_m-glm4-9b_sol1_gd0_rs0_bd1_str-rigorous_t00_n1,159,1,1,zai-org/GLM-4-9B-0414,1,0,1,0,rigorous,0.0,10.0,0.0
2026-08-12 06:03:27,IA44_m-glm4-9b_sol1_gd0_rs0_bd1_str-rigorous_t00_n1,159,2,1,zai-org/GLM-4-9B-0414,1,0,1,0,rigorous,0.0,14.0,0.0
2026-08-12 06:03:35,IA44_m-glm4-9b_sol1_gd0_rs0_bd1_str-rigorous_t00_n1,159,3,1,zai-org/GLM-4-9B-0414,1,0,1,0,rigorous,0.0,10.0,0.0
2026-08-12 06:03:44,IA44_m-glm4-9b_sol1_gd0_rs0_bd1_str-rigorous_t00_n1,160,1,1,zai-org/GLM-4-9B-0414,1,0,1,0,rigorous,0.0,15.0,0.0
2026-08-12 06:03:49,IA44_m-glm4-9b_sol1_gd0_rs0_bd1_str-rigorous_t00_n1,160,2,1,zai-org/GLM-4-9B-0414,1,0,1,0,rigorous,0.0,10.0,0.0
2026-08-12 06:03:58,IA44_m-glm4-9b_sol1_gd0_rs0_bd1_str-rigorous_t00_n1,160,3,1,zai-org/GLM-4-9B-0414,1,0,1,0,rigorous,0.0,14.0,0.0
2026-08-12 06:04:07,IA44_m-glm4-9b_sol1_gd0_rs0_bd1_str-rigorous_t00_n1,161,1,1,zai-org/GLM-4-9B-0414,1,0,1,0,rigorous,0.0,10.0,0.0
2026-08-12 06:04:13,IA44_m-glm4-9b_sol1_gd0_rs0_bd1_str-rigorous_t00_n1,161,2,1,zai-org/GLM-4-9B-0414,1,0,1,0,rigorous,0.0,14.0,0.0
2026-08-12 06:04:20,IA44_m-glm4-9b_sol1_gd0_rs0_bd1_str-rigorous_t00_n1,161,3,1,zai-org/GLM-4-9B-0414,1,0,1,0,rigorous,0.0,10.0,0.0
2026-08-12 06:04:24,IA44_m-glm4-9b_sol1_gd0_rs0_bd1_str-rigorous_t00_n1,162,1,1,zai-org/GLM-4-9B-0414,1,0,1,0,rigorous,0.0,15.0,0.0
2026-08-12 06:04:29,IA44_m-glm4-9b_sol1_gd0_rs0_bd1_str-rigorous_t00_n1,162,2,1,zai-org/GLM-4-9B-0414,1,0,1,0,rigorous,0.0,14.0,3.0
2026-08-12 06:04:38,IA44_m-glm4-9b_sol1_gd0_rs0_bd1_str-rigorous_t00_n1,162,3,1,zai-org/GLM-4-9B-0414,1,0,1,0,rigorous,0.0,16.0,0.0
2026-08-12 06:04:47,IA44_m-glm4-9b_sol1_gd0_rs0_bd1_str-rigorous_t00_n1,163,1,1,zai-org/GLM-4-9B-0414,1,0,1,0,rigorous,0.0,10.0,0.0
2026-08-12 06:04:53,IA44_m-glm4-9b_sol1_gd0_rs0_bd1_str-rigorous_t00_n1,163,2,1,zai-org/GLM-4-9B-0414,1,0,1,0,rigorous,0.0,14.0,0.0
2026-08-12 06:05:01,IA44_m-glm4-9b_sol1_gd0_rs0_bd1_str-rigorous_t00_n1,163,3,1,zai-org/GLM-4-9B-0414,1,0,1,0,rigorous,0.0,10.0,0.0
2026-08-12 06:05:10,IA44_m-glm4-9b_sol1_gd0_rs0_bd1_str-rigorous_t00_n1,164,1,1,zai-org/GLM-4-9B-0414,1,0,1,0,rigorous,0.0,18.0,0.0
2026-08-12 06:05:16,IA44_m-glm4-9b_sol1_gd0_rs0_bd1_str-rigorous_t00_n1,164,2,1,zai-org/GLM-4-9B-0414,1,0,1,0,rigorous,0.0,14.0,0.0
2026-08-12 06:05:25,IA44_m-glm4-9b_sol1_gd0_rs0_bd1_str-rigorous_t00_n1,164,3,1,zai-org/GLM-4-9B-0414,1,0,1,0,rigorous,0.0,14.0,0.0
2026-08-12 06:05:33,IA44_m-glm4-9b_sol1_gd0_rs0_bd1_str-rigorous_t00_n1,165,1,1,zai-org/GLM-4-9B-0414,1,0,1,0,rigorous,0.0,15.0,0.0
2026-08-12 06:05:38,IA44_m-glm4-9b_sol1_gd0_rs0_bd1_str-rigorous_t00_n1,165,2,1,zai-org/GLM-4-9B-0414,1,0,1,0,rigorous,0.0,14.0,0.0
2026-08-12 06:05:46,IA44_m-glm4-9b_sol1_gd0_rs0_bd1_str-rigorous_t00_n1,165,3,1,zai-org/GLM-4-9B-0414,1,0,1,0,rigorous,0.0,16.0,0.0
2026-08-12 06:05:55,IA44_m-glm4-9b_sol1_gd0_rs0_bd1_str-rigorous_t00_n1,166,1,1,zai-org/GLM-4-9B-0414,1,0,1,0,rigorous,0.0,15.0,0.0
2026-08-12 06:06:00,IA44_m-glm4-9b_sol1_gd0_rs0_bd1_str-rigorous_t00_n1,166,2,1,zai-org/GLM-4-9B-0414,1,0,1,0,rigorous,0.0,14.0,0.0
2026-08-12 06:06:08,IA44_m-glm4-9b_sol1_gd0_rs0_bd1_str-rigorous_t00_n1,166,3,1,zai-org/GLM-4-9B-0414,1,0,1,0,rigorous,0.0,10.0,0.0
2026-08-12 06:06:17,IA44_m-glm4-9b_sol1_gd0_rs0_bd1_str-rigorous_t00_n1,167,1,1,zai-org/GLM-4-9B-0414,1,0,1,0,rigorous,0.0,15.0,0.0
2026-08-12 06:06:24,IA44_m-glm4-9b_sol1_gd0_rs0_bd1_str-rigorous_t00_n1,167,2,1,zai-org/GLM-4-9B-0414,1,0,1,0,rigorous,0.0,14.0,0.0
2026-08-12 06:06:33,IA44_m-glm4-9b_sol1_gd0_rs0_bd1_str-rigorous_t00_n1,167,3,1,zai-org/GLM-4-9B-0414,1,0,1,0,rigorous,0.0,10.0,0.0
2026-08-12 06:06:37,IA44_m-glm4-9b_sol1_gd0_rs0_bd1_str-rigorous_t00_n1,168,1,1,zai-org/GLM-4-9B-0414,1,0,1,0,rigorous,0.0,19.0,0.0
2026-08-12 06:06:43,IA44_m-glm4-9b_sol1_gd0_rs0_bd1_str-rigorous_t00_n1,168,2,1,zai-org/GLM-4-9B-0414,1,0,1,0,rigorous,0.0,14.0,3.0
2026-08-12 06:06:50,IA44_m-glm4-9b_sol1_gd0_rs0_bd1_str-rigorous_t00_n1,168,3,1,zai-org/GLM-4-9B-0414,1,0,1,0,rigorous,0.0,16.0,0.0
2026-08-12 06:06:54,IA44_m-glm4-9b_sol1_gd0_rs0_bd1_str-rigorous_t00_n1,169,1,1,zai-org/GLM-4-9B-0414,1,0,1,0,rigorous,0.0,0.0,0.0
2026-08-12 06:06:59,IA44_m-glm4-9b_sol1_gd0_rs0_bd1_str-rigorous_t00_n1,169,2,1,zai-org/GLM-4-9B-0414,1,0,1,0,rigorous,0.0,14.0,0.0
2026-08-12 06:07:07,IA44_m-glm4-9b_sol1_gd0_rs0_bd1_str-rigorous_t00_n1,169,3,1,zai-org/GLM-4-9B-0414,1,0,1,0,rigorous,0.0,0.0,0.0
2026-08-12 06:07:10,IA44_m-glm4-9b_sol1_gd0_rs0_bd1_str-rigorous_t00_n1,170,1,1,zai-org/GLM-4-9B-0414,1,0,1,0,rigorous,0.0,15.0,0.0
2026-08-12 06:07:18,IA44_m-glm4-9b_sol1_gd0_rs0_bd1_str-rigorous_t00_n1,170,3,1,zai-org/GLM-4-9B-0414,1,0,1,0,rigorous,0.0,16.0,0.0
2026-08-12 06:07:28,IA44_m-glm4-9b_sol1_gd0_rs0_bd1_str-rigorous_t00_n1,171,1,1,zai-org/GLM-4-9B-0414,1,0,1,0,rigorous,0.0,15.0,0.0
2026-08-12 06:07:33,IA44_m-glm4-9b_sol1_gd0_rs0_bd1_str-rigorous_t00_n1,171,2,1,zai-org/GLM-4-9B-0414,1,0,1,0,rigorous,0.0,10.0,0.0
2026-08-12 06:07:41,IA44_m-glm4-9b_sol1_gd0_rs0_bd1_str-rigorous_t00_n1,171,3,1,zai-org/GLM-4-9B-0414,1,0,1,0,rigorous,0.0,14.0,0.0
2026-08-12 06:07:50,IA44_m-glm4-9b_sol1_gd0_rs0_bd1_str-rigorous_t00_n1,172,1,1,zai-org/GLM-4-9B-0414,1,0,1,0,rigorous,0.0,15.0,0.0
2026-08-12 06:07:55,IA44_m-glm4-9b_sol1_gd0_rs0_bd1_str-rigorous_t00_n1,172,2,1,zai-org/GLM-4-9B-0414,1,0,1,0,rigorous,0.0,14.0,0.0
2026-08-12 06:08:03,IA44_m-glm4-9b_sol1_gd0_rs0_bd1_str-rigorous_t00_n1,172,3,1,zai-org/GLM-4-9B-0414,1,0,1,0,rigorous,0.0,10.0,0.0
2026-08-12 06:08:13,IA44_m-glm4-9b_sol1_gd0_rs0_bd1_str-rigorous_t00_n1,173,1,1,zai-org/GLM-4-9B-0414,1,0,1,0,rigorous,0.0,12.0,0.0
2026-08-12 06:08:18,IA44_m-glm4-9b_sol1_gd0_rs0_bd1_str-rigorous_t00_n1,173,2,1,zai-org/GLM-4-9B-0414,1,0,1,0,rigorous,0.0,14.0,0.0
2026-08-12 06:08:26,IA44_m-glm4-9b_sol1_gd0_rs0_bd1_str-rigorous_t00_n1,173,3,1,zai-org/GLM-4-9B-0414,1,0,1,0,rigorous,0.0,10.0,0.0
2026-08-12 06:08:35,IA44_m-glm4-9b_sol1_gd0_rs0_bd1_str-rigorous_t00_n1,174,1,1,zai-org/GLM-4-9B-0414,1,0,1,0,rigorous,0.0,12.0,0.0
2026-08-12 06:08:38,IA44_m-glm4-9b_sol1_gd0_rs0_bd1_str-rigorous_t00_n1,174,3,1,zai-org/GLM-4-9B-0414,1,0,1,0,rigorous,0.0,10.0,0.0
2026-08-12 06:08:47,IA44_m-glm4-9b_sol1_gd0_rs0_bd1_str-rigorous_t00_n1,175,1,1,zai-org/GLM-4-9B-0414,1,0,1,0,rigorous,0.0,18.0,0.0
2026-08-12 06:08:53,IA44_m-glm4-9b_sol1_gd0_rs0_bd1_str-rigorous_t00_n1,175,2,1,zai-org/GLM-4-9B-0414,1,0,1,0,rigorous,0.0,14.0,0.0
2026-08-12 06:09:02,IA44_m-glm4-9b_sol1_gd0_rs0_bd1_str-rigorous_t00_n1,175,3,1,zai-org/GLM-4-9B-0414,1,0,1,0,rigorous,0.0,14.0,0.0
2026-08-12 06:09:11,IA44_m-glm4-9b_sol1_gd0_rs0_bd1_str-rigorous_t00_n1,176,1,1,zai-org/GLM-4-9B-0414,1,0,1,0,rigorous,0.0,18.0,0.0
2026-08-12 06:09:17,IA44_m-glm4-9b_sol1_gd0_rs0_bd1_str-rigorous_t00_n1,176,2,1,zai-org/GLM-4-9B-0414,1,0,1,0,rigorous,0.0,13.0,0.0
2026-08-12 06:09:26,IA44_m-glm4-9b_sol1_gd0_rs0_bd1_str-rigorous_t00_n1,176,3,1,zai-org/GLM-4-9B-0414,1,0,1,0,rigorous,0.0,14.0,0.0
2026-08-12 06:09:35,IA44_m-glm4-9b_sol1_gd0_rs0_bd1_str-rigorous_t00_n1,177,1,1,zai-org/GLM-4-9B-0414,1,0,1,0,rigorous,0.0,18.0,0.0
2026-08-12 06:09:40,IA44_m-glm4-9b_sol1_gd0_rs0_bd1_str-rigorous_t00_n1,177,2,1,zai-org/GLM-4-9B-0414,1,0,1,0,rigorous,0.0,14.0,0.0
2026-08-12 06:09:48,IA44_m-glm4-9b_sol1_gd0_rs0_bd1_str-rigorous_t00_n1,177,3,1,zai-org/GLM-4-9B-0414,1,0,1,0,rigorous,0.0,16.0,0.0
2026-08-12 06:09:57,IA44_m-glm4-9b_sol1_gd0_rs0_bd1_str-rigorous_t00_n1,178,1,1,zai-org/GLM-4-9B-0414,1,0,1,0,rigorous,0.0,15.0,0.0
2026-08-12 06:10:03,IA44_m-glm4-9b_sol1_gd0_rs0_bd1_str-rigorous_t00_n1,178,2,1,zai-org/GLM-4-9B-0414,1,0,1,0,rigorous,0.0,14.0,0.0
2026-08-12 06:10:12,IA44_m-glm4-9b_sol1_gd0_rs0_bd1_str-rigorous_t00_n1,178,3,1,zai-org/GLM-4-9B-0414,1,0,1,0,rigorous,0.0,14.0,0.0
2026-08-12 06:10:16,IA44_m-glm4-9b_sol1_gd0_rs0_bd1_str-rigorous_t00_n1,179,1,1,zai-org/GLM-4-9B-0414,1,0,1,0,rigorous,0.0,0.0,0.0
2026-08-12 06:10:21,IA44_m-glm4-9b_sol1_gd0_rs0_bd1_str-rigorous_t00_n1,179,2,1,zai-org/GLM-4-9B-0414,1,0,1,0,rigorous,0.0,10.0,0.0
2026-08-12 06:10:29,IA44_m-glm4-9b_sol1_gd0_rs0_bd1_str-rigorous_t00_n1,179,3,1,zai-org/GLM-4-9B-0414,1,0,1,0,rigorous,0.0,0.0,0.0
2026-08-12 06:10:38,IA44_m-glm4-9b_sol1_gd0_rs0_bd1_str-rigorous_t00_n1,180,1,1,zai-org/GLM-4-9B-0414,1,0,1,0,rigorous,0.0,15.0,0.0
2026-08-12 06:10:43,IA44_m-glm4-9b_sol1_gd0_rs0_bd1_str-rigorous_t00_n1,180,3,1,zai-org/GLM-4-9B-0414,1,0,1,0,rigorous,0.0,10.0,0.0
2026-08-12 06:10:53,IA44_m-glm4-9b_sol1_gd0_rs0_bd1_str-rigorous_t00_n1,181,1,1,zai-org/GLM-4-9B-0414,1,0,1,0,rigorous,0.0,15.0,0.0
2026-08-12 06:11:00,IA44_m-glm4-9b_sol1_gd0_rs0_bd1_str-rigorous_t00_n1,181,2,1,zai-org/GLM-4-9B-0414,1,0,1,0,rigorous,0.0,14.0,0.0
2026-08-12 06:11:09,IA44_m-glm4-9b_sol1_gd0_rs0_bd1_str-rigorous_t00_n1,181,3,1,zai-org/GLM-4-9B-0414,1,0,1,0,rigorous,0.0,10.0,0.0
2026-08-12 06:11:17,IA44_m-glm4-9b_sol1_gd0_rs0_bd1_str-rigorous_t00_n1,182,1,1,zai-org/GLM-4-9B-0414,1,0,1,0,rigorous,0.0,18.0,0.0
2026-08-12 06:11:22,IA44_m-glm4-9b_sol1_gd0_rs0_bd1_str-rigorous_t00_n1,182,2,1,zai-org/GLM-4-9B-0414,1,0,1,0,rigorous,0.0,14.0,0.0
2026-08-12 06:11:30,IA44_m-glm4-9b_sol1_gd0_rs0_bd1_str-rigorous_t00_n1,182,3,1,zai-org/GLM-4-9B-0414,1,0,1,0,rigorous,0.0,16.0,0.0
2026-08-12 06:11:34,IA44_m-glm4-9b_sol1_gd0_rs0_bd1_str-rigorous_t00_n1,183,1,1,zai-org/GLM-4-9B-0414,1,0,1,0,rigorous,0.0,15.0,0.0
2026-08-12 06:11:39,IA44_m-glm4-9b_sol1_gd0_rs0_bd1_str-rigorous_t00_n1,183,2,1,zai-org/GLM-4-9B-0414,1,0,1,0,rigorous,0.0,14.0,0.0
2026-08-12 06:11:48,IA44_m-glm4-9b_sol1_gd0_rs0_bd1_str-rigorous_t00_n1,183,3,1,zai-org/GLM-4-9B-0414,1,0,1,0,rigorous,0.0,14.0,0.0
2026-08-12 06:11:56,IA44_m-glm4-9b_sol1_gd0_rs0_bd1_str-rigorous_t00_n1,184,1,1,zai-org/GLM-4-9B-0414,1,0,1,0,rigorous,0.0,22.0,3.0
2026-08-12 06:12:02,IA44_m-glm4-9b_sol1_gd0_rs0_bd1_str-rigorous_t00_n1,184,2,1,zai-org/GLM-4-9B-0414,1,0,1,0,rigorous,0.0,14.0,3.0
2026-08-12 06:12:05,IA44_m-glm4-9b_sol1_gd0_rs0_bd1_str-rigorous_t00_n1,184,3,1,zai-org/GLM-4-9B-0414,1,0,1,0,rigorous,0.0,19.0,0.0
2026-08-12 06:12:09,IA44_m-glm4-9b_sol1_gd0_rs0_bd1_str-rigorous_t00_n1,185,1,1,zai-org/GLM-4-9B-0414,1,0,1,0,rigorous,0.0,18.0,0.0
2026-08-12 06:12:14,IA44_m-glm4-9b_sol1_gd0_rs0_bd1_str-rigorous_t00_n1,185,2,1,zai-org/GLM-4-9B-0414,1,0,1,0,rigorous,0.0,13.0,0.0
2026-08-12 06:12:23,IA44_m-glm4-9b_sol1_gd0_rs0_bd1_str-rigorous_t00_n1,185,3,1,zai-org/GLM-4-9B-0414,1,0,1,0,rigorous,0.0,10.0,0.0
2026-08-12 06:12:33,IA44_m-glm4-9b_sol1_gd0_rs0_bd1_str-rigorous_t00_n1,186,1,1,zai-org/GLM-4-9B-0414,1,0,1,0,rigorous,0.0,15.0,0.0
2026-08-12 06:12:38,IA44_m-glm4-9b_sol1_gd0_rs0_bd1_str-rigorous_t00_n1,186,2,1,zai-org/GLM-4-9B-0414,1,0,1,0,rigorous,0.0,14.0,0.0
2026-08-12 06:12:46,IA44_m-glm4-9b_sol1_gd0_rs0_bd1_str-rigorous_t00_n1,186,3,1,zai-org/GLM-4-9B-0414,1,0,1,0,rigorous,0.0,10.0,0.0
2026-08-12 06:12:56,IA44_m-glm4-9b_sol1_gd0_rs0_bd1_str-rigorous_t00_n1,187,1,1,zai-org/GLM-4-9B-0414,1,0,1,0,rigorous,0.0,19.0,0.0
2026-08-12 06:13:02,IA44_m-glm4-9b_sol1_gd0_rs0_bd1_str-rigorous_t00_n1,187,2,1,zai-org/GLM-4-9B-0414,1,0,1,0,rigorous,0.0,14.0,3.0
2026-08-12 06:13:05,IA44_m-glm4-9b_sol1_gd0_rs0_bd1_str-rigorous_t00_n1,187,3,1,zai-org/GLM-4-9B-0414,1,0,1,0,rigorous,0.0,16.0,0.0
2026-08-12 06:13:09,IA44_m-glm4-9b_sol1_gd0_rs0_bd1_str-rigorous_t00_n1,188,1,1,zai-org/GLM-4-9B-0414,1,0,1,0,rigorous,0.0,0.0,0.0
2026-08-12 06:13:14,IA44_m-glm4-9b_sol1_gd0_rs0_bd1_str-rigorous_t00_n1,188,2,1,zai-org/GLM-4-9B-0414,1,0,1,0,rigorous,0.0,10.0,0.0
2026-08-12 06:13:18,IA44_m-glm4-9b_sol1_gd0_rs0_bd1_str-rigorous_t00_n1,189,1,1,zai-org/GLM-4-9B-0414,1,0,1,0,rigorous,0.0,15.0,0.0
2026-08-12 06:13:23,IA44_m-glm4-9b_sol1_gd0_rs0_bd1_str-rigorous_t00_n1,189,2,1,zai-org/GLM-4-9B-0414,1,0,1,0,rigorous,0.0,14.0,0.0
2026-08-12 06:13:27,IA44_m-glm4-9b_sol1_gd0_rs0_bd1_str-rigorous_t00_n1,189,3,1,zai-org/GLM-4-9B-0414,1,0,1,0,rigorous,0.0,16.0,0.0
2026-08-12 06:13:31,IA44_m-glm4-9b_sol1_gd0_rs0_bd1_str-rigorous_t00_n1,190,1,1,zai-org/GLM-4-9B-0414,1,0,1,0,rigorous,0.0,19.0,0.0
2026-08-12 06:13:37,IA44_m-glm4-9b_sol1_gd0_rs0_bd1_str-rigorous_t00_n1,190,2,1,zai-org/GLM-4-9B-0414,1,0,1,0,rigorous,0.0,14.0,3.0
2026-08-12 06:13:41,IA44_m-glm4-9b_sol1_gd0_rs0_bd1_str-rigorous_t00_n1,190,3,1,zai-org/GLM-4-9B-0414,1,0,1,0,rigorous,0.0,16.0,0.0
2026-08-12 06:13:45,IA44_m-glm4-9b_sol1_gd0_rs0_bd1_str-rigorous_t00_n1,191,1,1,zai-org/GLM-4-9B-0414,1,0,1,0,rigorous,0.0,15.0,0.0
2026-08-12 06:13:51,IA44_m-glm4-9b_sol1_gd0_rs0_bd1_str-rigorous_t00_n1,191,2,1,zai-org/GLM-4-9B-0414,1,0,1,0,rigorous,0.0,13.0,0.0
2026-08-12 06:13:58,IA44_m-glm4-9b_sol1_gd0_rs0_bd1_str-rigorous_t00_n1,191,3,1,zai-org/GLM-4-9B-0414,1,0,1,0,rigorous,0.0,16.0,0.0
2026-08-12 06:14:02,IA44_m-glm4-9b_sol1_gd0_rs0_bd1_str-rigorous_t00_n1,192,1,1,zai-org/GLM-4-9B-0414,1,0,1,0,rigorous,0.0,10.0,0.0
2026-08-12 06:14:08,IA44_m-glm4-9b_sol1_gd0_rs0_bd1_str-rigorous_t00_n1,192,2,1,zai-org/GLM-4-9B-0414,1,0,1,0,rigorous,0.0,14.0,0.0
2026-08-12 06:14:15,IA44_m-glm4-9b_sol1_gd0_rs0_bd1_str-rigorous_t00_n1,192,3,1,zai-org/GLM-4-9B-0414,1,0,1,0,rigorous,0.0,10.0,0.0
2026-08-12 06:14:19,IA44_m-glm4-9b_sol1_gd0_rs0_bd1_str-rigorous_t00_n1,193,1,1,zai-org/GLM-4-9B-0414,1,0,1,0,rigorous,0.0,10.0,0.0
2026-08-12 06:14:24,IA44_m-glm4-9b_sol1_gd0_rs0_bd1_str-rigorous_t00_n1,193,2,1,zai-org/GLM-4-9B-0414,1,0,1,0,rigorous,0.0,10.0,0.0
2026-08-12 06:14:32,IA44_m-glm4-9b_sol1_gd0_rs0_bd1_str-rigorous_t00_n1,193,3,1,zai-org/GLM-4-9B-0414,1,0,1,0,rigorous,0.0,14.0,0.0
2026-08-12 06:14:35,IA44_m-glm4-9b_sol1_gd0_rs0_bd1_str-rigorous_t00_n1,194,1,1,zai-org/GLM-4-9B-0414,1,0,1,0,rigorous,0.0,10.0,0.0
2026-08-12 06:14:40,IA44_m-glm4-9b_sol1_gd0_rs0_bd1_str-rigorous_t00_n1,194,2,1,zai-org/GLM-4-9B-0414,1,0,1,0,rigorous,0.0,14.0,0.0
2026-08-12 06:14:44,IA44_m-glm4-9b_sol1_gd0_rs0_bd1_str-rigorous_t00_n1,194,3,1,zai-org/GLM-4-9B-0414,1,0,1,0,rigorous,0.0,10.0,0.0
2026-08-12 06:14:53,IA44_m-glm4-9b_sol1_gd0_rs0_bd1_str-rigorous_t00_n1,195,1,1,zai-org/GLM-4-9B-0414,1,0,1,0,rigorous,0.0,10.0,0.0
2026-08-12 06:14:59,IA44_m-glm4-9b_sol1_gd0_rs0_bd1_str-rigorous_t00_n1,195,2,1,zai-org/GLM-4-9B-0414,1,0,1,0,rigorous,0.0,10.0,0.0
2026-08-12 06:15:06,IA44_m-glm4-9b_sol1_gd0_rs0_bd1_str-rigorous_t00_n1,195,3,1,zai-org/GLM-4-9B-0414,1,0,1,0,rigorous,0.0,10.0,0.0
2026-08-12 06:15:15,IA44_m-glm4-9b_sol1_gd0_rs0_bd1_str-rigorous_t00_n1,196,1,1,zai-org/GLM-4-9B-0414,1,0,1,0,rigorous,0.0,22.0,0.0
2026-08-12 06:15:20,IA44_m-glm4-9b_sol1_gd0_rs0_bd1_str-rigorous_t00_n1,196,2,1,zai-org/GLM-4-9B-0414,1,0,1,0,rigorous,0.0,14.0,3.0
2026-08-12 06:15:28,IA44_m-glm4-9b_sol1_gd0_rs0_bd1_str-rigorous_t00_n1,196,3,1,zai-org/GLM-4-9B-0414,1,0,1,0,rigorous,0.0,16.0,0.0
2026-08-12 06:15:38,IA44_m-glm4-9b_sol1_gd0_rs0_bd1_str-rigorous_t00_n1,197,1,1,zai-org/GLM-4-9B-0414,1,0,1,0,rigorous,0.0,15.0,0.0
2026-08-12 06:15:44,IA44_m-glm4-9b_sol1_gd0_rs0_bd1_str-rigorous_t00_n1,197,2,1,zai-org/GLM-4-9B-0414,1,0,1,0,rigorous,0.0,14.0,0.0
2026-08-12 06:15:51,IA44_m-glm4-9b_sol1_gd0_rs0_bd1_str-rigorous_t00_n1,197,3,1,zai-org/GLM-4-9B-0414,1,0,1,0,rigorous,0.0,14.0,0.0
2026-08-12 06:15:56,IA44_m-glm4-9b_sol1_gd0_rs0_bd1_str-rigorous_t00_n1,198,1,1,zai-org/GLM-4-9B-0414,1,0,1,0,rigorous,0.0,18.0,0.0
2026-08-12 06:16:02,IA44_m-glm4-9b_sol1_gd0_rs0_bd1_str-rigorous_t00_n1,198,2,1,zai-org/GLM-4-9B-0414,1,0,1,0,rigorous,0.0,13.0,0.0
2026-08-12 06:16:05,IA44_m-glm4-9b_sol1_gd0_rs0_bd1_str-rigorous_t00_n1,198,3,1,zai-org/GLM-4-9B-0414,1,0,1,0,rigorous,0.0,10.0,0.0
2026-08-12 06:16:16,IA44_m-glm4-9b_sol1_gd0_rs0_bd1_str-rigorous_t00_n1,199,1,1,zai-org/GLM-4-9B-0414,1,0,1,0,rigorous,0.0,10.0,0.0
2026-08-12 06:16:21,IA44_m-glm4-9b_sol1_gd0_rs0_bd1_str-rigorous_t00_n1,199,2,1,zai-org/GLM-4-9B-0414,1,0,1,0,rigorous,0.0,14.0,0.0
2026-08-12 06:16:29,IA44_m-glm4-9b_sol1_gd0_rs0_bd1_str-rigorous_t00_n1,199,3,1,zai-org/GLM-4-9B-0414,1,0,1,0,rigorous,0.0,10.0,0.0
2026-08-12 06:16:39,IA44_m-glm4-9b_sol1_gd0_rs0_bd1_str-rigorous_t00_n1,200,1,1,zai-org/GLM-4-9B-0414,1,0,1,0,rigorous,0.0,15.0,0.0
2026-08-12 06:16:44,IA44_m-glm4-9b_sol1_gd0_rs0_bd1_str-rigorous_t00_n1,200,2,1,zai-org/GLM-4-9B-0414,1,0,1,0,rigorous,0.0,12.0,0.0
2026-08-12 06:16:52,IA44_m-glm4-9b_sol1_gd0_rs0_bd1_str-rigorous_t00_n1,200,3,1,zai-org/GLM-4-9B-0414,1,0,1,0,rigorous,0.0,14.0,0.0
2026-08-12 06:16:55,IA44_m-glm4-9b_sol1_gd0_rs0_bd1_str-rigorous_t00_n1,201,1,1,zai-org/GLM-4-9B-0414,1,0,1,0,rigorous,0.0,15.0,0.0
2026-08-12 06:17:00,IA44_m-glm4-9b_sol1_gd0_rs0_bd1_str-rigorous_t00_n1,201,2,1,zai-org/GLM-4-9B-0414,1,0,1,0,rigorous,0.0,10.0,0.0
2026-08-12 06:17:07,IA44_m-glm4-9b_sol1_gd0_rs0_bd1_str-rigorous_t00_n1,201,3,1,zai-org/GLM-4-9B-0414,1,0,1,0,rigorous,0.0,16.0,0.0
2026-08-12 06:17:16,IA44_m-glm4-9b_sol1_gd0_rs0_bd1_str-rigorous_t00_n1,202,1,1,zai-org/GLM-4-9B-0414,1,0,1,0,rigorous,0.0,15.0,0.0
2026-08-12 06:17:22,IA44_m-glm4-9b_sol1_gd0_rs0_bd1_str-rigorous_t00_n1,202,2,1,zai-org/GLM-4-9B-0414,1,0,1,0,rigorous,0.0,14.0,0.0
2026-08-12 06:17:25,IA44_m-glm4-9b_sol1_gd0_rs0_bd1_str-rigorous_t00_n1,203,1,1,zai-org/GLM-4-9B-0414,1,0,1,0,rigorous,0.0,15.0,0.0
2026-08-12 06:17:31,IA44_m-glm4-9b_sol1_gd0_rs0_bd1_str-rigorous_t00_n1,203,2,1,zai-org/GLM-4-9B-0414,1,0,1,0,rigorous,0.0,14.0,0.0
2026-08-12 06:17:39,IA44_m-glm4-9b_sol1_gd0_rs0_bd1_str-rigorous_t00_n1,203,3,1,zai-org/GLM-4-9B-0414,1,0,1,0,rigorous,0.0,14.0,0.0
2026-08-12 06:17:49,IA44_m-glm4-9b_sol1_gd0_rs0_bd1_str-rigorous_t00_n1,204,1,1,zai-org/GLM-4-9B-0414,1,0,1,0,rigorous,0.0,15.0,0.0
2026-08-12 06:17:55,IA44_m-glm4-9b_sol1_gd0_rs0_bd1_str-rigorous_t00_n1,204,2,1,zai-org/GLM-4-9B-0414,1,0,1,0,rigorous,0.0,14.0,0.0
2026-08-12 06:18:03,IA44_m-glm4-9b_sol1_gd0_rs0_bd1_str-rigorous_t00_n1,204,3,1,zai-org/GLM-4-9B-0414,1,0,1,0,rigorous,0.0,16.0,0.0
2026-08-12 06:18:13,IA44_m-glm4-9b_sol1_gd0_rs0_bd1_str-rigorous_t00_n1,205,1,1,zai-org/GLM-4-9B-0414,1,0,1,0,rigorous,0.0,10.0,0.0
2026-08-12 06:18:18,IA44_m-glm4-9b_sol1_gd0_rs0_bd1_str-rigorous_t00_n1,205,2,1,zai-org/GLM-4-9B-0414,1,0,1,0,rigorous,0.0,14.0,0.0
2026-08-12 06:18:26,IA44_m-glm4-9b_sol1_gd0_rs0_bd1_str-rigorous_t00_n1,205,3,1,zai-org/GLM-4-9B-0414,1,0,1,0,rigorous,0.0,10.0,0.0
2026-08-12 06:18:30,IA44_m-glm4-9b_sol1_gd0_rs0_bd1_str-rigorous_t00_n1,206,1,1,zai-org/GLM-4-9B-0414,1,0,1,0,rigorous,0.0,19.0,0.0
2026-08-12 06:18:35,IA44_m-glm4-9b_sol1_gd0_rs0_bd1_str-rigorous_t00_n1,206,2,1,zai-org/GLM-4-9B-0414,1,0,1,0,rigorous,0.0,14.0,0.0
2026-08-12 06:18:43,IA44_m-glm4-9b_sol1_gd0_rs0_bd1_str-rigorous_t00_n1,206,3,1,zai-org/GLM-4-9B-0414,1,0,1,0,rigorous,0.0,16.0,0.0
2026-08-12 06:18:52,IA44_m-glm4-9b_sol1_gd0_rs0_bd1_str-rigorous_t00_n1,207,1,1,zai-org/GLM-4-9B-0414,1,0,1,0,rigorous,0.0,15.0,0.0
2026-08-12 06:18:59,IA44_m-glm4-9b_sol1_gd0_rs0_bd1_str-rigorous_t00_n1,207,2,1,zai-org/GLM-4-9B-0414,1,0,1,0,rigorous,0.0,14.0,0.0
2026-08-12 06:19:07,IA44_m-glm4-9b_sol1_gd0_rs0_bd1_str-rigorous_t00_n1,207,3,1,zai-org/GLM-4-9B-0414,1,0,1,0,rigorous,0.0,16.0,0.0
2026-08-12 06:19:15,IA44_m-glm4-9b_sol1_gd0_rs0_bd1_str-rigorous_t00_n1,208,1,1,zai-org/GLM-4-9B-0414,1,0,1,0,rigorous,0.0,15.0,0.0
2026-08-12 06:19:20,IA44_m-glm4-9b_sol1_gd0_rs0_bd1_str-rigorous_t00_n1,208,2,1,zai-org/GLM-4-9B-0414,1,0,1,0,rigorous,0.0,14.0,0.0
2026-08-12 06:19:28,IA44_m-glm4-9b_sol1_gd0_rs0_bd1_str-rigorous_t00_n1,208,3,1,zai-org/GLM-4-9B-0414,1,0,1,0,rigorous,0.0,16.0,0.0
2026-08-12 06:19:36,IA44_m-glm4-9b_sol1_gd0_rs0_bd1_str-rigorous_t00_n1,209,1,1,zai-org/GLM-4-9B-0414,1,0,1,0,rigorous,0.0,19.0,0.0
2026-08-12 06:19:41,IA44_m-glm4-9b_sol1_gd0_rs0_bd1_str-rigorous_t00_n1,209,2,1,zai-org/GLM-4-9B-0414,1,0,1,0,rigorous,0.0,14.0,3.0
2026-08-12 06:19:49,IA44_m-glm4-9b_sol1_gd0_rs0_bd1_str-rigorous_t00_n1,209,3,1,zai-org/GLM-4-9B-0414,1,0,1,0,rigorous,0.0,16.0,0.0
2026-08-12 06:20:00,IA44_m-glm4-9b_sol1_gd0_rs0_bd1_str-rigorous_t00_n1,210,1,1,zai-org/GLM-4-9B-0414,1,0,1,0,rigorous,0.0,18.0,0.0
2026-08-12 06:20:06,IA44_m-glm4-9b_sol1_gd0_rs0_bd1_str-rigorous_t00_n1,210,2,1,zai-org/GLM-4-9B-0414,1,0,1,0,rigorous,0.0,14.0,0.0
2026-08-12 06:20:14,IA44_m-glm4-9b_sol1_gd0_rs0_bd1_str-rigorous_t00_n1,210,3,1,zai-org/GLM-4-9B-0414,1,0,1,0,rigorous,0.0,16.0,0.0
2026-08-12 06:20:22,IA44_m-glm4-9b_sol1_gd0_rs0_bd1_str-rigorous_t00_n1,211,1,1,zai-org/GLM-4-9B-0414,1,0,1,0,rigorous,0.0,19.0,0.0
2026-08-12 06:20:27,IA44_m-glm4-9b_sol1_gd0_rs0_bd1_str-rigorous_t00_n1,211,2,1,zai-org/GLM-4-9B-0414,1,0,1,0,rigorous,0.0,14.0,0.0
2026-08-12 06:20:35,IA44_m-glm4-9b_sol1_gd0_rs0_bd1_str-rigorous_t00_n1,211,3,1,zai-org/GLM-4-9B-0414,1,0,1,0,rigorous,0.0,16.0,0.0
2026-08-12 06:20:44,IA44_m-glm4-9b_sol1_gd0_rs0_bd1_str-rigorous_t00_n1,212,1,1,zai-org/GLM-4-9B-0414,1,0,1,0,rigorous,0.0,15.0,0.0
2026-08-12 06:20:50,IA44_m-glm4-9b_sol1_gd0_rs0_bd1_str-rigorous_t00_n1,212,2,1,zai-org/GLM-4-9B-0414,1,0,1,0,rigorous,0.0,14.0,0.0
2026-08-12 06:20:58,IA44_m-glm4-9b_sol1_gd0_rs0_bd1_str-rigorous_t00_n1,212,3,1,zai-org/GLM-4-9B-0414,1,0,1,0,rigorous,0.0,14.0,0.0
2026-08-12 06:21:01,IA44_m-glm4-9b_sol1_gd0_rs0_bd1_str-rigorous_t00_n1,213,1,1,zai-org/GLM-4-9B-0414,1,0,1,0,rigorous,0.0,15.0,0.0
2026-08-12 06:21:07,IA44_m-glm4-9b_sol1_gd0_rs0_bd1_str-rigorous_t00_n1,213,2,1,zai-org/GLM-4-9B-0414,1,0,1,0,rigorous,0.0,14.0,0.0
2026-08-12 06:21:16,IA44_m-glm4-9b_sol1_gd0_rs0_bd1_str-rigorous_t00_n1,213,3,1,zai-org/GLM-4-9B-0414,1,0,1,0,rigorous,0.0,14.0,0.0
2026-08-12 06:21:24,IA44_m-glm4-9b_sol1_gd0_rs0_bd1_str-rigorous_t00_n1,214,1,1,zai-org/GLM-4-9B-0414,1,0,1,0,rigorous,0.0,19.0,0.0
2026-08-12 06:21:31,IA44_m-glm4-9b_sol1_gd0_rs0_bd1_str-rigorous_t00_n1,214,2,1,zai-org/GLM-4-9B-0414,1,0,1,0,rigorous,0.0,5.0,0.0
2026-08-12 06:21:39,IA44_m-glm4-9b_sol1_gd0_rs0_bd1_str-rigorous_t00_n1,214,3,1,zai-org/GLM-4-9B-0414,1,0,1,0,rigorous,0.0,16.0,0.0
2026-08-12 06:21:48,IA44_m-glm4-9b_sol1_gd0_rs0_bd1_str-rigorous_t00_n1,215,1,1,zai-org/GLM-4-9B-0414,1,0,1,0,rigorous,0.0,19.0,0.0
2026-08-12 06:21:53,IA44_m-glm4-9b_sol1_gd0_rs0_bd1_str-rigorous_t00_n1,215,2,1,zai-org/GLM-4-9B-0414,1,0,1,0,rigorous,0.0,14.0,0.0
2026-08-12 06:22:02,IA44_m-glm4-9b_sol1_gd0_rs0_bd1_str-rigorous_t00_n1,215,3,1,zai-org/GLM-4-9B-0414,1,0,1,0,rigorous,0.0,16.0,0.0
2026-08-12 06:22:12,IA44_m-glm4-9b_sol1_gd0_rs0_bd1_str-rigorous_t00_n1,216,1,1,zai-org/GLM-4-9B-0414,1,0,1,0,rigorous,0.0,19.0,0.0
2026-08-12 06:22:18,IA44_m-glm4-9b_sol1_gd0_rs0_bd1_str-rigorous_t00_n1,216,2,1,zai-org/GLM-4-9B-0414,1,0,1,0,rigorous,0.0,14.0,0.0
2026-08-12 06:22:25,IA44_m-glm4-9b_sol1_gd0_rs0_bd1_str-rigorous_t00_n1,216,3,1,zai-org/GLM-4-9B-0414,1,0,1,0,rigorous,0.0,16.0,0.0
2026-08-12 06:22:34,IA44_m-glm4-9b_sol1_gd0_rs0_bd1_str-rigorous_t00_n1,217,1,1,zai-org/GLM-4-9B-0414,1,0,1,0,rigorous,0.0,15.0,0.0
2026-08-12 06:22:39,IA44_m-glm4-9b_sol1_gd0_rs0_bd1_str-rigorous_t00_n1,217,2,1,zai-org/GLM-4-9B-0414,1,0,1,0,rigorous,0.0,14.0,0.0
2026-08-12 06:22:48,IA44_m-glm4-9b_sol1_gd0_rs0_bd1_str-rigorous_t00_n1,217,3,1,zai-org/GLM-4-9B-0414,1,0,1,0,rigorous,0.0,10.0,0.0
2026-08-12 06:22:56,IA44_m-glm4-9b_sol1_gd0_rs0_bd1_str-rigorous_t00_n1,218,1,1,zai-org/GLM-4-9B-0414,1,0,1,0,rigorous,0.0,15.0,0.0
2026-08-12 06:23:01,IA44_m-glm4-9b_sol1_gd0_rs0_bd1_str-rigorous_t00_n1,218,2,1,zai-org/GLM-4-9B-0414,1,0,1,0,rigorous,0.0,10.0,0.0
2026-08-12 06:23:09,IA44_m-glm4-9b_sol1_gd0_rs0_bd1_str-rigorous_t00_n1,218,3,1,zai-org/GLM-4-9B-0414,1,0,1,0,rigorous,0.0,14.0,0.0
2026-08-12 06:23:18,IA44_m-glm4-9b_sol1_gd0_rs0_bd1_str-rigorous_t00_n1,219,1,1,zai-org/GLM-4-9B-0414,1,0,1,0,rigorous,0.0,19.0,0.0
2026-08-12 06:23:23,IA44_m-glm4-9b_sol1_gd0_rs0_bd1_str-rigorous_t00_n1,219,2,1,zai-org/GLM-4-9B-0414,1,0,1,0,rigorous,0.0,14.0,3.0
2026-08-12 06:23:32,IA44_m-glm4-9b_sol1_gd0_rs0_bd1_str-rigorous_t00_n1,219,3,1,zai-org/GLM-4-9B-0414,1,0,1,0,rigorous,0.0,16.0,0.0
2026-08-12 06:23:37,IA44_m-glm4-9b_sol1_gd0_rs0_bd1_str-rigorous_t00_n1,220,1,1,zai-org/GLM-4-9B-0414,1,0,1,0,rigorous,0.0,19.0,0.0
2026-08-12 06:23:42,IA44_m-glm4-9b_sol1_gd0_rs0_bd1_str-rigorous_t00_n1,220,2,1,zai-org/GLM-4-9B-0414,1,0,1,0,rigorous,0.0,13.0,0.0
2026-08-12 06:23:46,IA44_m-glm4-9b_sol1_gd0_rs0_bd1_str-rigorous_t00_n1,220,3,1,zai-org/GLM-4-9B-0414,1,0,1,0,rigorous,0.0,16.0,0.0
2026-08-12 06:23:49,IA44_m-glm4-9b_sol1_gd0_rs0_bd1_str-rigorous_t00_n1,221,1,1,zai-org/GLM-4-9B-0414,1,0,1,0,rigorous,0.0,15.0,0.0
2026-08-12 06:23:55,IA44_m-glm4-9b_sol1_gd0_rs0_bd1_str-rigorous_t00_n1,221,2,1,zai-org/GLM-4-9B-0414,1,0,1,0,rigorous,0.0,14.0,0.0
2026-08-12 06:24:02,IA44_m-glm4-9b_sol1_gd0_rs0_bd1_str-rigorous_t00_n1,221,3,1,zai-org/GLM-4-9B-0414,1,0,1,0,rigorous,0.0,14.0,0.0
2026-08-12 06:24:06,IA44_m-glm4-9b_sol1_gd0_rs0_bd1_str-rigorous_t00_n1,222,1,1,zai-org/GLM-4-9B-0414,1,0,1,0,rigorous,0.0,18.0,0.0
2026-08-12 06:24:12,IA44_m-glm4-9b_sol1_gd0_rs0_bd1_str-rigorous_t00_n1,222,2,1,zai-org/GLM-4-9B-0414,1,0,1,0,rigorous,0.0,14.0,0.0
2026-08-12 06:24:21,IA44_m-glm4-9b_sol1_gd0_rs0_bd1_str-rigorous_t00_n1,222,3,1,zai-org/GLM-4-9B-0414,1,0,1,0,rigorous,0.0,14.0,0.0
2026-08-12 06:24:29,IA44_m-glm4-9b_sol1_gd0_rs0_bd1_str-rigorous_t00_n1,223,1,1,zai-org/GLM-4-9B-0414,1,0,1,0,rigorous,0.0,15.0,0.0
2026-08-12 06:24:35,IA44_m-glm4-9b_sol1_gd0_rs0_bd1_str-rigorous_t00_n1,223,2,1,zai-org/GLM-4-9B-0414,1,0,1,0,rigorous,0.0,14.0,0.0
2026-08-12 06:24:42,IA44_m-glm4-9b_sol1_gd0_rs0_bd1_str-rigorous_t00_n1,223,3,1,zai-org/GLM-4-9B-0414,1,0,1,0,rigorous,0.0,16.0,0.0
2026-08-12 06:24:51,IA44_m-glm4-9b_sol1_gd0_rs0_bd1_str-rigorous_t00_n1,224,1,1,zai-org/GLM-4-9B-0414,1,0,1,0,rigorous,0.0,18.0,0.0
2026-08-12 06:24:59,IA44_m-glm4-9b_sol1_gd0_rs0_bd1_str-rigorous_t00_n1,224,3,1,zai-org/GLM-4-9B-0414,1,0,1,0,rigorous,0.0,14.0,0.0
2026-08-12 06:25:03,IA44_m-glm4-9b_sol1_gd0_rs0_bd1_str-rigorous_t00_n1,225,1,1,zai-org/GLM-4-9B-0414,1,0,1,0,rigorous,0.0,15.0,0.0
2026-08-12 06:25:08,IA44_m-glm4-9b_sol1_gd0_rs0_bd1_str-rigorous_t00_n1,225,2,1,zai-org/GLM-4-9B-0414,1,0,1,0,rigorous,0.0,14.0,0.0
2026-08-12 06:25:16,IA44_m-glm4-9b_sol1_gd0_rs0_bd1_str-rigorous_t00_n1,225,3,1,zai-org/GLM-4-9B-0414,1,0,1,0,rigorous,0.0,14.0,0.0
2026-08-12 06:25:24,IA44_m-glm4-9b_sol1_gd0_rs0_bd1_str-rigorous_t00_n1,226,1,1,zai-org/GLM-4-9B-0414,1,0,1,0,rigorous,0.0,15.0,0.0
2026-08-12 06:25:29,IA44_m-glm4-9b_sol1_gd0_rs0_bd1_str-rigorous_t00_n1,226,2,1,zai-org/GLM-4-9B-0414,1,0,1,0,rigorous,0.0,13.0,0.0
2026-08-12 06:25:40,IA44_m-glm4-9b_sol1_gd0_rs0_bd1_str-rigorous_t00_n1,226,3,1,zai-org/GLM-4-9B-0414,1,0,1,0,rigorous,0.0,16.0,0.0
2026-08-12 06:25:48,IA44_m-glm4-9b_sol1_gd0_rs0_bd1_str-rigorous_t00_n1,227,1,1,zai-org/GLM-4-9B-0414,1,0,1,0,rigorous,0.0,15.0,0.0
2026-08-12 06:25:54,IA44_m-glm4-9b_sol1_gd0_rs0_bd1_str-rigorous_t00_n1,227,2,1,zai-org/GLM-4-9B-0414,1,0,1,0,rigorous,0.0,14.0,0.0
2026-08-12 06:26:02,IA44_m-glm4-9b_sol1_gd0_rs0_bd1_str-rigorous_t00_n1,228,1,1,zai-org/GLM-4-9B-0414,1,0,1,0,rigorous,0.0,15.0,0.0
2026-08-12 06:26:07,IA44_m-glm4-9b_sol1_gd0_rs0_bd1_str-rigorous_t00_n1,228,2,1,zai-org/GLM-4-9B-0414,1,0,1,0,rigorous,0.0,14.0,0.0
2026-08-12 06:26:15,IA44_m-glm4-9b_sol1_gd0_rs0_bd1_str-rigorous_t00_n1,228,3,1,zai-org/GLM-4-9B-0414,1,0,1,0,rigorous,0.0,16.0,0.0
2026-08-12 06:26:25,IA44_m-glm4-9b_sol1_gd0_rs0_bd1_str-rigorous_t00_n1,229,1,1,zai-org/GLM-4-9B-0414,1,0,1,0,rigorous,0.0,15.0,0.0
2026-08-12 06:26:30,IA44_m-glm4-9b_sol1_gd0_rs0_bd1_str-rigorous_t00_n1,229,2,1,zai-org/GLM-4-9B-0414,1,0,1,0,rigorous,0.0,14.0,0.0
2026-08-12 06:26:38,IA44_m-glm4-9b_sol1_gd0_rs0_bd1_str-rigorous_t00_n1,229,3,1,zai-org/GLM-4-9B-0414,1,0,1,0,rigorous,0.0,16.0,0.0
2026-08-12 06:26:42,IA44_m-glm4-9b_sol1_gd0_rs0_bd1_str-rigorous_t00_n1,230,1,1,zai-org/GLM-4-9B-0414,1,0,1,0,rigorous,0.0,15.0,0.0
2026-08-12 06:26:47,IA44_m-glm4-9b_sol1_gd0_rs0_bd1_str-rigorous_t00_n1,230,2,1,zai-org/GLM-4-9B-0414,1,0,1,0,rigorous,0.0,14.0,0.0
2026-08-12 06:26:51,IA44_m-glm4-9b_sol1_gd0_rs0_bd1_str-rigorous_t00_n1,230,3,1,zai-org/GLM-4-9B-0414,1,0,1,0,rigorous,0.0,14.0,0.0
2026-08-12 06:27:00,IA44_m-glm4-9b_sol1_gd0_rs0_bd1_str-rigorous_t00_n1,231,1,1,zai-org/GLM-4-9B-0414,1,0,1,0,rigorous,0.0,15.0,0.0
2026-08-12 06:27:06,IA44_m-glm4-9b_sol1_gd0_rs0_bd1_str-rigorous_t00_n1,231,2,1,zai-org/GLM-4-9B-0414,1,0,1,0,rigorous,0.0,14.0,0.0
2026-08-12 06:27:14,IA44_m-glm4-9b_sol1_gd0_rs0_bd1_str-rigorous_t00_n1,231,3,1,zai-org/GLM-4-9B-0414,1,0,1,0,rigorous,0.0,14.0,0.0
2026-08-12 06:27:22,IA44_m-glm4-9b_sol1_gd0_rs0_bd1_str-rigorous_t00_n1,232,1,1,zai-org/GLM-4-9B-0414,1,0,1,0,rigorous,0.0,18.0,0.0
2026-08-12 06:27:27,IA44_m-glm4-9b_sol1_gd0_rs0_bd1_str-rigorous_t00_n1,232,2,1,zai-org/GLM-4-9B-0414,1,0,1,0,rigorous,0.0,14.0,0.0
2026-08-12 06:27:35,IA44_m-glm4-9b_sol1_gd0_rs0_bd1_str-rigorous_t00_n1,232,3,1,zai-org/GLM-4-9B-0414,1,0,1,0,rigorous,0.0,14.0,0.0
2026-08-12 06:27:43,IA44_m-glm4-9b_sol1_gd0_rs0_bd1_str-rigorous_t00_n1,233,1,1,zai-org/GLM-4-9B-0414,1,0,1,0,rigorous,0.0,15.0,0.0
2026-08-12 06:27:49,IA44_m-glm4-9b_sol1_gd0_rs0_bd1_str-rigorous_t00_n1,233,2,1,zai-org/GLM-4-9B-0414,1,0,1,0,rigorous,0.0,14.0,0.0
2026-08-12 06:27:57,IA44_m-glm4-9b_sol1_gd0_rs0_bd1_str-rigorous_t00_n1,233,3,1,zai-org/GLM-4-9B-0414,1,0,1,0,rigorous,0.0,16.0,0.0
2026-08-12 06:28:06,IA44_m-glm4-9b_sol1_gd0_rs0_bd1_str-rigorous_t00_n1,234,1,1,zai-org/GLM-4-9B-0414,1,0,1,0,rigorous,0.0,14.0,0.0
2026-08-12 06:28:12,IA44_m-glm4-9b_sol1_gd0_rs0_bd1_str-rigorous_t00_n1,234,2,1,zai-org/GLM-4-9B-0414,1,0,1,0,rigorous,0.0,14.0,0.0
2026-08-12 06:28:21,IA44_m-glm4-9b_sol1_gd0_rs0_bd1_str-rigorous_t00_n1,234,3,1,zai-org/GLM-4-9B-0414,1,0,1,0,rigorous,0.0,10.0,0.0
2026-08-12 06:28:30,IA44_m-glm4-9b_sol1_gd0_rs0_bd1_str-rigorous_t00_n1,235,1,1,zai-org/GLM-4-9B-0414,1,0,1,0,rigorous,0.0,18.0,0.0
2026-08-12 06:28:36,IA44_m-glm4-9b_sol1_gd0_rs0_bd1_str-rigorous_t00_n1,235,2,1,zai-org/GLM-4-9B-0414,1,0,1,0,rigorous,0.0,14.0,0.0
2026-08-12 06:28:40,IA44_m-glm4-9b_sol1_gd0_rs0_bd1_str-rigorous_t00_n1,235,3,1,zai-org/GLM-4-9B-0414,1,0,1,0,rigorous,0.0,14.0,0.0
2026-08-12 06:28:43,IA44_m-glm4-9b_sol1_gd0_rs0_bd1_str-rigorous_t00_n1,236,1,1,zai-org/GLM-4-9B-0414,1,0,1,0,rigorous,0.0,15.0,0.0
2026-08-12 06:28:48,IA44_m-glm4-9b_sol1_gd0_rs0_bd1_str-rigorous_t00_n1,236,2,1,zai-org/GLM-4-9B-0414,1,0,1,0,rigorous,0.0,14.0,0.0
2026-08-12 06:28:56,IA44_m-glm4-9b_sol1_gd0_rs0_bd1_str-rigorous_t00_n1,236,3,1,zai-org/GLM-4-9B-0414,1,0,1,0,rigorous,0.0,16.0,0.0
2026-08-12 06:29:06,IA44_m-glm4-9b_sol1_gd0_rs0_bd1_str-rigorous_t00_n1,237,1,1,zai-org/GLM-4-9B-0414,1,0,1,0,rigorous,0.0,10.0,0.0
2026-08-12 06:29:12,IA44_m-glm4-9b_sol1_gd0_rs0_bd1_str-rigorous_t00_n1,237,2,1,zai-org/GLM-4-9B-0414,1,0,1,0,rigorous,0.0,10.0,0.0
2026-08-12 06:29:16,IA44_m-glm4-9b_sol1_gd0_rs0_bd1_str-rigorous_t00_n1,238,1,1,zai-org/GLM-4-9B-0414,1,0,1,0,rigorous,0.0,10.0,0.0
2026-08-12 06:29:21,IA44_m-glm4-9b_sol1_gd0_rs0_bd1_str-rigorous_t00_n1,238,2,1,zai-org/GLM-4-9B-0414,1,0,1,0,rigorous,0.0,14.0,0.0
2026-08-12 06:29:29,IA44_m-glm4-9b_sol1_gd0_rs0_bd1_str-rigorous_t00_n1,238,3,1,zai-org/GLM-4-9B-0414,1,0,1,0,rigorous,0.0,14.0,0.0
2026-08-12 06:29:33,IA44_m-glm4-9b_sol1_gd0_rs0_bd1_str-rigorous_t00_n1,239,1,1,zai-org/GLM-4-9B-0414,1,0,1,0,rigorous,0.0,10.0,0.0
2026-08-12 06:29:38,IA44_m-glm4-9b_sol1_gd0_rs0_bd1_str-rigorous_t00_n1,239,2,1,zai-org/GLM-4-9B-0414,1,0,1,0,rigorous,0.0,14.0,0.0
2026-08-12 06:29:47,IA44_m-glm4-9b_sol1_gd0_rs0_bd1_str-rigorous_t00_n1,239,3,1,zai-org/GLM-4-9B-0414,1,0,1,0,rigorous,0.0,16.0,0.0
2026-08-12 06:29:50,IA44_m-glm4-9b_sol1_gd0_rs0_bd1_str-rigorous_t00_n1,240,1,1,zai-org/GLM-4-9B-0414,1,0,1,0,rigorous,0.0,15.0,0.0
2026-08-12 06:29:56,IA44_m-glm4-9b_sol1_gd0_rs0_bd1_str-rigorous_t00_n1,240,2,1,zai-org/GLM-4-9B-0414,1,0,1,0,rigorous,0.0,14.0,0.0
2026-08-12 06:30:04,IA44_m-glm4-9b_sol1_gd0_rs0_bd1_str-rigorous_t00_n1,240,3,1,zai-org/GLM-4-9B-0414,1,0,1,0,rigorous,0.0,16.0,0.0
2026-08-12 06:30:08,IA44_m-glm4-9b_sol1_gd0_rs0_bd1_str-rigorous_t00_n1,241,1,1,zai-org/GLM-4-9B-0414,1,0,1,0,rigorous,0.0,19.0,0.0
2026-08-12 06:30:13,IA44_m-glm4-9b_sol1_gd0_rs0_bd1_str-rigorous_t00_n1,241,2,1,zai-org/GLM-4-9B-0414,1,0,1,0,rigorous,0.0,10.0,0.0
2026-08-12 06:30:20,IA44_m-glm4-9b_sol1_gd0_rs0_bd1_str-rigorous_t00_n1,241,3,1,zai-org/GLM-4-9B-0414,1,0,1,0,rigorous,0.0,10.0,0.0
2026-08-12 06:30:29,IA44_m-glm4-9b_sol1_gd0_rs0_bd1_str-rigorous_t00_n1,242,1,1,zai-org/GLM-4-9B-0414,1,0,1,0,rigorous,0.0,19.0,0.0
2026-08-12 06:30:35,IA44_m-glm4-9b_sol1_gd0_rs0_bd1_str-rigorous_t00_n1,242,2,1,zai-org/GLM-4-9B-0414,1,0,1,0,rigorous,0.0,14.0,0.0
2026-08-12 06:30:43,IA44_m-glm4-9b_sol1_gd0_rs0_bd1_str-rigorous_t00_n1,242,3,1,zai-org/GLM-4-9B-0414,1,0,1,0,rigorous,0.0,16.0,0.0
2026-08-12 06:30:46,IA44_m-glm4-9b_sol1_gd0_rs0_bd1_str-rigorous_t00_n1,243,1,1,zai-org/GLM-4-9B-0414,1,0,1,0,rigorous,0.0,15.0,0.0
2026-08-12 06:30:52,IA44_m-glm4-9b_sol1_gd0_rs0_bd1_str-rigorous_t00_n1,243,2,1,zai-org/GLM-4-9B-0414,1,0,1,0,rigorous,0.0,14.0,0.0
2026-08-12 06:31:00,IA44_m-glm4-9b_sol1_gd0_rs0_bd1_str-rigorous_t00_n1,243,3,1,zai-org/GLM-4-9B-0414,1,0,1,0,rigorous,0.0,16.0,0.0
2026-08-12 06:31:09,IA44_m-glm4-9b_sol1_gd0_rs0_bd1_str-rigorous_t00_n1,244,1,1,zai-org/GLM-4-9B-0414,1,0,1,0,rigorous,0.0,19.0,0.0
2026-08-12 06:31:15,IA44_m-glm4-9b_sol1_gd0_rs0_bd1_str-rigorous_t00_n1,244,2,1,zai-org/GLM-4-9B-0414,1,0,1,0,rigorous,0.0,14.0,3.0
2026-08-12 06:31:22,IA44_m-glm4-9b_sol1_gd0_rs0_bd1_str-rigorous_t00_n1,244,3,1,zai-org/GLM-4-9B-0414,1,0,1,0,rigorous,0.0,16.0,0.0
2026-08-12 06:31:31,IA44_m-glm4-9b_sol1_gd0_rs0_bd1_str-rigorous_t00_n1,245,1,1,zai-org/GLM-4-9B-0414,1,0,1,0,rigorous,0.0,15.0,0.0
2026-08-12 06:31:36,IA44_m-glm4-9b_sol1_gd0_rs0_bd1_str-rigorous_t00_n1,245,2,1,zai-org/GLM-4-9B-0414,1,0,1,0,rigorous,0.0,14.0,0.0
2026-08-12 06:31:45,IA44_m-glm4-9b_sol1_gd0_rs0_bd1_str-rigorous_t00_n1,245,3,1,zai-org/GLM-4-9B-0414,1,0,1,0,rigorous,0.0,16.0,0.0
2026-08-12 06:31:54,IA44_m-glm4-9b_sol1_gd0_rs0_bd1_str-rigorous_t00_n1,246,1,1,zai-org/GLM-4-9B-0414,1,0,1,0,rigorous,0.0,15.0,0.0
2026-08-12 06:32:00,IA44_m-glm4-9b_sol1_gd0_rs0_bd1_str-rigorous_t00_n1,246,2,1,zai-org/GLM-4-9B-0414,1,0,1,0,rigorous,0.0,14.0,0.0
2026-08-12 06:32:08,IA44_m-glm4-9b_sol1_gd0_rs0_bd1_str-rigorous_t00_n1,246,3,1,zai-org/GLM-4-9B-0414,1,0,1,0,rigorous,0.0,10.0,0.0
2026-08-12 06:32:11,IA44_m-glm4-9b_sol1_gd0_rs0_bd1_str-rigorous_t00_n1,247,1,1,zai-org/GLM-4-9B-0414,1,0,1,0,rigorous,0.0,15.0,0.0
2026-08-12 06:32:17,IA44_m-glm4-9b_sol1_gd0_rs0_bd1_str-rigorous_t00_n1,247,2,1,zai-org/GLM-4-9B-0414,1,0,1,0,rigorous,0.0,13.0,0.0
2026-08-12 06:32:25,IA44_m-glm4-9b_sol1_gd0_rs0_bd1_str-rigorous_t00_n1,247,3,1,zai-org/GLM-4-9B-0414,1,0,1,0,rigorous,0.0,10.0,0.0
2026-08-12 06:32:28,IA44_m-glm4-9b_sol1_gd0_rs0_bd1_str-rigorous_t00_n1,248,1,1,zai-org/GLM-4-9B-0414,1,0,1,0,rigorous,0.0,15.0,0.0
2026-08-12 06:32:34,IA44_m-glm4-9b_sol1_gd0_rs0_bd1_str-rigorous_t00_n1,248,2,1,zai-org/GLM-4-9B-0414,1,0,1,0,rigorous,0.0,10.0,0.0
2026-08-12 06:32:42,IA44_m-glm4-9b_sol1_gd0_rs0_bd1_str-rigorous_t00_n1,248,3,1,zai-org/GLM-4-9B-0414,1,0,1,0,rigorous,0.0,10.0,0.0
2026-08-12 06:32:50,IA44_m-glm4-9b_sol1_gd0_rs0_bd1_str-rigorous_t00_n1,249,1,1,zai-org/GLM-4-9B-0414,1,0,1,0,rigorous,0.0,15.0,0.0
2026-08-12 06:32:56,IA44_m-glm4-9b_sol1_gd0_rs0_bd1_str-rigorous_t00_n1,249,2,1,zai-org/GLM-4-9B-0414,1,0,1,0,rigorous,0.0,10.0,0.0
2026-08-12 06:33:00,IA44_m-glm4-9b_sol1_gd0_rs0_bd1_str-rigorous_t00_n1,249,3,1,zai-org/GLM-4-9B-0414,1,0,1,0,rigorous,0.0,10.0,0.0
2026-08-12 06:33:05,IA44_m-glm4-9b_sol1_gd0_rs0_bd1_str-rigorous_t00_n1,250,1,1,zai-org/GLM-4-9B-0414,1,0,1,0,rigorous,0.0,10.0,0.0
2026-08-12 06:33:10,IA44_m-glm4-9b_sol1_gd0_rs0_bd1_str-rigorous_t00_n1,250,2,1,zai-org/GLM-4-9B-0414,1,0,1,0,rigorous,0.0,14.0,0.0
2026-08-12 06:33:19,IA44_m-glm4-9b_sol1_gd0_rs0_bd1_str-rigorous_t00_n1,250,3,1,zai-org/GLM-4-9B-0414,1,0,1,0,rigorous,0.0,14.0,0.0
2026-08-12 06:33:23,IA44_m-glm4-9b_sol1_gd0_rs0_bd1_str-rigorous_t00_n1,251,1,1,zai-org/GLM-4-9B-0414,1,0,1,0,rigorous,0.0,15.0,0.0
2026-08-12 06:33:28,IA44_m-glm4-9b_sol1_gd0_rs0_bd1_str-rigorous_t00_n1,251,2,1,zai-org/GLM-4-9B-0414,1,0,1,0,rigorous,0.0,14.0,0.0
2026-08-12 06:33:33,IA44_m-glm4-9b_sol1_gd0_rs0_bd1_str-rigorous_t00_n1,251,3,1,zai-org/GLM-4-9B-0414,1,0,1,0,rigorous,0.0,10.0,0.0
2026-08-12 06:33:42,IA44_m-glm4-9b_sol1_gd0_rs0_bd1_str-rigorous_t00_n1,252,1,1,zai-org/GLM-4-9B-0414,1,0,1,0,rigorous,0.0,10.0,0.0
2026-08-12 06:33:49,IA44_m-glm4-9b_sol1_gd0_rs0_bd1_str-rigorous_t00_n1,252,2,1,zai-org/GLM-4-9B-0414,1,0,1,0,rigorous,0.0,14.0,0.0
2026-08-12 06:33:52,IA44_m-glm4-9b_sol1_gd0_rs0_bd1_str-rigorous_t00_n1,252,3,1,zai-org/GLM-4-9B-0414,1,0,1,0,rigorous,0.0,10.0,0.0
2026-08-12 06:34:01,IA44_m-glm4-9b_sol1_gd0_rs0_bd1_str-rigorous_t00_n1,253,1,1,zai-org/GLM-4-9B-0414,1,0,1,0,rigorous,0.0,10.0,0.0
2026-08-12 06:34:06,IA44_m-glm4-9b_sol1_gd0_rs0_bd1_str-rigorous_t00_n1,253,2,1,zai-org/GLM-4-9B-0414,1,0,1,0,rigorous,0.0,10.0,0.0
2026-08-12 06:34:15,IA44_m-glm4-9b_sol1_gd0_rs0_bd1_str-rigorous_t00_n1,253,3,1,zai-org/GLM-4-9B-0414,1,0,1,0,rigorous,0.0,10.0,0.0
2026-08-12 06:34:23,IA44_m-glm4-9b_sol1_gd0_rs0_bd1_str-rigorous_t00_n1,254,1,1,zai-org/GLM-4-9B-0414,1,0,1,0,rigorous,0.0,10.0,0.0
2026-08-12 06:34:29,IA44_m-glm4-9b_sol1_gd0_rs0_bd1_str-rigorous_t00_n1,254,2,1,zai-org/GLM-4-9B-0414,1,0,1,0,rigorous,0.0,14.0,0.0
2026-08-12 06:34:37,IA44_m-glm4-9b_sol1_gd0_rs0_bd1_str-rigorous_t00_n1,254,3,1,zai-org/GLM-4-9B-0414,1,0,1,0,rigorous,0.0,10.0,0.0
2026-08-12 06:34:40,IA44_m-glm4-9b_sol1_gd0_rs0_bd1_str-rigorous_t00_n1,255,1,1,zai-org/GLM-4-9B-0414,1,0,1,0,rigorous,0.0,15.0,0.0
2026-08-12 06:34:46,IA44_m-glm4-9b_sol1_gd0_rs0_bd1_str-rigorous_t00_n1,255,2,1,zai-org/GLM-4-9B-0414,1,0,1,0,rigorous,0.0,14.0,0.0
2026-08-12 06:34:53,IA44_m-glm4-9b_sol1_gd0_rs0_bd1_str-rigorous_t00_n1,255,3,1,zai-org/GLM-4-9B-0414,1,0,1,0,rigorous,0.0,16.0,0.0
2026-08-12 06:35:01,IA44_m-glm4-9b_sol1_gd0_rs0_bd1_str-rigorous_t00_n1,256,1,1,zai-org/GLM-4-9B-0414,1,0,1,0,rigorous,0.0,10.0,0.0
2026-08-12 06:35:07,IA44_m-glm4-9b_sol1_gd0_rs0_bd1_str-rigorous_t00_n1,256,2,1,zai-org/GLM-4-9B-0414,1,0,1,0,rigorous,0.0,10.0,0.0
2026-08-12 06:35:11,IA44_m-glm4-9b_sol1_gd0_rs0_bd1_str-rigorous_t00_n1,256,3,1,zai-org/GLM-4-9B-0414,1,0,1,0,rigorous,0.0,10.0,0.0
2026-08-12 06:35:21,IA44_m-glm4-9b_sol1_gd0_rs0_bd1_str-rigorous_t00_n1,257,1,1,zai-org/GLM-4-9B-0414,1,0,1,0,rigorous,0.0,15.0,0.0
2026-08-12 06:35:27,IA44_m-glm4-9b_sol1_gd0_rs0_bd1_str-rigorous_t00_n1,257,2,1,zai-org/GLM-4-9B-0414,1,0,1,0,rigorous,0.0,5.0,0.0
2026-08-12 06:35:30,IA44_m-glm4-9b_sol1_gd0_rs0_bd1_str-rigorous_t00_n1,257,3,1,zai-org/GLM-4-9B-0414,1,0,1,0,rigorous,0.0,0.0,0.0
2026-08-12 06:35:39,IA44_m-glm4-9b_sol1_gd0_rs0_bd1_str-rigorous_t00_n1,258,1,1,zai-org/GLM-4-9B-0414,1,0,1,0,rigorous,0.0,15.0,0.0
2026-08-12 06:35:44,IA44_m-glm4-9b_sol1_gd0_rs0_bd1_str-rigorous_t00_n1,258,2,1,zai-org/GLM-4-9B-0414,1,0,1,0,rigorous,0.0,14.0,0.0
2026-08-12 06:35:48,IA44_m-glm4-9b_sol1_gd0_rs0_bd1_str-rigorous_t00_n1,259,1,1,zai-org/GLM-4-9B-0414,1,0,1,0,rigorous,0.0,10.0,0.0
2026-08-12 06:35:53,IA44_m-glm4-9b_sol1_gd0_rs0_bd1_str-rigorous_t00_n1,259,2,1,zai-org/GLM-4-9B-0414,1,0,1,0,rigorous,0.0,10.0,0.0
2026-08-12 06:36:02,IA44_m-glm4-9b_sol1_gd0_rs0_bd1_str-rigorous_t00_n1,259,3,1,zai-org/GLM-4-9B-0414,1,0,1,0,rigorous,0.0,14.0,0.0
2026-08-12 06:36:10,IA44_m-glm4-9b_sol1_gd0_rs0_bd1_str-rigorous_t00_n1,260,1,1,zai-org/GLM-4-9B-0414,1,0,1,0,rigorous,0.0,15.0,0.0
2026-08-12 06:36:18,IA44_m-glm4-9b_sol1_gd0_rs0_bd1_str-rigorous_t00_n1,260,3,1,zai-org/GLM-4-9B-0414,1,0,1,0,rigorous,0.0,14.0,0.0
2026-08-12 06:36:21,IA44_m-glm4-9b_sol1_gd0_rs0_bd1_str-rigorous_t00_n1,261,1,1,zai-org/GLM-4-9B-0414,1,0,1,0,rigorous,0.0,15.0,0.0
2026-08-12 06:36:26,IA44_m-glm4-9b_sol1_gd0_rs0_bd1_str-rigorous_t00_n1,261,2,1,zai-org/GLM-4-9B-0414,1,0,1,0,rigorous,0.0,14.0,0.0
2026-08-12 06:36:30,IA44_m-glm4-9b_sol1_gd0_rs0_bd1_str-rigorous_t00_n1,261,3,1,zai-org/GLM-4-9B-0414,1,0,1,0,rigorous,0.0,10.0,0.0
2026-08-12 06:36:39,IA44_m-glm4-9b_sol1_gd0_rs0_bd1_str-rigorous_t00_n1,262,1,1,zai-org/GLM-4-9B-0414,1,0,1,0,rigorous,0.0,15.0,0.0
2026-08-12 06:36:44,IA44_m-glm4-9b_sol1_gd0_rs0_bd1_str-rigorous_t00_n1,262,2,1,zai-org/GLM-4-9B-0414,1,0,1,0,rigorous,0.0,14.0,0.0
2026-08-12 06:36:52,IA44_m-glm4-9b_sol1_gd0_rs0_bd1_str-rigorous_t00_n1,262,3,1,zai-org/GLM-4-9B-0414,1,0,1,0,rigorous,0.0,10.0,0.0
2026-08-12 06:37:02,IA44_m-glm4-9b_sol1_gd0_rs0_bd1_str-rigorous_t00_n1,263,1,1,zai-org/GLM-4-9B-0414,1,0,1,0,rigorous,0.0,15.0,0.0
2026-08-12 06:37:07,IA44_m-glm4-9b_sol1_gd0_rs0_bd1_str-rigorous_t00_n1,263,2,1,zai-org/GLM-4-9B-0414,1,0,1,0,rigorous,0.0,14.0,0.0
2026-08-12 06:37:16,IA44_m-glm4-9b_sol1_gd0_rs0_bd1_str-rigorous_t00_n1,263,3,1,zai-org/GLM-4-9B-0414,1,0,1,0,rigorous,0.0,10.0,0.0
2026-08-12 06:37:20,IA44_m-glm4-9b_sol1_gd0_rs0_bd1_str-rigorous_t00_n1,264,1,1,zai-org/GLM-4-9B-0414,1,0,1,0,rigorous,0.0,22.0,0.0
2026-08-12 06:37:25,IA44_m-glm4-9b_sol1_gd0_rs0_bd1_str-rigorous_t00_n1,264,2,1,zai-org/GLM-4-9B-0414,1,0,1,0,rigorous,0.0,14.0,3.0
2026-08-12 06:37:33,IA44_m-glm4-9b_sol1_gd0_rs0_bd1_str-rigorous_t00_n1,264,3,1,zai-org/GLM-4-9B-0414,1,0,1,0,rigorous,0.0,16.0,0.0
2026-08-12 06:37:43,IA44_m-glm4-9b_sol1_gd0_rs0_bd1_str-rigorous_t00_n1,265,1,1,zai-org/GLM-4-9B-0414,1,0,1,0,rigorous,0.0,15.0,0.0
2026-08-12 06:37:49,IA44_m-glm4-9b_sol1_gd0_rs0_bd1_str-rigorous_t00_n1,265,2,1,zai-org/GLM-4-9B-0414,1,0,1,0,rigorous,0.0,14.0,0.0
2026-08-12 06:37:57,IA44_m-glm4-9b_sol1_gd0_rs0_bd1_str-rigorous_t00_n1,265,3,1,zai-org/GLM-4-9B-0414,1,0,1,0,rigorous,0.0,16.0,0.0
2026-08-12 06:38:05,IA44_m-glm4-9b_sol1_gd0_rs0_bd1_str-rigorous_t00_n1,266,1,1,zai-org/GLM-4-9B-0414,1,0,1,0,rigorous,0.0,22.0,3.0
2026-08-12 06:38:11,IA44_m-glm4-9b_sol1_gd0_rs0_bd1_str-rigorous_t00_n1,266,2,1,zai-org/GLM-4-9B-0414,1,0,1,0,rigorous,0.0,14.0,3.0
2026-08-12 06:38:18,IA44_m-glm4-9b_sol1_gd0_rs0_bd1_str-rigorous_t00_n1,266,3,1,zai-org/GLM-4-9B-0414,1,0,1,0,rigorous,0.0,16.0,0.0
2026-08-12 06:38:28,IA44_m-glm4-9b_sol1_gd0_rs0_bd1_str-rigorous_t00_n1,267,1,1,zai-org/GLM-4-9B-0414,1,0,1,0,rigorous,0.0,18.0,0.0
2026-08-12 06:38:33,IA44_m-glm4-9b_sol1_gd0_rs0_bd1_str-rigorous_t00_n1,267,2,1,zai-org/GLM-4-9B-0414,1,0,1,0,rigorous,0.0,13.0,0.0
2026-08-12 06:38:40,IA44_m-glm4-9b_sol1_gd0_rs0_bd1_str-rigorous_t00_n1,267,3,1,zai-org/GLM-4-9B-0414,1,0,1,0,rigorous,0.0,16.0,0.0
2026-08-12 06:38:49,IA44_m-glm4-9b_sol1_gd0_rs0_bd1_str-rigorous_t00_n1,268,1,1,zai-org/GLM-4-9B-0414,1,0,1,0,rigorous,0.0,19.0,0.0
2026-08-12 06:38:55,IA44_m-glm4-9b_sol1_gd0_rs0_bd1_str-rigorous_t00_n1,268,2,1,zai-org/GLM-4-9B-0414,1,0,1,0,rigorous,0.0,14.0,3.0
2026-08-12 06:39:04,IA44_m-glm4-9b_sol1_gd0_rs0_bd1_str-rigorous_t00_n1,268,3,1,zai-org/GLM-4-9B-0414,1,0,1,0,rigorous,0.0,16.0,0.0
2026-08-12 06:39:14,IA44_m-glm4-9b_sol1_gd0_rs0_bd1_str-rigorous_t00_n1,269,1,1,zai-org/GLM-4-9B-0414,1,0,1,0,rigorous,0.0,10.0,0.0
2026-08-12 06:39:20,IA44_m-glm4-9b_sol1_gd0_rs0_bd1_str-rigorous_t00_n1,269,2,1,zai-org/GLM-4-9B-0414,1,0,1,0,rigorous,0.0,14.0,0.0
2026-08-12 06:39:28,IA44_m-glm4-9b_sol1_gd0_rs0_bd1_str-rigorous_t00_n1,269,3,1,zai-org/GLM-4-9B-0414,1,0,1,0,rigorous,0.0,16.0,0.0
2026-08-12 06:39:37,IA44_m-glm4-9b_sol1_gd0_rs0_bd1_str-rigorous_t00_n1,270,1,1,zai-org/GLM-4-9B-0414,1,0,1,0,rigorous,0.0,18.0,0.0
2026-08-12 06:39:42,IA44_m-glm4-9b_sol1_gd0_rs0_bd1_str-rigorous_t00_n1,270,2,1,zai-org/GLM-4-9B-0414,1,0,1,0,rigorous,0.0,14.0,0.0
2026-08-12 06:39:50,IA44_m-glm4-9b_sol1_gd0_rs0_bd1_str-rigorous_t00_n1,270,3,1,zai-org/GLM-4-9B-0414,1,0,1,0,rigorous,0.0,10.0,0.0
2026-08-12 06:39:59,IA44_m-glm4-9b_sol1_gd0_rs0_bd1_str-rigorous_t00_n1,271,1,1,zai-org/GLM-4-9B-0414,1,0,1,0,rigorous,0.0,15.0,0.0
2026-08-12 06:40:05,IA44_m-glm4-9b_sol1_gd0_rs0_bd1_str-rigorous_t00_n1,271,2,1,zai-org/GLM-4-9B-0414,1,0,1,0,rigorous,0.0,14.0,0.0
2026-08-12 06:40:12,IA44_m-glm4-9b_sol1_gd0_rs0_bd1_str-rigorous_t00_n1,271,3,1,zai-org/GLM-4-9B-0414,1,0,1,0,rigorous,0.0,10.0,0.0
2026-08-12 06:40:22,IA44_m-glm4-9b_sol1_gd0_rs0_bd1_str-rigorous_t00_n1,272,1,1,zai-org/GLM-4-9B-0414,1,0,1,0,rigorous,0.0,22.0,0.0
2026-08-12 06:40:28,IA44_m-glm4-9b_sol1_gd0_rs0_bd1_str-rigorous_t00_n1,272,2,1,zai-org/GLM-4-9B-0414,1,0,1,0,rigorous,0.0,14.0,3.0
2026-08-12 06:40:36,IA44_m-glm4-9b_sol1_gd0_rs0_bd1_str-rigorous_t00_n1,272,3,1,zai-org/GLM-4-9B-0414,1,0,1,0,rigorous,0.0,16.0,0.0
2026-08-12 06:40:46,IA44_m-glm4-9b_sol1_gd0_rs0_bd1_str-rigorous_t00_n1,273,1,1,zai-org/GLM-4-9B-0414,1,0,1,0,rigorous,0.0,15.0,0.0
2026-08-12 06:40:51,IA44_m-glm4-9b_sol1_gd0_rs0_bd1_str-rigorous_t00_n1,273,2,1,zai-org/GLM-4-9B-0414,1,0,1,0,rigorous,0.0,14.0,0.0
2026-08-12 06:41:01,IA44_m-glm4-9b_sol1_gd0_rs0_bd1_str-rigorous_t00_n1,273,3,1,zai-org/GLM-4-9B-0414,1,0,1,0,rigorous,0.0,16.0,0.0
2026-08-12 06:41:04,IA44_m-glm4-9b_sol1_gd0_rs0_bd1_str-rigorous_t00_n1,274,1,1,zai-org/GLM-4-9B-0414,1,0,1,0,rigorous,0.0,15.0,0.0
2026-08-12 06:41:09,IA44_m-glm4-9b_sol1_gd0_rs0_bd1_str-rigorous_t00_n1,274,2,1,zai-org/GLM-4-9B-0414,1,0,1,0,rigorous,0.0,14.0,0.0
2026-08-12 06:41:19,IA44_m-glm4-9b_sol1_gd0_rs0_bd1_str-rigorous_t00_n1,274,3,1,zai-org/GLM-4-9B-0414,1,0,1,0,rigorous,0.0,19.0,0.0
2026-08-12 06:41:27,IA44_m-glm4-9b_sol1_gd0_rs0_bd1_str-rigorous_t00_n1,275,1,1,zai-org/GLM-4-9B-0414,1,0,1,0,rigorous,0.0,15.0,0.0
2026-08-12 06:41:34,IA44_m-glm4-9b_sol1_gd0_rs0_bd1_str-rigorous_t00_n1,275,2,1,zai-org/GLM-4-9B-0414,1,0,1,0,rigorous,0.0,14.0,0.0
2026-08-12 06:41:41,IA44_m-glm4-9b_sol1_gd0_rs0_bd1_str-rigorous_t00_n1,275,3,1,zai-org/GLM-4-9B-0414,1,0,1,0,rigorous,0.0,16.0,0.0
2026-08-12 06:41:51,IA44_m-glm4-9b_sol1_gd0_rs0_bd1_str-rigorous_t00_n1,276,1,1,zai-org/GLM-4-9B-0414,1,0,1,0,rigorous,0.0,19.0,0.0
2026-08-12 06:41:56,IA44_m-glm4-9b_sol1_gd0_rs0_bd1_str-rigorous_t00_n1,276,2,1,zai-org/GLM-4-9B-0414,1,0,1,0,rigorous,0.0,14.0,0.0
2026-08-12 06:42:00,IA44_m-glm4-9b_sol1_gd0_rs0_bd1_str-rigorous_t00_n1,276,3,1,zai-org/GLM-4-9B-0414,1,0,1,0,rigorous,0.0,14.0,0.0
2026-08-12 06:42:09,IA44_m-glm4-9b_sol1_gd0_rs0_bd1_str-rigorous_t00_n1,277,1,1,zai-org/GLM-4-9B-0414,1,0,1,0,rigorous,0.0,22.0,0.0
2026-08-12 06:42:14,IA44_m-glm4-9b_sol1_gd0_rs0_bd1_str-rigorous_t00_n1,277,2,1,zai-org/GLM-4-9B-0414,1,0,1,0,rigorous,0.0,14.0,0.0
2026-08-12 06:42:23,IA44_m-glm4-9b_sol1_gd0_rs0_bd1_str-rigorous_t00_n1,277,3,1,zai-org/GLM-4-9B-0414,1,0,1,0,rigorous,0.0,16.0,0.0
2026-08-12 06:42:32,IA44_m-glm4-9b_sol1_gd0_rs0_bd1_str-rigorous_t00_n1,278,1,1,zai-org/GLM-4-9B-0414,1,0,1,0,rigorous,0.0,22.0,3.0
2026-08-12 06:42:38,IA44_m-glm4-9b_sol1_gd0_rs0_bd1_str-rigorous_t00_n1,278,2,1,zai-org/GLM-4-9B-0414,1,0,1,0,rigorous,0.0,14.0,3.0
2026-08-12 06:42:45,IA44_m-glm4-9b_sol1_gd0_rs0_bd1_str-rigorous_t00_n1,278,3,1,zai-org/GLM-4-9B-0414,1,0,1,0,rigorous,0.0,16.0,0.0
2026-08-12 06:42:54,IA44_m-glm4-9b_sol1_gd0_rs0_bd1_str-rigorous_t00_n1,279,1,1,zai-org/GLM-4-9B-0414,1,0,1,0,rigorous,0.0,10.0,0.0
2026-08-12 06:42:59,IA44_m-glm4-9b_sol1_gd0_rs0_bd1_str-rigorous_t00_n1,279,2,1,zai-org/GLM-4-9B-0414,1,0,1,0,rigorous,0.0,14.0,0.0
2026-08-12 06:43:08,IA44_m-glm4-9b_sol1_gd0_rs0_bd1_str-rigorous_t00_n1,279,3,1,zai-org/GLM-4-9B-0414,1,0,1,0,rigorous,0.0,10.0,0.0
2026-08-12 06:43:11,IA44_m-glm4-9b_sol1_gd0_rs0_bd1_str-rigorous_t00_n1,280,1,1,zai-org/GLM-4-9B-0414,1,0,1,0,rigorous,0.0,10.0,0.0
2026-08-12 06:43:18,IA44_m-glm4-9b_sol1_gd0_rs0_bd1_str-rigorous_t00_n1,280,2,1,zai-org/GLM-4-9B-0414,1,0,1,0,rigorous,0.0,10.0,0.0
2026-08-12 06:43:26,IA44_m-glm4-9b_sol1_gd0_rs0_bd1_str-rigorous_t00_n1,280,3,1,zai-org/GLM-4-9B-0414,1,0,1,0,rigorous,0.0,14.0,0.0
2026-08-12 06:43:37,IA44_m-glm4-9b_sol1_gd0_rs0_bd1_str-rigorous_t00_n1,281,1,1,zai-org/GLM-4-9B-0414,1,0,1,0,rigorous,0.0,15.0,0.0
2026-08-12 06:43:42,IA44_m-glm4-9b_sol1_gd0_rs0_bd1_str-rigorous_t00_n1,281,2,1,zai-org/GLM-4-9B-0414,1,0,1,0,rigorous,0.0,14.0,0.0
2026-08-12 06:43:46,IA44_m-glm4-9b_sol1_gd0_rs0_bd1_str-rigorous_t00_n1,281,3,1,zai-org/GLM-4-9B-0414,1,0,1,0,rigorous,0.0,10.0,0.0
2026-08-12 06:43:49,IA44_m-glm4-9b_sol1_gd0_rs0_bd1_str-rigorous_t00_n1,282,1,1,zai-org/GLM-4-9B-0414,1,0,1,0,rigorous,0.0,15.0,0.0
2026-08-12 06:43:55,IA44_m-glm4-9b_sol1_gd0_rs0_bd1_str-rigorous_t00_n1,282,2,1,zai-org/GLM-4-9B-0414,1,0,1,0,rigorous,0.0,14.0,0.0
2026-08-12 06:44:03,IA44_m-glm4-9b_sol1_gd0_rs0_bd1_str-rigorous_t00_n1,282,3,1,zai-org/GLM-4-9B-0414,1,0,1,0,rigorous,0.0,16.0,0.0
2026-08-12 06:44:08,IA44_m-glm4-9b_sol1_gd0_rs0_bd1_str-rigorous_t00_n1,283,1,1,zai-org/GLM-4-9B-0414,1,0,1,0,rigorous,0.0,19.0,0.0
2026-08-12 06:44:13,IA44_m-glm4-9b_sol1_gd0_rs0_bd1_str-rigorous_t00_n1,283,2,1,zai-org/GLM-4-9B-0414,1,0,1,0,rigorous,0.0,14.0,0.0
2026-08-12 06:44:21,IA44_m-glm4-9b_sol1_gd0_rs0_bd1_str-rigorous_t00_n1,283,3,1,zai-org/GLM-4-9B-0414,1,0,1,0,rigorous,0.0,16.0,0.0
2026-08-12 06:44:30,IA44_m-glm4-9b_sol1_gd0_rs0_bd1_str-rigorous_t00_n1,284,1,1,zai-org/GLM-4-9B-0414,1,0,1,0,rigorous,0.0,15.0,0.0
2026-08-12 06:44:35,IA44_m-glm4-9b_sol1_gd0_rs0_bd1_str-rigorous_t00_n1,284,2,1,zai-org/GLM-4-9B-0414,1,0,1,0,rigorous,0.0,14.0,0.0
2026-08-12 06:44:43,IA44_m-glm4-9b_sol1_gd0_rs0_bd1_str-rigorous_t00_n1,284,3,1,zai-org/GLM-4-9B-0414,1,0,1,0,rigorous,0.0,14.0,0.0
2026-08-12 06:44:52,IA44_m-glm4-9b_sol1_gd0_rs0_bd1_str-rigorous_t00_n1,285,1,1,zai-org/GLM-4-9B-0414,1,0,1,0,rigorous,0.0,10.0,0.0
2026-08-12 06:44:59,IA44_m-glm4-9b_sol1_gd0_rs0_bd1_str-rigorous_t00_n1,285,2,1,zai-org/GLM-4-9B-0414,1,0,1,0,rigorous,0.0,14.0,0.0
2026-08-12 06:45:06,IA44_m-glm4-9b_sol1_gd0_rs0_bd1_str-rigorous_t00_n1,285,3,1,zai-org/GLM-4-9B-0414,1,0,1,0,rigorous,0.0,10.0,0.0
2026-08-12 06:45:10,IA44_m-glm4-9b_sol1_gd0_rs0_bd1_str-rigorous_t00_n1,286,1,1,zai-org/GLM-4-9B-0414,1,0,1,0,rigorous,0.0,15.0,0.0
2026-08-12 06:45:15,IA44_m-glm4-9b_sol1_gd0_rs0_bd1_str-rigorous_t00_n1,286,2,1,zai-org/GLM-4-9B-0414,1,0,1,0,rigorous,0.0,10.0,0.0
2026-08-12 06:45:23,IA44_m-glm4-9b_sol1_gd0_rs0_bd1_str-rigorous_t00_n1,286,3,1,zai-org/GLM-4-9B-0414,1,0,1,0,rigorous,0.0,10.0,0.0
2026-08-12 06:45:27,IA44_m-glm4-9b_sol1_gd0_rs0_bd1_str-rigorous_t00_n1,287,1,1,zai-org/GLM-4-9B-0414,1,0,1,0,rigorous,0.0,18.0,0.0
2026-08-12 06:45:32,IA44_m-glm4-9b_sol1_gd0_rs0_bd1_str-rigorous_t00_n1,287,2,1,zai-org/GLM-4-9B-0414,1,0,1,0,rigorous,0.0,13.0,0.0
2026-08-12 06:45:36,IA44_m-glm4-9b_sol1_gd0_rs0_bd1_str-rigorous_t00_n1,287,3,1,zai-org/GLM-4-9B-0414,1,0,1,0,rigorous,0.0,16.0,0.0
2026-08-12 06:45:46,IA44_m-glm4-9b_sol1_gd0_rs0_bd1_str-rigorous_t00_n1,288,1,1,zai-org/GLM-4-9B-0414,1,0,1,0,rigorous,0.0,15.0,0.0
2026-08-12 06:45:51,IA44_m-glm4-9b_sol1_gd0_rs0_bd1_str-rigorous_t00_n1,288,2,1,zai-org/GLM-4-9B-0414,1,0,1,0,rigorous,0.0,14.0,0.0
2026-08-12 06:45:59,IA44_m-glm4-9b_sol1_gd0_rs0_bd1_str-rigorous_t00_n1,288,3,1,zai-org/GLM-4-9B-0414,1,0,1,0,rigorous,0.0,10.0,0.0
2026-08-12 06:46:09,IA44_m-glm4-9b_sol1_gd0_rs0_bd1_str-rigorous_t00_n1,289,1,1,zai-org/GLM-4-9B-0414,1,0,1,0,rigorous,0.0,10.0,0.0
2026-08-12 06:46:15,IA44_m-glm4-9b_sol1_gd0_rs0_bd1_str-rigorous_t00_n1,289,2,1,zai-org/GLM-4-9B-0414,1,0,1,0,rigorous,0.0,10.0,0.0
2026-08-12 06:46:22,IA44_m-glm4-9b_sol1_gd0_rs0_bd1_str-rigorous_t00_n1,289,3,1,zai-org/GLM-4-9B-0414,1,0,1,0,rigorous,0.0,10.0,0.0
2026-08-12 06:46:30,IA44_m-glm4-9b_sol1_gd0_rs0_bd1_str-rigorous_t00_n1,290,1,1,zai-org/GLM-4-9B-0414,1,0,1,0,rigorous,0.0,22.0,3.0
2026-08-12 06:46:36,IA44_m-glm4-9b_sol1_gd0_rs0_bd1_str-rigorous_t00_n1,290,2,1,zai-org/GLM-4-9B-0414,1,0,1,0,rigorous,0.0,14.0,3.0
2026-08-12 06:46:44,IA44_m-glm4-9b_sol1_gd0_rs0_bd1_str-rigorous_t00_n1,290,3,1,zai-org/GLM-4-9B-0414,1,0,1,0,rigorous,0.0,16.0,0.0
2026-08-12 06:46:53,IA44_m-glm4-9b_sol1_gd0_rs0_bd1_str-rigorous_t00_n1,291,1,1,zai-org/GLM-4-9B-0414,1,0,1,0,rigorous,0.0,19.0,0.0
2026-08-12 06:46:59,IA44_m-glm4-9b_sol1_gd0_rs0_bd1_str-rigorous_t00_n1,291,2,1,zai-org/GLM-4-9B-0414,1,0,1,0,rigorous,0.0,14.0,0.0
2026-08-12 06:47:08,IA44_m-glm4-9b_sol1_gd0_rs0_bd1_str-rigorous_t00_n1,292,1,1,zai-org/GLM-4-9B-0414,1,0,1,0,rigorous,0.0,15.0,0.0
2026-08-12 06:47:14,IA44_m-glm4-9b_sol1_gd0_rs0_bd1_str-rigorous_t00_n1,292,2,1,zai-org/GLM-4-9B-0414,1,0,1,0,rigorous,0.0,13.0,3.0
2026-08-12 06:47:23,IA44_m-glm4-9b_sol1_gd0_rs0_bd1_str-rigorous_t00_n1,292,3,1,zai-org/GLM-4-9B-0414,1,0,1,0,rigorous,0.0,14.0,0.0
2026-08-12 06:47:32,IA44_m-glm4-9b_sol1_gd0_rs0_bd1_str-rigorous_t00_n1,293,1,1,zai-org/GLM-4-9B-0414,1,0,1,0,rigorous,0.0,10.0,0.0
2026-08-12 06:47:37,IA44_m-glm4-9b_sol1_gd0_rs0_bd1_str-rigorous_t00_n1,293,2,1,zai-org/GLM-4-9B-0414,1,0,1,0,rigorous,0.0,14.0,0.0
2026-08-12 06:47:45,IA44_m-glm4-9b_sol1_gd0_rs0_bd1_str-rigorous_t00_n1,293,3,1,zai-org/GLM-4-9B-0414,1,0,1,0,rigorous,0.0,10.0,0.0
2026-08-12 06:47:49,IA44_m-glm4-9b_sol1_gd0_rs0_bd1_str-rigorous_t00_n1,294,1,1,zai-org/GLM-4-9B-0414,1,0,1,0,rigorous,0.0,15.0,0.0
2026-08-12 06:47:54,IA44_m-glm4-9b_sol1_gd0_rs0_bd1_str-rigorous_t00_n1,294,2,1,zai-org/GLM-4-9B-0414,1,0,1,0,rigorous,0.0,14.0,0.0
2026-08-12 06:48:01,IA44_m-glm4-9b_sol1_gd0_rs0_bd1_str-rigorous_t00_n1,294,3,1,zai-org/GLM-4-9B-0414,1,0,1,0,rigorous,0.0,16.0,0.0
2026-08-12 06:48:11,IA44_m-glm4-9b_sol1_gd0_rs0_bd1_str-rigorous_t00_n1,295,1,1,zai-org/GLM-4-9B-0414,1,0,1,0,rigorous,0.0,15.0,0.0
2026-08-12 06:48:17,IA44_m-glm4-9b_sol1_gd0_rs0_bd1_str-rigorous_t00_n1,295,2,1,zai-org/GLM-4-9B-0414,1,0,1,0,rigorous,0.0,14.0,0.0
2026-08-12 06:48:24,IA44_m-glm4-9b_sol1_gd0_rs0_bd1_str-rigorous_t00_n1,295,3,1,zai-org/GLM-4-9B-0414,1,0,1,0,rigorous,0.0,16.0,0.0
2026-08-12 06:48:28,IA44_m-glm4-9b_sol1_gd0_rs0_bd1_str-rigorous_t00_n1,296,1,1,zai-org/GLM-4-9B-0414,1,0,1,0,rigorous,0.0,19.0,0.0
2026-08-12 06:48:34,IA44_m-glm4-9b_sol1_gd0_rs0_bd1_str-rigorous_t00_n1,296,2,1,zai-org/GLM-4-9B-0414,1,0,1,0,rigorous,0.0,14.0,0.0
2026-08-12 06:48:41,IA44_m-glm4-9b_sol1_gd0_rs0_bd1_str-rigorous_t00_n1,296,3,1,zai-org/GLM-4-9B-0414,1,0,1,0,rigorous,0.0,16.0,0.0
2026-08-12 06:48:51,IA44_m-glm4-9b_sol1_gd0_rs0_bd1_str-rigorous_t00_n1,297,1,1,zai-org/GLM-4-9B-0414,1,0,1,0,rigorous,0.0,16.0,0.0
2026-08-12 06:48:56,IA44_m-glm4-9b_sol1_gd0_rs0_bd1_str-rigorous_t00_n1,297,2,1,zai-org/GLM-4-9B-0414,1,0,1,0,rigorous,0.0,14.0,3.0
2026-08-12 06:49:05,IA44_m-glm4-9b_sol1_gd0_rs0_bd1_str-rigorous_t00_n1,297,3,1,zai-org/GLM-4-9B-0414,1,0,1,0,rigorous,0.0,14.0,0.0
2026-08-12 06:49:13,IA44_m-glm4-9b_sol1_gd0_rs0_bd1_str-rigorous_t00_n1,298,1,1,zai-org/GLM-4-9B-0414,1,0,1,0,rigorous,0.0,15.0,0.0
2026-08-12 06:49:18,IA44_m-glm4-9b_sol1_gd0_rs0_bd1_str-rigorous_t00_n1,298,2,1,zai-org/GLM-4-9B-0414,1,0,1,0,rigorous,0.0,14.0,0.0
2026-08-12 06:49:26,IA44_m-glm4-9b_sol1_gd0_rs0_bd1_str-rigorous_t00_n1,298,3,1,zai-org/GLM-4-9B-0414,1,0,1,0,rigorous,0.0,10.0,0.0
2026-08-12 06:49:34,IA44_m-glm4-9b_sol1_gd0_rs0_bd1_str-rigorous_t00_n1,299,1,1,zai-org/GLM-4-9B-0414,1,0,1,0,rigorous,0.0,15.0,0.0
2026-08-12 06:49:40,IA44_m-glm4-9b_sol1_gd0_rs0_bd1_str-rigorous_t00_n1,299,2,1,zai-org/GLM-4-9B-0414,1,0,1,0,rigorous,0.0,14.0,0.0
2026-08-12 06:49:48,IA44_m-glm4-9b_sol1_gd0_rs0_bd1_str-rigorous_t00_n1,299,3,1,zai-org/GLM-4-9B-0414,1,0,1,0,rigorous,0.0,16.0,0.0
2026-08-12 06:49:57,IA44_m-glm4-9b_sol1_gd0_rs0_bd1_str-rigorous_t00_n1,300,1,1,zai-org/GLM-4-9B-0414,1,0,1,0,rigorous,0.0,12.0,0.0
2026-08-12 06:50:02,IA44_m-glm4-9b_sol1_gd0_rs0_bd1_str-rigorous_t00_n1,300,2,1,zai-org/GLM-4-9B-0414,1,0,1,0,rigorous,0.0,14.0,0.0
2026-08-12 06:50:09,IA44_m-glm4-9b_sol1_gd0_rs0_bd1_str-rigorous_t00_n1,300,3,1,zai-org/GLM-4-9B-0414,1,0,1,0,rigorous,0.0,16.0,0.0
2026-08-12 06:50:19,IA44_m-glm4-9b_sol1_gd0_rs0_bd1_str-rigorous_t00_n1,301,1,1,zai-org/GLM-4-9B-0414,1,0,1,0,rigorous,0.0,15.0,0.0
2026-08-12 06:50:24,IA44_m-glm4-9b_sol1_gd0_rs0_bd1_str-rigorous_t00_n1,301,2,1,zai-org/GLM-4-9B-0414,1,0,1,0,rigorous,0.0,14.0,0.0
2026-08-12 06:50:33,IA44_m-glm4-9b_sol1_gd0_rs0_bd1_str-rigorous_t00_n1,301,3,1,zai-org/GLM-4-9B-0414,1,0,1,0,rigorous,0.0,10.0,0.0
2026-08-12 06:50:42,IA44_m-glm4-9b_sol1_gd0_rs0_bd1_str-rigorous_t00_n1,302,1,1,zai-org/GLM-4-9B-0414,1,0,1,0,rigorous,0.0,10.0,0.0
2026-08-12 06:50:48,IA44_m-glm4-9b_sol1_gd0_rs0_bd1_str-rigorous_t00_n1,302,2,1,zai-org/GLM-4-9B-0414,1,0,1,0,rigorous,0.0,14.0,0.0
2026-08-12 06:50:56,IA44_m-glm4-9b_sol1_gd0_rs0_bd1_str-rigorous_t00_n1,302,3,1,zai-org/GLM-4-9B-0414,1,0,1,0,rigorous,0.0,10.0,0.0
2026-08-12 06:51:05,IA44_m-glm4-9b_sol1_gd0_rs0_bd1_str-rigorous_t00_n1,303,1,1,zai-org/GLM-4-9B-0414,1,0,1,0,rigorous,0.0,18.0,0.0
2026-08-12 06:51:10,IA44_m-glm4-9b_sol1_gd0_rs0_bd1_str-rigorous_t00_n1,303,2,1,zai-org/GLM-4-9B-0414,1,0,1,0,rigorous,0.0,14.0,0.0
2026-08-12 06:51:18,IA44_m-glm4-9b_sol1_gd0_rs0_bd1_str-rigorous_t00_n1,303,3,1,zai-org/GLM-4-9B-0414,1,0,1,0,rigorous,0.0,16.0,0.0
2026-08-12 06:51:26,IA44_m-glm4-9b_sol1_gd0_rs0_bd1_str-rigorous_t00_n1,304,1,1,zai-org/GLM-4-9B-0414,1,0,1,0,rigorous,0.0,15.0,0.0
2026-08-12 06:51:32,IA44_m-glm4-9b_sol1_gd0_rs0_bd1_str-rigorous_t00_n1,304,2,1,zai-org/GLM-4-9B-0414,1,0,1,0,rigorous,0.0,10.0,0.0
2026-08-12 06:51:39,IA44_m-glm4-9b_sol1_gd0_rs0_bd1_str-rigorous_t00_n1,304,3,1,zai-org/GLM-4-9B-0414,1,0,1,0,rigorous,0.0,14.0,0.0
2026-08-12 06:51:48,IA44_m-glm4-9b_sol1_gd0_rs0_bd1_str-rigorous_t00_n1,305,1,1,zai-org/GLM-4-9B-0414,1,0,1,0,rigorous,0.0,10.0,0.0
2026-08-12 06:51:54,IA44_m-glm4-9b_sol1_gd0_rs0_bd1_str-rigorous_t00_n1,305,2,1,zai-org/GLM-4-9B-0414,1,0,1,0,rigorous,0.0,10.0,0.0
2026-08-12 06:52:02,IA44_m-glm4-9b_sol1_gd0_rs0_bd1_str-rigorous_t00_n1,305,3,1,zai-org/GLM-4-9B-0414,1,0,1,0,rigorous,0.0,14.0,0.0
2026-08-12 06:52:06,IA44_m-glm4-9b_sol1_gd0_rs0_bd1_str-rigorous_t00_n1,306,1,1,zai-org/GLM-4-9B-0414,1,0,1,0,rigorous,0.0,15.0,0.0
2026-08-12 06:52:11,IA44_m-glm4-9b_sol1_gd0_rs0_bd1_str-rigorous_t00_n1,306,2,1,zai-org/GLM-4-9B-0414,1,0,1,0,rigorous,0.0,14.0,0.0
2026-08-12 06:52:19,IA44_m-glm4-9b_sol1_gd0_rs0_bd1_str-rigorous_t00_n1,306,3,1,zai-org/GLM-4-9B-0414,1,0,1,0,rigorous,0.0,14.0,0.0
2026-08-12 06:52:29,IA44_m-glm4-9b_sol1_gd0_rs0_bd1_str-rigorous_t00_n1,307,1,1,zai-org/GLM-4-9B-0414,1,0,1,0,rigorous,0.0,10.0,0.0
2026-08-12 06:52:34,IA44_m-glm4-9b_sol1_gd0_rs0_bd1_str-rigorous_t00_n1,307,2,1,zai-org/GLM-4-9B-0414,1,0,1,0,rigorous,0.0,10.0,0.0
2026-08-12 06:52:41,IA44_m-glm4-9b_sol1_gd0_rs0_bd1_str-rigorous_t00_n1,307,3,1,zai-org/GLM-4-9B-0414,1,0,1,0,rigorous,0.0,10.0,0.0
2026-08-12 06:52:45,IA44_m-glm4-9b_sol1_gd0_rs0_bd1_str-rigorous_t00_n1,308,1,1,zai-org/GLM-4-9B-0414,1,0,1,0,rigorous,0.0,10.0,0.0
2026-08-12 06:52:50,IA44_m-glm4-9b_sol1_gd0_rs0_bd1_str-rigorous_t00_n1,308,2,1,zai-org/GLM-4-9B-0414,1,0,1,0,rigorous,0.0,14.0,0.0
2026-08-12 06:52:59,IA44_m-glm4-9b_sol1_gd0_rs0_bd1_str-rigorous_t00_n1,308,3,1,zai-org/GLM-4-9B-0414,1,0,1,0,rigorous,0.0,16.0,0.0
2026-08-12 06:53:03,IA44_m-glm4-9b_sol1_gd0_rs0_bd1_str-rigorous_t00_n1,309,1,1,zai-org/GLM-4-9B-0414,1,0,1,0,rigorous,0.0,10.0,0.0
2026-08-12 06:53:08,IA44_m-glm4-9b_sol1_gd0_rs0_bd1_str-rigorous_t00_n1,309,2,1,zai-org/GLM-4-9B-0414,1,0,1,0,rigorous,0.0,14.0,0.0
2026-08-12 06:53:17,IA44_m-glm4-9b_sol1_gd0_rs0_bd1_str-rigorous_t00_n1,309,3,1,zai-org/GLM-4-9B-0414,1,0,1,0,rigorous,0.0,10.0,0.0
2026-08-12 06:53:25,IA44_m-glm4-9b_sol1_gd0_rs0_bd1_str-rigorous_t00_n1,310,1,1,zai-org/GLM-4-9B-0414,1,0,1,0,rigorous,0.0,10.0,0.0
2026-08-12 06:53:30,IA44_m-glm4-9b_sol1_gd0_rs0_bd1_str-rigorous_t00_n1,310,2,1,zai-org/GLM-4-9B-0414,1,0,1,0,rigorous,0.0,10.0,0.0
2026-08-12 06:53:37,IA44_m-glm4-9b_sol1_gd0_rs0_bd1_str-rigorous_t00_n1,310,3,1,zai-org/GLM-4-9B-0414,1,0,1,0,rigorous,0.0,10.0,0.0
2026-08-12 06:53:41,IA44_m-glm4-9b_sol1_gd0_rs0_bd1_str-rigorous_t00_n1,311,1,1,zai-org/GLM-4-9B-0414,1,0,1,0,rigorous,0.0,15.0,0.0
2026-08-12 06:53:47,IA44_m-glm4-9b_sol1_gd0_rs0_bd1_str-rigorous_t00_n1,311,2,1,zai-org/GLM-4-9B-0414,1,0,1,0,rigorous,0.0,14.0,0.0
2026-08-12 06:53:54,IA44_m-glm4-9b_sol1_gd0_rs0_bd1_str-rigorous_t00_n1,311,3,1,zai-org/GLM-4-9B-0414,1,0,1,0,rigorous,0.0,14.0,0.0
2026-08-12 06:54:03,IA44_m-glm4-9b_sol1_gd0_rs0_bd1_str-rigorous_t00_n1,312,1,1,zai-org/GLM-4-9B-0414,1,0,1,0,rigorous,0.0,10.0,0.0
2026-08-12 06:54:08,IA44_m-glm4-9b_sol1_gd0_rs0_bd1_str-rigorous_t00_n1,312,2,1,zai-org/GLM-4-9B-0414,1,0,1,0,rigorous,0.0,14.0,0.0
2026-08-12 06:54:16,IA44_m-glm4-9b_sol1_gd0_rs0_bd1_str-rigorous_t00_n1,312,3,1,zai-org/GLM-4-9B-0414,1,0,1,0,rigorous,0.0,14.0,0.0
2026-08-12 06:54:25,IA44_m-glm4-9b_sol1_gd0_rs0_bd1_str-rigorous_t00_n1,313,1,1,zai-org/GLM-4-9B-0414,1,0,1,0,rigorous,0.0,15.0,0.0
2026-08-12 06:54:30,IA44_m-glm4-9b_sol1_gd0_rs0_bd1_str-rigorous_t00_n1,313,2,1,zai-org/GLM-4-9B-0414,1,0,1,0,rigorous,0.0,14.0,0.0
2026-08-12 06:54:39,IA44_m-glm4-9b_sol1_gd0_rs0_bd1_str-rigorous_t00_n1,313,3,1,zai-org/GLM-4-9B-0414,1,0,1,0,rigorous,0.0,14.0,0.0
2026-08-12 06:54:48,IA44_m-glm4-9b_sol1_gd0_rs0_bd1_str-rigorous_t00_n1,314,1,1,zai-org/GLM-4-9B-0414,1,0,1,0,rigorous,0.0,18.0,0.0
2026-08-12 06:54:54,IA44_m-glm4-9b_sol1_gd0_rs0_bd1_str-rigorous_t00_n1,314,2,1,zai-org/GLM-4-9B-0414,1,0,1,0,rigorous,0.0,14.0,0.0
2026-08-12 06:55:02,IA44_m-glm4-9b_sol1_gd0_rs0_bd1_str-rigorous_t00_n1,314,3,1,zai-org/GLM-4-9B-0414,1,0,1,0,rigorous,0.0,14.0,0.0
2026-08-12 06:55:10,IA44_m-glm4-9b_sol1_gd0_rs0_bd1_str-rigorous_t00_n1,315,1,1,zai-org/GLM-4-9B-0414,1,0,1,0,rigorous,0.0,18.0,0.0
2026-08-12 06:55:15,IA44_m-glm4-9b_sol1_gd0_rs0_bd1_str-rigorous_t00_n1,315,2,1,zai-org/GLM-4-9B-0414,1,0,1,0,rigorous,0.0,14.0,0.0
2026-08-12 06:55:23,IA44_m-glm4-9b_sol1_gd0_rs0_bd1_str-rigorous_t00_n1,315,3,1,zai-org/GLM-4-9B-0414,1,0,1,0,rigorous,0.0,16.0,0.0
2026-08-12 06:55:33,IA44_m-glm4-9b_sol1_gd0_rs0_bd1_str-rigorous_t00_n1,316,1,1,zai-org/GLM-4-9B-0414,1,0,1,0,rigorous,0.0,15.0,0.0
2026-08-12 06:55:39,IA44_m-glm4-9b_sol1_gd0_rs0_bd1_str-rigorous_t00_n1,316,2,1,zai-org/GLM-4-9B-0414,1,0,1,0,rigorous,0.0,14.0,0.0
2026-08-12 06:55:46,IA44_m-glm4-9b_sol1_gd0_rs0_bd1_str-rigorous_t00_n1,316,3,1,zai-org/GLM-4-9B-0414,1,0,1,0,rigorous,0.0,10.0,0.0
2026-08-12 06:55:50,IA44_m-glm4-9b_sol1_gd0_rs0_bd1_str-rigorous_t00_n1,317,1,1,zai-org/GLM-4-9B-0414,1,0,1,0,rigorous,0.0,15.0,0.0
2026-08-12 06:55:55,IA44_m-glm4-9b_sol1_gd0_rs0_bd1_str-rigorous_t00_n1,317,2,1,zai-org/GLM-4-9B-0414,1,0,1,0,rigorous,0.0,0.0,0.0
2026-08-12 06:56:03,IA44_m-glm4-9b_sol1_gd0_rs0_bd1_str-rigorous_t00_n1,317,3,1,zai-org/GLM-4-9B-0414,1,0,1,0,rigorous,0.0,10.0,0.0
2026-08-12 06:56:13,IA44_m-glm4-9b_sol1_gd0_rs0_bd1_str-rigorous_t00_n1,318,1,1,zai-org/GLM-4-9B-0414,1,0,1,0,rigorous,0.0,18.0,0.0
2026-08-12 06:56:18,IA44_m-glm4-9b_sol1_gd0_rs0_bd1_str-rigorous_t00_n1,318,2,1,zai-org/GLM-4-9B-0414,1,0,1,0,rigorous,0.0,14.0,0.0
2026-08-12 06:56:27,IA44_m-glm4-9b_sol1_gd0_rs0_bd1_str-rigorous_t00_n1,318,3,1,zai-org/GLM-4-9B-0414,1,0,1,0,rigorous,0.0,16.0,0.0
2026-08-12 06:56:36,IA44_m-glm4-9b_sol1_gd0_rs0_bd1_str-rigorous_t00_n1,319,1,1,zai-org/GLM-4-9B-0414,1,0,1,0,rigorous,0.0,15.0,0.0
2026-08-12 06:56:42,IA44_m-glm4-9b_sol1_gd0_rs0_bd1_str-rigorous_t00_n1,319,2,1,zai-org/GLM-4-9B-0414,1,0,1,0,rigorous,0.0,14.0,0.0
2026-08-12 06:56:46,IA44_m-glm4-9b_sol1_gd0_rs0_bd1_str-rigorous_t00_n1,319,3,1,zai-org/GLM-4-9B-0414,1,0,1,0,rigorous,0.0,14.0,0.0
2026-08-12 06:56:50,IA44_m-glm4-9b_sol1_gd0_rs0_bd1_str-rigorous_t00_n1,320,1,1,zai-org/GLM-4-9B-0414,1,0,1,0,rigorous,0.0,15.0,0.0
2026-08-12 06:56:56,IA44_m-glm4-9b_sol1_gd0_rs0_bd1_str-rigorous_t00_n1,320,2,1,zai-org/GLM-4-9B-0414,1,0,1,0,rigorous,0.0,14.0,0.0
2026-08-12 06:57:04,IA44_m-glm4-9b_sol1_gd0_rs0_bd1_str-rigorous_t00_n1,320,3,1,zai-org/GLM-4-9B-0414,1,0,1,0,rigorous,0.0,14.0,0.0
2026-08-12 06:57:08,IA44_m-glm4-9b_sol1_gd0_rs0_bd1_str-rigorous_t00_n1,321,1,1,zai-org/GLM-4-9B-0414,1,0,1,0,rigorous,0.0,15.0,0.0
2026-08-12 06:57:13,IA44_m-glm4-9b_sol1_gd0_rs0_bd1_str-rigorous_t00_n1,321,2,1,zai-org/GLM-4-9B-0414,1,0,1,0,rigorous,0.0,14.0,0.0
2026-08-12 06:57:20,IA44_m-glm4-9b_sol1_gd0_rs0_bd1_str-rigorous_t00_n1,321,3,1,zai-org/GLM-4-9B-0414,1,0,1,0,rigorous,0.0,16.0,0.0
2026-08-12 06:57:30,IA44_m-glm4-9b_sol1_gd0_rs0_bd1_str-rigorous_t00_n1,322,1,1,zai-org/GLM-4-9B-0414,1,0,1,0,rigorous,0.0,18.0,0.0
2026-08-12 06:57:35,IA44_m-glm4-9b_sol1_gd0_rs0_bd1_str-rigorous_t00_n1,322,2,1,zai-org/GLM-4-9B-0414,1,0,1,0,rigorous,0.0,14.0,0.0
2026-08-12 06:57:44,IA44_m-glm4-9b_sol1_gd0_rs0_bd1_str-rigorous_t00_n1,322,3,1,zai-org/GLM-4-9B-0414,1,0,1,0,rigorous,0.0,16.0,0.0
2026-08-12 06:57:53,IA44_m-glm4-9b_sol1_gd0_rs0_bd1_str-rigorous_t00_n1,323,1,1,zai-org/GLM-4-9B-0414,1,0,1,0,rigorous,0.0,22.0,0.0
2026-08-12 06:57:58,IA44_m-glm4-9b_sol1_gd0_rs0_bd1_str-rigorous_t00_n1,323,2,1,zai-org/GLM-4-9B-0414,1,0,1,0,rigorous,0.0,14.0,0.0
2026-08-12 06:58:06,IA44_m-glm4-9b_sol1_gd0_rs0_bd1_str-rigorous_t00_n1,323,3,1,zai-org/GLM-4-9B-0414,1,0,1,0,rigorous,0.0,16.0,0.0
2026-08-12 06:58:15,IA44_m-glm4-9b_sol1_gd0_rs0_bd1_str-rigorous_t00_n1,324,1,1,zai-org/GLM-4-9B-0414,1,0,1,0,rigorous,0.0,19.0,0.0
2026-08-12 06:58:21,IA44_m-glm4-9b_sol1_gd0_rs0_bd1_str-rigorous_t00_n1,324,2,1,zai-org/GLM-4-9B-0414,1,0,1,0,rigorous,0.0,14.0,0.0
2026-08-12 06:58:30,IA44_m-glm4-9b_sol1_gd0_rs0_bd1_str-rigorous_t00_n1,324,3,1,zai-org/GLM-4-9B-0414,1,0,1,0,rigorous,0.0,14.0,0.0
2026-08-12 06:58:34,IA44_m-glm4-9b_sol1_gd0_rs0_bd1_str-rigorous_t00_n1,325,1,1,zai-org/GLM-4-9B-0414,1,0,1,0,rigorous,0.0,15.0,0.0
2026-08-12 06:58:39,IA44_m-glm4-9b_sol1_gd0_rs0_bd1_str-rigorous_t00_n1,325,2,1,zai-org/GLM-4-9B-0414,1,0,1,0,rigorous,0.0,14.0,3.0
2026-08-12 06:58:47,IA44_m-glm4-9b_sol1_gd0_rs0_bd1_str-rigorous_t00_n1,325,3,1,zai-org/GLM-4-9B-0414,1,0,1,0,rigorous,0.0,16.0,0.0
2026-08-12 06:58:57,IA44_m-glm4-9b_sol1_gd0_rs0_bd1_str-rigorous_t00_n1,326,1,1,zai-org/GLM-4-9B-0414,1,0,1,0,rigorous,0.0,10.0,0.0
2026-08-12 06:59:02,IA44_m-glm4-9b_sol1_gd0_rs0_bd1_str-rigorous_t00_n1,326,2,1,zai-org/GLM-4-9B-0414,1,0,1,0,rigorous,0.0,14.0,0.0
2026-08-12 06:59:10,IA44_m-glm4-9b_sol1_gd0_rs0_bd1_str-rigorous_t00_n1,326,3,1,zai-org/GLM-4-9B-0414,1,0,1,0,rigorous,0.0,10.0,0.0
2026-08-12 06:59:14,IA44_m-glm4-9b_sol1_gd0_rs0_bd1_str-rigorous_t00_n1,327,1,1,zai-org/GLM-4-9B-0414,1,0,1,0,rigorous,0.0,10.0,0.0
2026-08-12 06:59:19,IA44_m-glm4-9b_sol1_gd0_rs0_bd1_str-rigorous_t00_n1,327,2,1,zai-org/GLM-4-9B-0414,1,0,1,0,rigorous,0.0,14.0,0.0
2026-08-12 06:59:28,IA44_m-glm4-9b_sol1_gd0_rs0_bd1_str-rigorous_t00_n1,327,3,1,zai-org/GLM-4-9B-0414,1,0,1,0,rigorous,0.0,10.0,0.0
2026-08-12 06:59:35,IA44_m-glm4-9b_sol1_gd0_rs0_bd1_str-rigorous_t00_n1,328,1,1,zai-org/GLM-4-9B-0414,1,0,1,0,rigorous,0.0,15.0,0.0
2026-08-12 06:59:41,IA44_m-glm4-9b_sol1_gd0_rs0_bd1_str-rigorous_t00_n1,328,2,1,zai-org/GLM-4-9B-0414,1,0,1,0,rigorous,0.0,14.0,0.0
2026-08-12 06:59:49,IA44_m-glm4-9b_sol1_gd0_rs0_bd1_str-rigorous_t00_n1,328,3,1,zai-org/GLM-4-9B-0414,1,0,1,0,rigorous,0.0,10.0,0.0
2026-08-12 06:59:57,IA44_m-glm4-9b_sol1_gd0_rs0_bd1_str-rigorous_t00_n1,329,1,1,zai-org/GLM-4-9B-0414,1,0,1,0,rigorous,0.0,15.0,0.0
2026-08-12 07:00:04,IA44_m-glm4-9b_sol1_gd0_rs0_bd1_str-rigorous_t00_n1,329,2,1,zai-org/GLM-4-9B-0414,1,0,1,0,rigorous,0.0,10.0,0.0
2026-08-12 07:00:12,IA44_m-glm4-9b_sol1_gd0_rs0_bd1_str-rigorous_t00_n1,329,3,1,zai-org/GLM-4-9B-0414,1,0,1,0,rigorous,0.0,16.0,0.0
2026-08-12 07:00:22,IA44_m-glm4-9b_sol1_gd0_rs0_bd1_str-rigorous_t00_n1,330,1,1,zai-org/GLM-4-9B-0414,1,0,1,0,rigorous,0.0,18.0,0.0
2026-08-12 07:00:28,IA44_m-glm4-9b_sol1_gd0_rs0_bd1_str-rigorous_t00_n1,330,2,1,zai-org/GLM-4-9B-0414,1,0,1,0,rigorous,0.0,14.0,0.0
2026-08-12 07:00:36,IA44_m-glm4-9b_sol1_gd0_rs0_bd1_str-rigorous_t00_n1,330,3,1,zai-org/GLM-4-9B-0414,1,0,1,0,rigorous,0.0,14.0,0.0
2026-08-12 07:00:40,IA44_m-glm4-9b_sol1_gd0_rs0_bd1_str-rigorous_t00_n1,331,1,1,zai-org/GLM-4-9B-0414,1,0,1,0,rigorous,0.0,19.0,0.0
2026-08-12 07:00:45,IA44_m-glm4-9b_sol1_gd0_rs0_bd1_str-rigorous_t00_n1,331,2,1,zai-org/GLM-4-9B-0414,1,0,1,0,rigorous,0.0,14.0,0.0
2026-08-12 07:00:53,IA44_m-glm4-9b_sol1_gd0_rs0_bd1_str-rigorous_t00_n1,331,3,1,zai-org/GLM-4-9B-0414,1,0,1,0,rigorous,0.0,16.0,0.0
2026-08-12 07:01:02,IA44_m-glm4-9b_sol1_gd0_rs0_bd1_str-rigorous_t00_n1,332,1,1,zai-org/GLM-4-9B-0414,1,0,1,0,rigorous,0.0,15.0,0.0
2026-08-12 07:01:07,IA44_m-glm4-9b_sol1_gd0_rs0_bd1_str-rigorous_t00_n1,332,2,1,zai-org/GLM-4-9B-0414,1,0,1,0,rigorous,0.0,14.0,0.0
2026-08-12 07:01:15,IA44_m-glm4-9b_sol1_gd0_rs0_bd1_str-rigorous_t00_n1,332,3,1,zai-org/GLM-4-9B-0414,1,0,1,0,rigorous,0.0,10.0,0.0
2026-08-12 07:01:24,IA44_m-glm4-9b_sol1_gd0_rs0_bd1_str-rigorous_t00_n1,333,1,1,zai-org/GLM-4-9B-0414,1,0,1,0,rigorous,0.0,15.0,0.0
2026-08-12 07:01:30,IA44_m-glm4-9b_sol1_gd0_rs0_bd1_str-rigorous_t00_n1,333,2,1,zai-org/GLM-4-9B-0414,1,0,1,0,rigorous,0.0,14.0,0.0
2026-08-12 07:01:37,IA44_m-glm4-9b_sol1_gd0_rs0_bd1_str-rigorous_t00_n1,333,3,1,zai-org/GLM-4-9B-0414,1,0,1,0,rigorous,0.0,14.0,0.0
2026-08-12 07:01:45,IA44_m-glm4-9b_sol1_gd0_rs0_bd1_str-rigorous_t00_n1,334,1,1,zai-org/GLM-4-9B-0414,1,0,1,0,rigorous,0.0,15.0,0.0
2026-08-12 07:01:50,IA44_m-glm4-9b_sol1_gd0_rs0_bd1_str-rigorous_t00_n1,334,2,1,zai-org/GLM-4-9B-0414,1,0,1,0,rigorous,0.0,14.0,0.0
2026-08-12 07:01:59,IA44_m-glm4-9b_sol1_gd0_rs0_bd1_str-rigorous_t00_n1,334,3,1,zai-org/GLM-4-9B-0414,1,0,1,0,rigorous,0.0,10.0,0.0
2026-08-12 07:02:03,IA44_m-glm4-9b_sol1_gd0_rs0_bd1_str-rigorous_t00_n1,335,1,1,zai-org/GLM-4-9B-0414,1,0,1,0,rigorous,0.0,10.0,0.0
2026-08-12 07:02:09,IA44_m-glm4-9b_sol1_gd0_rs0_bd1_str-rigorous_t00_n1,335,2,1,zai-org/GLM-4-9B-0414,1,0,1,0,rigorous,0.0,14.0,0.0
2026-08-12 07:02:18,IA44_m-glm4-9b_sol1_gd0_rs0_bd1_str-rigorous_t00_n1,335,3,1,zai-org/GLM-4-9B-0414,1,0,1,0,rigorous,0.0,10.0,0.0
2026-08-12 07:02:27,IA44_m-glm4-9b_sol1_gd0_rs0_bd1_str-rigorous_t00_n1,336,1,1,zai-org/GLM-4-9B-0414,1,0,1,0,rigorous,0.0,22.0,0.0
2026-08-12 07:02:32,IA44_m-glm4-9b_sol1_gd0_rs0_bd1_str-rigorous_t00_n1,336,2,1,zai-org/GLM-4-9B-0414,1,0,1,0,rigorous,0.0,14.0,3.0
2026-08-12 07:02:41,IA44_m-glm4-9b_sol1_gd0_rs0_bd1_str-rigorous_t00_n1,336,3,1,zai-org/GLM-4-9B-0414,1,0,1,0,rigorous,0.0,19.0,0.0
2026-08-12 07:02:51,IA44_m-glm4-9b_sol1_gd0_rs0_bd1_str-rigorous_t00_n1,337,1,1,zai-org/GLM-4-9B-0414,1,0,1,0,rigorous,0.0,10.0,0.0
2026-08-12 07:02:58,IA44_m-glm4-9b_sol1_gd0_rs0_bd1_str-rigorous_t00_n1,337,2,1,zai-org/GLM-4-9B-0414,1,0,1,0,rigorous,0.0,14.0,0.0
2026-08-12 07:03:07,IA44_m-glm4-9b_sol1_gd0_rs0_bd1_str-rigorous_t00_n1,337,3,1,zai-org/GLM-4-9B-0414,1,0,1,0,rigorous,0.0,14.0,0.0
2026-08-12 07:03:15,IA44_m-glm4-9b_sol1_gd0_rs0_bd1_str-rigorous_t00_n1,338,1,1,zai-org/GLM-4-9B-0414,1,0,1,0,rigorous,0.0,15.0,0.0
2026-08-12 07:03:20,IA44_m-glm4-9b_sol1_gd0_rs0_bd1_str-rigorous_t00_n1,338,2,1,zai-org/GLM-4-9B-0414,1,0,1,0,rigorous,0.0,14.0,0.0
2026-08-12 07:03:29,IA44_m-glm4-9b_sol1_gd0_rs0_bd1_str-rigorous_t00_n1,338,3,1,zai-org/GLM-4-9B-0414,1,0,1,0,rigorous,0.0,10.0,0.0
2026-08-12 07:03:38,IA44_m-glm4-9b_sol1_gd0_rs0_bd1_str-rigorous_t00_n1,339,1,1,zai-org/GLM-4-9B-0414,1,0,1,0,rigorous,0.0,15.0,0.0
2026-08-12 07:03:43,IA44_m-glm4-9b_sol1_gd0_rs0_bd1_str-rigorous_t00_n1,339,2,1,zai-org/GLM-4-9B-0414,1,0,1,0,rigorous,0.0,14.0,0.0
2026-08-12 07:03:52,IA44_m-glm4-9b_sol1_gd0_rs0_bd1_str-rigorous_t00_n1,339,3,1,zai-org/GLM-4-9B-0414,1,0,1,0,rigorous,0.0,16.0,0.0
2026-08-12 07:04:01,IA44_m-glm4-9b_sol1_gd0_rs0_bd1_str-rigorous_t00_n1,340,1,1,zai-org/GLM-4-9B-0414,1,0,1,0,rigorous,0.0,15.0,0.0
2026-08-12 07:04:07,IA44_m-glm4-9b_sol1_gd0_rs0_bd1_str-rigorous_t00_n1,340,2,1,zai-org/GLM-4-9B-0414,1,0,1,0,rigorous,0.0,14.0,0.0
2026-08-12 07:04:10,IA44_m-glm4-9b_sol1_gd0_rs0_bd1_str-rigorous_t00_n1,340,3,1,zai-org/GLM-4-9B-0414,1,0,1,0,rigorous,0.0,10.0,0.0
2026-08-12 07:04:19,IA44_m-glm4-9b_sol1_gd0_rs0_bd1_str-rigorous_t00_n1,341,1,1,zai-org/GLM-4-9B-0414,1,0,1,0,rigorous,0.0,15.0,0.0
2026-08-12 07:04:25,IA44_m-glm4-9b_sol1_gd0_rs0_bd1_str-rigorous_t00_n1,341,2,1,zai-org/GLM-4-9B-0414,1,0,1,0,rigorous,0.0,14.0,0.0
2026-08-12 07:04:33,IA44_m-glm4-9b_sol1_gd0_rs0_bd1_str-rigorous_t00_n1,341,3,1,zai-org/GLM-4-9B-0414,1,0,1,0,rigorous,0.0,10.0,0.0
2026-08-12 07:04:43,IA44_m-glm4-9b_sol1_gd0_rs0_bd1_str-rigorous_t00_n1,342,1,1,zai-org/GLM-4-9B-0414,1,0,1,0,rigorous,0.0,15.0,0.0
2026-08-12 07:04:48,IA44_m-glm4-9b_sol1_gd0_rs0_bd1_str-rigorous_t00_n1,342,2,1,zai-org/GLM-4-9B-0414,1,0,1,0,rigorous,0.0,14.0,0.0
2026-08-12 07:04:56,IA44_m-glm4-9b_sol1_gd0_rs0_bd1_str-rigorous_t00_n1,342,3,1,zai-org/GLM-4-9B-0414,1,0,1,0,rigorous,0.0,14.0,0.0
2026-08-12 07:05:06,IA44_m-glm4-9b_sol1_gd0_rs0_bd1_str-rigorous_t00_n1,343,1,1,zai-org/GLM-4-9B-0414,1,0,1,0,rigorous,0.0,19.0,0.0
2026-08-12 07:05:12,IA44_m-glm4-9b_sol1_gd0_rs0_bd1_str-rigorous_t00_n1,343,2,1,zai-org/GLM-4-9B-0414,1,0,1,0,rigorous,0.0,14.0,3.0
2026-08-12 07:05:20,IA44_m-glm4-9b_sol1_gd0_rs0_bd1_str-rigorous_t00_n1,343,3,1,zai-org/GLM-4-9B-0414,1,0,1,0,rigorous,0.0,16.0,0.0
2026-08-12 07:05:30,IA44_m-glm4-9b_sol1_gd0_rs0_bd1_str-rigorous_t00_n1,344,1,1,zai-org/GLM-4-9B-0414,1,0,1,0,rigorous,0.0,15.0,0.0
2026-08-12 07:05:35,IA44_m-glm4-9b_sol1_gd0_rs0_bd1_str-rigorous_t00_n1,344,2,1,zai-org/GLM-4-9B-0414,1,0,1,0,rigorous,0.0,10.0,0.0
2026-08-12 07:05:42,IA44_m-glm4-9b_sol1_gd0_rs0_bd1_str-rigorous_t00_n1,344,3,1,zai-org/GLM-4-9B-0414,1,0,1,0,rigorous,0.0,10.0,0.0
2026-08-12 07:05:51,IA44_m-glm4-9b_sol1_gd0_rs0_bd1_str-rigorous_t00_n1,345,1,1,zai-org/GLM-4-9B-0414,1,0,1,0,rigorous,0.0,15.0,0.0
2026-08-12 07:05:56,IA44_m-glm4-9b_sol1_gd0_rs0_bd1_str-rigorous_t00_n1,345,2,1,zai-org/GLM-4-9B-0414,1,0,1,0,rigorous,0.0,14.0,0.0
2026-08-12 07:06:04,IA44_m-glm4-9b_sol1_gd0_rs0_bd1_str-rigorous_t00_n1,345,3,1,zai-org/GLM-4-9B-0414,1,0,1,0,rigorous,0.0,10.0,0.0
2026-08-12 07:06:08,IA44_m-glm4-9b_sol1_gd0_rs0_bd1_str-rigorous_t00_n1,346,1,1,zai-org/GLM-4-9B-0414,1,0,1,0,rigorous,0.0,10.0,0.0
2026-08-12 07:06:13,IA44_m-glm4-9b_sol1_gd0_rs0_bd1_str-rigorous_t00_n1,346,2,1,zai-org/GLM-4-9B-0414,1,0,1,0,rigorous,0.0,10.0,0.0
2026-08-12 07:06:21,IA44_m-glm4-9b_sol1_gd0_rs0_bd1_str-rigorous_t00_n1,346,3,1,zai-org/GLM-4-9B-0414,1,0,1,0,rigorous,0.0,10.0,0.0
2026-08-12 07:06:31,IA44_m-glm4-9b_sol1_gd0_rs0_bd1_str-rigorous_t00_n1,347,1,1,zai-org/GLM-4-9B-0414,1,0,1,0,rigorous,0.0,15.0,0.0
2026-08-12 07:06:38,IA44_m-glm4-9b_sol1_gd0_rs0_bd1_str-rigorous_t00_n1,347,2,1,zai-org/GLM-4-9B-0414,1,0,1,0,rigorous,0.0,13.0,3.0
2026-08-12 07:06:42,IA44_m-glm4-9b_sol1_gd0_rs0_bd1_str-rigorous_t00_n1,347,3,1,zai-org/GLM-4-9B-0414,1,0,1,0,rigorous,0.0,10.0,0.0
2026-08-12 07:06:46,IA44_m-glm4-9b_sol1_gd0_rs0_bd1_str-rigorous_t00_n1,348,1,1,zai-org/GLM-4-9B-0414,1,0,1,0,rigorous,0.0,22.0,0.0
2026-08-12 07:06:52,IA44_m-glm4-9b_sol1_gd0_rs0_bd1_str-rigorous_t00_n1,348,2,1,zai-org/GLM-4-9B-0414,1,0,1,0,rigorous,0.0,14.0,0.0
2026-08-12 07:07:00,IA44_m-glm4-9b_sol1_gd0_rs0_bd1_str-rigorous_t00_n1,348,3,1,zai-org/GLM-4-9B-0414,1,0,1,0,rigorous,0.0,16.0,0.0
2026-08-12 07:07:09,IA44_m-glm4-9b_sol1_gd0_rs0_bd1_str-rigorous_t00_n1,349,1,1,zai-org/GLM-4-9B-0414,1,0,1,0,rigorous,0.0,15.0,0.0
2026-08-12 07:07:14,IA44_m-glm4-9b_sol1_gd0_rs0_bd1_str-rigorous_t00_n1,349,2,1,zai-org/GLM-4-9B-0414,1,0,1,0,rigorous,0.0,14.0,0.0
2026-08-12 07:07:22,IA44_m-glm4-9b_sol1_gd0_rs0_bd1_str-rigorous_t00_n1,349,3,1,zai-org/GLM-4-9B-0414,1,0,1,0,rigorous,0.0,10.0,0.0
2026-08-12 07:07:31,IA44_m-glm4-9b_sol1_gd0_rs0_bd1_str-rigorous_t00_n1,350,1,1,zai-org/GLM-4-9B-0414,1,0,1,0,rigorous,0.0,15.0,0.0
2026-08-12 07:07:36,IA44_m-glm4-9b_sol1_gd0_rs0_bd1_str-rigorous_t00_n1,350,2,1,zai-org/GLM-4-9B-0414,1,0,1,0,rigorous,0.0,14.0,0.0
2026-08-12 07:07:45,IA44_m-glm4-9b_sol1_gd0_rs0_bd1_str-rigorous_t00_n1,350,3,1,zai-org/GLM-4-9B-0414,1,0,1,0,rigorous,0.0,14.0,0.0
2026-08-12 07:07:53,IA44_m-glm4-9b_sol1_gd0_rs0_bd1_str-rigorous_t00_n1,351,1,1,zai-org/GLM-4-9B-0414,1,0,1,0,rigorous,0.0,18.0,0.0
2026-08-12 07:07:59,IA44_m-glm4-9b_sol1_gd0_rs0_bd1_str-rigorous_t00_n1,351,2,1,zai-org/GLM-4-9B-0414,1,0,1,0,rigorous,0.0,14.0,3.0
2026-08-12 07:08:06,IA44_m-glm4-9b_sol1_gd0_rs0_bd1_str-rigorous_t00_n1,351,3,1,zai-org/GLM-4-9B-0414,1,0,1,0,rigorous,0.0,16.0,0.0
2026-08-12 07:08:10,IA44_m-glm4-9b_sol1_gd0_rs0_bd1_str-rigorous_t00_n1,352,1,1,zai-org/GLM-4-9B-0414,1,0,1,0,rigorous,0.0,15.0,0.0
2026-08-12 07:08:16,IA44_m-glm4-9b_sol1_gd0_rs0_bd1_str-rigorous_t00_n1,352,2,1,zai-org/GLM-4-9B-0414,1,0,1,0,rigorous,0.0,10.0,0.0
2026-08-12 07:08:24,IA44_m-glm4-9b_sol1_gd0_rs0_bd1_str-rigorous_t00_n1,352,3,1,zai-org/GLM-4-9B-0414,1,0,1,0,rigorous,0.0,10.0,0.0
2026-08-12 07:08:34,IA44_m-glm4-9b_sol1_gd0_rs0_bd1_str-rigorous_t00_n1,353,1,1,zai-org/GLM-4-9B-0414,1,0,1,0,rigorous,0.0,19.0,0.0
2026-08-12 07:08:39,IA44_m-glm4-9b_sol1_gd0_rs0_bd1_str-rigorous_t00_n1,353,2,1,zai-org/GLM-4-9B-0414,1,0,1,0,rigorous,0.0,14.0,3.0
2026-08-12 07:08:47,IA44_m-glm4-9b_sol1_gd0_rs0_bd1_str-rigorous_t00_n1,353,3,1,zai-org/GLM-4-9B-0414,1,0,1,0,rigorous,0.0,16.0,0.0
2026-08-12 07:08:55,IA44_m-glm4-9b_sol1_gd0_rs0_bd1_str-rigorous_t00_n1,354,1,1,zai-org/GLM-4-9B-0414,1,0,1,0,rigorous,0.0,15.0,0.0
2026-08-12 07:09:00,IA44_m-glm4-9b_sol1_gd0_rs0_bd1_str-rigorous_t00_n1,354,2,1,zai-org/GLM-4-9B-0414,1,0,1,0,rigorous,0.0,14.0,0.0
2026-08-12 07:09:08,IA44_m-glm4-9b_sol1_gd0_rs0_bd1_str-rigorous_t00_n1,354,3,1,zai-org/GLM-4-9B-0414,1,0,1,0,rigorous,0.0,10.0,0.0
2026-08-12 07:09:11,IA44_m-glm4-9b_sol1_gd0_rs0_bd1_str-rigorous_t00_n1,355,1,1,zai-org/GLM-4-9B-0414,1,0,1,0,rigorous,0.0,15.0,0.0
2026-08-12 07:09:17,IA44_m-glm4-9b_sol1_gd0_rs0_bd1_str-rigorous_t00_n1,355,2,1,zai-org/GLM-4-9B-0414,1,0,1,0,rigorous,0.0,14.0,0.0
2026-08-12 07:09:24,IA44_m-glm4-9b_sol1_gd0_rs0_bd1_str-rigorous_t00_n1,355,3,1,zai-org/GLM-4-9B-0414,1,0,1,0,rigorous,0.0,16.0,0.0
2026-08-12 07:09:28,IA44_m-glm4-9b_sol1_gd0_rs0_bd1_str-rigorous_t00_n1,356,1,1,zai-org/GLM-4-9B-0414,1,0,1,0,rigorous,0.0,10.0,0.0
2026-08-12 07:09:33,IA44_m-glm4-9b_sol1_gd0_rs0_bd1_str-rigorous_t00_n1,356,2,1,zai-org/GLM-4-9B-0414,1,0,1,0,rigorous,0.0,14.0,0.0
2026-08-12 07:09:38,IA44_m-glm4-9b_sol1_gd0_rs0_bd1_str-rigorous_t00_n1,356,3,1,zai-org/GLM-4-9B-0414,1,0,1,0,rigorous,0.0,10.0,0.0
2026-08-12 07:09:46,IA44_m-glm4-9b_sol1_gd0_rs0_bd1_str-rigorous_t00_n1,357,1,1,zai-org/GLM-4-9B-0414,1,0,1,0,rigorous,0.0,19.0,0.0
2026-08-12 07:09:52,IA44_m-glm4-9b_sol1_gd0_rs0_bd1_str-rigorous_t00_n1,357,2,1,zai-org/GLM-4-9B-0414,1,0,1,0,rigorous,0.0,14.0,0.0
2026-08-12 07:09:59,IA44_m-glm4-9b_sol1_gd0_rs0_bd1_str-rigorous_t00_n1,357,3,1,zai-org/GLM-4-9B-0414,1,0,1,0,rigorous,0.0,16.0,0.0
2026-08-12 07:10:08,IA44_m-glm4-9b_sol1_gd0_rs0_bd1_str-rigorous_t00_n1,358,1,1,zai-org/GLM-4-9B-0414,1,0,1,0,rigorous,0.0,15.0,0.0
2026-08-12 07:10:13,IA44_m-glm4-9b_sol1_gd0_rs0_bd1_str-rigorous_t00_n1,358,2,1,zai-org/GLM-4-9B-0414,1,0,1,0,rigorous,0.0,14.0,0.0
2026-08-12 07:10:20,IA44_m-glm4-9b_sol1_gd0_rs0_bd1_str-rigorous_t00_n1,358,3,1,zai-org/GLM-4-9B-0414,1,0,1,0,rigorous,0.0,14.0,0.0
2026-08-12 07:10:30,IA44_m-glm4-9b_sol1_gd0_rs0_bd1_str-rigorous_t00_n1,359,1,1,zai-org/GLM-4-9B-0414,1,0,1,0,rigorous,0.0,16.0,0.0
2026-08-12 07:10:36,IA44_m-glm4-9b_sol1_gd0_rs0_bd1_str-rigorous_t00_n1,359,2,1,zai-org/GLM-4-9B-0414,1,0,1,0,rigorous,0.0,14.0,3.0
2026-08-12 07:10:45,IA44_m-glm4-9b_sol1_gd0_rs0_bd1_str-rigorous_t00_n1,359,3,1,zai-org/GLM-4-9B-0414,1,0,1,0,rigorous,0.0,16.0,0.0
2026-08-12 07:10:54,IA44_m-glm4-9b_sol1_gd0_rs0_bd1_str-rigorous_t00_n1,360,1,1,zai-org/GLM-4-9B-0414,1,0,1,0,rigorous,0.0,15.0,0.0
2026-08-12 07:11:00,IA44_m-glm4-9b_sol1_gd0_rs0_bd1_str-rigorous_t00_n1,360,2,1,zai-org/GLM-4-9B-0414,1,0,1,0,rigorous,0.0,12.0,0.0
2026-08-12 07:11:08,IA44_m-glm4-9b_sol1_gd0_rs0_bd1_str-rigorous_t00_n1,360,3,1,zai-org/GLM-4-9B-0414,1,0,1,0,rigorous,0.0,10.0,0.0
2026-08-12 07:11:17,IA44_m-glm4-9b_sol1_gd0_rs0_bd1_str-rigorous_t00_n1,361,1,1,zai-org/GLM-4-9B-0414,1,0,1,0,rigorous,0.0,15.0,0.0
2026-08-12 07:11:22,IA44_m-glm4-9b_sol1_gd0_rs0_bd1_str-rigorous_t00_n1,361,2,1,zai-org/GLM-4-9B-0414,1,0,1,0,rigorous,0.0,14.0,0.0
2026-08-12 07:11:31,IA44_m-glm4-9b_sol1_gd0_rs0_bd1_str-rigorous_t00_n1,361,3,1,zai-org/GLM-4-9B-0414,1,0,1,0,rigorous,0.0,14.0,0.0
2026-08-12 07:11:40,IA44_m-glm4-9b_sol1_gd0_rs0_bd1_str-rigorous_t00_n1,362,1,1,zai-org/GLM-4-9B-0414,1,0,1,0,rigorous,0.0,15.0,0.0
2026-08-12 07:11:45,IA44_m-glm4-9b_sol1_gd0_rs0_bd1_str-rigorous_t00_n1,362,2,1,zai-org/GLM-4-9B-0414,1,0,1,0,rigorous,0.0,14.0,0.0
2026-08-12 07:11:52,IA44_m-glm4-9b_sol1_gd0_rs0_bd1_str-rigorous_t00_n1,362,3,1,zai-org/GLM-4-9B-0414,1,0,1,0,rigorous,0.0,14.0,0.0
2026-08-12 07:12:01,IA44_m-glm4-9b_sol1_gd0_rs0_bd1_str-rigorous_t00_n1,363,1,1,zai-org/GLM-4-9B-0414,1,0,1,0,rigorous,0.0,10.0,0.0
2026-08-12 07:12:06,IA44_m-glm4-9b_sol1_gd0_rs0_bd1_str-rigorous_t00_n1,363,2,1,zai-org/GLM-4-9B-0414,1,0,1,0,rigorous,0.0,14.0,0.0
2026-08-12 07:12:16,IA44_m-glm4-9b_sol1_gd0_rs0_bd1_str-rigorous_t00_n1,364,1,1,zai-org/GLM-4-9B-0414,1,0,1,0,rigorous,0.0,10.0,0.0
2026-08-12 07:12:21,IA44_m-glm4-9b_sol1_gd0_rs0_bd1_str-rigorous_t00_n1,364,2,1,zai-org/GLM-4-9B-0414,1,0,1,0,rigorous,0.0,14.0,0.0
2026-08-12 07:12:30,IA44_m-glm4-9b_sol1_gd0_rs0_bd1_str-rigorous_t00_n1,364,3,1,zai-org/GLM-4-9B-0414,1,0,1,0,rigorous,0.0,14.0,0.0
2026-08-12 07:12:34,IA44_m-glm4-9b_sol1_gd0_rs0_bd1_str-rigorous_t00_n1,365,1,1,zai-org/GLM-4-9B-0414,1,0,1,0,rigorous,0.0,15.0,0.0
2026-08-12 07:12:39,IA44_m-glm4-9b_sol1_gd0_rs0_bd1_str-rigorous_t00_n1,365,2,1,zai-org/GLM-4-9B-0414,1,0,1,0,rigorous,0.0,12.0,0.0
2026-08-12 07:12:43,IA44_m-glm4-9b_sol1_gd0_rs0_bd1_str-rigorous_t00_n1,365,3,1,zai-org/GLM-4-9B-0414,1,0,1,0,rigorous,0.0,10.0,0.0
2026-08-12 07:12:51,IA44_m-glm4-9b_sol1_gd0_rs0_bd1_str-rigorous_t00_n1,366,1,1,zai-org/GLM-4-9B-0414,1,0,1,0,rigorous,0.0,15.0,0.0
2026-08-12 07:12:56,IA44_m-glm4-9b_sol1_gd0_rs0_bd1_str-rigorous_t00_n1,366,2,1,zai-org/GLM-4-9B-0414,1,0,1,0,rigorous,0.0,14.0,0.0
2026-08-12 07:13:04,IA44_m-glm4-9b_sol1_gd0_rs0_bd1_str-rigorous_t00_n1,366,3,1,zai-org/GLM-4-9B-0414,1,0,1,0,rigorous,0.0,10.0,0.0
2026-08-12 07:13:08,IA44_m-glm4-9b_sol1_gd0_rs0_bd1_str-rigorous_t00_n1,367,1,1,zai-org/GLM-4-9B-0414,1,0,1,0,rigorous,0.0,19.0,0.0
2026-08-12 07:13:14,IA44_m-glm4-9b_sol1_gd0_rs0_bd1_str-rigorous_t00_n1,367,2,1,zai-org/GLM-4-9B-0414,1,0,1,0,rigorous,0.0,14.0,3.0
2026-08-12 07:13:21,IA44_m-glm4-9b_sol1_gd0_rs0_bd1_str-rigorous_t00_n1,367,3,1,zai-org/GLM-4-9B-0414,1,0,1,0,rigorous,0.0,16.0,0.0
2026-08-12 07:13:25,IA44_m-glm4-9b_sol1_gd0_rs0_bd1_str-rigorous_t00_n1,368,1,1,zai-org/GLM-4-9B-0414,1,0,1,0,rigorous,0.0,15.0,0.0
2026-08-12 07:13:31,IA44_m-glm4-9b_sol1_gd0_rs0_bd1_str-rigorous_t00_n1,368,2,1,zai-org/GLM-4-9B-0414,1,0,1,0,rigorous,0.0,14.0,0.0
2026-08-12 07:13:39,IA44_m-glm4-9b_sol1_gd0_rs0_bd1_str-rigorous_t00_n1,368,3,1,zai-org/GLM-4-9B-0414,1,0,1,0,rigorous,0.0,16.0,0.0
2026-08-12 07:13:48,IA44_m-glm4-9b_sol1_gd0_rs0_bd1_str-rigorous_t00_n1,369,1,1,zai-org/GLM-4-9B-0414,1,0,1,0,rigorous,0.0,15.0,0.0
2026-08-12 07:13:54,IA44_m-glm4-9b_sol1_gd0_rs0_bd1_str-rigorous_t00_n1,369,2,1,zai-org/GLM-4-9B-0414,1,0,1,0,rigorous,0.0,14.0,0.0
2026-08-12 07:14:02,IA44_m-glm4-9b_sol1_gd0_rs0_bd1_str-rigorous_t00_n1,369,3,1,zai-org/GLM-4-9B-0414,1,0,1,0,rigorous,0.0,14.0,0.0
2026-08-12 07:14:12,IA44_m-glm4-9b_sol1_gd0_rs0_bd1_str-rigorous_t00_n1,370,1,1,zai-org/GLM-4-9B-0414,1,0,1,0,rigorous,0.0,15.0,0.0
2026-08-12 07:14:18,IA44_m-glm4-9b_sol1_gd0_rs0_bd1_str-rigorous_t00_n1,370,2,1,zai-org/GLM-4-9B-0414,1,0,1,0,rigorous,0.0,14.0,0.0
2026-08-12 07:14:26,IA44_m-glm4-9b_sol1_gd0_rs0_bd1_str-rigorous_t00_n1,370,3,1,zai-org/GLM-4-9B-0414,1,0,1,0,rigorous,0.0,14.0,0.0
2026-08-12 07:14:30,IA44_m-glm4-9b_sol1_gd0_rs0_bd1_str-rigorous_t00_n1,371,1,1,zai-org/GLM-4-9B-0414,1,0,1,0,rigorous,0.0,18.0,0.0
2026-08-12 07:14:36,IA44_m-glm4-9b_sol1_gd0_rs0_bd1_str-rigorous_t00_n1,371,2,1,zai-org/GLM-4-9B-0414,1,0,1,0,rigorous,0.0,14.0,0.0
2026-08-12 07:14:41,IA44_m-glm4-9b_sol1_gd0_rs0_bd1_str-rigorous_t00_n1,371,3,1,zai-org/GLM-4-9B-0414,1,0,1,0,rigorous,0.0,16.0,0.0
2026-08-12 07:14:51,IA44_m-glm4-9b_sol1_gd0_rs0_bd1_str-rigorous_t00_n1,372,1,1,zai-org/GLM-4-9B-0414,1,0,1,0,rigorous,0.0,15.0,0.0
2026-08-12 07:14:55,IA44_m-glm4-9b_sol1_gd0_rs0_bd1_str-rigorous_t00_n1,372,3,1,zai-org/GLM-4-9B-0414,1,0,1,0,rigorous,0.0,10.0,0.0
2026-08-12 07:14:59,IA44_m-glm4-9b_sol1_gd0_rs0_bd1_str-rigorous_t00_n1,373,1,1,zai-org/GLM-4-9B-0414,1,0,1,0,rigorous,0.0,15.0,0.0
2026-08-12 07:15:05,IA44_m-glm4-9b_sol1_gd0_rs0_bd1_str-rigorous_t00_n1,373,2,1,zai-org/GLM-4-9B-0414,1,0,1,0,rigorous,0.0,10.0,0.0
2026-08-12 07:15:13,IA44_m-glm4-9b_sol1_gd0_rs0_bd1_str-rigorous_t00_n1,373,3,1,zai-org/GLM-4-9B-0414,1,0,1,0,rigorous,0.0,14.0,0.0
2026-08-12 07:15:17,IA44_m-glm4-9b_sol1_gd0_rs0_bd1_str-rigorous_t00_n1,374,1,1,zai-org/GLM-4-9B-0414,1,0,1,0,rigorous,0.0,19.0,0.0
2026-08-12 07:15:23,IA44_m-glm4-9b_sol1_gd0_rs0_bd1_str-rigorous_t00_n1,374,2,1,zai-org/GLM-4-9B-0414,1,0,1,0,rigorous,0.0,14.0,0.0
2026-08-12 07:15:32,IA44_m-glm4-9b_sol1_gd0_rs0_bd1_str-rigorous_t00_n1,374,3,1,zai-org/GLM-4-9B-0414,1,0,1,0,rigorous,0.0,14.0,0.0
2026-08-12 07:15:41,IA44_m-glm4-9b_sol1_gd0_rs0_bd1_str-rigorous_t00_n1,375,1,1,zai-org/GLM-4-9B-0414,1,0,1,0,rigorous,0.0,15.0,0.0
2026-08-12 07:15:46,IA44_m-glm4-9b_sol1_gd0_rs0_bd1_str-rigorous_t00_n1,375,2,1,zai-org/GLM-4-9B-0414,1,0,1,0,rigorous,0.0,14.0,0.0
2026-08-12 07:15:55,IA44_m-glm4-9b_sol1_gd0_rs0_bd1_str-rigorous_t00_n1,375,3,1,zai-org/GLM-4-9B-0414,1,0,1,0,rigorous,0.0,14.0,0.0
2026-08-12 07:15:59,IA44_m-glm4-9b_sol1_gd0_rs0_bd1_str-rigorous_t00_n1,376,1,1,zai-org/GLM-4-9B-0414,1,0,1,0,rigorous,0.0,10.0,0.0
2026-08-12 07:16:04,IA44_m-glm4-9b_sol1_gd0_rs0_bd1_str-rigorous_t00_n1,376,2,1,zai-org/GLM-4-9B-0414,1,0,1,0,rigorous,0.0,14.0,0.0
2026-08-12 07:16:08,IA44_m-glm4-9b_sol1_gd0_rs0_bd1_str-rigorous_t00_n1,376,3,1,zai-org/GLM-4-9B-0414,1,0,1,0,rigorous,0.0,10.0,0.0
2026-08-12 07:16:17,IA44_m-glm4-9b_sol1_gd0_rs0_bd1_str-rigorous_t00_n1,377,1,1,zai-org/GLM-4-9B-0414,1,0,1,0,rigorous,0.0,15.0,0.0
2026-08-12 07:16:23,IA44_m-glm4-9b_sol1_gd0_rs0_bd1_str-rigorous_t00_n1,377,2,1,zai-org/GLM-4-9B-0414,1,0,1,0,rigorous,0.0,14.0,0.0
2026-08-12 07:16:26,IA44_m-glm4-9b_sol1_gd0_rs0_bd1_str-rigorous_t00_n1,377,3,1,zai-org/GLM-4-9B-0414,1,0,1,0,rigorous,0.0,0.0,0.0
2026-08-12 07:16:36,IA44_m-glm4-9b_sol1_gd0_rs0_bd1_str-rigorous_t00_n1,378,1,1,zai-org/GLM-4-9B-0414,1,0,1,0,rigorous,0.0,5.0,0.0
2026-08-12 07:16:41,IA44_m-glm4-9b_sol1_gd0_rs0_bd1_str-rigorous_t00_n1,378,2,1,zai-org/GLM-4-9B-0414,1,0,1,0,rigorous,0.0,14.0,0.0
2026-08-12 07:16:45,IA44_m-glm4-9b_sol1_gd0_rs0_bd1_str-rigorous_t00_n1,378,3,1,zai-org/GLM-4-9B-0414,1,0,1,0,rigorous,0.0,14.0,0.0
2026-08-12 07:16:55,IA44_m-glm4-9b_sol1_gd0_rs0_bd1_str-rigorous_t00_n1,379,1,1,zai-org/GLM-4-9B-0414,1,0,1,0,rigorous,0.0,15.0,0.0
2026-08-12 07:17:00,IA44_m-glm4-9b_sol1_gd0_rs0_bd1_str-rigorous_t00_n1,379,2,1,zai-org/GLM-4-9B-0414,1,0,1,0,rigorous,0.0,14.0,0.0
2026-08-12 07:17:08,IA44_m-glm4-9b_sol1_gd0_rs0_bd1_str-rigorous_t00_n1,379,3,1,zai-org/GLM-4-9B-0414,1,0,1,0,rigorous,0.0,16.0,0.0
2026-08-12 07:17:18,IA44_m-glm4-9b_sol1_gd0_rs0_bd1_str-rigorous_t00_n1,380,1,1,zai-org/GLM-4-9B-0414,1,0,1,0,rigorous,0.0,10.0,0.0
2026-08-12 07:17:25,IA44_m-glm4-9b_sol1_gd0_rs0_bd1_str-rigorous_t00_n1,380,2,1,zai-org/GLM-4-9B-0414,1,0,1,0,rigorous,0.0,14.0,0.0
2026-08-12 07:17:34,IA44_m-glm4-9b_sol1_gd0_rs0_bd1_str-rigorous_t00_n1,380,3,1,zai-org/GLM-4-9B-0414,1,0,1,0,rigorous,0.0,10.0,0.0
2026-08-12 07:17:44,IA44_m-glm4-9b_sol1_gd0_rs0_bd1_str-rigorous_t00_n1,381,1,1,zai-org/GLM-4-9B-0414,1,0,1,0,rigorous,0.0,15.0,0.0
2026-08-12 07:17:50,IA44_m-glm4-9b_sol1_gd0_rs0_bd1_str-rigorous_t00_n1,381,2,1,zai-org/GLM-4-9B-0414,1,0,1,0,rigorous,0.0,10.0,0.0
2026-08-12 07:17:57,IA44_m-glm4-9b_sol1_gd0_rs0_bd1_str-rigorous_t00_n1,381,3,1,zai-org/GLM-4-9B-0414,1,0,1,0,rigorous,0.0,10.0,0.0
2026-08-12 07:18:06,IA44_m-glm4-9b_sol1_gd0_rs0_bd1_str-rigorous_t00_n1,382,1,1,zai-org/GLM-4-9B-0414,1,0,1,0,rigorous,0.0,10.0,0.0
2026-08-12 07:18:12,IA44_m-glm4-9b_sol1_gd0_rs0_bd1_str-rigorous_t00_n1,382,2,1,zai-org/GLM-4-9B-0414,1,0,1,0,rigorous,0.0,13.0,3.0
2026-08-12 07:18:20,IA44_m-glm4-9b_sol1_gd0_rs0_bd1_str-rigorous_t00_n1,382,3,1,zai-org/GLM-4-9B-0414,1,0,1,0,rigorous,0.0,10.0,0.0
2026-08-12 07:18:24,IA44_m-glm4-9b_sol1_gd0_rs0_bd1_str-rigorous_t00_n1,383,1,1,zai-org/GLM-4-9B-0414,1,0,1,0,rigorous,0.0,18.0,0.0
2026-08-12 07:18:29,IA44_m-glm4-9b_sol1_gd0_rs0_bd1_str-rigorous_t00_n1,383,2,1,zai-org/GLM-4-9B-0414,1,0,1,0,rigorous,0.0,14.0,0.0
2026-08-12 07:18:39,IA44_m-glm4-9b_sol1_gd0_rs0_bd1_str-rigorous_t00_n1,383,3,1,zai-org/GLM-4-9B-0414,1,0,1,0,rigorous,0.0,14.0,0.0
2026-08-12 07:18:47,IA44_m-glm4-9b_sol1_gd0_rs0_bd1_str-rigorous_t00_n1,384,1,1,zai-org/GLM-4-9B-0414,1,0,1,0,rigorous,0.0,15.0,0.0
2026-08-12 07:18:53,IA44_m-glm4-9b_sol1_gd0_rs0_bd1_str-rigorous_t00_n1,384,2,1,zai-org/GLM-4-9B-0414,1,0,1,0,rigorous,0.0,14.0,0.0
2026-08-12 07:19:00,IA44_m-glm4-9b_sol1_gd0_rs0_bd1_str-rigorous_t00_n1,384,3,1,zai-org/GLM-4-9B-0414,1,0,1,0,rigorous,0.0,14.0,0.0
2026-08-12 07:19:10,IA44_m-glm4-9b_sol1_gd0_rs0_bd1_str-rigorous_t00_n1,385,1,1,zai-org/GLM-4-9B-0414,1,0,1,0,rigorous,0.0,10.0,0.0
2026-08-12 07:19:15,IA44_m-glm4-9b_sol1_gd0_rs0_bd1_str-rigorous_t00_n1,385,2,1,zai-org/GLM-4-9B-0414,1,0,1,0,rigorous,0.0,14.0,0.0
2026-08-12 07:19:23,IA44_m-glm4-9b_sol1_gd0_rs0_bd1_str-rigorous_t00_n1,385,3,1,zai-org/GLM-4-9B-0414,1,0,1,0,rigorous,0.0,16.0,0.0
2026-08-12 07:19:27,IA44_m-glm4-9b_sol1_gd0_rs0_bd1_str-rigorous_t00_n1,386,1,1,zai-org/GLM-4-9B-0414,1,0,1,0,rigorous,0.0,15.0,0.0
2026-08-12 07:19:32,IA44_m-glm4-9b_sol1_gd0_rs0_bd1_str-rigorous_t00_n1,386,2,1,zai-org/GLM-4-9B-0414,1,0,1,0,rigorous,0.0,10.0,0.0
2026-08-12 07:19:36,IA44_m-glm4-9b_sol1_gd0_rs0_bd1_str-rigorous_t00_n1,386,3,1,zai-org/GLM-4-9B-0414,1,0,1,0,rigorous,0.0,16.0,0.0
2026-08-12 07:19:45,IA44_m-glm4-9b_sol1_gd0_rs0_bd1_str-rigorous_t00_n1,387,1,1,zai-org/GLM-4-9B-0414,1,0,1,0,rigorous,0.0,15.0,0.0
2026-08-12 07:19:50,IA44_m-glm4-9b_sol1_gd0_rs0_bd1_str-rigorous_t00_n1,387,2,1,zai-org/GLM-4-9B-0414,1,0,1,0,rigorous,0.0,14.0,0.0
2026-08-12 07:19:58,IA44_m-glm4-9b_sol1_gd0_rs0_bd1_str-rigorous_t00_n1,387,3,1,zai-org/GLM-4-9B-0414,1,0,1,0,rigorous,0.0,16.0,0.0
2026-08-12 07:20:06,IA44_m-glm4-9b_sol1_gd0_rs0_bd1_str-rigorous_t00_n1,388,1,1,zai-org/GLM-4-9B-0414,1,0,1,0,rigorous,0.0,10.0,0.0
2026-08-12 07:20:11,IA44_m-glm4-9b_sol1_gd0_rs0_bd1_str-rigorous_t00_n1,388,2,1,zai-org/GLM-4-9B-0414,1,0,1,0,rigorous,0.0,14.0,0.0
2026-08-12 07:20:19,IA44_m-glm4-9b_sol1_gd0_rs0_bd1_str-rigorous_t00_n1,388,3,1,zai-org/GLM-4-9B-0414,1,0,1,0,rigorous,0.0,10.0,0.0
2026-08-12 07:20:23,IA44_m-glm4-9b_sol1_gd0_rs0_bd1_str-rigorous_t00_n1,389,1,1,zai-org/GLM-4-9B-0414,1,0,1,0,rigorous,0.0,15.0,0.0
2026-08-12 07:20:29,IA44_m-glm4-9b_sol1_gd0_rs0_bd1_str-rigorous_t00_n1,389,2,1,zai-org/GLM-4-9B-0414,1,0,1,0,rigorous,0.0,14.0,0.0
2026-08-12 07:20:38,IA44_m-glm4-9b_sol1_gd0_rs0_bd1_str-rigorous_t00_n1,389,3,1,zai-org/GLM-4-9B-0414,1,0,1,0,rigorous,0.0,16.0,0.0
2026-08-12 07:20:47,IA44_m-glm4-9b_sol1_gd0_rs0_bd1_str-rigorous_t00_n1,390,1,1,zai-org/GLM-4-9B-0414,1,0,1,0,rigorous,0.0,18.0,0.0
2026-08-12 07:20:53,IA44_m-glm4-9b_sol1_gd0_rs0_bd1_str-rigorous_t00_n1,390,2,1,zai-org/GLM-4-9B-0414,1,0,1,0,rigorous,0.0,14.0,0.0
2026-08-12 07:21:00,IA44_m-glm4-9b_sol1_gd0_rs0_bd1_str-rigorous_t00_n1,390,3,1,zai-org/GLM-4-9B-0414,1,0,1,0,rigorous,0.0,10.0,0.0
2026-08-12 07:21:04,IA44_m-glm4-9b_sol1_gd0_rs0_bd1_str-rigorous_t00_n1,391,1,1,zai-org/GLM-4-9B-0414,1,0,1,0,rigorous,0.0,15.0,0.0
2026-08-12 07:21:09,IA44_m-glm4-9b_sol1_gd0_rs0_bd1_str-rigorous_t00_n1,391,2,1,zai-org/GLM-4-9B-0414,1,0,1,0,rigorous,0.0,14.0,0.0
2026-08-12 07:21:17,IA44_m-glm4-9b_sol1_gd0_rs0_bd1_str-rigorous_t00_n1,391,3,1,zai-org/GLM-4-9B-0414,1,0,1,0,rigorous,0.0,10.0,0.0
2026-08-12 07:21:28,IA44_m-glm4-9b_sol1_gd0_rs0_bd1_str-rigorous_t00_n1,392,1,1,zai-org/GLM-4-9B-0414,1,0,1,0,rigorous,0.0,15.0,0.0
2026-08-12 07:21:34,IA44_m-glm4-9b_sol1_gd0_rs0_bd1_str-rigorous_t00_n1,392,2,1,zai-org/GLM-4-9B-0414,1,0,1,0,rigorous,0.0,14.0,0.0
2026-08-12 07:21:42,IA44_m-glm4-9b_sol1_gd0_rs0_bd1_str-rigorous_t00_n1,392,3,1,zai-org/GLM-4-9B-0414,1,0,1,0,rigorous,0.0,14.0,0.0
2026-08-12 07:21:52,IA44_m-glm4-9b_sol1_gd0_rs0_bd1_str-rigorous_t00_n1,393,1,1,zai-org/GLM-4-9B-0414,1,0,1,0,rigorous,0.0,10.0,0.0
2026-08-12 07:21:59,IA44_m-glm4-9b_sol1_gd0_rs0_bd1_str-rigorous_t00_n1,393,2,1,zai-org/GLM-4-9B-0414,1,0,1,0,rigorous,0.0,14.0,0.0
2026-08-12 07:22:07,IA44_m-glm4-9b_sol1_gd0_rs0_bd1_str-rigorous_t00_n1,393,3,1,zai-org/GLM-4-9B-0414,1,0,1,0,rigorous,0.0,10.0,0.0
2026-08-12 07:22:10,IA44_m-glm4-9b_sol1_gd0_rs0_bd1_str-rigorous_t00_n1,394,1,1,zai-org/GLM-4-9B-0414,1,0,1,0,rigorous,0.0,15.0,0.0
2026-08-12 07:22:17,IA44_m-glm4-9b_sol1_gd0_rs0_bd1_str-rigorous_t00_n1,394,2,1,zai-org/GLM-4-9B-0414,1,0,1,0,rigorous,0.0,10.0,0.0
2026-08-12 07:22:24,IA44_m-glm4-9b_sol1_gd0_rs0_bd1_str-rigorous_t00_n1,394,3,1,zai-org/GLM-4-9B-0414,1,0,1,0,rigorous,0.0,14.0,0.0
2026-08-12 07:22:34,IA44_m-glm4-9b_sol1_gd0_rs0_bd1_str-rigorous_t00_n1,395,1,1,zai-org/GLM-4-9B-0414,1,0,1,0,rigorous,0.0,15.0,0.0
2026-08-12 07:22:40,IA44_m-glm4-9b_sol1_gd0_rs0_bd1_str-rigorous_t00_n1,395,2,1,zai-org/GLM-4-9B-0414,1,0,1,0,rigorous,0.0,13.0,0.0
2026-08-12 07:22:48,IA44_m-glm4-9b_sol1_gd0_rs0_bd1_str-rigorous_t00_n1,395,3,1,zai-org/GLM-4-9B-0414,1,0,1,0,rigorous,0.0,10.0,0.0
2026-08-12 07:22:58,IA44_m-glm4-9b_sol1_gd0_rs0_bd1_str-rigorous_t00_n1,396,1,1,zai-org/GLM-4-9B-0414,1,0,1,0,rigorous,0.0,15.0,0.0
2026-08-12 07:23:03,IA44_m-glm4-9b_sol1_gd0_rs0_bd1_str-rigorous_t00_n1,396,2,1,zai-org/GLM-4-9B-0414,1,0,1,0,rigorous,0.0,14.0,0.0
2026-08-12 07:23:11,IA44_m-glm4-9b_sol1_gd0_rs0_bd1_str-rigorous_t00_n1,396,3,1,zai-org/GLM-4-9B-0414,1,0,1,0,rigorous,0.0,10.0,0.0
2026-08-12 07:23:14,IA44_m-glm4-9b_sol1_gd0_rs0_bd1_str-rigorous_t00_n1,397,1,1,zai-org/GLM-4-9B-0414,1,0,1,0,rigorous,0.0,15.0,0.0
2026-08-12 07:23:20,IA44_m-glm4-9b_sol1_gd0_rs0_bd1_str-rigorous_t00_n1,397,2,1,zai-org/GLM-4-9B-0414,1,0,1,0,rigorous,0.0,13.0,0.0
2026-08-12 07:23:28,IA44_m-glm4-9b_sol1_gd0_rs0_bd1_str-rigorous_t00_n1,397,3,1,zai-org/GLM-4-9B-0414,1,0,1,0,rigorous,0.0,14.0,0.0
2026-08-12 07:23:38,IA44_m-glm4-9b_sol1_gd0_rs0_bd1_str-rigorous_t00_n1,398,1,1,zai-org/GLM-4-9B-0414,1,0,1,0,rigorous,0.0,15.0,0.0
2026-08-12 07:23:44,IA44_m-glm4-9b_sol1_gd0_rs0_bd1_str-rigorous_t00_n1,398,2,1,zai-org/GLM-4-9B-0414,1,0,1,0,rigorous,0.0,12.0,0.0
2026-08-12 07:23:52,IA44_m-glm4-9b_sol1_gd0_rs0_bd1_str-rigorous_t00_n1,398,3,1,zai-org/GLM-4-9B-0414,1,0,1,0,rigorous,0.0,10.0,0.0
2026-08-12 07:23:56,IA44_m-glm4-9b_sol1_gd0_rs0_bd1_str-rigorous_t00_n1,399,1,1,zai-org/GLM-4-9B-0414,1,0,1,0,rigorous,0.0,19.0,0.0
2026-08-12 07:24:01,IA44_m-glm4-9b_sol1_gd0_rs0_bd1_str-rigorous_t00_n1,399,2,1,zai-org/GLM-4-9B-0414,1,0,1,0,rigorous,0.0,10.0,0.0
2026-08-12 07:24:10,IA44_m-glm4-9b_sol1_gd0_rs0_bd1_str-rigorous_t00_n1,399,3,1,zai-org/GLM-4-9B-0414,1,0,1,0,rigorous,0.0,14.0,0.0
2026-08-12 07:24:21,IA44_m-glm4-9b_sol1_gd0_rs0_bd1_str-rigorous_t00_n1,400,1,1,zai-org/GLM-4-9B-0414,1,0,1,0,rigorous,0.0,18.0,0.0
2026-08-12 07:24:27,IA44_m-glm4-9b_sol1_gd0_rs0_bd1_str-rigorous_t00_n1,400,2,1,zai-org/GLM-4-9B-0414,1,0,1,0,rigorous,0.0,14.0,0.0
2026-08-12 07:24:36,IA44_m-glm4-9b_sol1_gd0_rs0_bd1_str-rigorous_t00_n1,400,3,1,zai-org/GLM-4-9B-0414,1,0,1,0,rigorous,0.0,14.0,0.0
2026-08-12 07:24:40,IA44_m-glm4-9b_sol1_gd0_rs0_bd1_str-rigorous_t00_n1,401,1,1,zai-org/GLM-4-9B-0414,1,0,1,0,rigorous,0.0,10.0,0.0
2026-08-12 07:24:50,IA44_m-glm4-9b_sol1_gd0_rs0_bd1_str-rigorous_t00_n1,402,1,1,zai-org/GLM-4-9B-0414,1,0,1,0,rigorous,0.0,15.0,0.0
2026-08-12 07:24:56,IA44_m-glm4-9b_sol1_gd0_rs0_bd1_str-rigorous_t00_n1,402,2,1,zai-org/GLM-4-9B-0414,1,0,1,0,rigorous,0.0,14.0,0.0
2026-08-12 07:25:04,IA44_m-glm4-9b_sol1_gd0_rs0_bd1_str-rigorous_t00_n1,402,3,1,zai-org/GLM-4-9B-0414,1,0,1,0,rigorous,0.0,14.0,0.0
2026-08-12 07:25:08,IA44_m-glm4-9b_sol1_gd0_rs0_bd1_str-rigorous_t00_n1,403,1,1,zai-org/GLM-4-9B-0414,1,0,1,0,rigorous,0.0,10.0,0.0
2026-08-12 07:25:14,IA44_m-glm4-9b_sol1_gd0_rs0_bd1_str-rigorous_t00_n1,403,2,1,zai-org/GLM-4-9B-0414,1,0,1,0,rigorous,0.0,14.0,0.0
2026-08-12 07:25:22,IA44_m-glm4-9b_sol1_gd0_rs0_bd1_str-rigorous_t00_n1,403,3,1,zai-org/GLM-4-9B-0414,1,0,1,0,rigorous,0.0,10.0,0.0
2026-08-12 07:25:32,IA44_m-glm4-9b_sol1_gd0_rs0_bd1_str-rigorous_t00_n1,404,1,1,zai-org/GLM-4-9B-0414,1,0,1,0,rigorous,0.0,15.0,0.0
2026-08-12 07:25:37,IA44_m-glm4-9b_sol1_gd0_rs0_bd1_str-rigorous_t00_n1,404,2,1,zai-org/GLM-4-9B-0414,1,0,1,0,rigorous,0.0,14.0,3.0
2026-08-12 07:25:47,IA44_m-glm4-9b_sol1_gd0_rs0_bd1_str-rigorous_t00_n1,404,3,1,zai-org/GLM-4-9B-0414,1,0,1,0,rigorous,0.0,16.0,0.0
2026-08-12 07:25:57,IA44_m-glm4-9b_sol1_gd0_rs0_bd1_str-rigorous_t00_n1,405,1,1,zai-org/GLM-4-9B-0414,1,0,1,0,rigorous,0.0,15.0,0.0
2026-08-12 07:26:03,IA44_m-glm4-9b_sol1_gd0_rs0_bd1_str-rigorous_t00_n1,405,2,1,zai-org/GLM-4-9B-0414,1,0,1,0,rigorous,0.0,14.0,0.0
2026-08-12 07:26:10,IA44_m-glm4-9b_sol1_gd0_rs0_bd1_str-rigorous_t00_n1,405,3,1,zai-org/GLM-4-9B-0414,1,0,1,0,rigorous,0.0,16.0,0.0
2026-08-12 07:26:21,IA44_m-glm4-9b_sol1_gd0_rs0_bd1_str-rigorous_t00_n1,406,1,1,zai-org/GLM-4-9B-0414,1,0,1,0,rigorous,0.0,18.0,0.0
2026-08-12 07:26:27,IA44_m-glm4-9b_sol1_gd0_rs0_bd1_str-rigorous_t00_n1,406,2,1,zai-org/GLM-4-9B-0414,1,0,1,0,rigorous,0.0,14.0,0.0
2026-08-12 07:26:35,IA44_m-glm4-9b_sol1_gd0_rs0_bd1_str-rigorous_t00_n1,406,3,1,zai-org/GLM-4-9B-0414,1,0,1,0,rigorous,0.0,16.0,0.0
2026-08-12 07:26:44,IA44_m-glm4-9b_sol1_gd0_rs0_bd1_str-rigorous_t00_n1,407,1,1,zai-org/GLM-4-9B-0414,1,0,1,0,rigorous,0.0,19.0,0.0
2026-08-12 07:26:50,IA44_m-glm4-9b_sol1_gd0_rs0_bd1_str-rigorous_t00_n1,407,2,1,zai-org/GLM-4-9B-0414,1,0,1,0,rigorous,0.0,14.0,3.0
2026-08-12 07:26:58,IA44_m-glm4-9b_sol1_gd0_rs0_bd1_str-rigorous_t00_n1,407,3,1,zai-org/GLM-4-9B-0414,1,0,1,0,rigorous,0.0,19.0,0.0
2026-08-12 07:27:06,IA44_m-glm4-9b_sol1_gd0_rs0_bd1_str-rigorous_t00_n1,408,1,1,zai-org/GLM-4-9B-0414,1,0,1,0,rigorous,0.0,10.0,0.0
2026-08-12 07:27:11,IA44_m-glm4-9b_sol1_gd0_rs0_bd1_str-rigorous_t00_n1,408,2,1,zai-org/GLM-4-9B-0414,1,0,1,0,rigorous,0.0,14.0,0.0
2026-08-12 07:27:19,IA44_m-glm4-9b_sol1_gd0_rs0_bd1_str-rigorous_t00_n1,408,3,1,zai-org/GLM-4-9B-0414,1,0,1,0,rigorous,0.0,14.0,0.0
2026-08-12 07:27:29,IA44_m-glm4-9b_sol1_gd0_rs0_bd1_str-rigorous_t00_n1,409,1,1,zai-org/GLM-4-9B-0414,1,0,1,0,rigorous,0.0,15.0,0.0
2026-08-12 07:27:34,IA44_m-glm4-9b_sol1_gd0_rs0_bd1_str-rigorous_t00_n1,409,2,1,zai-org/GLM-4-9B-0414,1,0,1,0,rigorous,0.0,14.0,0.0
2026-08-12 07:27:43,IA44_m-glm4-9b_sol1_gd0_rs0_bd1_str-rigorous_t00_n1,409,3,1,zai-org/GLM-4-9B-0414,1,0,1,0,rigorous,0.0,10.0,0.0
2026-08-12 07:27:52,IA44_m-glm4-9b_sol1_gd0_rs0_bd1_str-rigorous_t00_n1,410,1,1,zai-org/GLM-4-9B-0414,1,0,1,0,rigorous,0.0,15.0,0.0
2026-08-12 07:27:58,IA44_m-glm4-9b_sol1_gd0_rs0_bd1_str-rigorous_t00_n1,410,2,1,zai-org/GLM-4-9B-0414,1,0,1,0,rigorous,0.0,14.0,0.0
2026-08-12 07:28:07,IA44_m-glm4-9b_sol1_gd0_rs0_bd1_str-rigorous_t00_n1,410,3,1,zai-org/GLM-4-9B-0414,1,0,1,0,rigorous,0.0,10.0,0.0
2026-08-12 07:28:11,IA44_m-glm4-9b_sol1_gd0_rs0_bd1_str-rigorous_t00_n1,411,1,1,zai-org/GLM-4-9B-0414,1,0,1,0,rigorous,0.0,22.0,0.0
2026-08-12 07:28:16,IA44_m-glm4-9b_sol1_gd0_rs0_bd1_str-rigorous_t00_n1,411,2,1,zai-org/GLM-4-9B-0414,1,0,1,0,rigorous,0.0,14.0,0.0
2026-08-12 07:28:24,IA44_m-glm4-9b_sol1_gd0_rs0_bd1_str-rigorous_t00_n1,411,3,1,zai-org/GLM-4-9B-0414,1,0,1,0,rigorous,0.0,16.0,0.0
2026-08-12 07:28:34,IA44_m-glm4-9b_sol1_gd0_rs0_bd1_str-rigorous_t00_n1,412,1,1,zai-org/GLM-4-9B-0414,1,0,1,0,rigorous,0.0,18.0,0.0
2026-08-12 07:28:42,IA44_m-glm4-9b_sol1_gd0_rs0_bd1_str-rigorous_t00_n1,412,3,1,zai-org/GLM-4-9B-0414,1,0,1,0,rigorous,0.0,14.0,0.0
2026-08-12 07:28:46,IA44_m-glm4-9b_sol1_gd0_rs0_bd1_str-rigorous_t00_n1,413,1,1,zai-org/GLM-4-9B-0414,1,0,1,0,rigorous,0.0,19.0,0.0
2026-08-12 07:28:51,IA44_m-glm4-9b_sol1_gd0_rs0_bd1_str-rigorous_t00_n1,413,2,1,zai-org/GLM-4-9B-0414,1,0,1,0,rigorous,0.0,14.0,0.0
2026-08-12 07:28:58,IA44_m-glm4-9b_sol1_gd0_rs0_bd1_str-rigorous_t00_n1,413,3,1,zai-org/GLM-4-9B-0414,1,0,1,0,rigorous,0.0,14.0,0.0
2026-08-12 07:29:02,IA44_m-glm4-9b_sol1_gd0_rs0_bd1_str-rigorous_t00_n1,414,1,1,zai-org/GLM-4-9B-0414,1,0,1,0,rigorous,0.0,15.0,0.0
2026-08-12 07:29:06,IA44_m-glm4-9b_sol1_gd0_rs0_bd1_str-rigorous_t00_n1,414,2,1,zai-org/GLM-4-9B-0414,1,0,1,0,rigorous,0.0,14.0,0.0
2026-08-12 07:29:15,IA44_m-glm4-9b_sol1_gd0_rs0_bd1_str-rigorous_t00_n1,414,3,1,zai-org/GLM-4-9B-0414,1,0,1,0,rigorous,0.0,14.0,0.0
2026-08-12 07:29:19,IA44_m-glm4-9b_sol1_gd0_rs0_bd1_str-rigorous_t00_n1,415,1,1,zai-org/GLM-4-9B-0414,1,0,1,0,rigorous,0.0,22.0,0.0
2026-08-12 07:29:25,IA44_m-glm4-9b_sol1_gd0_rs0_bd1_str-rigorous_t00_n1,415,2,1,zai-org/GLM-4-9B-0414,1,0,1,0,rigorous,0.0,14.0,3.0
2026-08-12 07:29:34,IA44_m-glm4-9b_sol1_gd0_rs0_bd1_str-rigorous_t00_n1,415,3,1,zai-org/GLM-4-9B-0414,1,0,1,0,rigorous,0.0,16.0,0.0
2026-08-12 07:29:37,IA44_m-glm4-9b_sol1_gd0_rs0_bd1_str-rigorous_t00_n1,416,1,1,zai-org/GLM-4-9B-0414,1,0,1,0,rigorous,0.0,15.0,0.0
2026-08-12 07:29:43,IA44_m-glm4-9b_sol1_gd0_rs0_bd1_str-rigorous_t00_n1,416,2,1,zai-org/GLM-4-9B-0414,1,0,1,0,rigorous,0.0,14.0,0.0
2026-08-12 07:29:50,IA44_m-glm4-9b_sol1_gd0_rs0_bd1_str-rigorous_t00_n1,416,3,1,zai-org/GLM-4-9B-0414,1,0,1,0,rigorous,0.0,10.0,0.0
2026-08-12 07:29:59,IA44_m-glm4-9b_sol1_gd0_rs0_bd1_str-rigorous_t00_n1,417,1,1,zai-org/GLM-4-9B-0414,1,0,1,0,rigorous,0.0,22.0,3.0
2026-08-12 07:30:04,IA44_m-glm4-9b_sol1_gd0_rs0_bd1_str-rigorous_t00_n1,417,2,1,zai-org/GLM-4-9B-0414,1,0,1,0,rigorous,0.0,14.0,3.0
2026-08-12 07:30:13,IA44_m-glm4-9b_sol1_gd0_rs0_bd1_str-rigorous_t00_n1,417,3,1,zai-org/GLM-4-9B-0414,1,0,1,0,rigorous,0.0,16.0,0.0
2026-08-12 07:30:17,IA44_m-glm4-9b_sol1_gd0_rs0_bd1_str-rigorous_t00_n1,418,1,1,zai-org/GLM-4-9B-0414,1,0,1,0,rigorous,0.0,10.0,0.0
2026-08-12 07:30:22,IA44_m-glm4-9b_sol1_gd0_rs0_bd1_str-rigorous_t00_n1,418,2,1,zai-org/GLM-4-9B-0414,1,0,1,0,rigorous,0.0,14.0,0.0
2026-08-12 07:30:30,IA44_m-glm4-9b_sol1_gd0_rs0_bd1_str-rigorous_t00_n1,418,3,1,zai-org/GLM-4-9B-0414,1,0,1,0,rigorous,0.0,10.0,0.0
2026-08-12 07:30:39,IA44_m-glm4-9b_sol1_gd0_rs0_bd1_str-rigorous_t00_n1,419,1,1,zai-org/GLM-4-9B-0414,1,0,1,0,rigorous,0.0,19.0,0.0
2026-08-12 07:30:44,IA44_m-glm4-9b_sol1_gd0_rs0_bd1_str-rigorous_t00_n1,419,2,1,zai-org/GLM-4-9B-0414,1,0,1,0,rigorous,0.0,14.0,0.0
2026-08-12 07:30:53,IA44_m-glm4-9b_sol1_gd0_rs0_bd1_str-rigorous_t00_n1,419,3,1,zai-org/GLM-4-9B-0414,1,0,1,0,rigorous,0.0,14.0,0.0
2026-08-12 07:30:57,IA44_m-glm4-9b_sol1_gd0_rs0_bd1_str-rigorous_t00_n1,420,1,1,zai-org/GLM-4-9B-0414,1,0,1,0,rigorous,0.0,18.0,0.0
2026-08-12 07:31:03,IA44_m-glm4-9b_sol1_gd0_rs0_bd1_str-rigorous_t00_n1,420,2,1,zai-org/GLM-4-9B-0414,1,0,1,0,rigorous,0.0,14.0,0.0
2026-08-12 07:31:11,IA44_m-glm4-9b_sol1_gd0_rs0_bd1_str-rigorous_t00_n1,420,3,1,zai-org/GLM-4-9B-0414,1,0,1,0,rigorous,0.0,16.0,0.0
2026-08-12 07:31:19,IA44_m-glm4-9b_sol1_gd0_rs0_bd1_str-rigorous_t00_n1,421,1,1,zai-org/GLM-4-9B-0414,1,0,1,0,rigorous,0.0,18.0,0.0
2026-08-12 07:31:25,IA44_m-glm4-9b_sol1_gd0_rs0_bd1_str-rigorous_t00_n1,421,2,1,zai-org/GLM-4-9B-0414,1,0,1,0,rigorous,0.0,14.0,0.0
2026-08-12 07:31:32,IA44_m-glm4-9b_sol1_gd0_rs0_bd1_str-rigorous_t00_n1,421,3,1,zai-org/GLM-4-9B-0414,1,0,1,0,rigorous,0.0,10.0,0.0
2026-08-12 07:31:41,IA44_m-glm4-9b_sol1_gd0_rs0_bd1_str-rigorous_t00_n1,422,1,1,zai-org/GLM-4-9B-0414,1,0,1,0,rigorous,0.0,16.0,0.0
2026-08-12 07:31:47,IA44_m-glm4-9b_sol1_gd0_rs0_bd1_str-rigorous_t00_n1,422,2,1,zai-org/GLM-4-9B-0414,1,0,1,0,rigorous,0.0,13.0,0.0
2026-08-12 07:31:57,IA44_m-glm4-9b_sol1_gd0_rs0_bd1_str-rigorous_t00_n1,423,1,1,zai-org/GLM-4-9B-0414,1,0,1,0,rigorous,0.0,10.0,0.0
2026-08-12 07:32:02,IA44_m-glm4-9b_sol1_gd0_rs0_bd1_str-rigorous_t00_n1,423,2,1,zai-org/GLM-4-9B-0414,1,0,1,0,rigorous,0.0,14.0,0.0
2026-08-12 07:32:11,IA44_m-glm4-9b_sol1_gd0_rs0_bd1_str-rigorous_t00_n1,423,3,1,zai-org/GLM-4-9B-0414,1,0,1,0,rigorous,0.0,10.0,0.0
2026-08-12 07:32:14,IA44_m-glm4-9b_sol1_gd0_rs0_bd1_str-rigorous_t00_n1,424,1,1,zai-org/GLM-4-9B-0414,1,0,1,0,rigorous,0.0,15.0,0.0
2026-08-12 07:32:20,IA44_m-glm4-9b_sol1_gd0_rs0_bd1_str-rigorous_t00_n1,424,2,1,zai-org/GLM-4-9B-0414,1,0,1,0,rigorous,0.0,10.0,0.0
2026-08-12 07:32:27,IA44_m-glm4-9b_sol1_gd0_rs0_bd1_str-rigorous_t00_n1,424,3,1,zai-org/GLM-4-9B-0414,1,0,1,0,rigorous,0.0,14.0,0.0
2026-08-12 07:32:36,IA44_m-glm4-9b_sol1_gd0_rs0_bd1_str-rigorous_t00_n1,425,1,1,zai-org/GLM-4-9B-0414,1,0,1,0,rigorous,0.0,15.0,0.0
2026-08-12 07:32:43,IA44_m-glm4-9b_sol1_gd0_rs0_bd1_str-rigorous_t00_n1,425,2,1,zai-org/GLM-4-9B-0414,1,0,1,0,rigorous,0.0,10.0,0.0
2026-08-12 07:32:47,IA44_m-glm4-9b_sol1_gd0_rs0_bd1_str-rigorous_t00_n1,425,3,1,zai-org/GLM-4-9B-0414,1,0,1,0,rigorous,0.0,10.0,0.0
2026-08-12 07:32:56,IA44_m-glm4-9b_sol1_gd0_rs0_bd1_str-rigorous_t00_n1,426,1,1,zai-org/GLM-4-9B-0414,1,0,1,0,rigorous,0.0,15.0,0.0
2026-08-12 07:33:02,IA44_m-glm4-9b_sol1_gd0_rs0_bd1_str-rigorous_t00_n1,426,2,1,zai-org/GLM-4-9B-0414,1,0,1,0,rigorous,0.0,13.0,0.0
2026-08-12 07:33:10,IA44_m-glm4-9b_sol1_gd0_rs0_bd1_str-rigorous_t00_n1,426,3,1,zai-org/GLM-4-9B-0414,1,0,1,0,rigorous,0.0,14.0,0.0
2026-08-12 07:33:19,IA44_m-glm4-9b_sol1_gd0_rs0_bd1_str-rigorous_t00_n1,427,1,1,zai-org/GLM-4-9B-0414,1,0,1,0,rigorous,0.0,0.0,0.0
2026-08-12 07:33:24,IA44_m-glm4-9b_sol1_gd0_rs0_bd1_str-rigorous_t00_n1,427,2,1,zai-org/GLM-4-9B-0414,1,0,1,0,rigorous,0.0,14.0,0.0
2026-08-12 07:33:31,IA44_m-glm4-9b_sol1_gd0_rs0_bd1_str-rigorous_t00_n1,427,3,1,zai-org/GLM-4-9B-0414,1,0,1,0,rigorous,0.0,10.0,0.0
2026-08-12 07:33:41,IA44_m-glm4-9b_sol1_gd0_rs0_bd1_str-rigorous_t00_n1,428,1,1,zai-org/GLM-4-9B-0414,1,0,1,0,rigorous,0.0,15.0,0.0
2026-08-12 07:33:46,IA44_m-glm4-9b_sol1_gd0_rs0_bd1_str-rigorous_t00_n1,428,2,1,zai-org/GLM-4-9B-0414,1,0,1,0,rigorous,0.0,0.0,0.0
2026-08-12 07:33:55,IA44_m-glm4-9b_sol1_gd0_rs0_bd1_str-rigorous_t00_n1,429,1,1,zai-org/GLM-4-9B-0414,1,0,1,0,rigorous,0.0,15.0,0.0
2026-08-12 07:34:00,IA44_m-glm4-9b_sol1_gd0_rs0_bd1_str-rigorous_t00_n1,429,2,1,zai-org/GLM-4-9B-0414,1,0,1,0,rigorous,0.0,10.0,0.0
2026-08-12 07:34:04,IA44_m-glm4-9b_sol1_gd0_rs0_bd1_str-rigorous_t00_n1,429,3,1,zai-org/GLM-4-9B-0414,1,0,1,0,rigorous,0.0,10.0,0.0
2026-08-12 07:34:12,IA44_m-glm4-9b_sol1_gd0_rs0_bd1_str-rigorous_t00_n1,430,1,1,zai-org/GLM-4-9B-0414,1,0,1,0,rigorous,0.0,15.0,0.0
2026-08-12 07:34:17,IA44_m-glm4-9b_sol1_gd0_rs0_bd1_str-rigorous_t00_n1,430,2,1,zai-org/GLM-4-9B-0414,1,0,1,0,rigorous,0.0,14.0,0.0
2026-08-12 07:34:26,IA44_m-glm4-9b_sol1_gd0_rs0_bd1_str-rigorous_t00_n1,430,3,1,zai-org/GLM-4-9B-0414,1,0,1,0,rigorous,0.0,10.0,0.0
2026-08-12 07:34:36,IA44_m-glm4-9b_sol1_gd0_rs0_bd1_str-rigorous_t00_n1,431,1,1,zai-org/GLM-4-9B-0414,1,0,1,0,rigorous,0.0,18.0,0.0
2026-08-12 07:34:41,IA44_m-glm4-9b_sol1_gd0_rs0_bd1_str-rigorous_t00_n1,431,2,1,zai-org/GLM-4-9B-0414,1,0,1,0,rigorous,0.0,13.0,0.0
2026-08-12 07:34:48,IA44_m-glm4-9b_sol1_gd0_rs0_bd1_str-rigorous_t00_n1,431,3,1,zai-org/GLM-4-9B-0414,1,0,1,0,rigorous,0.0,16.0,0.0
2026-08-12 07:34:58,IA44_m-glm4-9b_sol1_gd0_rs0_bd1_str-rigorous_t00_n1,432,1,1,zai-org/GLM-4-9B-0414,1,0,1,0,rigorous,0.0,10.0,0.0
2026-08-12 07:35:03,IA44_m-glm4-9b_sol1_gd0_rs0_bd1_str-rigorous_t00_n1,432,2,1,zai-org/GLM-4-9B-0414,1,0,1,0,rigorous,0.0,10.0,0.0
2026-08-12 07:35:07,IA44_m-glm4-9b_sol1_gd0_rs0_bd1_str-rigorous_t00_n1,432,3,1,zai-org/GLM-4-9B-0414,1,0,1,0,rigorous,0.0,10.0,0.0
2026-08-12 07:35:17,IA44_m-glm4-9b_sol1_gd0_rs0_bd1_str-rigorous_t00_n1,433,1,1,zai-org/GLM-4-9B-0414,1,0,1,0,rigorous,0.0,12.0,0.0
2026-08-12 07:35:22,IA44_m-glm4-9b_sol1_gd0_rs0_bd1_str-rigorous_t00_n1,433,2,1,zai-org/GLM-4-9B-0414,1,0,1,0,rigorous,0.0,14.0,0.0
2026-08-12 07:35:26,IA44_m-glm4-9b_sol1_gd0_rs0_bd1_str-rigorous_t00_n1,433,3,1,zai-org/GLM-4-9B-0414,1,0,1,0,rigorous,0.0,14.0,0.0
2026-08-12 07:35:35,IA44_m-glm4-9b_sol1_gd0_rs0_bd1_str-rigorous_t00_n1,434,1,1,zai-org/GLM-4-9B-0414,1,0,1,0,rigorous,0.0,22.0,0.0
2026-08-12 07:35:40,IA44_m-glm4-9b_sol1_gd0_rs0_bd1_str-rigorous_t00_n1,434,2,1,zai-org/GLM-4-9B-0414,1,0,1,0,rigorous,0.0,14.0,3.0
2026-08-12 07:35:49,IA44_m-glm4-9b_sol1_gd0_rs0_bd1_str-rigorous_t00_n1,434,3,1,zai-org/GLM-4-9B-0414,1,0,1,0,rigorous,0.0,14.0,0.0
2026-08-12 07:35:58,IA44_m-glm4-9b_sol1_gd0_rs0_bd1_str-rigorous_t00_n1,435,1,1,zai-org/GLM-4-9B-0414,1,0,1,0,rigorous,0.0,0.0,0.0
2026-08-12 07:36:02,IA44_m-glm4-9b_sol1_gd0_rs0_bd1_str-rigorous_t00_n1,435,2,1,zai-org/GLM-4-9B-0414,1,0,1,0,rigorous,0.0,10.0,0.0
2026-08-12 07:36:11,IA44_m-glm4-9b_sol1_gd0_rs0_bd1_str-rigorous_t00_n1,435,3,1,zai-org/GLM-4-9B-0414,1,0,1,0,rigorous,0.0,10.0,0.0
2026-08-12 07:36:15,IA44_m-glm4-9b_sol1_gd0_rs0_bd1_str-rigorous_t00_n1,436,1,1,zai-org/GLM-4-9B-0414,1,0,1,0,rigorous,0.0,22.0,0.0
2026-08-12 07:36:20,IA44_m-glm4-9b_sol1_gd0_rs0_bd1_str-rigorous_t00_n1,436,2,1,zai-org/GLM-4-9B-0414,1,0,1,0,rigorous,0.0,14.0,3.0
2026-08-12 07:36:25,IA44_m-glm4-9b_sol1_gd0_rs0_bd1_str-rigorous_t00_n1,436,3,1,zai-org/GLM-4-9B-0414,1,0,1,0,rigorous,0.0,16.0,0.0
2026-08-12 07:36:34,IA44_m-glm4-9b_sol1_gd0_rs0_bd1_str-rigorous_t00_n1,437,1,1,zai-org/GLM-4-9B-0414,1,0,1,0,rigorous,0.0,19.0,0.0
2026-08-12 07:36:39,IA44_m-glm4-9b_sol1_gd0_rs0_bd1_str-rigorous_t00_n1,437,2,1,zai-org/GLM-4-9B-0414,1,0,1,0,rigorous,0.0,14.0,0.0
2026-08-12 07:36:47,IA44_m-glm4-9b_sol1_gd0_rs0_bd1_str-rigorous_t00_n1,437,3,1,zai-org/GLM-4-9B-0414,1,0,1,0,rigorous,0.0,16.0,0.0
2026-08-12 07:36:51,IA44_m-glm4-9b_sol1_gd0_rs0_bd1_str-rigorous_t00_n1,438,1,1,zai-org/GLM-4-9B-0414,1,0,1,0,rigorous,0.0,15.0,0.0
2026-08-12 07:36:57,IA44_m-glm4-9b_sol1_gd0_rs0_bd1_str-rigorous_t00_n1,438,2,1,zai-org/GLM-4-9B-0414,1,0,1,0,rigorous,0.0,14.0,0.0
2026-08-12 07:37:05,IA44_m-glm4-9b_sol1_gd0_rs0_bd1_str-rigorous_t00_n1,438,3,1,zai-org/GLM-4-9B-0414,1,0,1,0,rigorous,0.0,16.0,0.0
2026-08-12 07:37:15,IA44_m-glm4-9b_sol1_gd0_rs0_bd1_str-rigorous_t00_n1,439,1,1,zai-org/GLM-4-9B-0414,1,0,1,0,rigorous,0.0,22.0,3.0
2026-08-12 07:37:21,IA44_m-glm4-9b_sol1_gd0_rs0_bd1_str-rigorous_t00_n1,439,2,1,zai-org/GLM-4-9B-0414,1,0,1,0,rigorous,0.0,14.0,3.0
2026-08-12 07:37:29,IA44_m-glm4-9b_sol1_gd0_rs0_bd1_str-rigorous_t00_n1,439,3,1,zai-org/GLM-4-9B-0414,1,0,1,0,rigorous,0.0,16.0,0.0
2026-08-12 07:37:39,IA44_m-glm4-9b_sol1_gd0_rs0_bd1_str-rigorous_t00_n1,440,1,1,zai-org/GLM-4-9B-0414,1,0,1,0,rigorous,0.0,15.0,0.0
2026-08-12 07:37:47,IA44_m-glm4-9b_sol1_gd0_rs0_bd1_str-rigorous_t00_n1,440,3,1,zai-org/GLM-4-9B-0414,1,0,1,0,rigorous,0.0,10.0,0.0
2026-08-12 07:37:50,IA44_m-glm4-9b_sol1_gd0_rs0_bd1_str-rigorous_t00_n1,441,1,1,zai-org/GLM-4-9B-0414,1,0,1,0,rigorous,0.0,10.0,0.0
2026-08-12 07:37:56,IA44_m-glm4-9b_sol1_gd0_rs0_bd1_str-rigorous_t00_n1,441,2,1,zai-org/GLM-4-9B-0414,1,0,1,0,rigorous,0.0,14.0,0.0
2026-08-12 07:38:04,IA44_m-glm4-9b_sol1_gd0_rs0_bd1_str-rigorous_t00_n1,441,3,1,zai-org/GLM-4-9B-0414,1,0,1,0,rigorous,0.0,16.0,0.0
2026-08-12 07:38:14,IA44_m-glm4-9b_sol1_gd0_rs0_bd1_str-rigorous_t00_n1,442,1,1,zai-org/GLM-4-9B-0414,1,0,1,0,rigorous,0.0,19.0,0.0
2026-08-12 07:38:20,IA44_m-glm4-9b_sol1_gd0_rs0_bd1_str-rigorous_t00_n1,442,2,1,zai-org/GLM-4-9B-0414,1,0,1,0,rigorous,0.0,10.0,0.0
2026-08-12 07:38:30,IA44_m-glm4-9b_sol1_gd0_rs0_bd1_str-rigorous_t00_n1,442,3,1,zai-org/GLM-4-9B-0414,1,0,1,0,rigorous,0.0,16.0,0.0
2026-08-12 07:38:40,IA44_m-glm4-9b_sol1_gd0_rs0_bd1_str-rigorous_t00_n1,443,1,1,zai-org/GLM-4-9B-0414,1,0,1,0,rigorous,0.0,15.0,0.0
2026-08-12 07:38:45,IA44_m-glm4-9b_sol1_gd0_rs0_bd1_str-rigorous_t00_n1,443,2,1,zai-org/GLM-4-9B-0414,1,0,1,0,rigorous,0.0,14.0,0.0
2026-08-12 07:38:52,IA44_m-glm4-9b_sol1_gd0_rs0_bd1_str-rigorous_t00_n1,443,3,1,zai-org/GLM-4-9B-0414,1,0,1,0,rigorous,0.0,10.0,0.0
2026-08-12 07:38:56,IA44_m-glm4-9b_sol1_gd0_rs0_bd1_str-rigorous_t00_n1,444,1,1,zai-org/GLM-4-9B-0414,1,0,1,0,rigorous,0.0,15.0,0.0
2026-08-12 07:39:01,IA44_m-glm4-9b_sol1_gd0_rs0_bd1_str-rigorous_t00_n1,444,2,1,zai-org/GLM-4-9B-0414,1,0,1,0,rigorous,0.0,14.0,0.0
2026-08-12 07:39:09,IA44_m-glm4-9b_sol1_gd0_rs0_bd1_str-rigorous_t00_n1,444,3,1,zai-org/GLM-4-9B-0414,1,0,1,0,rigorous,0.0,14.0,0.0
2026-08-12 07:39:19,IA44_m-glm4-9b_sol1_gd0_rs0_bd1_str-rigorous_t00_n1,445,1,1,zai-org/GLM-4-9B-0414,1,0,1,0,rigorous,0.0,18.0,0.0
2026-08-12 07:39:24,IA44_m-glm4-9b_sol1_gd0_rs0_bd1_str-rigorous_t00_n1,445,2,1,zai-org/GLM-4-9B-0414,1,0,1,0,rigorous,0.0,14.0,0.0
2026-08-12 07:39:28,IA44_m-glm4-9b_sol1_gd0_rs0_bd1_str-rigorous_t00_n1,445,3,1,zai-org/GLM-4-9B-0414,1,0,1,0,rigorous,0.0,10.0,0.0
2026-08-12 07:39:38,IA44_m-glm4-9b_sol1_gd0_rs0_bd1_str-rigorous_t00_n1,446,1,1,zai-org/GLM-4-9B-0414,1,0,1,0,rigorous,0.0,18.0,0.0
2026-08-12 07:39:43,IA44_m-glm4-9b_sol1_gd0_rs0_bd1_str-rigorous_t00_n1,446,2,1,zai-org/GLM-4-9B-0414,1,0,1,0,rigorous,0.0,14.0,0.0
2026-08-12 07:39:51,IA44_m-glm4-9b_sol1_gd0_rs0_bd1_str-rigorous_t00_n1,446,3,1,zai-org/GLM-4-9B-0414,1,0,1,0,rigorous,0.0,16.0,0.0
2026-08-12 07:39:59,IA44_m-glm4-9b_sol1_gd0_rs0_bd1_str-rigorous_t00_n1,447,1,1,zai-org/GLM-4-9B-0414,1,0,1,0,rigorous,0.0,15.0,0.0
2026-08-12 07:40:04,IA44_m-glm4-9b_sol1_gd0_rs0_bd1_str-rigorous_t00_n1,447,2,1,zai-org/GLM-4-9B-0414,1,0,1,0,rigorous,0.0,14.0,0.0
2026-08-12 07:40:12,IA44_m-glm4-9b_sol1_gd0_rs0_bd1_str-rigorous_t00_n1,447,3,1,zai-org/GLM-4-9B-0414,1,0,1,0,rigorous,0.0,10.0,0.0
2026-08-12 07:40:23,IA44_m-glm4-9b_sol1_gd0_rs0_bd1_str-rigorous_t00_n1,448,1,1,zai-org/GLM-4-9B-0414,1,0,1,0,rigorous,0.0,15.0,0.0
2026-08-12 07:40:28,IA44_m-glm4-9b_sol1_gd0_rs0_bd1_str-rigorous_t00_n1,448,2,1,zai-org/GLM-4-9B-0414,1,0,1,0,rigorous,0.0,14.0,0.0
2026-08-12 07:40:35,IA44_m-glm4-9b_sol1_gd0_rs0_bd1_str-rigorous_t00_n1,448,3,1,zai-org/GLM-4-9B-0414,1,0,1,0,rigorous,0.0,14.0,0.0
2026-08-12 07:40:44,IA44_m-glm4-9b_sol1_gd0_rs0_bd1_str-rigorous_t00_n1,449,1,1,zai-org/GLM-4-9B-0414,1,0,1,0,rigorous,0.0,19.0,0.0
2026-08-12 07:40:48,IA44_m-glm4-9b_sol1_gd0_rs0_bd1_str-rigorous_t00_n1,449,3,1,zai-org/GLM-4-9B-0414,1,0,1,0,rigorous,0.0,14.0,0.0
2026-08-12 07:41:00,IA44_m-glm4-9b_sol1_gd0_rs0_bd1_str-rigorous_t00_n1,450,1,1,zai-org/GLM-4-9B-0414,1,0,1,0,rigorous,0.0,15.0,0.0
2026-08-12 07:41:05,IA44_m-glm4-9b_sol1_gd0_rs0_bd1_str-rigorous_t00_n1,450,2,1,zai-org/GLM-4-9B-0414,1,0,1,0,rigorous,0.0,10.0,0.0
2026-08-12 07:41:09,IA44_m-glm4-9b_sol1_gd0_rs0_bd1_str-rigorous_t00_n1,451,1,1,zai-org/GLM-4-9B-0414,1,0,1,0,rigorous,0.0,10.0,0.0
2026-08-12 07:41:14,IA44_m-glm4-9b_sol1_gd0_rs0_bd1_str-rigorous_t00_n1,451,2,1,zai-org/GLM-4-9B-0414,1,0,1,0,rigorous,0.0,10.0,0.0
2026-08-12 07:41:23,IA44_m-glm4-9b_sol1_gd0_rs0_bd1_str-rigorous_t00_n1,451,3,1,zai-org/GLM-4-9B-0414,1,0,1,0,rigorous,0.0,10.0,0.0
2026-08-12 07:41:32,IA44_m-glm4-9b_sol1_gd0_rs0_bd1_str-rigorous_t00_n1,452,1,1,zai-org/GLM-4-9B-0414,1,0,1,0,rigorous,0.0,10.0,0.0
2026-08-12 07:41:38,IA44_m-glm4-9b_sol1_gd0_rs0_bd1_str-rigorous_t00_n1,452,2,1,zai-org/GLM-4-9B-0414,1,0,1,0,rigorous,0.0,14.0,0.0
2026-08-12 07:41:45,IA44_m-glm4-9b_sol1_gd0_rs0_bd1_str-rigorous_t00_n1,452,3,1,zai-org/GLM-4-9B-0414,1,0,1,0,rigorous,0.0,10.0,0.0
2026-08-12 07:41:49,IA44_m-glm4-9b_sol1_gd0_rs0_bd1_str-rigorous_t00_n1,453,1,1,zai-org/GLM-4-9B-0414,1,0,1,0,rigorous,0.0,19.0,0.0
2026-08-12 07:41:55,IA44_m-glm4-9b_sol1_gd0_rs0_bd1_str-rigorous_t00_n1,453,2,1,zai-org/GLM-4-9B-0414,1,0,1,0,rigorous,0.0,14.0,0.0
2026-08-12 07:42:03,IA44_m-glm4-9b_sol1_gd0_rs0_bd1_str-rigorous_t00_n1,453,3,1,zai-org/GLM-4-9B-0414,1,0,1,0,rigorous,0.0,16.0,0.0
2026-08-12 07:42:07,IA44_m-glm4-9b_sol1_gd0_rs0_bd1_str-rigorous_t00_n1,454,1,1,zai-org/GLM-4-9B-0414,1,0,1,0,rigorous,0.0,19.0,0.0
2026-08-12 07:42:12,IA44_m-glm4-9b_sol1_gd0_rs0_bd1_str-rigorous_t00_n1,454,2,1,zai-org/GLM-4-9B-0414,1,0,1,0,rigorous,0.0,14.0,0.0
2026-08-12 07:42:21,IA44_m-glm4-9b_sol1_gd0_rs0_bd1_str-rigorous_t00_n1,454,3,1,zai-org/GLM-4-9B-0414,1,0,1,0,rigorous,0.0,14.0,0.0
2026-08-12 07:42:25,IA44_m-glm4-9b_sol1_gd0_rs0_bd1_str-rigorous_t00_n1,455,1,1,zai-org/GLM-4-9B-0414,1,0,1,0,rigorous,0.0,10.0,0.0
2026-08-12 07:42:31,IA44_m-glm4-9b_sol1_gd0_rs0_bd1_str-rigorous_t00_n1,455,2,1,zai-org/GLM-4-9B-0414,1,0,1,0,rigorous,0.0,14.0,0.0
2026-08-12 07:42:39,IA44_m-glm4-9b_sol1_gd0_rs0_bd1_str-rigorous_t00_n1,455,3,1,zai-org/GLM-4-9B-0414,1,0,1,0,rigorous,0.0,16.0,0.0
2026-08-12 07:42:42,IA44_m-glm4-9b_sol1_gd0_rs0_bd1_str-rigorous_t00_n1,456,1,1,zai-org/GLM-4-9B-0414,1,0,1,0,rigorous,0.0,10.0,0.0
2026-08-12 07:42:48,IA44_m-glm4-9b_sol1_gd0_rs0_bd1_str-rigorous_t00_n1,456,2,1,zai-org/GLM-4-9B-0414,1,0,1,0,rigorous,0.0,14.0,0.0
2026-08-12 07:42:57,IA44_m-glm4-9b_sol1_gd0_rs0_bd1_str-rigorous_t00_n1,456,3,1,zai-org/GLM-4-9B-0414,1,0,1,0,rigorous,0.0,14.0,0.0
2026-08-12 07:43:07,IA44_m-glm4-9b_sol1_gd0_rs0_bd1_str-rigorous_t00_n1,457,1,1,zai-org/GLM-4-9B-0414,1,0,1,0,rigorous,0.0,15.0,0.0
2026-08-12 07:43:12,IA44_m-glm4-9b_sol1_gd0_rs0_bd1_str-rigorous_t00_n1,457,2,1,zai-org/GLM-4-9B-0414,1,0,1,0,rigorous,0.0,14.0,0.0
2026-08-12 07:43:20,IA44_m-glm4-9b_sol1_gd0_rs0_bd1_str-rigorous_t00_n1,457,3,1,zai-org/GLM-4-9B-0414,1,0,1,0,rigorous,0.0,10.0,0.0
2026-08-12 07:43:29,IA44_m-glm4-9b_sol1_gd0_rs0_bd1_str-rigorous_t00_n1,458,1,1,zai-org/GLM-4-9B-0414,1,0,1,0,rigorous,0.0,10.0,0.0
2026-08-12 07:43:34,IA44_m-glm4-9b_sol1_gd0_rs0_bd1_str-rigorous_t00_n1,458,2,1,zai-org/GLM-4-9B-0414,1,0,1,0,rigorous,0.0,14.0,0.0
2026-08-12 07:43:43,IA44_m-glm4-9b_sol1_gd0_rs0_bd1_str-rigorous_t00_n1,459,1,1,zai-org/GLM-4-9B-0414,1,0,1,0,rigorous,0.0,15.0,0.0
2026-08-12 07:43:49,IA44_m-glm4-9b_sol1_gd0_rs0_bd1_str-rigorous_t00_n1,459,2,1,zai-org/GLM-4-9B-0414,1,0,1,0,rigorous,0.0,14.0,0.0
2026-08-12 07:43:56,IA44_m-glm4-9b_sol1_gd0_rs0_bd1_str-rigorous_t00_n1,459,3,1,zai-org/GLM-4-9B-0414,1,0,1,0,rigorous,0.0,16.0,0.0
2026-08-12 07:44:01,IA44_m-glm4-9b_sol1_gd0_rs0_bd1_str-rigorous_t00_n1,460,1,1,zai-org/GLM-4-9B-0414,1,0,1,0,rigorous,0.0,15.0,0.0
2026-08-12 07:44:06,IA44_m-glm4-9b_sol1_gd0_rs0_bd1_str-rigorous_t00_n1,460,2,1,zai-org/GLM-4-9B-0414,1,0,1,0,rigorous,0.0,14.0,0.0
2026-08-12 07:44:10,IA44_m-glm4-9b_sol1_gd0_rs0_bd1_str-rigorous_t00_n1,460,3,1,zai-org/GLM-4-9B-0414,1,0,1,0,rigorous,0.0,10.0,0.0
2026-08-12 07:44:13,IA44_m-glm4-9b_sol1_gd0_rs0_bd1_str-rigorous_t00_n1,461,1,1,zai-org/GLM-4-9B-0414,1,0,1,0,rigorous,0.0,10.0,0.0
2026-08-12 07:44:19,IA44_m-glm4-9b_sol1_gd0_rs0_bd1_str-rigorous_t00_n1,461,2,1,zai-org/GLM-4-9B-0414,1,0,1,0,rigorous,0.0,10.0,0.0
2026-08-12 07:44:22,IA44_m-glm4-9b_sol1_gd0_rs0_bd1_str-rigorous_t00_n1,461,3,1,zai-org/GLM-4-9B-0414,1,0,1,0,rigorous,0.0,10.0,0.0
2026-08-12 07:44:30,IA44_m-glm4-9b_sol1_gd0_rs0_bd1_str-rigorous_t00_n1,462,1,1,zai-org/GLM-4-9B-0414,1,0,1,0,rigorous,0.0,19.0,0.0
2026-08-12 07:44:35,IA44_m-glm4-9b_sol1_gd0_rs0_bd1_str-rigorous_t00_n1,462,2,1,zai-org/GLM-4-9B-0414,1,0,1,0,rigorous,0.0,14.0,3.0
2026-08-12 07:44:43,IA44_m-glm4-9b_sol1_gd0_rs0_bd1_str-rigorous_t00_n1,462,3,1,zai-org/GLM-4-9B-0414,1,0,1,0,rigorous,0.0,16.0,0.0
2026-08-12 07:44:53,IA44_m-glm4-9b_sol1_gd0_rs0_bd1_str-rigorous_t00_n1,463,1,1,zai-org/GLM-4-9B-0414,1,0,1,0,rigorous,0.0,15.0,0.0
2026-08-12 07:44:58,IA44_m-glm4-9b_sol1_gd0_rs0_bd1_str-rigorous_t00_n1,463,2,1,zai-org/GLM-4-9B-0414,1,0,1,0,rigorous,0.0,10.0,0.0
2026-08-12 07:45:06,IA44_m-glm4-9b_sol1_gd0_rs0_bd1_str-rigorous_t00_n1,463,3,1,zai-org/GLM-4-9B-0414,1,0,1,0,rigorous,0.0,10.0,0.0
2026-08-12 07:45:14,IA44_m-glm4-9b_sol1_gd0_rs0_bd1_str-rigorous_t00_n1,464,1,1,zai-org/GLM-4-9B-0414,1,0,1,0,rigorous,0.0,18.0,0.0
2026-08-12 07:45:19,IA44_m-glm4-9b_sol1_gd0_rs0_bd1_str-rigorous_t00_n1,464,2,1,zai-org/GLM-4-9B-0414,1,0,1,0,rigorous,0.0,14.0,0.0
2026-08-12 07:45:27,IA44_m-glm4-9b_sol1_gd0_rs0_bd1_str-rigorous_t00_n1,464,3,1,zai-org/GLM-4-9B-0414,1,0,1,0,rigorous,0.0,16.0,0.0
2026-08-12 07:45:36,IA44_m-glm4-9b_sol1_gd0_rs0_bd1_str-rigorous_t00_n1,465,1,1,zai-org/GLM-4-9B-0414,1,0,1,0,rigorous,0.0,19.0,0.0
2026-08-12 07:45:41,IA44_m-glm4-9b_sol1_gd0_rs0_bd1_str-rigorous_t00_n1,465,2,1,zai-org/GLM-4-9B-0414,1,0,1,0,rigorous,0.0,14.0,0.0
2026-08-12 07:45:49,IA44_m-glm4-9b_sol1_gd0_rs0_bd1_str-rigorous_t00_n1,465,3,1,zai-org/GLM-4-9B-0414,1,0,1,0,rigorous,0.0,16.0,0.0
2026-08-12 07:46:01,IA44_m-glm4-9b_sol1_gd0_rs0_bd1_str-rigorous_t00_n1,466,1,1,zai-org/GLM-4-9B-0414,1,0,1,0,rigorous,0.0,19.0,0.0
2026-08-12 07:46:06,IA44_m-glm4-9b_sol1_gd0_rs0_bd1_str-rigorous_t00_n1,466,2,1,zai-org/GLM-4-9B-0414,1,0,1,0,rigorous,0.0,14.0,0.0
2026-08-12 07:46:16,IA44_m-glm4-9b_sol1_gd0_rs0_bd1_str-rigorous_t00_n1,466,3,1,zai-org/GLM-4-9B-0414,1,0,1,0,rigorous,0.0,16.0,0.0
2026-08-12 07:46:24,IA44_m-glm4-9b_sol1_gd0_rs0_bd1_str-rigorous_t00_n1,467,1,1,zai-org/GLM-4-9B-0414,1,0,1,0,rigorous,0.0,22.0,0.0
2026-08-12 07:46:29,IA44_m-glm4-9b_sol1_gd0_rs0_bd1_str-rigorous_t00_n1,467,2,1,zai-org/GLM-4-9B-0414,1,0,1,0,rigorous,0.0,14.0,3.0
2026-08-12 07:46:37,IA44_m-glm4-9b_sol1_gd0_rs0_bd1_str-rigorous_t00_n1,467,3,1,zai-org/GLM-4-9B-0414,1,0,1,0,rigorous,0.0,16.0,0.0
2026-08-12 07:46:47,IA44_m-glm4-9b_sol1_gd0_rs0_bd1_str-rigorous_t00_n1,468,1,1,zai-org/GLM-4-9B-0414,1,0,1,0,rigorous,0.0,18.0,0.0
2026-08-12 07:46:52,IA44_m-glm4-9b_sol1_gd0_rs0_bd1_str-rigorous_t00_n1,468,2,1,zai-org/GLM-4-9B-0414,1,0,1,0,rigorous,0.0,13.0,0.0
2026-08-12 07:47:00,IA44_m-glm4-9b_sol1_gd0_rs0_bd1_str-rigorous_t00_n1,468,3,1,zai-org/GLM-4-9B-0414,1,0,1,0,rigorous,0.0,16.0,0.0
2026-08-12 07:47:10,IA44_m-glm4-9b_sol1_gd0_rs0_bd1_str-rigorous_t00_n1,469,1,1,zai-org/GLM-4-9B-0414,1,0,1,0,rigorous,0.0,18.0,0.0
2026-08-12 07:47:15,IA44_m-glm4-9b_sol1_gd0_rs0_bd1_str-rigorous_t00_n1,469,2,1,zai-org/GLM-4-9B-0414,1,0,1,0,rigorous,0.0,14.0,0.0
2026-08-12 07:47:23,IA44_m-glm4-9b_sol1_gd0_rs0_bd1_str-rigorous_t00_n1,469,3,1,zai-org/GLM-4-9B-0414,1,0,1,0,rigorous,0.0,10.0,0.0
2026-08-12 07:47:33,IA44_m-glm4-9b_sol1_gd0_rs0_bd1_str-rigorous_t00_n1,470,1,1,zai-org/GLM-4-9B-0414,1,0,1,0,rigorous,0.0,19.0,0.0
2026-08-12 07:47:38,IA44_m-glm4-9b_sol1_gd0_rs0_bd1_str-rigorous_t00_n1,470,2,1,zai-org/GLM-4-9B-0414,1,0,1,0,rigorous,0.0,14.0,3.0
2026-08-12 07:47:46,IA44_m-glm4-9b_sol1_gd0_rs0_bd1_str-rigorous_t00_n1,470,3,1,zai-org/GLM-4-9B-0414,1,0,1,0,rigorous,0.0,16.0,0.0
2026-08-12 07:47:55,IA44_m-glm4-9b_sol1_gd0_rs0_bd1_str-rigorous_t00_n1,471,1,1,zai-org/GLM-4-9B-0414,1,0,1,0,rigorous,0.0,18.0,0.0
2026-08-12 07:48:01,IA44_m-glm4-9b_sol1_gd0_rs0_bd1_str-rigorous_t00_n1,471,2,1,zai-org/GLM-4-9B-0414,1,0,1,0,rigorous,0.0,14.0,0.0
2026-08-12 07:48:10,IA44_m-glm4-9b_sol1_gd0_rs0_bd1_str-rigorous_t00_n1,471,3,1,zai-org/GLM-4-9B-0414,1,0,1,0,rigorous,0.0,16.0,0.0
2026-08-12 07:48:20,IA44_m-glm4-9b_sol1_gd0_rs0_bd1_str-rigorous_t00_n1,472,1,1,zai-org/GLM-4-9B-0414,1,0,1,0,rigorous,0.0,10.0,0.0
2026-08-12 07:48:26,IA44_m-glm4-9b_sol1_gd0_rs0_bd1_str-rigorous_t00_n1,472,2,1,zai-org/GLM-4-9B-0414,1,0,1,0,rigorous,0.0,14.0,0.0
2026-08-12 07:48:31,IA44_m-glm4-9b_sol1_gd0_rs0_bd1_str-rigorous_t00_n1,472,3,1,zai-org/GLM-4-9B-0414,1,0,1,0,rigorous,0.0,10.0,0.0
2026-08-12 07:48:40,IA44_m-glm4-9b_sol1_gd0_rs0_bd1_str-rigorous_t00_n1,473,1,1,zai-org/GLM-4-9B-0414,1,0,1,0,rigorous,0.0,22.0,0.0
2026-08-12 07:48:47,IA44_m-glm4-9b_sol1_gd0_rs0_bd1_str-rigorous_t00_n1,473,2,1,zai-org/GLM-4-9B-0414,1,0,1,0,rigorous,0.0,14.0,3.0
2026-08-12 07:48:55,IA44_m-glm4-9b_sol1_gd0_rs0_bd1_str-rigorous_t00_n1,473,3,1,zai-org/GLM-4-9B-0414,1,0,1,0,rigorous,0.0,16.0,0.0
2026-08-12 07:49:04,IA44_m-glm4-9b_sol1_gd0_rs0_bd1_str-rigorous_t00_n1,474,1,1,zai-org/GLM-4-9B-0414,1,0,1,0,rigorous,0.0,10.0,0.0
2026-08-12 07:49:09,IA44_m-glm4-9b_sol1_gd0_rs0_bd1_str-rigorous_t00_n1,474,2,1,zai-org/GLM-4-9B-0414,1,0,1,0,rigorous,0.0,14.0,0.0
2026-08-12 07:49:17,IA44_m-glm4-9b_sol1_gd0_rs0_bd1_str-rigorous_t00_n1,474,3,1,zai-org/GLM-4-9B-0414,1,0,1,0,rigorous,0.0,10.0,0.0
2026-08-12 07:49:21,IA44_m-glm4-9b_sol1_gd0_rs0_bd1_str-rigorous_t00_n1,475,1,1,zai-org/GLM-4-9B-0414,1,0,1,0,rigorous,0.0,15.0,0.0
2026-08-12 07:49:27,IA44_m-glm4-9b_sol1_gd0_rs0_bd1_str-rigorous_t00_n1,475,2,1,zai-org/GLM-4-9B-0414,1,0,1,0,rigorous,0.0,12.0,0.0
2026-08-12 07:49:34,IA44_m-glm4-9b_sol1_gd0_rs0_bd1_str-rigorous_t00_n1,475,3,1,zai-org/GLM-4-9B-0414,1,0,1,0,rigorous,0.0,14.0,0.0
2026-08-12 07:49:42,IA44_m-glm4-9b_sol1_gd0_rs0_bd1_str-rigorous_t00_n1,476,1,1,zai-org/GLM-4-9B-0414,1,0,1,0,rigorous,0.0,10.0,0.0
2026-08-12 07:49:48,IA44_m-glm4-9b_sol1_gd0_rs0_bd1_str-rigorous_t00_n1,476,2,1,zai-org/GLM-4-9B-0414,1,0,1,0,rigorous,0.0,10.0,0.0
2026-08-12 07:49:57,IA44_m-glm4-9b_sol1_gd0_rs0_bd1_str-rigorous_t00_n1,476,3,1,zai-org/GLM-4-9B-0414,1,0,1,0,rigorous,0.0,14.0,0.0
2026-08-12 07:50:05,IA44_m-glm4-9b_sol1_gd0_rs0_bd1_str-rigorous_t00_n1,477,1,1,zai-org/GLM-4-9B-0414,1,0,1,0,rigorous,0.0,15.0,0.0
2026-08-12 07:50:10,IA44_m-glm4-9b_sol1_gd0_rs0_bd1_str-rigorous_t00_n1,477,2,1,zai-org/GLM-4-9B-0414,1,0,1,0,rigorous,0.0,10.0,0.0
2026-08-12 07:50:18,IA44_m-glm4-9b_sol1_gd0_rs0_bd1_str-rigorous_t00_n1,477,3,1,zai-org/GLM-4-9B-0414,1,0,1,0,rigorous,0.0,16.0,0.0
2026-08-12 07:50:27,IA44_m-glm4-9b_sol1_gd0_rs0_bd1_str-rigorous_t00_n1,478,1,1,zai-org/GLM-4-9B-0414,1,0,1,0,rigorous,0.0,19.0,0.0
2026-08-12 07:50:33,IA44_m-glm4-9b_sol1_gd0_rs0_bd1_str-rigorous_t00_n1,478,2,1,zai-org/GLM-4-9B-0414,1,0,1,0,rigorous,0.0,14.0,0.0
2026-08-12 07:50:41,IA44_m-glm4-9b_sol1_gd0_rs0_bd1_str-rigorous_t00_n1,478,3,1,zai-org/GLM-4-9B-0414,1,0,1,0,rigorous,0.0,16.0,0.0
2026-08-12 07:50:50,IA44_m-glm4-9b_sol1_gd0_rs0_bd1_str-rigorous_t00_n1,479,1,1,zai-org/GLM-4-9B-0414,1,0,1,0,rigorous,0.0,10.0,0.0
2026-08-12 07:50:59,IA44_m-glm4-9b_sol1_gd0_rs0_bd1_str-rigorous_t00_n1,479,3,1,zai-org/GLM-4-9B-0414,1,0,1,0,rigorous,0.0,14.0,0.0
2026-08-12 07:51:09,IA44_m-glm4-9b_sol1_gd0_rs0_bd1_str-rigorous_t00_n1,480,3,1,zai-org/GLM-4-9B-0414,1,0,1,0,rigorous,0.0,14.0,0.0
2026-08-12 07:51:20,IA44_m-glm4-9b_sol1_gd0_rs0_bd1_str-rigorous_t00_n1,481,1,1,zai-org/GLM-4-9B-0414,1,0,1,0,rigorous,0.0,14.0,0.0
2026-08-12 07:51:26,IA44_m-glm4-9b_sol1_gd0_rs0_bd1_str-rigorous_t00_n1,481,2,1,zai-org/GLM-4-9B-0414,1,0,1,0,rigorous,0.0,14.0,0.0
2026-08-12 07:51:33,IA44_m-glm4-9b_sol1_gd0_rs0_bd1_str-rigorous_t00_n1,481,3,1,zai-org/GLM-4-9B-0414,1,0,1,0,rigorous,0.0,10.0,0.0
2026-08-12 07:51:37,IA44_m-glm4-9b_sol1_gd0_rs0_bd1_str-rigorous_t00_n1,482,1,1,zai-org/GLM-4-9B-0414,1,0,1,0,rigorous,0.0,15.0,0.0
2026-08-12 07:51:42,IA44_m-glm4-9b_sol1_gd0_rs0_bd1_str-rigorous_t00_n1,482,2,1,zai-org/GLM-4-9B-0414,1,0,1,0,rigorous,0.0,10.0,0.0
2026-08-12 07:51:50,IA44_m-glm4-9b_sol1_gd0_rs0_bd1_str-rigorous_t00_n1,482,3,1,zai-org/GLM-4-9B-0414,1,0,1,0,rigorous,0.0,10.0,0.0
2026-08-12 07:52:01,IA44_m-glm4-9b_sol1_gd0_rs0_bd1_str-rigorous_t00_n1,483,1,1,zai-org/GLM-4-9B-0414,1,0,1,0,rigorous,0.0,15.0,0.0
2026-08-12 07:52:06,IA44_m-glm4-9b_sol1_gd0_rs0_bd1_str-rigorous_t00_n1,483,2,1,zai-org/GLM-4-9B-0414,1,0,1,0,rigorous,0.0,14.0,0.0
2026-08-12 07:52:14,IA44_m-glm4-9b_sol1_gd0_rs0_bd1_str-rigorous_t00_n1,483,3,1,zai-org/GLM-4-9B-0414,1,0,1,0,rigorous,0.0,14.0,0.0
2026-08-12 07:52:23,IA44_m-glm4-9b_sol1_gd0_rs0_bd1_str-rigorous_t00_n1,484,1,1,zai-org/GLM-4-9B-0414,1,0,1,0,rigorous,0.0,22.0,0.0
2026-08-12 07:52:29,IA44_m-glm4-9b_sol1_gd0_rs0_bd1_str-rigorous_t00_n1,484,2,1,zai-org/GLM-4-9B-0414,1,0,1,0,rigorous,0.0,14.0,3.0
2026-08-12 07:52:36,IA44_m-glm4-9b_sol1_gd0_rs0_bd1_str-rigorous_t00_n1,484,3,1,zai-org/GLM-4-9B-0414,1,0,1,0,rigorous,0.0,19.0,0.0
2026-08-12 07:52:40,IA44_m-glm4-9b_sol1_gd0_rs0_bd1_str-rigorous_t00_n1,485,1,1,zai-org/GLM-4-9B-0414,1,0,1,0,rigorous,0.0,12.0,0.0
2026-08-12 07:52:46,IA44_m-glm4-9b_sol1_gd0_rs0_bd1_str-rigorous_t00_n1,485,2,1,zai-org/GLM-4-9B-0414,1,0,1,0,rigorous,0.0,14.0,0.0
2026-08-12 07:52:54,IA44_m-glm4-9b_sol1_gd0_rs0_bd1_str-rigorous_t00_n1,486,1,1,zai-org/GLM-4-9B-0414,1,0,1,0,rigorous,0.0,10.0,0.0
2026-08-12 07:53:00,IA44_m-glm4-9b_sol1_gd0_rs0_bd1_str-rigorous_t00_n1,486,2,1,zai-org/GLM-4-9B-0414,1,0,1,0,rigorous,0.0,14.0,0.0
2026-08-12 07:53:08,IA44_m-glm4-9b_sol1_gd0_rs0_bd1_str-rigorous_t00_n1,486,3,1,zai-org/GLM-4-9B-0414,1,0,1,0,rigorous,0.0,14.0,0.0
2026-08-12 07:53:12,IA44_m-glm4-9b_sol1_gd0_rs0_bd1_str-rigorous_t00_n1,487,1,1,zai-org/GLM-4-9B-0414,1,0,1,0,rigorous,0.0,15.0,0.0
2026-08-12 07:53:18,IA44_m-glm4-9b_sol1_gd0_rs0_bd1_str-rigorous_t00_n1,487,2,1,zai-org/GLM-4-9B-0414,1,0,1,0,rigorous,0.0,14.0,0.0
2026-08-12 07:53:26,IA44_m-glm4-9b_sol1_gd0_rs0_bd1_str-rigorous_t00_n1,487,3,1,zai-org/GLM-4-9B-0414,1,0,1,0,rigorous,0.0,10.0,0.0
2026-08-12 07:53:30,IA44_m-glm4-9b_sol1_gd0_rs0_bd1_str-rigorous_t00_n1,488,1,1,zai-org/GLM-4-9B-0414,1,0,1,0,rigorous,0.0,19.0,0.0
2026-08-12 07:53:35,IA44_m-glm4-9b_sol1_gd0_rs0_bd1_str-rigorous_t00_n1,488,2,1,zai-org/GLM-4-9B-0414,1,0,1,0,rigorous,0.0,14.0,0.0
2026-08-12 07:53:44,IA44_m-glm4-9b_sol1_gd0_rs0_bd1_str-rigorous_t00_n1,488,3,1,zai-org/GLM-4-9B-0414,1,0,1,0,rigorous,0.0,16.0,0.0
2026-08-12 07:53:47,IA44_m-glm4-9b_sol1_gd0_rs0_bd1_str-rigorous_t00_n1,489,1,1,zai-org/GLM-4-9B-0414,1,0,1,0,rigorous,0.0,10.0,0.0
2026-08-12 07:53:53,IA44_m-glm4-9b_sol1_gd0_rs0_bd1_str-rigorous_t00_n1,489,2,1,zai-org/GLM-4-9B-0414,1,0,1,0,rigorous,0.0,5.0,0.0
2026-08-12 07:54:01,IA44_m-glm4-9b_sol1_gd0_rs0_bd1_str-rigorous_t00_n1,489,3,1,zai-org/GLM-4-9B-0414,1,0,1,0,rigorous,0.0,10.0,0.0
2026-08-12 07:54:04,IA44_m-glm4-9b_sol1_gd0_rs0_bd1_str-rigorous_t00_n1,490,1,1,zai-org/GLM-4-9B-0414,1,0,1,0,rigorous,0.0,15.0,0.0
2026-08-12 07:54:09,IA44_m-glm4-9b_sol1_gd0_rs0_bd1_str-rigorous_t00_n1,490,2,1,zai-org/GLM-4-9B-0414,1,0,1,0,rigorous,0.0,14.0,0.0
2026-08-12 07:54:18,IA44_m-glm4-9b_sol1_gd0_rs0_bd1_str-rigorous_t00_n1,490,3,1,zai-org/GLM-4-9B-0414,1,0,1,0,rigorous,0.0,14.0,0.0
2026-08-12 07:54:28,IA44_m-glm4-9b_sol1_gd0_rs0_bd1_str-rigorous_t00_n1,491,1,1,zai-org/GLM-4-9B-0414,1,0,1,0,rigorous,0.0,15.0,0.0
2026-08-12 07:54:34,IA44_m-glm4-9b_sol1_gd0_rs0_bd1_str-rigorous_t00_n1,491,2,1,zai-org/GLM-4-9B-0414,1,0,1,0,rigorous,0.0,14.0,0.0
2026-08-12 07:54:41,IA44_m-glm4-9b_sol1_gd0_rs0_bd1_str-rigorous_t00_n1,491,3,1,zai-org/GLM-4-9B-0414,1,0,1,0,rigorous,0.0,16.0,0.0
2026-08-12 07:54:51,IA44_m-glm4-9b_sol1_gd0_rs0_bd1_str-rigorous_t00_n1,492,1,1,zai-org/GLM-4-9B-0414,1,0,1,0,rigorous,0.0,15.0,0.0
2026-08-12 07:54:57,IA44_m-glm4-9b_sol1_gd0_rs0_bd1_str-rigorous_t00_n1,492,2,1,zai-org/GLM-4-9B-0414,1,0,1,0,rigorous,0.0,14.0,0.0
2026-08-12 07:55:06,IA44_m-glm4-9b_sol1_gd0_rs0_bd1_str-rigorous_t00_n1,492,3,1,zai-org/GLM-4-9B-0414,1,0,1,0,rigorous,0.0,16.0,0.0
2026-08-12 07:55:14,IA44_m-glm4-9b_sol1_gd0_rs0_bd1_str-rigorous_t00_n1,493,1,1,zai-org/GLM-4-9B-0414,1,0,1,0,rigorous,0.0,15.0,0.0
2026-08-12 07:55:20,IA44_m-glm4-9b_sol1_gd0_rs0_bd1_str-rigorous_t00_n1,493,2,1,zai-org/GLM-4-9B-0414,1,0,1,0,rigorous,0.0,14.0,3.0
2026-08-12 07:55:28,IA44_m-glm4-9b_sol1_gd0_rs0_bd1_str-rigorous_t00_n1,493,3,1,zai-org/GLM-4-9B-0414,1,0,1,0,rigorous,0.0,16.0,0.0
2026-08-12 07:55:37,IA44_m-glm4-9b_sol1_gd0_rs0_bd1_str-rigorous_t00_n1,494,1,1,zai-org/GLM-4-9B-0414,1,0,1,0,rigorous,0.0,10.0,0.0
2026-08-12 07:55:43,IA44_m-glm4-9b_sol1_gd0_rs0_bd1_str-rigorous_t00_n1,494,2,1,zai-org/GLM-4-9B-0414,1,0,1,0,rigorous,0.0,10.0,0.0
2026-08-12 07:55:50,IA44_m-glm4-9b_sol1_gd0_rs0_bd1_str-rigorous_t00_n1,494,3,1,zai-org/GLM-4-9B-0414,1,0,1,0,rigorous,0.0,14.0,0.0
2026-08-12 07:55:58,IA44_m-glm4-9b_sol1_gd0_rs0_bd1_str-rigorous_t00_n1,495,1,1,zai-org/GLM-4-9B-0414,1,0,1,0,rigorous,0.0,10.0,0.0
2026-08-12 07:56:05,IA44_m-glm4-9b_sol1_gd0_rs0_bd1_str-rigorous_t00_n1,495,2,1,zai-org/GLM-4-9B-0414,1,0,1,0,rigorous,0.0,14.0,0.0
2026-08-12 07:56:13,IA44_m-glm4-9b_sol1_gd0_rs0_bd1_str-rigorous_t00_n1,495,3,1,zai-org/GLM-4-9B-0414,1,0,1,0,rigorous,0.0,14.0,0.0
2026-08-12 07:56:22,IA44_m-glm4-9b_sol1_gd0_rs0_bd1_str-rigorous_t00_n1,496,1,1,zai-org/GLM-4-9B-0414,1,0,1,0,rigorous,0.0,15.0,0.0
2026-08-12 07:56:27,IA44_m-glm4-9b_sol1_gd0_rs0_bd1_str-rigorous_t00_n1,496,2,1,zai-org/GLM-4-9B-0414,1,0,1,0,rigorous,0.0,14.0,0.0
2026-08-12 07:56:36,IA44_m-glm4-9b_sol1_gd0_rs0_bd1_str-rigorous_t00_n1,496,3,1,zai-org/GLM-4-9B-0414,1,0,1,0,rigorous,0.0,16.0,0.0
2026-08-12 07:56:45,IA44_m-glm4-9b_sol1_gd0_rs0_bd1_str-rigorous_t00_n1,497,1,1,zai-org/GLM-4-9B-0414,1,0,1,0,rigorous,0.0,10.0,0.0
2026-08-12 07:56:50,IA44_m-glm4-9b_sol1_gd0_rs0_bd1_str-rigorous_t00_n1,497,2,1,zai-org/GLM-4-9B-0414,1,0,1,0,rigorous,0.0,14.0,0.0
2026-08-12 07:56:59,IA44_m-glm4-9b_sol1_gd0_rs0_bd1_str-rigorous_t00_n1,497,3,1,zai-org/GLM-4-9B-0414,1,0,1,0,rigorous,0.0,10.0,0.0
2026-08-12 07:57:08,IA44_m-glm4-9b_sol1_gd0_rs0_bd1_str-rigorous_t00_n1,498,1,1,zai-org/GLM-4-9B-0414,1,0,1,0,rigorous,0.0,10.0,0.0
2026-08-12 07:57:14,IA44_m-glm4-9b_sol1_gd0_rs0_bd1_str-rigorous_t00_n1,498,2,1,zai-org/GLM-4-9B-0414,1,0,1,0,rigorous,0.0,14.0,0.0
2026-08-12 07:57:23,IA44_m-glm4-9b_sol1_gd0_rs0_bd1_str-rigorous_t00_n1,498,3,1,zai-org/GLM-4-9B-0414,1,0,1,0,rigorous,0.0,10.0,0.0
2026-08-12 07:57:31,IA44_m-glm4-9b_sol1_gd0_rs0_bd1_str-rigorous_t00_n1,499,1,1,zai-org/GLM-4-9B-0414,1,0,1,0,rigorous,0.0,10.0,0.0
2026-08-12 07:57:36,IA44_m-glm4-9b_sol1_gd0_rs0_bd1_str-rigorous_t00_n1,499,2,1,zai-org/GLM-4-9B-0414,1,0,1,0,rigorous,0.0,14.0,0.0
2026-08-12 07:57:45,IA44_m-glm4-9b_sol1_gd0_rs0_bd1_str-rigorous_t00_n1,499,3,1,zai-org/GLM-4-9B-0414,1,0,1,0,rigorous,0.0,14.0,0.0
2026-08-12 07:57:53,IA44_m-glm4-9b_sol1_gd0_rs0_bd1_str-rigorous_t00_n1,500,1,1,zai-org/GLM-4-9B-0414,1,0,1,0,rigorous,0.0,10.0,0.0
2026-08-12 07:57:58,IA44_m-glm4-9b_sol1_gd0_rs0_bd1_str-rigorous_t00_n1,500,2,1,zai-org/GLM-4-9B-0414,1,0,1,0,rigorous,0.0,12.0,0.0
2026-08-12 07:58:06,IA44_m-glm4-9b_sol1_gd0_rs0_bd1_str-rigorous_t00_n1,500,3,1,zai-org/GLM-4-9B-0414,1,0,1,0,rigorous,0.0,10.0,0.0
2026-08-12 07:58:17,IA44_m-glm4-9b_sol1_gd0_rs0_bd1_str-rigorous_t00_n1,501,1,1,zai-org/GLM-4-9B-0414,1,0,1,0,rigorous,0.0,18.0,0.0
2026-08-12 07:58:22,IA44_m-glm4-9b_sol1_gd0_rs0_bd1_str-rigorous_t00_n1,501,2,1,zai-org/GLM-4-9B-0414,1,0,1,0,rigorous,0.0,14.0,0.0
2026-08-12 07:58:27,IA44_m-glm4-9b_sol1_gd0_rs0_bd1_str-rigorous_t00_n1,501,3,1,zai-org/GLM-4-9B-0414,1,0,1,0,rigorous,0.0,10.0,0.0
2026-08-12 07:58:31,IA44_m-glm4-9b_sol1_gd0_rs0_bd1_str-rigorous_t00_n1,502,1,1,zai-org/GLM-4-9B-0414,1,0,1,0,rigorous,0.0,19.0,0.0
2026-08-12 07:58:37,IA44_m-glm4-9b_sol1_gd0_rs0_bd1_str-rigorous_t00_n1,502,2,1,zai-org/GLM-4-9B-0414,1,0,1,0,rigorous,0.0,14.0,0.0
2026-08-12 07:58:45,IA44_m-glm4-9b_sol1_gd0_rs0_bd1_str-rigorous_t00_n1,502,3,1,zai-org/GLM-4-9B-0414,1,0,1,0,rigorous,0.0,16.0,0.0
2026-08-12 07:58:48,IA44_m-glm4-9b_sol1_gd0_rs0_bd1_str-rigorous_t00_n1,503,1,1,zai-org/GLM-4-9B-0414,1,0,1,0,rigorous,0.0,18.0,0.0
2026-08-12 07:58:53,IA44_m-glm4-9b_sol1_gd0_rs0_bd1_str-rigorous_t00_n1,503,2,1,zai-org/GLM-4-9B-0414,1,0,1,0,rigorous,0.0,14.0,0.0
2026-08-12 07:58:57,IA44_m-glm4-9b_sol1_gd0_rs0_bd1_str-rigorous_t00_n1,503,3,1,zai-org/GLM-4-9B-0414,1,0,1,0,rigorous,0.0,14.0,0.0
2026-08-12 07:59:07,IA44_m-glm4-9b_sol1_gd0_rs0_bd1_str-rigorous_t00_n1,504,1,1,zai-org/GLM-4-9B-0414,1,0,1,0,rigorous,0.0,10.0,0.0
2026-08-12 07:59:13,IA44_m-glm4-9b_sol1_gd0_rs0_bd1_str-rigorous_t00_n1,504,2,1,zai-org/GLM-4-9B-0414,1,0,1,0,rigorous,0.0,14.0,0.0
2026-08-12 07:59:20,IA44_m-glm4-9b_sol1_gd0_rs0_bd1_str-rigorous_t00_n1,504,3,1,zai-org/GLM-4-9B-0414,1,0,1,0,rigorous,0.0,14.0,0.0
2026-08-12 07:59:31,IA44_m-glm4-9b_sol1_gd0_rs0_bd1_str-rigorous_t00_n1,505,1,1,zai-org/GLM-4-9B-0414,1,0,1,0,rigorous,0.0,10.0,0.0
2026-08-12 07:59:36,IA44_m-glm4-9b_sol1_gd0_rs0_bd1_str-rigorous_t00_n1,505,2,1,zai-org/GLM-4-9B-0414,1,0,1,0,rigorous,0.0,14.0,0.0
2026-08-12 07:59:40,IA44_m-glm4-9b_sol1_gd0_rs0_bd1_str-rigorous_t00_n1,505,3,1,zai-org/GLM-4-9B-0414,1,0,1,0,rigorous,0.0,10.0,0.0
2026-08-12 07:59:44,IA44_m-glm4-9b_sol1_gd0_rs0_bd1_str-rigorous_t00_n1,506,1,1,zai-org/GLM-4-9B-0414,1,0,1,0,rigorous,0.0,19.0,0.0
2026-08-12 07:59:50,IA44_m-glm4-9b_sol1_gd0_rs0_bd1_str-rigorous_t00_n1,506,2,1,zai-org/GLM-4-9B-0414,1,0,1,0,rigorous,0.0,14.0,0.0
2026-08-12 07:59:54,IA44_m-glm4-9b_sol1_gd0_rs0_bd1_str-rigorous_t00_n1,506,3,1,zai-org/GLM-4-9B-0414,1,0,1,0,rigorous,0.0,10.0,0.0
2026-08-12 08:00:04,IA44_m-glm4-9b_sol1_gd0_rs0_bd1_str-rigorous_t00_n1,507,1,1,zai-org/GLM-4-9B-0414,1,0,1,0,rigorous,0.0,19.0,0.0
2026-08-12 08:00:09,IA44_m-glm4-9b_sol1_gd0_rs0_bd1_str-rigorous_t00_n1,507,2,1,zai-org/GLM-4-9B-0414,1,0,1,0,rigorous,0.0,14.0,0.0
2026-08-12 08:00:17,IA44_m-glm4-9b_sol1_gd0_rs0_bd1_str-rigorous_t00_n1,507,3,1,zai-org/GLM-4-9B-0414,1,0,1,0,rigorous,0.0,14.0,0.0
2026-08-12 08:00:26,IA44_m-glm4-9b_sol1_gd0_rs0_bd1_str-rigorous_t00_n1,508,1,1,zai-org/GLM-4-9B-0414,1,0,1,0,rigorous,0.0,15.0,0.0
2026-08-12 08:00:30,IA44_m-glm4-9b_sol1_gd0_rs0_bd1_str-rigorous_t00_n1,508,2,1,zai-org/GLM-4-9B-0414,1,0,1,0,rigorous,0.0,10.0,0.0
2026-08-12 08:00:38,IA44_m-glm4-9b_sol1_gd0_rs0_bd1_str-rigorous_t00_n1,508,3,1,zai-org/GLM-4-9B-0414,1,0,1,0,rigorous,0.0,10.0,0.0
2026-08-12 08:00:42,IA44_m-glm4-9b_sol1_gd0_rs0_bd1_str-rigorous_t00_n1,509,1,1,zai-org/GLM-4-9B-0414,1,0,1,0,rigorous,0.0,15.0,0.0
2026-08-12 08:00:48,IA44_m-glm4-9b_sol1_gd0_rs0_bd1_str-rigorous_t00_n1,509,2,1,zai-org/GLM-4-9B-0414,1,0,1,0,rigorous,0.0,14.0,0.0
2026-08-12 08:00:56,IA44_m-glm4-9b_sol1_gd0_rs0_bd1_str-rigorous_t00_n1,509,3,1,zai-org/GLM-4-9B-0414,1,0,1,0,rigorous,0.0,10.0,0.0
2026-08-12 08:01:05,IA44_m-glm4-9b_sol1_gd0_rs0_bd1_str-rigorous_t00_n1,510,1,1,zai-org/GLM-4-9B-0414,1,0,1,0,rigorous,0.0,15.0,0.0
2026-08-12 08:01:11,IA44_m-glm4-9b_sol1_gd0_rs0_bd1_str-rigorous_t00_n1,510,2,1,zai-org/GLM-4-9B-0414,1,0,1,0,rigorous,0.0,14.0,0.0
2026-08-12 08:01:20,IA44_m-glm4-9b_sol1_gd0_rs0_bd1_str-rigorous_t00_n1,510,3,1,zai-org/GLM-4-9B-0414,1,0,1,0,rigorous,0.0,16.0,0.0
2026-08-12 08:01:24,IA44_m-glm4-9b_sol1_gd0_rs0_bd1_str-rigorous_t00_n1,511,1,1,zai-org/GLM-4-9B-0414,1,0,1,0,rigorous,0.0,10.0,0.0
2026-08-12 08:01:29,IA44_m-glm4-9b_sol1_gd0_rs0_bd1_str-rigorous_t00_n1,511,2,1,zai-org/GLM-4-9B-0414,1,0,1,0,rigorous,0.0,14.0,0.0
2026-08-12 08:01:38,IA44_m-glm4-9b_sol1_gd0_rs0_bd1_str-rigorous_t00_n1,511,3,1,zai-org/GLM-4-9B-0414,1,0,1,0,rigorous,0.0,16.0,0.0
2026-08-12 08:01:47,IA44_m-glm4-9b_sol1_gd0_rs0_bd1_str-rigorous_t00_n1,512,1,1,zai-org/GLM-4-9B-0414,1,0,1,0,rigorous,0.0,10.0,0.0
2026-08-12 08:01:52,IA44_m-glm4-9b_sol1_gd0_rs0_bd1_str-rigorous_t00_n1,512,2,1,zai-org/GLM-4-9B-0414,1,0,1,0,rigorous,0.0,14.0,0.0
2026-08-12 08:02:01,IA44_m-glm4-9b_sol1_gd0_rs0_bd1_str-rigorous_t00_n1,512,3,1,zai-org/GLM-4-9B-0414,1,0,1,0,rigorous,0.0,16.0,0.0
2026-08-12 08:02:10,IA44_m-glm4-9b_sol1_gd0_rs0_bd1_str-rigorous_t00_n1,513,1,1,zai-org/GLM-4-9B-0414,1,0,1,0,rigorous,0.0,19.0,0.0
2026-08-12 08:02:15,IA44_m-glm4-9b_sol1_gd0_rs0_bd1_str-rigorous_t00_n1,513,2,1,zai-org/GLM-4-9B-0414,1,0,1,0,rigorous,0.0,14.0,0.0
2026-08-12 08:02:23,IA44_m-glm4-9b_sol1_gd0_rs0_bd1_str-rigorous_t00_n1,513,3,1,zai-org/GLM-4-9B-0414,1,0,1,0,rigorous,0.0,16.0,0.0
2026-08-12 08:02:32,IA44_m-glm4-9b_sol1_gd0_rs0_bd1_str-rigorous_t00_n1,514,1,1,zai-org/GLM-4-9B-0414,1,0,1,0,rigorous,0.0,10.0,0.0
2026-08-12 08:02:38,IA44_m-glm4-9b_sol1_gd0_rs0_bd1_str-rigorous_t00_n1,514,2,1,zai-org/GLM-4-9B-0414,1,0,1,0,rigorous,0.0,10.0,0.0
2026-08-12 08:02:41,IA44_m-glm4-9b_sol1_gd0_rs0_bd1_str-rigorous_t00_n1,514,3,1,zai-org/GLM-4-9B-0414,1,0,1,0,rigorous,0.0,10.0,0.0
2026-08-12 08:02:51,IA44_m-glm4-9b_sol1_gd0_rs0_bd1_str-rigorous_t00_n1,515,1,1,zai-org/GLM-4-9B-0414,1,0,1,0,rigorous,0.0,22.0,3.0
2026-08-12 08:02:57,IA44_m-glm4-9b_sol1_gd0_rs0_bd1_str-rigorous_t00_n1,515,2,1,zai-org/GLM-4-9B-0414,1,0,1,0,rigorous,0.0,14.0,3.0
2026-08-12 08:03:05,IA44_m-glm4-9b_sol1_gd0_rs0_bd1_str-rigorous_t00_n1,515,3,1,zai-org/GLM-4-9B-0414,1,0,1,0,rigorous,0.0,19.0,0.0
2026-08-12 08:03:09,IA44_m-glm4-9b_sol1_gd0_rs0_bd1_str-rigorous_t00_n1,516,1,1,zai-org/GLM-4-9B-0414,1,0,1,0,rigorous,0.0,19.0,0.0
2026-08-12 08:03:14,IA44_m-glm4-9b_sol1_gd0_rs0_bd1_str-rigorous_t00_n1,516,2,1,zai-org/GLM-4-9B-0414,1,0,1,0,rigorous,0.0,14.0,3.0
2026-08-12 08:03:22,IA44_m-glm4-9b_sol1_gd0_rs0_bd1_str-rigorous_t00_n1,516,3,1,zai-org/GLM-4-9B-0414,1,0,1,0,rigorous,0.0,16.0,0.0
2026-08-12 08:03:30,IA44_m-glm4-9b_sol1_gd0_rs0_bd1_str-rigorous_t00_n1,517,1,1,zai-org/GLM-4-9B-0414,1,0,1,0,rigorous,0.0,19.0,0.0
2026-08-12 08:03:35,IA44_m-glm4-9b_sol1_gd0_rs0_bd1_str-rigorous_t00_n1,517,2,1,zai-org/GLM-4-9B-0414,1,0,1,0,rigorous,0.0,14.0,0.0
2026-08-12 08:03:43,IA44_m-glm4-9b_sol1_gd0_rs0_bd1_str-rigorous_t00_n1,517,3,1,zai-org/GLM-4-9B-0414,1,0,1,0,rigorous,0.0,14.0,0.0
2026-08-12 08:03:47,IA44_m-glm4-9b_sol1_gd0_rs0_bd1_str-rigorous_t00_n1,518,1,1,zai-org/GLM-4-9B-0414,1,0,1,0,rigorous,0.0,10.0,0.0
2026-08-12 08:03:53,IA44_m-glm4-9b_sol1_gd0_rs0_bd1_str-rigorous_t00_n1,518,2,1,zai-org/GLM-4-9B-0414,1,0,1,0,rigorous,0.0,14.0,0.0
2026-08-12 08:04:00,IA44_m-glm4-9b_sol1_gd0_rs0_bd1_str-rigorous_t00_n1,518,3,1,zai-org/GLM-4-9B-0414,1,0,1,0,rigorous,0.0,16.0,0.0
2026-08-12 08:04:11,IA44_m-glm4-9b_sol1_gd0_rs0_bd1_str-rigorous_t00_n1,519,1,1,zai-org/GLM-4-9B-0414,1,0,1,0,rigorous,0.0,22.0,3.0
2026-08-12 08:04:16,IA44_m-glm4-9b_sol1_gd0_rs0_bd1_str-rigorous_t00_n1,519,2,1,zai-org/GLM-4-9B-0414,1,0,1,0,rigorous,0.0,10.0,0.0
2026-08-12 08:04:24,IA44_m-glm4-9b_sol1_gd0_rs0_bd1_str-rigorous_t00_n1,519,3,1,zai-org/GLM-4-9B-0414,1,0,1,0,rigorous,0.0,19.0,0.0
2026-08-12 08:04:34,IA44_m-glm4-9b_sol1_gd0_rs0_bd1_str-rigorous_t00_n1,520,1,1,zai-org/GLM-4-9B-0414,1,0,1,0,rigorous,0.0,15.0,0.0
2026-08-12 08:04:39,IA44_m-glm4-9b_sol1_gd0_rs0_bd1_str-rigorous_t00_n1,520,2,1,zai-org/GLM-4-9B-0414,1,0,1,0,rigorous,0.0,14.0,3.0
2026-08-12 08:04:47,IA44_m-glm4-9b_sol1_gd0_rs0_bd1_str-rigorous_t00_n1,520,3,1,zai-org/GLM-4-9B-0414,1,0,1,0,rigorous,0.0,14.0,0.0
2026-08-12 08:04:58,IA44_m-glm4-9b_sol1_gd0_rs0_bd1_str-rigorous_t00_n1,521,1,1,zai-org/GLM-4-9B-0414,1,0,1,0,rigorous,0.0,15.0,0.0
2026-08-12 08:05:03,IA44_m-glm4-9b_sol1_gd0_rs0_bd1_str-rigorous_t00_n1,521,2,1,zai-org/GLM-4-9B-0414,1,0,1,0,rigorous,0.0,14.0,0.0
2026-08-12 08:05:10,IA44_m-glm4-9b_sol1_gd0_rs0_bd1_str-rigorous_t00_n1,521,3,1,zai-org/GLM-4-9B-0414,1,0,1,0,rigorous,0.0,0.0,0.0
2026-08-12 08:05:19,IA44_m-glm4-9b_sol1_gd0_rs0_bd1_str-rigorous_t00_n1,522,1,1,zai-org/GLM-4-9B-0414,1,0,1,0,rigorous,0.0,19.0,0.0
2026-08-12 08:05:25,IA44_m-glm4-9b_sol1_gd0_rs0_bd1_str-rigorous_t00_n1,522,2,1,zai-org/GLM-4-9B-0414,1,0,1,0,rigorous,0.0,14.0,3.0
2026-08-12 08:05:33,IA44_m-glm4-9b_sol1_gd0_rs0_bd1_str-rigorous_t00_n1,522,3,1,zai-org/GLM-4-9B-0414,1,0,1,0,rigorous,0.0,16.0,0.0
2026-08-12 08:05:43,IA44_m-glm4-9b_sol1_gd0_rs0_bd1_str-rigorous_t00_n1,523,1,1,zai-org/GLM-4-9B-0414,1,0,1,0,rigorous,0.0,15.0,0.0
2026-08-12 08:05:49,IA44_m-glm4-9b_sol1_gd0_rs0_bd1_str-rigorous_t00_n1,523,2,1,zai-org/GLM-4-9B-0414,1,0,1,0,rigorous,0.0,14.0,0.0
2026-08-12 08:05:58,IA44_m-glm4-9b_sol1_gd0_rs0_bd1_str-rigorous_t00_n1,523,3,1,zai-org/GLM-4-9B-0414,1,0,1,0,rigorous,0.0,14.0,0.0
2026-08-12 08:06:02,IA44_m-glm4-9b_sol1_gd0_rs0_bd1_str-rigorous_t00_n1,524,1,1,zai-org/GLM-4-9B-0414,1,0,1,0,rigorous,0.0,15.0,0.0
2026-08-12 08:06:07,IA44_m-glm4-9b_sol1_gd0_rs0_bd1_str-rigorous_t00_n1,524,2,1,zai-org/GLM-4-9B-0414,1,0,1,0,rigorous,0.0,14.0,3.0
2026-08-12 08:06:15,IA44_m-glm4-9b_sol1_gd0_rs0_bd1_str-rigorous_t00_n1,524,3,1,zai-org/GLM-4-9B-0414,1,0,1,0,rigorous,0.0,19.0,0.0
2026-08-12 08:06:24,IA44_m-glm4-9b_sol1_gd0_rs0_bd1_str-rigorous_t00_n1,525,1,1,zai-org/GLM-4-9B-0414,1,0,1,0,rigorous,0.0,12.0,0.0
2026-08-12 08:06:30,IA44_m-glm4-9b_sol1_gd0_rs0_bd1_str-rigorous_t00_n1,525,2,1,zai-org/GLM-4-9B-0414,1,0,1,0,rigorous,0.0,14.0,0.0
2026-08-12 08:06:35,IA44_m-glm4-9b_sol1_gd0_rs0_bd1_str-rigorous_t00_n1,525,3,1,zai-org/GLM-4-9B-0414,1,0,1,0,rigorous,0.0,10.0,0.0
2026-08-12 08:06:43,IA44_m-glm4-9b_sol1_gd0_rs0_bd1_str-rigorous_t00_n1,526,1,1,zai-org/GLM-4-9B-0414,1,0,1,0,rigorous,0.0,15.0,0.0
2026-08-12 08:06:50,IA44_m-glm4-9b_sol1_gd0_rs0_bd1_str-rigorous_t00_n1,526,2,1,zai-org/GLM-4-9B-0414,1,0,1,0,rigorous,0.0,14.0,0.0
2026-08-12 08:06:59,IA44_m-glm4-9b_sol1_gd0_rs0_bd1_str-rigorous_t00_n1,526,3,1,zai-org/GLM-4-9B-0414,1,0,1,0,rigorous,0.0,10.0,0.0
2026-08-12 08:07:09,IA44_m-glm4-9b_sol1_gd0_rs0_bd1_str-rigorous_t00_n1,527,1,1,zai-org/GLM-4-9B-0414,1,0,1,0,rigorous,0.0,10.0,0.0
2026-08-12 08:07:14,IA44_m-glm4-9b_sol1_gd0_rs0_bd1_str-rigorous_t00_n1,527,2,1,zai-org/GLM-4-9B-0414,1,0,1,0,rigorous,0.0,14.0,0.0
2026-08-12 08:07:22,IA44_m-glm4-9b_sol1_gd0_rs0_bd1_str-rigorous_t00_n1,527,3,1,zai-org/GLM-4-9B-0414,1,0,1,0,rigorous,0.0,10.0,0.0
2026-08-12 08:07:30,IA44_m-glm4-9b_sol1_gd0_rs0_bd1_str-rigorous_t00_n1,528,1,1,zai-org/GLM-4-9B-0414,1,0,1,0,rigorous,0.0,10.0,0.0
2026-08-12 08:07:36,IA44_m-glm4-9b_sol1_gd0_rs0_bd1_str-rigorous_t00_n1,528,2,1,zai-org/GLM-4-9B-0414,1,0,1,0,rigorous,0.0,14.0,0.0
2026-08-12 08:07:44,IA44_m-glm4-9b_sol1_gd0_rs0_bd1_str-rigorous_t00_n1,528,3,1,zai-org/GLM-4-9B-0414,1,0,1,0,rigorous,0.0,14.0,0.0
2026-08-12 08:07:52,IA44_m-glm4-9b_sol1_gd0_rs0_bd1_str-rigorous_t00_n1,529,1,1,zai-org/GLM-4-9B-0414,1,0,1,0,rigorous,0.0,16.0,0.0
2026-08-12 08:07:57,IA44_m-glm4-9b_sol1_gd0_rs0_bd1_str-rigorous_t00_n1,529,2,1,zai-org/GLM-4-9B-0414,1,0,1,0,rigorous,0.0,14.0,0.0
2026-08-12 08:08:06,IA44_m-glm4-9b_sol1_gd0_rs0_bd1_str-rigorous_t00_n1,529,3,1,zai-org/GLM-4-9B-0414,1,0,1,0,rigorous,0.0,16.0,0.0
2026-08-12 08:08:16,IA44_m-glm4-9b_sol1_gd0_rs0_bd1_str-rigorous_t00_n1,530,1,1,zai-org/GLM-4-9B-0414,1,0,1,0,rigorous,0.0,18.0,0.0
2026-08-12 08:08:21,IA44_m-glm4-9b_sol1_gd0_rs0_bd1_str-rigorous_t00_n1,530,2,1,zai-org/GLM-4-9B-0414,1,0,1,0,rigorous,0.0,14.0,0.0
2026-08-12 08:08:29,IA44_m-glm4-9b_sol1_gd0_rs0_bd1_str-rigorous_t00_n1,530,3,1,zai-org/GLM-4-9B-0414,1,0,1,0,rigorous,0.0,16.0,0.0
2026-08-12 08:08:32,IA44_m-glm4-9b_sol1_gd0_rs0_bd1_str-rigorous_t00_n1,531,1,1,zai-org/GLM-4-9B-0414,1,0,1,0,rigorous,0.0,15.0,0.0
2026-08-12 08:08:39,IA44_m-glm4-9b_sol1_gd0_rs0_bd1_str-rigorous_t00_n1,531,2,1,zai-org/GLM-4-9B-0414,1,0,1,0,rigorous,0.0,13.0,3.0
2026-08-12 08:08:47,IA44_m-glm4-9b_sol1_gd0_rs0_bd1_str-rigorous_t00_n1,531,3,1,zai-org/GLM-4-9B-0414,1,0,1,0,rigorous,0.0,10.0,0.0
2026-08-12 08:08:57,IA44_m-glm4-9b_sol1_gd0_rs0_bd1_str-rigorous_t00_n1,532,1,1,zai-org/GLM-4-9B-0414,1,0,1,0,rigorous,0.0,18.0,0.0
2026-08-12 08:09:02,IA44_m-glm4-9b_sol1_gd0_rs0_bd1_str-rigorous_t00_n1,532,2,1,zai-org/GLM-4-9B-0414,1,0,1,0,rigorous,0.0,14.0,0.0
2026-08-12 08:09:11,IA44_m-glm4-9b_sol1_gd0_rs0_bd1_str-rigorous_t00_n1,532,3,1,zai-org/GLM-4-9B-0414,1,0,1,0,rigorous,0.0,16.0,0.0
2026-08-12 08:09:20,IA44_m-glm4-9b_sol1_gd0_rs0_bd1_str-rigorous_t00_n1,533,1,1,zai-org/GLM-4-9B-0414,1,0,1,0,rigorous,0.0,15.0,0.0
2026-08-12 08:09:25,IA44_m-glm4-9b_sol1_gd0_rs0_bd1_str-rigorous_t00_n1,533,2,1,zai-org/GLM-4-9B-0414,1,0,1,0,rigorous,0.0,14.0,0.0
2026-08-12 08:09:33,IA44_m-glm4-9b_sol1_gd0_rs0_bd1_str-rigorous_t00_n1,533,3,1,zai-org/GLM-4-9B-0414,1,0,1,0,rigorous,0.0,14.0,0.0
2026-08-12 08:09:41,IA44_m-glm4-9b_sol1_gd0_rs0_bd1_str-rigorous_t00_n1,534,1,1,zai-org/GLM-4-9B-0414,1,0,1,0,rigorous,0.0,10.0,0.0
2026-08-12 08:09:47,IA44_m-glm4-9b_sol1_gd0_rs0_bd1_str-rigorous_t00_n1,534,2,1,zai-org/GLM-4-9B-0414,1,0,1,0,rigorous,0.0,14.0,0.0
2026-08-12 08:09:55,IA44_m-glm4-9b_sol1_gd0_rs0_bd1_str-rigorous_t00_n1,534,3,1,zai-org/GLM-4-9B-0414,1,0,1,0,rigorous,0.0,10.0,0.0
2026-08-12 08:10:05,IA44_m-glm4-9b_sol1_gd0_rs0_bd1_str-rigorous_t00_n1,535,1,1,zai-org/GLM-4-9B-0414,1,0,1,0,rigorous,0.0,15.0,0.0
2026-08-12 08:10:11,IA44_m-glm4-9b_sol1_gd0_rs0_bd1_str-rigorous_t00_n1,535,2,1,zai-org/GLM-4-9B-0414,1,0,1,0,rigorous,0.0,14.0,0.0
2026-08-12 08:10:20,IA44_m-glm4-9b_sol1_gd0_rs0_bd1_str-rigorous_t00_n1,535,3,1,zai-org/GLM-4-9B-0414,1,0,1,0,rigorous,0.0,10.0,0.0
2026-08-12 08:10:29,IA44_m-glm4-9b_sol1_gd0_rs0_bd1_str-rigorous_t00_n1,536,1,1,zai-org/GLM-4-9B-0414,1,0,1,0,rigorous,0.0,15.0,0.0
2026-08-12 08:10:34,IA44_m-glm4-9b_sol1_gd0_rs0_bd1_str-rigorous_t00_n1,536,2,1,zai-org/GLM-4-9B-0414,1,0,1,0,rigorous,0.0,14.0,0.0
2026-08-12 08:10:42,IA44_m-glm4-9b_sol1_gd0_rs0_bd1_str-rigorous_t00_n1,536,3,1,zai-org/GLM-4-9B-0414,1,0,1,0,rigorous,0.0,10.0,0.0
2026-08-12 08:10:52,IA44_m-glm4-9b_sol1_gd0_rs0_bd1_str-rigorous_t00_n1,537,1,1,zai-org/GLM-4-9B-0414,1,0,1,0,rigorous,0.0,10.0,0.0
2026-08-12 08:10:57,IA44_m-glm4-9b_sol1_gd0_rs0_bd1_str-rigorous_t00_n1,537,2,1,zai-org/GLM-4-9B-0414,1,0,1,0,rigorous,0.0,14.0,0.0
2026-08-12 08:11:05,IA44_m-glm4-9b_sol1_gd0_rs0_bd1_str-rigorous_t00_n1,537,3,1,zai-org/GLM-4-9B-0414,1,0,1,0,rigorous,0.0,10.0,0.0
2026-08-12 08:11:15,IA44_m-glm4-9b_sol1_gd0_rs0_bd1_str-rigorous_t00_n1,538,1,1,zai-org/GLM-4-9B-0414,1,0,1,0,rigorous,0.0,19.0,0.0
2026-08-12 08:11:20,IA44_m-glm4-9b_sol1_gd0_rs0_bd1_str-rigorous_t00_n1,538,2,1,zai-org/GLM-4-9B-0414,1,0,1,0,rigorous,0.0,14.0,0.0
2026-08-12 08:11:24,IA44_m-glm4-9b_sol1_gd0_rs0_bd1_str-rigorous_t00_n1,538,3,1,zai-org/GLM-4-9B-0414,1,0,1,0,rigorous,0.0,16.0,0.0
2026-08-12 08:11:33,IA44_m-glm4-9b_sol1_gd0_rs0_bd1_str-rigorous_t00_n1,539,1,1,zai-org/GLM-4-9B-0414,1,0,1,0,rigorous,0.0,15.0,0.0
2026-08-12 08:11:38,IA44_m-glm4-9b_sol1_gd0_rs0_bd1_str-rigorous_t00_n1,539,2,1,zai-org/GLM-4-9B-0414,1,0,1,0,rigorous,0.0,14.0,0.0
2026-08-12 08:11:46,IA44_m-glm4-9b_sol1_gd0_rs0_bd1_str-rigorous_t00_n1,539,3,1,zai-org/GLM-4-9B-0414,1,0,1,0,rigorous,0.0,14.0,0.0
2026-08-12 08:11:55,IA44_m-glm4-9b_sol1_gd0_rs0_bd1_str-rigorous_t00_n1,540,1,1,zai-org/GLM-4-9B-0414,1,0,1,0,rigorous,0.0,15.0,0.0
2026-08-12 08:12:00,IA44_m-glm4-9b_sol1_gd0_rs0_bd1_str-rigorous_t00_n1,540,2,1,zai-org/GLM-4-9B-0414,1,0,1,0,rigorous,0.0,10.0,0.0
2026-08-12 08:12:08,IA44_m-glm4-9b_sol1_gd0_rs0_bd1_str-rigorous_t00_n1,540,3,1,zai-org/GLM-4-9B-0414,1,0,1,0,rigorous,0.0,14.0,0.0
2026-08-12 08:12:16,IA44_m-glm4-9b_sol1_gd0_rs0_bd1_str-rigorous_t00_n1,541,1,1,zai-org/GLM-4-9B-0414,1,0,1,0,rigorous,0.0,15.0,0.0
2026-08-12 08:12:22,IA44_m-glm4-9b_sol1_gd0_rs0_bd1_str-rigorous_t00_n1,541,2,1,zai-org/GLM-4-9B-0414,1,0,1,0,rigorous,0.0,14.0,0.0
2026-08-12 08:12:30,IA44_m-glm4-9b_sol1_gd0_rs0_bd1_str-rigorous_t00_n1,541,3,1,zai-org/GLM-4-9B-0414,1,0,1,0,rigorous,0.0,14.0,0.0
2026-08-12 08:12:39,IA44_m-glm4-9b_sol1_gd0_rs0_bd1_str-rigorous_t00_n1,542,1,1,zai-org/GLM-4-9B-0414,1,0,1,0,rigorous,0.0,18.0,0.0
2026-08-12 08:12:45,IA44_m-glm4-9b_sol1_gd0_rs0_bd1_str-rigorous_t00_n1,542,2,1,zai-org/GLM-4-9B-0414,1,0,1,0,rigorous,0.0,14.0,0.0
2026-08-12 08:12:52,IA44_m-glm4-9b_sol1_gd0_rs0_bd1_str-rigorous_t00_n1,542,3,1,zai-org/GLM-4-9B-0414,1,0,1,0,rigorous,0.0,14.0,0.0
2026-08-12 08:13:02,IA44_m-glm4-9b_sol1_gd0_rs0_bd1_str-rigorous_t00_n1,543,1,1,zai-org/GLM-4-9B-0414,1,0,1,0,rigorous,0.0,10.0,0.0
2026-08-12 08:13:07,IA44_m-glm4-9b_sol1_gd0_rs0_bd1_str-rigorous_t00_n1,543,2,1,zai-org/GLM-4-9B-0414,1,0,1,0,rigorous,0.0,10.0,0.0
2026-08-12 08:13:15,IA44_m-glm4-9b_sol1_gd0_rs0_bd1_str-rigorous_t00_n1,543,3,1,zai-org/GLM-4-9B-0414,1,0,1,0,rigorous,0.0,16.0,0.0
2026-08-12 08:13:25,IA44_m-glm4-9b_sol1_gd0_rs0_bd1_str-rigorous_t00_n1,544,1,1,zai-org/GLM-4-9B-0414,1,0,1,0,rigorous,0.0,15.0,0.0
2026-08-12 08:13:30,IA44_m-glm4-9b_sol1_gd0_rs0_bd1_str-rigorous_t00_n1,544,2,1,zai-org/GLM-4-9B-0414,1,0,1,0,rigorous,0.0,14.0,0.0
2026-08-12 08:13:38,IA44_m-glm4-9b_sol1_gd0_rs0_bd1_str-rigorous_t00_n1,544,3,1,zai-org/GLM-4-9B-0414,1,0,1,0,rigorous,0.0,10.0,0.0
2026-08-12 08:13:47,IA44_m-glm4-9b_sol1_gd0_rs0_bd1_str-rigorous_t00_n1,545,1,1,zai-org/GLM-4-9B-0414,1,0,1,0,rigorous,0.0,18.0,0.0
2026-08-12 08:13:52,IA44_m-glm4-9b_sol1_gd0_rs0_bd1_str-rigorous_t00_n1,545,2,1,zai-org/GLM-4-9B-0414,1,0,1,0,rigorous,0.0,14.0,0.0
2026-08-12 08:14:00,IA44_m-glm4-9b_sol1_gd0_rs0_bd1_str-rigorous_t00_n1,545,3,1,zai-org/GLM-4-9B-0414,1,0,1,0,rigorous,0.0,10.0,0.0
2026-08-12 08:14:09,IA44_m-glm4-9b_sol1_gd0_rs0_bd1_str-rigorous_t00_n1,546,1,1,zai-org/GLM-4-9B-0414,1,0,1,0,rigorous,0.0,15.0,0.0
2026-08-12 08:14:15,IA44_m-glm4-9b_sol1_gd0_rs0_bd1_str-rigorous_t00_n1,546,2,1,zai-org/GLM-4-9B-0414,1,0,1,0,rigorous,0.0,14.0,3.0
2026-08-12 08:14:23,IA44_m-glm4-9b_sol1_gd0_rs0_bd1_str-rigorous_t00_n1,546,3,1,zai-org/GLM-4-9B-0414,1,0,1,0,rigorous,0.0,14.0,0.0
2026-08-12 08:14:32,IA44_m-glm4-9b_sol1_gd0_rs0_bd1_str-rigorous_t00_n1,547,1,1,zai-org/GLM-4-9B-0414,1,0,1,0,rigorous,0.0,0.0,0.0
2026-08-12 08:14:38,IA44_m-glm4-9b_sol1_gd0_rs0_bd1_str-rigorous_t00_n1,547,2,1,zai-org/GLM-4-9B-0414,1,0,1,0,rigorous,0.0,14.0,0.0
2026-08-12 08:14:45,IA44_m-glm4-9b_sol1_gd0_rs0_bd1_str-rigorous_t00_n1,547,3,1,zai-org/GLM-4-9B-0414,1,0,1,0,rigorous,0.0,10.0,0.0
2026-08-12 08:14:55,IA44_m-glm4-9b_sol1_gd0_rs0_bd1_str-rigorous_t00_n1,548,1,1,zai-org/GLM-4-9B-0414,1,0,1,0,rigorous,0.0,10.0,0.0
2026-08-12 08:15:01,IA44_m-glm4-9b_sol1_gd0_rs0_bd1_str-rigorous_t00_n1,548,2,1,zai-org/GLM-4-9B-0414,1,0,1,0,rigorous,0.0,10.0,0.0
2026-08-12 08:15:09,IA44_m-glm4-9b_sol1_gd0_rs0_bd1_str-rigorous_t00_n1,548,3,1,zai-org/GLM-4-9B-0414,1,0,1,0,rigorous,0.0,10.0,0.0
2026-08-12 08:15:19,IA44_m-glm4-9b_sol1_gd0_rs0_bd1_str-rigorous_t00_n1,549,1,1,zai-org/GLM-4-9B-0414,1,0,1,0,rigorous,0.0,10.0,0.0
2026-08-12 08:15:25,IA44_m-glm4-9b_sol1_gd0_rs0_bd1_str-rigorous_t00_n1,549,2,1,zai-org/GLM-4-9B-0414,1,0,1,0,rigorous,0.0,14.0,0.0
2026-08-12 08:15:33,IA44_m-glm4-9b_sol1_gd0_rs0_bd1_str-rigorous_t00_n1,549,3,1,zai-org/GLM-4-9B-0414,1,0,1,0,rigorous,0.0,10.0,0.0
2026-08-12 08:15:43,IA44_m-glm4-9b_sol1_gd0_rs0_bd1_str-rigorous_t00_n1,550,1,1,zai-org/GLM-4-9B-0414,1,0,1,0,rigorous,0.0,15.0,0.0
2026-08-12 08:15:48,IA44_m-glm4-9b_sol1_gd0_rs0_bd1_str-rigorous_t00_n1,550,2,1,zai-org/GLM-4-9B-0414,1,0,1,0,rigorous,0.0,14.0,0.0
2026-08-12 08:15:56,IA44_m-glm4-9b_sol1_gd0_rs0_bd1_str-rigorous_t00_n1,550,3,1,zai-org/GLM-4-9B-0414,1,0,1,0,rigorous,0.0,14.0,0.0
2026-08-12 08:16:05,IA44_m-glm4-9b_sol1_gd0_rs0_bd1_str-rigorous_t00_n1,551,1,1,zai-org/GLM-4-9B-0414,1,0,1,0,rigorous,0.0,10.0,0.0
2026-08-12 08:16:10,IA44_m-glm4-9b_sol1_gd0_rs0_bd1_str-rigorous_t00_n1,551,2,1,zai-org/GLM-4-9B-0414,1,0,1,0,rigorous,0.0,14.0,0.0
2026-08-12 08:16:18,IA44_m-glm4-9b_sol1_gd0_rs0_bd1_str-rigorous_t00_n1,551,3,1,zai-org/GLM-4-9B-0414,1,0,1,0,rigorous,0.0,10.0,0.0
2026-08-12 08:16:28,IA44_m-glm4-9b_sol1_gd0_rs0_bd1_str-rigorous_t00_n1,552,1,1,zai-org/GLM-4-9B-0414,1,0,1,0,rigorous,0.0,18.0,0.0
2026-08-12 08:16:33,IA44_m-glm4-9b_sol1_gd0_rs0_bd1_str-rigorous_t00_n1,552,2,1,zai-org/GLM-4-9B-0414,1,0,1,0,rigorous,0.0,14.0,0.0
2026-08-12 08:16:41,IA44_m-glm4-9b_sol1_gd0_rs0_bd1_str-rigorous_t00_n1,552,3,1,zai-org/GLM-4-9B-0414,1,0,1,0,rigorous,0.0,14.0,0.0
2026-08-12 08:16:49,IA44_m-glm4-9b_sol1_gd0_rs0_bd1_str-rigorous_t00_n1,553,1,1,zai-org/GLM-4-9B-0414,1,0,1,0,rigorous,0.0,10.0,0.0
2026-08-12 08:16:54,IA44_m-glm4-9b_sol1_gd0_rs0_bd1_str-rigorous_t00_n1,553,2,1,zai-org/GLM-4-9B-0414,1,0,1,0,rigorous,0.0,10.0,0.0
2026-08-12 08:17:02,IA44_m-glm4-9b_sol1_gd0_rs0_bd1_str-rigorous_t00_n1,553,3,1,zai-org/GLM-4-9B-0414,1,0,1,0,rigorous,0.0,10.0,0.0
2026-08-12 08:17:10,IA44_m-glm4-9b_sol1_gd0_rs0_bd1_str-rigorous_t00_n1,554,1,1,zai-org/GLM-4-9B-0414,1,0,1,0,rigorous,0.0,19.0,0.0
2026-08-12 08:17:15,IA44_m-glm4-9b_sol1_gd0_rs0_bd1_str-rigorous_t00_n1,554,2,1,zai-org/GLM-4-9B-0414,1,0,1,0,rigorous,0.0,10.0,0.0
2026-08-12 08:17:23,IA44_m-glm4-9b_sol1_gd0_rs0_bd1_str-rigorous_t00_n1,554,3,1,zai-org/GLM-4-9B-0414,1,0,1,0,rigorous,0.0,16.0,0.0
2026-08-12 08:17:32,IA44_m-glm4-9b_sol1_gd0_rs0_bd1_str-rigorous_t00_n1,555,1,1,zai-org/GLM-4-9B-0414,1,0,1,0,rigorous,0.0,15.0,0.0
2026-08-12 08:17:38,IA44_m-glm4-9b_sol1_gd0_rs0_bd1_str-rigorous_t00_n1,555,2,1,zai-org/GLM-4-9B-0414,1,0,1,0,rigorous,0.0,14.0,0.0
2026-08-12 08:17:42,IA44_m-glm4-9b_sol1_gd0_rs0_bd1_str-rigorous_t00_n1,555,3,1,zai-org/GLM-4-9B-0414,1,0,1,0,rigorous,0.0,10.0,0.0
2026-08-12 08:17:46,IA44_m-glm4-9b_sol1_gd0_rs0_bd1_str-rigorous_t00_n1,556,1,1,zai-org/GLM-4-9B-0414,1,0,1,0,rigorous,0.0,19.0,0.0
2026-08-12 08:17:51,IA44_m-glm4-9b_sol1_gd0_rs0_bd1_str-rigorous_t00_n1,556,2,1,zai-org/GLM-4-9B-0414,1,0,1,0,rigorous,0.0,14.0,0.0
2026-08-12 08:17:59,IA44_m-glm4-9b_sol1_gd0_rs0_bd1_str-rigorous_t00_n1,556,3,1,zai-org/GLM-4-9B-0414,1,0,1,0,rigorous,0.0,14.0,0.0
2026-08-12 08:18:08,IA44_m-glm4-9b_sol1_gd0_rs0_bd1_str-rigorous_t00_n1,557,1,1,zai-org/GLM-4-9B-0414,1,0,1,0,rigorous,0.0,18.0,0.0
2026-08-12 08:18:14,IA44_m-glm4-9b_sol1_gd0_rs0_bd1_str-rigorous_t00_n1,557,2,1,zai-org/GLM-4-9B-0414,1,0,1,0,rigorous,0.0,14.0,0.0
2026-08-12 08:18:23,IA44_m-glm4-9b_sol1_gd0_rs0_bd1_str-rigorous_t00_n1,557,3,1,zai-org/GLM-4-9B-0414,1,0,1,0,rigorous,0.0,14.0,0.0
2026-08-12 08:18:26,IA44_m-glm4-9b_sol1_gd0_rs0_bd1_str-rigorous_t00_n1,558,1,1,zai-org/GLM-4-9B-0414,1,0,1,0,rigorous,0.0,15.0,0.0
2026-08-12 08:18:31,IA44_m-glm4-9b_sol1_gd0_rs0_bd1_str-rigorous_t00_n1,558,2,1,zai-org/GLM-4-9B-0414,1,0,1,0,rigorous,0.0,14.0,0.0
2026-08-12 08:18:35,IA44_m-glm4-9b_sol1_gd0_rs0_bd1_str-rigorous_t00_n1,558,3,1,zai-org/GLM-4-9B-0414,1,0,1,0,rigorous,0.0,14.0,0.0
2026-08-12 08:18:45,IA44_m-glm4-9b_sol1_gd0_rs0_bd1_str-rigorous_t00_n1,559,1,1,zai-org/GLM-4-9B-0414,1,0,1,0,rigorous,0.0,14.0,0.0
2026-08-12 08:18:50,IA44_m-glm4-9b_sol1_gd0_rs0_bd1_str-rigorous_t00_n1,559,2,1,zai-org/GLM-4-9B-0414,1,0,1,0,rigorous,0.0,14.0,0.0
2026-08-12 08:18:58,IA44_m-glm4-9b_sol1_gd0_rs0_bd1_str-rigorous_t00_n1,559,3,1,zai-org/GLM-4-9B-0414,1,0,1,0,rigorous,0.0,10.0,0.0
2026-08-12 08:19:07,IA44_m-glm4-9b_sol1_gd0_rs0_bd1_str-rigorous_t00_n1,560,1,1,zai-org/GLM-4-9B-0414,1,0,1,0,rigorous,0.0,19.0,0.0
2026-08-12 08:19:13,IA44_m-glm4-9b_sol1_gd0_rs0_bd1_str-rigorous_t00_n1,560,2,1,zai-org/GLM-4-9B-0414,1,0,1,0,rigorous,0.0,14.0,0.0
2026-08-12 08:19:21,IA44_m-glm4-9b_sol1_gd0_rs0_bd1_str-rigorous_t00_n1,560,3,1,zai-org/GLM-4-9B-0414,1,0,1,0,rigorous,0.0,16.0,0.0
2026-08-12 08:19:25,IA44_m-glm4-9b_sol1_gd0_rs0_bd1_str-rigorous_t00_n1,561,1,1,zai-org/GLM-4-9B-0414,1,0,1,0,rigorous,0.0,18.0,0.0
2026-08-12 08:19:31,IA44_m-glm4-9b_sol1_gd0_rs0_bd1_str-rigorous_t00_n1,561,2,1,zai-org/GLM-4-9B-0414,1,0,1,0,rigorous,0.0,14.0,3.0
2026-08-12 08:19:38,IA44_m-glm4-9b_sol1_gd0_rs0_bd1_str-rigorous_t00_n1,561,3,1,zai-org/GLM-4-9B-0414,1,0,1,0,rigorous,0.0,16.0,0.0
2026-08-12 08:19:42,IA44_m-glm4-9b_sol1_gd0_rs0_bd1_str-rigorous_t00_n1,562,1,1,zai-org/GLM-4-9B-0414,1,0,1,0,rigorous,0.0,15.0,0.0
2026-08-12 08:19:49,IA44_m-glm4-9b_sol1_gd0_rs0_bd1_str-rigorous_t00_n1,562,2,1,zai-org/GLM-4-9B-0414,1,0,1,0,rigorous,0.0,14.0,0.0
2026-08-12 08:19:54,IA44_m-glm4-9b_sol1_gd0_rs0_bd1_str-rigorous_t00_n1,562,3,1,zai-org/GLM-4-9B-0414,1,0,1,0,rigorous,0.0,16.0,0.0
2026-08-12 08:19:58,IA44_m-glm4-9b_sol1_gd0_rs0_bd1_str-rigorous_t00_n1,563,1,1,zai-org/GLM-4-9B-0414,1,0,1,0,rigorous,0.0,22.0,0.0
2026-08-12 08:20:04,IA44_m-glm4-9b_sol1_gd0_rs0_bd1_str-rigorous_t00_n1,563,2,1,zai-org/GLM-4-9B-0414,1,0,1,0,rigorous,0.0,14.0,3.0
2026-08-12 08:20:12,IA44_m-glm4-9b_sol1_gd0_rs0_bd1_str-rigorous_t00_n1,563,3,1,zai-org/GLM-4-9B-0414,1,0,1,0,rigorous,0.0,16.0,0.0
2026-08-12 08:20:20,IA44_m-glm4-9b_sol1_gd0_rs0_bd1_str-rigorous_t00_n1,564,1,1,zai-org/GLM-4-9B-0414,1,0,1,0,rigorous,0.0,10.0,0.0
2026-08-12 08:20:26,IA44_m-glm4-9b_sol1_gd0_rs0_bd1_str-rigorous_t00_n1,564,2,1,zai-org/GLM-4-9B-0414,1,0,1,0,rigorous,0.0,14.0,0.0
2026-08-12 08:20:34,IA44_m-glm4-9b_sol1_gd0_rs0_bd1_str-rigorous_t00_n1,564,3,1,zai-org/GLM-4-9B-0414,1,0,1,0,rigorous,0.0,10.0,0.0
2026-08-12 08:20:44,IA44_m-glm4-9b_sol1_gd0_rs0_bd1_str-rigorous_t00_n1,565,1,1,zai-org/GLM-4-9B-0414,1,0,1,0,rigorous,0.0,18.0,0.0
2026-08-12 08:20:50,IA44_m-glm4-9b_sol1_gd0_rs0_bd1_str-rigorous_t00_n1,565,2,1,zai-org/GLM-4-9B-0414,1,0,1,0,rigorous,0.0,14.0,0.0
2026-08-12 08:20:55,IA44_m-glm4-9b_sol1_gd0_rs0_bd1_str-rigorous_t00_n1,565,3,1,zai-org/GLM-4-9B-0414,1,0,1,0,rigorous,0.0,16.0,0.0
2026-08-12 08:20:58,IA44_m-glm4-9b_sol1_gd0_rs0_bd1_str-rigorous_t00_n1,566,1,1,zai-org/GLM-4-9B-0414,1,0,1,0,rigorous,0.0,15.0,0.0
2026-08-12 08:21:03,IA44_m-glm4-9b_sol1_gd0_rs0_bd1_str-rigorous_t00_n1,566,2,1,zai-org/GLM-4-9B-0414,1,0,1,0,rigorous,0.0,10.0,0.0
2026-08-12 08:21:11,IA44_m-glm4-9b_sol1_gd0_rs0_bd1_str-rigorous_t00_n1,566,3,1,zai-org/GLM-4-9B-0414,1,0,1,0,rigorous,0.0,10.0,0.0
2026-08-12 08:21:21,IA44_m-glm4-9b_sol1_gd0_rs0_bd1_str-rigorous_t00_n1,567,1,1,zai-org/GLM-4-9B-0414,1,0,1,0,rigorous,0.0,15.0,0.0
2026-08-12 08:21:26,IA44_m-glm4-9b_sol1_gd0_rs0_bd1_str-rigorous_t00_n1,567,2,1,zai-org/GLM-4-9B-0414,1,0,1,0,rigorous,0.0,14.0,0.0
2026-08-12 08:21:35,IA44_m-glm4-9b_sol1_gd0_rs0_bd1_str-rigorous_t00_n1,567,3,1,zai-org/GLM-4-9B-0414,1,0,1,0,rigorous,0.0,16.0,0.0
2026-08-12 08:21:45,IA44_m-glm4-9b_sol1_gd0_rs0_bd1_str-rigorous_t00_n1,568,1,1,zai-org/GLM-4-9B-0414,1,0,1,0,rigorous,0.0,15.0,0.0
2026-08-12 08:21:51,IA44_m-glm4-9b_sol1_gd0_rs0_bd1_str-rigorous_t00_n1,568,2,1,zai-org/GLM-4-9B-0414,1,0,1,0,rigorous,0.0,14.0,0.0
2026-08-12 08:21:59,IA44_m-glm4-9b_sol1_gd0_rs0_bd1_str-rigorous_t00_n1,568,3,1,zai-org/GLM-4-9B-0414,1,0,1,0,rigorous,0.0,10.0,0.0
2026-08-12 08:22:08,IA44_m-glm4-9b_sol1_gd0_rs0_bd1_str-rigorous_t00_n1,569,1,1,zai-org/GLM-4-9B-0414,1,0,1,0,rigorous,0.0,19.0,0.0
2026-08-12 08:22:14,IA44_m-glm4-9b_sol1_gd0_rs0_bd1_str-rigorous_t00_n1,569,2,1,zai-org/GLM-4-9B-0414,1,0,1,0,rigorous,0.0,14.0,0.0
2026-08-12 08:22:22,IA44_m-glm4-9b_sol1_gd0_rs0_bd1_str-rigorous_t00_n1,569,3,1,zai-org/GLM-4-9B-0414,1,0,1,0,rigorous,0.0,16.0,0.0
2026-08-12 08:22:25,IA44_m-glm4-9b_sol1_gd0_rs0_bd1_str-rigorous_t00_n1,570,1,1,zai-org/GLM-4-9B-0414,1,0,1,0,rigorous,0.0,15.0,0.0
2026-08-12 08:22:31,IA44_m-glm4-9b_sol1_gd0_rs0_bd1_str-rigorous_t00_n1,570,2,1,zai-org/GLM-4-9B-0414,1,0,1,0,rigorous,0.0,14.0,0.0
2026-08-12 08:22:40,IA44_m-glm4-9b_sol1_gd0_rs0_bd1_str-rigorous_t00_n1,570,3,1,zai-org/GLM-4-9B-0414,1,0,1,0,rigorous,0.0,14.0,0.0
2026-08-12 08:22:50,IA44_m-glm4-9b_sol1_gd0_rs0_bd1_str-rigorous_t00_n1,571,1,1,zai-org/GLM-4-9B-0414,1,0,1,0,rigorous,0.0,10.0,0.0
2026-08-12 08:22:56,IA44_m-glm4-9b_sol1_gd0_rs0_bd1_str-rigorous_t00_n1,571,2,1,zai-org/GLM-4-9B-0414,1,0,1,0,rigorous,0.0,10.0,0.0
2026-08-12 08:23:05,IA44_m-glm4-9b_sol1_gd0_rs0_bd1_str-rigorous_t00_n1,571,3,1,zai-org/GLM-4-9B-0414,1,0,1,0,rigorous,0.0,10.0,0.0
2026-08-12 08:23:14,IA44_m-glm4-9b_sol1_gd0_rs0_bd1_str-rigorous_t00_n1,572,1,1,zai-org/GLM-4-9B-0414,1,0,1,0,rigorous,0.0,22.0,0.0
2026-08-12 08:23:20,IA44_m-glm4-9b_sol1_gd0_rs0_bd1_str-rigorous_t00_n1,572,2,1,zai-org/GLM-4-9B-0414,1,0,1,0,rigorous,0.0,14.0,3.0
2026-08-12 08:23:28,IA44_m-glm4-9b_sol1_gd0_rs0_bd1_str-rigorous_t00_n1,573,1,1,zai-org/GLM-4-9B-0414,1,0,1,0,rigorous,0.0,10.0,0.0
2026-08-12 08:23:34,IA44_m-glm4-9b_sol1_gd0_rs0_bd1_str-rigorous_t00_n1,573,2,1,zai-org/GLM-4-9B-0414,1,0,1,0,rigorous,0.0,14.0,3.0
2026-08-12 08:23:38,IA44_m-glm4-9b_sol1_gd0_rs0_bd1_str-rigorous_t00_n1,574,1,1,zai-org/GLM-4-9B-0414,1,0,1,0,rigorous,0.0,19.0,0.0
2026-08-12 08:23:44,IA44_m-glm4-9b_sol1_gd0_rs0_bd1_str-rigorous_t00_n1,574,2,1,zai-org/GLM-4-9B-0414,1,0,1,0,rigorous,0.0,14.0,3.0
2026-08-12 08:23:53,IA44_m-glm4-9b_sol1_gd0_rs0_bd1_str-rigorous_t00_n1,574,3,1,zai-org/GLM-4-9B-0414,1,0,1,0,rigorous,0.0,16.0,0.0
2026-08-12 08:24:02,IA44_m-glm4-9b_sol1_gd0_rs0_bd1_str-rigorous_t00_n1,575,1,1,zai-org/GLM-4-9B-0414,1,0,1,0,rigorous,0.0,19.0,0.0
2026-08-12 08:24:08,IA44_m-glm4-9b_sol1_gd0_rs0_bd1_str-rigorous_t00_n1,575,2,1,zai-org/GLM-4-9B-0414,1,0,1,0,rigorous,0.0,14.0,0.0
2026-08-12 08:24:15,IA44_m-glm4-9b_sol1_gd0_rs0_bd1_str-rigorous_t00_n1,575,3,1,zai-org/GLM-4-9B-0414,1,0,1,0,rigorous,0.0,14.0,0.0
2026-08-12 08:24:23,IA44_m-glm4-9b_sol1_gd0_rs0_bd1_str-rigorous_t00_n1,576,1,1,zai-org/GLM-4-9B-0414,1,0,1,0,rigorous,0.0,15.0,0.0
2026-08-12 08:24:29,IA44_m-glm4-9b_sol1_gd0_rs0_bd1_str-rigorous_t00_n1,576,2,1,zai-org/GLM-4-9B-0414,1,0,1,0,rigorous,0.0,14.0,0.0
2026-08-12 08:24:33,IA44_m-glm4-9b_sol1_gd0_rs0_bd1_str-rigorous_t00_n1,576,3,1,zai-org/GLM-4-9B-0414,1,0,1,0,rigorous,0.0,10.0,0.0
2026-08-12 08:24:42,IA44_m-glm4-9b_sol1_gd0_rs0_bd1_str-rigorous_t00_n1,577,1,1,zai-org/GLM-4-9B-0414,1,0,1,0,rigorous,0.0,15.0,0.0
2026-08-12 08:24:48,IA44_m-glm4-9b_sol1_gd0_rs0_bd1_str-rigorous_t00_n1,577,2,1,zai-org/GLM-4-9B-0414,1,0,1,0,rigorous,0.0,14.0,0.0
2026-08-12 08:24:56,IA44_m-glm4-9b_sol1_gd0_rs0_bd1_str-rigorous_t00_n1,577,3,1,zai-org/GLM-4-9B-0414,1,0,1,0,rigorous,0.0,16.0,0.0
2026-08-12 08:24:59,IA44_m-glm4-9b_sol1_gd0_rs0_bd1_str-rigorous_t00_n1,578,1,1,zai-org/GLM-4-9B-0414,1,0,1,0,rigorous,0.0,10.0,0.0
2026-08-12 08:25:05,IA44_m-glm4-9b_sol1_gd0_rs0_bd1_str-rigorous_t00_n1,578,2,1,zai-org/GLM-4-9B-0414,1,0,1,0,rigorous,0.0,14.0,0.0
2026-08-12 08:25:08,IA44_m-glm4-9b_sol1_gd0_rs0_bd1_str-rigorous_t00_n1,578,3,1,zai-org/GLM-4-9B-0414,1,0,1,0,rigorous,0.0,10.0,0.0
2026-08-12 08:25:18,IA44_m-glm4-9b_sol1_gd0_rs0_bd1_str-rigorous_t00_n1,579,1,1,zai-org/GLM-4-9B-0414,1,0,1,0,rigorous,0.0,15.0,0.0
2026-08-12 08:25:23,IA44_m-glm4-9b_sol1_gd0_rs0_bd1_str-rigorous_t00_n1,579,2,1,zai-org/GLM-4-9B-0414,1,0,1,0,rigorous,0.0,14.0,3.0
2026-08-12 08:25:31,IA44_m-glm4-9b_sol1_gd0_rs0_bd1_str-rigorous_t00_n1,579,3,1,zai-org/GLM-4-9B-0414,1,0,1,0,rigorous,0.0,10.0,0.0
2026-08-12 08:25:35,IA44_m-glm4-9b_sol1_gd0_rs0_bd1_str-rigorous_t00_n1,580,1,1,zai-org/GLM-4-9B-0414,1,0,1,0,rigorous,0.0,19.0,0.0
2026-08-12 08:25:41,IA44_m-glm4-9b_sol1_gd0_rs0_bd1_str-rigorous_t00_n1,580,2,1,zai-org/GLM-4-9B-0414,1,0,1,0,rigorous,0.0,14.0,0.0
2026-08-12 08:25:49,IA44_m-glm4-9b_sol1_gd0_rs0_bd1_str-rigorous_t00_n1,580,3,1,zai-org/GLM-4-9B-0414,1,0,1,0,rigorous,0.0,16.0,0.0
2026-08-12 08:26:00,IA44_m-glm4-9b_sol1_gd0_rs0_bd1_str-rigorous_t00_n1,581,1,1,zai-org/GLM-4-9B-0414,1,0,1,0,rigorous,0.0,10.0,0.0
2026-08-12 08:26:06,IA44_m-glm4-9b_sol1_gd0_rs0_bd1_str-rigorous_t00_n1,581,2,1,zai-org/GLM-4-9B-0414,1,0,1,0,rigorous,0.0,10.0,0.0
2026-08-12 08:26:13,IA44_m-glm4-9b_sol1_gd0_rs0_bd1_str-rigorous_t00_n1,581,3,1,zai-org/GLM-4-9B-0414,1,0,1,0,rigorous,0.0,10.0,0.0
2026-08-12 08:26:17,IA44_m-glm4-9b_sol1_gd0_rs0_bd1_str-rigorous_t00_n1,582,1,1,zai-org/GLM-4-9B-0414,1,0,1,0,rigorous,0.0,19.0,0.0
2026-08-12 08:26:22,IA44_m-glm4-9b_sol1_gd0_rs0_bd1_str-rigorous_t00_n1,582,2,1,zai-org/GLM-4-9B-0414,1,0,1,0,rigorous,0.0,14.0,0.0
2026-08-12 08:26:31,IA44_m-glm4-9b_sol1_gd0_rs0_bd1_str-rigorous_t00_n1,582,3,1,zai-org/GLM-4-9B-0414,1,0,1,0,rigorous,0.0,16.0,0.0
2026-08-12 08:26:34,IA44_m-glm4-9b_sol1_gd0_rs0_bd1_str-rigorous_t00_n1,583,1,1,zai-org/GLM-4-9B-0414,1,0,1,0,rigorous,0.0,10.0,0.0
2026-08-12 08:26:39,IA44_m-glm4-9b_sol1_gd0_rs0_bd1_str-rigorous_t00_n1,583,2,1,zai-org/GLM-4-9B-0414,1,0,1,0,rigorous,0.0,10.0,0.0
2026-08-12 08:26:47,IA44_m-glm4-9b_sol1_gd0_rs0_bd1_str-rigorous_t00_n1,583,3,1,zai-org/GLM-4-9B-0414,1,0,1,0,rigorous,0.0,10.0,0.0
2026-08-12 08:26:51,IA44_m-glm4-9b_sol1_gd0_rs0_bd1_str-rigorous_t00_n1,584,1,1,zai-org/GLM-4-9B-0414,1,0,1,0,rigorous,0.0,19.0,0.0
2026-08-12 08:26:56,IA44_m-glm4-9b_sol1_gd0_rs0_bd1_str-rigorous_t00_n1,584,2,1,zai-org/GLM-4-9B-0414,1,0,1,0,rigorous,0.0,14.0,0.0
2026-08-12 08:27:00,IA44_m-glm4-9b_sol1_gd0_rs0_bd1_str-rigorous_t00_n1,584,3,1,zai-org/GLM-4-9B-0414,1,0,1,0,rigorous,0.0,16.0,0.0
2026-08-12 08:27:11,IA44_m-glm4-9b_sol1_gd0_rs0_bd1_str-rigorous_t00_n1,585,1,1,zai-org/GLM-4-9B-0414,1,0,1,0,rigorous,0.0,10.0,0.0
2026-08-12 08:27:16,IA44_m-glm4-9b_sol1_gd0_rs0_bd1_str-rigorous_t00_n1,585,2,1,zai-org/GLM-4-9B-0414,1,0,1,0,rigorous,0.0,10.0,0.0
2026-08-12 08:27:24,IA44_m-glm4-9b_sol1_gd0_rs0_bd1_str-rigorous_t00_n1,585,3,1,zai-org/GLM-4-9B-0414,1,0,1,0,rigorous,0.0,16.0,0.0
2026-08-12 08:27:32,IA44_m-glm4-9b_sol1_gd0_rs0_bd1_str-rigorous_t00_n1,586,1,1,zai-org/GLM-4-9B-0414,1,0,1,0,rigorous,0.0,15.0,0.0
2026-08-12 08:27:38,IA44_m-glm4-9b_sol1_gd0_rs0_bd1_str-rigorous_t00_n1,586,2,1,zai-org/GLM-4-9B-0414,1,0,1,0,rigorous,0.0,14.0,0.0
2026-08-12 08:27:48,IA44_m-glm4-9b_sol1_gd0_rs0_bd1_str-rigorous_t00_n1,586,3,1,zai-org/GLM-4-9B-0414,1,0,1,0,rigorous,0.0,16.0,0.0
2026-08-12 08:27:51,IA44_m-glm4-9b_sol1_gd0_rs0_bd1_str-rigorous_t00_n1,587,1,1,zai-org/GLM-4-9B-0414,1,0,1,0,rigorous,0.0,15.0,0.0
2026-08-12 08:27:57,IA44_m-glm4-9b_sol1_gd0_rs0_bd1_str-rigorous_t00_n1,587,2,1,zai-org/GLM-4-9B-0414,1,0,1,0,rigorous,0.0,14.0,0.0
2026-08-12 08:28:06,IA44_m-glm4-9b_sol1_gd0_rs0_bd1_str-rigorous_t00_n1,587,3,1,zai-org/GLM-4-9B-0414,1,0,1,0,rigorous,0.0,16.0,0.0
2026-08-12 08:28:16,IA44_m-glm4-9b_sol1_gd0_rs0_bd1_str-rigorous_t00_n1,588,1,1,zai-org/GLM-4-9B-0414,1,0,1,0,rigorous,0.0,10.0,0.0
2026-08-12 08:28:22,IA44_m-glm4-9b_sol1_gd0_rs0_bd1_str-rigorous_t00_n1,588,2,1,zai-org/GLM-4-9B-0414,1,0,1,0,rigorous,0.0,12.0,0.0
2026-08-12 08:28:31,IA44_m-glm4-9b_sol1_gd0_rs0_bd1_str-rigorous_t00_n1,588,3,1,zai-org/GLM-4-9B-0414,1,0,1,0,rigorous,0.0,14.0,0.0
2026-08-12 08:28:40,IA44_m-glm4-9b_sol1_gd0_rs0_bd1_str-rigorous_t00_n1,589,1,1,zai-org/GLM-4-9B-0414,1,0,1,0,rigorous,0.0,19.0,0.0
2026-08-12 08:28:46,IA44_m-glm4-9b_sol1_gd0_rs0_bd1_str-rigorous_t00_n1,589,2,1,zai-org/GLM-4-9B-0414,1,0,1,0,rigorous,0.0,14.0,0.0
2026-08-12 08:28:55,IA44_m-glm4-9b_sol1_gd0_rs0_bd1_str-rigorous_t00_n1,589,3,1,zai-org/GLM-4-9B-0414,1,0,1,0,rigorous,0.0,16.0,0.0
2026-08-12 08:29:03,IA44_m-glm4-9b_sol1_gd0_rs0_bd1_str-rigorous_t00_n1,590,1,1,zai-org/GLM-4-9B-0414,1,0,1,0,rigorous,0.0,15.0,0.0
2026-08-12 08:29:09,IA44_m-glm4-9b_sol1_gd0_rs0_bd1_str-rigorous_t00_n1,590,2,1,zai-org/GLM-4-9B-0414,1,0,1,0,rigorous,0.0,14.0,0.0
2026-08-12 08:29:17,IA44_m-glm4-9b_sol1_gd0_rs0_bd1_str-rigorous_t00_n1,590,3,1,zai-org/GLM-4-9B-0414,1,0,1,0,rigorous,0.0,10.0,0.0
2026-08-12 08:29:20,IA44_m-glm4-9b_sol1_gd0_rs0_bd1_str-rigorous_t00_n1,591,1,1,zai-org/GLM-4-9B-0414,1,0,1,0,rigorous,0.0,15.0,0.0
2026-08-12 08:29:26,IA44_m-glm4-9b_sol1_gd0_rs0_bd1_str-rigorous_t00_n1,591,2,1,zai-org/GLM-4-9B-0414,1,0,1,0,rigorous,0.0,14.0,0.0
2026-08-12 08:29:34,IA44_m-glm4-9b_sol1_gd0_rs0_bd1_str-rigorous_t00_n1,591,3,1,zai-org/GLM-4-9B-0414,1,0,1,0,rigorous,0.0,16.0,0.0
2026-08-12 08:29:38,IA44_m-glm4-9b_sol1_gd0_rs0_bd1_str-rigorous_t00_n1,592,1,1,zai-org/GLM-4-9B-0414,1,0,1,0,rigorous,0.0,15.0,0.0
2026-08-12 08:29:44,IA44_m-glm4-9b_sol1_gd0_rs0_bd1_str-rigorous_t00_n1,592,2,1,zai-org/GLM-4-9B-0414,1,0,1,0,rigorous,0.0,14.0,0.0
2026-08-12 08:29:53,IA44_m-glm4-9b_sol1_gd0_rs0_bd1_str-rigorous_t00_n1,592,3,1,zai-org/GLM-4-9B-0414,1,0,1,0,rigorous,0.0,16.0,0.0
2026-08-12 08:30:02,IA44_m-glm4-9b_sol1_gd0_rs0_bd1_str-rigorous_t00_n1,593,1,1,zai-org/GLM-4-9B-0414,1,0,1,0,rigorous,0.0,18.0,0.0
2026-08-12 08:30:08,IA44_m-glm4-9b_sol1_gd0_rs0_bd1_str-rigorous_t00_n1,593,2,1,zai-org/GLM-4-9B-0414,1,0,1,0,rigorous,0.0,14.0,3.0
2026-08-12 08:30:17,IA44_m-glm4-9b_sol1_gd0_rs0_bd1_str-rigorous_t00_n1,593,3,1,zai-org/GLM-4-9B-0414,1,0,1,0,rigorous,0.0,16.0,0.0
2026-08-12 08:30:27,IA44_m-glm4-9b_sol1_gd0_rs0_bd1_str-rigorous_t00_n1,594,1,1,zai-org/GLM-4-9B-0414,1,0,1,0,rigorous,0.0,18.0,0.0
2026-08-12 08:30:32,IA44_m-glm4-9b_sol1_gd0_rs0_bd1_str-rigorous_t00_n1,594,2,1,zai-org/GLM-4-9B-0414,1,0,1,0,rigorous,0.0,14.0,0.0
2026-08-12 08:30:40,IA44_m-glm4-9b_sol1_gd0_rs0_bd1_str-rigorous_t00_n1,594,3,1,zai-org/GLM-4-9B-0414,1,0,1,0,rigorous,0.0,16.0,0.0
2026-08-12 08:30:48,IA44_m-glm4-9b_sol1_gd0_rs0_bd1_str-rigorous_t00_n1,595,1,1,zai-org/GLM-4-9B-0414,1,0,1,0,rigorous,0.0,15.0,0.0
2026-08-12 08:30:54,IA44_m-glm4-9b_sol1_gd0_rs0_bd1_str-rigorous_t00_n1,595,2,1,zai-org/GLM-4-9B-0414,1,0,1,0,rigorous,0.0,14.0,0.0
2026-08-12 08:31:02,IA44_m-glm4-9b_sol1_gd0_rs0_bd1_str-rigorous_t00_n1,595,3,1,zai-org/GLM-4-9B-0414,1,0,1,0,rigorous,0.0,16.0,0.0
2026-08-12 08:31:11,IA44_m-glm4-9b_sol1_gd0_rs0_bd1_str-rigorous_t00_n1,596,1,1,zai-org/GLM-4-9B-0414,1,0,1,0,rigorous,0.0,15.0,0.0
2026-08-12 08:31:17,IA44_m-glm4-9b_sol1_gd0_rs0_bd1_str-rigorous_t00_n1,596,2,1,zai-org/GLM-4-9B-0414,1,0,1,0,rigorous,0.0,0.0,0.0
2026-08-12 08:31:25,IA44_m-glm4-9b_sol1_gd0_rs0_bd1_str-rigorous_t00_n1,596,3,1,zai-org/GLM-4-9B-0414,1,0,1,0,rigorous,0.0,10.0,0.0
2026-08-12 08:31:34,IA44_m-glm4-9b_sol1_gd0_rs0_bd1_str-rigorous_t00_n1,597,1,1,zai-org/GLM-4-9B-0414,1,0,1,0,rigorous,0.0,10.0,0.0
2026-08-12 08:31:40,IA44_m-glm4-9b_sol1_gd0_rs0_bd1_str-rigorous_t00_n1,597,2,1,zai-org/GLM-4-9B-0414,1,0,1,0,rigorous,0.0,14.0,0.0
2026-08-12 08:31:48,IA44_m-glm4-9b_sol1_gd0_rs0_bd1_str-rigorous_t00_n1,597,3,1,zai-org/GLM-4-9B-0414,1,0,1,0,rigorous,0.0,16.0,0.0
2026-08-12 08:31:52,IA44_m-glm4-9b_sol1_gd0_rs0_bd1_str-rigorous_t00_n1,598,1,1,zai-org/GLM-4-9B-0414,1,0,1,0,rigorous,0.0,15.0,0.0
2026-08-12 08:31:57,IA44_m-glm4-9b_sol1_gd0_rs0_bd1_str-rigorous_t00_n1,598,2,1,zai-org/GLM-4-9B-0414,1,0,1,0,rigorous,0.0,14.0,0.0
2026-08-12 08:32:02,IA44_m-glm4-9b_sol1_gd0_rs0_bd1_str-rigorous_t00_n1,598,3,1,zai-org/GLM-4-9B-0414,1,0,1,0,rigorous,0.0,14.0,0.0
2026-08-12 08:32:06,IA44_m-glm4-9b_sol1_gd0_rs0_bd1_str-rigorous_t00_n1,599,1,1,zai-org/GLM-4-9B-0414,1,0,1,0,rigorous,0.0,18.0,0.0
2026-08-12 08:32:11,IA44_m-glm4-9b_sol1_gd0_rs0_bd1_str-rigorous_t00_n1,599,2,1,zai-org/GLM-4-9B-0414,1,0,1,0,rigorous,0.0,14.0,0.0
2026-08-12 08:32:19,IA44_m-glm4-9b_sol1_gd0_rs0_bd1_str-rigorous_t00_n1,599,3,1,zai-org/GLM-4-9B-0414,1,0,1,0,rigorous,0.0,14.0,0.0
2026-08-12 08:32:29,IA44_m-glm4-9b_sol1_gd0_rs0_bd1_str-rigorous_t00_n1,600,1,1,zai-org/GLM-4-9B-0414,1,0,1,0,rigorous,0.0,15.0,0.0
2026-08-12 08:32:34,IA44_m-glm4-9b_sol1_gd0_rs0_bd1_str-rigorous_t00_n1,600,2,1,zai-org/GLM-4-9B-0414,1,0,1,0,rigorous,0.0,14.0,0.0
2026-08-12 08:32:44,IA44_m-glm4-9b_sol1_gd0_rs0_bd1_str-rigorous_t00_n1,600,3,1,zai-org/GLM-4-9B-0414,1,0,1,0,rigorous,0.0,14.0,0.0
2026-08-12 08:32:53,IA44_m-glm4-9b_sol1_gd0_rs0_bd1_str-rigorous_t00_n1,601,1,1,zai-org/GLM-4-9B-0414,1,0,1,0,rigorous,0.0,15.0,0.0
2026-08-12 08:33:00,IA44_m-glm4-9b_sol1_gd0_rs0_bd1_str-rigorous_t00_n1,601,2,1,zai-org/GLM-4-9B-0414,1,0,1,0,rigorous,0.0,14.0,0.0
2026-08-12 08:33:08,IA44_m-glm4-9b_sol1_gd0_rs0_bd1_str-rigorous_t00_n1,601,3,1,zai-org/GLM-4-9B-0414,1,0,1,0,rigorous,0.0,16.0,0.0
2026-08-12 08:33:17,IA44_m-glm4-9b_sol1_gd0_rs0_bd1_str-rigorous_t00_n1,602,1,1,zai-org/GLM-4-9B-0414,1,0,1,0,rigorous,0.0,19.0,0.0
2026-08-12 08:33:22,IA44_m-glm4-9b_sol1_gd0_rs0_bd1_str-rigorous_t00_n1,602,2,1,zai-org/GLM-4-9B-0414,1,0,1,0,rigorous,0.0,14.0,0.0
2026-08-12 08:33:30,IA44_m-glm4-9b_sol1_gd0_rs0_bd1_str-rigorous_t00_n1,602,3,1,zai-org/GLM-4-9B-0414,1,0,1,0,rigorous,0.0,14.0,0.0
2026-08-12 08:33:34,IA44_m-glm4-9b_sol1_gd0_rs0_bd1_str-rigorous_t00_n1,603,1,1,zai-org/GLM-4-9B-0414,1,0,1,0,rigorous,0.0,15.0,0.0
2026-08-12 08:33:39,IA44_m-glm4-9b_sol1_gd0_rs0_bd1_str-rigorous_t00_n1,603,2,1,zai-org/GLM-4-9B-0414,1,0,1,0,rigorous,0.0,14.0,0.0
2026-08-12 08:33:48,IA44_m-glm4-9b_sol1_gd0_rs0_bd1_str-rigorous_t00_n1,603,3,1,zai-org/GLM-4-9B-0414,1,0,1,0,rigorous,0.0,14.0,0.0
2026-08-12 08:33:53,IA44_m-glm4-9b_sol1_gd0_rs0_bd1_str-rigorous_t00_n1,604,1,1,zai-org/GLM-4-9B-0414,1,0,1,0,rigorous,0.0,22.0,0.0
2026-08-12 08:33:58,IA44_m-glm4-9b_sol1_gd0_rs0_bd1_str-rigorous_t00_n1,604,2,1,zai-org/GLM-4-9B-0414,1,0,1,0,rigorous,0.0,14.0,3.0
2026-08-12 08:34:07,IA44_m-glm4-9b_sol1_gd0_rs0_bd1_str-rigorous_t00_n1,604,3,1,zai-org/GLM-4-9B-0414,1,0,1,0,rigorous,0.0,16.0,0.0
2026-08-12 08:34:16,IA44_m-glm4-9b_sol1_gd0_rs0_bd1_str-rigorous_t00_n1,605,1,1,zai-org/GLM-4-9B-0414,1,0,1,0,rigorous,0.0,10.0,0.0
2026-08-12 08:34:22,IA44_m-glm4-9b_sol1_gd0_rs0_bd1_str-rigorous_t00_n1,605,2,1,zai-org/GLM-4-9B-0414,1,0,1,0,rigorous,0.0,14.0,0.0
2026-08-12 08:34:30,IA44_m-glm4-9b_sol1_gd0_rs0_bd1_str-rigorous_t00_n1,605,3,1,zai-org/GLM-4-9B-0414,1,0,1,0,rigorous,0.0,16.0,0.0
2026-08-12 08:34:39,IA44_m-glm4-9b_sol1_gd0_rs0_bd1_str-rigorous_t00_n1,606,1,1,zai-org/GLM-4-9B-0414,1,0,1,0,rigorous,0.0,10.0,0.0
2026-08-12 08:34:44,IA44_m-glm4-9b_sol1_gd0_rs0_bd1_str-rigorous_t00_n1,606,2,1,zai-org/GLM-4-9B-0414,1,0,1,0,rigorous,0.0,14.0,0.0
2026-08-12 08:34:48,IA44_m-glm4-9b_sol1_gd0_rs0_bd1_str-rigorous_t00_n1,606,3,1,zai-org/GLM-4-9B-0414,1,0,1,0,rigorous,0.0,10.0,0.0
2026-08-12 08:34:57,IA44_m-glm4-9b_sol1_gd0_rs0_bd1_str-rigorous_t00_n1,607,1,1,zai-org/GLM-4-9B-0414,1,0,1,0,rigorous,0.0,19.0,0.0
2026-08-12 08:35:03,IA44_m-glm4-9b_sol1_gd0_rs0_bd1_str-rigorous_t00_n1,607,2,1,zai-org/GLM-4-9B-0414,1,0,1,0,rigorous,0.0,14.0,0.0
2026-08-12 08:35:12,IA44_m-glm4-9b_sol1_gd0_rs0_bd1_str-rigorous_t00_n1,607,3,1,zai-org/GLM-4-9B-0414,1,0,1,0,rigorous,0.0,16.0,0.0
2026-08-12 08:35:17,IA44_m-glm4-9b_sol1_gd0_rs0_bd1_str-rigorous_t00_n1,608,1,1,zai-org/GLM-4-9B-0414,1,0,1,0,rigorous,0.0,19.0,0.0
2026-08-12 08:35:23,IA44_m-glm4-9b_sol1_gd0_rs0_bd1_str-rigorous_t00_n1,608,2,1,zai-org/GLM-4-9B-0414,1,0,1,0,rigorous,0.0,14.0,0.0
2026-08-12 08:35:31,IA44_m-glm4-9b_sol1_gd0_rs0_bd1_str-rigorous_t00_n1,608,3,1,zai-org/GLM-4-9B-0414,1,0,1,0,rigorous,0.0,10.0,0.0
2026-08-12 08:35:41,IA44_m-glm4-9b_sol1_gd0_rs0_bd1_str-rigorous_t00_n1,609,1,1,zai-org/GLM-4-9B-0414,1,0,1,0,rigorous,0.0,15.0,0.0
2026-08-12 08:35:46,IA44_m-glm4-9b_sol1_gd0_rs0_bd1_str-rigorous_t00_n1,609,2,1,zai-org/GLM-4-9B-0414,1,0,1,0,rigorous,0.0,14.0,0.0
2026-08-12 08:35:54,IA44_m-glm4-9b_sol1_gd0_rs0_bd1_str-rigorous_t00_n1,609,3,1,zai-org/GLM-4-9B-0414,1,0,1,0,rigorous,0.0,14.0,0.0
2026-08-12 08:36:03,IA44_m-glm4-9b_sol1_gd0_rs0_bd1_str-rigorous_t00_n1,610,1,1,zai-org/GLM-4-9B-0414,1,0,1,0,rigorous,0.0,15.0,0.0
2026-08-12 08:36:08,IA44_m-glm4-9b_sol1_gd0_rs0_bd1_str-rigorous_t00_n1,610,2,1,zai-org/GLM-4-9B-0414,1,0,1,0,rigorous,0.0,14.0,0.0
2026-08-12 08:36:16,IA44_m-glm4-9b_sol1_gd0_rs0_bd1_str-rigorous_t00_n1,610,3,1,zai-org/GLM-4-9B-0414,1,0,1,0,rigorous,0.0,10.0,0.0
2026-08-12 08:36:26,IA44_m-glm4-9b_sol1_gd0_rs0_bd1_str-rigorous_t00_n1,611,1,1,zai-org/GLM-4-9B-0414,1,0,1,0,rigorous,0.0,15.0,0.0
2026-08-12 08:36:31,IA44_m-glm4-9b_sol1_gd0_rs0_bd1_str-rigorous_t00_n1,611,2,1,zai-org/GLM-4-9B-0414,1,0,1,0,rigorous,0.0,14.0,0.0
2026-08-12 08:36:35,IA44_m-glm4-9b_sol1_gd0_rs0_bd1_str-rigorous_t00_n1,611,3,1,zai-org/GLM-4-9B-0414,1,0,1,0,rigorous,0.0,10.0,0.0
2026-08-12 08:36:43,IA44_m-glm4-9b_sol1_gd0_rs0_bd1_str-rigorous_t00_n1,612,1,1,zai-org/GLM-4-9B-0414,1,0,1,0,rigorous,0.0,15.0,0.0
2026-08-12 08:36:49,IA44_m-glm4-9b_sol1_gd0_rs0_bd1_str-rigorous_t00_n1,612,2,1,zai-org/GLM-4-9B-0414,1,0,1,0,rigorous,0.0,14.0,0.0
2026-08-12 08:36:58,IA44_m-glm4-9b_sol1_gd0_rs0_bd1_str-rigorous_t00_n1,612,3,1,zai-org/GLM-4-9B-0414,1,0,1,0,rigorous,0.0,16.0,0.0
2026-08-12 08:37:02,IA44_m-glm4-9b_sol1_gd0_rs0_bd1_str-rigorous_t00_n1,613,1,1,zai-org/GLM-4-9B-0414,1,0,1,0,rigorous,0.0,19.0,0.0
2026-08-12 08:37:07,IA44_m-glm4-9b_sol1_gd0_rs0_bd1_str-rigorous_t00_n1,613,2,1,zai-org/GLM-4-9B-0414,1,0,1,0,rigorous,0.0,14.0,0.0
2026-08-12 08:37:16,IA44_m-glm4-9b_sol1_gd0_rs0_bd1_str-rigorous_t00_n1,613,3,1,zai-org/GLM-4-9B-0414,1,0,1,0,rigorous,0.0,10.0,0.0
2026-08-12 08:37:25,IA44_m-glm4-9b_sol1_gd0_rs0_bd1_str-rigorous_t00_n1,614,1,1,zai-org/GLM-4-9B-0414,1,0,1,0,rigorous,0.0,15.0,0.0
2026-08-12 08:37:31,IA44_m-glm4-9b_sol1_gd0_rs0_bd1_str-rigorous_t00_n1,614,2,1,zai-org/GLM-4-9B-0414,1,0,1,0,rigorous,0.0,14.0,0.0
2026-08-12 08:37:39,IA44_m-glm4-9b_sol1_gd0_rs0_bd1_str-rigorous_t00_n1,614,3,1,zai-org/GLM-4-9B-0414,1,0,1,0,rigorous,0.0,16.0,0.0
2026-08-12 08:37:43,IA44_m-glm4-9b_sol1_gd0_rs0_bd1_str-rigorous_t00_n1,615,1,1,zai-org/GLM-4-9B-0414,1,0,1,0,rigorous,0.0,19.0,0.0
2026-08-12 08:37:51,IA44_m-glm4-9b_sol1_gd0_rs0_bd1_str-rigorous_t00_n1,615,3,1,zai-org/GLM-4-9B-0414,1,0,1,0,rigorous,0.0,10.0,0.0
2026-08-12 08:37:55,IA44_m-glm4-9b_sol1_gd0_rs0_bd1_str-rigorous_t00_n1,616,1,1,zai-org/GLM-4-9B-0414,1,0,1,0,rigorous,0.0,15.0,0.0
2026-08-12 08:38:01,IA44_m-glm4-9b_sol1_gd0_rs0_bd1_str-rigorous_t00_n1,616,2,1,zai-org/GLM-4-9B-0414,1,0,1,0,rigorous,0.0,14.0,3.0
2026-08-12 08:38:09,IA44_m-glm4-9b_sol1_gd0_rs0_bd1_str-rigorous_t00_n1,616,3,1,zai-org/GLM-4-9B-0414,1,0,1,0,rigorous,0.0,16.0,0.0
2026-08-12 08:38:18,IA44_m-glm4-9b_sol1_gd0_rs0_bd1_str-rigorous_t00_n1,617,1,1,zai-org/GLM-4-9B-0414,1,0,1,0,rigorous,0.0,15.0,0.0
2026-08-12 08:38:23,IA44_m-glm4-9b_sol1_gd0_rs0_bd1_str-rigorous_t00_n1,617,2,1,zai-org/GLM-4-9B-0414,1,0,1,0,rigorous,0.0,14.0,0.0
2026-08-12 08:38:32,IA44_m-glm4-9b_sol1_gd0_rs0_bd1_str-rigorous_t00_n1,617,3,1,zai-org/GLM-4-9B-0414,1,0,1,0,rigorous,0.0,14.0,0.0
2026-08-12 08:38:41,IA44_m-glm4-9b_sol1_gd0_rs0_bd1_str-rigorous_t00_n1,618,1,1,zai-org/GLM-4-9B-0414,1,0,1,0,rigorous,0.0,18.0,0.0
2026-08-12 08:38:46,IA44_m-glm4-9b_sol1_gd0_rs0_bd1_str-rigorous_t00_n1,618,2,1,zai-org/GLM-4-9B-0414,1,0,1,0,rigorous,0.0,14.0,0.0
2026-08-12 08:38:55,IA44_m-glm4-9b_sol1_gd0_rs0_bd1_str-rigorous_t00_n1,618,3,1,zai-org/GLM-4-9B-0414,1,0,1,0,rigorous,0.0,16.0,0.0
2026-08-12 08:38:59,IA44_m-glm4-9b_sol1_gd0_rs0_bd1_str-rigorous_t00_n1,619,1,1,zai-org/GLM-4-9B-0414,1,0,1,0,rigorous,0.0,22.0,0.0
2026-08-12 08:39:04,IA44_m-glm4-9b_sol1_gd0_rs0_bd1_str-rigorous_t00_n1,619,2,1,zai-org/GLM-4-9B-0414,1,0,1,0,rigorous,0.0,14.0,3.0
2026-08-12 08:39:12,IA44_m-glm4-9b_sol1_gd0_rs0_bd1_str-rigorous_t00_n1,619,3,1,zai-org/GLM-4-9B-0414,1,0,1,0,rigorous,0.0,16.0,0.0
2026-08-12 08:39:20,IA44_m-glm4-9b_sol1_gd0_rs0_bd1_str-rigorous_t00_n1,620,1,1,zai-org/GLM-4-9B-0414,1,0,1,0,rigorous,0.0,15.0,0.0
2026-08-12 08:39:25,IA44_m-glm4-9b_sol1_gd0_rs0_bd1_str-rigorous_t00_n1,620,2,1,zai-org/GLM-4-9B-0414,1,0,1,0,rigorous,0.0,13.0,0.0
2026-08-12 08:39:34,IA44_m-glm4-9b_sol1_gd0_rs0_bd1_str-rigorous_t00_n1,620,3,1,zai-org/GLM-4-9B-0414,1,0,1,0,rigorous,0.0,14.0,0.0
2026-08-12 08:39:38,IA44_m-glm4-9b_sol1_gd0_rs0_bd1_str-rigorous_t00_n1,621,1,1,zai-org/GLM-4-9B-0414,1,0,1,0,rigorous,0.0,10.0,0.0
2026-08-12 08:39:43,IA44_m-glm4-9b_sol1_gd0_rs0_bd1_str-rigorous_t00_n1,621,2,1,zai-org/GLM-4-9B-0414,1,0,1,0,rigorous,0.0,14.0,0.0
2026-08-12 08:39:52,IA44_m-glm4-9b_sol1_gd0_rs0_bd1_str-rigorous_t00_n1,621,3,1,zai-org/GLM-4-9B-0414,1,0,1,0,rigorous,0.0,16.0,0.0
2026-08-12 08:39:56,IA44_m-glm4-9b_sol1_gd0_rs0_bd1_str-rigorous_t00_n1,622,1,1,zai-org/GLM-4-9B-0414,1,0,1,0,rigorous,0.0,19.0,0.0
2026-08-12 08:40:02,IA44_m-glm4-9b_sol1_gd0_rs0_bd1_str-rigorous_t00_n1,622,2,1,zai-org/GLM-4-9B-0414,1,0,1,0,rigorous,0.0,14.0,0.0
2026-08-12 08:40:10,IA44_m-glm4-9b_sol1_gd0_rs0_bd1_str-rigorous_t00_n1,622,3,1,zai-org/GLM-4-9B-0414,1,0,1,0,rigorous,0.0,16.0,0.0
2026-08-12 08:40:14,IA44_m-glm4-9b_sol1_gd0_rs0_bd1_str-rigorous_t00_n1,623,1,1,zai-org/GLM-4-9B-0414,1,0,1,0,rigorous,0.0,15.0,0.0
2026-08-12 08:40:20,IA44_m-glm4-9b_sol1_gd0_rs0_bd1_str-rigorous_t00_n1,623,2,1,zai-org/GLM-4-9B-0414,1,0,1,0,rigorous,0.0,14.0,0.0
2026-08-12 08:40:24,IA44_m-glm4-9b_sol1_gd0_rs0_bd1_str-rigorous_t00_n1,623,3,1,zai-org/GLM-4-9B-0414,1,0,1,0,rigorous,0.0,14.0,0.0
2026-08-12 08:40:34,IA44_m-glm4-9b_sol1_gd0_rs0_bd1_str-rigorous_t00_n1,624,1,1,zai-org/GLM-4-9B-0414,1,0,1,0,rigorous,0.0,16.0,0.0
2026-08-12 08:40:39,IA44_m-glm4-9b_sol1_gd0_rs0_bd1_str-rigorous_t00_n1,624,2,1,zai-org/GLM-4-9B-0414,1,0,1,0,rigorous,0.0,14.0,0.0
2026-08-12 08:40:48,IA44_m-glm4-9b_sol1_gd0_rs0_bd1_str-rigorous_t00_n1,624,3,1,zai-org/GLM-4-9B-0414,1,0,1,0,rigorous,0.0,10.0,0.0
2026-08-12 08:40:58,IA44_m-glm4-9b_sol1_gd0_rs0_bd1_str-rigorous_t00_n1,625,1,1,zai-org/GLM-4-9B-0414,1,0,1,0,rigorous,0.0,15.0,0.0
2026-08-12 08:41:03,IA44_m-glm4-9b_sol1_gd0_rs0_bd1_str-rigorous_t00_n1,625,2,1,zai-org/GLM-4-9B-0414,1,0,1,0,rigorous,0.0,14.0,0.0
2026-08-12 08:41:12,IA44_m-glm4-9b_sol1_gd0_rs0_bd1_str-rigorous_t00_n1,625,3,1,zai-org/GLM-4-9B-0414,1,0,1,0,rigorous,0.0,16.0,0.0
2026-08-12 08:41:16,IA44_m-glm4-9b_sol1_gd0_rs0_bd1_str-rigorous_t00_n1,626,1,1,zai-org/GLM-4-9B-0414,1,0,1,0,rigorous,0.0,18.0,0.0
2026-08-12 08:41:22,IA44_m-glm4-9b_sol1_gd0_rs0_bd1_str-rigorous_t00_n1,626,2,1,zai-org/GLM-4-9B-0414,1,0,1,0,rigorous,0.0,10.0,0.0
2026-08-12 08:41:32,IA44_m-glm4-9b_sol1_gd0_rs0_bd1_str-rigorous_t00_n1,627,1,1,zai-org/GLM-4-9B-0414,1,0,1,0,rigorous,0.0,15.0,0.0
2026-08-12 08:41:37,IA44_m-glm4-9b_sol1_gd0_rs0_bd1_str-rigorous_t00_n1,627,2,1,zai-org/GLM-4-9B-0414,1,0,1,0,rigorous,0.0,14.0,0.0
2026-08-12 08:41:46,IA44_m-glm4-9b_sol1_gd0_rs0_bd1_str-rigorous_t00_n1,627,3,1,zai-org/GLM-4-9B-0414,1,0,1,0,rigorous,0.0,10.0,0.0
2026-08-12 08:41:56,IA44_m-glm4-9b_sol1_gd0_rs0_bd1_str-rigorous_t00_n1,628,1,1,zai-org/GLM-4-9B-0414,1,0,1,0,rigorous,0.0,15.0,0.0
2026-08-12 08:42:02,IA44_m-glm4-9b_sol1_gd0_rs0_bd1_str-rigorous_t00_n1,628,2,1,zai-org/GLM-4-9B-0414,1,0,1,0,rigorous,0.0,14.0,0.0
2026-08-12 08:42:10,IA44_m-glm4-9b_sol1_gd0_rs0_bd1_str-rigorous_t00_n1,628,3,1,zai-org/GLM-4-9B-0414,1,0,1,0,rigorous,0.0,10.0,0.0
2026-08-12 08:42:19,IA44_m-glm4-9b_sol1_gd0_rs0_bd1_str-rigorous_t00_n1,629,1,1,zai-org/GLM-4-9B-0414,1,0,1,0,rigorous,0.0,18.0,0.0
2026-08-12 08:42:25,IA44_m-glm4-9b_sol1_gd0_rs0_bd1_str-rigorous_t00_n1,629,2,1,zai-org/GLM-4-9B-0414,1,0,1,0,rigorous,0.0,14.0,0.0
2026-08-12 08:42:34,IA44_m-glm4-9b_sol1_gd0_rs0_bd1_str-rigorous_t00_n1,629,3,1,zai-org/GLM-4-9B-0414,1,0,1,0,rigorous,0.0,14.0,0.0
2026-08-12 08:42:43,IA44_m-glm4-9b_sol1_gd0_rs0_bd1_str-rigorous_t00_n1,630,1,1,zai-org/GLM-4-9B-0414,1,0,1,0,rigorous,0.0,0.0,0.0
2026-08-12 08:42:49,IA44_m-glm4-9b_sol1_gd0_rs0_bd1_str-rigorous_t00_n1,630,2,1,zai-org/GLM-4-9B-0414,1,0,1,0,rigorous,0.0,14.0,0.0
2026-08-12 08:42:57,IA44_m-glm4-9b_sol1_gd0_rs0_bd1_str-rigorous_t00_n1,630,3,1,zai-org/GLM-4-9B-0414,1,0,1,0,rigorous,0.0,16.0,0.0
2026-08-12 08:43:07,IA44_m-glm4-9b_sol1_gd0_rs0_bd1_str-rigorous_t00_n1,631,1,1,zai-org/GLM-4-9B-0414,1,0,1,0,rigorous,0.0,15.0,0.0
2026-08-12 08:43:12,IA44_m-glm4-9b_sol1_gd0_rs0_bd1_str-rigorous_t00_n1,631,2,1,zai-org/GLM-4-9B-0414,1,0,1,0,rigorous,0.0,14.0,0.0
2026-08-12 08:43:21,IA44_m-glm4-9b_sol1_gd0_rs0_bd1_str-rigorous_t00_n1,631,3,1,zai-org/GLM-4-9B-0414,1,0,1,0,rigorous,0.0,16.0,0.0
2026-08-12 08:43:24,IA44_m-glm4-9b_sol1_gd0_rs0_bd1_str-rigorous_t00_n1,632,1,1,zai-org/GLM-4-9B-0414,1,0,1,0,rigorous,0.0,15.0,0.0
2026-08-12 08:43:30,IA44_m-glm4-9b_sol1_gd0_rs0_bd1_str-rigorous_t00_n1,632,2,1,zai-org/GLM-4-9B-0414,1,0,1,0,rigorous,0.0,14.0,0.0
2026-08-12 08:43:33,IA44_m-glm4-9b_sol1_gd0_rs0_bd1_str-rigorous_t00_n1,632,3,1,zai-org/GLM-4-9B-0414,1,0,1,0,rigorous,0.0,14.0,0.0
2026-08-12 08:43:43,IA44_m-glm4-9b_sol1_gd0_rs0_bd1_str-rigorous_t00_n1,633,1,1,zai-org/GLM-4-9B-0414,1,0,1,0,rigorous,0.0,18.0,0.0
2026-08-12 08:43:48,IA44_m-glm4-9b_sol1_gd0_rs0_bd1_str-rigorous_t00_n1,633,2,1,zai-org/GLM-4-9B-0414,1,0,1,0,rigorous,0.0,14.0,0.0
2026-08-12 08:43:57,IA44_m-glm4-9b_sol1_gd0_rs0_bd1_str-rigorous_t00_n1,633,3,1,zai-org/GLM-4-9B-0414,1,0,1,0,rigorous,0.0,16.0,0.0
2026-08-12 08:44:01,IA44_m-glm4-9b_sol1_gd0_rs0_bd1_str-rigorous_t00_n1,634,1,1,zai-org/GLM-4-9B-0414,1,0,1,0,rigorous,0.0,19.0,0.0
2026-08-12 08:44:07,IA44_m-glm4-9b_sol1_gd0_rs0_bd1_str-rigorous_t00_n1,634,2,1,zai-org/GLM-4-9B-0414,1,0,1,0,rigorous,0.0,14.0,0.0
2026-08-12 08:44:12,IA44_m-glm4-9b_sol1_gd0_rs0_bd1_str-rigorous_t00_n1,634,3,1,zai-org/GLM-4-9B-0414,1,0,1,0,rigorous,0.0,16.0,0.0
2026-08-12 08:44:20,IA44_m-glm4-9b_sol1_gd0_rs0_bd1_str-rigorous_t00_n1,635,1,1,zai-org/GLM-4-9B-0414,1,0,1,0,rigorous,0.0,15.0,0.0
2026-08-12 08:44:26,IA44_m-glm4-9b_sol1_gd0_rs0_bd1_str-rigorous_t00_n1,635,2,1,zai-org/GLM-4-9B-0414,1,0,1,0,rigorous,0.0,14.0,0.0
2026-08-12 08:44:33,IA44_m-glm4-9b_sol1_gd0_rs0_bd1_str-rigorous_t00_n1,635,3,1,zai-org/GLM-4-9B-0414,1,0,1,0,rigorous,0.0,10.0,0.0
2026-08-12 08:44:37,IA44_m-glm4-9b_sol1_gd0_rs0_bd1_str-rigorous_t00_n1,636,1,1,zai-org/GLM-4-9B-0414,1,0,1,0,rigorous,0.0,15.0,0.0
2026-08-12 08:44:43,IA44_m-glm4-9b_sol1_gd0_rs0_bd1_str-rigorous_t00_n1,636,2,1,zai-org/GLM-4-9B-0414,1,0,1,0,rigorous,0.0,14.0,3.0
2026-08-12 08:44:51,IA44_m-glm4-9b_sol1_gd0_rs0_bd1_str-rigorous_t00_n1,636,3,1,zai-org/GLM-4-9B-0414,1,0,1,0,rigorous,0.0,16.0,0.0
2026-08-12 08:44:55,IA44_m-glm4-9b_sol1_gd0_rs0_bd1_str-rigorous_t00_n1,637,1,1,zai-org/GLM-4-9B-0414,1,0,1,0,rigorous,0.0,18.0,0.0
2026-08-12 08:45:00,IA44_m-glm4-9b_sol1_gd0_rs0_bd1_str-rigorous_t00_n1,637,2,1,zai-org/GLM-4-9B-0414,1,0,1,0,rigorous,0.0,14.0,0.0
2026-08-12 08:45:07,IA44_m-glm4-9b_sol1_gd0_rs0_bd1_str-rigorous_t00_n1,637,3,1,zai-org/GLM-4-9B-0414,1,0,1,0,rigorous,0.0,16.0,0.0
2026-08-12 08:45:17,IA44_m-glm4-9b_sol1_gd0_rs0_bd1_str-rigorous_t00_n1,638,1,1,zai-org/GLM-4-9B-0414,1,0,1,0,rigorous,0.0,18.0,0.0
2026-08-12 08:45:22,IA44_m-glm4-9b_sol1_gd0_rs0_bd1_str-rigorous_t00_n1,638,2,1,zai-org/GLM-4-9B-0414,1,0,1,0,rigorous,0.0,14.0,0.0
2026-08-12 08:45:31,IA44_m-glm4-9b_sol1_gd0_rs0_bd1_str-rigorous_t00_n1,638,3,1,zai-org/GLM-4-9B-0414,1,0,1,0,rigorous,0.0,16.0,0.0
2026-08-12 08:45:41,IA44_m-glm4-9b_sol1_gd0_rs0_bd1_str-rigorous_t00_n1,639,1,1,zai-org/GLM-4-9B-0414,1,0,1,0,rigorous,0.0,16.0,0.0
2026-08-12 08:45:46,IA44_m-glm4-9b_sol1_gd0_rs0_bd1_str-rigorous_t00_n1,639,2,1,zai-org/GLM-4-9B-0414,1,0,1,0,rigorous,0.0,14.0,0.0
2026-08-12 08:45:50,IA44_m-glm4-9b_sol1_gd0_rs0_bd1_str-rigorous_t00_n1,639,3,1,zai-org/GLM-4-9B-0414,1,0,1,0,rigorous,0.0,14.0,0.0
2026-08-12 08:46:00,IA44_m-glm4-9b_sol1_gd0_rs0_bd1_str-rigorous_t00_n1,640,1,1,zai-org/GLM-4-9B-0414,1,0,1,0,rigorous,0.0,15.0,0.0
2026-08-12 08:46:06,IA44_m-glm4-9b_sol1_gd0_rs0_bd1_str-rigorous_t00_n1,640,2,1,zai-org/GLM-4-9B-0414,1,0,1,0,rigorous,0.0,14.0,0.0
2026-08-12 08:46:13,IA44_m-glm4-9b_sol1_gd0_rs0_bd1_str-rigorous_t00_n1,640,3,1,zai-org/GLM-4-9B-0414,1,0,1,0,rigorous,0.0,16.0,0.0
2026-08-12 08:46:23,IA44_m-glm4-9b_sol1_gd0_rs0_bd1_str-rigorous_t00_n1,641,1,1,zai-org/GLM-4-9B-0414,1,0,1,0,rigorous,0.0,18.0,0.0
2026-08-12 08:46:29,IA44_m-glm4-9b_sol1_gd0_rs0_bd1_str-rigorous_t00_n1,641,2,1,zai-org/GLM-4-9B-0414,1,0,1,0,rigorous,0.0,14.0,0.0
2026-08-12 08:46:34,IA44_m-glm4-9b_sol1_gd0_rs0_bd1_str-rigorous_t00_n1,641,3,1,zai-org/GLM-4-9B-0414,1,0,1,0,rigorous,0.0,16.0,0.0
2026-08-12 08:46:42,IA44_m-glm4-9b_sol1_gd0_rs0_bd1_str-rigorous_t00_n1,642,1,1,zai-org/GLM-4-9B-0414,1,0,1,0,rigorous,0.0,15.0,0.0
2026-08-12 08:46:48,IA44_m-glm4-9b_sol1_gd0_rs0_bd1_str-rigorous_t00_n1,642,2,1,zai-org/GLM-4-9B-0414,1,0,1,0,rigorous,0.0,14.0,0.0
2026-08-12 08:46:56,IA44_m-glm4-9b_sol1_gd0_rs0_bd1_str-rigorous_t00_n1,642,3,1,zai-org/GLM-4-9B-0414,1,0,1,0,rigorous,0.0,16.0,0.0
2026-08-12 08:47:05,IA44_m-glm4-9b_sol1_gd0_rs0_bd1_str-rigorous_t00_n1,643,1,1,zai-org/GLM-4-9B-0414,1,0,1,0,rigorous,0.0,22.0,3.0
2026-08-12 08:47:11,IA44_m-glm4-9b_sol1_gd0_rs0_bd1_str-rigorous_t00_n1,643,2,1,zai-org/GLM-4-9B-0414,1,0,1,0,rigorous,0.0,14.0,0.0
2026-08-12 08:47:19,IA44_m-glm4-9b_sol1_gd0_rs0_bd1_str-rigorous_t00_n1,643,3,1,zai-org/GLM-4-9B-0414,1,0,1,0,rigorous,0.0,16.0,0.0
2026-08-12 08:47:23,IA44_m-glm4-9b_sol1_gd0_rs0_bd1_str-rigorous_t00_n1,644,1,1,zai-org/GLM-4-9B-0414,1,0,1,0,rigorous,0.0,15.0,0.0
2026-08-12 08:47:29,IA44_m-glm4-9b_sol1_gd0_rs0_bd1_str-rigorous_t00_n1,644,2,1,zai-org/GLM-4-9B-0414,1,0,1,0,rigorous,0.0,14.0,0.0
2026-08-12 08:47:37,IA44_m-glm4-9b_sol1_gd0_rs0_bd1_str-rigorous_t00_n1,644,3,1,zai-org/GLM-4-9B-0414,1,0,1,0,rigorous,0.0,14.0,0.0
2026-08-12 08:47:46,IA44_m-glm4-9b_sol1_gd0_rs0_bd1_str-rigorous_t00_n1,645,1,1,zai-org/GLM-4-9B-0414,1,0,1,0,rigorous,0.0,15.0,0.0
2026-08-12 08:47:52,IA44_m-glm4-9b_sol1_gd0_rs0_bd1_str-rigorous_t00_n1,645,2,1,zai-org/GLM-4-9B-0414,1,0,1,0,rigorous,0.0,14.0,0.0
2026-08-12 08:48:00,IA44_m-glm4-9b_sol1_gd0_rs0_bd1_str-rigorous_t00_n1,645,3,1,zai-org/GLM-4-9B-0414,1,0,1,0,rigorous,0.0,14.0,0.0
2026-08-12 08:48:08,IA44_m-glm4-9b_sol1_gd0_rs0_bd1_str-rigorous_t00_n1,646,1,1,zai-org/GLM-4-9B-0414,1,0,1,0,rigorous,0.0,15.0,0.0
2026-08-12 08:48:15,IA44_m-glm4-9b_sol1_gd0_rs0_bd1_str-rigorous_t00_n1,646,2,1,zai-org/GLM-4-9B-0414,1,0,1,0,rigorous,0.0,14.0,0.0
2026-08-12 08:48:22,IA44_m-glm4-9b_sol1_gd0_rs0_bd1_str-rigorous_t00_n1,646,3,1,zai-org/GLM-4-9B-0414,1,0,1,0,rigorous,0.0,14.0,0.0
2026-08-12 08:48:26,IA44_m-glm4-9b_sol1_gd0_rs0_bd1_str-rigorous_t00_n1,647,1,1,zai-org/GLM-4-9B-0414,1,0,1,0,rigorous,0.0,18.0,0.0
2026-08-12 08:48:31,IA44_m-glm4-9b_sol1_gd0_rs0_bd1_str-rigorous_t00_n1,647,2,1,zai-org/GLM-4-9B-0414,1,0,1,0,rigorous,0.0,14.0,0.0
2026-08-12 08:48:39,IA44_m-glm4-9b_sol1_gd0_rs0_bd1_str-rigorous_t00_n1,647,3,1,zai-org/GLM-4-9B-0414,1,0,1,0,rigorous,0.0,10.0,0.0
2026-08-12 08:48:49,IA44_m-glm4-9b_sol1_gd0_rs0_bd1_str-rigorous_t00_n1,648,1,1,zai-org/GLM-4-9B-0414,1,0,1,0,rigorous,0.0,15.0,0.0
2026-08-12 08:48:54,IA44_m-glm4-9b_sol1_gd0_rs0_bd1_str-rigorous_t00_n1,648,2,1,zai-org/GLM-4-9B-0414,1,0,1,0,rigorous,0.0,14.0,0.0
2026-08-12 08:49:01,IA44_m-glm4-9b_sol1_gd0_rs0_bd1_str-rigorous_t00_n1,648,3,1,zai-org/GLM-4-9B-0414,1,0,1,0,rigorous,0.0,16.0,0.0
2026-08-12 08:49:10,IA44_m-glm4-9b_sol1_gd0_rs0_bd1_str-rigorous_t00_n1,649,1,1,zai-org/GLM-4-9B-0414,1,0,1,0,rigorous,0.0,10.0,0.0
2026-08-12 08:49:15,IA44_m-glm4-9b_sol1_gd0_rs0_bd1_str-rigorous_t00_n1,649,2,1,zai-org/GLM-4-9B-0414,1,0,1,0,rigorous,0.0,14.0,0.0
2026-08-12 08:49:24,IA44_m-glm4-9b_sol1_gd0_rs0_bd1_str-rigorous_t00_n1,649,3,1,zai-org/GLM-4-9B-0414,1,0,1,0,rigorous,0.0,16.0,0.0
2026-08-12 08:49:32,IA44_m-glm4-9b_sol1_gd0_rs0_bd1_str-rigorous_t00_n1,650,1,1,zai-org/GLM-4-9B-0414,1,0,1,0,rigorous,0.0,15.0,0.0
2026-08-12 08:49:38,IA44_m-glm4-9b_sol1_gd0_rs0_bd1_str-rigorous_t00_n1,650,2,1,zai-org/GLM-4-9B-0414,1,0,1,0,rigorous,0.0,14.0,0.0
2026-08-12 08:49:46,IA44_m-glm4-9b_sol1_gd0_rs0_bd1_str-rigorous_t00_n1,650,3,1,zai-org/GLM-4-9B-0414,1,0,1,0,rigorous,0.0,14.0,0.0
2026-08-12 08:49:50,IA44_m-glm4-9b_sol1_gd0_rs0_bd1_str-rigorous_t00_n1,651,1,1,zai-org/GLM-4-9B-0414,1,0,1,0,rigorous,0.0,18.0,0.0
2026-08-12 08:49:56,IA44_m-glm4-9b_sol1_gd0_rs0_bd1_str-rigorous_t00_n1,651,2,1,zai-org/GLM-4-9B-0414,1,0,1,0,rigorous,0.0,14.0,3.0
2026-08-12 08:50:00,IA44_m-glm4-9b_sol1_gd0_rs0_bd1_str-rigorous_t00_n1,651,3,1,zai-org/GLM-4-9B-0414,1,0,1,0,rigorous,0.0,16.0,0.0
2026-08-12 08:50:10,IA44_m-glm4-9b_sol1_gd0_rs0_bd1_str-rigorous_t00_n1,652,1,1,zai-org/GLM-4-9B-0414,1,0,1,0,rigorous,0.0,22.0,0.0
2026-08-12 08:50:16,IA44_m-glm4-9b_sol1_gd0_rs0_bd1_str-rigorous_t00_n1,652,2,1,zai-org/GLM-4-9B-0414,1,0,1,0,rigorous,0.0,14.0,3.0
2026-08-12 08:50:24,IA44_m-glm4-9b_sol1_gd0_rs0_bd1_str-rigorous_t00_n1,652,3,1,zai-org/GLM-4-9B-0414,1,0,1,0,rigorous,0.0,16.0,0.0
2026-08-12 08:50:33,IA44_m-glm4-9b_sol1_gd0_rs0_bd1_str-rigorous_t00_n1,653,1,1,zai-org/GLM-4-9B-0414,1,0,1,0,rigorous,0.0,15.0,0.0
2026-08-12 08:50:38,IA44_m-glm4-9b_sol1_gd0_rs0_bd1_str-rigorous_t00_n1,653,2,1,zai-org/GLM-4-9B-0414,1,0,1,0,rigorous,0.0,14.0,0.0
2026-08-12 08:50:46,IA44_m-glm4-9b_sol1_gd0_rs0_bd1_str-rigorous_t00_n1,653,3,1,zai-org/GLM-4-9B-0414,1,0,1,0,rigorous,0.0,10.0,0.0
2026-08-12 08:50:50,IA44_m-glm4-9b_sol1_gd0_rs0_bd1_str-rigorous_t00_n1,654,1,1,zai-org/GLM-4-9B-0414,1,0,1,0,rigorous,0.0,18.0,0.0
2026-08-12 08:50:55,IA44_m-glm4-9b_sol1_gd0_rs0_bd1_str-rigorous_t00_n1,654,2,1,zai-org/GLM-4-9B-0414,1,0,1,0,rigorous,0.0,14.0,0.0
2026-08-12 08:51:00,IA44_m-glm4-9b_sol1_gd0_rs0_bd1_str-rigorous_t00_n1,655,1,1,zai-org/GLM-4-9B-0414,1,0,1,0,rigorous,0.0,18.0,0.0
2026-08-12 08:51:05,IA44_m-glm4-9b_sol1_gd0_rs0_bd1_str-rigorous_t00_n1,655,2,1,zai-org/GLM-4-9B-0414,1,0,1,0,rigorous,0.0,14.0,0.0
2026-08-12 08:51:13,IA44_m-glm4-9b_sol1_gd0_rs0_bd1_str-rigorous_t00_n1,655,3,1,zai-org/GLM-4-9B-0414,1,0,1,0,rigorous,0.0,14.0,0.0
2026-08-12 08:51:17,IA44_m-glm4-9b_sol1_gd0_rs0_bd1_str-rigorous_t00_n1,656,1,1,zai-org/GLM-4-9B-0414,1,0,1,0,rigorous,0.0,15.0,0.0
2026-08-12 08:51:23,IA44_m-glm4-9b_sol1_gd0_rs0_bd1_str-rigorous_t00_n1,656,2,1,zai-org/GLM-4-9B-0414,1,0,1,0,rigorous,0.0,14.0,0.0
2026-08-12 08:51:31,IA44_m-glm4-9b_sol1_gd0_rs0_bd1_str-rigorous_t00_n1,656,3,1,zai-org/GLM-4-9B-0414,1,0,1,0,rigorous,0.0,14.0,0.0
2026-08-12 08:51:40,IA44_m-glm4-9b_sol1_gd0_rs0_bd1_str-rigorous_t00_n1,657,1,1,zai-org/GLM-4-9B-0414,1,0,1,0,rigorous,0.0,18.0,0.0
2026-08-12 08:51:45,IA44_m-glm4-9b_sol1_gd0_rs0_bd1_str-rigorous_t00_n1,657,2,1,zai-org/GLM-4-9B-0414,1,0,1,0,rigorous,0.0,13.0,0.0
2026-08-12 08:51:53,IA44_m-glm4-9b_sol1_gd0_rs0_bd1_str-rigorous_t00_n1,657,3,1,zai-org/GLM-4-9B-0414,1,0,1,0,rigorous,0.0,10.0,0.0
2026-08-12 08:52:03,IA44_m-glm4-9b_sol1_gd0_rs0_bd1_str-rigorous_t00_n1,658,1,1,zai-org/GLM-4-9B-0414,1,0,1,0,rigorous,0.0,10.0,0.0
2026-08-12 08:52:08,IA44_m-glm4-9b_sol1_gd0_rs0_bd1_str-rigorous_t00_n1,658,2,1,zai-org/GLM-4-9B-0414,1,0,1,0,rigorous,0.0,14.0,0.0
2026-08-12 08:52:18,IA44_m-glm4-9b_sol1_gd0_rs0_bd1_str-rigorous_t00_n1,658,3,1,zai-org/GLM-4-9B-0414,1,0,1,0,rigorous,0.0,14.0,0.0
2026-08-12 08:52:22,IA44_m-glm4-9b_sol1_gd0_rs0_bd1_str-rigorous_t00_n1,659,1,1,zai-org/GLM-4-9B-0414,1,0,1,0,rigorous,0.0,10.0,0.0
2026-08-12 08:52:28,IA44_m-glm4-9b_sol1_gd0_rs0_bd1_str-rigorous_t00_n1,659,2,1,zai-org/GLM-4-9B-0414,1,0,1,0,rigorous,0.0,13.0,3.0
2026-08-12 08:52:36,IA44_m-glm4-9b_sol1_gd0_rs0_bd1_str-rigorous_t00_n1,659,3,1,zai-org/GLM-4-9B-0414,1,0,1,0,rigorous,0.0,14.0,0.0
2026-08-12 08:52:45,IA44_m-glm4-9b_sol1_gd0_rs0_bd1_str-rigorous_t00_n1,660,1,1,zai-org/GLM-4-9B-0414,1,0,1,0,rigorous,0.0,15.0,0.0
2026-08-12 08:52:51,IA44_m-glm4-9b_sol1_gd0_rs0_bd1_str-rigorous_t00_n1,660,2,1,zai-org/GLM-4-9B-0414,1,0,1,0,rigorous,0.0,14.0,0.0
2026-08-12 08:53:00,IA44_m-glm4-9b_sol1_gd0_rs0_bd1_str-rigorous_t00_n1,660,3,1,zai-org/GLM-4-9B-0414,1,0,1,0,rigorous,0.0,10.0,0.0
2026-08-12 08:53:03,IA44_m-glm4-9b_sol1_gd0_rs0_bd1_str-rigorous_t00_n1,661,1,1,zai-org/GLM-4-9B-0414,1,0,1,0,rigorous,0.0,15.0,0.0
2026-08-12 08:53:08,IA44_m-glm4-9b_sol1_gd0_rs0_bd1_str-rigorous_t00_n1,661,2,1,zai-org/GLM-4-9B-0414,1,0,1,0,rigorous,0.0,13.0,0.0
2026-08-12 08:53:13,IA44_m-glm4-9b_sol1_gd0_rs0_bd1_str-rigorous_t00_n1,661,3,1,zai-org/GLM-4-9B-0414,1,0,1,0,rigorous,0.0,16.0,0.0
2026-08-12 08:53:23,IA44_m-glm4-9b_sol1_gd0_rs0_bd1_str-rigorous_t00_n1,662,1,1,zai-org/GLM-4-9B-0414,1,0,1,0,rigorous,0.0,15.0,0.0
2026-08-12 08:53:29,IA44_m-glm4-9b_sol1_gd0_rs0_bd1_str-rigorous_t00_n1,662,2,1,zai-org/GLM-4-9B-0414,1,0,1,0,rigorous,0.0,14.0,0.0
2026-08-12 08:53:33,IA44_m-glm4-9b_sol1_gd0_rs0_bd1_str-rigorous_t00_n1,662,3,1,zai-org/GLM-4-9B-0414,1,0,1,0,rigorous,0.0,16.0,0.0
2026-08-12 08:53:41,IA44_m-glm4-9b_sol1_gd0_rs0_bd1_str-rigorous_t00_n1,663,1,1,zai-org/GLM-4-9B-0414,1,0,1,0,rigorous,0.0,22.0,0.0
2026-08-12 08:53:48,IA44_m-glm4-9b_sol1_gd0_rs0_bd1_str-rigorous_t00_n1,663,2,1,zai-org/GLM-4-9B-0414,1,0,1,0,rigorous,0.0,14.0,0.0
2026-08-12 08:53:55,IA44_m-glm4-9b_sol1_gd0_rs0_bd1_str-rigorous_t00_n1,663,3,1,zai-org/GLM-4-9B-0414,1,0,1,0,rigorous,0.0,16.0,0.0
2026-08-12 08:54:04,IA44_m-glm4-9b_sol1_gd0_rs0_bd1_str-rigorous_t00_n1,664,1,1,zai-org/GLM-4-9B-0414,1,0,1,0,rigorous,0.0,18.0,0.0
2026-08-12 08:54:09,IA44_m-glm4-9b_sol1_gd0_rs0_bd1_str-rigorous_t00_n1,664,2,1,zai-org/GLM-4-9B-0414,1,0,1,0,rigorous,0.0,14.0,0.0
2026-08-12 08:54:17,IA44_m-glm4-9b_sol1_gd0_rs0_bd1_str-rigorous_t00_n1,664,3,1,zai-org/GLM-4-9B-0414,1,0,1,0,rigorous,0.0,16.0,0.0
2026-08-12 08:54:20,IA44_m-glm4-9b_sol1_gd0_rs0_bd1_str-rigorous_t00_n1,665,1,1,zai-org/GLM-4-9B-0414,1,0,1,0,rigorous,0.0,15.0,0.0
2026-08-12 08:54:26,IA44_m-glm4-9b_sol1_gd0_rs0_bd1_str-rigorous_t00_n1,665,2,1,zai-org/GLM-4-9B-0414,1,0,1,0,rigorous,0.0,14.0,0.0
2026-08-12 08:54:35,IA44_m-glm4-9b_sol1_gd0_rs0_bd1_str-rigorous_t00_n1,665,3,1,zai-org/GLM-4-9B-0414,1,0,1,0,rigorous,0.0,10.0,0.0
2026-08-12 08:54:45,IA44_m-glm4-9b_sol1_gd0_rs0_bd1_str-rigorous_t00_n1,666,1,1,zai-org/GLM-4-9B-0414,1,0,1,0,rigorous,0.0,15.0,0.0
2026-08-12 08:54:51,IA44_m-glm4-9b_sol1_gd0_rs0_bd1_str-rigorous_t00_n1,666,2,1,zai-org/GLM-4-9B-0414,1,0,1,0,rigorous,0.0,14.0,0.0
2026-08-12 08:54:58,IA44_m-glm4-9b_sol1_gd0_rs0_bd1_str-rigorous_t00_n1,666,3,1,zai-org/GLM-4-9B-0414,1,0,1,0,rigorous,0.0,14.0,0.0
2026-08-12 08:55:07,IA44_m-glm4-9b_sol1_gd0_rs0_bd1_str-rigorous_t00_n1,667,1,1,zai-org/GLM-4-9B-0414,1,0,1,0,rigorous,0.0,10.0,0.0
2026-08-12 08:55:12,IA44_m-glm4-9b_sol1_gd0_rs0_bd1_str-rigorous_t00_n1,667,2,1,zai-org/GLM-4-9B-0414,1,0,1,0,rigorous,0.0,14.0,0.0
2026-08-12 08:55:16,IA44_m-glm4-9b_sol1_gd0_rs0_bd1_str-rigorous_t00_n1,667,3,1,zai-org/GLM-4-9B-0414,1,0,1,0,rigorous,0.0,10.0,0.0
2026-08-12 08:55:25,IA44_m-glm4-9b_sol1_gd0_rs0_bd1_str-rigorous_t00_n1,668,1,1,zai-org/GLM-4-9B-0414,1,0,1,0,rigorous,0.0,12.0,0.0
2026-08-12 08:55:36,IA44_m-glm4-9b_sol1_gd0_rs0_bd1_str-rigorous_t00_n1,669,1,1,zai-org/GLM-4-9B-0414,1,0,1,0,rigorous,0.0,18.0,0.0
2026-08-12 08:55:41,IA44_m-glm4-9b_sol1_gd0_rs0_bd1_str-rigorous_t00_n1,669,2,1,zai-org/GLM-4-9B-0414,1,0,1,0,rigorous,0.0,14.0,0.0
2026-08-12 08:55:50,IA44_m-glm4-9b_sol1_gd0_rs0_bd1_str-rigorous_t00_n1,669,3,1,zai-org/GLM-4-9B-0414,1,0,1,0,rigorous,0.0,14.0,0.0
2026-08-12 08:55:54,IA44_m-glm4-9b_sol1_gd0_rs0_bd1_str-rigorous_t00_n1,670,1,1,zai-org/GLM-4-9B-0414,1,0,1,0,rigorous,0.0,15.0,0.0
2026-08-12 08:56:00,IA44_m-glm4-9b_sol1_gd0_rs0_bd1_str-rigorous_t00_n1,670,2,1,zai-org/GLM-4-9B-0414,1,0,1,0,rigorous,0.0,14.0,0.0
2026-08-12 08:56:08,IA44_m-glm4-9b_sol1_gd0_rs0_bd1_str-rigorous_t00_n1,670,3,1,zai-org/GLM-4-9B-0414,1,0,1,0,rigorous,0.0,16.0,0.0
2026-08-12 08:56:12,IA44_m-glm4-9b_sol1_gd0_rs0_bd1_str-rigorous_t00_n1,671,1,1,zai-org/GLM-4-9B-0414,1,0,1,0,rigorous,0.0,15.0,0.0
2026-08-12 08:56:18,IA44_m-glm4-9b_sol1_gd0_rs0_bd1_str-rigorous_t00_n1,671,2,1,zai-org/GLM-4-9B-0414,1,0,1,0,rigorous,0.0,14.0,0.0
2026-08-12 08:56:25,IA44_m-glm4-9b_sol1_gd0_rs0_bd1_str-rigorous_t00_n1,671,3,1,zai-org/GLM-4-9B-0414,1,0,1,0,rigorous,0.0,16.0,0.0
2026-08-12 08:56:29,IA44_m-glm4-9b_sol1_gd0_rs0_bd1_str-rigorous_t00_n1,672,1,1,zai-org/GLM-4-9B-0414,1,0,1,0,rigorous,0.0,19.0,0.0
2026-08-12 08:56:35,IA44_m-glm4-9b_sol1_gd0_rs0_bd1_str-rigorous_t00_n1,672,2,1,zai-org/GLM-4-9B-0414,1,0,1,0,rigorous,0.0,14.0,0.0
2026-08-12 08:56:39,IA44_m-glm4-9b_sol1_gd0_rs0_bd1_str-rigorous_t00_n1,672,3,1,zai-org/GLM-4-9B-0414,1,0,1,0,rigorous,0.0,14.0,0.0
2026-08-12 08:56:43,IA44_m-glm4-9b_sol1_gd0_rs0_bd1_str-rigorous_t00_n1,673,1,1,zai-org/GLM-4-9B-0414,1,0,1,0,rigorous,0.0,15.0,0.0
2026-08-12 08:56:48,IA44_m-glm4-9b_sol1_gd0_rs0_bd1_str-rigorous_t00_n1,673,2,1,zai-org/GLM-4-9B-0414,1,0,1,0,rigorous,0.0,14.0,0.0
2026-08-12 08:56:56,IA44_m-glm4-9b_sol1_gd0_rs0_bd1_str-rigorous_t00_n1,673,3,1,zai-org/GLM-4-9B-0414,1,0,1,0,rigorous,0.0,14.0,0.0
2026-08-12 08:57:05,IA44_m-glm4-9b_sol1_gd0_rs0_bd1_str-rigorous_t00_n1,674,1,1,zai-org/GLM-4-9B-0414,1,0,1,0,rigorous,0.0,18.0,0.0
2026-08-12 08:57:11,IA44_m-glm4-9b_sol1_gd0_rs0_bd1_str-rigorous_t00_n1,674,2,1,zai-org/GLM-4-9B-0414,1,0,1,0,rigorous,0.0,14.0,0.0
2026-08-12 08:57:18,IA44_m-glm4-9b_sol1_gd0_rs0_bd1_str-rigorous_t00_n1,674,3,1,zai-org/GLM-4-9B-0414,1,0,1,0,rigorous,0.0,16.0,0.0
2026-08-12 08:57:22,IA44_m-glm4-9b_sol1_gd0_rs0_bd1_str-rigorous_t00_n1,675,1,1,zai-org/GLM-4-9B-0414,1,0,1,0,rigorous,0.0,19.0,0.0
2026-08-12 08:57:28,IA44_m-glm4-9b_sol1_gd0_rs0_bd1_str-rigorous_t00_n1,675,2,1,zai-org/GLM-4-9B-0414,1,0,1,0,rigorous,0.0,14.0,3.0
2026-08-12 08:57:36,IA44_m-glm4-9b_sol1_gd0_rs0_bd1_str-rigorous_t00_n1,675,3,1,zai-org/GLM-4-9B-0414,1,0,1,0,rigorous,0.0,16.0,0.0
2026-08-12 08:57:40,IA44_m-glm4-9b_sol1_gd0_rs0_bd1_str-rigorous_t00_n1,676,1,1,zai-org/GLM-4-9B-0414,1,0,1,0,rigorous,0.0,22.0,0.0
2026-08-12 08:57:45,IA44_m-glm4-9b_sol1_gd0_rs0_bd1_str-rigorous_t00_n1,676,2,1,zai-org/GLM-4-9B-0414,1,0,1,0,rigorous,0.0,14.0,0.0
2026-08-12 08:57:53,IA44_m-glm4-9b_sol1_gd0_rs0_bd1_str-rigorous_t00_n1,676,3,1,zai-org/GLM-4-9B-0414,1,0,1,0,rigorous,0.0,16.0,0.0
2026-08-12 08:58:03,IA44_m-glm4-9b_sol1_gd0_rs0_bd1_str-rigorous_t00_n1,677,1,1,zai-org/GLM-4-9B-0414,1,0,1,0,rigorous,0.0,15.0,0.0
2026-08-12 08:58:08,IA44_m-glm4-9b_sol1_gd0_rs0_bd1_str-rigorous_t00_n1,677,2,1,zai-org/GLM-4-9B-0414,1,0,1,0,rigorous,0.0,14.0,0.0
2026-08-12 08:58:18,IA44_m-glm4-9b_sol1_gd0_rs0_bd1_str-rigorous_t00_n1,678,1,1,zai-org/GLM-4-9B-0414,1,0,1,0,rigorous,0.0,10.0,0.0
2026-08-12 08:58:28,IA44_m-glm4-9b_sol1_gd0_rs0_bd1_str-rigorous_t00_n1,679,1,1,zai-org/GLM-4-9B-0414,1,0,1,0,rigorous,0.0,15.0,0.0
2026-08-12 08:58:35,IA44_m-glm4-9b_sol1_gd0_rs0_bd1_str-rigorous_t00_n1,679,2,1,zai-org/GLM-4-9B-0414,1,0,1,0,rigorous,0.0,14.0,3.0
2026-08-12 08:58:38,IA44_m-glm4-9b_sol1_gd0_rs0_bd1_str-rigorous_t00_n1,680,1,1,zai-org/GLM-4-9B-0414,1,0,1,0,rigorous,0.0,15.0,0.0
2026-08-12 08:58:44,IA44_m-glm4-9b_sol1_gd0_rs0_bd1_str-rigorous_t00_n1,680,2,1,zai-org/GLM-4-9B-0414,1,0,1,0,rigorous,0.0,14.0,0.0
2026-08-12 08:58:52,IA44_m-glm4-9b_sol1_gd0_rs0_bd1_str-rigorous_t00_n1,680,3,1,zai-org/GLM-4-9B-0414,1,0,1,0,rigorous,0.0,10.0,0.0
2026-08-12 08:58:56,IA44_m-glm4-9b_sol1_gd0_rs0_bd1_str-rigorous_t00_n1,681,1,1,zai-org/GLM-4-9B-0414,1,0,1,0,rigorous,0.0,18.0,0.0
2026-08-12 08:59:02,IA44_m-glm4-9b_sol1_gd0_rs0_bd1_str-rigorous_t00_n1,681,2,1,zai-org/GLM-4-9B-0414,1,0,1,0,rigorous,0.0,14.0,0.0
2026-08-12 08:59:10,IA44_m-glm4-9b_sol1_gd0_rs0_bd1_str-rigorous_t00_n1,681,3,1,zai-org/GLM-4-9B-0414,1,0,1,0,rigorous,0.0,10.0,0.0
2026-08-12 08:59:18,IA44_m-glm4-9b_sol1_gd0_rs0_bd1_str-rigorous_t00_n1,682,1,1,zai-org/GLM-4-9B-0414,1,0,1,0,rigorous,0.0,15.0,0.0
2026-08-12 08:59:24,IA44_m-glm4-9b_sol1_gd0_rs0_bd1_str-rigorous_t00_n1,682,2,1,zai-org/GLM-4-9B-0414,1,0,1,0,rigorous,0.0,14.0,0.0
2026-08-12 08:59:33,IA44_m-glm4-9b_sol1_gd0_rs0_bd1_str-rigorous_t00_n1,682,3,1,zai-org/GLM-4-9B-0414,1,0,1,0,rigorous,0.0,16.0,0.0
2026-08-12 08:59:42,IA44_m-glm4-9b_sol1_gd0_rs0_bd1_str-rigorous_t00_n1,683,1,1,zai-org/GLM-4-9B-0414,1,0,1,0,rigorous,0.0,15.0,0.0
2026-08-12 08:59:48,IA44_m-glm4-9b_sol1_gd0_rs0_bd1_str-rigorous_t00_n1,683,2,1,zai-org/GLM-4-9B-0414,1,0,1,0,rigorous,0.0,14.0,0.0
2026-08-12 08:59:55,IA44_m-glm4-9b_sol1_gd0_rs0_bd1_str-rigorous_t00_n1,683,3,1,zai-org/GLM-4-9B-0414,1,0,1,0,rigorous,0.0,16.0,0.0
2026-08-12 09:00:04,IA44_m-glm4-9b_sol1_gd0_rs0_bd1_str-rigorous_t00_n1,684,1,1,zai-org/GLM-4-9B-0414,1,0,1,0,rigorous,0.0,15.0,0.0
2026-08-12 09:00:10,IA44_m-glm4-9b_sol1_gd0_rs0_bd1_str-rigorous_t00_n1,684,2,1,zai-org/GLM-4-9B-0414,1,0,1,0,rigorous,0.0,14.0,0.0
2026-08-12 09:00:18,IA44_m-glm4-9b_sol1_gd0_rs0_bd1_str-rigorous_t00_n1,684,3,1,zai-org/GLM-4-9B-0414,1,0,1,0,rigorous,0.0,16.0,0.0
2026-08-12 09:00:26,IA44_m-glm4-9b_sol1_gd0_rs0_bd1_str-rigorous_t00_n1,685,1,1,zai-org/GLM-4-9B-0414,1,0,1,0,rigorous,0.0,10.0,0.0
2026-08-12 09:00:32,IA44_m-glm4-9b_sol1_gd0_rs0_bd1_str-rigorous_t00_n1,685,2,1,zai-org/GLM-4-9B-0414,1,0,1,0,rigorous,0.0,5.0,0.0
2026-08-12 09:00:40,IA44_m-glm4-9b_sol1_gd0_rs0_bd1_str-rigorous_t00_n1,685,3,1,zai-org/GLM-4-9B-0414,1,0,1,0,rigorous,0.0,10.0,0.0
2026-08-12 09:00:44,IA44_m-glm4-9b_sol1_gd0_rs0_bd1_str-rigorous_t00_n1,686,1,1,zai-org/GLM-4-9B-0414,1,0,1,0,rigorous,0.0,22.0,0.0
2026-08-12 09:00:50,IA44_m-glm4-9b_sol1_gd0_rs0_bd1_str-rigorous_t00_n1,686,2,1,zai-org/GLM-4-9B-0414,1,0,1,0,rigorous,0.0,14.0,3.0
2026-08-12 09:00:58,IA44_m-glm4-9b_sol1_gd0_rs0_bd1_str-rigorous_t00_n1,686,3,1,zai-org/GLM-4-9B-0414,1,0,1,0,rigorous,0.0,19.0,0.0
2026-08-12 09:01:07,IA44_m-glm4-9b_sol1_gd0_rs0_bd1_str-rigorous_t00_n1,687,1,1,zai-org/GLM-4-9B-0414,1,0,1,0,rigorous,0.0,10.0,0.0
2026-08-12 09:01:12,IA44_m-glm4-9b_sol1_gd0_rs0_bd1_str-rigorous_t00_n1,687,2,1,zai-org/GLM-4-9B-0414,1,0,1,0,rigorous,0.0,14.0,0.0
2026-08-12 09:01:20,IA44_m-glm4-9b_sol1_gd0_rs0_bd1_str-rigorous_t00_n1,687,3,1,zai-org/GLM-4-9B-0414,1,0,1,0,rigorous,0.0,10.0,0.0
2026-08-12 09:01:30,IA44_m-glm4-9b_sol1_gd0_rs0_bd1_str-rigorous_t00_n1,688,1,1,zai-org/GLM-4-9B-0414,1,0,1,0,rigorous,0.0,15.0,0.0
2026-08-12 09:01:35,IA44_m-glm4-9b_sol1_gd0_rs0_bd1_str-rigorous_t00_n1,688,2,1,zai-org/GLM-4-9B-0414,1,0,1,0,rigorous,0.0,14.0,3.0
2026-08-12 09:01:43,IA44_m-glm4-9b_sol1_gd0_rs0_bd1_str-rigorous_t00_n1,688,3,1,zai-org/GLM-4-9B-0414,1,0,1,0,rigorous,0.0,14.0,0.0
2026-08-12 09:01:50,IA44_m-glm4-9b_sol1_gd0_rs0_bd1_str-rigorous_t00_n1,689,1,1,zai-org/GLM-4-9B-0414,1,0,1,0,rigorous,0.0,18.0,0.0
2026-08-12 09:01:55,IA44_m-glm4-9b_sol1_gd0_rs0_bd1_str-rigorous_t00_n1,689,2,1,zai-org/GLM-4-9B-0414,1,0,1,0,rigorous,0.0,14.0,0.0
2026-08-12 09:02:03,IA44_m-glm4-9b_sol1_gd0_rs0_bd1_str-rigorous_t00_n1,689,3,1,zai-org/GLM-4-9B-0414,1,0,1,0,rigorous,0.0,16.0,0.0
2026-08-12 09:02:08,IA44_m-glm4-9b_sol1_gd0_rs0_bd1_str-rigorous_t00_n1,690,1,1,zai-org/GLM-4-9B-0414,1,0,1,0,rigorous,0.0,19.0,0.0
2026-08-12 09:02:13,IA44_m-glm4-9b_sol1_gd0_rs0_bd1_str-rigorous_t00_n1,690,2,1,zai-org/GLM-4-9B-0414,1,0,1,0,rigorous,0.0,14.0,0.0
2026-08-12 09:02:22,IA44_m-glm4-9b_sol1_gd0_rs0_bd1_str-rigorous_t00_n1,690,3,1,zai-org/GLM-4-9B-0414,1,0,1,0,rigorous,0.0,16.0,0.0
2026-08-12 09:02:31,IA44_m-glm4-9b_sol1_gd0_rs0_bd1_str-rigorous_t00_n1,691,1,1,zai-org/GLM-4-9B-0414,1,0,1,0,rigorous,0.0,15.0,0.0
2026-08-12 09:02:36,IA44_m-glm4-9b_sol1_gd0_rs0_bd1_str-rigorous_t00_n1,691,2,1,zai-org/GLM-4-9B-0414,1,0,1,0,rigorous,0.0,14.0,0.0
2026-08-12 09:02:44,IA44_m-glm4-9b_sol1_gd0_rs0_bd1_str-rigorous_t00_n1,691,3,1,zai-org/GLM-4-9B-0414,1,0,1,0,rigorous,0.0,16.0,0.0
2026-08-12 09:02:52,IA44_m-glm4-9b_sol1_gd0_rs0_bd1_str-rigorous_t00_n1,692,1,1,zai-org/GLM-4-9B-0414,1,0,1,0,rigorous,0.0,19.0,0.0
2026-08-12 09:02:58,IA44_m-glm4-9b_sol1_gd0_rs0_bd1_str-rigorous_t00_n1,692,2,1,zai-org/GLM-4-9B-0414,1,0,1,0,rigorous,0.0,14.0,0.0
2026-08-12 09:03:05,IA44_m-glm4-9b_sol1_gd0_rs0_bd1_str-rigorous_t00_n1,692,3,1,zai-org/GLM-4-9B-0414,1,0,1,0,rigorous,0.0,16.0,0.0
2026-08-12 09:03:15,IA44_m-glm4-9b_sol1_gd0_rs0_bd1_str-rigorous_t00_n1,693,1,1,zai-org/GLM-4-9B-0414,1,0,1,0,rigorous,0.0,15.0,0.0
2026-08-12 09:03:21,IA44_m-glm4-9b_sol1_gd0_rs0_bd1_str-rigorous_t00_n1,693,2,1,zai-org/GLM-4-9B-0414,1,0,1,0,rigorous,0.0,14.0,0.0
2026-08-12 09:03:30,IA44_m-glm4-9b_sol1_gd0_rs0_bd1_str-rigorous_t00_n1,693,3,1,zai-org/GLM-4-9B-0414,1,0,1,0,rigorous,0.0,10.0,0.0
2026-08-12 09:03:38,IA44_m-glm4-9b_sol1_gd0_rs0_bd1_str-rigorous_t00_n1,694,1,1,zai-org/GLM-4-9B-0414,1,0,1,0,rigorous,0.0,18.0,0.0
2026-08-12 09:03:44,IA44_m-glm4-9b_sol1_gd0_rs0_bd1_str-rigorous_t00_n1,694,2,1,zai-org/GLM-4-9B-0414,1,0,1,0,rigorous,0.0,14.0,0.0
2026-08-12 09:03:52,IA44_m-glm4-9b_sol1_gd0_rs0_bd1_str-rigorous_t00_n1,694,3,1,zai-org/GLM-4-9B-0414,1,0,1,0,rigorous,0.0,14.0,0.0
2026-08-12 09:04:02,IA44_m-glm4-9b_sol1_gd0_rs0_bd1_str-rigorous_t00_n1,695,1,1,zai-org/GLM-4-9B-0414,1,0,1,0,rigorous,0.0,15.0,0.0
2026-08-12 09:04:08,IA44_m-glm4-9b_sol1_gd0_rs0_bd1_str-rigorous_t00_n1,695,2,1,zai-org/GLM-4-9B-0414,1,0,1,0,rigorous,0.0,5.0,0.0
2026-08-12 09:04:16,IA44_m-glm4-9b_sol1_gd0_rs0_bd1_str-rigorous_t00_n1,695,3,1,zai-org/GLM-4-9B-0414,1,0,1,0,rigorous,0.0,10.0,0.0
2026-08-12 09:04:24,IA44_m-glm4-9b_sol1_gd0_rs0_bd1_str-rigorous_t00_n1,696,1,1,zai-org/GLM-4-9B-0414,1,0,1,0,rigorous,0.0,15.0,0.0
2026-08-12 09:04:30,IA44_m-glm4-9b_sol1_gd0_rs0_bd1_str-rigorous_t00_n1,696,2,1,zai-org/GLM-4-9B-0414,1,0,1,0,rigorous,0.0,14.0,0.0
2026-08-12 09:04:33,IA44_m-glm4-9b_sol1_gd0_rs0_bd1_str-rigorous_t00_n1,696,3,1,zai-org/GLM-4-9B-0414,1,0,1,0,rigorous,0.0,10.0,0.0
2026-08-12 09:04:37,IA44_m-glm4-9b_sol1_gd0_rs0_bd1_str-rigorous_t00_n1,697,1,1,zai-org/GLM-4-9B-0414,1,0,1,0,rigorous,0.0,15.0,0.0
2026-08-12 09:04:46,IA44_m-glm4-9b_sol1_gd0_rs0_bd1_str-rigorous_t00_n1,697,3,1,zai-org/GLM-4-9B-0414,1,0,1,0,rigorous,0.0,16.0,0.0
2026-08-12 09:04:50,IA44_m-glm4-9b_sol1_gd0_rs0_bd1_str-rigorous_t00_n1,698,1,1,zai-org/GLM-4-9B-0414,1,0,1,0,rigorous,0.0,15.0,0.0
2026-08-12 09:04:56,IA44_m-glm4-9b_sol1_gd0_rs0_bd1_str-rigorous_t00_n1,698,2,1,zai-org/GLM-4-9B-0414,1,0,1,0,rigorous,0.0,14.0,0.0
2026-08-12 09:05:00,IA44_m-glm4-9b_sol1_gd0_rs0_bd1_str-rigorous_t00_n1,698,3,1,zai-org/GLM-4-9B-0414,1,0,1,0,rigorous,0.0,10.0,0.0
2026-08-12 09:05:10,IA44_m-glm4-9b_sol1_gd0_rs0_bd1_str-rigorous_t00_n1,699,1,1,zai-org/GLM-4-9B-0414,1,0,1,0,rigorous,0.0,15.0,0.0
2026-08-12 09:05:15,IA44_m-glm4-9b_sol1_gd0_rs0_bd1_str-rigorous_t00_n1,699,2,1,zai-org/GLM-4-9B-0414,1,0,1,0,rigorous,0.0,10.0,0.0
2026-08-12 09:05:24,IA44_m-glm4-9b_sol1_gd0_rs0_bd1_str-rigorous_t00_n1,699,3,1,zai-org/GLM-4-9B-0414,1,0,1,0,rigorous,0.0,16.0,0.0
2026-08-12 09:05:34,IA44_m-glm4-9b_sol1_gd0_rs0_bd1_str-rigorous_t00_n1,700,1,1,zai-org/GLM-4-9B-0414,1,0,1,0,rigorous,0.0,14.0,0.0
2026-08-12 09:05:40,IA44_m-glm4-9b_sol1_gd0_rs0_bd1_str-rigorous_t00_n1,700,2,1,zai-org/GLM-4-9B-0414,1,0,1,0,rigorous,0.0,12.0,0.0
2026-08-12 09:05:47,IA44_m-glm4-9b_sol1_gd0_rs0_bd1_str-rigorous_t00_n1,700,3,1,zai-org/GLM-4-9B-0414,1,0,1,0,rigorous,0.0,14.0,0.0
2026-08-12 09:05:57,IA44_m-glm4-9b_sol1_gd0_rs0_bd1_str-rigorous_t00_n1,701,1,1,zai-org/GLM-4-9B-0414,1,0,1,0,rigorous,0.0,15.0,0.0
2026-08-12 09:06:03,IA44_m-glm4-9b_sol1_gd0_rs0_bd1_str-rigorous_t00_n1,701,2,1,zai-org/GLM-4-9B-0414,1,0,1,0,rigorous,0.0,14.0,3.0
2026-08-12 09:06:12,IA44_m-glm4-9b_sol1_gd0_rs0_bd1_str-rigorous_t00_n1,701,3,1,zai-org/GLM-4-9B-0414,1,0,1,0,rigorous,0.0,16.0,0.0
2026-08-12 09:06:20,IA44_m-glm4-9b_sol1_gd0_rs0_bd1_str-rigorous_t00_n1,702,1,1,zai-org/GLM-4-9B-0414,1,0,1,0,rigorous,0.0,15.0,0.0
2026-08-12 09:06:25,IA44_m-glm4-9b_sol1_gd0_rs0_bd1_str-rigorous_t00_n1,702,2,1,zai-org/GLM-4-9B-0414,1,0,1,0,rigorous,0.0,14.0,0.0
2026-08-12 09:06:34,IA44_m-glm4-9b_sol1_gd0_rs0_bd1_str-rigorous_t00_n1,702,3,1,zai-org/GLM-4-9B-0414,1,0,1,0,rigorous,0.0,16.0,0.0
2026-08-12 09:06:40,IA44_m-glm4-9b_sol1_gd0_rs0_bd1_str-rigorous_t00_n1,703,1,1,zai-org/GLM-4-9B-0414,1,0,1,0,rigorous,0.0,18.0,0.0
2026-08-12 09:06:45,IA44_m-glm4-9b_sol1_gd0_rs0_bd1_str-rigorous_t00_n1,703,2,1,zai-org/GLM-4-9B-0414,1,0,1,0,rigorous,0.0,14.0,0.0
2026-08-12 09:06:53,IA44_m-glm4-9b_sol1_gd0_rs0_bd1_str-rigorous_t00_n1,703,3,1,zai-org/GLM-4-9B-0414,1,0,1,0,rigorous,0.0,14.0,0.0
2026-08-12 09:07:02,IA44_m-glm4-9b_sol1_gd0_rs0_bd1_str-rigorous_t00_n1,704,1,1,zai-org/GLM-4-9B-0414,1,0,1,0,rigorous,0.0,19.0,0.0
2026-08-12 09:07:07,IA44_m-glm4-9b_sol1_gd0_rs0_bd1_str-rigorous_t00_n1,704,2,1,zai-org/GLM-4-9B-0414,1,0,1,0,rigorous,0.0,14.0,0.0
2026-08-12 09:07:16,IA44_m-glm4-9b_sol1_gd0_rs0_bd1_str-rigorous_t00_n1,704,3,1,zai-org/GLM-4-9B-0414,1,0,1,0,rigorous,0.0,14.0,0.0
2026-08-12 09:07:19,IA44_m-glm4-9b_sol1_gd0_rs0_bd1_str-rigorous_t00_n1,705,1,1,zai-org/GLM-4-9B-0414,1,0,1,0,rigorous,0.0,0.0,0.0
2026-08-12 09:07:26,IA44_m-glm4-9b_sol1_gd0_rs0_bd1_str-rigorous_t00_n1,705,2,1,zai-org/GLM-4-9B-0414,1,0,1,0,rigorous,0.0,14.0,0.0
2026-08-12 09:07:34,IA44_m-glm4-9b_sol1_gd0_rs0_bd1_str-rigorous_t00_n1,705,3,1,zai-org/GLM-4-9B-0414,1,0,1,0,rigorous,0.0,16.0,0.0
2026-08-12 09:07:38,IA44_m-glm4-9b_sol1_gd0_rs0_bd1_str-rigorous_t00_n1,706,1,1,zai-org/GLM-4-9B-0414,1,0,1,0,rigorous,0.0,19.0,0.0
2026-08-12 09:07:43,IA44_m-glm4-9b_sol1_gd0_rs0_bd1_str-rigorous_t00_n1,706,2,1,zai-org/GLM-4-9B-0414,1,0,1,0,rigorous,0.0,14.0,0.0
2026-08-12 09:07:51,IA44_m-glm4-9b_sol1_gd0_rs0_bd1_str-rigorous_t00_n1,706,3,1,zai-org/GLM-4-9B-0414,1,0,1,0,rigorous,0.0,16.0,0.0
2026-08-12 09:07:55,IA44_m-glm4-9b_sol1_gd0_rs0_bd1_str-rigorous_t00_n1,707,1,1,zai-org/GLM-4-9B-0414,1,0,1,0,rigorous,0.0,10.0,0.0
2026-08-12 09:08:03,IA44_m-glm4-9b_sol1_gd0_rs0_bd1_str-rigorous_t00_n1,707,2,1,zai-org/GLM-4-9B-0414,1,0,1,0,rigorous,0.0,14.0,0.0
2026-08-12 09:08:11,IA44_m-glm4-9b_sol1_gd0_rs0_bd1_str-rigorous_t00_n1,707,3,1,zai-org/GLM-4-9B-0414,1,0,1,0,rigorous,0.0,14.0,0.0
2026-08-12 09:08:20,IA44_m-glm4-9b_sol1_gd0_rs0_bd1_str-rigorous_t00_n1,708,1,1,zai-org/GLM-4-9B-0414,1,0,1,0,rigorous,0.0,15.0,0.0
2026-08-12 09:08:26,IA44_m-glm4-9b_sol1_gd0_rs0_bd1_str-rigorous_t00_n1,708,2,1,zai-org/GLM-4-9B-0414,1,0,1,0,rigorous,0.0,14.0,3.0
2026-08-12 09:08:33,IA44_m-glm4-9b_sol1_gd0_rs0_bd1_str-rigorous_t00_n1,708,3,1,zai-org/GLM-4-9B-0414,1,0,1,0,rigorous,0.0,14.0,0.0
2026-08-12 09:08:37,IA44_m-glm4-9b_sol1_gd0_rs0_bd1_str-rigorous_t00_n1,709,1,1,zai-org/GLM-4-9B-0414,1,0,1,0,rigorous,0.0,10.0,0.0
2026-08-12 09:08:42,IA44_m-glm4-9b_sol1_gd0_rs0_bd1_str-rigorous_t00_n1,709,2,1,zai-org/GLM-4-9B-0414,1,0,1,0,rigorous,0.0,14.0,0.0
2026-08-12 09:08:50,IA44_m-glm4-9b_sol1_gd0_rs0_bd1_str-rigorous_t00_n1,709,3,1,zai-org/GLM-4-9B-0414,1,0,1,0,rigorous,0.0,10.0,0.0
2026-08-12 09:09:00,IA44_m-glm4-9b_sol1_gd0_rs0_bd1_str-rigorous_t00_n1,710,1,1,zai-org/GLM-4-9B-0414,1,0,1,0,rigorous,0.0,10.0,0.0
2026-08-12 09:09:05,IA44_m-glm4-9b_sol1_gd0_rs0_bd1_str-rigorous_t00_n1,710,2,1,zai-org/GLM-4-9B-0414,1,0,1,0,rigorous,0.0,14.0,0.0
2026-08-12 09:09:13,IA44_m-glm4-9b_sol1_gd0_rs0_bd1_str-rigorous_t00_n1,710,3,1,zai-org/GLM-4-9B-0414,1,0,1,0,rigorous,0.0,14.0,0.0
2026-08-12 09:09:17,IA44_m-glm4-9b_sol1_gd0_rs0_bd1_str-rigorous_t00_n1,711,1,1,zai-org/GLM-4-9B-0414,1,0,1,0,rigorous,0.0,10.0,0.0
2026-08-12 09:09:22,IA44_m-glm4-9b_sol1_gd0_rs0_bd1_str-rigorous_t00_n1,711,2,1,zai-org/GLM-4-9B-0414,1,0,1,0,rigorous,0.0,14.0,0.0
2026-08-12 09:09:31,IA44_m-glm4-9b_sol1_gd0_rs0_bd1_str-rigorous_t00_n1,711,3,1,zai-org/GLM-4-9B-0414,1,0,1,0,rigorous,0.0,14.0,0.0
2026-08-12 09:09:34,IA44_m-glm4-9b_sol1_gd0_rs0_bd1_str-rigorous_t00_n1,712,1,1,zai-org/GLM-4-9B-0414,1,0,1,0,rigorous,0.0,15.0,0.0
2026-08-12 09:09:41,IA44_m-glm4-9b_sol1_gd0_rs0_bd1_str-rigorous_t00_n1,712,2,1,zai-org/GLM-4-9B-0414,1,0,1,0,rigorous,0.0,10.0,0.0
2026-08-12 09:09:49,IA44_m-glm4-9b_sol1_gd0_rs0_bd1_str-rigorous_t00_n1,712,3,1,zai-org/GLM-4-9B-0414,1,0,1,0,rigorous,0.0,10.0,0.0
2026-08-12 09:09:58,IA44_m-glm4-9b_sol1_gd0_rs0_bd1_str-rigorous_t00_n1,713,1,1,zai-org/GLM-4-9B-0414,1,0,1,0,rigorous,0.0,10.0,0.0
2026-08-12 09:10:04,IA44_m-glm4-9b_sol1_gd0_rs0_bd1_str-rigorous_t00_n1,713,2,1,zai-org/GLM-4-9B-0414,1,0,1,0,rigorous,0.0,14.0,0.0
2026-08-12 09:10:12,IA44_m-glm4-9b_sol1_gd0_rs0_bd1_str-rigorous_t00_n1,713,3,1,zai-org/GLM-4-9B-0414,1,0,1,0,rigorous,0.0,10.0,0.0
2026-08-12 09:10:23,IA44_m-glm4-9b_sol1_gd0_rs0_bd1_str-rigorous_t00_n1,714,1,1,zai-org/GLM-4-9B-0414,1,0,1,0,rigorous,0.0,15.0,0.0
2026-08-12 09:10:28,IA44_m-glm4-9b_sol1_gd0_rs0_bd1_str-rigorous_t00_n1,714,2,1,zai-org/GLM-4-9B-0414,1,0,1,0,rigorous,0.0,14.0,0.0
2026-08-12 09:10:32,IA44_m-glm4-9b_sol1_gd0_rs0_bd1_str-rigorous_t00_n1,714,3,1,zai-org/GLM-4-9B-0414,1,0,1,0,rigorous,0.0,16.0,0.0
2026-08-12 09:10:36,IA44_m-glm4-9b_sol1_gd0_rs0_bd1_str-rigorous_t00_n1,715,1,1,zai-org/GLM-4-9B-0414,1,0,1,0,rigorous,0.0,10.0,0.0
2026-08-12 09:10:41,IA44_m-glm4-9b_sol1_gd0_rs0_bd1_str-rigorous_t00_n1,715,2,1,zai-org/GLM-4-9B-0414,1,0,1,0,rigorous,0.0,14.0,0.0
2026-08-12 09:10:50,IA44_m-glm4-9b_sol1_gd0_rs0_bd1_str-rigorous_t00_n1,715,3,1,zai-org/GLM-4-9B-0414,1,0,1,0,rigorous,0.0,10.0,0.0
2026-08-12 09:10:53,IA44_m-glm4-9b_sol1_gd0_rs0_bd1_str-rigorous_t00_n1,716,1,1,zai-org/GLM-4-9B-0414,1,0,1,0,rigorous,0.0,15.0,0.0
2026-08-12 09:10:59,IA44_m-glm4-9b_sol1_gd0_rs0_bd1_str-rigorous_t00_n1,716,2,1,zai-org/GLM-4-9B-0414,1,0,1,0,rigorous,0.0,10.0,0.0
2026-08-12 09:11:07,IA44_m-glm4-9b_sol1_gd0_rs0_bd1_str-rigorous_t00_n1,716,3,1,zai-org/GLM-4-9B-0414,1,0,1,0,rigorous,0.0,10.0,0.0
2026-08-12 09:11:11,IA44_m-glm4-9b_sol1_gd0_rs0_bd1_str-rigorous_t00_n1,717,1,1,zai-org/GLM-4-9B-0414,1,0,1,0,rigorous,0.0,15.0,0.0
2026-08-12 09:11:17,IA44_m-glm4-9b_sol1_gd0_rs0_bd1_str-rigorous_t00_n1,717,2,1,zai-org/GLM-4-9B-0414,1,0,1,0,rigorous,0.0,14.0,0.0
2026-08-12 09:11:21,IA44_m-glm4-9b_sol1_gd0_rs0_bd1_str-rigorous_t00_n1,717,3,1,zai-org/GLM-4-9B-0414,1,0,1,0,rigorous,0.0,16.0,0.0
2026-08-12 09:11:30,IA44_m-glm4-9b_sol1_gd0_rs0_bd1_str-rigorous_t00_n1,718,1,1,zai-org/GLM-4-9B-0414,1,0,1,0,rigorous,0.0,18.0,0.0
2026-08-12 09:11:35,IA44_m-glm4-9b_sol1_gd0_rs0_bd1_str-rigorous_t00_n1,718,2,1,zai-org/GLM-4-9B-0414,1,0,1,0,rigorous,0.0,14.0,0.0
2026-08-12 09:11:43,IA44_m-glm4-9b_sol1_gd0_rs0_bd1_str-rigorous_t00_n1,718,3,1,zai-org/GLM-4-9B-0414,1,0,1,0,rigorous,0.0,14.0,0.0
2026-08-12 09:11:53,IA44_m-glm4-9b_sol1_gd0_rs0_bd1_str-rigorous_t00_n1,719,1,1,zai-org/GLM-4-9B-0414,1,0,1,0,rigorous,0.0,15.0,0.0
2026-08-12 09:11:58,IA44_m-glm4-9b_sol1_gd0_rs0_bd1_str-rigorous_t00_n1,719,2,1,zai-org/GLM-4-9B-0414,1,0,1,0,rigorous,0.0,13.0,3.0
2026-08-12 09:12:07,IA44_m-glm4-9b_sol1_gd0_rs0_bd1_str-rigorous_t00_n1,719,3,1,zai-org/GLM-4-9B-0414,1,0,1,0,rigorous,0.0,14.0,0.0
2026-08-12 09:12:11,IA44_m-glm4-9b_sol1_gd0_rs0_bd1_str-rigorous_t00_n1,720,1,1,zai-org/GLM-4-9B-0414,1,0,1,0,rigorous,0.0,15.0,0.0
2026-08-12 09:12:16,IA44_m-glm4-9b_sol1_gd0_rs0_bd1_str-rigorous_t00_n1,720,2,1,zai-org/GLM-4-9B-0414,1,0,1,0,rigorous,0.0,14.0,0.0
2026-08-12 09:12:24,IA44_m-glm4-9b_sol1_gd0_rs0_bd1_str-rigorous_t00_n1,720,3,1,zai-org/GLM-4-9B-0414,1,0,1,0,rigorous,0.0,16.0,0.0
2026-08-12 09:12:34,IA44_m-glm4-9b_sol1_gd0_rs0_bd1_str-rigorous_t00_n1,721,1,1,zai-org/GLM-4-9B-0414,1,0,1,0,rigorous,0.0,10.0,0.0
2026-08-12 09:12:39,IA44_m-glm4-9b_sol1_gd0_rs0_bd1_str-rigorous_t00_n1,721,2,1,zai-org/GLM-4-9B-0414,1,0,1,0,rigorous,0.0,10.0,0.0
2026-08-12 09:12:47,IA44_m-glm4-9b_sol1_gd0_rs0_bd1_str-rigorous_t00_n1,721,3,1,zai-org/GLM-4-9B-0414,1,0,1,0,rigorous,0.0,14.0,0.0
2026-08-12 09:12:59,IA44_m-glm4-9b_sol1_gd0_rs0_bd1_str-rigorous_t00_n1,722,1,1,zai-org/GLM-4-9B-0414,1,0,1,0,rigorous,0.0,12.0,0.0
2026-08-12 09:13:02,IA44_m-glm4-9b_sol1_gd0_rs0_bd1_str-rigorous_t00_n1,722,3,1,zai-org/GLM-4-9B-0414,1,0,1,0,rigorous,0.0,10.0,0.0
2026-08-12 09:13:07,IA44_m-glm4-9b_sol1_gd0_rs0_bd1_str-rigorous_t00_n1,723,1,1,zai-org/GLM-4-9B-0414,1,0,1,0,rigorous,0.0,15.0,0.0
2026-08-12 09:13:12,IA44_m-glm4-9b_sol1_gd0_rs0_bd1_str-rigorous_t00_n1,723,2,1,zai-org/GLM-4-9B-0414,1,0,1,0,rigorous,0.0,14.0,0.0
2026-08-12 09:13:22,IA44_m-glm4-9b_sol1_gd0_rs0_bd1_str-rigorous_t00_n1,723,3,1,zai-org/GLM-4-9B-0414,1,0,1,0,rigorous,0.0,14.0,0.0
2026-08-12 09:13:26,IA44_m-glm4-9b_sol1_gd0_rs0_bd1_str-rigorous_t00_n1,724,1,1,zai-org/GLM-4-9B-0414,1,0,1,0,rigorous,0.0,15.0,0.0
2026-08-12 09:13:32,IA44_m-glm4-9b_sol1_gd0_rs0_bd1_str-rigorous_t00_n1,724,2,1,zai-org/GLM-4-9B-0414,1,0,1,0,rigorous,0.0,5.0,0.0
2026-08-12 09:13:40,IA44_m-glm4-9b_sol1_gd0_rs0_bd1_str-rigorous_t00_n1,724,3,1,zai-org/GLM-4-9B-0414,1,0,1,0,rigorous,0.0,14.0,0.0
2026-08-12 09:13:44,IA44_m-glm4-9b_sol1_gd0_rs0_bd1_str-rigorous_t00_n1,725,1,1,zai-org/GLM-4-9B-0414,1,0,1,0,rigorous,0.0,18.0,0.0
2026-08-12 09:13:48,IA44_m-glm4-9b_sol1_gd0_rs0_bd1_str-rigorous_t00_n1,725,3,1,zai-org/GLM-4-9B-0414,1,0,1,0,rigorous,0.0,10.0,0.0
2026-08-12 09:13:59,IA44_m-glm4-9b_sol1_gd0_rs0_bd1_str-rigorous_t00_n1,726,1,1,zai-org/GLM-4-9B-0414,1,0,1,0,rigorous,0.0,19.0,0.0
2026-08-12 09:14:05,IA44_m-glm4-9b_sol1_gd0_rs0_bd1_str-rigorous_t00_n1,726,2,1,zai-org/GLM-4-9B-0414,1,0,1,0,rigorous,0.0,14.0,0.0
2026-08-12 09:14:12,IA44_m-glm4-9b_sol1_gd0_rs0_bd1_str-rigorous_t00_n1,726,3,1,zai-org/GLM-4-9B-0414,1,0,1,0,rigorous,0.0,10.0,0.0
2026-08-12 09:14:16,IA44_m-glm4-9b_sol1_gd0_rs0_bd1_str-rigorous_t00_n1,727,1,1,zai-org/GLM-4-9B-0414,1,0,1,0,rigorous,0.0,10.0,0.0
2026-08-12 09:14:21,IA44_m-glm4-9b_sol1_gd0_rs0_bd1_str-rigorous_t00_n1,727,2,1,zai-org/GLM-4-9B-0414,1,0,1,0,rigorous,0.0,14.0,0.0
2026-08-12 09:14:25,IA44_m-glm4-9b_sol1_gd0_rs0_bd1_str-rigorous_t00_n1,727,3,1,zai-org/GLM-4-9B-0414,1,0,1,0,rigorous,0.0,10.0,0.0
2026-08-12 09:14:29,IA44_m-glm4-9b_sol1_gd0_rs0_bd1_str-rigorous_t00_n1,728,1,1,zai-org/GLM-4-9B-0414,1,0,1,0,rigorous,0.0,10.0,0.0
2026-08-12 09:14:34,IA44_m-glm4-9b_sol1_gd0_rs0_bd1_str-rigorous_t00_n1,728,2,1,zai-org/GLM-4-9B-0414,1,0,1,0,rigorous,0.0,14.0,0.0
2026-08-12 09:14:43,IA44_m-glm4-9b_sol1_gd0_rs0_bd1_str-rigorous_t00_n1,728,3,1,zai-org/GLM-4-9B-0414,1,0,1,0,rigorous,0.0,10.0,0.0
2026-08-12 09:14:53,IA44_m-glm4-9b_sol1_gd0_rs0_bd1_str-rigorous_t00_n1,729,1,1,zai-org/GLM-4-9B-0414,1,0,1,0,rigorous,0.0,15.0,0.0
2026-08-12 09:14:58,IA44_m-glm4-9b_sol1_gd0_rs0_bd1_str-rigorous_t00_n1,729,2,1,zai-org/GLM-4-9B-0414,1,0,1,0,rigorous,0.0,14.0,0.0
2026-08-12 09:15:06,IA44_m-glm4-9b_sol1_gd0_rs0_bd1_str-rigorous_t00_n1,729,3,1,zai-org/GLM-4-9B-0414,1,0,1,0,rigorous,0.0,16.0,0.0
2026-08-12 09:15:11,IA44_m-glm4-9b_sol1_gd0_rs0_bd1_str-rigorous_t00_n1,730,1,1,zai-org/GLM-4-9B-0414,1,0,1,0,rigorous,0.0,19.0,0.0
2026-08-12 09:15:16,IA44_m-glm4-9b_sol1_gd0_rs0_bd1_str-rigorous_t00_n1,730,2,1,zai-org/GLM-4-9B-0414,1,0,1,0,rigorous,0.0,14.0,0.0
2026-08-12 09:15:24,IA44_m-glm4-9b_sol1_gd0_rs0_bd1_str-rigorous_t00_n1,730,3,1,zai-org/GLM-4-9B-0414,1,0,1,0,rigorous,0.0,14.0,0.0
2026-08-12 09:15:33,IA44_m-glm4-9b_sol1_gd0_rs0_bd1_str-rigorous_t00_n1,731,1,1,zai-org/GLM-4-9B-0414,1,0,1,0,rigorous,0.0,18.0,0.0
2026-08-12 09:15:39,IA44_m-glm4-9b_sol1_gd0_rs0_bd1_str-rigorous_t00_n1,731,2,1,zai-org/GLM-4-9B-0414,1,0,1,0,rigorous,0.0,13.0,0.0
2026-08-12 09:15:48,IA44_m-glm4-9b_sol1_gd0_rs0_bd1_str-rigorous_t00_n1,731,3,1,zai-org/GLM-4-9B-0414,1,0,1,0,rigorous,0.0,16.0,0.0
2026-08-12 09:15:58,IA44_m-glm4-9b_sol1_gd0_rs0_bd1_str-rigorous_t00_n1,732,1,1,zai-org/GLM-4-9B-0414,1,0,1,0,rigorous,0.0,10.0,0.0
2026-08-12 09:16:03,IA44_m-glm4-9b_sol1_gd0_rs0_bd1_str-rigorous_t00_n1,732,2,1,zai-org/GLM-4-9B-0414,1,0,1,0,rigorous,0.0,14.0,0.0
2026-08-12 09:16:08,IA44_m-glm4-9b_sol1_gd0_rs0_bd1_str-rigorous_t00_n1,732,3,1,zai-org/GLM-4-9B-0414,1,0,1,0,rigorous,0.0,10.0,0.0
2026-08-12 09:16:12,IA44_m-glm4-9b_sol1_gd0_rs0_bd1_str-rigorous_t00_n1,733,1,1,zai-org/GLM-4-9B-0414,1,0,1,0,rigorous,0.0,19.0,0.0
2026-08-12 09:16:17,IA44_m-glm4-9b_sol1_gd0_rs0_bd1_str-rigorous_t00_n1,733,2,1,zai-org/GLM-4-9B-0414,1,0,1,0,rigorous,0.0,14.0,0.0
2026-08-12 09:16:25,IA44_m-glm4-9b_sol1_gd0_rs0_bd1_str-rigorous_t00_n1,733,3,1,zai-org/GLM-4-9B-0414,1,0,1,0,rigorous,0.0,16.0,0.0
2026-08-12 09:16:35,IA44_m-glm4-9b_sol1_gd0_rs0_bd1_str-rigorous_t00_n1,734,1,1,zai-org/GLM-4-9B-0414,1,0,1,0,rigorous,0.0,10.0,0.0
2026-08-12 09:16:40,IA44_m-glm4-9b_sol1_gd0_rs0_bd1_str-rigorous_t00_n1,734,2,1,zai-org/GLM-4-9B-0414,1,0,1,0,rigorous,0.0,14.0,0.0
2026-08-12 09:16:44,IA44_m-glm4-9b_sol1_gd0_rs0_bd1_str-rigorous_t00_n1,734,3,1,zai-org/GLM-4-9B-0414,1,0,1,0,rigorous,0.0,10.0,0.0
2026-08-12 09:16:53,IA44_m-glm4-9b_sol1_gd0_rs0_bd1_str-rigorous_t00_n1,735,1,1,zai-org/GLM-4-9B-0414,1,0,1,0,rigorous,0.0,18.0,0.0
2026-08-12 09:16:58,IA44_m-glm4-9b_sol1_gd0_rs0_bd1_str-rigorous_t00_n1,735,2,1,zai-org/GLM-4-9B-0414,1,0,1,0,rigorous,0.0,14.0,0.0
2026-08-12 09:17:06,IA44_m-glm4-9b_sol1_gd0_rs0_bd1_str-rigorous_t00_n1,735,3,1,zai-org/GLM-4-9B-0414,1,0,1,0,rigorous,0.0,14.0,0.0
2026-08-12 09:17:10,IA44_m-glm4-9b_sol1_gd0_rs0_bd1_str-rigorous_t00_n1,736,1,1,zai-org/GLM-4-9B-0414,1,0,1,0,rigorous,0.0,10.0,0.0
2026-08-12 09:17:16,IA44_m-glm4-9b_sol1_gd0_rs0_bd1_str-rigorous_t00_n1,736,2,1,zai-org/GLM-4-9B-0414,1,0,1,0,rigorous,0.0,13.0,0.0
2026-08-12 09:17:21,IA44_m-glm4-9b_sol1_gd0_rs0_bd1_str-rigorous_t00_n1,736,3,1,zai-org/GLM-4-9B-0414,1,0,1,0,rigorous,0.0,10.0,0.0
2026-08-12 09:17:31,IA44_m-glm4-9b_sol1_gd0_rs0_bd1_str-rigorous_t00_n1,737,1,1,zai-org/GLM-4-9B-0414,1,0,1,0,rigorous,0.0,10.0,0.0
2026-08-12 09:17:35,IA44_m-glm4-9b_sol1_gd0_rs0_bd1_str-rigorous_t00_n1,737,2,1,zai-org/GLM-4-9B-0414,1,0,1,0,rigorous,0.0,10.0,0.0
2026-08-12 09:17:43,IA44_m-glm4-9b_sol1_gd0_rs0_bd1_str-rigorous_t00_n1,737,3,1,zai-org/GLM-4-9B-0414,1,0,1,0,rigorous,0.0,10.0,0.0
2026-08-12 09:17:52,IA44_m-glm4-9b_sol1_gd0_rs0_bd1_str-rigorous_t00_n1,738,1,1,zai-org/GLM-4-9B-0414,1,0,1,0,rigorous,0.0,15.0,0.0
2026-08-12 09:17:58,IA44_m-glm4-9b_sol1_gd0_rs0_bd1_str-rigorous_t00_n1,738,2,1,zai-org/GLM-4-9B-0414,1,0,1,0,rigorous,0.0,14.0,0.0
2026-08-12 09:18:07,IA44_m-glm4-9b_sol1_gd0_rs0_bd1_str-rigorous_t00_n1,738,3,1,zai-org/GLM-4-9B-0414,1,0,1,0,rigorous,0.0,16.0,0.0
2026-08-12 09:18:16,IA44_m-glm4-9b_sol1_gd0_rs0_bd1_str-rigorous_t00_n1,739,1,1,zai-org/GLM-4-9B-0414,1,0,1,0,rigorous,0.0,15.0,0.0
2026-08-12 09:18:22,IA44_m-glm4-9b_sol1_gd0_rs0_bd1_str-rigorous_t00_n1,739,2,1,zai-org/GLM-4-9B-0414,1,0,1,0,rigorous,0.0,12.0,0.0
2026-08-12 09:18:31,IA44_m-glm4-9b_sol1_gd0_rs0_bd1_str-rigorous_t00_n1,739,3,1,zai-org/GLM-4-9B-0414,1,0,1,0,rigorous,0.0,14.0,0.0
2026-08-12 09:18:39,IA44_m-glm4-9b_sol1_gd0_rs0_bd1_str-rigorous_t00_n1,740,1,1,zai-org/GLM-4-9B-0414,1,0,1,0,rigorous,0.0,10.0,0.0
2026-08-12 09:18:45,IA44_m-glm4-9b_sol1_gd0_rs0_bd1_str-rigorous_t00_n1,740,2,1,zai-org/GLM-4-9B-0414,1,0,1,0,rigorous,0.0,10.0,0.0
2026-08-12 09:18:49,IA44_m-glm4-9b_sol1_gd0_rs0_bd1_str-rigorous_t00_n1,740,3,1,zai-org/GLM-4-9B-0414,1,0,1,0,rigorous,0.0,10.0,0.0
2026-08-12 09:18:58,IA44_m-glm4-9b_sol1_gd0_rs0_bd1_str-rigorous_t00_n1,741,3,1,zai-org/GLM-4-9B-0414,1,0,1,0,rigorous,0.0,16.0,0.0
2026-08-12 09:19:06,IA44_m-glm4-9b_sol1_gd0_rs0_bd1_str-rigorous_t00_n1,742,1,1,zai-org/GLM-4-9B-0414,1,0,1,0,rigorous,0.0,15.0,0.0
2026-08-12 09:19:12,IA44_m-glm4-9b_sol1_gd0_rs0_bd1_str-rigorous_t00_n1,742,2,1,zai-org/GLM-4-9B-0414,1,0,1,0,rigorous,0.0,14.0,0.0
2026-08-12 09:19:20,IA44_m-glm4-9b_sol1_gd0_rs0_bd1_str-rigorous_t00_n1,742,3,1,zai-org/GLM-4-9B-0414,1,0,1,0,rigorous,0.0,16.0,0.0
2026-08-12 09:19:23,IA44_m-glm4-9b_sol1_gd0_rs0_bd1_str-rigorous_t00_n1,743,1,1,zai-org/GLM-4-9B-0414,1,0,1,0,rigorous,0.0,19.0,0.0
2026-08-12 09:19:29,IA44_m-glm4-9b_sol1_gd0_rs0_bd1_str-rigorous_t00_n1,743,2,1,zai-org/GLM-4-9B-0414,1,0,1,0,rigorous,0.0,14.0,0.0
2026-08-12 09:19:37,IA44_m-glm4-9b_sol1_gd0_rs0_bd1_str-rigorous_t00_n1,743,3,1,zai-org/GLM-4-9B-0414,1,0,1,0,rigorous,0.0,10.0,0.0
2026-08-12 09:19:46,IA44_m-glm4-9b_sol1_gd0_rs0_bd1_str-rigorous_t00_n1,744,1,1,zai-org/GLM-4-9B-0414,1,0,1,0,rigorous,0.0,10.0,0.0
2026-08-12 09:19:51,IA44_m-glm4-9b_sol1_gd0_rs0_bd1_str-rigorous_t00_n1,744,2,1,zai-org/GLM-4-9B-0414,1,0,1,0,rigorous,0.0,10.0,0.0
2026-08-12 09:19:59,IA44_m-glm4-9b_sol1_gd0_rs0_bd1_str-rigorous_t00_n1,744,3,1,zai-org/GLM-4-9B-0414,1,0,1,0,rigorous,0.0,10.0,0.0
2026-08-12 09:20:08,IA44_m-glm4-9b_sol1_gd0_rs0_bd1_str-rigorous_t00_n1,745,1,1,zai-org/GLM-4-9B-0414,1,0,1,0,rigorous,0.0,10.0,0.0
2026-08-12 09:20:13,IA44_m-glm4-9b_sol1_gd0_rs0_bd1_str-rigorous_t00_n1,745,2,1,zai-org/GLM-4-9B-0414,1,0,1,0,rigorous,0.0,10.0,0.0
2026-08-12 09:20:22,IA44_m-glm4-9b_sol1_gd0_rs0_bd1_str-rigorous_t00_n1,745,3,1,zai-org/GLM-4-9B-0414,1,0,1,0,rigorous,0.0,14.0,0.0
2026-08-12 09:20:26,IA44_m-glm4-9b_sol1_gd0_rs0_bd1_str-rigorous_t00_n1,746,1,1,zai-org/GLM-4-9B-0414,1,0,1,0,rigorous,0.0,19.0,0.0
2026-08-12 09:20:31,IA44_m-glm4-9b_sol1_gd0_rs0_bd1_str-rigorous_t00_n1,746,2,1,zai-org/GLM-4-9B-0414,1,0,1,0,rigorous,0.0,13.0,0.0
2026-08-12 09:20:39,IA44_m-glm4-9b_sol1_gd0_rs0_bd1_str-rigorous_t00_n1,746,3,1,zai-org/GLM-4-9B-0414,1,0,1,0,rigorous,0.0,16.0,0.0
2026-08-12 09:20:48,IA44_m-glm4-9b_sol1_gd0_rs0_bd1_str-rigorous_t00_n1,747,1,1,zai-org/GLM-4-9B-0414,1,0,1,0,rigorous,0.0,15.0,0.0
2026-08-12 09:20:53,IA44_m-glm4-9b_sol1_gd0_rs0_bd1_str-rigorous_t00_n1,747,2,1,zai-org/GLM-4-9B-0414,1,0,1,0,rigorous,0.0,14.0,3.0
2026-08-12 09:21:01,IA44_m-glm4-9b_sol1_gd0_rs0_bd1_str-rigorous_t00_n1,747,3,1,zai-org/GLM-4-9B-0414,1,0,1,0,rigorous,0.0,14.0,0.0
2026-08-12 09:21:05,IA44_m-glm4-9b_sol1_gd0_rs0_bd1_str-rigorous_t00_n1,748,1,1,zai-org/GLM-4-9B-0414,1,0,1,0,rigorous,0.0,19.0,0.0
2026-08-12 09:21:11,IA44_m-glm4-9b_sol1_gd0_rs0_bd1_str-rigorous_t00_n1,748,2,1,zai-org/GLM-4-9B-0414,1,0,1,0,rigorous,0.0,14.0,3.0
2026-08-12 09:21:19,IA44_m-glm4-9b_sol1_gd0_rs0_bd1_str-rigorous_t00_n1,748,3,1,zai-org/GLM-4-9B-0414,1,0,1,0,rigorous,0.0,16.0,0.0
2026-08-12 09:21:23,IA44_m-glm4-9b_sol1_gd0_rs0_bd1_str-rigorous_t00_n1,749,1,1,zai-org/GLM-4-9B-0414,1,0,1,0,rigorous,0.0,15.0,0.0
2026-08-12 09:21:28,IA44_m-glm4-9b_sol1_gd0_rs0_bd1_str-rigorous_t00_n1,749,2,1,zai-org/GLM-4-9B-0414,1,0,1,0,rigorous,0.0,14.0,0.0
2026-08-12 09:21:36,IA44_m-glm4-9b_sol1_gd0_rs0_bd1_str-rigorous_t00_n1,749,3,1,zai-org/GLM-4-9B-0414,1,0,1,0,rigorous,0.0,14.0,0.0
2026-08-12 09:21:44,IA44_m-glm4-9b_sol1_gd0_rs0_bd1_str-rigorous_t00_n1,750,1,1,zai-org/GLM-4-9B-0414,1,0,1,0,rigorous,0.0,15.0,0.0
2026-08-12 09:21:50,IA44_m-glm4-9b_sol1_gd0_rs0_bd1_str-rigorous_t00_n1,750,2,1,zai-org/GLM-4-9B-0414,1,0,1,0,rigorous,0.0,14.0,0.0
2026-08-12 09:21:57,IA44_m-glm4-9b_sol1_gd0_rs0_bd1_str-rigorous_t00_n1,750,3,1,zai-org/GLM-4-9B-0414,1,0,1,0,rigorous,0.0,16.0,0.0
2026-08-12 09:22:06,IA44_m-glm4-9b_sol1_gd0_rs0_bd1_str-rigorous_t00_n1,751,1,1,zai-org/GLM-4-9B-0414,1,0,1,0,rigorous,0.0,22.0,0.0
2026-08-12 09:22:12,IA44_m-glm4-9b_sol1_gd0_rs0_bd1_str-rigorous_t00_n1,751,2,1,zai-org/GLM-4-9B-0414,1,0,1,0,rigorous,0.0,14.0,0.0
2026-08-12 09:22:20,IA44_m-glm4-9b_sol1_gd0_rs0_bd1_str-rigorous_t00_n1,751,3,1,zai-org/GLM-4-9B-0414,1,0,1,0,rigorous,0.0,19.0,0.0
2026-08-12 09:22:28,IA44_m-glm4-9b_sol1_gd0_rs0_bd1_str-rigorous_t00_n1,752,1,1,zai-org/GLM-4-9B-0414,1,0,1,0,rigorous,0.0,15.0,0.0
2026-08-12 09:22:34,IA44_m-glm4-9b_sol1_gd0_rs0_bd1_str-rigorous_t00_n1,752,2,1,zai-org/GLM-4-9B-0414,1,0,1,0,rigorous,0.0,14.0,3.0
2026-08-12 09:22:43,IA44_m-glm4-9b_sol1_gd0_rs0_bd1_str-rigorous_t00_n1,752,3,1,zai-org/GLM-4-9B-0414,1,0,1,0,rigorous,0.0,14.0,0.0
2026-08-12 09:22:47,IA44_m-glm4-9b_sol1_gd0_rs0_bd1_str-rigorous_t00_n1,753,1,1,zai-org/GLM-4-9B-0414,1,0,1,0,rigorous,0.0,15.0,0.0
2026-08-12 09:22:52,IA44_m-glm4-9b_sol1_gd0_rs0_bd1_str-rigorous_t00_n1,753,2,1,zai-org/GLM-4-9B-0414,1,0,1,0,rigorous,0.0,14.0,0.0
2026-08-12 09:22:57,IA44_m-glm4-9b_sol1_gd0_rs0_bd1_str-rigorous_t00_n1,753,3,1,zai-org/GLM-4-9B-0414,1,0,1,0,rigorous,0.0,16.0,0.0
2026-08-12 09:23:01,IA44_m-glm4-9b_sol1_gd0_rs0_bd1_str-rigorous_t00_n1,754,1,1,zai-org/GLM-4-9B-0414,1,0,1,0,rigorous,0.0,15.0,0.0
2026-08-12 09:23:10,IA44_m-glm4-9b_sol1_gd0_rs0_bd1_str-rigorous_t00_n1,754,3,1,zai-org/GLM-4-9B-0414,1,0,1,0,rigorous,0.0,14.0,0.0
2026-08-12 09:23:19,IA44_m-glm4-9b_sol1_gd0_rs0_bd1_str-rigorous_t00_n1,755,1,1,zai-org/GLM-4-9B-0414,1,0,1,0,rigorous,0.0,15.0,0.0
2026-08-12 09:23:25,IA44_m-glm4-9b_sol1_gd0_rs0_bd1_str-rigorous_t00_n1,755,2,1,zai-org/GLM-4-9B-0414,1,0,1,0,rigorous,0.0,14.0,0.0
2026-08-12 09:23:34,IA44_m-glm4-9b_sol1_gd0_rs0_bd1_str-rigorous_t00_n1,755,3,1,zai-org/GLM-4-9B-0414,1,0,1,0,rigorous,0.0,10.0,0.0
2026-08-12 09:23:44,IA44_m-glm4-9b_sol1_gd0_rs0_bd1_str-rigorous_t00_n1,756,1,1,zai-org/GLM-4-9B-0414,1,0,1,0,rigorous,0.0,15.0,0.0
2026-08-12 09:23:50,IA44_m-glm4-9b_sol1_gd0_rs0_bd1_str-rigorous_t00_n1,756,2,1,zai-org/GLM-4-9B-0414,1,0,1,0,rigorous,0.0,14.0,0.0
2026-08-12 09:23:58,IA44_m-glm4-9b_sol1_gd0_rs0_bd1_str-rigorous_t00_n1,756,3,1,zai-org/GLM-4-9B-0414,1,0,1,0,rigorous,0.0,16.0,0.0
2026-08-12 09:24:03,IA44_m-glm4-9b_sol1_gd0_rs0_bd1_str-rigorous_t00_n1,757,1,1,zai-org/GLM-4-9B-0414,1,0,1,0,rigorous,0.0,10.0,0.0
2026-08-12 09:24:08,IA44_m-glm4-9b_sol1_gd0_rs0_bd1_str-rigorous_t00_n1,757,2,1,zai-org/GLM-4-9B-0414,1,0,1,0,rigorous,0.0,14.0,0.0
2026-08-12 09:24:16,IA44_m-glm4-9b_sol1_gd0_rs0_bd1_str-rigorous_t00_n1,757,3,1,zai-org/GLM-4-9B-0414,1,0,1,0,rigorous,0.0,14.0,0.0
2026-08-12 09:24:26,IA44_m-glm4-9b_sol1_gd0_rs0_bd1_str-rigorous_t00_n1,758,1,1,zai-org/GLM-4-9B-0414,1,0,1,0,rigorous,0.0,10.0,0.0
2026-08-12 09:24:31,IA44_m-glm4-9b_sol1_gd0_rs0_bd1_str-rigorous_t00_n1,758,2,1,zai-org/GLM-4-9B-0414,1,0,1,0,rigorous,0.0,14.0,0.0
2026-08-12 09:24:39,IA44_m-glm4-9b_sol1_gd0_rs0_bd1_str-rigorous_t00_n1,758,3,1,zai-org/GLM-4-9B-0414,1,0,1,0,rigorous,0.0,14.0,0.0
2026-08-12 09:24:43,IA44_m-glm4-9b_sol1_gd0_rs0_bd1_str-rigorous_t00_n1,759,1,1,zai-org/GLM-4-9B-0414,1,0,1,0,rigorous,0.0,15.0,0.0
2026-08-12 09:24:49,IA44_m-glm4-9b_sol1_gd0_rs0_bd1_str-rigorous_t00_n1,759,2,1,zai-org/GLM-4-9B-0414,1,0,1,0,rigorous,0.0,14.0,0.0
2026-08-12 09:24:58,IA44_m-glm4-9b_sol1_gd0_rs0_bd1_str-rigorous_t00_n1,759,3,1,zai-org/GLM-4-9B-0414,1,0,1,0,rigorous,0.0,10.0,0.0
2026-08-12 09:25:09,IA44_m-glm4-9b_sol1_gd0_rs0_bd1_str-rigorous_t00_n1,760,1,1,zai-org/GLM-4-9B-0414,1,0,1,0,rigorous,0.0,15.0,0.0
2026-08-12 09:25:14,IA44_m-glm4-9b_sol1_gd0_rs0_bd1_str-rigorous_t00_n1,760,2,1,zai-org/GLM-4-9B-0414,1,0,1,0,rigorous,0.0,14.0,0.0
2026-08-12 09:25:23,IA44_m-glm4-9b_sol1_gd0_rs0_bd1_str-rigorous_t00_n1,760,3,1,zai-org/GLM-4-9B-0414,1,0,1,0,rigorous,0.0,10.0,0.0
2026-08-12 09:25:32,IA44_m-glm4-9b_sol1_gd0_rs0_bd1_str-rigorous_t00_n1,761,1,1,zai-org/GLM-4-9B-0414,1,0,1,0,rigorous,0.0,15.0,0.0
2026-08-12 09:25:37,IA44_m-glm4-9b_sol1_gd0_rs0_bd1_str-rigorous_t00_n1,761,2,1,zai-org/GLM-4-9B-0414,1,0,1,0,rigorous,0.0,14.0,0.0
2026-08-12 09:25:45,IA44_m-glm4-9b_sol1_gd0_rs0_bd1_str-rigorous_t00_n1,761,3,1,zai-org/GLM-4-9B-0414,1,0,1,0,rigorous,0.0,16.0,0.0
2026-08-12 09:25:54,IA44_m-glm4-9b_sol1_gd0_rs0_bd1_str-rigorous_t00_n1,762,1,1,zai-org/GLM-4-9B-0414,1,0,1,0,rigorous,0.0,12.0,0.0
2026-08-12 09:26:00,IA44_m-glm4-9b_sol1_gd0_rs0_bd1_str-rigorous_t00_n1,762,2,1,zai-org/GLM-4-9B-0414,1,0,1,0,rigorous,0.0,14.0,0.0
2026-08-12 09:26:08,IA44_m-glm4-9b_sol1_gd0_rs0_bd1_str-rigorous_t00_n1,762,3,1,zai-org/GLM-4-9B-0414,1,0,1,0,rigorous,0.0,10.0,0.0
2026-08-12 09:26:17,IA44_m-glm4-9b_sol1_gd0_rs0_bd1_str-rigorous_t00_n1,763,1,1,zai-org/GLM-4-9B-0414,1,0,1,0,rigorous,0.0,14.0,0.0
2026-08-12 09:26:22,IA44_m-glm4-9b_sol1_gd0_rs0_bd1_str-rigorous_t00_n1,763,2,1,zai-org/GLM-4-9B-0414,1,0,1,0,rigorous,0.0,14.0,0.0
2026-08-12 09:26:31,IA44_m-glm4-9b_sol1_gd0_rs0_bd1_str-rigorous_t00_n1,763,3,1,zai-org/GLM-4-9B-0414,1,0,1,0,rigorous,0.0,10.0,0.0
2026-08-12 09:26:40,IA44_m-glm4-9b_sol1_gd0_rs0_bd1_str-rigorous_t00_n1,764,1,1,zai-org/GLM-4-9B-0414,1,0,1,0,rigorous,0.0,18.0,0.0
2026-08-12 09:26:46,IA44_m-glm4-9b_sol1_gd0_rs0_bd1_str-rigorous_t00_n1,764,2,1,zai-org/GLM-4-9B-0414,1,0,1,0,rigorous,0.0,14.0,0.0
2026-08-12 09:26:53,IA44_m-glm4-9b_sol1_gd0_rs0_bd1_str-rigorous_t00_n1,764,3,1,zai-org/GLM-4-9B-0414,1,0,1,0,rigorous,0.0,10.0,0.0
2026-08-12 09:26:57,IA44_m-glm4-9b_sol1_gd0_rs0_bd1_str-rigorous_t00_n1,765,1,1,zai-org/GLM-4-9B-0414,1,0,1,0,rigorous,0.0,18.0,0.0
2026-08-12 09:27:03,IA44_m-glm4-9b_sol1_gd0_rs0_bd1_str-rigorous_t00_n1,765,2,1,zai-org/GLM-4-9B-0414,1,0,1,0,rigorous,0.0,13.0,0.0
2026-08-12 09:27:11,IA44_m-glm4-9b_sol1_gd0_rs0_bd1_str-rigorous_t00_n1,765,3,1,zai-org/GLM-4-9B-0414,1,0,1,0,rigorous,0.0,16.0,0.0
2026-08-12 09:27:21,IA44_m-glm4-9b_sol1_gd0_rs0_bd1_str-rigorous_t00_n1,766,1,1,zai-org/GLM-4-9B-0414,1,0,1,0,rigorous,0.0,10.0,0.0
2026-08-12 09:27:26,IA44_m-glm4-9b_sol1_gd0_rs0_bd1_str-rigorous_t00_n1,766,2,1,zai-org/GLM-4-9B-0414,1,0,1,0,rigorous,0.0,14.0,0.0
2026-08-12 09:27:35,IA44_m-glm4-9b_sol1_gd0_rs0_bd1_str-rigorous_t00_n1,766,3,1,zai-org/GLM-4-9B-0414,1,0,1,0,rigorous,0.0,10.0,0.0
2026-08-12 09:27:45,IA44_m-glm4-9b_sol1_gd0_rs0_bd1_str-rigorous_t00_n1,767,1,1,zai-org/GLM-4-9B-0414,1,0,1,0,rigorous,0.0,18.0,0.0
2026-08-12 09:27:51,IA44_m-glm4-9b_sol1_gd0_rs0_bd1_str-rigorous_t00_n1,767,2,1,zai-org/GLM-4-9B-0414,1,0,1,0,rigorous,0.0,14.0,0.0
2026-08-12 09:27:59,IA44_m-glm4-9b_sol1_gd0_rs0_bd1_str-rigorous_t00_n1,767,3,1,zai-org/GLM-4-9B-0414,1,0,1,0,rigorous,0.0,16.0,0.0
2026-08-12 09:28:07,IA44_m-glm4-9b_sol1_gd0_rs0_bd1_str-rigorous_t00_n1,768,1,1,zai-org/GLM-4-9B-0414,1,0,1,0,rigorous,0.0,15.0,0.0
2026-08-12 09:28:12,IA44_m-glm4-9b_sol1_gd0_rs0_bd1_str-rigorous_t00_n1,768,2,1,zai-org/GLM-4-9B-0414,1,0,1,0,rigorous,0.0,13.0,0.0
2026-08-12 09:28:20,IA44_m-glm4-9b_sol1_gd0_rs0_bd1_str-rigorous_t00_n1,768,3,1,zai-org/GLM-4-9B-0414,1,0,1,0,rigorous,0.0,14.0,0.0
2026-08-12 09:28:29,IA44_m-glm4-9b_sol1_gd0_rs0_bd1_str-rigorous_t00_n1,769,1,1,zai-org/GLM-4-9B-0414,1,0,1,0,rigorous,0.0,15.0,0.0
2026-08-12 09:28:34,IA44_m-glm4-9b_sol1_gd0_rs0_bd1_str-rigorous_t00_n1,769,2,1,zai-org/GLM-4-9B-0414,1,0,1,0,rigorous,0.0,14.0,0.0
2026-08-12 09:28:42,IA44_m-glm4-9b_sol1_gd0_rs0_bd1_str-rigorous_t00_n1,769,3,1,zai-org/GLM-4-9B-0414,1,0,1,0,rigorous,0.0,16.0,0.0
2026-08-12 09:28:52,IA44_m-glm4-9b_sol1_gd0_rs0_bd1_str-rigorous_t00_n1,770,1,1,zai-org/GLM-4-9B-0414,1,0,1,0,rigorous,0.0,15.0,0.0
2026-08-12 09:28:57,IA44_m-glm4-9b_sol1_gd0_rs0_bd1_str-rigorous_t00_n1,770,2,1,zai-org/GLM-4-9B-0414,1,0,1,0,rigorous,0.0,14.0,0.0
2026-08-12 09:29:05,IA44_m-glm4-9b_sol1_gd0_rs0_bd1_str-rigorous_t00_n1,770,3,1,zai-org/GLM-4-9B-0414,1,0,1,0,rigorous,0.0,14.0,0.0
2026-08-12 09:29:09,IA44_m-glm4-9b_sol1_gd0_rs0_bd1_str-rigorous_t00_n1,771,1,1,zai-org/GLM-4-9B-0414,1,0,1,0,rigorous,0.0,15.0,0.0
2026-08-12 09:29:14,IA44_m-glm4-9b_sol1_gd0_rs0_bd1_str-rigorous_t00_n1,771,2,1,zai-org/GLM-4-9B-0414,1,0,1,0,rigorous,0.0,14.0,0.0
2026-08-12 09:29:22,IA44_m-glm4-9b_sol1_gd0_rs0_bd1_str-rigorous_t00_n1,771,3,1,zai-org/GLM-4-9B-0414,1,0,1,0,rigorous,0.0,10.0,0.0
2026-08-12 09:29:26,IA44_m-glm4-9b_sol1_gd0_rs0_bd1_str-rigorous_t00_n1,772,1,1,zai-org/GLM-4-9B-0414,1,0,1,0,rigorous,0.0,15.0,0.0
2026-08-12 09:29:31,IA44_m-glm4-9b_sol1_gd0_rs0_bd1_str-rigorous_t00_n1,772,2,1,zai-org/GLM-4-9B-0414,1,0,1,0,rigorous,0.0,14.0,0.0
2026-08-12 09:29:39,IA44_m-glm4-9b_sol1_gd0_rs0_bd1_str-rigorous_t00_n1,772,3,1,zai-org/GLM-4-9B-0414,1,0,1,0,rigorous,0.0,14.0,0.0
2026-08-12 09:29:43,IA44_m-glm4-9b_sol1_gd0_rs0_bd1_str-rigorous_t00_n1,773,1,1,zai-org/GLM-4-9B-0414,1,0,1,0,rigorous,0.0,18.0,0.0
2026-08-12 09:29:49,IA44_m-glm4-9b_sol1_gd0_rs0_bd1_str-rigorous_t00_n1,773,2,1,zai-org/GLM-4-9B-0414,1,0,1,0,rigorous,0.0,14.0,0.0
2026-08-12 09:29:57,IA44_m-glm4-9b_sol1_gd0_rs0_bd1_str-rigorous_t00_n1,773,3,1,zai-org/GLM-4-9B-0414,1,0,1,0,rigorous,0.0,14.0,0.0
2026-08-12 09:30:06,IA44_m-glm4-9b_sol1_gd0_rs0_bd1_str-rigorous_t00_n1,774,1,1,zai-org/GLM-4-9B-0414,1,0,1,0,rigorous,0.0,18.0,0.0
2026-08-12 09:30:12,IA44_m-glm4-9b_sol1_gd0_rs0_bd1_str-rigorous_t00_n1,774,2,1,zai-org/GLM-4-9B-0414,1,0,1,0,rigorous,0.0,14.0,0.0
2026-08-12 09:30:15,IA44_m-glm4-9b_sol1_gd0_rs0_bd1_str-rigorous_t00_n1,774,3,1,zai-org/GLM-4-9B-0414,1,0,1,0,rigorous,0.0,16.0,0.0
2026-08-12 09:30:25,IA44_m-glm4-9b_sol1_gd0_rs0_bd1_str-rigorous_t00_n1,775,1,1,zai-org/GLM-4-9B-0414,1,0,1,0,rigorous,0.0,15.0,0.0
2026-08-12 09:30:30,IA44_m-glm4-9b_sol1_gd0_rs0_bd1_str-rigorous_t00_n1,775,2,1,zai-org/GLM-4-9B-0414,1,0,1,0,rigorous,0.0,14.0,0.0
2026-08-12 09:30:38,IA44_m-glm4-9b_sol1_gd0_rs0_bd1_str-rigorous_t00_n1,775,3,1,zai-org/GLM-4-9B-0414,1,0,1,0,rigorous,0.0,14.0,0.0
2026-08-12 09:30:48,IA44_m-glm4-9b_sol1_gd0_rs0_bd1_str-rigorous_t00_n1,776,1,1,zai-org/GLM-4-9B-0414,1,0,1,0,rigorous,0.0,10.0,0.0
2026-08-12 09:30:55,IA44_m-glm4-9b_sol1_gd0_rs0_bd1_str-rigorous_t00_n1,776,2,1,zai-org/GLM-4-9B-0414,1,0,1,0,rigorous,0.0,14.0,0.0
2026-08-12 09:31:03,IA44_m-glm4-9b_sol1_gd0_rs0_bd1_str-rigorous_t00_n1,776,3,1,zai-org/GLM-4-9B-0414,1,0,1,0,rigorous,0.0,14.0,0.0
2026-08-12 09:31:06,IA44_m-glm4-9b_sol1_gd0_rs0_bd1_str-rigorous_t00_n1,777,1,1,zai-org/GLM-4-9B-0414,1,0,1,0,rigorous,0.0,15.0,0.0
2026-08-12 09:31:12,IA44_m-glm4-9b_sol1_gd0_rs0_bd1_str-rigorous_t00_n1,777,2,1,zai-org/GLM-4-9B-0414,1,0,1,0,rigorous,0.0,13.0,0.0
2026-08-12 09:31:21,IA44_m-glm4-9b_sol1_gd0_rs0_bd1_str-rigorous_t00_n1,777,3,1,zai-org/GLM-4-9B-0414,1,0,1,0,rigorous,0.0,10.0,0.0
2026-08-12 09:31:25,IA44_m-glm4-9b_sol1_gd0_rs0_bd1_str-rigorous_t00_n1,778,1,1,zai-org/GLM-4-9B-0414,1,0,1,0,rigorous,0.0,15.0,0.0
2026-08-12 09:31:30,IA44_m-glm4-9b_sol1_gd0_rs0_bd1_str-rigorous_t00_n1,778,2,1,zai-org/GLM-4-9B-0414,1,0,1,0,rigorous,0.0,14.0,0.0
2026-08-12 09:31:38,IA44_m-glm4-9b_sol1_gd0_rs0_bd1_str-rigorous_t00_n1,778,3,1,zai-org/GLM-4-9B-0414,1,0,1,0,rigorous,0.0,16.0,0.0
2026-08-12 09:31:47,IA44_m-glm4-9b_sol1_gd0_rs0_bd1_str-rigorous_t00_n1,779,1,1,zai-org/GLM-4-9B-0414,1,0,1,0,rigorous,0.0,15.0,0.0
2026-08-12 09:31:53,IA44_m-glm4-9b_sol1_gd0_rs0_bd1_str-rigorous_t00_n1,779,2,1,zai-org/GLM-4-9B-0414,1,0,1,0,rigorous,0.0,14.0,0.0
2026-08-12 09:32:01,IA44_m-glm4-9b_sol1_gd0_rs0_bd1_str-rigorous_t00_n1,779,3,1,zai-org/GLM-4-9B-0414,1,0,1,0,rigorous,0.0,16.0,0.0
2026-08-12 09:32:04,IA44_m-glm4-9b_sol1_gd0_rs0_bd1_str-rigorous_t00_n1,780,1,1,zai-org/GLM-4-9B-0414,1,0,1,0,rigorous,0.0,15.0,0.0
2026-08-12 09:32:10,IA44_m-glm4-9b_sol1_gd0_rs0_bd1_str-rigorous_t00_n1,780,2,1,zai-org/GLM-4-9B-0414,1,0,1,0,rigorous,0.0,14.0,0.0
2026-08-12 09:32:19,IA44_m-glm4-9b_sol1_gd0_rs0_bd1_str-rigorous_t00_n1,780,3,1,zai-org/GLM-4-9B-0414,1,0,1,0,rigorous,0.0,14.0,0.0
2026-08-12 09:32:29,IA44_m-glm4-9b_sol1_gd0_rs0_bd1_str-rigorous_t00_n1,781,1,1,zai-org/GLM-4-9B-0414,1,0,1,0,rigorous,0.0,18.0,0.0
2026-08-12 09:32:34,IA44_m-glm4-9b_sol1_gd0_rs0_bd1_str-rigorous_t00_n1,781,2,1,zai-org/GLM-4-9B-0414,1,0,1,0,rigorous,0.0,14.0,0.0
2026-08-12 09:32:42,IA44_m-glm4-9b_sol1_gd0_rs0_bd1_str-rigorous_t00_n1,781,3,1,zai-org/GLM-4-9B-0414,1,0,1,0,rigorous,0.0,16.0,0.0
2026-08-12 09:32:46,IA44_m-glm4-9b_sol1_gd0_rs0_bd1_str-rigorous_t00_n1,782,1,1,zai-org/GLM-4-9B-0414,1,0,1,0,rigorous,0.0,16.0,0.0
2026-08-12 09:32:52,IA44_m-glm4-9b_sol1_gd0_rs0_bd1_str-rigorous_t00_n1,782,2,1,zai-org/GLM-4-9B-0414,1,0,1,0,rigorous,0.0,14.0,3.0
2026-08-12 09:33:01,IA44_m-glm4-9b_sol1_gd0_rs0_bd1_str-rigorous_t00_n1,782,3,1,zai-org/GLM-4-9B-0414,1,0,1,0,rigorous,0.0,14.0,0.0
2026-08-12 09:33:05,IA44_m-glm4-9b_sol1_gd0_rs0_bd1_str-rigorous_t00_n1,783,1,1,zai-org/GLM-4-9B-0414,1,0,1,0,rigorous,0.0,15.0,0.0
2026-08-12 09:33:11,IA44_m-glm4-9b_sol1_gd0_rs0_bd1_str-rigorous_t00_n1,783,2,1,zai-org/GLM-4-9B-0414,1,0,1,0,rigorous,0.0,14.0,3.0
2026-08-12 09:33:18,IA44_m-glm4-9b_sol1_gd0_rs0_bd1_str-rigorous_t00_n1,783,3,1,zai-org/GLM-4-9B-0414,1,0,1,0,rigorous,0.0,14.0,0.0
2026-08-12 09:33:28,IA44_m-glm4-9b_sol1_gd0_rs0_bd1_str-rigorous_t00_n1,784,1,1,zai-org/GLM-4-9B-0414,1,0,1,0,rigorous,0.0,18.0,0.0
2026-08-12 09:33:34,IA44_m-glm4-9b_sol1_gd0_rs0_bd1_str-rigorous_t00_n1,784,2,1,zai-org/GLM-4-9B-0414,1,0,1,0,rigorous,0.0,14.0,0.0
2026-08-12 09:33:42,IA44_m-glm4-9b_sol1_gd0_rs0_bd1_str-rigorous_t00_n1,784,3,1,zai-org/GLM-4-9B-0414,1,0,1,0,rigorous,0.0,14.0,0.0
2026-08-12 09:33:52,IA44_m-glm4-9b_sol1_gd0_rs0_bd1_str-rigorous_t00_n1,785,1,1,zai-org/GLM-4-9B-0414,1,0,1,0,rigorous,0.0,15.0,0.0
2026-08-12 09:33:57,IA44_m-glm4-9b_sol1_gd0_rs0_bd1_str-rigorous_t00_n1,785,2,1,zai-org/GLM-4-9B-0414,1,0,1,0,rigorous,0.0,14.0,0.0
2026-08-12 09:34:06,IA44_m-glm4-9b_sol1_gd0_rs0_bd1_str-rigorous_t00_n1,785,3,1,zai-org/GLM-4-9B-0414,1,0,1,0,rigorous,0.0,14.0,0.0
2026-08-12 09:34:15,IA44_m-glm4-9b_sol1_gd0_rs0_bd1_str-rigorous_t00_n1,786,1,1,zai-org/GLM-4-9B-0414,1,0,1,0,rigorous,0.0,19.0,0.0
2026-08-12 09:34:20,IA44_m-glm4-9b_sol1_gd0_rs0_bd1_str-rigorous_t00_n1,786,2,1,zai-org/GLM-4-9B-0414,1,0,1,0,rigorous,0.0,14.0,0.0
2026-08-12 09:34:28,IA44_m-glm4-9b_sol1_gd0_rs0_bd1_str-rigorous_t00_n1,786,3,1,zai-org/GLM-4-9B-0414,1,0,1,0,rigorous,0.0,16.0,0.0
2026-08-12 09:34:38,IA44_m-glm4-9b_sol1_gd0_rs0_bd1_str-rigorous_t00_n1,787,1,1,zai-org/GLM-4-9B-0414,1,0,1,0,rigorous,0.0,15.0,0.0
2026-08-12 09:34:43,IA44_m-glm4-9b_sol1_gd0_rs0_bd1_str-rigorous_t00_n1,787,2,1,zai-org/GLM-4-9B-0414,1,0,1,0,rigorous,0.0,10.0,0.0
2026-08-12 09:34:51,IA44_m-glm4-9b_sol1_gd0_rs0_bd1_str-rigorous_t00_n1,787,3,1,zai-org/GLM-4-9B-0414,1,0,1,0,rigorous,0.0,16.0,0.0
2026-08-12 09:34:55,IA44_m-glm4-9b_sol1_gd0_rs0_bd1_str-rigorous_t00_n1,788,1,1,zai-org/GLM-4-9B-0414,1,0,1,0,rigorous,0.0,19.0,0.0
2026-08-12 09:35:01,IA44_m-glm4-9b_sol1_gd0_rs0_bd1_str-rigorous_t00_n1,788,2,1,zai-org/GLM-4-9B-0414,1,0,1,0,rigorous,0.0,14.0,0.0
2026-08-12 09:35:05,IA44_m-glm4-9b_sol1_gd0_rs0_bd1_str-rigorous_t00_n1,788,3,1,zai-org/GLM-4-9B-0414,1,0,1,0,rigorous,0.0,16.0,0.0
2026-08-12 09:35:14,IA44_m-glm4-9b_sol1_gd0_rs0_bd1_str-rigorous_t00_n1,789,1,1,zai-org/GLM-4-9B-0414,1,0,1,0,rigorous,0.0,15.0,0.0
2026-08-12 09:35:20,IA44_m-glm4-9b_sol1_gd0_rs0_bd1_str-rigorous_t00_n1,789,2,1,zai-org/GLM-4-9B-0414,1,0,1,0,rigorous,0.0,14.0,3.0
2026-08-12 09:35:24,IA44_m-glm4-9b_sol1_gd0_rs0_bd1_str-rigorous_t00_n1,789,3,1,zai-org/GLM-4-9B-0414,1,0,1,0,rigorous,0.0,14.0,0.0
2026-08-12 09:35:32,IA44_m-glm4-9b_sol1_gd0_rs0_bd1_str-rigorous_t00_n1,790,1,1,zai-org/GLM-4-9B-0414,1,0,1,0,rigorous,0.0,22.0,3.0
2026-08-12 09:35:38,IA44_m-glm4-9b_sol1_gd0_rs0_bd1_str-rigorous_t00_n1,790,2,1,zai-org/GLM-4-9B-0414,1,0,1,0,rigorous,0.0,14.0,3.0
2026-08-12 09:35:48,IA44_m-glm4-9b_sol1_gd0_rs0_bd1_str-rigorous_t00_n1,790,3,1,zai-org/GLM-4-9B-0414,1,0,1,0,rigorous,0.0,16.0,0.0
2026-08-12 09:35:58,IA44_m-glm4-9b_sol1_gd0_rs0_bd1_str-rigorous_t00_n1,791,1,1,zai-org/GLM-4-9B-0414,1,0,1,0,rigorous,0.0,15.0,0.0
2026-08-12 09:36:04,IA44_m-glm4-9b_sol1_gd0_rs0_bd1_str-rigorous_t00_n1,791,2,1,zai-org/GLM-4-9B-0414,1,0,1,0,rigorous,0.0,14.0,0.0
2026-08-12 09:36:08,IA44_m-glm4-9b_sol1_gd0_rs0_bd1_str-rigorous_t00_n1,791,3,1,zai-org/GLM-4-9B-0414,1,0,1,0,rigorous,0.0,10.0,0.0
2026-08-12 09:36:11,IA44_m-glm4-9b_sol1_gd0_rs0_bd1_str-rigorous_t00_n1,792,1,1,zai-org/GLM-4-9B-0414,1,0,1,0,rigorous,0.0,15.0,0.0
2026-08-12 09:36:17,IA44_m-glm4-9b_sol1_gd0_rs0_bd1_str-rigorous_t00_n1,792,2,1,zai-org/GLM-4-9B-0414,1,0,1,0,rigorous,0.0,14.0,0.0
2026-08-12 09:36:25,IA44_m-glm4-9b_sol1_gd0_rs0_bd1_str-rigorous_t00_n1,792,3,1,zai-org/GLM-4-9B-0414,1,0,1,0,rigorous,0.0,16.0,0.0
2026-08-12 09:36:29,IA44_m-glm4-9b_sol1_gd0_rs0_bd1_str-rigorous_t00_n1,793,1,1,zai-org/GLM-4-9B-0414,1,0,1,0,rigorous,0.0,15.0,0.0
2026-08-12 09:36:35,IA44_m-glm4-9b_sol1_gd0_rs0_bd1_str-rigorous_t00_n1,793,2,1,zai-org/GLM-4-9B-0414,1,0,1,0,rigorous,0.0,14.0,0.0
2026-08-12 09:36:43,IA44_m-glm4-9b_sol1_gd0_rs0_bd1_str-rigorous_t00_n1,793,3,1,zai-org/GLM-4-9B-0414,1,0,1,0,rigorous,0.0,14.0,0.0
2026-08-12 09:36:52,IA44_m-glm4-9b_sol1_gd0_rs0_bd1_str-rigorous_t00_n1,794,1,1,zai-org/GLM-4-9B-0414,1,0,1,0,rigorous,0.0,15.0,0.0
2026-08-12 09:36:58,IA44_m-glm4-9b_sol1_gd0_rs0_bd1_str-rigorous_t00_n1,794,2,1,zai-org/GLM-4-9B-0414,1,0,1,0,rigorous,0.0,14.0,0.0
2026-08-12 09:37:06,IA44_m-glm4-9b_sol1_gd0_rs0_bd1_str-rigorous_t00_n1,794,3,1,zai-org/GLM-4-9B-0414,1,0,1,0,rigorous,0.0,16.0,0.0
2026-08-12 09:37:10,IA44_m-glm4-9b_sol1_gd0_rs0_bd1_str-rigorous_t00_n1,795,1,1,zai-org/GLM-4-9B-0414,1,0,1,0,rigorous,0.0,15.0,0.0
2026-08-12 09:37:15,IA44_m-glm4-9b_sol1_gd0_rs0_bd1_str-rigorous_t00_n1,795,2,1,zai-org/GLM-4-9B-0414,1,0,1,0,rigorous,0.0,14.0,0.0
2026-08-12 09:37:23,IA44_m-glm4-9b_sol1_gd0_rs0_bd1_str-rigorous_t00_n1,795,3,1,zai-org/GLM-4-9B-0414,1,0,1,0,rigorous,0.0,16.0,0.0
2026-08-12 09:37:32,IA44_m-glm4-9b_sol1_gd0_rs0_bd1_str-rigorous_t00_n1,796,1,1,zai-org/GLM-4-9B-0414,1,0,1,0,rigorous,0.0,15.0,0.0
2026-08-12 09:37:38,IA44_m-glm4-9b_sol1_gd0_rs0_bd1_str-rigorous_t00_n1,796,2,1,zai-org/GLM-4-9B-0414,1,0,1,0,rigorous,0.0,14.0,0.0
2026-08-12 09:37:45,IA44_m-glm4-9b_sol1_gd0_rs0_bd1_str-rigorous_t00_n1,796,3,1,zai-org/GLM-4-9B-0414,1,0,1,0,rigorous,0.0,0.0,0.0
2026-08-12 09:37:49,IA44_m-glm4-9b_sol1_gd0_rs0_bd1_str-rigorous_t00_n1,797,1,1,zai-org/GLM-4-9B-0414,1,0,1,0,rigorous,0.0,15.0,0.0
2026-08-12 09:37:54,IA44_m-glm4-9b_sol1_gd0_rs0_bd1_str-rigorous_t00_n1,797,2,1,zai-org/GLM-4-9B-0414,1,0,1,0,rigorous,0.0,10.0,0.0
2026-08-12 09:38:03,IA44_m-glm4-9b_sol1_gd0_rs0_bd1_str-rigorous_t00_n1,797,3,1,zai-org/GLM-4-9B-0414,1,0,1,0,rigorous,0.0,14.0,0.0
2026-08-12 09:38:07,IA44_m-glm4-9b_sol1_gd0_rs0_bd1_str-rigorous_t00_n1,798,1,1,zai-org/GLM-4-9B-0414,1,0,1,0,rigorous,0.0,10.0,0.0
2026-08-12 09:38:13,IA44_m-glm4-9b_sol1_gd0_rs0_bd1_str-rigorous_t00_n1,798,2,1,zai-org/GLM-4-9B-0414,1,0,1,0,rigorous,0.0,14.0,0.0
2026-08-12 09:38:17,IA44_m-glm4-9b_sol1_gd0_rs0_bd1_str-rigorous_t00_n1,798,3,1,zai-org/GLM-4-9B-0414,1,0,1,0,rigorous,0.0,10.0,0.0
2026-08-12 09:38:26,IA44_m-glm4-9b_sol1_gd0_rs0_bd1_str-rigorous_t00_n1,799,1,1,zai-org/GLM-4-9B-0414,1,0,1,0,rigorous,0.0,15.0,0.0
2026-08-12 09:38:32,IA44_m-glm4-9b_sol1_gd0_rs0_bd1_str-rigorous_t00_n1,799,2,1,zai-org/GLM-4-9B-0414,1,0,1,0,rigorous,0.0,14.0,0.0
2026-08-12 09:38:36,IA44_m-glm4-9b_sol1_gd0_rs0_bd1_str-rigorous_t00_n1,799,3,1,zai-org/GLM-4-9B-0414,1,0,1,0,rigorous,0.0,14.0,0.0
2026-08-12 09:38:45,IA44_m-glm4-9b_sol1_gd0_rs0_bd1_str-rigorous_t00_n1,800,1,1,zai-org/GLM-4-9B-0414,1,0,1,0,rigorous,0.0,15.0,0.0
2026-08-12 09:38:50,IA44_m-glm4-9b_sol1_gd0_rs0_bd1_str-rigorous_t00_n1,800,2,1,zai-org/GLM-4-9B-0414,1,0,1,0,rigorous,0.0,14.0,0.0
2026-08-12 09:38:59,IA44_m-glm4-9b_sol1_gd0_rs0_bd1_str-rigorous_t00_n1,800,3,1,zai-org/GLM-4-9B-0414,1,0,1,0,rigorous,0.0,14.0,0.0
2026-08-12 09:39:10,IA44_m-glm4-9b_sol1_gd0_rs0_bd1_str-rigorous_t00_n1,801,1,1,zai-org/GLM-4-9B-0414,1,0,1,0,rigorous,0.0,22.0,0.0
2026-08-12 09:39:16,IA44_m-glm4-9b_sol1_gd0_rs0_bd1_str-rigorous_t00_n1,801,2,1,zai-org/GLM-4-9B-0414,1,0,1,0,rigorous,0.0,14.0,0.0
2026-08-12 09:39:24,IA44_m-glm4-9b_sol1_gd0_rs0_bd1_str-rigorous_t00_n1,801,3,1,zai-org/GLM-4-9B-0414,1,0,1,0,rigorous,0.0,16.0,0.0
2026-08-12 09:39:32,IA44_m-glm4-9b_sol1_gd0_rs0_bd1_str-rigorous_t00_n1,802,1,1,zai-org/GLM-4-9B-0414,1,0,1,0,rigorous,0.0,19.0,0.0
2026-08-12 09:39:38,IA44_m-glm4-9b_sol1_gd0_rs0_bd1_str-rigorous_t00_n1,802,2,1,zai-org/GLM-4-9B-0414,1,0,1,0,rigorous,0.0,14.0,0.0
2026-08-12 09:39:48,IA44_m-glm4-9b_sol1_gd0_rs0_bd1_str-rigorous_t00_n1,802,3,1,zai-org/GLM-4-9B-0414,1,0,1,0,rigorous,0.0,16.0,0.0
2026-08-12 09:39:57,IA44_m-glm4-9b_sol1_gd0_rs0_bd1_str-rigorous_t00_n1,803,1,1,zai-org/GLM-4-9B-0414,1,0,1,0,rigorous,0.0,15.0,0.0
2026-08-12 09:40:02,IA44_m-glm4-9b_sol1_gd0_rs0_bd1_str-rigorous_t00_n1,803,2,1,zai-org/GLM-4-9B-0414,1,0,1,0,rigorous,0.0,10.0,0.0
2026-08-12 09:40:10,IA44_m-glm4-9b_sol1_gd0_rs0_bd1_str-rigorous_t00_n1,803,3,1,zai-org/GLM-4-9B-0414,1,0,1,0,rigorous,0.0,0.0,0.0
2026-08-12 09:40:15,IA44_m-glm4-9b_sol1_gd0_rs0_bd1_str-rigorous_t00_n1,804,1,1,zai-org/GLM-4-9B-0414,1,0,1,0,rigorous,0.0,18.0,0.0
2026-08-12 09:40:21,IA44_m-glm4-9b_sol1_gd0_rs0_bd1_str-rigorous_t00_n1,804,2,1,zai-org/GLM-4-9B-0414,1,0,1,0,rigorous,0.0,14.0,3.0
2026-08-12 09:40:26,IA44_m-glm4-9b_sol1_gd0_rs0_bd1_str-rigorous_t00_n1,804,3,1,zai-org/GLM-4-9B-0414,1,0,1,0,rigorous,0.0,10.0,0.0
2026-08-12 09:40:35,IA44_m-glm4-9b_sol1_gd0_rs0_bd1_str-rigorous_t00_n1,805,1,1,zai-org/GLM-4-9B-0414,1,0,1,0,rigorous,0.0,15.0,0.0
2026-08-12 09:40:41,IA44_m-glm4-9b_sol1_gd0_rs0_bd1_str-rigorous_t00_n1,805,2,1,zai-org/GLM-4-9B-0414,1,0,1,0,rigorous,0.0,13.0,0.0
2026-08-12 09:40:50,IA44_m-glm4-9b_sol1_gd0_rs0_bd1_str-rigorous_t00_n1,805,3,1,zai-org/GLM-4-9B-0414,1,0,1,0,rigorous,0.0,14.0,0.0
2026-08-12 09:40:59,IA44_m-glm4-9b_sol1_gd0_rs0_bd1_str-rigorous_t00_n1,806,1,1,zai-org/GLM-4-9B-0414,1,0,1,0,rigorous,0.0,19.0,0.0
2026-08-12 09:41:04,IA44_m-glm4-9b_sol1_gd0_rs0_bd1_str-rigorous_t00_n1,806,2,1,zai-org/GLM-4-9B-0414,1,0,1,0,rigorous,0.0,14.0,0.0
2026-08-12 09:41:12,IA44_m-glm4-9b_sol1_gd0_rs0_bd1_str-rigorous_t00_n1,806,3,1,zai-org/GLM-4-9B-0414,1,0,1,0,rigorous,0.0,16.0,0.0
2026-08-12 09:41:22,IA44_m-glm4-9b_sol1_gd0_rs0_bd1_str-rigorous_t00_n1,807,1,1,zai-org/GLM-4-9B-0414,1,0,1,0,rigorous,0.0,18.0,0.0
2026-08-12 09:41:28,IA44_m-glm4-9b_sol1_gd0_rs0_bd1_str-rigorous_t00_n1,807,2,1,zai-org/GLM-4-9B-0414,1,0,1,0,rigorous,0.0,14.0,0.0
2026-08-12 09:41:36,IA44_m-glm4-9b_sol1_gd0_rs0_bd1_str-rigorous_t00_n1,807,3,1,zai-org/GLM-4-9B-0414,1,0,1,0,rigorous,0.0,10.0,0.0
2026-08-12 09:41:46,IA44_m-glm4-9b_sol1_gd0_rs0_bd1_str-rigorous_t00_n1,808,1,1,zai-org/GLM-4-9B-0414,1,0,1,0,rigorous,0.0,15.0,0.0
2026-08-12 09:41:51,IA44_m-glm4-9b_sol1_gd0_rs0_bd1_str-rigorous_t00_n1,808,2,1,zai-org/GLM-4-9B-0414,1,0,1,0,rigorous,0.0,14.0,0.0
2026-08-12 09:42:01,IA44_m-glm4-9b_sol1_gd0_rs0_bd1_str-rigorous_t00_n1,808,3,1,zai-org/GLM-4-9B-0414,1,0,1,0,rigorous,0.0,16.0,0.0
2026-08-12 09:42:10,IA44_m-glm4-9b_sol1_gd0_rs0_bd1_str-rigorous_t00_n1,809,1,1,zai-org/GLM-4-9B-0414,1,0,1,0,rigorous,0.0,15.0,0.0
2026-08-12 09:42:16,IA44_m-glm4-9b_sol1_gd0_rs0_bd1_str-rigorous_t00_n1,809,2,1,zai-org/GLM-4-9B-0414,1,0,1,0,rigorous,0.0,14.0,0.0
2026-08-12 09:42:23,IA44_m-glm4-9b_sol1_gd0_rs0_bd1_str-rigorous_t00_n1,809,3,1,zai-org/GLM-4-9B-0414,1,0,1,0,rigorous,0.0,14.0,0.0
2026-08-12 09:42:32,IA44_m-glm4-9b_sol1_gd0_rs0_bd1_str-rigorous_t00_n1,810,1,1,zai-org/GLM-4-9B-0414,1,0,1,0,rigorous,0.0,19.0,0.0
2026-08-12 09:42:38,IA44_m-glm4-9b_sol1_gd0_rs0_bd1_str-rigorous_t00_n1,810,2,1,zai-org/GLM-4-9B-0414,1,0,1,0,rigorous,0.0,14.0,0.0
2026-08-12 09:42:45,IA44_m-glm4-9b_sol1_gd0_rs0_bd1_str-rigorous_t00_n1,810,3,1,zai-org/GLM-4-9B-0414,1,0,1,0,rigorous,0.0,10.0,0.0
2026-08-12 09:42:56,IA44_m-glm4-9b_sol1_gd0_rs0_bd1_str-rigorous_t00_n1,811,1,1,zai-org/GLM-4-9B-0414,1,0,1,0,rigorous,0.0,10.0,0.0
2026-08-12 09:43:01,IA44_m-glm4-9b_sol1_gd0_rs0_bd1_str-rigorous_t00_n1,811,2,1,zai-org/GLM-4-9B-0414,1,0,1,0,rigorous,0.0,14.0,0.0
2026-08-12 09:43:11,IA44_m-glm4-9b_sol1_gd0_rs0_bd1_str-rigorous_t00_n1,812,1,1,zai-org/GLM-4-9B-0414,1,0,1,0,rigorous,0.0,15.0,0.0
2026-08-12 09:43:17,IA44_m-glm4-9b_sol1_gd0_rs0_bd1_str-rigorous_t00_n1,812,2,1,zai-org/GLM-4-9B-0414,1,0,1,0,rigorous,0.0,10.0,0.0
2026-08-12 09:43:27,IA44_m-glm4-9b_sol1_gd0_rs0_bd1_str-rigorous_t00_n1,813,1,1,zai-org/GLM-4-9B-0414,1,0,1,0,rigorous,0.0,15.0,0.0
2026-08-12 09:43:31,IA44_m-glm4-9b_sol1_gd0_rs0_bd1_str-rigorous_t00_n1,814,1,1,zai-org/GLM-4-9B-0414,1,0,1,0,rigorous,0.0,15.0,0.0
2026-08-12 09:43:36,IA44_m-glm4-9b_sol1_gd0_rs0_bd1_str-rigorous_t00_n1,814,2,1,zai-org/GLM-4-9B-0414,1,0,1,0,rigorous,0.0,10.0,0.0
2026-08-12 09:43:44,IA44_m-glm4-9b_sol1_gd0_rs0_bd1_str-rigorous_t00_n1,814,3,1,zai-org/GLM-4-9B-0414,1,0,1,0,rigorous,0.0,16.0,0.0
2026-08-12 09:43:53,IA44_m-glm4-9b_sol1_gd0_rs0_bd1_str-rigorous_t00_n1,815,1,1,zai-org/GLM-4-9B-0414,1,0,1,0,rigorous,0.0,18.0,0.0
2026-08-12 09:43:59,IA44_m-glm4-9b_sol1_gd0_rs0_bd1_str-rigorous_t00_n1,815,2,1,zai-org/GLM-4-9B-0414,1,0,1,0,rigorous,0.0,14.0,3.0
2026-08-12 09:44:07,IA44_m-glm4-9b_sol1_gd0_rs0_bd1_str-rigorous_t00_n1,815,3,1,zai-org/GLM-4-9B-0414,1,0,1,0,rigorous,0.0,16.0,0.0
2026-08-12 09:44:16,IA44_m-glm4-9b_sol1_gd0_rs0_bd1_str-rigorous_t00_n1,816,1,1,zai-org/GLM-4-9B-0414,1,0,1,0,rigorous,0.0,19.0,0.0
2026-08-12 09:44:22,IA44_m-glm4-9b_sol1_gd0_rs0_bd1_str-rigorous_t00_n1,816,2,1,zai-org/GLM-4-9B-0414,1,0,1,0,rigorous,0.0,14.0,0.0
2026-08-12 09:44:30,IA44_m-glm4-9b_sol1_gd0_rs0_bd1_str-rigorous_t00_n1,816,3,1,zai-org/GLM-4-9B-0414,1,0,1,0,rigorous,0.0,16.0,0.0
2026-08-12 09:44:40,IA44_m-glm4-9b_sol1_gd0_rs0_bd1_str-rigorous_t00_n1,817,1,1,zai-org/GLM-4-9B-0414,1,0,1,0,rigorous,0.0,18.0,0.0
2026-08-12 09:44:45,IA44_m-glm4-9b_sol1_gd0_rs0_bd1_str-rigorous_t00_n1,817,2,1,zai-org/GLM-4-9B-0414,1,0,1,0,rigorous,0.0,14.0,0.0
2026-08-12 09:44:53,IA44_m-glm4-9b_sol1_gd0_rs0_bd1_str-rigorous_t00_n1,817,3,1,zai-org/GLM-4-9B-0414,1,0,1,0,rigorous,0.0,14.0,0.0
2026-08-12 09:45:03,IA44_m-glm4-9b_sol1_gd0_rs0_bd1_str-rigorous_t00_n1,818,1,1,zai-org/GLM-4-9B-0414,1,0,1,0,rigorous,0.0,12.0,0.0
2026-08-12 09:45:08,IA44_m-glm4-9b_sol1_gd0_rs0_bd1_str-rigorous_t00_n1,818,2,1,zai-org/GLM-4-9B-0414,1,0,1,0,rigorous,0.0,14.0,3.0
2026-08-12 09:45:12,IA44_m-glm4-9b_sol1_gd0_rs0_bd1_str-rigorous_t00_n1,818,3,1,zai-org/GLM-4-9B-0414,1,0,1,0,rigorous,0.0,10.0,0.0
2026-08-12 09:45:21,IA44_m-glm4-9b_sol1_gd0_rs0_bd1_str-rigorous_t00_n1,819,1,1,zai-org/GLM-4-9B-0414,1,0,1,0,rigorous,0.0,18.0,0.0
2026-08-12 09:45:26,IA44_m-glm4-9b_sol1_gd0_rs0_bd1_str-rigorous_t00_n1,819,2,1,zai-org/GLM-4-9B-0414,1,0,1,0,rigorous,0.0,10.0,0.0
2026-08-12 09:45:34,IA44_m-glm4-9b_sol1_gd0_rs0_bd1_str-rigorous_t00_n1,819,3,1,zai-org/GLM-4-9B-0414,1,0,1,0,rigorous,0.0,14.0,0.0
2026-08-12 09:45:38,IA44_m-glm4-9b_sol1_gd0_rs0_bd1_str-rigorous_t00_n1,820,1,1,zai-org/GLM-4-9B-0414,1,0,1,0,rigorous,0.0,15.0,0.0
2026-08-12 09:45:44,IA44_m-glm4-9b_sol1_gd0_rs0_bd1_str-rigorous_t00_n1,820,2,1,zai-org/GLM-4-9B-0414,1,0,1,0,rigorous,0.0,14.0,0.0
2026-08-12 09:45:53,IA44_m-glm4-9b_sol1_gd0_rs0_bd1_str-rigorous_t00_n1,820,3,1,zai-org/GLM-4-9B-0414,1,0,1,0,rigorous,0.0,14.0,0.0
2026-08-12 09:46:03,IA44_m-glm4-9b_sol1_gd0_rs0_bd1_str-rigorous_t00_n1,821,1,1,zai-org/GLM-4-9B-0414,1,0,1,0,rigorous,0.0,10.0,0.0
2026-08-12 09:46:09,IA44_m-glm4-9b_sol1_gd0_rs0_bd1_str-rigorous_t00_n1,821,2,1,zai-org/GLM-4-9B-0414,1,0,1,0,rigorous,0.0,14.0,0.0
2026-08-12 09:46:17,IA44_m-glm4-9b_sol1_gd0_rs0_bd1_str-rigorous_t00_n1,821,3,1,zai-org/GLM-4-9B-0414,1,0,1,0,rigorous,0.0,10.0,0.0
2026-08-12 09:46:21,IA44_m-glm4-9b_sol1_gd0_rs0_bd1_str-rigorous_t00_n1,822,1,1,zai-org/GLM-4-9B-0414,1,0,1,0,rigorous,0.0,15.0,0.0
2026-08-12 09:46:26,IA44_m-glm4-9b_sol1_gd0_rs0_bd1_str-rigorous_t00_n1,822,2,1,zai-org/GLM-4-9B-0414,1,0,1,0,rigorous,0.0,14.0,0.0
2026-08-12 09:46:34,IA44_m-glm4-9b_sol1_gd0_rs0_bd1_str-rigorous_t00_n1,822,3,1,zai-org/GLM-4-9B-0414,1,0,1,0,rigorous,0.0,10.0,0.0
2026-08-12 09:46:42,IA44_m-glm4-9b_sol1_gd0_rs0_bd1_str-rigorous_t00_n1,823,1,1,zai-org/GLM-4-9B-0414,1,0,1,0,rigorous,0.0,15.0,0.0
2026-08-12 09:46:48,IA44_m-glm4-9b_sol1_gd0_rs0_bd1_str-rigorous_t00_n1,823,2,1,zai-org/GLM-4-9B-0414,1,0,1,0,rigorous,0.0,14.0,0.0
2026-08-12 09:46:56,IA44_m-glm4-9b_sol1_gd0_rs0_bd1_str-rigorous_t00_n1,823,3,1,zai-org/GLM-4-9B-0414,1,0,1,0,rigorous,0.0,14.0,0.0
2026-08-12 09:47:05,IA44_m-glm4-9b_sol1_gd0_rs0_bd1_str-rigorous_t00_n1,824,1,1,zai-org/GLM-4-9B-0414,1,0,1,0,rigorous,0.0,15.0,0.0
2026-08-12 09:47:11,IA44_m-glm4-9b_sol1_gd0_rs0_bd1_str-rigorous_t00_n1,824,2,1,zai-org/GLM-4-9B-0414,1,0,1,0,rigorous,0.0,14.0,0.0
2026-08-12 09:47:19,IA44_m-glm4-9b_sol1_gd0_rs0_bd1_str-rigorous_t00_n1,824,3,1,zai-org/GLM-4-9B-0414,1,0,1,0,rigorous,0.0,14.0,0.0
2026-08-12 09:47:29,IA44_m-glm4-9b_sol1_gd0_rs0_bd1_str-rigorous_t00_n1,825,1,1,zai-org/GLM-4-9B-0414,1,0,1,0,rigorous,0.0,18.0,0.0
2026-08-12 09:47:35,IA44_m-glm4-9b_sol1_gd0_rs0_bd1_str-rigorous_t00_n1,825,2,1,zai-org/GLM-4-9B-0414,1,0,1,0,rigorous,0.0,14.0,0.0
2026-08-12 09:47:43,IA44_m-glm4-9b_sol1_gd0_rs0_bd1_str-rigorous_t00_n1,825,3,1,zai-org/GLM-4-9B-0414,1,0,1,0,rigorous,0.0,14.0,0.0
2026-08-12 09:47:52,IA44_m-glm4-9b_sol1_gd0_rs0_bd1_str-rigorous_t00_n1,826,1,1,zai-org/GLM-4-9B-0414,1,0,1,0,rigorous,0.0,19.0,0.0
2026-08-12 09:47:57,IA44_m-glm4-9b_sol1_gd0_rs0_bd1_str-rigorous_t00_n1,826,2,1,zai-org/GLM-4-9B-0414,1,0,1,0,rigorous,0.0,14.0,0.0
2026-08-12 09:48:07,IA44_m-glm4-9b_sol1_gd0_rs0_bd1_str-rigorous_t00_n1,826,3,1,zai-org/GLM-4-9B-0414,1,0,1,0,rigorous,0.0,16.0,0.0
2026-08-12 09:48:16,IA44_m-glm4-9b_sol1_gd0_rs0_bd1_str-rigorous_t00_n1,827,1,1,zai-org/GLM-4-9B-0414,1,0,1,0,rigorous,0.0,19.0,0.0
2026-08-12 09:48:22,IA44_m-glm4-9b_sol1_gd0_rs0_bd1_str-rigorous_t00_n1,827,2,1,zai-org/GLM-4-9B-0414,1,0,1,0,rigorous,0.0,14.0,0.0
2026-08-12 09:48:29,IA44_m-glm4-9b_sol1_gd0_rs0_bd1_str-rigorous_t00_n1,827,3,1,zai-org/GLM-4-9B-0414,1,0,1,0,rigorous,0.0,14.0,0.0
2026-08-12 09:48:33,IA44_m-glm4-9b_sol1_gd0_rs0_bd1_str-rigorous_t00_n1,828,1,1,zai-org/GLM-4-9B-0414,1,0,1,0,rigorous,0.0,18.0,0.0
2026-08-12 09:48:40,IA44_m-glm4-9b_sol1_gd0_rs0_bd1_str-rigorous_t00_n1,828,2,1,zai-org/GLM-4-9B-0414,1,0,1,0,rigorous,0.0,14.0,3.0
2026-08-12 09:48:48,IA44_m-glm4-9b_sol1_gd0_rs0_bd1_str-rigorous_t00_n1,828,3,1,zai-org/GLM-4-9B-0414,1,0,1,0,rigorous,0.0,16.0,0.0
2026-08-12 09:48:53,IA44_m-glm4-9b_sol1_gd0_rs0_bd1_str-rigorous_t00_n1,829,1,1,zai-org/GLM-4-9B-0414,1,0,1,0,rigorous,0.0,22.0,0.0
2026-08-12 09:48:58,IA44_m-glm4-9b_sol1_gd0_rs0_bd1_str-rigorous_t00_n1,829,2,1,zai-org/GLM-4-9B-0414,1,0,1,0,rigorous,0.0,14.0,0.0
2026-08-12 09:49:06,IA44_m-glm4-9b_sol1_gd0_rs0_bd1_str-rigorous_t00_n1,829,3,1,zai-org/GLM-4-9B-0414,1,0,1,0,rigorous,0.0,16.0,0.0
2026-08-12 09:49:16,IA44_m-glm4-9b_sol1_gd0_rs0_bd1_str-rigorous_t00_n1,830,1,1,zai-org/GLM-4-9B-0414,1,0,1,0,rigorous,0.0,15.0,0.0
2026-08-12 09:49:22,IA44_m-glm4-9b_sol1_gd0_rs0_bd1_str-rigorous_t00_n1,830,2,1,zai-org/GLM-4-9B-0414,1,0,1,0,rigorous,0.0,14.0,0.0
2026-08-12 09:49:29,IA44_m-glm4-9b_sol1_gd0_rs0_bd1_str-rigorous_t00_n1,830,3,1,zai-org/GLM-4-9B-0414,1,0,1,0,rigorous,0.0,0.0,0.0
2026-08-12 09:49:39,IA44_m-glm4-9b_sol1_gd0_rs0_bd1_str-rigorous_t00_n1,831,1,1,zai-org/GLM-4-9B-0414,1,0,1,0,rigorous,0.0,15.0,0.0
2026-08-12 09:49:45,IA44_m-glm4-9b_sol1_gd0_rs0_bd1_str-rigorous_t00_n1,831,2,1,zai-org/GLM-4-9B-0414,1,0,1,0,rigorous,0.0,14.0,0.0
2026-08-12 09:49:52,IA44_m-glm4-9b_sol1_gd0_rs0_bd1_str-rigorous_t00_n1,831,3,1,zai-org/GLM-4-9B-0414,1,0,1,0,rigorous,0.0,10.0,0.0
2026-08-12 09:49:57,IA44_m-glm4-9b_sol1_gd0_rs0_bd1_str-rigorous_t00_n1,832,1,1,zai-org/GLM-4-9B-0414,1,0,1,0,rigorous,0.0,15.0,0.0
2026-08-12 09:50:02,IA44_m-glm4-9b_sol1_gd0_rs0_bd1_str-rigorous_t00_n1,832,2,1,zai-org/GLM-4-9B-0414,1,0,1,0,rigorous,0.0,10.0,0.0
2026-08-12 09:50:09,IA44_m-glm4-9b_sol1_gd0_rs0_bd1_str-rigorous_t00_n1,832,3,1,zai-org/GLM-4-9B-0414,1,0,1,0,rigorous,0.0,10.0,0.0
2026-08-12 09:50:20,IA44_m-glm4-9b_sol1_gd0_rs0_bd1_str-rigorous_t00_n1,833,1,1,zai-org/GLM-4-9B-0414,1,0,1,0,rigorous,0.0,15.0,0.0
2026-08-12 09:50:26,IA44_m-glm4-9b_sol1_gd0_rs0_bd1_str-rigorous_t00_n1,833,2,1,zai-org/GLM-4-9B-0414,1,0,1,0,rigorous,0.0,14.0,0.0
2026-08-12 09:50:34,IA44_m-glm4-9b_sol1_gd0_rs0_bd1_str-rigorous_t00_n1,833,3,1,zai-org/GLM-4-9B-0414,1,0,1,0,rigorous,0.0,0.0,0.0
2026-08-12 09:50:43,IA44_m-glm4-9b_sol1_gd0_rs0_bd1_str-rigorous_t00_n1,834,1,1,zai-org/GLM-4-9B-0414,1,0,1,0,rigorous,0.0,15.0,0.0
2026-08-12 09:50:48,IA44_m-glm4-9b_sol1_gd0_rs0_bd1_str-rigorous_t00_n1,834,2,1,zai-org/GLM-4-9B-0414,1,0,1,0,rigorous,0.0,14.0,0.0
2026-08-12 09:50:57,IA44_m-glm4-9b_sol1_gd0_rs0_bd1_str-rigorous_t00_n1,834,3,1,zai-org/GLM-4-9B-0414,1,0,1,0,rigorous,0.0,14.0,0.0
2026-08-12 09:51:07,IA44_m-glm4-9b_sol1_gd0_rs0_bd1_str-rigorous_t00_n1,835,1,1,zai-org/GLM-4-9B-0414,1,0,1,0,rigorous,0.0,15.0,0.0
2026-08-12 09:51:12,IA44_m-glm4-9b_sol1_gd0_rs0_bd1_str-rigorous_t00_n1,835,2,1,zai-org/GLM-4-9B-0414,1,0,1,0,rigorous,0.0,14.0,0.0
2026-08-12 09:51:20,IA44_m-glm4-9b_sol1_gd0_rs0_bd1_str-rigorous_t00_n1,835,3,1,zai-org/GLM-4-9B-0414,1,0,1,0,rigorous,0.0,10.0,0.0
2026-08-12 09:51:24,IA44_m-glm4-9b_sol1_gd0_rs0_bd1_str-rigorous_t00_n1,836,1,1,zai-org/GLM-4-9B-0414,1,0,1,0,rigorous,0.0,19.0,0.0
2026-08-12 09:51:34,IA44_m-glm4-9b_sol1_gd0_rs0_bd1_str-rigorous_t00_n1,837,1,1,zai-org/GLM-4-9B-0414,1,0,1,0,rigorous,0.0,10.0,0.0
2026-08-12 09:51:39,IA44_m-glm4-9b_sol1_gd0_rs0_bd1_str-rigorous_t00_n1,837,2,1,zai-org/GLM-4-9B-0414,1,0,1,0,rigorous,0.0,14.0,0.0
2026-08-12 09:51:43,IA44_m-glm4-9b_sol1_gd0_rs0_bd1_str-rigorous_t00_n1,837,3,1,zai-org/GLM-4-9B-0414,1,0,1,0,rigorous,0.0,14.0,0.0
2026-08-12 09:51:52,IA44_m-glm4-9b_sol1_gd0_rs0_bd1_str-rigorous_t00_n1,838,1,1,zai-org/GLM-4-9B-0414,1,0,1,0,rigorous,0.0,15.0,0.0
2026-08-12 09:51:58,IA44_m-glm4-9b_sol1_gd0_rs0_bd1_str-rigorous_t00_n1,838,2,1,zai-org/GLM-4-9B-0414,1,0,1,0,rigorous,0.0,14.0,0.0
2026-08-12 09:52:07,IA44_m-glm4-9b_sol1_gd0_rs0_bd1_str-rigorous_t00_n1,838,3,1,zai-org/GLM-4-9B-0414,1,0,1,0,rigorous,0.0,16.0,0.0
2026-08-12 09:52:15,IA44_m-glm4-9b_sol1_gd0_rs0_bd1_str-rigorous_t00_n1,839,1,1,zai-org/GLM-4-9B-0414,1,0,1,0,rigorous,0.0,15.0,0.0
2026-08-12 09:52:21,IA44_m-glm4-9b_sol1_gd0_rs0_bd1_str-rigorous_t00_n1,839,2,1,zai-org/GLM-4-9B-0414,1,0,1,0,rigorous,0.0,14.0,0.0
2026-08-12 09:52:30,IA44_m-glm4-9b_sol1_gd0_rs0_bd1_str-rigorous_t00_n1,839,3,1,zai-org/GLM-4-9B-0414,1,0,1,0,rigorous,0.0,14.0,0.0
2026-08-12 09:52:39,IA44_m-glm4-9b_sol1_gd0_rs0_bd1_str-rigorous_t00_n1,840,1,1,zai-org/GLM-4-9B-0414,1,0,1,0,rigorous,0.0,15.0,0.0
2026-08-12 09:52:45,IA44_m-glm4-9b_sol1_gd0_rs0_bd1_str-rigorous_t00_n1,840,2,1,zai-org/GLM-4-9B-0414,1,0,1,0,rigorous,0.0,14.0,0.0
2026-08-12 09:52:53,IA44_m-glm4-9b_sol1_gd0_rs0_bd1_str-rigorous_t00_n1,840,3,1,zai-org/GLM-4-9B-0414,1,0,1,0,rigorous,0.0,14.0,0.0
2026-08-12 09:53:01,IA44_m-glm4-9b_sol1_gd0_rs0_bd1_str-rigorous_t00_n1,841,1,1,zai-org/GLM-4-9B-0414,1,0,1,0,rigorous,0.0,15.0,0.0
2026-08-12 09:53:07,IA44_m-glm4-9b_sol1_gd0_rs0_bd1_str-rigorous_t00_n1,841,2,1,zai-org/GLM-4-9B-0414,1,0,1,0,rigorous,0.0,14.0,0.0
2026-08-12 09:53:15,IA44_m-glm4-9b_sol1_gd0_rs0_bd1_str-rigorous_t00_n1,841,3,1,zai-org/GLM-4-9B-0414,1,0,1,0,rigorous,0.0,10.0,0.0
2026-08-12 09:53:24,IA44_m-glm4-9b_sol1_gd0_rs0_bd1_str-rigorous_t00_n1,842,1,1,zai-org/GLM-4-9B-0414,1,0,1,0,rigorous,0.0,10.0,0.0
2026-08-12 09:53:30,IA44_m-glm4-9b_sol1_gd0_rs0_bd1_str-rigorous_t00_n1,842,2,1,zai-org/GLM-4-9B-0414,1,0,1,0,rigorous,0.0,14.0,0.0
2026-08-12 09:53:38,IA44_m-glm4-9b_sol1_gd0_rs0_bd1_str-rigorous_t00_n1,842,3,1,zai-org/GLM-4-9B-0414,1,0,1,0,rigorous,0.0,10.0,0.0
2026-08-12 09:53:41,IA44_m-glm4-9b_sol1_gd0_rs0_bd1_str-rigorous_t00_n1,843,1,1,zai-org/GLM-4-9B-0414,1,0,1,0,rigorous,0.0,10.0,0.0
2026-08-12 09:53:47,IA44_m-glm4-9b_sol1_gd0_rs0_bd1_str-rigorous_t00_n1,843,2,1,zai-org/GLM-4-9B-0414,1,0,1,0,rigorous,0.0,14.0,0.0
2026-08-12 09:53:51,IA44_m-glm4-9b_sol1_gd0_rs0_bd1_str-rigorous_t00_n1,843,3,1,zai-org/GLM-4-9B-0414,1,0,1,0,rigorous,0.0,14.0,0.0
2026-08-12 09:54:00,IA44_m-glm4-9b_sol1_gd0_rs0_bd1_str-rigorous_t00_n1,844,1,1,zai-org/GLM-4-9B-0414,1,0,1,0,rigorous,0.0,15.0,0.0
2026-08-12 09:54:06,IA44_m-glm4-9b_sol1_gd0_rs0_bd1_str-rigorous_t00_n1,844,2,1,zai-org/GLM-4-9B-0414,1,0,1,0,rigorous,0.0,14.0,0.0
2026-08-12 09:54:13,IA44_m-glm4-9b_sol1_gd0_rs0_bd1_str-rigorous_t00_n1,844,3,1,zai-org/GLM-4-9B-0414,1,0,1,0,rigorous,0.0,16.0,0.0
2026-08-12 09:54:17,IA44_m-glm4-9b_sol1_gd0_rs0_bd1_str-rigorous_t00_n1,845,1,1,zai-org/GLM-4-9B-0414,1,0,1,0,rigorous,0.0,15.0,0.0
2026-08-12 09:54:22,IA44_m-glm4-9b_sol1_gd0_rs0_bd1_str-rigorous_t00_n1,845,2,1,zai-org/GLM-4-9B-0414,1,0,1,0,rigorous,0.0,14.0,0.0
2026-08-12 09:54:30,IA44_m-glm4-9b_sol1_gd0_rs0_bd1_str-rigorous_t00_n1,845,3,1,zai-org/GLM-4-9B-0414,1,0,1,0,rigorous,0.0,10.0,0.0
2026-08-12 09:54:34,IA44_m-glm4-9b_sol1_gd0_rs0_bd1_str-rigorous_t00_n1,846,1,1,zai-org/GLM-4-9B-0414,1,0,1,0,rigorous,0.0,15.0,0.0
2026-08-12 09:54:43,IA44_m-glm4-9b_sol1_gd0_rs0_bd1_str-rigorous_t00_n1,846,3,1,zai-org/GLM-4-9B-0414,1,0,1,0,rigorous,0.0,14.0,0.0
2026-08-12 09:54:48,IA44_m-glm4-9b_sol1_gd0_rs0_bd1_str-rigorous_t00_n1,847,1,1,zai-org/GLM-4-9B-0414,1,0,1,0,rigorous,0.0,15.0,0.0
2026-08-12 09:54:53,IA44_m-glm4-9b_sol1_gd0_rs0_bd1_str-rigorous_t00_n1,847,2,1,zai-org/GLM-4-9B-0414,1,0,1,0,rigorous,0.0,14.0,0.0
2026-08-12 09:55:01,IA44_m-glm4-9b_sol1_gd0_rs0_bd1_str-rigorous_t00_n1,847,3,1,zai-org/GLM-4-9B-0414,1,0,1,0,rigorous,0.0,10.0,0.0
2026-08-12 09:55:10,IA44_m-glm4-9b_sol1_gd0_rs0_bd1_str-rigorous_t00_n1,848,1,1,zai-org/GLM-4-9B-0414,1,0,1,0,rigorous,0.0,15.0,0.0
2026-08-12 09:55:16,IA44_m-glm4-9b_sol1_gd0_rs0_bd1_str-rigorous_t00_n1,848,2,1,zai-org/GLM-4-9B-0414,1,0,1,0,rigorous,0.0,10.0,0.0
2026-08-12 09:55:24,IA44_m-glm4-9b_sol1_gd0_rs0_bd1_str-rigorous_t00_n1,848,3,1,zai-org/GLM-4-9B-0414,1,0,1,0,rigorous,0.0,16.0,0.0
2026-08-12 09:55:33,IA44_m-glm4-9b_sol1_gd0_rs0_bd1_str-rigorous_t00_n1,849,1,1,zai-org/GLM-4-9B-0414,1,0,1,0,rigorous,0.0,15.0,0.0
2026-08-12 09:55:38,IA44_m-glm4-9b_sol1_gd0_rs0_bd1_str-rigorous_t00_n1,849,2,1,zai-org/GLM-4-9B-0414,1,0,1,0,rigorous,0.0,14.0,0.0
2026-08-12 09:55:46,IA44_m-glm4-9b_sol1_gd0_rs0_bd1_str-rigorous_t00_n1,849,3,1,zai-org/GLM-4-9B-0414,1,0,1,0,rigorous,0.0,10.0,0.0
2026-08-12 09:55:56,IA44_m-glm4-9b_sol1_gd0_rs0_bd1_str-rigorous_t00_n1,850,1,1,zai-org/GLM-4-9B-0414,1,0,1,0,rigorous,0.0,18.0,0.0
2026-08-12 09:56:01,IA44_m-glm4-9b_sol1_gd0_rs0_bd1_str-rigorous_t00_n1,850,2,1,zai-org/GLM-4-9B-0414,1,0,1,0,rigorous,0.0,14.0,0.0
2026-08-12 09:56:11,IA44_m-glm4-9b_sol1_gd0_rs0_bd1_str-rigorous_t00_n1,850,3,1,zai-org/GLM-4-9B-0414,1,0,1,0,rigorous,0.0,14.0,0.0
2026-08-12 09:56:19,IA44_m-glm4-9b_sol1_gd0_rs0_bd1_str-rigorous_t00_n1,851,1,1,zai-org/GLM-4-9B-0414,1,0,1,0,rigorous,0.0,19.0,0.0
2026-08-12 09:56:25,IA44_m-glm4-9b_sol1_gd0_rs0_bd1_str-rigorous_t00_n1,851,2,1,zai-org/GLM-4-9B-0414,1,0,1,0,rigorous,0.0,14.0,0.0
2026-08-12 09:56:33,IA44_m-glm4-9b_sol1_gd0_rs0_bd1_str-rigorous_t00_n1,851,3,1,zai-org/GLM-4-9B-0414,1,0,1,0,rigorous,0.0,16.0,0.0
2026-08-12 09:56:42,IA44_m-glm4-9b_sol1_gd0_rs0_bd1_str-rigorous_t00_n1,852,1,1,zai-org/GLM-4-9B-0414,1,0,1,0,rigorous,0.0,10.0,0.0
2026-08-12 09:56:47,IA44_m-glm4-9b_sol1_gd0_rs0_bd1_str-rigorous_t00_n1,852,2,1,zai-org/GLM-4-9B-0414,1,0,1,0,rigorous,0.0,14.0,0.0
2026-08-12 09:56:55,IA44_m-glm4-9b_sol1_gd0_rs0_bd1_str-rigorous_t00_n1,852,3,1,zai-org/GLM-4-9B-0414,1,0,1,0,rigorous,0.0,14.0,0.0
2026-08-12 09:56:59,IA44_m-glm4-9b_sol1_gd0_rs0_bd1_str-rigorous_t00_n1,853,1,1,zai-org/GLM-4-9B-0414,1,0,1,0,rigorous,0.0,15.0,0.0
2026-08-12 09:57:04,IA44_m-glm4-9b_sol1_gd0_rs0_bd1_str-rigorous_t00_n1,853,2,1,zai-org/GLM-4-9B-0414,1,0,1,0,rigorous,0.0,14.0,0.0
2026-08-12 09:57:12,IA44_m-glm4-9b_sol1_gd0_rs0_bd1_str-rigorous_t00_n1,853,3,1,zai-org/GLM-4-9B-0414,1,0,1,0,rigorous,0.0,10.0,0.0
2026-08-12 09:57:22,IA44_m-glm4-9b_sol1_gd0_rs0_bd1_str-rigorous_t00_n1,854,1,1,zai-org/GLM-4-9B-0414,1,0,1,0,rigorous,0.0,18.0,0.0
2026-08-12 09:57:28,IA44_m-glm4-9b_sol1_gd0_rs0_bd1_str-rigorous_t00_n1,854,2,1,zai-org/GLM-4-9B-0414,1,0,1,0,rigorous,0.0,14.0,0.0
2026-08-12 09:57:36,IA44_m-glm4-9b_sol1_gd0_rs0_bd1_str-rigorous_t00_n1,854,3,1,zai-org/GLM-4-9B-0414,1,0,1,0,rigorous,0.0,16.0,0.0
2026-08-12 09:57:43,IA44_m-glm4-9b_sol1_gd0_rs0_bd1_str-rigorous_t00_n1,855,2,1,zai-org/GLM-4-9B-0414,1,0,1,0,rigorous,0.0,14.0,0.0
2026-08-12 09:57:46,IA44_m-glm4-9b_sol1_gd0_rs0_bd1_str-rigorous_t00_n1,855,3,1,zai-org/GLM-4-9B-0414,1,0,1,0,rigorous,0.0,10.0,0.0
2026-08-12 09:57:55,IA44_m-glm4-9b_sol1_gd0_rs0_bd1_str-rigorous_t00_n1,856,1,1,zai-org/GLM-4-9B-0414,1,0,1,0,rigorous,0.0,15.0,0.0
2026-08-12 09:58:01,IA44_m-glm4-9b_sol1_gd0_rs0_bd1_str-rigorous_t00_n1,856,2,1,zai-org/GLM-4-9B-0414,1,0,1,0,rigorous,0.0,14.0,0.0
2026-08-12 09:58:10,IA44_m-glm4-9b_sol1_gd0_rs0_bd1_str-rigorous_t00_n1,856,3,1,zai-org/GLM-4-9B-0414,1,0,1,0,rigorous,0.0,10.0,0.0
2026-08-12 09:58:19,IA44_m-glm4-9b_sol1_gd0_rs0_bd1_str-rigorous_t00_n1,857,1,1,zai-org/GLM-4-9B-0414,1,0,1,0,rigorous,0.0,15.0,0.0
2026-08-12 09:58:25,IA44_m-glm4-9b_sol1_gd0_rs0_bd1_str-rigorous_t00_n1,857,2,1,zai-org/GLM-4-9B-0414,1,0,1,0,rigorous,0.0,12.0,0.0
2026-08-12 09:58:33,IA44_m-glm4-9b_sol1_gd0_rs0_bd1_str-rigorous_t00_n1,857,3,1,zai-org/GLM-4-9B-0414,1,0,1,0,rigorous,0.0,14.0,0.0
2026-08-12 09:58:37,IA44_m-glm4-9b_sol1_gd0_rs0_bd1_str-rigorous_t00_n1,858,1,1,zai-org/GLM-4-9B-0414,1,0,1,0,rigorous,0.0,19.0,0.0
2026-08-12 09:58:43,IA44_m-glm4-9b_sol1_gd0_rs0_bd1_str-rigorous_t00_n1,858,2,1,zai-org/GLM-4-9B-0414,1,0,1,0,rigorous,0.0,14.0,0.0
2026-08-12 09:58:51,IA44_m-glm4-9b_sol1_gd0_rs0_bd1_str-rigorous_t00_n1,858,3,1,zai-org/GLM-4-9B-0414,1,0,1,0,rigorous,0.0,14.0,0.0
2026-08-12 09:59:00,IA44_m-glm4-9b_sol1_gd0_rs0_bd1_str-rigorous_t00_n1,859,1,1,zai-org/GLM-4-9B-0414,1,0,1,0,rigorous,0.0,15.0,0.0
2026-08-12 09:59:05,IA44_m-glm4-9b_sol1_gd0_rs0_bd1_str-rigorous_t00_n1,859,2,1,zai-org/GLM-4-9B-0414,1,0,1,0,rigorous,0.0,14.0,0.0
2026-08-12 09:59:14,IA44_m-glm4-9b_sol1_gd0_rs0_bd1_str-rigorous_t00_n1,859,3,1,zai-org/GLM-4-9B-0414,1,0,1,0,rigorous,0.0,14.0,0.0
2026-08-12 09:59:24,IA44_m-glm4-9b_sol1_gd0_rs0_bd1_str-rigorous_t00_n1,860,1,1,zai-org/GLM-4-9B-0414,1,0,1,0,rigorous,0.0,15.0,0.0
2026-08-12 09:59:29,IA44_m-glm4-9b_sol1_gd0_rs0_bd1_str-rigorous_t00_n1,860,2,1,zai-org/GLM-4-9B-0414,1,0,1,0,rigorous,0.0,14.0,0.0
2026-08-12 09:59:37,IA44_m-glm4-9b_sol1_gd0_rs0_bd1_str-rigorous_t00_n1,860,3,1,zai-org/GLM-4-9B-0414,1,0,1,0,rigorous,0.0,14.0,0.0
2026-08-12 09:59:45,IA44_m-glm4-9b_sol1_gd0_rs0_bd1_str-rigorous_t00_n1,861,1,1,zai-org/GLM-4-9B-0414,1,0,1,0,rigorous,0.0,19.0,0.0
2026-08-12 09:59:50,IA44_m-glm4-9b_sol1_gd0_rs0_bd1_str-rigorous_t00_n1,861,2,1,zai-org/GLM-4-9B-0414,1,0,1,0,rigorous,0.0,10.0,0.0
2026-08-12 09:59:58,IA44_m-glm4-9b_sol1_gd0_rs0_bd1_str-rigorous_t00_n1,861,3,1,zai-org/GLM-4-9B-0414,1,0,1,0,rigorous,0.0,16.0,0.0
2026-08-12 10:00:07,IA44_m-glm4-9b_sol1_gd0_rs0_bd1_str-rigorous_t00_n1,862,1,1,zai-org/GLM-4-9B-0414,1,0,1,0,rigorous,0.0,16.0,0.0
2026-08-12 10:00:13,IA44_m-glm4-9b_sol1_gd0_rs0_bd1_str-rigorous_t00_n1,862,2,1,zai-org/GLM-4-9B-0414,1,0,1,0,rigorous,0.0,14.0,0.0
2026-08-12 10:00:21,IA44_m-glm4-9b_sol1_gd0_rs0_bd1_str-rigorous_t00_n1,862,3,1,zai-org/GLM-4-9B-0414,1,0,1,0,rigorous,0.0,14.0,0.0
2026-08-12 10:00:30,IA44_m-glm4-9b_sol1_gd0_rs0_bd1_str-rigorous_t00_n1,863,1,1,zai-org/GLM-4-9B-0414,1,0,1,0,rigorous,0.0,15.0,0.0
2026-08-12 10:00:35,IA44_m-glm4-9b_sol1_gd0_rs0_bd1_str-rigorous_t00_n1,863,2,1,zai-org/GLM-4-9B-0414,1,0,1,0,rigorous,0.0,14.0,0.0
2026-08-12 10:00:44,IA44_m-glm4-9b_sol1_gd0_rs0_bd1_str-rigorous_t00_n1,863,3,1,zai-org/GLM-4-9B-0414,1,0,1,0,rigorous,0.0,14.0,0.0
2026-08-12 10:00:52,IA44_m-glm4-9b_sol1_gd0_rs0_bd1_str-rigorous_t00_n1,864,1,1,zai-org/GLM-4-9B-0414,1,0,1,0,rigorous,0.0,18.0,0.0
2026-08-12 10:00:58,IA44_m-glm4-9b_sol1_gd0_rs0_bd1_str-rigorous_t00_n1,864,2,1,zai-org/GLM-4-9B-0414,1,0,1,0,rigorous,0.0,14.0,0.0
2026-08-12 10:01:07,IA44_m-glm4-9b_sol1_gd0_rs0_bd1_str-rigorous_t00_n1,864,3,1,zai-org/GLM-4-9B-0414,1,0,1,0,rigorous,0.0,16.0,0.0
2026-08-12 10:01:11,IA44_m-glm4-9b_sol1_gd0_rs0_bd1_str-rigorous_t00_n1,865,1,1,zai-org/GLM-4-9B-0414,1,0,1,0,rigorous,0.0,15.0,0.0
2026-08-12 10:01:17,IA44_m-glm4-9b_sol1_gd0_rs0_bd1_str-rigorous_t00_n1,865,2,1,zai-org/GLM-4-9B-0414,1,0,1,0,rigorous,0.0,14.0,0.0
2026-08-12 10:01:24,IA44_m-glm4-9b_sol1_gd0_rs0_bd1_str-rigorous_t00_n1,865,3,1,zai-org/GLM-4-9B-0414,1,0,1,0,rigorous,0.0,14.0,0.0
2026-08-12 10:01:28,IA44_m-glm4-9b_sol1_gd0_rs0_bd1_str-rigorous_t00_n1,866,1,1,zai-org/GLM-4-9B-0414,1,0,1,0,rigorous,0.0,15.0,0.0
2026-08-12 10:01:34,IA44_m-glm4-9b_sol1_gd0_rs0_bd1_str-rigorous_t00_n1,866,2,1,zai-org/GLM-4-9B-0414,1,0,1,0,rigorous,0.0,14.0,0.0
2026-08-12 10:01:43,IA44_m-glm4-9b_sol1_gd0_rs0_bd1_str-rigorous_t00_n1,866,3,1,zai-org/GLM-4-9B-0414,1,0,1,0,rigorous,0.0,10.0,0.0
2026-08-12 10:01:52,IA44_m-glm4-9b_sol1_gd0_rs0_bd1_str-rigorous_t00_n1,867,1,1,zai-org/GLM-4-9B-0414,1,0,1,0,rigorous,0.0,15.0,0.0
2026-08-12 10:01:58,IA44_m-glm4-9b_sol1_gd0_rs0_bd1_str-rigorous_t00_n1,867,2,1,zai-org/GLM-4-9B-0414,1,0,1,0,rigorous,0.0,14.0,0.0
2026-08-12 10:02:06,IA44_m-glm4-9b_sol1_gd0_rs0_bd1_str-rigorous_t00_n1,867,3,1,zai-org/GLM-4-9B-0414,1,0,1,0,rigorous,0.0,14.0,0.0
2026-08-12 10:02:11,IA44_m-glm4-9b_sol1_gd0_rs0_bd1_str-rigorous_t00_n1,868,1,1,zai-org/GLM-4-9B-0414,1,0,1,0,rigorous,0.0,16.0,0.0
2026-08-12 10:02:16,IA44_m-glm4-9b_sol1_gd0_rs0_bd1_str-rigorous_t00_n1,868,2,1,zai-org/GLM-4-9B-0414,1,0,1,0,rigorous,0.0,14.0,0.0
2026-08-12 10:02:25,IA44_m-glm4-9b_sol1_gd0_rs0_bd1_str-rigorous_t00_n1,868,3,1,zai-org/GLM-4-9B-0414,1,0,1,0,rigorous,0.0,14.0,0.0
2026-08-12 10:02:29,IA44_m-glm4-9b_sol1_gd0_rs0_bd1_str-rigorous_t00_n1,869,1,1,zai-org/GLM-4-9B-0414,1,0,1,0,rigorous,0.0,18.0,0.0
2026-08-12 10:02:34,IA44_m-glm4-9b_sol1_gd0_rs0_bd1_str-rigorous_t00_n1,869,2,1,zai-org/GLM-4-9B-0414,1,0,1,0,rigorous,0.0,14.0,0.0
2026-08-12 10:02:41,IA44_m-glm4-9b_sol1_gd0_rs0_bd1_str-rigorous_t00_n1,869,3,1,zai-org/GLM-4-9B-0414,1,0,1,0,rigorous,0.0,14.0,0.0
2026-08-12 10:02:51,IA44_m-glm4-9b_sol1_gd0_rs0_bd1_str-rigorous_t00_n1,870,1,1,zai-org/GLM-4-9B-0414,1,0,1,0,rigorous,0.0,16.0,0.0
2026-08-12 10:02:56,IA44_m-glm4-9b_sol1_gd0_rs0_bd1_str-rigorous_t00_n1,870,2,1,zai-org/GLM-4-9B-0414,1,0,1,0,rigorous,0.0,14.0,0.0
2026-08-12 10:03:00,IA44_m-glm4-9b_sol1_gd0_rs0_bd1_str-rigorous_t00_n1,870,3,1,zai-org/GLM-4-9B-0414,1,0,1,0,rigorous,0.0,16.0,0.0
2026-08-12 10:03:10,IA44_m-glm4-9b_sol1_gd0_rs0_bd1_str-rigorous_t00_n1,871,1,1,zai-org/GLM-4-9B-0414,1,0,1,0,rigorous,0.0,15.0,0.0
2026-08-12 10:03:15,IA44_m-glm4-9b_sol1_gd0_rs0_bd1_str-rigorous_t00_n1,871,2,1,zai-org/GLM-4-9B-0414,1,0,1,0,rigorous,0.0,14.0,0.0
2026-08-12 10:03:25,IA44_m-glm4-9b_sol1_gd0_rs0_bd1_str-rigorous_t00_n1,871,3,1,zai-org/GLM-4-9B-0414,1,0,1,0,rigorous,0.0,10.0,0.0
2026-08-12 10:03:35,IA44_m-glm4-9b_sol1_gd0_rs0_bd1_str-rigorous_t00_n1,872,1,1,zai-org/GLM-4-9B-0414,1,0,1,0,rigorous,0.0,15.0,0.0
2026-08-12 10:03:40,IA44_m-glm4-9b_sol1_gd0_rs0_bd1_str-rigorous_t00_n1,872,2,1,zai-org/GLM-4-9B-0414,1,0,1,0,rigorous,0.0,13.0,0.0
2026-08-12 10:03:49,IA44_m-glm4-9b_sol1_gd0_rs0_bd1_str-rigorous_t00_n1,872,3,1,zai-org/GLM-4-9B-0414,1,0,1,0,rigorous,0.0,16.0,0.0
2026-08-12 10:03:59,IA44_m-glm4-9b_sol1_gd0_rs0_bd1_str-rigorous_t00_n1,873,1,1,zai-org/GLM-4-9B-0414,1,0,1,0,rigorous,0.0,16.0,0.0
2026-08-12 10:04:05,IA44_m-glm4-9b_sol1_gd0_rs0_bd1_str-rigorous_t00_n1,873,2,1,zai-org/GLM-4-9B-0414,1,0,1,0,rigorous,0.0,14.0,0.0
2026-08-12 10:04:14,IA44_m-glm4-9b_sol1_gd0_rs0_bd1_str-rigorous_t00_n1,873,3,1,zai-org/GLM-4-9B-0414,1,0,1,0,rigorous,0.0,14.0,0.0
2026-08-12 10:04:24,IA44_m-glm4-9b_sol1_gd0_rs0_bd1_str-rigorous_t00_n1,874,1,1,zai-org/GLM-4-9B-0414,1,0,1,0,rigorous,0.0,19.0,0.0
2026-08-12 10:04:29,IA44_m-glm4-9b_sol1_gd0_rs0_bd1_str-rigorous_t00_n1,874,2,1,zai-org/GLM-4-9B-0414,1,0,1,0,rigorous,0.0,14.0,0.0
2026-08-12 10:04:37,IA44_m-glm4-9b_sol1_gd0_rs0_bd1_str-rigorous_t00_n1,874,3,1,zai-org/GLM-4-9B-0414,1,0,1,0,rigorous,0.0,16.0,0.0
2026-08-12 10:04:40,IA44_m-glm4-9b_sol1_gd0_rs0_bd1_str-rigorous_t00_n1,875,1,1,zai-org/GLM-4-9B-0414,1,0,1,0,rigorous,0.0,10.0,0.0
2026-08-12 10:04:46,IA44_m-glm4-9b_sol1_gd0_rs0_bd1_str-rigorous_t00_n1,875,2,1,zai-org/GLM-4-9B-0414,1,0,1,0,rigorous,0.0,14.0,0.0
2026-08-12 10:04:50,IA44_m-glm4-9b_sol1_gd0_rs0_bd1_str-rigorous_t00_n1,875,3,1,zai-org/GLM-4-9B-0414,1,0,1,0,rigorous,0.0,14.0,0.0
2026-08-12 10:05:00,IA44_m-glm4-9b_sol1_gd0_rs0_bd1_str-rigorous_t00_n1,876,1,1,zai-org/GLM-4-9B-0414,1,0,1,0,rigorous,0.0,15.0,0.0
2026-08-12 10:05:06,IA44_m-glm4-9b_sol1_gd0_rs0_bd1_str-rigorous_t00_n1,876,2,1,zai-org/GLM-4-9B-0414,1,0,1,0,rigorous,0.0,14.0,0.0
2026-08-12 10:05:14,IA44_m-glm4-9b_sol1_gd0_rs0_bd1_str-rigorous_t00_n1,876,3,1,zai-org/GLM-4-9B-0414,1,0,1,0,rigorous,0.0,14.0,0.0
2026-08-12 10:05:22,IA44_m-glm4-9b_sol1_gd0_rs0_bd1_str-rigorous_t00_n1,877,1,1,zai-org/GLM-4-9B-0414,1,0,1,0,rigorous,0.0,19.0,0.0
2026-08-12 10:05:28,IA44_m-glm4-9b_sol1_gd0_rs0_bd1_str-rigorous_t00_n1,877,2,1,zai-org/GLM-4-9B-0414,1,0,1,0,rigorous,0.0,14.0,0.0
2026-08-12 10:05:36,IA44_m-glm4-9b_sol1_gd0_rs0_bd1_str-rigorous_t00_n1,877,3,1,zai-org/GLM-4-9B-0414,1,0,1,0,rigorous,0.0,16.0,0.0
2026-08-12 10:05:44,IA44_m-glm4-9b_sol1_gd0_rs0_bd1_str-rigorous_t00_n1,878,1,1,zai-org/GLM-4-9B-0414,1,0,1,0,rigorous,0.0,14.0,0.0
2026-08-12 10:05:50,IA44_m-glm4-9b_sol1_gd0_rs0_bd1_str-rigorous_t00_n1,878,2,1,zai-org/GLM-4-9B-0414,1,0,1,0,rigorous,0.0,14.0,0.0
2026-08-12 10:05:59,IA44_m-glm4-9b_sol1_gd0_rs0_bd1_str-rigorous_t00_n1,878,3,1,zai-org/GLM-4-9B-0414,1,0,1,0,rigorous,0.0,10.0,0.0
2026-08-12 10:06:03,IA44_m-glm4-9b_sol1_gd0_rs0_bd1_str-rigorous_t00_n1,879,1,1,zai-org/GLM-4-9B-0414,1,0,1,0,rigorous,0.0,15.0,0.0
2026-08-12 10:06:09,IA44_m-glm4-9b_sol1_gd0_rs0_bd1_str-rigorous_t00_n1,879,2,1,zai-org/GLM-4-9B-0414,1,0,1,0,rigorous,0.0,14.0,3.0
2026-08-12 10:06:17,IA44_m-glm4-9b_sol1_gd0_rs0_bd1_str-rigorous_t00_n1,879,3,1,zai-org/GLM-4-9B-0414,1,0,1,0,rigorous,0.0,16.0,0.0
2026-08-12 10:06:20,IA44_m-glm4-9b_sol1_gd0_rs0_bd1_str-rigorous_t00_n1,880,1,1,zai-org/GLM-4-9B-0414,1,0,1,0,rigorous,0.0,15.0,0.0
2026-08-12 10:06:26,IA44_m-glm4-9b_sol1_gd0_rs0_bd1_str-rigorous_t00_n1,880,2,1,zai-org/GLM-4-9B-0414,1,0,1,0,rigorous,0.0,14.0,0.0
2026-08-12 10:06:30,IA44_m-glm4-9b_sol1_gd0_rs0_bd1_str-rigorous_t00_n1,880,3,1,zai-org/GLM-4-9B-0414,1,0,1,0,rigorous,0.0,16.0,0.0
2026-08-12 10:06:34,IA44_m-glm4-9b_sol1_gd0_rs0_bd1_str-rigorous_t00_n1,881,1,1,zai-org/GLM-4-9B-0414,1,0,1,0,rigorous,0.0,10.0,0.0
2026-08-12 10:06:39,IA44_m-glm4-9b_sol1_gd0_rs0_bd1_str-rigorous_t00_n1,881,2,1,zai-org/GLM-4-9B-0414,1,0,1,0,rigorous,0.0,10.0,0.0
2026-08-12 10:06:43,IA44_m-glm4-9b_sol1_gd0_rs0_bd1_str-rigorous_t00_n1,881,3,1,zai-org/GLM-4-9B-0414,1,0,1,0,rigorous,0.0,16.0,0.0
2026-08-12 10:06:49,IA44_m-glm4-9b_sol1_gd0_rs0_bd1_str-rigorous_t00_n1,882,1,1,zai-org/GLM-4-9B-0414,1,0,1,0,rigorous,0.0,18.0,0.0
2026-08-12 10:06:54,IA44_m-glm4-9b_sol1_gd0_rs0_bd1_str-rigorous_t00_n1,882,2,1,zai-org/GLM-4-9B-0414,1,0,1,0,rigorous,0.0,14.0,0.0
2026-08-12 10:07:02,IA44_m-glm4-9b_sol1_gd0_rs0_bd1_str-rigorous_t00_n1,882,3,1,zai-org/GLM-4-9B-0414,1,0,1,0,rigorous,0.0,16.0,0.0
2026-08-12 10:07:06,IA44_m-glm4-9b_sol1_gd0_rs0_bd1_str-rigorous_t00_n1,883,1,1,zai-org/GLM-4-9B-0414,1,0,1,0,rigorous,0.0,19.0,0.0
2026-08-12 10:07:12,IA44_m-glm4-9b_sol1_gd0_rs0_bd1_str-rigorous_t00_n1,883,2,1,zai-org/GLM-4-9B-0414,1,0,1,0,rigorous,0.0,14.0,0.0
2026-08-12 10:07:21,IA44_m-glm4-9b_sol1_gd0_rs0_bd1_str-rigorous_t00_n1,883,3,1,zai-org/GLM-4-9B-0414,1,0,1,0,rigorous,0.0,16.0,0.0
2026-08-12 10:07:30,IA44_m-glm4-9b_sol1_gd0_rs0_bd1_str-rigorous_t00_n1,884,1,1,zai-org/GLM-4-9B-0414,1,0,1,0,rigorous,0.0,18.0,0.0
2026-08-12 10:07:35,IA44_m-glm4-9b_sol1_gd0_rs0_bd1_str-rigorous_t00_n1,884,2,1,zai-org/GLM-4-9B-0414,1,0,1,0,rigorous,0.0,14.0,0.0
2026-08-12 10:07:43,IA44_m-glm4-9b_sol1_gd0_rs0_bd1_str-rigorous_t00_n1,884,3,1,zai-org/GLM-4-9B-0414,1,0,1,0,rigorous,0.0,16.0,0.0
2026-08-12 10:07:53,IA44_m-glm4-9b_sol1_gd0_rs0_bd1_str-rigorous_t00_n1,885,1,1,zai-org/GLM-4-9B-0414,1,0,1,0,rigorous,0.0,15.0,0.0
2026-08-12 10:07:58,IA44_m-glm4-9b_sol1_gd0_rs0_bd1_str-rigorous_t00_n1,885,2,1,zai-org/GLM-4-9B-0414,1,0,1,0,rigorous,0.0,14.0,0.0
2026-08-12 10:08:06,IA44_m-glm4-9b_sol1_gd0_rs0_bd1_str-rigorous_t00_n1,885,3,1,zai-org/GLM-4-9B-0414,1,0,1,0,rigorous,0.0,10.0,0.0
2026-08-12 10:08:10,IA44_m-glm4-9b_sol1_gd0_rs0_bd1_str-rigorous_t00_n1,886,1,1,zai-org/GLM-4-9B-0414,1,0,1,0,rigorous,0.0,10.0,0.0
2026-08-12 10:08:16,IA44_m-glm4-9b_sol1_gd0_rs0_bd1_str-rigorous_t00_n1,886,2,1,zai-org/GLM-4-9B-0414,1,0,1,0,rigorous,0.0,14.0,0.0
2026-08-12 10:08:23,IA44_m-glm4-9b_sol1_gd0_rs0_bd1_str-rigorous_t00_n1,886,3,1,zai-org/GLM-4-9B-0414,1,0,1,0,rigorous,0.0,10.0,0.0
2026-08-12 10:08:31,IA44_m-glm4-9b_sol1_gd0_rs0_bd1_str-rigorous_t00_n1,887,1,1,zai-org/GLM-4-9B-0414,1,0,1,0,rigorous,0.0,19.0,0.0
2026-08-12 10:08:37,IA44_m-glm4-9b_sol1_gd0_rs0_bd1_str-rigorous_t00_n1,887,2,1,zai-org/GLM-4-9B-0414,1,0,1,0,rigorous,0.0,14.0,3.0
2026-08-12 10:08:44,IA44_m-glm4-9b_sol1_gd0_rs0_bd1_str-rigorous_t00_n1,887,3,1,zai-org/GLM-4-9B-0414,1,0,1,0,rigorous,0.0,16.0,0.0
2026-08-12 10:08:49,IA44_m-glm4-9b_sol1_gd0_rs0_bd1_str-rigorous_t00_n1,888,1,1,zai-org/GLM-4-9B-0414,1,0,1,0,rigorous,0.0,10.0,0.0
2026-08-12 10:08:55,IA44_m-glm4-9b_sol1_gd0_rs0_bd1_str-rigorous_t00_n1,888,2,1,zai-org/GLM-4-9B-0414,1,0,1,0,rigorous,0.0,5.0,0.0
2026-08-12 10:09:03,IA44_m-glm4-9b_sol1_gd0_rs0_bd1_str-rigorous_t00_n1,888,3,1,zai-org/GLM-4-9B-0414,1,0,1,0,rigorous,0.0,10.0,0.0
2026-08-12 10:09:11,IA44_m-glm4-9b_sol1_gd0_rs0_bd1_str-rigorous_t00_n1,889,1,1,zai-org/GLM-4-9B-0414,1,0,1,0,rigorous,0.0,15.0,0.0
2026-08-12 10:09:20,IA44_m-glm4-9b_sol1_gd0_rs0_bd1_str-rigorous_t00_n1,889,3,1,zai-org/GLM-4-9B-0414,1,0,1,0,rigorous,0.0,16.0,0.0
2026-08-12 10:09:24,IA44_m-glm4-9b_sol1_gd0_rs0_bd1_str-rigorous_t00_n1,890,1,1,zai-org/GLM-4-9B-0414,1,0,1,0,rigorous,0.0,19.0,0.0
2026-08-12 10:09:30,IA44_m-glm4-9b_sol1_gd0_rs0_bd1_str-rigorous_t00_n1,890,2,1,zai-org/GLM-4-9B-0414,1,0,1,0,rigorous,0.0,14.0,0.0
2026-08-12 10:09:37,IA44_m-glm4-9b_sol1_gd0_rs0_bd1_str-rigorous_t00_n1,890,3,1,zai-org/GLM-4-9B-0414,1,0,1,0,rigorous,0.0,10.0,0.0
2026-08-12 10:09:41,IA44_m-glm4-9b_sol1_gd0_rs0_bd1_str-rigorous_t00_n1,891,1,1,zai-org/GLM-4-9B-0414,1,0,1,0,rigorous,0.0,15.0,0.0
2026-08-12 10:09:46,IA44_m-glm4-9b_sol1_gd0_rs0_bd1_str-rigorous_t00_n1,891,2,1,zai-org/GLM-4-9B-0414,1,0,1,0,rigorous,0.0,10.0,0.0
2026-08-12 10:09:54,IA44_m-glm4-9b_sol1_gd0_rs0_bd1_str-rigorous_t00_n1,891,3,1,zai-org/GLM-4-9B-0414,1,0,1,0,rigorous,0.0,0.0,0.0
2026-08-12 10:09:59,IA44_m-glm4-9b_sol1_gd0_rs0_bd1_str-rigorous_t00_n1,892,1,1,zai-org/GLM-4-9B-0414,1,0,1,0,rigorous,0.0,22.0,0.0
2026-08-12 10:10:05,IA44_m-glm4-9b_sol1_gd0_rs0_bd1_str-rigorous_t00_n1,892,2,1,zai-org/GLM-4-9B-0414,1,0,1,0,rigorous,0.0,14.0,3.0
2026-08-12 10:10:14,IA44_m-glm4-9b_sol1_gd0_rs0_bd1_str-rigorous_t00_n1,892,3,1,zai-org/GLM-4-9B-0414,1,0,1,0,rigorous,0.0,16.0,0.0
2026-08-12 10:10:23,IA44_m-glm4-9b_sol1_gd0_rs0_bd1_str-rigorous_t00_n1,893,1,1,zai-org/GLM-4-9B-0414,1,0,1,0,rigorous,0.0,16.0,0.0
2026-08-12 10:10:28,IA44_m-glm4-9b_sol1_gd0_rs0_bd1_str-rigorous_t00_n1,893,2,1,zai-org/GLM-4-9B-0414,1,0,1,0,rigorous,0.0,10.0,0.0
2026-08-12 10:10:36,IA44_m-glm4-9b_sol1_gd0_rs0_bd1_str-rigorous_t00_n1,893,3,1,zai-org/GLM-4-9B-0414,1,0,1,0,rigorous,0.0,0.0,0.0
2026-08-12 10:10:46,IA44_m-glm4-9b_sol1_gd0_rs0_bd1_str-rigorous_t00_n1,894,1,1,zai-org/GLM-4-9B-0414,1,0,1,0,rigorous,0.0,19.0,0.0
2026-08-12 10:10:52,IA44_m-glm4-9b_sol1_gd0_rs0_bd1_str-rigorous_t00_n1,894,2,1,zai-org/GLM-4-9B-0414,1,0,1,0,rigorous,0.0,14.0,3.0
2026-08-12 10:11:00,IA44_m-glm4-9b_sol1_gd0_rs0_bd1_str-rigorous_t00_n1,894,3,1,zai-org/GLM-4-9B-0414,1,0,1,0,rigorous,0.0,16.0,0.0
2026-08-12 10:11:09,IA44_m-glm4-9b_sol1_gd0_rs0_bd1_str-rigorous_t00_n1,895,1,1,zai-org/GLM-4-9B-0414,1,0,1,0,rigorous,0.0,15.0,0.0
2026-08-12 10:11:15,IA44_m-glm4-9b_sol1_gd0_rs0_bd1_str-rigorous_t00_n1,895,2,1,zai-org/GLM-4-9B-0414,1,0,1,0,rigorous,0.0,14.0,0.0
2026-08-12 10:11:23,IA44_m-glm4-9b_sol1_gd0_rs0_bd1_str-rigorous_t00_n1,895,3,1,zai-org/GLM-4-9B-0414,1,0,1,0,rigorous,0.0,16.0,0.0
2026-08-12 10:11:32,IA44_m-glm4-9b_sol1_gd0_rs0_bd1_str-rigorous_t00_n1,896,1,1,zai-org/GLM-4-9B-0414,1,0,1,0,rigorous,0.0,22.0,0.0
2026-08-12 10:11:38,IA44_m-glm4-9b_sol1_gd0_rs0_bd1_str-rigorous_t00_n1,896,2,1,zai-org/GLM-4-9B-0414,1,0,1,0,rigorous,0.0,14.0,3.0
2026-08-12 10:11:45,IA44_m-glm4-9b_sol1_gd0_rs0_bd1_str-rigorous_t00_n1,896,3,1,zai-org/GLM-4-9B-0414,1,0,1,0,rigorous,0.0,16.0,0.0
2026-08-12 10:11:54,IA44_m-glm4-9b_sol1_gd0_rs0_bd1_str-rigorous_t00_n1,897,1,1,zai-org/GLM-4-9B-0414,1,0,1,0,rigorous,0.0,16.0,0.0
2026-08-12 10:12:00,IA44_m-glm4-9b_sol1_gd0_rs0_bd1_str-rigorous_t00_n1,897,2,1,zai-org/GLM-4-9B-0414,1,0,1,0,rigorous,0.0,14.0,0.0
2026-08-12 10:12:08,IA44_m-glm4-9b_sol1_gd0_rs0_bd1_str-rigorous_t00_n1,897,3,1,zai-org/GLM-4-9B-0414,1,0,1,0,rigorous,0.0,14.0,0.0
2026-08-12 10:12:18,IA44_m-glm4-9b_sol1_gd0_rs0_bd1_str-rigorous_t00_n1,898,1,1,zai-org/GLM-4-9B-0414,1,0,1,0,rigorous,0.0,10.0,0.0
2026-08-12 10:12:24,IA44_m-glm4-9b_sol1_gd0_rs0_bd1_str-rigorous_t00_n1,898,2,1,zai-org/GLM-4-9B-0414,1,0,1,0,rigorous,0.0,14.0,0.0
2026-08-12 10:12:31,IA44_m-glm4-9b_sol1_gd0_rs0_bd1_str-rigorous_t00_n1,898,3,1,zai-org/GLM-4-9B-0414,1,0,1,0,rigorous,0.0,0.0,0.0
2026-08-12 10:12:41,IA44_m-glm4-9b_sol1_gd0_rs0_bd1_str-rigorous_t00_n1,899,1,1,zai-org/GLM-4-9B-0414,1,0,1,0,rigorous,0.0,19.0,0.0
2026-08-12 10:12:48,IA44_m-glm4-9b_sol1_gd0_rs0_bd1_str-rigorous_t00_n1,899,2,1,zai-org/GLM-4-9B-0414,1,0,1,0,rigorous,0.0,14.0,0.0
2026-08-12 10:12:57,IA44_m-glm4-9b_sol1_gd0_rs0_bd1_str-rigorous_t00_n1,899,3,1,zai-org/GLM-4-9B-0414,1,0,1,0,rigorous,0.0,16.0,0.0
2026-08-12 10:13:01,IA44_m-glm4-9b_sol1_gd0_rs0_bd1_str-rigorous_t00_n1,900,1,1,zai-org/GLM-4-9B-0414,1,0,1,0,rigorous,0.0,10.0,0.0
2026-08-12 10:13:07,IA44_m-glm4-9b_sol1_gd0_rs0_bd1_str-rigorous_t00_n1,900,2,1,zai-org/GLM-4-9B-0414,1,0,1,0,rigorous,0.0,14.0,0.0
2026-08-12 10:13:10,IA44_m-glm4-9b_sol1_gd0_rs0_bd1_str-rigorous_t00_n1,900,3,1,zai-org/GLM-4-9B-0414,1,0,1,0,rigorous,0.0,10.0,0.0
2026-08-12 10:13:21,IA44_m-glm4-9b_sol1_gd0_rs0_bd1_str-rigorous_t00_n1,901,1,1,zai-org/GLM-4-9B-0414,1,0,1,0,rigorous,0.0,15.0,0.0
2026-08-12 10:13:29,IA44_m-glm4-9b_sol1_gd0_rs0_bd1_str-rigorous_t00_n1,901,3,1,zai-org/GLM-4-9B-0414,1,0,1,0,rigorous,0.0,16.0,0.0
2026-08-12 10:13:39,IA44_m-glm4-9b_sol1_gd0_rs0_bd1_str-rigorous_t00_n1,902,1,1,zai-org/GLM-4-9B-0414,1,0,1,0,rigorous,0.0,15.0,0.0
2026-08-12 10:13:44,IA44_m-glm4-9b_sol1_gd0_rs0_bd1_str-rigorous_t00_n1,902,2,1,zai-org/GLM-4-9B-0414,1,0,1,0,rigorous,0.0,14.0,0.0
2026-08-12 10:13:54,IA44_m-glm4-9b_sol1_gd0_rs0_bd1_str-rigorous_t00_n1,902,3,1,zai-org/GLM-4-9B-0414,1,0,1,0,rigorous,0.0,16.0,0.0
2026-08-12 10:14:02,IA44_m-glm4-9b_sol1_gd0_rs0_bd1_str-rigorous_t00_n1,903,1,1,zai-org/GLM-4-9B-0414,1,0,1,0,rigorous,0.0,15.0,0.0
2026-08-12 10:14:07,IA44_m-glm4-9b_sol1_gd0_rs0_bd1_str-rigorous_t00_n1,903,2,1,zai-org/GLM-4-9B-0414,1,0,1,0,rigorous,0.0,14.0,0.0
2026-08-12 10:14:11,IA44_m-glm4-9b_sol1_gd0_rs0_bd1_str-rigorous_t00_n1,903,3,1,zai-org/GLM-4-9B-0414,1,0,1,0,rigorous,0.0,10.0,0.0
2026-08-12 10:14:19,IA44_m-glm4-9b_sol1_gd0_rs0_bd1_str-rigorous_t00_n1,904,1,1,zai-org/GLM-4-9B-0414,1,0,1,0,rigorous,0.0,15.0,0.0
2026-08-12 10:14:25,IA44_m-glm4-9b_sol1_gd0_rs0_bd1_str-rigorous_t00_n1,904,2,1,zai-org/GLM-4-9B-0414,1,0,1,0,rigorous,0.0,14.0,0.0
2026-08-12 10:14:29,IA44_m-glm4-9b_sol1_gd0_rs0_bd1_str-rigorous_t00_n1,904,3,1,zai-org/GLM-4-9B-0414,1,0,1,0,rigorous,0.0,10.0,0.0
2026-08-12 10:14:39,IA44_m-glm4-9b_sol1_gd0_rs0_bd1_str-rigorous_t00_n1,905,1,1,zai-org/GLM-4-9B-0414,1,0,1,0,rigorous,0.0,15.0,0.0
2026-08-12 10:14:45,IA44_m-glm4-9b_sol1_gd0_rs0_bd1_str-rigorous_t00_n1,905,2,1,zai-org/GLM-4-9B-0414,1,0,1,0,rigorous,0.0,14.0,0.0
2026-08-12 10:14:53,IA44_m-glm4-9b_sol1_gd0_rs0_bd1_str-rigorous_t00_n1,905,3,1,zai-org/GLM-4-9B-0414,1,0,1,0,rigorous,0.0,16.0,0.0
2026-08-12 10:14:57,IA44_m-glm4-9b_sol1_gd0_rs0_bd1_str-rigorous_t00_n1,906,1,1,zai-org/GLM-4-9B-0414,1,0,1,0,rigorous,0.0,19.0,0.0
2026-08-12 10:15:03,IA44_m-glm4-9b_sol1_gd0_rs0_bd1_str-rigorous_t00_n1,906,2,1,zai-org/GLM-4-9B-0414,1,0,1,0,rigorous,0.0,14.0,0.0
2026-08-12 10:15:12,IA44_m-glm4-9b_sol1_gd0_rs0_bd1_str-rigorous_t00_n1,906,3,1,zai-org/GLM-4-9B-0414,1,0,1,0,rigorous,0.0,16.0,0.0
2026-08-12 10:15:16,IA44_m-glm4-9b_sol1_gd0_rs0_bd1_str-rigorous_t00_n1,907,1,1,zai-org/GLM-4-9B-0414,1,0,1,0,rigorous,0.0,15.0,0.0
2026-08-12 10:15:22,IA44_m-glm4-9b_sol1_gd0_rs0_bd1_str-rigorous_t00_n1,907,2,1,zai-org/GLM-4-9B-0414,1,0,1,0,rigorous,0.0,14.0,0.0
2026-08-12 10:15:30,IA44_m-glm4-9b_sol1_gd0_rs0_bd1_str-rigorous_t00_n1,907,3,1,zai-org/GLM-4-9B-0414,1,0,1,0,rigorous,0.0,16.0,0.0
2026-08-12 10:15:34,IA44_m-glm4-9b_sol1_gd0_rs0_bd1_str-rigorous_t00_n1,908,1,1,zai-org/GLM-4-9B-0414,1,0,1,0,rigorous,0.0,15.0,0.0
2026-08-12 10:15:40,IA44_m-glm4-9b_sol1_gd0_rs0_bd1_str-rigorous_t00_n1,908,2,1,zai-org/GLM-4-9B-0414,1,0,1,0,rigorous,0.0,14.0,0.0
2026-08-12 10:15:49,IA44_m-glm4-9b_sol1_gd0_rs0_bd1_str-rigorous_t00_n1,908,3,1,zai-org/GLM-4-9B-0414,1,0,1,0,rigorous,0.0,14.0,0.0
2026-08-12 10:15:59,IA44_m-glm4-9b_sol1_gd0_rs0_bd1_str-rigorous_t00_n1,909,1,1,zai-org/GLM-4-9B-0414,1,0,1,0,rigorous,0.0,18.0,0.0
2026-08-12 10:16:04,IA44_m-glm4-9b_sol1_gd0_rs0_bd1_str-rigorous_t00_n1,909,2,1,zai-org/GLM-4-9B-0414,1,0,1,0,rigorous,0.0,14.0,0.0
2026-08-12 10:16:12,IA44_m-glm4-9b_sol1_gd0_rs0_bd1_str-rigorous_t00_n1,909,3,1,zai-org/GLM-4-9B-0414,1,0,1,0,rigorous,0.0,10.0,0.0
2026-08-12 10:16:21,IA44_m-glm4-9b_sol1_gd0_rs0_bd1_str-rigorous_t00_n1,910,1,1,zai-org/GLM-4-9B-0414,1,0,1,0,rigorous,0.0,15.0,0.0
2026-08-12 10:16:27,IA44_m-glm4-9b_sol1_gd0_rs0_bd1_str-rigorous_t00_n1,910,2,1,zai-org/GLM-4-9B-0414,1,0,1,0,rigorous,0.0,14.0,0.0
2026-08-12 10:16:34,IA44_m-glm4-9b_sol1_gd0_rs0_bd1_str-rigorous_t00_n1,910,3,1,zai-org/GLM-4-9B-0414,1,0,1,0,rigorous,0.0,10.0,0.0
2026-08-12 10:16:43,IA44_m-glm4-9b_sol1_gd0_rs0_bd1_str-rigorous_t00_n1,911,1,1,zai-org/GLM-4-9B-0414,1,0,1,0,rigorous,0.0,15.0,0.0
2026-08-12 10:16:48,IA44_m-glm4-9b_sol1_gd0_rs0_bd1_str-rigorous_t00_n1,911,2,1,zai-org/GLM-4-9B-0414,1,0,1,0,rigorous,0.0,14.0,0.0
2026-08-12 10:16:56,IA44_m-glm4-9b_sol1_gd0_rs0_bd1_str-rigorous_t00_n1,911,3,1,zai-org/GLM-4-9B-0414,1,0,1,0,rigorous,0.0,10.0,0.0
2026-08-12 10:17:04,IA44_m-glm4-9b_sol1_gd0_rs0_bd1_str-rigorous_t00_n1,912,1,1,zai-org/GLM-4-9B-0414,1,0,1,0,rigorous,0.0,15.0,0.0
2026-08-12 10:17:09,IA44_m-glm4-9b_sol1_gd0_rs0_bd1_str-rigorous_t00_n1,912,2,1,zai-org/GLM-4-9B-0414,1,0,1,0,rigorous,0.0,10.0,0.0
2026-08-12 10:17:17,IA44_m-glm4-9b_sol1_gd0_rs0_bd1_str-rigorous_t00_n1,912,3,1,zai-org/GLM-4-9B-0414,1,0,1,0,rigorous,0.0,10.0,0.0
2026-08-12 10:17:26,IA44_m-glm4-9b_sol1_gd0_rs0_bd1_str-rigorous_t00_n1,913,1,1,zai-org/GLM-4-9B-0414,1,0,1,0,rigorous,0.0,15.0,0.0
2026-08-12 10:17:31,IA44_m-glm4-9b_sol1_gd0_rs0_bd1_str-rigorous_t00_n1,913,2,1,zai-org/GLM-4-9B-0414,1,0,1,0,rigorous,0.0,14.0,0.0
2026-08-12 10:17:38,IA44_m-glm4-9b_sol1_gd0_rs0_bd1_str-rigorous_t00_n1,913,3,1,zai-org/GLM-4-9B-0414,1,0,1,0,rigorous,0.0,10.0,0.0
2026-08-12 10:17:42,IA44_m-glm4-9b_sol1_gd0_rs0_bd1_str-rigorous_t00_n1,914,1,1,zai-org/GLM-4-9B-0414,1,0,1,0,rigorous,0.0,15.0,0.0
2026-08-12 10:17:48,IA44_m-glm4-9b_sol1_gd0_rs0_bd1_str-rigorous_t00_n1,914,2,1,zai-org/GLM-4-9B-0414,1,0,1,0,rigorous,0.0,14.0,0.0
2026-08-12 10:17:57,IA44_m-glm4-9b_sol1_gd0_rs0_bd1_str-rigorous_t00_n1,914,3,1,zai-org/GLM-4-9B-0414,1,0,1,0,rigorous,0.0,16.0,0.0
2026-08-12 10:18:07,IA44_m-glm4-9b_sol1_gd0_rs0_bd1_str-rigorous_t00_n1,915,1,1,zai-org/GLM-4-9B-0414,1,0,1,0,rigorous,0.0,15.0,0.0
2026-08-12 10:18:13,IA44_m-glm4-9b_sol1_gd0_rs0_bd1_str-rigorous_t00_n1,915,2,1,zai-org/GLM-4-9B-0414,1,0,1,0,rigorous,0.0,14.0,0.0
2026-08-12 10:18:22,IA44_m-glm4-9b_sol1_gd0_rs0_bd1_str-rigorous_t00_n1,915,3,1,zai-org/GLM-4-9B-0414,1,0,1,0,rigorous,0.0,10.0,0.0
2026-08-12 10:18:25,IA44_m-glm4-9b_sol1_gd0_rs0_bd1_str-rigorous_t00_n1,916,1,1,zai-org/GLM-4-9B-0414,1,0,1,0,rigorous,0.0,10.0,0.0
2026-08-12 10:18:31,IA44_m-glm4-9b_sol1_gd0_rs0_bd1_str-rigorous_t00_n1,916,2,1,zai-org/GLM-4-9B-0414,1,0,1,0,rigorous,0.0,14.0,0.0
2026-08-12 10:18:39,IA44_m-glm4-9b_sol1_gd0_rs0_bd1_str-rigorous_t00_n1,916,3,1,zai-org/GLM-4-9B-0414,1,0,1,0,rigorous,0.0,10.0,0.0
2026-08-12 10:18:49,IA44_m-glm4-9b_sol1_gd0_rs0_bd1_str-rigorous_t00_n1,917,1,1,zai-org/GLM-4-9B-0414,1,0,1,0,rigorous,0.0,15.0,0.0
2026-08-12 10:18:54,IA44_m-glm4-9b_sol1_gd0_rs0_bd1_str-rigorous_t00_n1,917,2,1,zai-org/GLM-4-9B-0414,1,0,1,0,rigorous,0.0,13.0,0.0
2026-08-12 10:19:02,IA44_m-glm4-9b_sol1_gd0_rs0_bd1_str-rigorous_t00_n1,917,3,1,zai-org/GLM-4-9B-0414,1,0,1,0,rigorous,0.0,16.0,0.0
2026-08-12 10:19:06,IA44_m-glm4-9b_sol1_gd0_rs0_bd1_str-rigorous_t00_n1,918,1,1,zai-org/GLM-4-9B-0414,1,0,1,0,rigorous,0.0,15.0,0.0
2026-08-12 10:19:11,IA44_m-glm4-9b_sol1_gd0_rs0_bd1_str-rigorous_t00_n1,918,2,1,zai-org/GLM-4-9B-0414,1,0,1,0,rigorous,0.0,14.0,0.0
2026-08-12 10:19:19,IA44_m-glm4-9b_sol1_gd0_rs0_bd1_str-rigorous_t00_n1,918,3,1,zai-org/GLM-4-9B-0414,1,0,1,0,rigorous,0.0,14.0,0.0
2026-08-12 10:19:28,IA44_m-glm4-9b_sol1_gd0_rs0_bd1_str-rigorous_t00_n1,919,1,1,zai-org/GLM-4-9B-0414,1,0,1,0,rigorous,0.0,10.0,0.0
2026-08-12 10:19:33,IA44_m-glm4-9b_sol1_gd0_rs0_bd1_str-rigorous_t00_n1,919,2,1,zai-org/GLM-4-9B-0414,1,0,1,0,rigorous,0.0,14.0,0.0
2026-08-12 10:19:41,IA44_m-glm4-9b_sol1_gd0_rs0_bd1_str-rigorous_t00_n1,919,3,1,zai-org/GLM-4-9B-0414,1,0,1,0,rigorous,0.0,14.0,0.0
2026-08-12 10:19:45,IA44_m-glm4-9b_sol1_gd0_rs0_bd1_str-rigorous_t00_n1,920,1,1,zai-org/GLM-4-9B-0414,1,0,1,0,rigorous,0.0,18.0,0.0
2026-08-12 10:19:51,IA44_m-glm4-9b_sol1_gd0_rs0_bd1_str-rigorous_t00_n1,920,2,1,zai-org/GLM-4-9B-0414,1,0,1,0,rigorous,0.0,14.0,0.0
2026-08-12 10:19:58,IA44_m-glm4-9b_sol1_gd0_rs0_bd1_str-rigorous_t00_n1,920,3,1,zai-org/GLM-4-9B-0414,1,0,1,0,rigorous,0.0,16.0,0.0
2026-08-12 10:20:07,IA44_m-glm4-9b_sol1_gd0_rs0_bd1_str-rigorous_t00_n1,921,1,1,zai-org/GLM-4-9B-0414,1,0,1,0,rigorous,0.0,18.0,0.0
2026-08-12 10:20:12,IA44_m-glm4-9b_sol1_gd0_rs0_bd1_str-rigorous_t00_n1,921,2,1,zai-org/GLM-4-9B-0414,1,0,1,0,rigorous,0.0,14.0,0.0
2026-08-12 10:20:16,IA44_m-glm4-9b_sol1_gd0_rs0_bd1_str-rigorous_t00_n1,921,3,1,zai-org/GLM-4-9B-0414,1,0,1,0,rigorous,0.0,16.0,0.0
2026-08-12 10:20:26,IA44_m-glm4-9b_sol1_gd0_rs0_bd1_str-rigorous_t00_n1,922,1,1,zai-org/GLM-4-9B-0414,1,0,1,0,rigorous,0.0,19.0,0.0
2026-08-12 10:20:32,IA44_m-glm4-9b_sol1_gd0_rs0_bd1_str-rigorous_t00_n1,922,2,1,zai-org/GLM-4-9B-0414,1,0,1,0,rigorous,0.0,14.0,3.0
2026-08-12 10:20:37,IA44_m-glm4-9b_sol1_gd0_rs0_bd1_str-rigorous_t00_n1,922,3,1,zai-org/GLM-4-9B-0414,1,0,1,0,rigorous,0.0,16.0,0.0
2026-08-12 10:20:47,IA44_m-glm4-9b_sol1_gd0_rs0_bd1_str-rigorous_t00_n1,923,1,1,zai-org/GLM-4-9B-0414,1,0,1,0,rigorous,0.0,10.0,0.0
2026-08-12 10:20:51,IA44_m-glm4-9b_sol1_gd0_rs0_bd1_str-rigorous_t00_n1,923,2,1,zai-org/GLM-4-9B-0414,1,0,1,0,rigorous,0.0,14.0,0.0
2026-08-12 10:21:00,IA44_m-glm4-9b_sol1_gd0_rs0_bd1_str-rigorous_t00_n1,923,3,1,zai-org/GLM-4-9B-0414,1,0,1,0,rigorous,0.0,14.0,0.0
2026-08-12 10:21:11,IA44_m-glm4-9b_sol1_gd0_rs0_bd1_str-rigorous_t00_n1,924,1,1,zai-org/GLM-4-9B-0414,1,0,1,0,rigorous,0.0,10.0,0.0
2026-08-12 10:21:18,IA44_m-glm4-9b_sol1_gd0_rs0_bd1_str-rigorous_t00_n1,924,2,1,zai-org/GLM-4-9B-0414,1,0,1,0,rigorous,0.0,0.0,0.0
2026-08-12 10:21:25,IA44_m-glm4-9b_sol1_gd0_rs0_bd1_str-rigorous_t00_n1,924,3,1,zai-org/GLM-4-9B-0414,1,0,1,0,rigorous,0.0,14.0,0.0
2026-08-12 10:21:29,IA44_m-glm4-9b_sol1_gd0_rs0_bd1_str-rigorous_t00_n1,925,1,1,zai-org/GLM-4-9B-0414,1,0,1,0,rigorous,0.0,10.0,0.0
2026-08-12 10:21:34,IA44_m-glm4-9b_sol1_gd0_rs0_bd1_str-rigorous_t00_n1,925,2,1,zai-org/GLM-4-9B-0414,1,0,1,0,rigorous,0.0,10.0,0.0
2026-08-12 10:21:38,IA44_m-glm4-9b_sol1_gd0_rs0_bd1_str-rigorous_t00_n1,925,3,1,zai-org/GLM-4-9B-0414,1,0,1,0,rigorous,0.0,10.0,0.0
2026-08-12 10:21:48,IA44_m-glm4-9b_sol1_gd0_rs0_bd1_str-rigorous_t00_n1,926,1,1,zai-org/GLM-4-9B-0414,1,0,1,0,rigorous,0.0,15.0,0.0
2026-08-12 10:21:53,IA44_m-glm4-9b_sol1_gd0_rs0_bd1_str-rigorous_t00_n1,926,2,1,zai-org/GLM-4-9B-0414,1,0,1,0,rigorous,0.0,14.0,0.0
2026-08-12 10:22:01,IA44_m-glm4-9b_sol1_gd0_rs0_bd1_str-rigorous_t00_n1,926,3,1,zai-org/GLM-4-9B-0414,1,0,1,0,rigorous,0.0,16.0,0.0
2026-08-12 10:22:12,IA44_m-glm4-9b_sol1_gd0_rs0_bd1_str-rigorous_t00_n1,927,1,1,zai-org/GLM-4-9B-0414,1,0,1,0,rigorous,0.0,15.0,0.0
2026-08-12 10:22:17,IA44_m-glm4-9b_sol1_gd0_rs0_bd1_str-rigorous_t00_n1,927,2,1,zai-org/GLM-4-9B-0414,1,0,1,0,rigorous,0.0,14.0,0.0
2026-08-12 10:22:26,IA44_m-glm4-9b_sol1_gd0_rs0_bd1_str-rigorous_t00_n1,927,3,1,zai-org/GLM-4-9B-0414,1,0,1,0,rigorous,0.0,10.0,0.0
2026-08-12 10:22:34,IA44_m-glm4-9b_sol1_gd0_rs0_bd1_str-rigorous_t00_n1,928,1,1,zai-org/GLM-4-9B-0414,1,0,1,0,rigorous,0.0,18.0,0.0
2026-08-12 10:22:40,IA44_m-glm4-9b_sol1_gd0_rs0_bd1_str-rigorous_t00_n1,928,2,1,zai-org/GLM-4-9B-0414,1,0,1,0,rigorous,0.0,14.0,3.0
2026-08-12 10:22:48,IA44_m-glm4-9b_sol1_gd0_rs0_bd1_str-rigorous_t00_n1,928,3,1,zai-org/GLM-4-9B-0414,1,0,1,0,rigorous,0.0,16.0,0.0
2026-08-12 10:22:52,IA44_m-glm4-9b_sol1_gd0_rs0_bd1_str-rigorous_t00_n1,929,1,1,zai-org/GLM-4-9B-0414,1,0,1,0,rigorous,0.0,15.0,0.0
2026-08-12 10:22:58,IA44_m-glm4-9b_sol1_gd0_rs0_bd1_str-rigorous_t00_n1,929,2,1,zai-org/GLM-4-9B-0414,1,0,1,0,rigorous,0.0,14.0,0.0
2026-08-12 10:23:06,IA44_m-glm4-9b_sol1_gd0_rs0_bd1_str-rigorous_t00_n1,929,3,1,zai-org/GLM-4-9B-0414,1,0,1,0,rigorous,0.0,16.0,0.0
2026-08-12 10:23:16,IA44_m-glm4-9b_sol1_gd0_rs0_bd1_str-rigorous_t00_n1,930,1,1,zai-org/GLM-4-9B-0414,1,0,1,0,rigorous,0.0,18.0,0.0
2026-08-12 10:23:22,IA44_m-glm4-9b_sol1_gd0_rs0_bd1_str-rigorous_t00_n1,930,2,1,zai-org/GLM-4-9B-0414,1,0,1,0,rigorous,0.0,14.0,0.0
2026-08-12 10:23:26,IA44_m-glm4-9b_sol1_gd0_rs0_bd1_str-rigorous_t00_n1,930,3,1,zai-org/GLM-4-9B-0414,1,0,1,0,rigorous,0.0,16.0,0.0
2026-08-12 10:23:35,IA44_m-glm4-9b_sol1_gd0_rs0_bd1_str-rigorous_t00_n1,931,1,1,zai-org/GLM-4-9B-0414,1,0,1,0,rigorous,0.0,18.0,0.0
2026-08-12 10:23:41,IA44_m-glm4-9b_sol1_gd0_rs0_bd1_str-rigorous_t00_n1,931,2,1,zai-org/GLM-4-9B-0414,1,0,1,0,rigorous,0.0,14.0,0.0
2026-08-12 10:23:49,IA44_m-glm4-9b_sol1_gd0_rs0_bd1_str-rigorous_t00_n1,931,3,1,zai-org/GLM-4-9B-0414,1,0,1,0,rigorous,0.0,16.0,0.0
2026-08-12 10:23:57,IA44_m-glm4-9b_sol1_gd0_rs0_bd1_str-rigorous_t00_n1,932,1,1,zai-org/GLM-4-9B-0414,1,0,1,0,rigorous,0.0,19.0,0.0
2026-08-12 10:24:03,IA44_m-glm4-9b_sol1_gd0_rs0_bd1_str-rigorous_t00_n1,932,2,1,zai-org/GLM-4-9B-0414,1,0,1,0,rigorous,0.0,14.0,0.0
2026-08-12 10:24:06,IA44_m-glm4-9b_sol1_gd0_rs0_bd1_str-rigorous_t00_n1,932,3,1,zai-org/GLM-4-9B-0414,1,0,1,0,rigorous,0.0,14.0,0.0
2026-08-12 10:24:15,IA44_m-glm4-9b_sol1_gd0_rs0_bd1_str-rigorous_t00_n1,933,1,1,zai-org/GLM-4-9B-0414,1,0,1,0,rigorous,0.0,0.0,0.0
2026-08-12 10:24:21,IA44_m-glm4-9b_sol1_gd0_rs0_bd1_str-rigorous_t00_n1,933,2,1,zai-org/GLM-4-9B-0414,1,0,1,0,rigorous,0.0,14.0,0.0
2026-08-12 10:24:29,IA44_m-glm4-9b_sol1_gd0_rs0_bd1_str-rigorous_t00_n1,933,3,1,zai-org/GLM-4-9B-0414,1,0,1,0,rigorous,0.0,16.0,0.0
2026-08-12 10:24:38,IA44_m-glm4-9b_sol1_gd0_rs0_bd1_str-rigorous_t00_n1,934,1,1,zai-org/GLM-4-9B-0414,1,0,1,0,rigorous,0.0,10.0,0.0
2026-08-12 10:24:44,IA44_m-glm4-9b_sol1_gd0_rs0_bd1_str-rigorous_t00_n1,934,2,1,zai-org/GLM-4-9B-0414,1,0,1,0,rigorous,0.0,10.0,0.0
2026-08-12 10:24:51,IA44_m-glm4-9b_sol1_gd0_rs0_bd1_str-rigorous_t00_n1,934,3,1,zai-org/GLM-4-9B-0414,1,0,1,0,rigorous,0.0,0.0,0.0
2026-08-12 10:25:02,IA44_m-glm4-9b_sol1_gd0_rs0_bd1_str-rigorous_t00_n1,935,1,1,zai-org/GLM-4-9B-0414,1,0,1,0,rigorous,0.0,10.0,0.0
2026-08-12 10:25:06,IA44_m-glm4-9b_sol1_gd0_rs0_bd1_str-rigorous_t00_n1,935,2,1,zai-org/GLM-4-9B-0414,1,0,1,0,rigorous,0.0,10.0,0.0
2026-08-12 10:25:14,IA44_m-glm4-9b_sol1_gd0_rs0_bd1_str-rigorous_t00_n1,935,3,1,zai-org/GLM-4-9B-0414,1,0,1,0,rigorous,0.0,14.0,0.0
2026-08-12 10:25:18,IA44_m-glm4-9b_sol1_gd0_rs0_bd1_str-rigorous_t00_n1,936,1,1,zai-org/GLM-4-9B-0414,1,0,1,0,rigorous,0.0,10.0,0.0
2026-08-12 10:25:24,IA44_m-glm4-9b_sol1_gd0_rs0_bd1_str-rigorous_t00_n1,936,2,1,zai-org/GLM-4-9B-0414,1,0,1,0,rigorous,0.0,10.0,0.0
2026-08-12 10:25:32,IA44_m-glm4-9b_sol1_gd0_rs0_bd1_str-rigorous_t00_n1,936,3,1,zai-org/GLM-4-9B-0414,1,0,1,0,rigorous,0.0,10.0,0.0
2026-08-12 10:25:41,IA44_m-glm4-9b_sol1_gd0_rs0_bd1_str-rigorous_t00_n1,937,1,1,zai-org/GLM-4-9B-0414,1,0,1,0,rigorous,0.0,15.0,0.0
2026-08-12 10:25:48,IA44_m-glm4-9b_sol1_gd0_rs0_bd1_str-rigorous_t00_n1,937,2,1,zai-org/GLM-4-9B-0414,1,0,1,0,rigorous,0.0,14.0,0.0
2026-08-12 10:25:56,IA44_m-glm4-9b_sol1_gd0_rs0_bd1_str-rigorous_t00_n1,937,3,1,zai-org/GLM-4-9B-0414,1,0,1,0,rigorous,0.0,10.0,0.0
2026-08-12 10:26:00,IA44_m-glm4-9b_sol1_gd0_rs0_bd1_str-rigorous_t00_n1,938,1,1,zai-org/GLM-4-9B-0414,1,0,1,0,rigorous,0.0,15.0,0.0
2026-08-12 10:26:05,IA44_m-glm4-9b_sol1_gd0_rs0_bd1_str-rigorous_t00_n1,938,2,1,zai-org/GLM-4-9B-0414,1,0,1,0,rigorous,0.0,14.0,0.0
2026-08-12 10:26:10,IA44_m-glm4-9b_sol1_gd0_rs0_bd1_str-rigorous_t00_n1,938,3,1,zai-org/GLM-4-9B-0414,1,0,1,0,rigorous,0.0,14.0,0.0
2026-08-12 10:26:18,IA44_m-glm4-9b_sol1_gd0_rs0_bd1_str-rigorous_t00_n1,939,1,1,zai-org/GLM-4-9B-0414,1,0,1,0,rigorous,0.0,10.0,0.0
2026-08-12 10:26:24,IA44_m-glm4-9b_sol1_gd0_rs0_bd1_str-rigorous_t00_n1,939,2,1,zai-org/GLM-4-9B-0414,1,0,1,0,rigorous,0.0,13.0,0.0
2026-08-12 10:26:32,IA44_m-glm4-9b_sol1_gd0_rs0_bd1_str-rigorous_t00_n1,939,3,1,zai-org/GLM-4-9B-0414,1,0,1,0,rigorous,0.0,10.0,0.0
2026-08-12 10:26:41,IA44_m-glm4-9b_sol1_gd0_rs0_bd1_str-rigorous_t00_n1,940,1,1,zai-org/GLM-4-9B-0414,1,0,1,0,rigorous,0.0,12.0,0.0
2026-08-12 10:26:46,IA44_m-glm4-9b_sol1_gd0_rs0_bd1_str-rigorous_t00_n1,940,2,1,zai-org/GLM-4-9B-0414,1,0,1,0,rigorous,0.0,14.0,0.0
2026-08-12 10:26:56,IA44_m-glm4-9b_sol1_gd0_rs0_bd1_str-rigorous_t00_n1,941,1,1,zai-org/GLM-4-9B-0414,1,0,1,0,rigorous,0.0,19.0,0.0
2026-08-12 10:27:02,IA44_m-glm4-9b_sol1_gd0_rs0_bd1_str-rigorous_t00_n1,941,2,1,zai-org/GLM-4-9B-0414,1,0,1,0,rigorous,0.0,14.0,3.0
2026-08-12 10:27:10,IA44_m-glm4-9b_sol1_gd0_rs0_bd1_str-rigorous_t00_n1,941,3,1,zai-org/GLM-4-9B-0414,1,0,1,0,rigorous,0.0,16.0,0.0
2026-08-12 10:27:20,IA44_m-glm4-9b_sol1_gd0_rs0_bd1_str-rigorous_t00_n1,942,1,1,zai-org/GLM-4-9B-0414,1,0,1,0,rigorous,0.0,15.0,0.0
2026-08-12 10:27:26,IA44_m-glm4-9b_sol1_gd0_rs0_bd1_str-rigorous_t00_n1,942,2,1,zai-org/GLM-4-9B-0414,1,0,1,0,rigorous,0.0,13.0,3.0
2026-08-12 10:27:33,IA44_m-glm4-9b_sol1_gd0_rs0_bd1_str-rigorous_t00_n1,942,3,1,zai-org/GLM-4-9B-0414,1,0,1,0,rigorous,0.0,14.0,0.0
2026-08-12 10:27:43,IA44_m-glm4-9b_sol1_gd0_rs0_bd1_str-rigorous_t00_n1,943,1,1,zai-org/GLM-4-9B-0414,1,0,1,0,rigorous,0.0,10.0,0.0
2026-08-12 10:27:49,IA44_m-glm4-9b_sol1_gd0_rs0_bd1_str-rigorous_t00_n1,943,2,1,zai-org/GLM-4-9B-0414,1,0,1,0,rigorous,0.0,10.0,0.0
2026-08-12 10:27:56,IA44_m-glm4-9b_sol1_gd0_rs0_bd1_str-rigorous_t00_n1,943,3,1,zai-org/GLM-4-9B-0414,1,0,1,0,rigorous,0.0,0.0,0.0
2026-08-12 10:28:07,IA44_m-glm4-9b_sol1_gd0_rs0_bd1_str-rigorous_t00_n1,944,1,1,zai-org/GLM-4-9B-0414,1,0,1,0,rigorous,0.0,10.0,0.0
2026-08-12 10:28:13,IA44_m-glm4-9b_sol1_gd0_rs0_bd1_str-rigorous_t00_n1,944,2,1,zai-org/GLM-4-9B-0414,1,0,1,0,rigorous,0.0,14.0,0.0
2026-08-12 10:28:21,IA44_m-glm4-9b_sol1_gd0_rs0_bd1_str-rigorous_t00_n1,944,3,1,zai-org/GLM-4-9B-0414,1,0,1,0,rigorous,0.0,16.0,0.0
2026-08-12 10:28:30,IA44_m-glm4-9b_sol1_gd0_rs0_bd1_str-rigorous_t00_n1,945,1,1,zai-org/GLM-4-9B-0414,1,0,1,0,rigorous,0.0,0.0,0.0
2026-08-12 10:28:35,IA44_m-glm4-9b_sol1_gd0_rs0_bd1_str-rigorous_t00_n1,945,2,1,zai-org/GLM-4-9B-0414,1,0,1,0,rigorous,0.0,14.0,0.0
2026-08-12 10:28:43,IA44_m-glm4-9b_sol1_gd0_rs0_bd1_str-rigorous_t00_n1,945,3,1,zai-org/GLM-4-9B-0414,1,0,1,0,rigorous,0.0,16.0,0.0
2026-08-12 10:28:52,IA44_m-glm4-9b_sol1_gd0_rs0_bd1_str-rigorous_t00_n1,946,1,1,zai-org/GLM-4-9B-0414,1,0,1,0,rigorous,0.0,15.0,0.0
2026-08-12 10:28:57,IA44_m-glm4-9b_sol1_gd0_rs0_bd1_str-rigorous_t00_n1,946,2,1,zai-org/GLM-4-9B-0414,1,0,1,0,rigorous,0.0,14.0,0.0
2026-08-12 10:29:06,IA44_m-glm4-9b_sol1_gd0_rs0_bd1_str-rigorous_t00_n1,947,1,1,zai-org/GLM-4-9B-0414,1,0,1,0,rigorous,0.0,10.0,0.0
2026-08-12 10:29:11,IA44_m-glm4-9b_sol1_gd0_rs0_bd1_str-rigorous_t00_n1,947,2,1,zai-org/GLM-4-9B-0414,1,0,1,0,rigorous,0.0,14.0,0.0
2026-08-12 10:29:20,IA44_m-glm4-9b_sol1_gd0_rs0_bd1_str-rigorous_t00_n1,947,3,1,zai-org/GLM-4-9B-0414,1,0,1,0,rigorous,0.0,16.0,0.0
2026-08-12 10:29:29,IA44_m-glm4-9b_sol1_gd0_rs0_bd1_str-rigorous_t00_n1,948,1,1,zai-org/GLM-4-9B-0414,1,0,1,0,rigorous,0.0,19.0,0.0
2026-08-12 10:29:34,IA44_m-glm4-9b_sol1_gd0_rs0_bd1_str-rigorous_t00_n1,948,2,1,zai-org/GLM-4-9B-0414,1,0,1,0,rigorous,0.0,14.0,0.0
2026-08-12 10:29:42,IA44_m-glm4-9b_sol1_gd0_rs0_bd1_str-rigorous_t00_n1,948,3,1,zai-org/GLM-4-9B-0414,1,0,1,0,rigorous,0.0,16.0,0.0
2026-08-12 10:29:52,IA44_m-glm4-9b_sol1_gd0_rs0_bd1_str-rigorous_t00_n1,949,1,1,zai-org/GLM-4-9B-0414,1,0,1,0,rigorous,0.0,15.0,0.0
2026-08-12 10:29:57,IA44_m-glm4-9b_sol1_gd0_rs0_bd1_str-rigorous_t00_n1,949,2,1,zai-org/GLM-4-9B-0414,1,0,1,0,rigorous,0.0,14.0,0.0
2026-08-12 10:30:05,IA44_m-glm4-9b_sol1_gd0_rs0_bd1_str-rigorous_t00_n1,949,3,1,zai-org/GLM-4-9B-0414,1,0,1,0,rigorous,0.0,10.0,0.0
2026-08-12 10:30:09,IA44_m-glm4-9b_sol1_gd0_rs0_bd1_str-rigorous_t00_n1,950,1,1,zai-org/GLM-4-9B-0414,1,0,1,0,rigorous,0.0,10.0,0.0
2026-08-12 10:30:14,IA44_m-glm4-9b_sol1_gd0_rs0_bd1_str-rigorous_t00_n1,950,2,1,zai-org/GLM-4-9B-0414,1,0,1,0,rigorous,0.0,10.0,0.0
2026-08-12 10:30:23,IA44_m-glm4-9b_sol1_gd0_rs0_bd1_str-rigorous_t00_n1,950,3,1,zai-org/GLM-4-9B-0414,1,0,1,0,rigorous,0.0,10.0,0.0
2026-08-12 10:30:31,IA44_m-glm4-9b_sol1_gd0_rs0_bd1_str-rigorous_t00_n1,951,1,1,zai-org/GLM-4-9B-0414,1,0,1,0,rigorous,0.0,0.0,0.0
2026-08-12 10:30:37,IA44_m-glm4-9b_sol1_gd0_rs0_bd1_str-rigorous_t00_n1,951,2,1,zai-org/GLM-4-9B-0414,1,0,1,0,rigorous,0.0,14.0,0.0
2026-08-12 10:30:45,IA44_m-glm4-9b_sol1_gd0_rs0_bd1_str-rigorous_t00_n1,951,3,1,zai-org/GLM-4-9B-0414,1,0,1,0,rigorous,0.0,0.0,0.0
2026-08-12 10:30:48,IA44_m-glm4-9b_sol1_gd0_rs0_bd1_str-rigorous_t00_n1,952,1,1,zai-org/GLM-4-9B-0414,1,0,1,0,rigorous,0.0,0.0,0.0
2026-08-12 10:30:53,IA44_m-glm4-9b_sol1_gd0_rs0_bd1_str-rigorous_t00_n1,952,2,1,zai-org/GLM-4-9B-0414,1,0,1,0,rigorous,0.0,4.0,0.0
2026-08-12 10:30:56,IA44_m-glm4-9b_sol1_gd0_rs0_bd1_str-rigorous_t00_n1,952,3,1,zai-org/GLM-4-9B-0414,1,0,1,0,rigorous,0.0,0.0,0.0
2026-08-12 10:31:06,IA44_m-glm4-9b_sol1_gd0_rs0_bd1_str-rigorous_t00_n1,953,1,1,zai-org/GLM-4-9B-0414,1,0,1,0,rigorous,0.0,15.0,0.0
2026-08-12 10:31:12,IA44_m-glm4-9b_sol1_gd0_rs0_bd1_str-rigorous_t00_n1,953,2,1,zai-org/GLM-4-9B-0414,1,0,1,0,rigorous,0.0,14.0,0.0
2026-08-12 10:31:20,IA44_m-glm4-9b_sol1_gd0_rs0_bd1_str-rigorous_t00_n1,953,3,1,zai-org/GLM-4-9B-0414,1,0,1,0,rigorous,0.0,16.0,0.0
2026-08-12 10:31:29,IA44_m-glm4-9b_sol1_gd0_rs0_bd1_str-rigorous_t00_n1,954,1,1,zai-org/GLM-4-9B-0414,1,0,1,0,rigorous,0.0,18.0,0.0
2026-08-12 10:31:35,IA44_m-glm4-9b_sol1_gd0_rs0_bd1_str-rigorous_t00_n1,954,2,1,zai-org/GLM-4-9B-0414,1,0,1,0,rigorous,0.0,10.0,0.0
2026-08-12 10:31:43,IA44_m-glm4-9b_sol1_gd0_rs0_bd1_str-rigorous_t00_n1,954,3,1,zai-org/GLM-4-9B-0414,1,0,1,0,rigorous,0.0,10.0,0.0
2026-08-12 10:31:53,IA44_m-glm4-9b_sol1_gd0_rs0_bd1_str-rigorous_t00_n1,955,1,1,zai-org/GLM-4-9B-0414,1,0,1,0,rigorous,0.0,19.0,0.0
2026-08-12 10:31:58,IA44_m-glm4-9b_sol1_gd0_rs0_bd1_str-rigorous_t00_n1,955,2,1,zai-org/GLM-4-9B-0414,1,0,1,0,rigorous,0.0,14.0,0.0
2026-08-12 10:32:06,IA44_m-glm4-9b_sol1_gd0_rs0_bd1_str-rigorous_t00_n1,955,3,1,zai-org/GLM-4-9B-0414,1,0,1,0,rigorous,0.0,16.0,0.0
2026-08-12 10:32:10,IA44_m-glm4-9b_sol1_gd0_rs0_bd1_str-rigorous_t00_n1,956,1,1,zai-org/GLM-4-9B-0414,1,0,1,0,rigorous,0.0,16.0,0.0
2026-08-12 10:32:16,IA44_m-glm4-9b_sol1_gd0_rs0_bd1_str-rigorous_t00_n1,956,2,1,zai-org/GLM-4-9B-0414,1,0,1,0,rigorous,0.0,14.0,0.0
2026-08-12 10:32:24,IA44_m-glm4-9b_sol1_gd0_rs0_bd1_str-rigorous_t00_n1,956,3,1,zai-org/GLM-4-9B-0414,1,0,1,0,rigorous,0.0,10.0,0.0
2026-08-12 10:32:34,IA44_m-glm4-9b_sol1_gd0_rs0_bd1_str-rigorous_t00_n1,957,1,1,zai-org/GLM-4-9B-0414,1,0,1,0,rigorous,0.0,19.0,0.0
2026-08-12 10:32:39,IA44_m-glm4-9b_sol1_gd0_rs0_bd1_str-rigorous_t00_n1,957,2,1,zai-org/GLM-4-9B-0414,1,0,1,0,rigorous,0.0,14.0,0.0
2026-08-12 10:32:47,IA44_m-glm4-9b_sol1_gd0_rs0_bd1_str-rigorous_t00_n1,957,3,1,zai-org/GLM-4-9B-0414,1,0,1,0,rigorous,0.0,16.0,0.0
2026-08-12 10:32:51,IA44_m-glm4-9b_sol1_gd0_rs0_bd1_str-rigorous_t00_n1,958,1,1,zai-org/GLM-4-9B-0414,1,0,1,0,rigorous,0.0,19.0,0.0
2026-08-12 10:32:56,IA44_m-glm4-9b_sol1_gd0_rs0_bd1_str-rigorous_t00_n1,958,2,1,zai-org/GLM-4-9B-0414,1,0,1,0,rigorous,0.0,14.0,0.0
2026-08-12 10:33:04,IA44_m-glm4-9b_sol1_gd0_rs0_bd1_str-rigorous_t00_n1,958,3,1,zai-org/GLM-4-9B-0414,1,0,1,0,rigorous,0.0,16.0,0.0
2026-08-12 10:33:07,IA44_m-glm4-9b_sol1_gd0_rs0_bd1_str-rigorous_t00_n1,959,1,1,zai-org/GLM-4-9B-0414,1,0,1,0,rigorous,0.0,15.0,0.0
2026-08-12 10:33:13,IA44_m-glm4-9b_sol1_gd0_rs0_bd1_str-rigorous_t00_n1,959,2,1,zai-org/GLM-4-9B-0414,1,0,1,0,rigorous,0.0,14.0,0.0
2026-08-12 10:33:21,IA44_m-glm4-9b_sol1_gd0_rs0_bd1_str-rigorous_t00_n1,959,3,1,zai-org/GLM-4-9B-0414,1,0,1,0,rigorous,0.0,16.0,0.0
2026-08-12 10:33:31,IA44_m-glm4-9b_sol1_gd0_rs0_bd1_str-rigorous_t00_n1,960,1,1,zai-org/GLM-4-9B-0414,1,0,1,0,rigorous,0.0,14.0,0.0
2026-08-12 10:33:36,IA44_m-glm4-9b_sol1_gd0_rs0_bd1_str-rigorous_t00_n1,960,2,1,zai-org/GLM-4-9B-0414,1,0,1,0,rigorous,0.0,10.0,0.0
2026-08-12 10:33:44,IA44_m-glm4-9b_sol1_gd0_rs0_bd1_str-rigorous_t00_n1,960,3,1,zai-org/GLM-4-9B-0414,1,0,1,0,rigorous,0.0,10.0,0.0
2026-08-12 10:33:55,IA44_m-glm4-9b_sol1_gd0_rs0_bd1_str-rigorous_t00_n1,961,1,1,zai-org/GLM-4-9B-0414,1,0,1,0,rigorous,0.0,15.0,0.0
2026-08-12 10:34:01,IA44_m-glm4-9b_sol1_gd0_rs0_bd1_str-rigorous_t00_n1,961,2,1,zai-org/GLM-4-9B-0414,1,0,1,0,rigorous,0.0,14.0,3.0
2026-08-12 10:34:09,IA44_m-glm4-9b_sol1_gd0_rs0_bd1_str-rigorous_t00_n1,961,3,1,zai-org/GLM-4-9B-0414,1,0,1,0,rigorous,0.0,16.0,0.0
2026-08-12 10:34:13,IA44_m-glm4-9b_sol1_gd0_rs0_bd1_str-rigorous_t00_n1,962,1,1,zai-org/GLM-4-9B-0414,1,0,1,0,rigorous,0.0,15.0,0.0
2026-08-12 10:34:19,IA44_m-glm4-9b_sol1_gd0_rs0_bd1_str-rigorous_t00_n1,962,2,1,zai-org/GLM-4-9B-0414,1,0,1,0,rigorous,0.0,14.0,0.0
2026-08-12 10:34:23,IA44_m-glm4-9b_sol1_gd0_rs0_bd1_str-rigorous_t00_n1,962,3,1,zai-org/GLM-4-9B-0414,1,0,1,0,rigorous,0.0,16.0,0.0
2026-08-12 10:34:31,IA44_m-glm4-9b_sol1_gd0_rs0_bd1_str-rigorous_t00_n1,963,1,1,zai-org/GLM-4-9B-0414,1,0,1,0,rigorous,0.0,15.0,0.0
2026-08-12 10:34:37,IA44_m-glm4-9b_sol1_gd0_rs0_bd1_str-rigorous_t00_n1,963,2,1,zai-org/GLM-4-9B-0414,1,0,1,0,rigorous,0.0,14.0,0.0
2026-08-12 10:34:45,IA44_m-glm4-9b_sol1_gd0_rs0_bd1_str-rigorous_t00_n1,963,3,1,zai-org/GLM-4-9B-0414,1,0,1,0,rigorous,0.0,16.0,0.0
2026-08-12 10:34:54,IA44_m-glm4-9b_sol1_gd0_rs0_bd1_str-rigorous_t00_n1,964,1,1,zai-org/GLM-4-9B-0414,1,0,1,0,rigorous,0.0,15.0,0.0
2026-08-12 10:34:59,IA44_m-glm4-9b_sol1_gd0_rs0_bd1_str-rigorous_t00_n1,964,2,1,zai-org/GLM-4-9B-0414,1,0,1,0,rigorous,0.0,14.0,0.0
2026-08-12 10:35:07,IA44_m-glm4-9b_sol1_gd0_rs0_bd1_str-rigorous_t00_n1,964,3,1,zai-org/GLM-4-9B-0414,1,0,1,0,rigorous,0.0,10.0,0.0
2026-08-12 10:35:15,IA44_m-glm4-9b_sol1_gd0_rs0_bd1_str-rigorous_t00_n1,965,1,1,zai-org/GLM-4-9B-0414,1,0,1,0,rigorous,0.0,10.0,0.0
2026-08-12 10:35:21,IA44_m-glm4-9b_sol1_gd0_rs0_bd1_str-rigorous_t00_n1,965,2,1,zai-org/GLM-4-9B-0414,1,0,1,0,rigorous,0.0,13.0,3.0
2026-08-12 10:35:25,IA44_m-glm4-9b_sol1_gd0_rs0_bd1_str-rigorous_t00_n1,965,3,1,zai-org/GLM-4-9B-0414,1,0,1,0,rigorous,0.0,10.0,0.0
2026-08-12 10:35:29,IA44_m-glm4-9b_sol1_gd0_rs0_bd1_str-rigorous_t00_n1,966,1,1,zai-org/GLM-4-9B-0414,1,0,1,0,rigorous,0.0,15.0,0.0
2026-08-12 10:35:34,IA44_m-glm4-9b_sol1_gd0_rs0_bd1_str-rigorous_t00_n1,966,2,1,zai-org/GLM-4-9B-0414,1,0,1,0,rigorous,0.0,14.0,0.0
2026-08-12 10:35:43,IA44_m-glm4-9b_sol1_gd0_rs0_bd1_str-rigorous_t00_n1,966,3,1,zai-org/GLM-4-9B-0414,1,0,1,0,rigorous,0.0,10.0,0.0
2026-08-12 10:35:51,IA44_m-glm4-9b_sol1_gd0_rs0_bd1_str-rigorous_t00_n1,967,1,1,zai-org/GLM-4-9B-0414,1,0,1,0,rigorous,0.0,19.0,0.0
2026-08-12 10:35:57,IA44_m-glm4-9b_sol1_gd0_rs0_bd1_str-rigorous_t00_n1,967,2,1,zai-org/GLM-4-9B-0414,1,0,1,0,rigorous,0.0,14.0,0.0
2026-08-12 10:36:05,IA44_m-glm4-9b_sol1_gd0_rs0_bd1_str-rigorous_t00_n1,967,3,1,zai-org/GLM-4-9B-0414,1,0,1,0,rigorous,0.0,14.0,0.0
2026-08-12 10:36:09,IA44_m-glm4-9b_sol1_gd0_rs0_bd1_str-rigorous_t00_n1,968,1,1,zai-org/GLM-4-9B-0414,1,0,1,0,rigorous,0.0,15.0,0.0
2026-08-12 10:36:17,IA44_m-glm4-9b_sol1_gd0_rs0_bd1_str-rigorous_t00_n1,968,3,1,zai-org/GLM-4-9B-0414,1,0,1,0,rigorous,0.0,10.0,0.0
2026-08-12 10:36:27,IA44_m-glm4-9b_sol1_gd0_rs0_bd1_str-rigorous_t00_n1,969,1,1,zai-org/GLM-4-9B-0414,1,0,1,0,rigorous,0.0,19.0,0.0
2026-08-12 10:36:33,IA44_m-glm4-9b_sol1_gd0_rs0_bd1_str-rigorous_t00_n1,969,2,1,zai-org/GLM-4-9B-0414,1,0,1,0,rigorous,0.0,14.0,3.0
2026-08-12 10:36:40,IA44_m-glm4-9b_sol1_gd0_rs0_bd1_str-rigorous_t00_n1,969,3,1,zai-org/GLM-4-9B-0414,1,0,1,0,rigorous,0.0,14.0,0.0
2026-08-12 10:36:45,IA44_m-glm4-9b_sol1_gd0_rs0_bd1_str-rigorous_t00_n1,970,1,1,zai-org/GLM-4-9B-0414,1,0,1,0,rigorous,0.0,19.0,0.0
2026-08-12 10:36:50,IA44_m-glm4-9b_sol1_gd0_rs0_bd1_str-rigorous_t00_n1,970,2,1,zai-org/GLM-4-9B-0414,1,0,1,0,rigorous,0.0,14.0,0.0
2026-08-12 10:36:54,IA44_m-glm4-9b_sol1_gd0_rs0_bd1_str-rigorous_t00_n1,970,3,1,zai-org/GLM-4-9B-0414,1,0,1,0,rigorous,0.0,16.0,0.0
2026-08-12 10:37:04,IA44_m-glm4-9b_sol1_gd0_rs0_bd1_str-rigorous_t00_n1,971,1,1,zai-org/GLM-4-9B-0414,1,0,1,0,rigorous,0.0,10.0,0.0
2026-08-12 10:37:09,IA44_m-glm4-9b_sol1_gd0_rs0_bd1_str-rigorous_t00_n1,971,2,1,zai-org/GLM-4-9B-0414,1,0,1,0,rigorous,0.0,10.0,0.0
2026-08-12 10:37:13,IA44_m-glm4-9b_sol1_gd0_rs0_bd1_str-rigorous_t00_n1,971,3,1,zai-org/GLM-4-9B-0414,1,0,1,0,rigorous,0.0,10.0,0.0
2026-08-12 10:37:22,IA44_m-glm4-9b_sol1_gd0_rs0_bd1_str-rigorous_t00_n1,972,1,1,zai-org/GLM-4-9B-0414,1,0,1,0,rigorous,0.0,10.0,0.0
2026-08-12 10:37:28,IA44_m-glm4-9b_sol1_gd0_rs0_bd1_str-rigorous_t00_n1,972,2,1,zai-org/GLM-4-9B-0414,1,0,1,0,rigorous,0.0,14.0,0.0
2026-08-12 10:37:31,IA44_m-glm4-9b_sol1_gd0_rs0_bd1_str-rigorous_t00_n1,972,3,1,zai-org/GLM-4-9B-0414,1,0,1,0,rigorous,0.0,10.0,0.0
2026-08-12 10:37:35,IA44_m-glm4-9b_sol1_gd0_rs0_bd1_str-rigorous_t00_n1,973,1,1,zai-org/GLM-4-9B-0414,1,0,1,0,rigorous,0.0,19.0,0.0
2026-08-12 10:37:41,IA44_m-glm4-9b_sol1_gd0_rs0_bd1_str-rigorous_t00_n1,973,2,1,zai-org/GLM-4-9B-0414,1,0,1,0,rigorous,0.0,14.0,0.0
2026-08-12 10:37:49,IA44_m-glm4-9b_sol1_gd0_rs0_bd1_str-rigorous_t00_n1,973,3,1,zai-org/GLM-4-9B-0414,1,0,1,0,rigorous,0.0,16.0,0.0
2026-08-12 10:37:57,IA44_m-glm4-9b_sol1_gd0_rs0_bd1_str-rigorous_t00_n1,974,1,1,zai-org/GLM-4-9B-0414,1,0,1,0,rigorous,0.0,15.0,0.0
2026-08-12 10:38:02,IA44_m-glm4-9b_sol1_gd0_rs0_bd1_str-rigorous_t00_n1,974,2,1,zai-org/GLM-4-9B-0414,1,0,1,0,rigorous,0.0,10.0,0.0
2026-08-12 10:38:10,IA44_m-glm4-9b_sol1_gd0_rs0_bd1_str-rigorous_t00_n1,974,3,1,zai-org/GLM-4-9B-0414,1,0,1,0,rigorous,0.0,0.0,0.0
2026-08-12 10:38:19,IA44_m-glm4-9b_sol1_gd0_rs0_bd1_str-rigorous_t00_n1,975,1,1,zai-org/GLM-4-9B-0414,1,0,1,0,rigorous,0.0,16.0,0.0
2026-08-12 10:38:24,IA44_m-glm4-9b_sol1_gd0_rs0_bd1_str-rigorous_t00_n1,975,2,1,zai-org/GLM-4-9B-0414,1,0,1,0,rigorous,0.0,14.0,0.0
2026-08-12 10:38:33,IA44_m-glm4-9b_sol1_gd0_rs0_bd1_str-rigorous_t00_n1,975,3,1,zai-org/GLM-4-9B-0414,1,0,1,0,rigorous,0.0,14.0,0.0
2026-08-12 10:38:43,IA44_m-glm4-9b_sol1_gd0_rs0_bd1_str-rigorous_t00_n1,976,1,1,zai-org/GLM-4-9B-0414,1,0,1,0,rigorous,0.0,10.0,0.0
2026-08-12 10:38:54,IA44_m-glm4-9b_sol1_gd0_rs0_bd1_str-rigorous_t00_n1,977,1,1,zai-org/GLM-4-9B-0414,1,0,1,0,rigorous,0.0,10.0,0.0
2026-08-12 10:38:59,IA44_m-glm4-9b_sol1_gd0_rs0_bd1_str-rigorous_t00_n1,977,2,1,zai-org/GLM-4-9B-0414,1,0,1,0,rigorous,0.0,0.0,0.0
2026-08-12 10:39:03,IA44_m-glm4-9b_sol1_gd0_rs0_bd1_str-rigorous_t00_n1,977,3,1,zai-org/GLM-4-9B-0414,1,0,1,0,rigorous,0.0,10.0,0.0
2026-08-12 10:39:07,IA44_m-glm4-9b_sol1_gd0_rs0_bd1_str-rigorous_t00_n1,978,1,1,zai-org/GLM-4-9B-0414,1,0,1,0,rigorous,0.0,15.0,0.0
2026-08-12 10:39:13,IA44_m-glm4-9b_sol1_gd0_rs0_bd1_str-rigorous_t00_n1,978,2,1,zai-org/GLM-4-9B-0414,1,0,1,0,rigorous,0.0,14.0,0.0
2026-08-12 10:39:16,IA44_m-glm4-9b_sol1_gd0_rs0_bd1_str-rigorous_t00_n1,978,3,1,zai-org/GLM-4-9B-0414,1,0,1,0,rigorous,0.0,14.0,0.0
2026-08-12 10:39:26,IA44_m-glm4-9b_sol1_gd0_rs0_bd1_str-rigorous_t00_n1,979,1,1,zai-org/GLM-4-9B-0414,1,0,1,0,rigorous,0.0,10.0,0.0
2026-08-12 10:39:32,IA44_m-glm4-9b_sol1_gd0_rs0_bd1_str-rigorous_t00_n1,979,2,1,zai-org/GLM-4-9B-0414,1,0,1,0,rigorous,0.0,14.0,0.0
2026-08-12 10:39:40,IA44_m-glm4-9b_sol1_gd0_rs0_bd1_str-rigorous_t00_n1,979,3,1,zai-org/GLM-4-9B-0414,1,0,1,0,rigorous,0.0,10.0,0.0
2026-08-12 10:39:49,IA44_m-glm4-9b_sol1_gd0_rs0_bd1_str-rigorous_t00_n1,980,1,1,zai-org/GLM-4-9B-0414,1,0,1,0,rigorous,0.0,18.0,0.0
2026-08-12 10:39:54,IA44_m-glm4-9b_sol1_gd0_rs0_bd1_str-rigorous_t00_n1,981,1,1,zai-org/GLM-4-9B-0414,1,0,1,0,rigorous,0.0,16.0,0.0
2026-08-12 10:39:59,IA44_m-glm4-9b_sol1_gd0_rs0_bd1_str-rigorous_t00_n1,981,2,1,zai-org/GLM-4-9B-0414,1,0,1,0,rigorous,0.0,14.0,0.0
2026-08-12 10:40:07,IA44_m-glm4-9b_sol1_gd0_rs0_bd1_str-rigorous_t00_n1,981,3,1,zai-org/GLM-4-9B-0414,1,0,1,0,rigorous,0.0,16.0,0.0
2026-08-12 10:40:16,IA44_m-glm4-9b_sol1_gd0_rs0_bd1_str-rigorous_t00_n1,982,1,1,zai-org/GLM-4-9B-0414,1,0,1,0,rigorous,0.0,0.0,0.0
2026-08-12 10:40:22,IA44_m-glm4-9b_sol1_gd0_rs0_bd1_str-rigorous_t00_n1,982,2,1,zai-org/GLM-4-9B-0414,1,0,1,0,rigorous,0.0,10.0,0.0
2026-08-12 10:40:30,IA44_m-glm4-9b_sol1_gd0_rs0_bd1_str-rigorous_t00_n1,982,3,1,zai-org/GLM-4-9B-0414,1,0,1,0,rigorous,0.0,10.0,0.0
2026-08-12 10:40:40,IA44_m-glm4-9b_sol1_gd0_rs0_bd1_str-rigorous_t00_n1,983,1,1,zai-org/GLM-4-9B-0414,1,0,1,0,rigorous,0.0,14.0,0.0
2026-08-12 10:40:45,IA44_m-glm4-9b_sol1_gd0_rs0_bd1_str-rigorous_t00_n1,983,2,1,zai-org/GLM-4-9B-0414,1,0,1,0,rigorous,0.0,14.0,0.0
2026-08-12 10:40:54,IA44_m-glm4-9b_sol1_gd0_rs0_bd1_str-rigorous_t00_n1,983,3,1,zai-org/GLM-4-9B-0414,1,0,1,0,rigorous,0.0,14.0,0.0
2026-08-12 10:41:04,IA44_m-glm4-9b_sol1_gd0_rs0_bd1_str-rigorous_t00_n1,984,1,1,zai-org/GLM-4-9B-0414,1,0,1,0,rigorous,0.0,15.0,0.0
2026-08-12 10:41:09,IA44_m-glm4-9b_sol1_gd0_rs0_bd1_str-rigorous_t00_n1,984,2,1,zai-org/GLM-4-9B-0414,1,0,1,0,rigorous,0.0,14.0,0.0
2026-08-12 10:41:18,IA44_m-glm4-9b_sol1_gd0_rs0_bd1_str-rigorous_t00_n1,984,3,1,zai-org/GLM-4-9B-0414,1,0,1,0,rigorous,0.0,16.0,0.0
2026-08-12 10:41:22,IA44_m-glm4-9b_sol1_gd0_rs0_bd1_str-rigorous_t00_n1,985,1,1,zai-org/GLM-4-9B-0414,1,0,1,0,rigorous,0.0,16.0,0.0
2026-08-12 10:41:28,IA44_m-glm4-9b_sol1_gd0_rs0_bd1_str-rigorous_t00_n1,985,2,1,zai-org/GLM-4-9B-0414,1,0,1,0,rigorous,0.0,14.0,0.0
2026-08-12 10:41:37,IA44_m-glm4-9b_sol1_gd0_rs0_bd1_str-rigorous_t00_n1,985,3,1,zai-org/GLM-4-9B-0414,1,0,1,0,rigorous,0.0,16.0,0.0
2026-08-12 10:41:46,IA44_m-glm4-9b_sol1_gd0_rs0_bd1_str-rigorous_t00_n1,986,1,1,zai-org/GLM-4-9B-0414,1,0,1,0,rigorous,0.0,15.0,0.0
2026-08-12 10:41:51,IA44_m-glm4-9b_sol1_gd0_rs0_bd1_str-rigorous_t00_n1,986,2,1,zai-org/GLM-4-9B-0414,1,0,1,0,rigorous,0.0,14.0,0.0
2026-08-12 10:41:59,IA44_m-glm4-9b_sol1_gd0_rs0_bd1_str-rigorous_t00_n1,986,3,1,zai-org/GLM-4-9B-0414,1,0,1,0,rigorous,0.0,10.0,0.0
2026-08-12 10:42:08,IA44_m-glm4-9b_sol1_gd0_rs0_bd1_str-rigorous_t00_n1,987,1,1,zai-org/GLM-4-9B-0414,1,0,1,0,rigorous,0.0,15.0,0.0
2026-08-12 10:42:13,IA44_m-glm4-9b_sol1_gd0_rs0_bd1_str-rigorous_t00_n1,987,2,1,zai-org/GLM-4-9B-0414,1,0,1,0,rigorous,0.0,13.0,0.0
2026-08-12 10:42:23,IA44_m-glm4-9b_sol1_gd0_rs0_bd1_str-rigorous_t00_n1,987,3,1,zai-org/GLM-4-9B-0414,1,0,1,0,rigorous,0.0,10.0,0.0
2026-08-12 10:42:33,IA44_m-glm4-9b_sol1_gd0_rs0_bd1_str-rigorous_t00_n1,988,1,1,zai-org/GLM-4-9B-0414,1,0,1,0,rigorous,0.0,18.0,0.0
2026-08-12 10:42:38,IA44_m-glm4-9b_sol1_gd0_rs0_bd1_str-rigorous_t00_n1,988,2,1,zai-org/GLM-4-9B-0414,1,0,1,0,rigorous,0.0,14.0,0.0
2026-08-12 10:42:47,IA44_m-glm4-9b_sol1_gd0_rs0_bd1_str-rigorous_t00_n1,989,1,1,zai-org/GLM-4-9B-0414,1,0,1,0,rigorous,0.0,18.0,0.0
2026-08-12 10:42:52,IA44_m-glm4-9b_sol1_gd0_rs0_bd1_str-rigorous_t00_n1,989,2,1,zai-org/GLM-4-9B-0414,1,0,1,0,rigorous,0.0,14.0,0.0
2026-08-12 10:43:01,IA44_m-glm4-9b_sol1_gd0_rs0_bd1_str-rigorous_t00_n1,989,3,1,zai-org/GLM-4-9B-0414,1,0,1,0,rigorous,0.0,16.0,0.0
2026-08-12 10:43:09,IA44_m-glm4-9b_sol1_gd0_rs0_bd1_str-rigorous_t00_n1,990,1,1,zai-org/GLM-4-9B-0414,1,0,1,0,rigorous,0.0,15.0,0.0
2026-08-12 10:43:15,IA44_m-glm4-9b_sol1_gd0_rs0_bd1_str-rigorous_t00_n1,990,2,1,zai-org/GLM-4-9B-0414,1,0,1,0,rigorous,0.0,14.0,0.0
2026-08-12 10:43:24,IA44_m-glm4-9b_sol1_gd0_rs0_bd1_str-rigorous_t00_n1,990,3,1,zai-org/GLM-4-9B-0414,1,0,1,0,rigorous,0.0,10.0,0.0
2026-08-12 10:43:32,IA44_m-glm4-9b_sol1_gd0_rs0_bd1_str-rigorous_t00_n1,991,1,1,zai-org/GLM-4-9B-0414,1,0,1,0,rigorous,0.0,10.0,0.0
2026-08-12 10:43:38,IA44_m-glm4-9b_sol1_gd0_rs0_bd1_str-rigorous_t00_n1,991,2,1,zai-org/GLM-4-9B-0414,1,0,1,0,rigorous,0.0,13.0,0.0
2026-08-12 10:43:46,IA44_m-glm4-9b_sol1_gd0_rs0_bd1_str-rigorous_t00_n1,991,3,1,zai-org/GLM-4-9B-0414,1,0,1,0,rigorous,0.0,14.0,0.0
2026-08-12 10:43:50,IA44_m-glm4-9b_sol1_gd0_rs0_bd1_str-rigorous_t00_n1,992,1,1,zai-org/GLM-4-9B-0414,1,0,1,0,rigorous,0.0,19.0,0.0
2026-08-12 10:43:56,IA44_m-glm4-9b_sol1_gd0_rs0_bd1_str-rigorous_t00_n1,992,2,1,zai-org/GLM-4-9B-0414,1,0,1,0,rigorous,0.0,14.0,3.0
2026-08-12 10:44:04,IA44_m-glm4-9b_sol1_gd0_rs0_bd1_str-rigorous_t00_n1,992,3,1,zai-org/GLM-4-9B-0414,1,0,1,0,rigorous,0.0,16.0,0.0
2026-08-12 10:44:13,IA44_m-glm4-9b_sol1_gd0_rs0_bd1_str-rigorous_t00_n1,993,1,1,zai-org/GLM-4-9B-0414,1,0,1,0,rigorous,0.0,15.0,0.0
2026-08-12 10:44:18,IA44_m-glm4-9b_sol1_gd0_rs0_bd1_str-rigorous_t00_n1,993,2,1,zai-org/GLM-4-9B-0414,1,0,1,0,rigorous,0.0,14.0,0.0
2026-08-12 10:44:22,IA44_m-glm4-9b_sol1_gd0_rs0_bd1_str-rigorous_t00_n1,993,3,1,zai-org/GLM-4-9B-0414,1,0,1,0,rigorous,0.0,10.0,0.0
2026-08-12 10:44:31,IA44_m-glm4-9b_sol1_gd0_rs0_bd1_str-rigorous_t00_n1,994,1,1,zai-org/GLM-4-9B-0414,1,0,1,0,rigorous,0.0,19.0,0.0
2026-08-12 10:44:36,IA44_m-glm4-9b_sol1_gd0_rs0_bd1_str-rigorous_t00_n1,994,2,1,zai-org/GLM-4-9B-0414,1,0,1,0,rigorous,0.0,14.0,0.0
2026-08-12 10:44:44,IA44_m-glm4-9b_sol1_gd0_rs0_bd1_str-rigorous_t00_n1,994,3,1,zai-org/GLM-4-9B-0414,1,0,1,0,rigorous,0.0,16.0,0.0
2026-08-12 10:44:53,IA44_m-glm4-9b_sol1_gd0_rs0_bd1_str-rigorous_t00_n1,995,1,1,zai-org/GLM-4-9B-0414,1,0,1,0,rigorous,0.0,19.0,0.0
2026-08-12 10:44:59,IA44_m-glm4-9b_sol1_gd0_rs0_bd1_str-rigorous_t00_n1,995,2,1,zai-org/GLM-4-9B-0414,1,0,1,0,rigorous,0.0,13.0,3.0
2026-08-12 10:45:08,IA44_m-glm4-9b_sol1_gd0_rs0_bd1_str-rigorous_t00_n1,995,3,1,zai-org/GLM-4-9B-0414,1,0,1,0,rigorous,0.0,16.0,0.0
2026-08-12 10:45:16,IA44_m-glm4-9b_sol1_gd0_rs0_bd1_str-rigorous_t00_n1,996,1,1,zai-org/GLM-4-9B-0414,1,0,1,0,rigorous,0.0,15.0,0.0
2026-08-12 10:45:22,IA44_m-glm4-9b_sol1_gd0_rs0_bd1_str-rigorous_t00_n1,996,2,1,zai-org/GLM-4-9B-0414,1,0,1,0,rigorous,0.0,14.0,0.0
2026-08-12 10:45:31,IA44_m-glm4-9b_sol1_gd0_rs0_bd1_str-rigorous_t00_n1,996,3,1,zai-org/GLM-4-9B-0414,1,0,1,0,rigorous,0.0,14.0,0.0
2026-08-12 10:45:36,IA44_m-glm4-9b_sol1_gd0_rs0_bd1_str-rigorous_t00_n1,997,1,1,zai-org/GLM-4-9B-0414,1,0,1,0,rigorous,0.0,15.0,0.0
2026-08-12 10:45:41,IA44_m-glm4-9b_sol1_gd0_rs0_bd1_str-rigorous_t00_n1,997,2,1,zai-org/GLM-4-9B-0414,1,0,1,0,rigorous,0.0,14.0,0.0
2026-08-12 10:45:50,IA44_m-glm4-9b_sol1_gd0_rs0_bd1_str-rigorous_t00_n1,997,3,1,zai-org/GLM-4-9B-0414,1,0,1,0,rigorous,0.0,16.0,0.0
2026-08-12 10:45:58,IA44_m-glm4-9b_sol1_gd0_rs0_bd1_str-rigorous_t00_n1,998,1,1,zai-org/GLM-4-9B-0414,1,0,1,0,rigorous,0.0,10.0,0.0
2026-08-12 10:46:05,IA44_m-glm4-9b_sol1_gd0_rs0_bd1_str-rigorous_t00_n1,998,2,1,zai-org/GLM-4-9B-0414,1,0,1,0,rigorous,0.0,14.0,0.0
2026-08-12 10:46:14,IA44_m-glm4-9b_sol1_gd0_rs0_bd1_str-rigorous_t00_n1,998,3,1,zai-org/GLM-4-9B-0414,1,0,1,0,rigorous,0.0,14.0,0.0
2026-08-12 10:46:23,IA44_m-glm4-9b_sol1_gd0_rs0_bd1_str-rigorous_t00_n1,999,1,1,zai-org/GLM-4-9B-0414,1,0,1,0,rigorous,0.0,15.0,0.0
2026-08-12 10:46:34,IA44_m-glm4-9b_sol1_gd0_rs0_bd1_str-rigorous_t00_n1,1000,1,1,zai-org/GLM-4-9B-0414,1,0,1,0,rigorous,0.0,15.0,0.0
2026-08-12 10:46:40,IA44_m-glm4-9b_sol1_gd0_rs0_bd1_str-rigorous_t00_n1,1000,2,1,zai-org/GLM-4-9B-0414,1,0,1,0,rigorous,0.0,13.0,0.0
2026-08-12 10:46:48,IA44_m-glm4-9b_sol1_gd0_rs0_bd1_str-rigorous_t00_n1,1000,3,1,zai-org/GLM-4-9B-0414,1,0,1,0,rigorous,0.0,10.0,0.0
2026-08-12 10:46:58,IA44_m-glm4-9b_sol1_gd0_rs0_bd1_str-rigorous_t00_n1,1001,1,1,zai-org/GLM-4-9B-0414,1,0,1,0,rigorous,0.0,10.0,0.0
2026-08-12 10:47:04,IA44_m-glm4-9b_sol1_gd0_rs0_bd1_str-rigorous_t00_n1,1001,2,1,zai-org/GLM-4-9B-0414,1,0,1,0,rigorous,0.0,5.0,0.0
2026-08-12 10:47:12,IA44_m-glm4-9b_sol1_gd0_rs0_bd1_str-rigorous_t00_n1,1001,3,1,zai-org/GLM-4-9B-0414,1,0,1,0,rigorous,0.0,16.0,0.0
2026-08-12 10:47:22,IA44_m-glm4-9b_sol1_gd0_rs0_bd1_str-rigorous_t00_n1,1002,1,1,zai-org/GLM-4-9B-0414,1,0,1,0,rigorous,0.0,10.0,0.0
2026-08-12 10:47:28,IA44_m-glm4-9b_sol1_gd0_rs0_bd1_str-rigorous_t00_n1,1002,2,1,zai-org/GLM-4-9B-0414,1,0,1,0,rigorous,0.0,10.0,0.0
2026-08-12 10:47:36,IA44_m-glm4-9b_sol1_gd0_rs0_bd1_str-rigorous_t00_n1,1002,3,1,zai-org/GLM-4-9B-0414,1,0,1,0,rigorous,0.0,14.0,0.0
2026-08-12 10:47:46,IA44_m-glm4-9b_sol1_gd0_rs0_bd1_str-rigorous_t00_n1,1003,1,1,zai-org/GLM-4-9B-0414,1,0,1,0,rigorous,0.0,10.0,0.0
2026-08-12 10:47:56,IA44_m-glm4-9b_sol1_gd0_rs0_bd1_str-rigorous_t00_n1,1004,1,1,zai-org/GLM-4-9B-0414,1,0,1,0,rigorous,0.0,22.0,0.0
2026-08-12 10:48:02,IA44_m-glm4-9b_sol1_gd0_rs0_bd1_str-rigorous_t00_n1,1004,2,1,zai-org/GLM-4-9B-0414,1,0,1,0,rigorous,0.0,14.0,3.0
2026-08-12 10:48:10,IA44_m-glm4-9b_sol1_gd0_rs0_bd1_str-rigorous_t00_n1,1004,3,1,zai-org/GLM-4-9B-0414,1,0,1,0,rigorous,0.0,16.0,0.0
2026-08-12 10:48:18,IA44_m-glm4-9b_sol1_gd0_rs0_bd1_str-rigorous_t00_n1,1005,1,1,zai-org/GLM-4-9B-0414,1,0,1,0,rigorous,0.0,10.0,0.0
2026-08-12 10:48:24,IA44_m-glm4-9b_sol1_gd0_rs0_bd1_str-rigorous_t00_n1,1005,2,1,zai-org/GLM-4-9B-0414,1,0,1,0,rigorous,0.0,14.0,0.0
2026-08-12 10:48:28,IA44_m-glm4-9b_sol1_gd0_rs0_bd1_str-rigorous_t00_n1,1006,1,1,zai-org/GLM-4-9B-0414,1,0,1,0,rigorous,0.0,15.0,0.0
2026-08-12 10:48:34,IA44_m-glm4-9b_sol1_gd0_rs0_bd1_str-rigorous_t00_n1,1006,2,1,zai-org/GLM-4-9B-0414,1,0,1,0,rigorous,0.0,10.0,0.0
2026-08-12 10:48:38,IA44_m-glm4-9b_sol1_gd0_rs0_bd1_str-rigorous_t00_n1,1006,3,1,zai-org/GLM-4-9B-0414,1,0,1,0,rigorous,0.0,10.0,0.0
2026-08-12 10:48:46,IA44_m-glm4-9b_sol1_gd0_rs0_bd1_str-rigorous_t00_n1,1007,1,1,zai-org/GLM-4-9B-0414,1,0,1,0,rigorous,0.0,15.0,0.0
2026-08-12 10:48:52,IA44_m-glm4-9b_sol1_gd0_rs0_bd1_str-rigorous_t00_n1,1007,2,1,zai-org/GLM-4-9B-0414,1,0,1,0,rigorous,0.0,13.0,3.0
2026-08-12 10:49:00,IA44_m-glm4-9b_sol1_gd0_rs0_bd1_str-rigorous_t00_n1,1007,3,1,zai-org/GLM-4-9B-0414,1,0,1,0,rigorous,0.0,16.0,0.0
2026-08-12 10:49:04,IA44_m-glm4-9b_sol1_gd0_rs0_bd1_str-rigorous_t00_n1,1008,1,1,zai-org/GLM-4-9B-0414,1,0,1,0,rigorous,0.0,15.0,0.0
2026-08-12 10:49:11,IA44_m-glm4-9b_sol1_gd0_rs0_bd1_str-rigorous_t00_n1,1008,3,1,zai-org/GLM-4-9B-0414,1,0,1,0,rigorous,0.0,10.0,0.0
2026-08-12 10:49:15,IA44_m-glm4-9b_sol1_gd0_rs0_bd1_str-rigorous_t00_n1,1009,1,1,zai-org/GLM-4-9B-0414,1,0,1,0,rigorous,0.0,15.0,0.0
2026-08-12 10:49:26,IA44_m-glm4-9b_sol1_gd0_rs0_bd1_str-rigorous_t00_n1,1010,1,1,zai-org/GLM-4-9B-0414,1,0,1,0,rigorous,0.0,15.0,0.0
2026-08-12 10:49:32,IA44_m-glm4-9b_sol1_gd0_rs0_bd1_str-rigorous_t00_n1,1010,2,1,zai-org/GLM-4-9B-0414,1,0,1,0,rigorous,0.0,14.0,3.0
2026-08-12 10:49:40,IA44_m-glm4-9b_sol1_gd0_rs0_bd1_str-rigorous_t00_n1,1010,3,1,zai-org/GLM-4-9B-0414,1,0,1,0,rigorous,0.0,16.0,0.0
2026-08-12 10:49:48,IA44_m-glm4-9b_sol1_gd0_rs0_bd1_str-rigorous_t00_n1,1011,1,1,zai-org/GLM-4-9B-0414,1,0,1,0,rigorous,0.0,19.0,0.0
2026-08-12 10:49:54,IA44_m-glm4-9b_sol1_gd0_rs0_bd1_str-rigorous_t00_n1,1011,2,1,zai-org/GLM-4-9B-0414,1,0,1,0,rigorous,0.0,14.0,0.0
2026-08-12 10:50:02,IA44_m-glm4-9b_sol1_gd0_rs0_bd1_str-rigorous_t00_n1,1011,3,1,zai-org/GLM-4-9B-0414,1,0,1,0,rigorous,0.0,14.0,0.0
2026-08-12 10:50:13,IA44_m-glm4-9b_sol1_gd0_rs0_bd1_str-rigorous_t00_n1,1012,1,1,zai-org/GLM-4-9B-0414,1,0,1,0,rigorous,0.0,19.0,0.0
2026-08-12 10:50:18,IA44_m-glm4-9b_sol1_gd0_rs0_bd1_str-rigorous_t00_n1,1012,2,1,zai-org/GLM-4-9B-0414,1,0,1,0,rigorous,0.0,13.0,0.0
2026-08-12 10:50:26,IA44_m-glm4-9b_sol1_gd0_rs0_bd1_str-rigorous_t00_n1,1012,3,1,zai-org/GLM-4-9B-0414,1,0,1,0,rigorous,0.0,14.0,0.0
2026-08-12 10:50:36,IA44_m-glm4-9b_sol1_gd0_rs0_bd1_str-rigorous_t00_n1,1013,1,1,zai-org/GLM-4-9B-0414,1,0,1,0,rigorous,0.0,10.0,0.0
2026-08-12 10:50:41,IA44_m-glm4-9b_sol1_gd0_rs0_bd1_str-rigorous_t00_n1,1013,2,1,zai-org/GLM-4-9B-0414,1,0,1,0,rigorous,0.0,14.0,0.0
2026-08-12 10:50:46,IA44_m-glm4-9b_sol1_gd0_rs0_bd1_str-rigorous_t00_n1,1014,1,1,zai-org/GLM-4-9B-0414,1,0,1,0,rigorous,0.0,15.0,0.0
2026-08-12 10:50:51,IA44_m-glm4-9b_sol1_gd0_rs0_bd1_str-rigorous_t00_n1,1014,2,1,zai-org/GLM-4-9B-0414,1,0,1,0,rigorous,0.0,14.0,0.0
2026-08-12 10:51:00,IA44_m-glm4-9b_sol1_gd0_rs0_bd1_str-rigorous_t00_n1,1014,3,1,zai-org/GLM-4-9B-0414,1,0,1,0,rigorous,0.0,14.0,0.0
2026-08-12 10:51:03,IA44_m-glm4-9b_sol1_gd0_rs0_bd1_str-rigorous_t00_n1,1015,1,1,zai-org/GLM-4-9B-0414,1,0,1,0,rigorous,0.0,15.0,0.0
2026-08-12 10:51:10,IA44_m-glm4-9b_sol1_gd0_rs0_bd1_str-rigorous_t00_n1,1015,2,1,zai-org/GLM-4-9B-0414,1,0,1,0,rigorous,0.0,14.0,0.0
2026-08-12 10:51:18,IA44_m-glm4-9b_sol1_gd0_rs0_bd1_str-rigorous_t00_n1,1015,3,1,zai-org/GLM-4-9B-0414,1,0,1,0,rigorous,0.0,14.0,0.0
2026-08-12 10:51:26,IA44_m-glm4-9b_sol1_gd0_rs0_bd1_str-rigorous_t00_n1,1016,1,1,zai-org/GLM-4-9B-0414,1,0,1,0,rigorous,0.0,19.0,0.0
2026-08-12 10:51:32,IA44_m-glm4-9b_sol1_gd0_rs0_bd1_str-rigorous_t00_n1,1016,2,1,zai-org/GLM-4-9B-0414,1,0,1,0,rigorous,0.0,14.0,3.0
2026-08-12 10:51:38,IA44_m-glm4-9b_sol1_gd0_rs0_bd1_str-rigorous_t00_n1,1016,3,1,zai-org/GLM-4-9B-0414,1,0,1,0,rigorous,0.0,16.0,0.0
2026-08-12 10:51:42,IA44_m-glm4-9b_sol1_gd0_rs0_bd1_str-rigorous_t00_n1,1017,1,1,zai-org/GLM-4-9B-0414,1,0,1,0,rigorous,0.0,19.0,0.0
2026-08-12 10:51:48,IA44_m-glm4-9b_sol1_gd0_rs0_bd1_str-rigorous_t00_n1,1017,2,1,zai-org/GLM-4-9B-0414,1,0,1,0,rigorous,0.0,14.0,3.0
2026-08-12 10:51:55,IA44_m-glm4-9b_sol1_gd0_rs0_bd1_str-rigorous_t00_n1,1017,3,1,zai-org/GLM-4-9B-0414,1,0,1,0,rigorous,0.0,16.0,0.0
2026-08-12 10:52:05,IA44_m-glm4-9b_sol1_gd0_rs0_bd1_str-rigorous_t00_n1,1018,1,1,zai-org/GLM-4-9B-0414,1,0,1,0,rigorous,0.0,22.0,0.0
2026-08-12 10:52:10,IA44_m-glm4-9b_sol1_gd0_rs0_bd1_str-rigorous_t00_n1,1018,2,1,zai-org/GLM-4-9B-0414,1,0,1,0,rigorous,0.0,14.0,3.0
2026-08-12 10:52:18,IA44_m-glm4-9b_sol1_gd0_rs0_bd1_str-rigorous_t00_n1,1018,3,1,zai-org/GLM-4-9B-0414,1,0,1,0,rigorous,0.0,16.0,0.0
2026-08-12 10:52:22,IA44_m-glm4-9b_sol1_gd0_rs0_bd1_str-rigorous_t00_n1,1019,1,1,zai-org/GLM-4-9B-0414,1,0,1,0,rigorous,0.0,16.0,0.0
2026-08-12 10:52:27,IA44_m-glm4-9b_sol1_gd0_rs0_bd1_str-rigorous_t00_n1,1019,2,1,zai-org/GLM-4-9B-0414,1,0,1,0,rigorous,0.0,14.0,0.0
2026-08-12 10:52:35,IA44_m-glm4-9b_sol1_gd0_rs0_bd1_str-rigorous_t00_n1,1019,3,1,zai-org/GLM-4-9B-0414,1,0,1,0,rigorous,0.0,14.0,0.0
2026-08-12 10:52:45,IA44_m-glm4-9b_sol1_gd0_rs0_bd1_str-rigorous_t00_n1,1020,1,1,zai-org/GLM-4-9B-0414,1,0,1,0,rigorous,0.0,16.0,0.0
2026-08-12 10:52:52,IA44_m-glm4-9b_sol1_gd0_rs0_bd1_str-rigorous_t00_n1,1020,2,1,zai-org/GLM-4-9B-0414,1,0,1,0,rigorous,0.0,14.0,0.0
2026-08-12 10:53:00,IA44_m-glm4-9b_sol1_gd0_rs0_bd1_str-rigorous_t00_n1,1020,3,1,zai-org/GLM-4-9B-0414,1,0,1,0,rigorous,0.0,16.0,0.0
2026-08-12 10:53:03,IA44_m-glm4-9b_sol1_gd0_rs0_bd1_str-rigorous_t00_n1,1021,1,1,zai-org/GLM-4-9B-0414,1,0,1,0,rigorous,0.0,0.0,0.0
2026-08-12 10:53:09,IA44_m-glm4-9b_sol1_gd0_rs0_bd1_str-rigorous_t00_n1,1021,2,1,zai-org/GLM-4-9B-0414,1,0,1,0,rigorous,0.0,14.0,0.0
2026-08-12 10:53:12,IA44_m-glm4-9b_sol1_gd0_rs0_bd1_str-rigorous_t00_n1,1021,3,1,zai-org/GLM-4-9B-0414,1,0,1,0,rigorous,0.0,0.0,0.0
2026-08-12 10:53:22,IA44_m-glm4-9b_sol1_gd0_rs0_bd1_str-rigorous_t00_n1,1022,1,1,zai-org/GLM-4-9B-0414,1,0,1,0,rigorous,0.0,18.0,0.0
2026-08-12 10:53:28,IA44_m-glm4-9b_sol1_gd0_rs0_bd1_str-rigorous_t00_n1,1022,2,1,zai-org/GLM-4-9B-0414,1,0,1,0,rigorous,0.0,14.0,0.0
2026-08-12 10:53:35,IA44_m-glm4-9b_sol1_gd0_rs0_bd1_str-rigorous_t00_n1,1022,3,1,zai-org/GLM-4-9B-0414,1,0,1,0,rigorous,0.0,10.0,0.0
2026-08-12 10:53:45,IA44_m-glm4-9b_sol1_gd0_rs0_bd1_str-rigorous_t00_n1,1023,1,1,zai-org/GLM-4-9B-0414,1,0,1,0,rigorous,0.0,12.0,0.0
2026-08-12 10:53:50,IA44_m-glm4-9b_sol1_gd0_rs0_bd1_str-rigorous_t00_n1,1023,2,1,zai-org/GLM-4-9B-0414,1,0,1,0,rigorous,0.0,13.0,0.0
2026-08-12 10:53:54,IA44_m-glm4-9b_sol1_gd0_rs0_bd1_str-rigorous_t00_n1,1023,3,1,zai-org/GLM-4-9B-0414,1,0,1,0,rigorous,0.0,10.0,0.0
2026-08-12 10:54:04,IA44_m-glm4-9b_sol1_gd0_rs0_bd1_str-rigorous_t00_n1,1024,1,1,zai-org/GLM-4-9B-0414,1,0,1,0,rigorous,0.0,10.0,0.0
2026-08-12 10:54:10,IA44_m-glm4-9b_sol1_gd0_rs0_bd1_str-rigorous_t00_n1,1024,2,1,zai-org/GLM-4-9B-0414,1,0,1,0,rigorous,0.0,14.0,0.0
2026-08-12 10:54:17,IA44_m-glm4-9b_sol1_gd0_rs0_bd1_str-rigorous_t00_n1,1024,3,1,zai-org/GLM-4-9B-0414,1,0,1,0,rigorous,0.0,14.0,0.0
2026-08-12 10:54:26,IA44_m-glm4-9b_sol1_gd0_rs0_bd1_str-rigorous_t00_n1,1025,1,1,zai-org/GLM-4-9B-0414,1,0,1,0,rigorous,0.0,18.0,0.0
2026-08-12 10:54:32,IA44_m-glm4-9b_sol1_gd0_rs0_bd1_str-rigorous_t00_n1,1025,2,1,zai-org/GLM-4-9B-0414,1,0,1,0,rigorous,0.0,14.0,0.0
2026-08-12 10:54:40,IA44_m-glm4-9b_sol1_gd0_rs0_bd1_str-rigorous_t00_n1,1025,3,1,zai-org/GLM-4-9B-0414,1,0,1,0,rigorous,0.0,14.0,0.0
2026-08-12 10:54:49,IA44_m-glm4-9b_sol1_gd0_rs0_bd1_str-rigorous_t00_n1,1026,1,1,zai-org/GLM-4-9B-0414,1,0,1,0,rigorous,0.0,19.0,0.0
2026-08-12 10:54:54,IA44_m-glm4-9b_sol1_gd0_rs0_bd1_str-rigorous_t00_n1,1026,2,1,zai-org/GLM-4-9B-0414,1,0,1,0,rigorous,0.0,14.0,0.0
2026-08-12 10:55:02,IA44_m-glm4-9b_sol1_gd0_rs0_bd1_str-rigorous_t00_n1,1026,3,1,zai-org/GLM-4-9B-0414,1,0,1,0,rigorous,0.0,10.0,0.0
2026-08-12 10:55:12,IA44_m-glm4-9b_sol1_gd0_rs0_bd1_str-rigorous_t00_n1,1027,1,1,zai-org/GLM-4-9B-0414,1,0,1,0,rigorous,0.0,10.0,0.0
2026-08-12 10:55:18,IA44_m-glm4-9b_sol1_gd0_rs0_bd1_str-rigorous_t00_n1,1027,2,1,zai-org/GLM-4-9B-0414,1,0,1,0,rigorous,0.0,10.0,0.0
2026-08-12 10:55:25,IA44_m-glm4-9b_sol1_gd0_rs0_bd1_str-rigorous_t00_n1,1027,3,1,zai-org/GLM-4-9B-0414,1,0,1,0,rigorous,0.0,16.0,0.0
2026-08-12 10:55:34,IA44_m-glm4-9b_sol1_gd0_rs0_bd1_str-rigorous_t00_n1,1028,1,1,zai-org/GLM-4-9B-0414,1,0,1,0,rigorous,0.0,15.0,0.0
2026-08-12 10:55:39,IA44_m-glm4-9b_sol1_gd0_rs0_bd1_str-rigorous_t00_n1,1028,2,1,zai-org/GLM-4-9B-0414,1,0,1,0,rigorous,0.0,14.0,0.0
2026-08-12 10:55:47,IA44_m-glm4-9b_sol1_gd0_rs0_bd1_str-rigorous_t00_n1,1028,3,1,zai-org/GLM-4-9B-0414,1,0,1,0,rigorous,0.0,10.0,0.0
2026-08-12 10:55:56,IA44_m-glm4-9b_sol1_gd0_rs0_bd1_str-rigorous_t00_n1,1029,1,1,zai-org/GLM-4-9B-0414,1,0,1,0,rigorous,0.0,15.0,0.0
2026-08-12 10:56:02,IA44_m-glm4-9b_sol1_gd0_rs0_bd1_str-rigorous_t00_n1,1029,2,1,zai-org/GLM-4-9B-0414,1,0,1,0,rigorous,0.0,13.0,0.0
2026-08-12 10:56:11,IA44_m-glm4-9b_sol1_gd0_rs0_bd1_str-rigorous_t00_n1,1029,3,1,zai-org/GLM-4-9B-0414,1,0,1,0,rigorous,0.0,10.0,0.0
2026-08-12 10:56:20,IA44_m-glm4-9b_sol1_gd0_rs0_bd1_str-rigorous_t00_n1,1030,1,1,zai-org/GLM-4-9B-0414,1,0,1,0,rigorous,0.0,15.0,0.0
2026-08-12 10:56:26,IA44_m-glm4-9b_sol1_gd0_rs0_bd1_str-rigorous_t00_n1,1030,2,1,zai-org/GLM-4-9B-0414,1,0,1,0,rigorous,0.0,10.0,0.0
2026-08-12 10:56:29,IA44_m-glm4-9b_sol1_gd0_rs0_bd1_str-rigorous_t00_n1,1030,3,1,zai-org/GLM-4-9B-0414,1,0,1,0,rigorous,0.0,10.0,0.0
2026-08-12 10:56:40,IA44_m-glm4-9b_sol1_gd0_rs0_bd1_str-rigorous_t00_n1,1031,1,1,zai-org/GLM-4-9B-0414,1,0,1,0,rigorous,0.0,15.0,0.0
2026-08-12 10:56:46,IA44_m-glm4-9b_sol1_gd0_rs0_bd1_str-rigorous_t00_n1,1031,2,1,zai-org/GLM-4-9B-0414,1,0,1,0,rigorous,0.0,14.0,0.0
2026-08-12 10:56:54,IA44_m-glm4-9b_sol1_gd0_rs0_bd1_str-rigorous_t00_n1,1031,3,1,zai-org/GLM-4-9B-0414,1,0,1,0,rigorous,0.0,10.0,0.0
2026-08-12 10:57:03,IA44_m-glm4-9b_sol1_gd0_rs0_bd1_str-rigorous_t00_n1,1032,1,1,zai-org/GLM-4-9B-0414,1,0,1,0,rigorous,0.0,15.0,0.0
2026-08-12 10:57:12,IA44_m-glm4-9b_sol1_gd0_rs0_bd1_str-rigorous_t00_n1,1032,3,1,zai-org/GLM-4-9B-0414,1,0,1,0,rigorous,0.0,10.0,0.0
2026-08-12 10:57:22,IA44_m-glm4-9b_sol1_gd0_rs0_bd1_str-rigorous_t00_n1,1033,1,1,zai-org/GLM-4-9B-0414,1,0,1,0,rigorous,0.0,19.0,0.0
2026-08-12 10:57:27,IA44_m-glm4-9b_sol1_gd0_rs0_bd1_str-rigorous_t00_n1,1033,2,1,zai-org/GLM-4-9B-0414,1,0,1,0,rigorous,0.0,14.0,0.0
2026-08-12 10:57:34,IA44_m-glm4-9b_sol1_gd0_rs0_bd1_str-rigorous_t00_n1,1033,3,1,zai-org/GLM-4-9B-0414,1,0,1,0,rigorous,0.0,16.0,0.0
2026-08-12 10:57:44,IA44_m-glm4-9b_sol1_gd0_rs0_bd1_str-rigorous_t00_n1,1034,1,1,zai-org/GLM-4-9B-0414,1,0,1,0,rigorous,0.0,19.0,0.0
2026-08-12 10:57:50,IA44_m-glm4-9b_sol1_gd0_rs0_bd1_str-rigorous_t00_n1,1034,2,1,zai-org/GLM-4-9B-0414,1,0,1,0,rigorous,0.0,14.0,3.0
2026-08-12 10:57:58,IA44_m-glm4-9b_sol1_gd0_rs0_bd1_str-rigorous_t00_n1,1034,3,1,zai-org/GLM-4-9B-0414,1,0,1,0,rigorous,0.0,16.0,0.0
2026-08-12 10:58:07,IA44_m-glm4-9b_sol1_gd0_rs0_bd1_str-rigorous_t00_n1,1035,1,1,zai-org/GLM-4-9B-0414,1,0,1,0,rigorous,0.0,18.0,0.0
2026-08-12 10:58:12,IA44_m-glm4-9b_sol1_gd0_rs0_bd1_str-rigorous_t00_n1,1035,2,1,zai-org/GLM-4-9B-0414,1,0,1,0,rigorous,0.0,14.0,0.0
2026-08-12 10:58:20,IA44_m-glm4-9b_sol1_gd0_rs0_bd1_str-rigorous_t00_n1,1035,3,1,zai-org/GLM-4-9B-0414,1,0,1,0,rigorous,0.0,16.0,0.0
2026-08-12 10:58:29,IA44_m-glm4-9b_sol1_gd0_rs0_bd1_str-rigorous_t00_n1,1036,1,1,zai-org/GLM-4-9B-0414,1,0,1,0,rigorous,0.0,15.0,0.0
2026-08-12 10:58:35,IA44_m-glm4-9b_sol1_gd0_rs0_bd1_str-rigorous_t00_n1,1036,2,1,zai-org/GLM-4-9B-0414,1,0,1,0,rigorous,0.0,14.0,0.0
2026-08-12 10:58:42,IA44_m-glm4-9b_sol1_gd0_rs0_bd1_str-rigorous_t00_n1,1036,3,1,zai-org/GLM-4-9B-0414,1,0,1,0,rigorous,0.0,14.0,0.0
2026-08-12 10:58:53,IA44_m-glm4-9b_sol1_gd0_rs0_bd1_str-rigorous_t00_n1,1037,1,1,zai-org/GLM-4-9B-0414,1,0,1,0,rigorous,0.0,15.0,0.0
2026-08-12 10:58:58,IA44_m-glm4-9b_sol1_gd0_rs0_bd1_str-rigorous_t00_n1,1037,2,1,zai-org/GLM-4-9B-0414,1,0,1,0,rigorous,0.0,12.0,0.0
2026-08-12 10:59:07,IA44_m-glm4-9b_sol1_gd0_rs0_bd1_str-rigorous_t00_n1,1037,3,1,zai-org/GLM-4-9B-0414,1,0,1,0,rigorous,0.0,10.0,0.0
2026-08-12 10:59:16,IA44_m-glm4-9b_sol1_gd0_rs0_bd1_str-rigorous_t00_n1,1038,1,1,zai-org/GLM-4-9B-0414,1,0,1,0,rigorous,0.0,15.0,0.0
2026-08-12 10:59:22,IA44_m-glm4-9b_sol1_gd0_rs0_bd1_str-rigorous_t00_n1,1038,2,1,zai-org/GLM-4-9B-0414,1,0,1,0,rigorous,0.0,14.0,0.0
2026-08-12 10:59:26,IA44_m-glm4-9b_sol1_gd0_rs0_bd1_str-rigorous_t00_n1,1038,3,1,zai-org/GLM-4-9B-0414,1,0,1,0,rigorous,0.0,10.0,0.0
