timestamp,tag,student,question,run,model,use_solution,use_reasoning,use_breakdown,use_guidelines,strictness,temperature,score,bonus
2026-08-12 11:01:17,IA55_m-mistral-small-24b_sol1_gd0_rs0_bd1_str-mpfair_t00_n1,1,1,1,mistralai/Mistral-Small-24B-Instruct-2501,1,0,1,0,mpfair,0.0,10.0,0.0
2026-08-12 11:01:36,IA55_m-mistral-small-24b_sol1_gd0_rs0_bd1_str-mpfair_t00_n1,1,3,1,mistralai/Mistral-Small-24B-Instruct-2501,1,0,1,0,mpfair,0.0,0.0,0.0
2026-08-12 11:01:51,IA55_m-mistral-small-24b_sol1_gd0_rs0_bd1_str-mpfair_t00_n1,2,1,1,mistralai/Mistral-Small-24B-Instruct-2501,1,0,1,0,mpfair,0.0,0.0,0.0
2026-08-12 11:02:03,IA55_m-mistral-small-24b_sol1_gd0_rs0_bd1_str-mpfair_t00_n1,2,2,1,mistralai/Mistral-Small-24B-Instruct-2501,1,0,1,0,mpfair,0.0,0.0,0.0
2026-08-12 11:02:19,IA55_m-mistral-small-24b_sol1_gd0_rs0_bd1_str-mpfair_t00_n1,2,3,1,mistralai/Mistral-Small-24B-Instruct-2501,1,0,1,0,mpfair,0.0,0.0,0.0
2026-08-12 11:02:36,IA55_m-mistral-small-24b_sol1_gd0_rs0_bd1_str-mpfair_t00_n1,3,1,1,mistralai/Mistral-Small-24B-Instruct-2501,1,0,1,0,mpfair,0.0,0.0,0.0
2026-08-12 11:02:47,IA55_m-mistral-small-24b_sol1_gd0_rs0_bd1_str-mpfair_t00_n1,3,2,1,mistralai/Mistral-Small-24B-Instruct-2501,1,0,1,0,mpfair,0.0,0.0,0.0
2026-08-12 11:03:05,IA55_m-mistral-small-24b_sol1_gd0_rs0_bd1_str-mpfair_t00_n1,3,3,1,mistralai/Mistral-Small-24B-Instruct-2501,1,0,1,0,mpfair,0.0,0.0,0.0
2026-08-12 11:03:23,IA55_m-mistral-small-24b_sol1_gd0_rs0_bd1_str-mpfair_t00_n1,4,1,1,mistralai/Mistral-Small-24B-Instruct-2501,1,0,1,0,mpfair,0.0,10.0,0.0
2026-08-12 11:03:37,IA55_m-mistral-small-24b_sol1_gd0_rs0_bd1_str-mpfair_t00_n1,4,2,1,mistralai/Mistral-Small-24B-Instruct-2501,1,0,1,0,mpfair,0.0,0.0,0.0
2026-08-12 11:03:55,IA55_m-mistral-small-24b_sol1_gd0_rs0_bd1_str-mpfair_t00_n1,4,3,1,mistralai/Mistral-Small-24B-Instruct-2501,1,0,1,0,mpfair,0.0,0.0,0.0
2026-08-12 11:04:11,IA55_m-mistral-small-24b_sol1_gd0_rs0_bd1_str-mpfair_t00_n1,5,1,1,mistralai/Mistral-Small-24B-Instruct-2501,1,0,1,0,mpfair,0.0,10.5,0.0
2026-08-12 11:04:22,IA55_m-mistral-small-24b_sol1_gd0_rs0_bd1_str-mpfair_t00_n1,5,2,1,mistralai/Mistral-Small-24B-Instruct-2501,1,0,1,0,mpfair,0.0,0.0,0.0
2026-08-12 11:04:37,IA55_m-mistral-small-24b_sol1_gd0_rs0_bd1_str-mpfair_t00_n1,5,3,1,mistralai/Mistral-Small-24B-Instruct-2501,1,0,1,0,mpfair,0.0,0.0,0.0
2026-08-12 11:04:54,IA55_m-mistral-small-24b_sol1_gd0_rs0_bd1_str-mpfair_t00_n1,6,1,1,mistralai/Mistral-Small-24B-Instruct-2501,1,0,1,0,mpfair,0.0,10.5,0.0
2026-08-12 11:05:05,IA55_m-mistral-small-24b_sol1_gd0_rs0_bd1_str-mpfair_t00_n1,6,2,1,mistralai/Mistral-Small-24B-Instruct-2501,1,0,1,0,mpfair,0.0,0.0,0.0
2026-08-12 11:05:22,IA55_m-mistral-small-24b_sol1_gd0_rs0_bd1_str-mpfair_t00_n1,6,3,1,mistralai/Mistral-Small-24B-Instruct-2501,1,0,1,0,mpfair,0.0,0.0,0.0
2026-08-12 11:05:41,IA55_m-mistral-small-24b_sol1_gd0_rs0_bd1_str-mpfair_t00_n1,7,1,1,mistralai/Mistral-Small-24B-Instruct-2501,1,0,1,0,mpfair,0.0,0.0,0.0
2026-08-12 11:05:55,IA55_m-mistral-small-24b_sol1_gd0_rs0_bd1_str-mpfair_t00_n1,8,1,1,mistralai/Mistral-Small-24B-Instruct-2501,1,0,1,0,mpfair,0.0,0.0,0.0
2026-08-12 11:06:07,IA55_m-mistral-small-24b_sol1_gd0_rs0_bd1_str-mpfair_t00_n1,8,2,1,mistralai/Mistral-Small-24B-Instruct-2501,1,0,1,0,mpfair,0.0,0.0,0.0
2026-08-12 11:06:23,IA55_m-mistral-small-24b_sol1_gd0_rs0_bd1_str-mpfair_t00_n1,8,3,1,mistralai/Mistral-Small-24B-Instruct-2501,1,0,1,0,mpfair,0.0,0.0,0.0
2026-08-12 11:06:39,IA55_m-mistral-small-24b_sol1_gd0_rs0_bd1_str-mpfair_t00_n1,9,1,1,mistralai/Mistral-Small-24B-Instruct-2501,1,0,1,0,mpfair,0.0,10.5,0.0
2026-08-12 11:06:52,IA55_m-mistral-small-24b_sol1_gd0_rs0_bd1_str-mpfair_t00_n1,9,2,1,mistralai/Mistral-Small-24B-Instruct-2501,1,0,1,0,mpfair,0.0,0.0,0.0
2026-08-12 11:07:10,IA55_m-mistral-small-24b_sol1_gd0_rs0_bd1_str-mpfair_t00_n1,9,3,1,mistralai/Mistral-Small-24B-Instruct-2501,1,0,1,0,mpfair,0.0,0.0,0.0
2026-08-12 11:07:30,IA55_m-mistral-small-24b_sol1_gd0_rs0_bd1_str-mpfair_t00_n1,10,1,1,mistralai/Mistral-Small-24B-Instruct-2501,1,0,1,0,mpfair,0.0,19.0,3.0
2026-08-12 11:07:42,IA55_m-mistral-small-24b_sol1_gd0_rs0_bd1_str-mpfair_t00_n1,10,2,1,mistralai/Mistral-Small-24B-Instruct-2501,1,0,1,0,mpfair,0.0,13.0,3.0
2026-08-12 11:08:00,IA55_m-mistral-small-24b_sol1_gd0_rs0_bd1_str-mpfair_t00_n1,10,3,1,mistralai/Mistral-Small-24B-Instruct-2501,1,0,1,0,mpfair,0.0,18.0,3.0
2026-08-12 11:08:17,IA55_m-mistral-small-24b_sol1_gd0_rs0_bd1_str-mpfair_t00_n1,11,1,1,mistralai/Mistral-Small-24B-Instruct-2501,1,0,1,0,mpfair,0.0,10.0,0.0
2026-08-12 11:08:31,IA55_m-mistral-small-24b_sol1_gd0_rs0_bd1_str-mpfair_t00_n1,11,2,1,mistralai/Mistral-Small-24B-Instruct-2501,1,0,1,0,mpfair,0.0,10.0,0.0
2026-08-12 11:08:47,IA55_m-mistral-small-24b_sol1_gd0_rs0_bd1_str-mpfair_t00_n1,11,3,1,mistralai/Mistral-Small-24B-Instruct-2501,1,0,1,0,mpfair,0.0,0.0,0.0
2026-08-12 11:09:04,IA55_m-mistral-small-24b_sol1_gd0_rs0_bd1_str-mpfair_t00_n1,12,1,1,mistralai/Mistral-Small-24B-Instruct-2501,1,0,1,0,mpfair,0.0,0.0,0.0
2026-08-12 11:09:16,IA55_m-mistral-small-24b_sol1_gd0_rs0_bd1_str-mpfair_t00_n1,12,2,1,mistralai/Mistral-Small-24B-Instruct-2501,1,0,1,0,mpfair,0.0,0.0,0.0
2026-08-12 11:09:34,IA55_m-mistral-small-24b_sol1_gd0_rs0_bd1_str-mpfair_t00_n1,12,3,1,mistralai/Mistral-Small-24B-Instruct-2501,1,0,1,0,mpfair,0.0,0.0,0.0
2026-08-12 11:09:52,IA55_m-mistral-small-24b_sol1_gd0_rs0_bd1_str-mpfair_t00_n1,13,1,1,mistralai/Mistral-Small-24B-Instruct-2501,1,0,1,0,mpfair,0.0,0.0,0.0
2026-08-12 11:10:06,IA55_m-mistral-small-24b_sol1_gd0_rs0_bd1_str-mpfair_t00_n1,13,2,1,mistralai/Mistral-Small-24B-Instruct-2501,1,0,1,0,mpfair,0.0,0.0,0.0
2026-08-12 11:10:24,IA55_m-mistral-small-24b_sol1_gd0_rs0_bd1_str-mpfair_t00_n1,13,3,1,mistralai/Mistral-Small-24B-Instruct-2501,1,0,1,0,mpfair,0.0,0.0,0.0
2026-08-12 11:10:41,IA55_m-mistral-small-24b_sol1_gd0_rs0_bd1_str-mpfair_t00_n1,14,1,1,mistralai/Mistral-Small-24B-Instruct-2501,1,0,1,0,mpfair,0.0,10.5,0.0
2026-08-12 11:10:55,IA55_m-mistral-small-24b_sol1_gd0_rs0_bd1_str-mpfair_t00_n1,14,2,1,mistralai/Mistral-Small-24B-Instruct-2501,1,0,1,0,mpfair,0.0,0.0,0.0
2026-08-12 11:11:12,IA55_m-mistral-small-24b_sol1_gd0_rs0_bd1_str-mpfair_t00_n1,14,3,1,mistralai/Mistral-Small-24B-Instruct-2501,1,0,1,0,mpfair,0.0,10.5,0.0
2026-08-12 11:11:29,IA55_m-mistral-small-24b_sol1_gd0_rs0_bd1_str-mpfair_t00_n1,15,1,1,mistralai/Mistral-Small-24B-Instruct-2501,1,0,1,0,mpfair,0.0,10.0,0.0
2026-08-12 11:11:43,IA55_m-mistral-small-24b_sol1_gd0_rs0_bd1_str-mpfair_t00_n1,15,2,1,mistralai/Mistral-Small-24B-Instruct-2501,1,0,1,0,mpfair,0.0,0.0,0.0
2026-08-12 11:12:00,IA55_m-mistral-small-24b_sol1_gd0_rs0_bd1_str-mpfair_t00_n1,15,3,1,mistralai/Mistral-Small-24B-Instruct-2501,1,0,1,0,mpfair,0.0,0.0,0.0
2026-08-12 11:12:17,IA55_m-mistral-small-24b_sol1_gd0_rs0_bd1_str-mpfair_t00_n1,16,1,1,mistralai/Mistral-Small-24B-Instruct-2501,1,0,1,0,mpfair,0.0,0.0,0.0
2026-08-12 11:12:31,IA55_m-mistral-small-24b_sol1_gd0_rs0_bd1_str-mpfair_t00_n1,16,2,1,mistralai/Mistral-Small-24B-Instruct-2501,1,0,1,0,mpfair,0.0,0.0,0.0
2026-08-12 11:12:50,IA55_m-mistral-small-24b_sol1_gd0_rs0_bd1_str-mpfair_t00_n1,17,1,1,mistralai/Mistral-Small-24B-Instruct-2501,1,0,1,0,mpfair,0.0,0.0,0.0
2026-08-12 11:13:03,IA55_m-mistral-small-24b_sol1_gd0_rs0_bd1_str-mpfair_t00_n1,17,2,1,mistralai/Mistral-Small-24B-Instruct-2501,1,0,1,0,mpfair,0.0,0.0,0.0
2026-08-12 11:13:20,IA55_m-mistral-small-24b_sol1_gd0_rs0_bd1_str-mpfair_t00_n1,17,3,1,mistralai/Mistral-Small-24B-Instruct-2501,1,0,1,0,mpfair,0.0,0.0,0.0
2026-08-12 11:13:37,IA55_m-mistral-small-24b_sol1_gd0_rs0_bd1_str-mpfair_t00_n1,18,1,1,mistralai/Mistral-Small-24B-Instruct-2501,1,0,1,0,mpfair,0.0,0.0,0.0
2026-08-12 11:13:51,IA55_m-mistral-small-24b_sol1_gd0_rs0_bd1_str-mpfair_t00_n1,18,2,1,mistralai/Mistral-Small-24B-Instruct-2501,1,0,1,0,mpfair,0.0,0.0,0.0
2026-08-12 11:14:09,IA55_m-mistral-small-24b_sol1_gd0_rs0_bd1_str-mpfair_t00_n1,18,3,1,mistralai/Mistral-Small-24B-Instruct-2501,1,0,1,0,mpfair,0.0,0.0,0.0
2026-08-12 11:14:26,IA55_m-mistral-small-24b_sol1_gd0_rs0_bd1_str-mpfair_t00_n1,19,1,1,mistralai/Mistral-Small-24B-Instruct-2501,1,0,1,0,mpfair,0.0,10.5,0.0
2026-08-12 11:14:42,IA55_m-mistral-small-24b_sol1_gd0_rs0_bd1_str-mpfair_t00_n1,20,1,1,mistralai/Mistral-Small-24B-Instruct-2501,1,0,1,0,mpfair,0.0,0.0,0.0
2026-08-12 11:14:56,IA55_m-mistral-small-24b_sol1_gd0_rs0_bd1_str-mpfair_t00_n1,20,2,1,mistralai/Mistral-Small-24B-Instruct-2501,1,0,1,0,mpfair,0.0,0.0,0.0
2026-08-12 11:15:14,IA55_m-mistral-small-24b_sol1_gd0_rs0_bd1_str-mpfair_t00_n1,20,3,1,mistralai/Mistral-Small-24B-Instruct-2501,1,0,1,0,mpfair,0.0,0.0,0.0
2026-08-12 11:15:31,IA55_m-mistral-small-24b_sol1_gd0_rs0_bd1_str-mpfair_t00_n1,21,1,1,mistralai/Mistral-Small-24B-Instruct-2501,1,0,1,0,mpfair,0.0,0.0,0.0
2026-08-12 11:15:43,IA55_m-mistral-small-24b_sol1_gd0_rs0_bd1_str-mpfair_t00_n1,21,2,1,mistralai/Mistral-Small-24B-Instruct-2501,1,0,1,0,mpfair,0.0,0.0,0.0
2026-08-12 11:15:58,IA55_m-mistral-small-24b_sol1_gd0_rs0_bd1_str-mpfair_t00_n1,21,3,1,mistralai/Mistral-Small-24B-Instruct-2501,1,0,1,0,mpfair,0.0,0.0,0.0
2026-08-12 11:16:13,IA55_m-mistral-small-24b_sol1_gd0_rs0_bd1_str-mpfair_t00_n1,22,2,1,mistralai/Mistral-Small-24B-Instruct-2501,1,0,1,0,mpfair,0.0,0.0,0.0
2026-08-12 11:16:31,IA55_m-mistral-small-24b_sol1_gd0_rs0_bd1_str-mpfair_t00_n1,23,1,1,mistralai/Mistral-Small-24B-Instruct-2501,1,0,1,0,mpfair,0.0,10.0,0.0
2026-08-12 11:16:44,IA55_m-mistral-small-24b_sol1_gd0_rs0_bd1_str-mpfair_t00_n1,23,2,1,mistralai/Mistral-Small-24B-Instruct-2501,1,0,1,0,mpfair,0.0,0.0,0.0
2026-08-12 11:17:00,IA55_m-mistral-small-24b_sol1_gd0_rs0_bd1_str-mpfair_t00_n1,23,3,1,mistralai/Mistral-Small-24B-Instruct-2501,1,0,1,0,mpfair,0.0,0.0,0.0
2026-08-12 11:17:17,IA55_m-mistral-small-24b_sol1_gd0_rs0_bd1_str-mpfair_t00_n1,24,1,1,mistralai/Mistral-Small-24B-Instruct-2501,1,0,1,0,mpfair,0.0,13.5,0.0
2026-08-12 11:17:30,IA55_m-mistral-small-24b_sol1_gd0_rs0_bd1_str-mpfair_t00_n1,24,2,1,mistralai/Mistral-Small-24B-Instruct-2501,1,0,1,0,mpfair,0.0,5.0,0.0
2026-08-12 11:17:47,IA55_m-mistral-small-24b_sol1_gd0_rs0_bd1_str-mpfair_t00_n1,24,3,1,mistralai/Mistral-Small-24B-Instruct-2501,1,0,1,0,mpfair,0.0,0.0,0.0
2026-08-12 11:18:03,IA55_m-mistral-small-24b_sol1_gd0_rs0_bd1_str-mpfair_t00_n1,25,1,1,mistralai/Mistral-Small-24B-Instruct-2501,1,0,1,0,mpfair,0.0,0.0,0.0
2026-08-12 11:18:16,IA55_m-mistral-small-24b_sol1_gd0_rs0_bd1_str-mpfair_t00_n1,25,2,1,mistralai/Mistral-Small-24B-Instruct-2501,1,0,1,0,mpfair,0.0,0.0,0.0
2026-08-12 11:18:31,IA55_m-mistral-small-24b_sol1_gd0_rs0_bd1_str-mpfair_t00_n1,25,3,1,mistralai/Mistral-Small-24B-Instruct-2501,1,0,1,0,mpfair,0.0,0.0,0.0
2026-08-12 11:18:59,IA55_m-mistral-small-24b_sol1_gd0_rs0_bd1_str-mpfair_t00_n1,26,1,1,mistralai/Mistral-Small-24B-Instruct-2501,1,0,1,0,mpfair,0.0,1.0,0.0
2026-08-12 11:19:13,IA55_m-mistral-small-24b_sol1_gd0_rs0_bd1_str-mpfair_t00_n1,26,2,1,mistralai/Mistral-Small-24B-Instruct-2501,1,0,1,0,mpfair,0.0,0.0,0.0
2026-08-12 11:19:29,IA55_m-mistral-small-24b_sol1_gd0_rs0_bd1_str-mpfair_t00_n1,27,1,1,mistralai/Mistral-Small-24B-Instruct-2501,1,0,1,0,mpfair,0.0,0.0,0.0
2026-08-12 11:19:41,IA55_m-mistral-small-24b_sol1_gd0_rs0_bd1_str-mpfair_t00_n1,27,2,1,mistralai/Mistral-Small-24B-Instruct-2501,1,0,1,0,mpfair,0.0,0.0,0.0
2026-08-12 11:19:56,IA55_m-mistral-small-24b_sol1_gd0_rs0_bd1_str-mpfair_t00_n1,27,3,1,mistralai/Mistral-Small-24B-Instruct-2501,1,0,1,0,mpfair,0.0,0.0,0.0
2026-08-12 11:20:14,IA55_m-mistral-small-24b_sol1_gd0_rs0_bd1_str-mpfair_t00_n1,28,1,1,mistralai/Mistral-Small-24B-Instruct-2501,1,0,1,0,mpfair,0.0,0.0,0.0
2026-08-12 11:20:25,IA55_m-mistral-small-24b_sol1_gd0_rs0_bd1_str-mpfair_t00_n1,28,2,1,mistralai/Mistral-Small-24B-Instruct-2501,1,0,1,0,mpfair,0.0,0.0,0.0
2026-08-12 11:20:40,IA55_m-mistral-small-24b_sol1_gd0_rs0_bd1_str-mpfair_t00_n1,28,3,1,mistralai/Mistral-Small-24B-Instruct-2501,1,0,1,0,mpfair,0.0,0.0,0.0
2026-08-12 11:20:59,IA55_m-mistral-small-24b_sol1_gd0_rs0_bd1_str-mpfair_t00_n1,29,1,1,mistralai/Mistral-Small-24B-Instruct-2501,1,0,1,0,mpfair,0.0,20.0,3.0
2026-08-12 11:21:12,IA55_m-mistral-small-24b_sol1_gd0_rs0_bd1_str-mpfair_t00_n1,29,2,1,mistralai/Mistral-Small-24B-Instruct-2501,1,0,1,0,mpfair,0.0,10.0,3.0
2026-08-12 11:21:32,IA55_m-mistral-small-24b_sol1_gd0_rs0_bd1_str-mpfair_t00_n1,29,3,1,mistralai/Mistral-Small-24B-Instruct-2501,1,0,1,0,mpfair,0.0,18.0,3.0
2026-08-12 11:21:48,IA55_m-mistral-small-24b_sol1_gd0_rs0_bd1_str-mpfair_t00_n1,30,1,1,mistralai/Mistral-Small-24B-Instruct-2501,1,0,1,0,mpfair,0.0,10.0,0.0
2026-08-12 11:21:59,IA55_m-mistral-small-24b_sol1_gd0_rs0_bd1_str-mpfair_t00_n1,30,2,1,mistralai/Mistral-Small-24B-Instruct-2501,1,0,1,0,mpfair,0.0,0.0,0.0
2026-08-12 11:22:15,IA55_m-mistral-small-24b_sol1_gd0_rs0_bd1_str-mpfair_t00_n1,30,3,1,mistralai/Mistral-Small-24B-Instruct-2501,1,0,1,0,mpfair,0.0,0.0,0.0
2026-08-12 11:22:33,IA55_m-mistral-small-24b_sol1_gd0_rs0_bd1_str-mpfair_t00_n1,31,1,1,mistralai/Mistral-Small-24B-Instruct-2501,1,0,1,0,mpfair,0.0,0.0,0.0
2026-08-12 11:22:45,IA55_m-mistral-small-24b_sol1_gd0_rs0_bd1_str-mpfair_t00_n1,31,2,1,mistralai/Mistral-Small-24B-Instruct-2501,1,0,1,0,mpfair,0.0,0.0,0.0
2026-08-12 11:23:03,IA55_m-mistral-small-24b_sol1_gd0_rs0_bd1_str-mpfair_t00_n1,31,3,1,mistralai/Mistral-Small-24B-Instruct-2501,1,0,1,0,mpfair,0.0,0.0,0.0
2026-08-12 11:23:21,IA55_m-mistral-small-24b_sol1_gd0_rs0_bd1_str-mpfair_t00_n1,32,1,1,mistralai/Mistral-Small-24B-Instruct-2501,1,0,1,0,mpfair,0.0,10.5,0.0
2026-08-12 11:23:33,IA55_m-mistral-small-24b_sol1_gd0_rs0_bd1_str-mpfair_t00_n1,32,2,1,mistralai/Mistral-Small-24B-Instruct-2501,1,0,1,0,mpfair,0.0,0.0,0.0
2026-08-12 11:23:51,IA55_m-mistral-small-24b_sol1_gd0_rs0_bd1_str-mpfair_t00_n1,32,3,1,mistralai/Mistral-Small-24B-Instruct-2501,1,0,1,0,mpfair,0.0,0.0,0.0
2026-08-12 11:24:07,IA55_m-mistral-small-24b_sol1_gd0_rs0_bd1_str-mpfair_t00_n1,33,1,1,mistralai/Mistral-Small-24B-Instruct-2501,1,0,1,0,mpfair,0.0,10.5,0.0
2026-08-12 11:24:19,IA55_m-mistral-small-24b_sol1_gd0_rs0_bd1_str-mpfair_t00_n1,33,2,1,mistralai/Mistral-Small-24B-Instruct-2501,1,0,1,0,mpfair,0.0,1.0,0.0
2026-08-12 11:24:35,IA55_m-mistral-small-24b_sol1_gd0_rs0_bd1_str-mpfair_t00_n1,33,3,1,mistralai/Mistral-Small-24B-Instruct-2501,1,0,1,0,mpfair,0.0,0.0,0.0
2026-08-12 11:24:52,IA55_m-mistral-small-24b_sol1_gd0_rs0_bd1_str-mpfair_t00_n1,34,1,1,mistralai/Mistral-Small-24B-Instruct-2501,1,0,1,0,mpfair,0.0,0.0,0.0
2026-08-12 11:25:10,IA55_m-mistral-small-24b_sol1_gd0_rs0_bd1_str-mpfair_t00_n1,35,1,1,mistralai/Mistral-Small-24B-Instruct-2501,1,0,1,0,mpfair,0.0,0.0,0.0
2026-08-12 11:25:21,IA55_m-mistral-small-24b_sol1_gd0_rs0_bd1_str-mpfair_t00_n1,35,2,1,mistralai/Mistral-Small-24B-Instruct-2501,1,0,1,0,mpfair,0.0,0.0,0.0
2026-08-12 11:25:38,IA55_m-mistral-small-24b_sol1_gd0_rs0_bd1_str-mpfair_t00_n1,35,3,1,mistralai/Mistral-Small-24B-Instruct-2501,1,0,1,0,mpfair,0.0,0.0,0.0
2026-08-12 11:25:55,IA55_m-mistral-small-24b_sol1_gd0_rs0_bd1_str-mpfair_t00_n1,36,1,1,mistralai/Mistral-Small-24B-Instruct-2501,1,0,1,0,mpfair,0.0,0.0,0.0
2026-08-12 11:26:13,IA55_m-mistral-small-24b_sol1_gd0_rs0_bd1_str-mpfair_t00_n1,37,1,1,mistralai/Mistral-Small-24B-Instruct-2501,1,0,1,0,mpfair,0.0,0.0,0.0
2026-08-12 11:26:26,IA55_m-mistral-small-24b_sol1_gd0_rs0_bd1_str-mpfair_t00_n1,37,2,1,mistralai/Mistral-Small-24B-Instruct-2501,1,0,1,0,mpfair,0.0,0.0,0.0
2026-08-12 11:26:43,IA55_m-mistral-small-24b_sol1_gd0_rs0_bd1_str-mpfair_t00_n1,37,3,1,mistralai/Mistral-Small-24B-Instruct-2501,1,0,1,0,mpfair,0.0,0.0,0.0
2026-08-12 11:26:59,IA55_m-mistral-small-24b_sol1_gd0_rs0_bd1_str-mpfair_t00_n1,38,1,1,mistralai/Mistral-Small-24B-Instruct-2501,1,0,1,0,mpfair,0.0,10.5,0.0
2026-08-12 11:27:10,IA55_m-mistral-small-24b_sol1_gd0_rs0_bd1_str-mpfair_t00_n1,38,2,1,mistralai/Mistral-Small-24B-Instruct-2501,1,0,1,0,mpfair,0.0,0.0,0.0
2026-08-12 11:27:28,IA55_m-mistral-small-24b_sol1_gd0_rs0_bd1_str-mpfair_t00_n1,38,3,1,mistralai/Mistral-Small-24B-Instruct-2501,1,0,1,0,mpfair,0.0,10.0,0.0
2026-08-12 11:27:47,IA55_m-mistral-small-24b_sol1_gd0_rs0_bd1_str-mpfair_t00_n1,39,1,1,mistralai/Mistral-Small-24B-Instruct-2501,1,0,1,0,mpfair,0.0,10.0,0.0
2026-08-12 11:27:59,IA55_m-mistral-small-24b_sol1_gd0_rs0_bd1_str-mpfair_t00_n1,39,2,1,mistralai/Mistral-Small-24B-Instruct-2501,1,0,1,0,mpfair,0.0,0.0,0.0
2026-08-12 11:28:15,IA55_m-mistral-small-24b_sol1_gd0_rs0_bd1_str-mpfair_t00_n1,39,3,1,mistralai/Mistral-Small-24B-Instruct-2501,1,0,1,0,mpfair,0.0,0.0,0.0
2026-08-12 11:28:30,IA55_m-mistral-small-24b_sol1_gd0_rs0_bd1_str-mpfair_t00_n1,40,1,1,mistralai/Mistral-Small-24B-Instruct-2501,1,0,1,0,mpfair,0.0,0.0,0.0
2026-08-12 11:28:41,IA55_m-mistral-small-24b_sol1_gd0_rs0_bd1_str-mpfair_t00_n1,40,2,1,mistralai/Mistral-Small-24B-Instruct-2501,1,0,1,0,mpfair,0.0,0.0,0.0
2026-08-12 11:28:56,IA55_m-mistral-small-24b_sol1_gd0_rs0_bd1_str-mpfair_t00_n1,40,3,1,mistralai/Mistral-Small-24B-Instruct-2501,1,0,1,0,mpfair,0.0,0.0,0.0
2026-08-12 11:29:14,IA55_m-mistral-small-24b_sol1_gd0_rs0_bd1_str-mpfair_t00_n1,41,1,1,mistralai/Mistral-Small-24B-Instruct-2501,1,0,1,0,mpfair,0.0,10.0,0.0
2026-08-12 11:29:28,IA55_m-mistral-small-24b_sol1_gd0_rs0_bd1_str-mpfair_t00_n1,41,2,1,mistralai/Mistral-Small-24B-Instruct-2501,1,0,1,0,mpfair,0.0,0.0,0.0
2026-08-12 11:29:47,IA55_m-mistral-small-24b_sol1_gd0_rs0_bd1_str-mpfair_t00_n1,41,3,1,mistralai/Mistral-Small-24B-Instruct-2501,1,0,1,0,mpfair,0.0,0.0,0.0
2026-08-12 11:30:00,IA55_m-mistral-small-24b_sol1_gd0_rs0_bd1_str-mpfair_t00_n1,42,1,1,mistralai/Mistral-Small-24B-Instruct-2501,1,0,1,0,mpfair,0.0,0.0,0.0
2026-08-12 11:30:12,IA55_m-mistral-small-24b_sol1_gd0_rs0_bd1_str-mpfair_t00_n1,42,2,1,mistralai/Mistral-Small-24B-Instruct-2501,1,0,1,0,mpfair,0.0,0.0,0.0
2026-08-12 11:30:27,IA55_m-mistral-small-24b_sol1_gd0_rs0_bd1_str-mpfair_t00_n1,42,3,1,mistralai/Mistral-Small-24B-Instruct-2501,1,0,1,0,mpfair,0.0,0.0,0.0
2026-08-12 11:30:43,IA55_m-mistral-small-24b_sol1_gd0_rs0_bd1_str-mpfair_t00_n1,43,1,1,mistralai/Mistral-Small-24B-Instruct-2501,1,0,1,0,mpfair,0.0,0.0,0.0
2026-08-12 11:30:55,IA55_m-mistral-small-24b_sol1_gd0_rs0_bd1_str-mpfair_t00_n1,43,2,1,mistralai/Mistral-Small-24B-Instruct-2501,1,0,1,0,mpfair,0.0,0.0,0.0
2026-08-12 11:31:10,IA55_m-mistral-small-24b_sol1_gd0_rs0_bd1_str-mpfair_t00_n1,43,3,1,mistralai/Mistral-Small-24B-Instruct-2501,1,0,1,0,mpfair,0.0,0.0,0.0
2026-08-12 11:31:28,IA55_m-mistral-small-24b_sol1_gd0_rs0_bd1_str-mpfair_t00_n1,44,1,1,mistralai/Mistral-Small-24B-Instruct-2501,1,0,1,0,mpfair,0.0,10.5,0.0
2026-08-12 11:31:41,IA55_m-mistral-small-24b_sol1_gd0_rs0_bd1_str-mpfair_t00_n1,44,2,1,mistralai/Mistral-Small-24B-Instruct-2501,1,0,1,0,mpfair,0.0,0.0,0.0
2026-08-12 11:31:59,IA55_m-mistral-small-24b_sol1_gd0_rs0_bd1_str-mpfair_t00_n1,44,3,1,mistralai/Mistral-Small-24B-Instruct-2501,1,0,1,0,mpfair,0.0,0.0,0.0
2026-08-12 11:32:16,IA55_m-mistral-small-24b_sol1_gd0_rs0_bd1_str-mpfair_t00_n1,45,1,1,mistralai/Mistral-Small-24B-Instruct-2501,1,0,1,0,mpfair,0.0,0.0,0.0
2026-08-12 11:32:29,IA55_m-mistral-small-24b_sol1_gd0_rs0_bd1_str-mpfair_t00_n1,45,2,1,mistralai/Mistral-Small-24B-Instruct-2501,1,0,1,0,mpfair,0.0,0.0,0.0
2026-08-12 11:32:47,IA55_m-mistral-small-24b_sol1_gd0_rs0_bd1_str-mpfair_t00_n1,45,3,1,mistralai/Mistral-Small-24B-Instruct-2501,1,0,1,0,mpfair,0.0,0.0,0.0
2026-08-12 11:33:02,IA55_m-mistral-small-24b_sol1_gd0_rs0_bd1_str-mpfair_t00_n1,46,1,1,mistralai/Mistral-Small-24B-Instruct-2501,1,0,1,0,mpfair,0.0,0.0,0.0
2026-08-12 11:33:16,IA55_m-mistral-small-24b_sol1_gd0_rs0_bd1_str-mpfair_t00_n1,46,2,1,mistralai/Mistral-Small-24B-Instruct-2501,1,0,1,0,mpfair,0.0,0.0,0.0
2026-08-12 11:33:33,IA55_m-mistral-small-24b_sol1_gd0_rs0_bd1_str-mpfair_t00_n1,46,3,1,mistralai/Mistral-Small-24B-Instruct-2501,1,0,1,0,mpfair,0.0,0.0,0.0
2026-08-12 11:33:50,IA55_m-mistral-small-24b_sol1_gd0_rs0_bd1_str-mpfair_t00_n1,47,1,1,mistralai/Mistral-Small-24B-Instruct-2501,1,0,1,0,mpfair,0.0,10.5,0.0
2026-08-12 11:34:03,IA55_m-mistral-small-24b_sol1_gd0_rs0_bd1_str-mpfair_t00_n1,47,2,1,mistralai/Mistral-Small-24B-Instruct-2501,1,0,1,0,mpfair,0.0,0.0,0.0
2026-08-12 11:34:20,IA55_m-mistral-small-24b_sol1_gd0_rs0_bd1_str-mpfair_t00_n1,47,3,1,mistralai/Mistral-Small-24B-Instruct-2501,1,0,1,0,mpfair,0.0,0.0,0.0
2026-08-12 11:34:38,IA55_m-mistral-small-24b_sol1_gd0_rs0_bd1_str-mpfair_t00_n1,48,1,1,mistralai/Mistral-Small-24B-Instruct-2501,1,0,1,0,mpfair,0.0,10.5,0.0
2026-08-12 11:34:53,IA55_m-mistral-small-24b_sol1_gd0_rs0_bd1_str-mpfair_t00_n1,48,2,1,mistralai/Mistral-Small-24B-Instruct-2501,1,0,1,0,mpfair,0.0,0.0,0.0
2026-08-12 11:35:10,IA55_m-mistral-small-24b_sol1_gd0_rs0_bd1_str-mpfair_t00_n1,48,3,1,mistralai/Mistral-Small-24B-Instruct-2501,1,0,1,0,mpfair,0.0,10.0,0.0
2026-08-12 11:35:27,IA55_m-mistral-small-24b_sol1_gd0_rs0_bd1_str-mpfair_t00_n1,49,1,1,mistralai/Mistral-Small-24B-Instruct-2501,1,0,1,0,mpfair,0.0,10.5,0.0
2026-08-12 11:35:41,IA55_m-mistral-small-24b_sol1_gd0_rs0_bd1_str-mpfair_t00_n1,49,2,1,mistralai/Mistral-Small-24B-Instruct-2501,1,0,1,0,mpfair,0.0,0.0,0.0
2026-08-12 11:35:58,IA55_m-mistral-small-24b_sol1_gd0_rs0_bd1_str-mpfair_t00_n1,49,3,1,mistralai/Mistral-Small-24B-Instruct-2501,1,0,1,0,mpfair,0.0,0.0,0.0
2026-08-12 11:36:15,IA55_m-mistral-small-24b_sol1_gd0_rs0_bd1_str-mpfair_t00_n1,50,1,1,mistralai/Mistral-Small-24B-Instruct-2501,1,0,1,0,mpfair,0.0,10.5,0.0
2026-08-12 11:36:28,IA55_m-mistral-small-24b_sol1_gd0_rs0_bd1_str-mpfair_t00_n1,50,2,1,mistralai/Mistral-Small-24B-Instruct-2501,1,0,1,0,mpfair,0.0,0.0,0.0
2026-08-12 11:36:44,IA55_m-mistral-small-24b_sol1_gd0_rs0_bd1_str-mpfair_t00_n1,51,1,1,mistralai/Mistral-Small-24B-Instruct-2501,1,0,1,0,mpfair,0.0,12.5,0.0
2026-08-12 11:36:56,IA55_m-mistral-small-24b_sol1_gd0_rs0_bd1_str-mpfair_t00_n1,51,2,1,mistralai/Mistral-Small-24B-Instruct-2501,1,0,1,0,mpfair,0.0,0.0,0.0
2026-08-12 11:37:11,IA55_m-mistral-small-24b_sol1_gd0_rs0_bd1_str-mpfair_t00_n1,51,3,1,mistralai/Mistral-Small-24B-Instruct-2501,1,0,1,0,mpfair,0.0,0.0,0.0
2026-08-12 11:37:30,IA55_m-mistral-small-24b_sol1_gd0_rs0_bd1_str-mpfair_t00_n1,52,1,1,mistralai/Mistral-Small-24B-Instruct-2501,1,0,1,0,mpfair,0.0,10.0,0.0
2026-08-12 11:37:43,IA55_m-mistral-small-24b_sol1_gd0_rs0_bd1_str-mpfair_t00_n1,52,2,1,mistralai/Mistral-Small-24B-Instruct-2501,1,0,1,0,mpfair,0.0,0.0,0.0
2026-08-12 11:38:00,IA55_m-mistral-small-24b_sol1_gd0_rs0_bd1_str-mpfair_t00_n1,52,3,1,mistralai/Mistral-Small-24B-Instruct-2501,1,0,1,0,mpfair,0.0,0.0,0.0
2026-08-12 11:38:17,IA55_m-mistral-small-24b_sol1_gd0_rs0_bd1_str-mpfair_t00_n1,53,1,1,mistralai/Mistral-Small-24B-Instruct-2501,1,0,1,0,mpfair,0.0,0.0,0.0
2026-08-12 11:38:30,IA55_m-mistral-small-24b_sol1_gd0_rs0_bd1_str-mpfair_t00_n1,53,2,1,mistralai/Mistral-Small-24B-Instruct-2501,1,0,1,0,mpfair,0.0,0.0,0.0
2026-08-12 11:38:48,IA55_m-mistral-small-24b_sol1_gd0_rs0_bd1_str-mpfair_t00_n1,53,3,1,mistralai/Mistral-Small-24B-Instruct-2501,1,0,1,0,mpfair,0.0,0.0,0.0
2026-08-12 11:39:05,IA55_m-mistral-small-24b_sol1_gd0_rs0_bd1_str-mpfair_t00_n1,54,1,1,mistralai/Mistral-Small-24B-Instruct-2501,1,0,1,0,mpfair,0.0,10.5,0.0
2026-08-12 11:39:16,IA55_m-mistral-small-24b_sol1_gd0_rs0_bd1_str-mpfair_t00_n1,54,2,1,mistralai/Mistral-Small-24B-Instruct-2501,1,0,1,0,mpfair,0.0,0.0,0.0
2026-08-12 11:39:31,IA55_m-mistral-small-24b_sol1_gd0_rs0_bd1_str-mpfair_t00_n1,54,3,1,mistralai/Mistral-Small-24B-Instruct-2501,1,0,1,0,mpfair,0.0,0.0,0.0
2026-08-12 11:39:50,IA55_m-mistral-small-24b_sol1_gd0_rs0_bd1_str-mpfair_t00_n1,55,1,1,mistralai/Mistral-Small-24B-Instruct-2501,1,0,1,0,mpfair,0.0,10.0,0.0
2026-08-12 11:40:04,IA55_m-mistral-small-24b_sol1_gd0_rs0_bd1_str-mpfair_t00_n1,55,2,1,mistralai/Mistral-Small-24B-Instruct-2501,1,0,1,0,mpfair,0.0,0.0,0.0
2026-08-12 11:40:22,IA55_m-mistral-small-24b_sol1_gd0_rs0_bd1_str-mpfair_t00_n1,55,3,1,mistralai/Mistral-Small-24B-Instruct-2501,1,0,1,0,mpfair,0.0,10.5,0.0
2026-08-12 11:40:41,IA55_m-mistral-small-24b_sol1_gd0_rs0_bd1_str-mpfair_t00_n1,56,1,1,mistralai/Mistral-Small-24B-Instruct-2501,1,0,1,0,mpfair,0.0,18.0,3.0
2026-08-12 11:40:55,IA55_m-mistral-small-24b_sol1_gd0_rs0_bd1_str-mpfair_t00_n1,56,2,1,mistralai/Mistral-Small-24B-Instruct-2501,1,0,1,0,mpfair,0.0,13.0,3.0
2026-08-12 11:41:14,IA55_m-mistral-small-24b_sol1_gd0_rs0_bd1_str-mpfair_t00_n1,56,3,1,mistralai/Mistral-Small-24B-Instruct-2501,1,0,1,0,mpfair,0.0,10.5,0.0
2026-08-12 11:41:31,IA55_m-mistral-small-24b_sol1_gd0_rs0_bd1_str-mpfair_t00_n1,57,1,1,mistralai/Mistral-Small-24B-Instruct-2501,1,0,1,0,mpfair,0.0,10.5,0.0
2026-08-12 11:41:45,IA55_m-mistral-small-24b_sol1_gd0_rs0_bd1_str-mpfair_t00_n1,57,2,1,mistralai/Mistral-Small-24B-Instruct-2501,1,0,1,0,mpfair,0.0,0.0,0.0
2026-08-12 11:42:03,IA55_m-mistral-small-24b_sol1_gd0_rs0_bd1_str-mpfair_t00_n1,57,3,1,mistralai/Mistral-Small-24B-Instruct-2501,1,0,1,0,mpfair,0.0,0.0,0.0
2026-08-12 11:42:22,IA55_m-mistral-small-24b_sol1_gd0_rs0_bd1_str-mpfair_t00_n1,58,1,1,mistralai/Mistral-Small-24B-Instruct-2501,1,0,1,0,mpfair,0.0,10.5,0.0
2026-08-12 11:42:36,IA55_m-mistral-small-24b_sol1_gd0_rs0_bd1_str-mpfair_t00_n1,58,2,1,mistralai/Mistral-Small-24B-Instruct-2501,1,0,1,0,mpfair,0.0,0.0,0.0
2026-08-12 11:42:54,IA55_m-mistral-small-24b_sol1_gd0_rs0_bd1_str-mpfair_t00_n1,58,3,1,mistralai/Mistral-Small-24B-Instruct-2501,1,0,1,0,mpfair,0.0,0.0,0.0
2026-08-12 11:43:13,IA55_m-mistral-small-24b_sol1_gd0_rs0_bd1_str-mpfair_t00_n1,59,1,1,mistralai/Mistral-Small-24B-Instruct-2501,1,0,1,0,mpfair,0.0,10.0,0.0
2026-08-12 11:43:28,IA55_m-mistral-small-24b_sol1_gd0_rs0_bd1_str-mpfair_t00_n1,59,2,1,mistralai/Mistral-Small-24B-Instruct-2501,1,0,1,0,mpfair,0.0,10.0,0.0
2026-08-12 11:43:47,IA55_m-mistral-small-24b_sol1_gd0_rs0_bd1_str-mpfair_t00_n1,59,3,1,mistralai/Mistral-Small-24B-Instruct-2501,1,0,1,0,mpfair,0.0,10.5,0.0
2026-08-12 11:44:06,IA55_m-mistral-small-24b_sol1_gd0_rs0_bd1_str-mpfair_t00_n1,60,1,1,mistralai/Mistral-Small-24B-Instruct-2501,1,0,1,0,mpfair,0.0,19.0,3.0
2026-08-12 11:44:20,IA55_m-mistral-small-24b_sol1_gd0_rs0_bd1_str-mpfair_t00_n1,60,2,1,mistralai/Mistral-Small-24B-Instruct-2501,1,0,1,0,mpfair,0.0,12.0,3.0
2026-08-12 11:44:38,IA55_m-mistral-small-24b_sol1_gd0_rs0_bd1_str-mpfair_t00_n1,60,3,1,mistralai/Mistral-Small-24B-Instruct-2501,1,0,1,0,mpfair,0.0,14.5,0.0
2026-08-12 11:44:56,IA55_m-mistral-small-24b_sol1_gd0_rs0_bd1_str-mpfair_t00_n1,61,1,1,mistralai/Mistral-Small-24B-Instruct-2501,1,0,1,0,mpfair,0.0,19.0,3.0
2026-08-12 11:45:09,IA55_m-mistral-small-24b_sol1_gd0_rs0_bd1_str-mpfair_t00_n1,61,2,1,mistralai/Mistral-Small-24B-Instruct-2501,1,0,1,0,mpfair,0.0,0.0,0.0
2026-08-12 11:45:28,IA55_m-mistral-small-24b_sol1_gd0_rs0_bd1_str-mpfair_t00_n1,61,3,1,mistralai/Mistral-Small-24B-Instruct-2501,1,0,1,0,mpfair,0.0,16.5,0.0
2026-08-12 11:45:47,IA55_m-mistral-small-24b_sol1_gd0_rs0_bd1_str-mpfair_t00_n1,62,1,1,mistralai/Mistral-Small-24B-Instruct-2501,1,0,1,0,mpfair,0.0,10.0,0.0
2026-08-12 11:46:00,IA55_m-mistral-small-24b_sol1_gd0_rs0_bd1_str-mpfair_t00_n1,62,2,1,mistralai/Mistral-Small-24B-Instruct-2501,1,0,1,0,mpfair,0.0,0.0,0.0
2026-08-12 11:46:19,IA55_m-mistral-small-24b_sol1_gd0_rs0_bd1_str-mpfair_t00_n1,62,3,1,mistralai/Mistral-Small-24B-Instruct-2501,1,0,1,0,mpfair,0.0,10.5,0.0
2026-08-12 11:46:35,IA55_m-mistral-small-24b_sol1_gd0_rs0_bd1_str-mpfair_t00_n1,63,1,1,mistralai/Mistral-Small-24B-Instruct-2501,1,0,1,0,mpfair,0.0,10.5,0.0
2026-08-12 11:46:48,IA55_m-mistral-small-24b_sol1_gd0_rs0_bd1_str-mpfair_t00_n1,63,2,1,mistralai/Mistral-Small-24B-Instruct-2501,1,0,1,0,mpfair,0.0,10.0,0.0
2026-08-12 11:47:06,IA55_m-mistral-small-24b_sol1_gd0_rs0_bd1_str-mpfair_t00_n1,63,3,1,mistralai/Mistral-Small-24B-Instruct-2501,1,0,1,0,mpfair,0.0,0.0,0.0
2026-08-12 11:47:23,IA55_m-mistral-small-24b_sol1_gd0_rs0_bd1_str-mpfair_t00_n1,64,1,1,mistralai/Mistral-Small-24B-Instruct-2501,1,0,1,0,mpfair,0.0,10.0,0.0
2026-08-12 11:47:36,IA55_m-mistral-small-24b_sol1_gd0_rs0_bd1_str-mpfair_t00_n1,64,2,1,mistralai/Mistral-Small-24B-Instruct-2501,1,0,1,0,mpfair,0.0,10.0,0.0
2026-08-12 11:47:55,IA55_m-mistral-small-24b_sol1_gd0_rs0_bd1_str-mpfair_t00_n1,64,3,1,mistralai/Mistral-Small-24B-Instruct-2501,1,0,1,0,mpfair,0.0,0.0,0.0
2026-08-12 11:48:11,IA55_m-mistral-small-24b_sol1_gd0_rs0_bd1_str-mpfair_t00_n1,65,1,1,mistralai/Mistral-Small-24B-Instruct-2501,1,0,1,0,mpfair,0.0,10.5,0.0
2026-08-12 11:48:24,IA55_m-mistral-small-24b_sol1_gd0_rs0_bd1_str-mpfair_t00_n1,65,2,1,mistralai/Mistral-Small-24B-Instruct-2501,1,0,1,0,mpfair,0.0,10.0,0.0
2026-08-12 11:48:42,IA55_m-mistral-small-24b_sol1_gd0_rs0_bd1_str-mpfair_t00_n1,65,3,1,mistralai/Mistral-Small-24B-Instruct-2501,1,0,1,0,mpfair,0.0,0.0,0.0
2026-08-12 11:49:00,IA55_m-mistral-small-24b_sol1_gd0_rs0_bd1_str-mpfair_t00_n1,66,1,1,mistralai/Mistral-Small-24B-Instruct-2501,1,0,1,0,mpfair,0.0,19.5,3.0
2026-08-12 11:49:17,IA55_m-mistral-small-24b_sol1_gd0_rs0_bd1_str-mpfair_t00_n1,67,1,1,mistralai/Mistral-Small-24B-Instruct-2501,1,0,1,0,mpfair,0.0,10.5,0.0
2026-08-12 11:49:28,IA55_m-mistral-small-24b_sol1_gd0_rs0_bd1_str-mpfair_t00_n1,67,2,1,mistralai/Mistral-Small-24B-Instruct-2501,1,0,1,0,mpfair,0.0,0.0,0.0
2026-08-12 11:49:46,IA55_m-mistral-small-24b_sol1_gd0_rs0_bd1_str-mpfair_t00_n1,67,3,1,mistralai/Mistral-Small-24B-Instruct-2501,1,0,1,0,mpfair,0.0,0.0,0.0
2026-08-12 11:50:04,IA55_m-mistral-small-24b_sol1_gd0_rs0_bd1_str-mpfair_t00_n1,68,1,1,mistralai/Mistral-Small-24B-Instruct-2501,1,0,1,0,mpfair,0.0,10.5,0.0
2026-08-12 11:50:17,IA55_m-mistral-small-24b_sol1_gd0_rs0_bd1_str-mpfair_t00_n1,68,2,1,mistralai/Mistral-Small-24B-Instruct-2501,1,0,1,0,mpfair,0.0,0.0,0.0
2026-08-12 11:50:36,IA55_m-mistral-small-24b_sol1_gd0_rs0_bd1_str-mpfair_t00_n1,68,3,1,mistralai/Mistral-Small-24B-Instruct-2501,1,0,1,0,mpfair,0.0,0.0,0.0
2026-08-12 11:50:53,IA55_m-mistral-small-24b_sol1_gd0_rs0_bd1_str-mpfair_t00_n1,69,1,1,mistralai/Mistral-Small-24B-Instruct-2501,1,0,1,0,mpfair,0.0,10.5,0.0
2026-08-12 11:51:04,IA55_m-mistral-small-24b_sol1_gd0_rs0_bd1_str-mpfair_t00_n1,69,2,1,mistralai/Mistral-Small-24B-Instruct-2501,1,0,1,0,mpfair,0.0,0.0,0.0
2026-08-12 11:51:22,IA55_m-mistral-small-24b_sol1_gd0_rs0_bd1_str-mpfair_t00_n1,69,3,1,mistralai/Mistral-Small-24B-Instruct-2501,1,0,1,0,mpfair,0.0,0.0,0.0
2026-08-12 11:51:42,IA55_m-mistral-small-24b_sol1_gd0_rs0_bd1_str-mpfair_t00_n1,70,1,1,mistralai/Mistral-Small-24B-Instruct-2501,1,0,1,0,mpfair,0.0,18.5,3.0
2026-08-12 11:51:56,IA55_m-mistral-small-24b_sol1_gd0_rs0_bd1_str-mpfair_t00_n1,70,2,1,mistralai/Mistral-Small-24B-Instruct-2501,1,0,1,0,mpfair,0.0,12.0,3.0
2026-08-12 11:52:14,IA55_m-mistral-small-24b_sol1_gd0_rs0_bd1_str-mpfair_t00_n1,70,3,1,mistralai/Mistral-Small-24B-Instruct-2501,1,0,1,0,mpfair,0.0,0.0,0.0
2026-08-12 11:52:31,IA55_m-mistral-small-24b_sol1_gd0_rs0_bd1_str-mpfair_t00_n1,71,1,1,mistralai/Mistral-Small-24B-Instruct-2501,1,0,1,0,mpfair,0.0,0.0,0.0
2026-08-12 11:52:43,IA55_m-mistral-small-24b_sol1_gd0_rs0_bd1_str-mpfair_t00_n1,71,2,1,mistralai/Mistral-Small-24B-Instruct-2501,1,0,1,0,mpfair,0.0,0.0,0.0
2026-08-12 11:52:59,IA55_m-mistral-small-24b_sol1_gd0_rs0_bd1_str-mpfair_t00_n1,71,3,1,mistralai/Mistral-Small-24B-Instruct-2501,1,0,1,0,mpfair,0.0,0.0,0.0
2026-08-12 11:53:17,IA55_m-mistral-small-24b_sol1_gd0_rs0_bd1_str-mpfair_t00_n1,72,1,1,mistralai/Mistral-Small-24B-Instruct-2501,1,0,1,0,mpfair,0.0,18.0,0.0
2026-08-12 11:53:28,IA55_m-mistral-small-24b_sol1_gd0_rs0_bd1_str-mpfair_t00_n1,72,2,1,mistralai/Mistral-Small-24B-Instruct-2501,1,0,1,0,mpfair,0.0,0.0,0.0
2026-08-12 11:53:45,IA55_m-mistral-small-24b_sol1_gd0_rs0_bd1_str-mpfair_t00_n1,72,3,1,mistralai/Mistral-Small-24B-Instruct-2501,1,0,1,0,mpfair,0.0,0.0,0.0
2026-08-12 11:54:03,IA55_m-mistral-small-24b_sol1_gd0_rs0_bd1_str-mpfair_t00_n1,73,1,1,mistralai/Mistral-Small-24B-Instruct-2501,1,0,1,0,mpfair,0.0,0.0,0.0
2026-08-12 11:54:17,IA55_m-mistral-small-24b_sol1_gd0_rs0_bd1_str-mpfair_t00_n1,73,2,1,mistralai/Mistral-Small-24B-Instruct-2501,1,0,1,0,mpfair,0.0,0.0,0.0
2026-08-12 11:54:34,IA55_m-mistral-small-24b_sol1_gd0_rs0_bd1_str-mpfair_t00_n1,73,3,1,mistralai/Mistral-Small-24B-Instruct-2501,1,0,1,0,mpfair,0.0,0.0,0.0
2026-08-12 11:54:52,IA55_m-mistral-small-24b_sol1_gd0_rs0_bd1_str-mpfair_t00_n1,74,1,1,mistralai/Mistral-Small-24B-Instruct-2501,1,0,1,0,mpfair,0.0,10.5,0.0
2026-08-12 11:55:05,IA55_m-mistral-small-24b_sol1_gd0_rs0_bd1_str-mpfair_t00_n1,74,2,1,mistralai/Mistral-Small-24B-Instruct-2501,1,0,1,0,mpfair,0.0,10.0,0.0
2026-08-12 11:55:23,IA55_m-mistral-small-24b_sol1_gd0_rs0_bd1_str-mpfair_t00_n1,74,3,1,mistralai/Mistral-Small-24B-Instruct-2501,1,0,1,0,mpfair,0.0,0.0,0.0
2026-08-12 11:55:41,IA55_m-mistral-small-24b_sol1_gd0_rs0_bd1_str-mpfair_t00_n1,75,1,1,mistralai/Mistral-Small-24B-Instruct-2501,1,0,1,0,mpfair,0.0,10.0,0.0
2026-08-12 11:55:59,IA55_m-mistral-small-24b_sol1_gd0_rs0_bd1_str-mpfair_t00_n1,75,3,1,mistralai/Mistral-Small-24B-Instruct-2501,1,0,1,0,mpfair,0.0,0.0,0.0
2026-08-12 11:56:14,IA55_m-mistral-small-24b_sol1_gd0_rs0_bd1_str-mpfair_t00_n1,76,1,1,mistralai/Mistral-Small-24B-Instruct-2501,1,0,1,0,mpfair,0.0,0.0,0.0
2026-08-12 11:56:25,IA55_m-mistral-small-24b_sol1_gd0_rs0_bd1_str-mpfair_t00_n1,76,2,1,mistralai/Mistral-Small-24B-Instruct-2501,1,0,1,0,mpfair,0.0,0.0,0.0
2026-08-12 11:56:40,IA55_m-mistral-small-24b_sol1_gd0_rs0_bd1_str-mpfair_t00_n1,76,3,1,mistralai/Mistral-Small-24B-Instruct-2501,1,0,1,0,mpfair,0.0,0.0,0.0
2026-08-12 11:56:57,IA55_m-mistral-small-24b_sol1_gd0_rs0_bd1_str-mpfair_t00_n1,77,1,1,mistralai/Mistral-Small-24B-Instruct-2501,1,0,1,0,mpfair,0.0,10.5,0.0
2026-08-12 11:57:13,IA55_m-mistral-small-24b_sol1_gd0_rs0_bd1_str-mpfair_t00_n1,78,1,1,mistralai/Mistral-Small-24B-Instruct-2501,1,0,1,0,mpfair,0.0,0.0,0.0
2026-08-12 11:57:26,IA55_m-mistral-small-24b_sol1_gd0_rs0_bd1_str-mpfair_t00_n1,78,2,1,mistralai/Mistral-Small-24B-Instruct-2501,1,0,1,0,mpfair,0.0,0.0,0.0
2026-08-12 11:57:45,IA55_m-mistral-small-24b_sol1_gd0_rs0_bd1_str-mpfair_t00_n1,78,3,1,mistralai/Mistral-Small-24B-Instruct-2501,1,0,1,0,mpfair,0.0,0.0,0.0
2026-08-12 11:58:03,IA55_m-mistral-small-24b_sol1_gd0_rs0_bd1_str-mpfair_t00_n1,79,1,1,mistralai/Mistral-Small-24B-Instruct-2501,1,0,1,0,mpfair,0.0,10.5,0.0
2026-08-12 11:58:16,IA55_m-mistral-small-24b_sol1_gd0_rs0_bd1_str-mpfair_t00_n1,79,2,1,mistralai/Mistral-Small-24B-Instruct-2501,1,0,1,0,mpfair,0.0,0.0,0.0
2026-08-12 11:58:34,IA55_m-mistral-small-24b_sol1_gd0_rs0_bd1_str-mpfair_t00_n1,79,3,1,mistralai/Mistral-Small-24B-Instruct-2501,1,0,1,0,mpfair,0.0,10.5,0.0
2026-08-12 11:58:51,IA55_m-mistral-small-24b_sol1_gd0_rs0_bd1_str-mpfair_t00_n1,80,1,1,mistralai/Mistral-Small-24B-Instruct-2501,1,0,1,0,mpfair,0.0,10.0,0.0
2026-08-12 11:59:04,IA55_m-mistral-small-24b_sol1_gd0_rs0_bd1_str-mpfair_t00_n1,80,2,1,mistralai/Mistral-Small-24B-Instruct-2501,1,0,1,0,mpfair,0.0,0.0,0.0
2026-08-12 11:59:23,IA55_m-mistral-small-24b_sol1_gd0_rs0_bd1_str-mpfair_t00_n1,80,3,1,mistralai/Mistral-Small-24B-Instruct-2501,1,0,1,0,mpfair,0.0,0.0,0.0
2026-08-12 11:59:41,IA55_m-mistral-small-24b_sol1_gd0_rs0_bd1_str-mpfair_t00_n1,81,1,1,mistralai/Mistral-Small-24B-Instruct-2501,1,0,1,0,mpfair,0.0,19.0,3.0
2026-08-12 11:59:55,IA55_m-mistral-small-24b_sol1_gd0_rs0_bd1_str-mpfair_t00_n1,81,2,1,mistralai/Mistral-Small-24B-Instruct-2501,1,0,1,0,mpfair,0.0,12.0,3.0
2026-08-12 12:00:13,IA55_m-mistral-small-24b_sol1_gd0_rs0_bd1_str-mpfair_t00_n1,81,3,1,mistralai/Mistral-Small-24B-Instruct-2501,1,0,1,0,mpfair,0.0,14.5,0.0
2026-08-12 12:00:31,IA55_m-mistral-small-24b_sol1_gd0_rs0_bd1_str-mpfair_t00_n1,82,1,1,mistralai/Mistral-Small-24B-Instruct-2501,1,0,1,0,mpfair,0.0,10.0,0.0
2026-08-12 12:00:44,IA55_m-mistral-small-24b_sol1_gd0_rs0_bd1_str-mpfair_t00_n1,82,2,1,mistralai/Mistral-Small-24B-Instruct-2501,1,0,1,0,mpfair,0.0,0.0,0.0
2026-08-12 12:01:01,IA55_m-mistral-small-24b_sol1_gd0_rs0_bd1_str-mpfair_t00_n1,82,3,1,mistralai/Mistral-Small-24B-Instruct-2501,1,0,1,0,mpfair,0.0,0.0,0.0
2026-08-12 12:01:17,IA55_m-mistral-small-24b_sol1_gd0_rs0_bd1_str-mpfair_t00_n1,83,1,1,mistralai/Mistral-Small-24B-Instruct-2501,1,0,1,0,mpfair,0.0,10.5,0.0
2026-08-12 12:01:29,IA55_m-mistral-small-24b_sol1_gd0_rs0_bd1_str-mpfair_t00_n1,83,2,1,mistralai/Mistral-Small-24B-Instruct-2501,1,0,1,0,mpfair,0.0,0.0,0.0
2026-08-12 12:01:48,IA55_m-mistral-small-24b_sol1_gd0_rs0_bd1_str-mpfair_t00_n1,83,3,1,mistralai/Mistral-Small-24B-Instruct-2501,1,0,1,0,mpfair,0.0,10.0,0.0
2026-08-12 12:02:06,IA55_m-mistral-small-24b_sol1_gd0_rs0_bd1_str-mpfair_t00_n1,84,1,1,mistralai/Mistral-Small-24B-Instruct-2501,1,0,1,0,mpfair,0.0,1.0,0.0
2026-08-12 12:02:24,IA55_m-mistral-small-24b_sol1_gd0_rs0_bd1_str-mpfair_t00_n1,85,1,1,mistralai/Mistral-Small-24B-Instruct-2501,1,0,1,0,mpfair,0.0,10.5,0.0
2026-08-12 12:02:38,IA55_m-mistral-small-24b_sol1_gd0_rs0_bd1_str-mpfair_t00_n1,85,2,1,mistralai/Mistral-Small-24B-Instruct-2501,1,0,1,0,mpfair,0.0,0.0,0.0
2026-08-12 12:02:55,IA55_m-mistral-small-24b_sol1_gd0_rs0_bd1_str-mpfair_t00_n1,85,3,1,mistralai/Mistral-Small-24B-Instruct-2501,1,0,1,0,mpfair,0.0,0.0,0.0
2026-08-12 12:03:13,IA55_m-mistral-small-24b_sol1_gd0_rs0_bd1_str-mpfair_t00_n1,86,1,1,mistralai/Mistral-Small-24B-Instruct-2501,1,0,1,0,mpfair,0.0,0.0,0.0
2026-08-12 12:03:26,IA55_m-mistral-small-24b_sol1_gd0_rs0_bd1_str-mpfair_t00_n1,86,2,1,mistralai/Mistral-Small-24B-Instruct-2501,1,0,1,0,mpfair,0.0,0.0,0.0
2026-08-12 12:03:45,IA55_m-mistral-small-24b_sol1_gd0_rs0_bd1_str-mpfair_t00_n1,86,3,1,mistralai/Mistral-Small-24B-Instruct-2501,1,0,1,0,mpfair,0.0,0.0,0.0
2026-08-12 12:04:01,IA55_m-mistral-small-24b_sol1_gd0_rs0_bd1_str-mpfair_t00_n1,87,1,1,mistralai/Mistral-Small-24B-Instruct-2501,1,0,1,0,mpfair,0.0,1.0,0.0
2026-08-12 12:04:12,IA55_m-mistral-small-24b_sol1_gd0_rs0_bd1_str-mpfair_t00_n1,87,2,1,mistralai/Mistral-Small-24B-Instruct-2501,1,0,1,0,mpfair,0.0,0.0,0.0
2026-08-12 12:04:30,IA55_m-mistral-small-24b_sol1_gd0_rs0_bd1_str-mpfair_t00_n1,87,3,1,mistralai/Mistral-Small-24B-Instruct-2501,1,0,1,0,mpfair,0.0,0.0,0.0
2026-08-12 12:04:49,IA55_m-mistral-small-24b_sol1_gd0_rs0_bd1_str-mpfair_t00_n1,88,1,1,mistralai/Mistral-Small-24B-Instruct-2501,1,0,1,0,mpfair,0.0,14.0,0.0
2026-08-12 12:05:03,IA55_m-mistral-small-24b_sol1_gd0_rs0_bd1_str-mpfair_t00_n1,88,2,1,mistralai/Mistral-Small-24B-Instruct-2501,1,0,1,0,mpfair,0.0,0.0,0.0
2026-08-12 12:05:21,IA55_m-mistral-small-24b_sol1_gd0_rs0_bd1_str-mpfair_t00_n1,88,3,1,mistralai/Mistral-Small-24B-Instruct-2501,1,0,1,0,mpfair,0.0,0.0,0.0
2026-08-12 12:05:37,IA55_m-mistral-small-24b_sol1_gd0_rs0_bd1_str-mpfair_t00_n1,89,1,1,mistralai/Mistral-Small-24B-Instruct-2501,1,0,1,0,mpfair,0.0,10.5,0.0
2026-08-12 12:05:50,IA55_m-mistral-small-24b_sol1_gd0_rs0_bd1_str-mpfair_t00_n1,89,2,1,mistralai/Mistral-Small-24B-Instruct-2501,1,0,1,0,mpfair,0.0,0.0,0.0
2026-08-12 12:06:09,IA55_m-mistral-small-24b_sol1_gd0_rs0_bd1_str-mpfair_t00_n1,89,3,1,mistralai/Mistral-Small-24B-Instruct-2501,1,0,1,0,mpfair,0.0,10.5,0.0
2026-08-12 12:06:26,IA55_m-mistral-small-24b_sol1_gd0_rs0_bd1_str-mpfair_t00_n1,90,1,1,mistralai/Mistral-Small-24B-Instruct-2501,1,0,1,0,mpfair,0.0,0.0,0.0
2026-08-12 12:06:39,IA55_m-mistral-small-24b_sol1_gd0_rs0_bd1_str-mpfair_t00_n1,90,2,1,mistralai/Mistral-Small-24B-Instruct-2501,1,0,1,0,mpfair,0.0,0.0,0.0
2026-08-12 12:06:58,IA55_m-mistral-small-24b_sol1_gd0_rs0_bd1_str-mpfair_t00_n1,90,3,1,mistralai/Mistral-Small-24B-Instruct-2501,1,0,1,0,mpfair,0.0,0.0,0.0
2026-08-12 12:07:14,IA55_m-mistral-small-24b_sol1_gd0_rs0_bd1_str-mpfair_t00_n1,91,1,1,mistralai/Mistral-Small-24B-Instruct-2501,1,0,1,0,mpfair,0.0,12.5,0.0
2026-08-12 12:07:27,IA55_m-mistral-small-24b_sol1_gd0_rs0_bd1_str-mpfair_t00_n1,91,2,1,mistralai/Mistral-Small-24B-Instruct-2501,1,0,1,0,mpfair,0.0,0.0,0.0
2026-08-12 12:07:44,IA55_m-mistral-small-24b_sol1_gd0_rs0_bd1_str-mpfair_t00_n1,91,3,1,mistralai/Mistral-Small-24B-Instruct-2501,1,0,1,0,mpfair,0.0,0.0,0.0
2026-08-12 12:08:02,IA55_m-mistral-small-24b_sol1_gd0_rs0_bd1_str-mpfair_t00_n1,92,1,1,mistralai/Mistral-Small-24B-Instruct-2501,1,0,1,0,mpfair,0.0,0.0,0.0
2026-08-12 12:08:16,IA55_m-mistral-small-24b_sol1_gd0_rs0_bd1_str-mpfair_t00_n1,92,2,1,mistralai/Mistral-Small-24B-Instruct-2501,1,0,1,0,mpfair,0.0,0.0,0.0
2026-08-12 12:08:33,IA55_m-mistral-small-24b_sol1_gd0_rs0_bd1_str-mpfair_t00_n1,92,3,1,mistralai/Mistral-Small-24B-Instruct-2501,1,0,1,0,mpfair,0.0,0.0,0.0
2026-08-12 12:08:53,IA55_m-mistral-small-24b_sol1_gd0_rs0_bd1_str-mpfair_t00_n1,93,1,1,mistralai/Mistral-Small-24B-Instruct-2501,1,0,1,0,mpfair,0.0,1.0,0.0
2026-08-12 12:09:05,IA55_m-mistral-small-24b_sol1_gd0_rs0_bd1_str-mpfair_t00_n1,93,2,1,mistralai/Mistral-Small-24B-Instruct-2501,1,0,1,0,mpfair,0.0,0.0,0.0
2026-08-12 12:09:24,IA55_m-mistral-small-24b_sol1_gd0_rs0_bd1_str-mpfair_t00_n1,93,3,1,mistralai/Mistral-Small-24B-Instruct-2501,1,0,1,0,mpfair,0.0,0.0,0.0
2026-08-12 12:09:40,IA55_m-mistral-small-24b_sol1_gd0_rs0_bd1_str-mpfair_t00_n1,94,1,1,mistralai/Mistral-Small-24B-Instruct-2501,1,0,1,0,mpfair,0.0,12.5,0.0
2026-08-12 12:09:54,IA55_m-mistral-small-24b_sol1_gd0_rs0_bd1_str-mpfair_t00_n1,94,2,1,mistralai/Mistral-Small-24B-Instruct-2501,1,0,1,0,mpfair,0.0,10.0,0.0
2026-08-12 12:10:09,IA55_m-mistral-small-24b_sol1_gd0_rs0_bd1_str-mpfair_t00_n1,94,3,1,mistralai/Mistral-Small-24B-Instruct-2501,1,0,1,0,mpfair,0.0,0.0,0.0
2026-08-12 12:10:27,IA55_m-mistral-small-24b_sol1_gd0_rs0_bd1_str-mpfair_t00_n1,95,1,1,mistralai/Mistral-Small-24B-Instruct-2501,1,0,1,0,mpfair,0.0,13.5,0.0
2026-08-12 12:10:39,IA55_m-mistral-small-24b_sol1_gd0_rs0_bd1_str-mpfair_t00_n1,95,2,1,mistralai/Mistral-Small-24B-Instruct-2501,1,0,1,0,mpfair,0.0,0.0,0.0
2026-08-12 12:10:59,IA55_m-mistral-small-24b_sol1_gd0_rs0_bd1_str-mpfair_t00_n1,95,3,1,mistralai/Mistral-Small-24B-Instruct-2501,1,0,1,0,mpfair,0.0,10.0,0.0
2026-08-12 12:11:17,IA55_m-mistral-small-24b_sol1_gd0_rs0_bd1_str-mpfair_t00_n1,96,1,1,mistralai/Mistral-Small-24B-Instruct-2501,1,0,1,0,mpfair,0.0,0.0,0.0
2026-08-12 12:11:30,IA55_m-mistral-small-24b_sol1_gd0_rs0_bd1_str-mpfair_t00_n1,96,2,1,mistralai/Mistral-Small-24B-Instruct-2501,1,0,1,0,mpfair,0.0,0.0,0.0
2026-08-12 12:11:48,IA55_m-mistral-small-24b_sol1_gd0_rs0_bd1_str-mpfair_t00_n1,96,3,1,mistralai/Mistral-Small-24B-Instruct-2501,1,0,1,0,mpfair,0.0,0.0,0.0
2026-08-12 12:12:05,IA55_m-mistral-small-24b_sol1_gd0_rs0_bd1_str-mpfair_t00_n1,97,1,1,mistralai/Mistral-Small-24B-Instruct-2501,1,0,1,0,mpfair,0.0,0.0,0.0
2026-08-12 12:12:23,IA55_m-mistral-small-24b_sol1_gd0_rs0_bd1_str-mpfair_t00_n1,98,1,1,mistralai/Mistral-Small-24B-Instruct-2501,1,0,1,0,mpfair,0.0,10.5,0.0
2026-08-12 12:12:36,IA55_m-mistral-small-24b_sol1_gd0_rs0_bd1_str-mpfair_t00_n1,98,2,1,mistralai/Mistral-Small-24B-Instruct-2501,1,0,1,0,mpfair,0.0,0.0,0.0
2026-08-12 12:12:53,IA55_m-mistral-small-24b_sol1_gd0_rs0_bd1_str-mpfair_t00_n1,98,3,1,mistralai/Mistral-Small-24B-Instruct-2501,1,0,1,0,mpfair,0.0,10.5,0.0
2026-08-12 12:13:12,IA55_m-mistral-small-24b_sol1_gd0_rs0_bd1_str-mpfair_t00_n1,99,1,1,mistralai/Mistral-Small-24B-Instruct-2501,1,0,1,0,mpfair,0.0,19.0,0.0
2026-08-12 12:13:24,IA55_m-mistral-small-24b_sol1_gd0_rs0_bd1_str-mpfair_t00_n1,99,2,1,mistralai/Mistral-Small-24B-Instruct-2501,1,0,1,0,mpfair,0.0,10.0,3.0
2026-08-12 12:13:42,IA55_m-mistral-small-24b_sol1_gd0_rs0_bd1_str-mpfair_t00_n1,99,3,1,mistralai/Mistral-Small-24B-Instruct-2501,1,0,1,0,mpfair,0.0,12.5,0.0
2026-08-12 12:13:59,IA55_m-mistral-small-24b_sol1_gd0_rs0_bd1_str-mpfair_t00_n1,100,1,1,mistralai/Mistral-Small-24B-Instruct-2501,1,0,1,0,mpfair,0.0,10.5,0.0
2026-08-12 12:14:12,IA55_m-mistral-small-24b_sol1_gd0_rs0_bd1_str-mpfair_t00_n1,100,2,1,mistralai/Mistral-Small-24B-Instruct-2501,1,0,1,0,mpfair,0.0,0.0,0.0
2026-08-12 12:14:32,IA55_m-mistral-small-24b_sol1_gd0_rs0_bd1_str-mpfair_t00_n1,100,3,1,mistralai/Mistral-Small-24B-Instruct-2501,1,0,1,0,mpfair,0.0,10.0,0.0
2026-08-12 12:14:52,IA55_m-mistral-small-24b_sol1_gd0_rs0_bd1_str-mpfair_t00_n1,101,1,1,mistralai/Mistral-Small-24B-Instruct-2501,1,0,1,0,mpfair,0.0,14.0,0.0
2026-08-12 12:15:06,IA55_m-mistral-small-24b_sol1_gd0_rs0_bd1_str-mpfair_t00_n1,101,2,1,mistralai/Mistral-Small-24B-Instruct-2501,1,0,1,0,mpfair,0.0,10.0,0.0
2026-08-12 12:15:24,IA55_m-mistral-small-24b_sol1_gd0_rs0_bd1_str-mpfair_t00_n1,101,3,1,mistralai/Mistral-Small-24B-Instruct-2501,1,0,1,0,mpfair,0.0,10.5,0.0
2026-08-12 12:15:44,IA55_m-mistral-small-24b_sol1_gd0_rs0_bd1_str-mpfair_t00_n1,102,1,1,mistralai/Mistral-Small-24B-Instruct-2501,1,0,1,0,mpfair,0.0,10.0,0.0
2026-08-12 12:16:02,IA55_m-mistral-small-24b_sol1_gd0_rs0_bd1_str-mpfair_t00_n1,102,3,1,mistralai/Mistral-Small-24B-Instruct-2501,1,0,1,0,mpfair,0.0,10.5,0.0
2026-08-12 12:16:18,IA55_m-mistral-small-24b_sol1_gd0_rs0_bd1_str-mpfair_t00_n1,103,1,1,mistralai/Mistral-Small-24B-Instruct-2501,1,0,1,0,mpfair,0.0,10.5,0.0
2026-08-12 12:16:29,IA55_m-mistral-small-24b_sol1_gd0_rs0_bd1_str-mpfair_t00_n1,103,2,1,mistralai/Mistral-Small-24B-Instruct-2501,1,0,1,0,mpfair,0.0,0.0,0.0
2026-08-12 12:16:46,IA55_m-mistral-small-24b_sol1_gd0_rs0_bd1_str-mpfair_t00_n1,103,3,1,mistralai/Mistral-Small-24B-Instruct-2501,1,0,1,0,mpfair,0.0,0.0,0.0
2026-08-12 12:17:04,IA55_m-mistral-small-24b_sol1_gd0_rs0_bd1_str-mpfair_t00_n1,104,1,1,mistralai/Mistral-Small-24B-Instruct-2501,1,0,1,0,mpfair,0.0,10.5,0.0
2026-08-12 12:17:19,IA55_m-mistral-small-24b_sol1_gd0_rs0_bd1_str-mpfair_t00_n1,104,2,1,mistralai/Mistral-Small-24B-Instruct-2501,1,0,1,0,mpfair,0.0,0.0,0.0
2026-08-12 12:17:38,IA55_m-mistral-small-24b_sol1_gd0_rs0_bd1_str-mpfair_t00_n1,104,3,1,mistralai/Mistral-Small-24B-Instruct-2501,1,0,1,0,mpfair,0.0,10.5,0.0
2026-08-12 12:17:58,IA55_m-mistral-small-24b_sol1_gd0_rs0_bd1_str-mpfair_t00_n1,105,1,1,mistralai/Mistral-Small-24B-Instruct-2501,1,0,1,0,mpfair,0.0,10.0,0.0
2026-08-12 12:18:11,IA55_m-mistral-small-24b_sol1_gd0_rs0_bd1_str-mpfair_t00_n1,105,2,1,mistralai/Mistral-Small-24B-Instruct-2501,1,0,1,0,mpfair,0.0,0.0,0.0
2026-08-12 12:18:29,IA55_m-mistral-small-24b_sol1_gd0_rs0_bd1_str-mpfair_t00_n1,105,3,1,mistralai/Mistral-Small-24B-Instruct-2501,1,0,1,0,mpfair,0.0,0.0,0.0
2026-08-12 12:18:47,IA55_m-mistral-small-24b_sol1_gd0_rs0_bd1_str-mpfair_t00_n1,106,1,1,mistralai/Mistral-Small-24B-Instruct-2501,1,0,1,0,mpfair,0.0,12.5,0.0
2026-08-12 12:19:00,IA55_m-mistral-small-24b_sol1_gd0_rs0_bd1_str-mpfair_t00_n1,106,2,1,mistralai/Mistral-Small-24B-Instruct-2501,1,0,1,0,mpfair,0.0,10.0,0.0
2026-08-12 12:19:19,IA55_m-mistral-small-24b_sol1_gd0_rs0_bd1_str-mpfair_t00_n1,106,3,1,mistralai/Mistral-Small-24B-Instruct-2501,1,0,1,0,mpfair,0.0,10.5,0.0
2026-08-12 12:19:37,IA55_m-mistral-small-24b_sol1_gd0_rs0_bd1_str-mpfair_t00_n1,107,1,1,mistralai/Mistral-Small-24B-Instruct-2501,1,0,1,0,mpfair,0.0,13.5,0.0
2026-08-12 12:19:50,IA55_m-mistral-small-24b_sol1_gd0_rs0_bd1_str-mpfair_t00_n1,107,2,1,mistralai/Mistral-Small-24B-Instruct-2501,1,0,1,0,mpfair,0.0,10.0,0.0
2026-08-12 12:20:09,IA55_m-mistral-small-24b_sol1_gd0_rs0_bd1_str-mpfair_t00_n1,108,1,1,mistralai/Mistral-Small-24B-Instruct-2501,1,0,1,0,mpfair,0.0,0.0,0.0
2026-08-12 12:20:21,IA55_m-mistral-small-24b_sol1_gd0_rs0_bd1_str-mpfair_t00_n1,108,2,1,mistralai/Mistral-Small-24B-Instruct-2501,1,0,1,0,mpfair,0.0,0.0,0.0
2026-08-12 12:20:37,IA55_m-mistral-small-24b_sol1_gd0_rs0_bd1_str-mpfair_t00_n1,108,3,1,mistralai/Mistral-Small-24B-Instruct-2501,1,0,1,0,mpfair,0.0,0.0,0.0
2026-08-12 12:20:57,IA55_m-mistral-small-24b_sol1_gd0_rs0_bd1_str-mpfair_t00_n1,109,1,1,mistralai/Mistral-Small-24B-Instruct-2501,1,0,1,0,mpfair,0.0,10.0,0.0
2026-08-12 12:21:10,IA55_m-mistral-small-24b_sol1_gd0_rs0_bd1_str-mpfair_t00_n1,109,2,1,mistralai/Mistral-Small-24B-Instruct-2501,1,0,1,0,mpfair,0.0,0.0,0.0
2026-08-12 12:21:29,IA55_m-mistral-small-24b_sol1_gd0_rs0_bd1_str-mpfair_t00_n1,109,3,1,mistralai/Mistral-Small-24B-Instruct-2501,1,0,1,0,mpfair,0.0,10.0,0.0
2026-08-12 12:21:46,IA55_m-mistral-small-24b_sol1_gd0_rs0_bd1_str-mpfair_t00_n1,110,1,1,mistralai/Mistral-Small-24B-Instruct-2501,1,0,1,0,mpfair,0.0,10.5,0.0
2026-08-12 12:22:00,IA55_m-mistral-small-24b_sol1_gd0_rs0_bd1_str-mpfair_t00_n1,110,2,1,mistralai/Mistral-Small-24B-Instruct-2501,1,0,1,0,mpfair,0.0,0.0,0.0
2026-08-12 12:22:18,IA55_m-mistral-small-24b_sol1_gd0_rs0_bd1_str-mpfair_t00_n1,110,3,1,mistralai/Mistral-Small-24B-Instruct-2501,1,0,1,0,mpfair,0.0,10.5,0.0
2026-08-12 12:22:35,IA55_m-mistral-small-24b_sol1_gd0_rs0_bd1_str-mpfair_t00_n1,111,1,1,mistralai/Mistral-Small-24B-Instruct-2501,1,0,1,0,mpfair,0.0,10.5,0.0
2026-08-12 12:22:50,IA55_m-mistral-small-24b_sol1_gd0_rs0_bd1_str-mpfair_t00_n1,111,2,1,mistralai/Mistral-Small-24B-Instruct-2501,1,0,1,0,mpfair,0.0,10.0,0.0
2026-08-12 12:23:06,IA55_m-mistral-small-24b_sol1_gd0_rs0_bd1_str-mpfair_t00_n1,111,3,1,mistralai/Mistral-Small-24B-Instruct-2501,1,0,1,0,mpfair,0.0,0.0,0.0
2026-08-12 12:23:25,IA55_m-mistral-small-24b_sol1_gd0_rs0_bd1_str-mpfair_t00_n1,112,1,1,mistralai/Mistral-Small-24B-Instruct-2501,1,0,1,0,mpfair,0.0,10.0,0.0
2026-08-12 12:23:40,IA55_m-mistral-small-24b_sol1_gd0_rs0_bd1_str-mpfair_t00_n1,112,2,1,mistralai/Mistral-Small-24B-Instruct-2501,1,0,1,0,mpfair,0.0,10.0,0.0
2026-08-12 12:23:57,IA55_m-mistral-small-24b_sol1_gd0_rs0_bd1_str-mpfair_t00_n1,112,3,1,mistralai/Mistral-Small-24B-Instruct-2501,1,0,1,0,mpfair,0.0,0.0,0.0
2026-08-12 12:24:15,IA55_m-mistral-small-24b_sol1_gd0_rs0_bd1_str-mpfair_t00_n1,113,1,1,mistralai/Mistral-Small-24B-Instruct-2501,1,0,1,0,mpfair,0.0,20.0,3.0
2026-08-12 12:24:30,IA55_m-mistral-small-24b_sol1_gd0_rs0_bd1_str-mpfair_t00_n1,113,2,1,mistralai/Mistral-Small-24B-Instruct-2501,1,0,1,0,mpfair,0.0,12.0,3.0
2026-08-12 12:24:48,IA55_m-mistral-small-24b_sol1_gd0_rs0_bd1_str-mpfair_t00_n1,113,3,1,mistralai/Mistral-Small-24B-Instruct-2501,1,0,1,0,mpfair,0.0,12.5,0.0
2026-08-12 12:25:06,IA55_m-mistral-small-24b_sol1_gd0_rs0_bd1_str-mpfair_t00_n1,114,1,1,mistralai/Mistral-Small-24B-Instruct-2501,1,0,1,0,mpfair,0.0,0.0,0.0
2026-08-12 12:25:19,IA55_m-mistral-small-24b_sol1_gd0_rs0_bd1_str-mpfair_t00_n1,114,2,1,mistralai/Mistral-Small-24B-Instruct-2501,1,0,1,0,mpfair,0.0,10.0,0.0
2026-08-12 12:25:37,IA55_m-mistral-small-24b_sol1_gd0_rs0_bd1_str-mpfair_t00_n1,114,3,1,mistralai/Mistral-Small-24B-Instruct-2501,1,0,1,0,mpfair,0.0,0.0,0.0
2026-08-12 12:25:56,IA55_m-mistral-small-24b_sol1_gd0_rs0_bd1_str-mpfair_t00_n1,115,1,1,mistralai/Mistral-Small-24B-Instruct-2501,1,0,1,0,mpfair,0.0,10.0,0.0
2026-08-12 12:26:08,IA55_m-mistral-small-24b_sol1_gd0_rs0_bd1_str-mpfair_t00_n1,115,2,1,mistralai/Mistral-Small-24B-Instruct-2501,1,0,1,0,mpfair,0.0,0.0,0.0
2026-08-12 12:26:25,IA55_m-mistral-small-24b_sol1_gd0_rs0_bd1_str-mpfair_t00_n1,115,3,1,mistralai/Mistral-Small-24B-Instruct-2501,1,0,1,0,mpfair,0.0,0.0,0.0
2026-08-12 12:26:43,IA55_m-mistral-small-24b_sol1_gd0_rs0_bd1_str-mpfair_t00_n1,116,1,1,mistralai/Mistral-Small-24B-Instruct-2501,1,0,1,0,mpfair,0.0,10.0,0.0
2026-08-12 12:26:56,IA55_m-mistral-small-24b_sol1_gd0_rs0_bd1_str-mpfair_t00_n1,116,2,1,mistralai/Mistral-Small-24B-Instruct-2501,1,0,1,0,mpfair,0.0,0.0,0.0
2026-08-12 12:27:14,IA55_m-mistral-small-24b_sol1_gd0_rs0_bd1_str-mpfair_t00_n1,116,3,1,mistralai/Mistral-Small-24B-Instruct-2501,1,0,1,0,mpfair,0.0,0.0,0.0
2026-08-12 12:27:29,IA55_m-mistral-small-24b_sol1_gd0_rs0_bd1_str-mpfair_t00_n1,117,1,1,mistralai/Mistral-Small-24B-Instruct-2501,1,0,1,0,mpfair,0.0,0.0,0.0
2026-08-12 12:27:42,IA55_m-mistral-small-24b_sol1_gd0_rs0_bd1_str-mpfair_t00_n1,117,2,1,mistralai/Mistral-Small-24B-Instruct-2501,1,0,1,0,mpfair,0.0,0.0,0.0
2026-08-12 12:27:59,IA55_m-mistral-small-24b_sol1_gd0_rs0_bd1_str-mpfair_t00_n1,117,3,1,mistralai/Mistral-Small-24B-Instruct-2501,1,0,1,0,mpfair,0.0,0.0,0.0
2026-08-12 12:28:16,IA55_m-mistral-small-24b_sol1_gd0_rs0_bd1_str-mpfair_t00_n1,118,1,1,mistralai/Mistral-Small-24B-Instruct-2501,1,0,1,0,mpfair,0.0,1.0,0.0
2026-08-12 12:28:29,IA55_m-mistral-small-24b_sol1_gd0_rs0_bd1_str-mpfair_t00_n1,118,2,1,mistralai/Mistral-Small-24B-Instruct-2501,1,0,1,0,mpfair,0.0,0.0,0.0
2026-08-12 12:28:46,IA55_m-mistral-small-24b_sol1_gd0_rs0_bd1_str-mpfair_t00_n1,118,3,1,mistralai/Mistral-Small-24B-Instruct-2501,1,0,1,0,mpfair,0.0,0.0,0.0
2026-08-12 12:29:04,IA55_m-mistral-small-24b_sol1_gd0_rs0_bd1_str-mpfair_t00_n1,119,1,1,mistralai/Mistral-Small-24B-Instruct-2501,1,0,1,0,mpfair,0.0,23.0,3.0
2026-08-12 12:29:18,IA55_m-mistral-small-24b_sol1_gd0_rs0_bd1_str-mpfair_t00_n1,119,2,1,mistralai/Mistral-Small-24B-Instruct-2501,1,0,1,0,mpfair,0.0,10.0,3.0
2026-08-12 12:29:37,IA55_m-mistral-small-24b_sol1_gd0_rs0_bd1_str-mpfair_t00_n1,119,3,1,mistralai/Mistral-Small-24B-Instruct-2501,1,0,1,0,mpfair,0.0,18.0,3.0
2026-08-12 12:29:55,IA55_m-mistral-small-24b_sol1_gd0_rs0_bd1_str-mpfair_t00_n1,120,1,1,mistralai/Mistral-Small-24B-Instruct-2501,1,0,1,0,mpfair,0.0,0.0,0.0
2026-08-12 12:30:07,IA55_m-mistral-small-24b_sol1_gd0_rs0_bd1_str-mpfair_t00_n1,120,2,1,mistralai/Mistral-Small-24B-Instruct-2501,1,0,1,0,mpfair,0.0,0.0,0.0
2026-08-12 12:30:24,IA55_m-mistral-small-24b_sol1_gd0_rs0_bd1_str-mpfair_t00_n1,120,3,1,mistralai/Mistral-Small-24B-Instruct-2501,1,0,1,0,mpfair,0.0,0.0,0.0
2026-08-12 12:30:41,IA55_m-mistral-small-24b_sol1_gd0_rs0_bd1_str-mpfair_t00_n1,121,1,1,mistralai/Mistral-Small-24B-Instruct-2501,1,0,1,0,mpfair,0.0,0.0,0.0
2026-08-12 12:30:53,IA55_m-mistral-small-24b_sol1_gd0_rs0_bd1_str-mpfair_t00_n1,121,2,1,mistralai/Mistral-Small-24B-Instruct-2501,1,0,1,0,mpfair,0.0,0.0,0.0
2026-08-12 12:31:12,IA55_m-mistral-small-24b_sol1_gd0_rs0_bd1_str-mpfair_t00_n1,121,3,1,mistralai/Mistral-Small-24B-Instruct-2501,1,0,1,0,mpfair,0.0,0.0,0.0
2026-08-12 12:31:30,IA55_m-mistral-small-24b_sol1_gd0_rs0_bd1_str-mpfair_t00_n1,122,1,1,mistralai/Mistral-Small-24B-Instruct-2501,1,0,1,0,mpfair,0.0,10.5,0.0
2026-08-12 12:31:44,IA55_m-mistral-small-24b_sol1_gd0_rs0_bd1_str-mpfair_t00_n1,122,2,1,mistralai/Mistral-Small-24B-Instruct-2501,1,0,1,0,mpfair,0.0,0.0,0.0
2026-08-12 12:31:59,IA55_m-mistral-small-24b_sol1_gd0_rs0_bd1_str-mpfair_t00_n1,122,3,1,mistralai/Mistral-Small-24B-Instruct-2501,1,0,1,0,mpfair,0.0,0.0,0.0
2026-08-12 12:32:18,IA55_m-mistral-small-24b_sol1_gd0_rs0_bd1_str-mpfair_t00_n1,123,1,1,mistralai/Mistral-Small-24B-Instruct-2501,1,0,1,0,mpfair,0.0,0.0,0.0
2026-08-12 12:32:31,IA55_m-mistral-small-24b_sol1_gd0_rs0_bd1_str-mpfair_t00_n1,123,2,1,mistralai/Mistral-Small-24B-Instruct-2501,1,0,1,0,mpfair,0.0,0.0,0.0
2026-08-12 12:32:49,IA55_m-mistral-small-24b_sol1_gd0_rs0_bd1_str-mpfair_t00_n1,123,3,1,mistralai/Mistral-Small-24B-Instruct-2501,1,0,1,0,mpfair,0.0,0.0,0.0
2026-08-12 12:33:05,IA55_m-mistral-small-24b_sol1_gd0_rs0_bd1_str-mpfair_t00_n1,124,1,1,mistralai/Mistral-Small-24B-Instruct-2501,1,0,1,0,mpfair,0.0,10.5,0.0
2026-08-12 12:33:19,IA55_m-mistral-small-24b_sol1_gd0_rs0_bd1_str-mpfair_t00_n1,124,2,1,mistralai/Mistral-Small-24B-Instruct-2501,1,0,1,0,mpfair,0.0,0.0,0.0
2026-08-12 12:33:37,IA55_m-mistral-small-24b_sol1_gd0_rs0_bd1_str-mpfair_t00_n1,124,3,1,mistralai/Mistral-Small-24B-Instruct-2501,1,0,1,0,mpfair,0.0,0.0,0.0
2026-08-12 12:33:56,IA55_m-mistral-small-24b_sol1_gd0_rs0_bd1_str-mpfair_t00_n1,125,1,1,mistralai/Mistral-Small-24B-Instruct-2501,1,0,1,0,mpfair,0.0,10.0,0.0
2026-08-12 12:34:07,IA55_m-mistral-small-24b_sol1_gd0_rs0_bd1_str-mpfair_t00_n1,125,2,1,mistralai/Mistral-Small-24B-Instruct-2501,1,0,1,0,mpfair,0.0,0.0,0.0
2026-08-12 12:34:23,IA55_m-mistral-small-24b_sol1_gd0_rs0_bd1_str-mpfair_t00_n1,125,3,1,mistralai/Mistral-Small-24B-Instruct-2501,1,0,1,0,mpfair,0.0,0.0,0.0
2026-08-12 12:34:40,IA55_m-mistral-small-24b_sol1_gd0_rs0_bd1_str-mpfair_t00_n1,126,1,1,mistralai/Mistral-Small-24B-Instruct-2501,1,0,1,0,mpfair,0.0,10.0,0.0
2026-08-12 12:34:55,IA55_m-mistral-small-24b_sol1_gd0_rs0_bd1_str-mpfair_t00_n1,126,2,1,mistralai/Mistral-Small-24B-Instruct-2501,1,0,1,0,mpfair,0.0,0.0,0.0
2026-08-12 12:35:11,IA55_m-mistral-small-24b_sol1_gd0_rs0_bd1_str-mpfair_t00_n1,126,3,1,mistralai/Mistral-Small-24B-Instruct-2501,1,0,1,0,mpfair,0.0,0.0,0.0
2026-08-12 12:35:30,IA55_m-mistral-small-24b_sol1_gd0_rs0_bd1_str-mpfair_t00_n1,127,1,1,mistralai/Mistral-Small-24B-Instruct-2501,1,0,1,0,mpfair,0.0,10.0,0.0
2026-08-12 12:35:43,IA55_m-mistral-small-24b_sol1_gd0_rs0_bd1_str-mpfair_t00_n1,127,2,1,mistralai/Mistral-Small-24B-Instruct-2501,1,0,1,0,mpfair,0.0,0.0,0.0
2026-08-12 12:36:00,IA55_m-mistral-small-24b_sol1_gd0_rs0_bd1_str-mpfair_t00_n1,127,3,1,mistralai/Mistral-Small-24B-Instruct-2501,1,0,1,0,mpfair,0.0,0.0,0.0
2026-08-12 12:36:17,IA55_m-mistral-small-24b_sol1_gd0_rs0_bd1_str-mpfair_t00_n1,128,1,1,mistralai/Mistral-Small-24B-Instruct-2501,1,0,1,0,mpfair,0.0,10.5,0.0
2026-08-12 12:36:31,IA55_m-mistral-small-24b_sol1_gd0_rs0_bd1_str-mpfair_t00_n1,128,2,1,mistralai/Mistral-Small-24B-Instruct-2501,1,0,1,0,mpfair,0.0,0.0,0.0
2026-08-12 12:36:49,IA55_m-mistral-small-24b_sol1_gd0_rs0_bd1_str-mpfair_t00_n1,128,3,1,mistralai/Mistral-Small-24B-Instruct-2501,1,0,1,0,mpfair,0.0,0.0,0.0
2026-08-12 12:37:08,IA55_m-mistral-small-24b_sol1_gd0_rs0_bd1_str-mpfair_t00_n1,129,1,1,mistralai/Mistral-Small-24B-Instruct-2501,1,0,1,0,mpfair,0.0,17.0,0.0
2026-08-12 12:37:22,IA55_m-mistral-small-24b_sol1_gd0_rs0_bd1_str-mpfair_t00_n1,129,2,1,mistralai/Mistral-Small-24B-Instruct-2501,1,0,1,0,mpfair,0.0,10.0,0.0
2026-08-12 12:37:39,IA55_m-mistral-small-24b_sol1_gd0_rs0_bd1_str-mpfair_t00_n1,129,3,1,mistralai/Mistral-Small-24B-Instruct-2501,1,0,1,0,mpfair,0.0,12.5,0.0
2026-08-12 12:37:56,IA55_m-mistral-small-24b_sol1_gd0_rs0_bd1_str-mpfair_t00_n1,130,1,1,mistralai/Mistral-Small-24B-Instruct-2501,1,0,1,0,mpfair,0.0,10.5,0.0
2026-08-12 12:38:09,IA55_m-mistral-small-24b_sol1_gd0_rs0_bd1_str-mpfair_t00_n1,130,2,1,mistralai/Mistral-Small-24B-Instruct-2501,1,0,1,0,mpfair,0.0,0.0,0.0
2026-08-12 12:38:27,IA55_m-mistral-small-24b_sol1_gd0_rs0_bd1_str-mpfair_t00_n1,130,3,1,mistralai/Mistral-Small-24B-Instruct-2501,1,0,1,0,mpfair,0.0,10.0,0.0
2026-08-12 12:38:44,IA55_m-mistral-small-24b_sol1_gd0_rs0_bd1_str-mpfair_t00_n1,131,1,1,mistralai/Mistral-Small-24B-Instruct-2501,1,0,1,0,mpfair,0.0,10.0,0.0
2026-08-12 12:38:56,IA55_m-mistral-small-24b_sol1_gd0_rs0_bd1_str-mpfair_t00_n1,131,2,1,mistralai/Mistral-Small-24B-Instruct-2501,1,0,1,0,mpfair,0.0,0.0,0.0
2026-08-12 12:39:13,IA55_m-mistral-small-24b_sol1_gd0_rs0_bd1_str-mpfair_t00_n1,131,3,1,mistralai/Mistral-Small-24B-Instruct-2501,1,0,1,0,mpfair,0.0,0.0,0.0
2026-08-12 12:39:31,IA55_m-mistral-small-24b_sol1_gd0_rs0_bd1_str-mpfair_t00_n1,132,1,1,mistralai/Mistral-Small-24B-Instruct-2501,1,0,1,0,mpfair,0.0,10.0,0.0
2026-08-12 12:39:44,IA55_m-mistral-small-24b_sol1_gd0_rs0_bd1_str-mpfair_t00_n1,132,2,1,mistralai/Mistral-Small-24B-Instruct-2501,1,0,1,0,mpfair,0.0,0.0,0.0
2026-08-12 12:40:02,IA55_m-mistral-small-24b_sol1_gd0_rs0_bd1_str-mpfair_t00_n1,132,3,1,mistralai/Mistral-Small-24B-Instruct-2501,1,0,1,0,mpfair,0.0,10.5,0.0
2026-08-12 12:40:21,IA55_m-mistral-small-24b_sol1_gd0_rs0_bd1_str-mpfair_t00_n1,133,1,1,mistralai/Mistral-Small-24B-Instruct-2501,1,0,1,0,mpfair,0.0,10.0,0.0
2026-08-12 12:40:34,IA55_m-mistral-small-24b_sol1_gd0_rs0_bd1_str-mpfair_t00_n1,133,2,1,mistralai/Mistral-Small-24B-Instruct-2501,1,0,1,0,mpfair,0.0,0.0,0.0
2026-08-12 12:40:52,IA55_m-mistral-small-24b_sol1_gd0_rs0_bd1_str-mpfair_t00_n1,133,3,1,mistralai/Mistral-Small-24B-Instruct-2501,1,0,1,0,mpfair,0.0,10.5,0.0
2026-08-12 12:41:09,IA55_m-mistral-small-24b_sol1_gd0_rs0_bd1_str-mpfair_t00_n1,134,1,1,mistralai/Mistral-Small-24B-Instruct-2501,1,0,1,0,mpfair,0.0,10.5,0.0
2026-08-12 12:41:22,IA55_m-mistral-small-24b_sol1_gd0_rs0_bd1_str-mpfair_t00_n1,134,2,1,mistralai/Mistral-Small-24B-Instruct-2501,1,0,1,0,mpfair,0.0,0.0,0.0
2026-08-12 12:41:39,IA55_m-mistral-small-24b_sol1_gd0_rs0_bd1_str-mpfair_t00_n1,134,3,1,mistralai/Mistral-Small-24B-Instruct-2501,1,0,1,0,mpfair,0.0,0.0,0.0
2026-08-12 12:41:57,IA55_m-mistral-small-24b_sol1_gd0_rs0_bd1_str-mpfair_t00_n1,135,1,1,mistralai/Mistral-Small-24B-Instruct-2501,1,0,1,0,mpfair,0.0,18.5,0.0
2026-08-12 12:42:10,IA55_m-mistral-small-24b_sol1_gd0_rs0_bd1_str-mpfair_t00_n1,135,2,1,mistralai/Mistral-Small-24B-Instruct-2501,1,0,1,0,mpfair,0.0,0.0,0.0
2026-08-12 12:42:30,IA55_m-mistral-small-24b_sol1_gd0_rs0_bd1_str-mpfair_t00_n1,135,3,1,mistralai/Mistral-Small-24B-Instruct-2501,1,0,1,0,mpfair,0.0,10.5,0.0
2026-08-12 12:42:48,IA55_m-mistral-small-24b_sol1_gd0_rs0_bd1_str-mpfair_t00_n1,136,1,1,mistralai/Mistral-Small-24B-Instruct-2501,1,0,1,0,mpfair,0.0,10.5,0.0
2026-08-12 12:43:01,IA55_m-mistral-small-24b_sol1_gd0_rs0_bd1_str-mpfair_t00_n1,136,2,1,mistralai/Mistral-Small-24B-Instruct-2501,1,0,1,0,mpfair,0.0,0.0,0.0
2026-08-12 12:43:20,IA55_m-mistral-small-24b_sol1_gd0_rs0_bd1_str-mpfair_t00_n1,136,3,1,mistralai/Mistral-Small-24B-Instruct-2501,1,0,1,0,mpfair,0.0,10.0,0.0
2026-08-12 12:43:37,IA55_m-mistral-small-24b_sol1_gd0_rs0_bd1_str-mpfair_t00_n1,137,1,1,mistralai/Mistral-Small-24B-Instruct-2501,1,0,1,0,mpfair,0.0,10.5,0.0
2026-08-12 12:43:51,IA55_m-mistral-small-24b_sol1_gd0_rs0_bd1_str-mpfair_t00_n1,137,2,1,mistralai/Mistral-Small-24B-Instruct-2501,1,0,1,0,mpfair,0.0,0.0,0.0
2026-08-12 12:44:09,IA55_m-mistral-small-24b_sol1_gd0_rs0_bd1_str-mpfair_t00_n1,137,3,1,mistralai/Mistral-Small-24B-Instruct-2501,1,0,1,0,mpfair,0.0,10.5,0.0
2026-08-12 12:44:28,IA55_m-mistral-small-24b_sol1_gd0_rs0_bd1_str-mpfair_t00_n1,138,1,1,mistralai/Mistral-Small-24B-Instruct-2501,1,0,1,0,mpfair,0.0,18.0,0.0
2026-08-12 12:44:47,IA55_m-mistral-small-24b_sol1_gd0_rs0_bd1_str-mpfair_t00_n1,138,2,1,mistralai/Mistral-Small-24B-Instruct-2501,1,0,1,0,mpfair,0.0,10.0,0.0
2026-08-12 12:45:05,IA55_m-mistral-small-24b_sol1_gd0_rs0_bd1_str-mpfair_t00_n1,138,3,1,mistralai/Mistral-Small-24B-Instruct-2501,1,0,1,0,mpfair,0.0,0.0,0.0
2026-08-12 12:45:22,IA55_m-mistral-small-24b_sol1_gd0_rs0_bd1_str-mpfair_t00_n1,139,1,1,mistralai/Mistral-Small-24B-Instruct-2501,1,0,1,0,mpfair,0.0,10.5,0.0
2026-08-12 12:45:36,IA55_m-mistral-small-24b_sol1_gd0_rs0_bd1_str-mpfair_t00_n1,139,2,1,mistralai/Mistral-Small-24B-Instruct-2501,1,0,1,0,mpfair,0.0,10.0,0.0
2026-08-12 12:45:54,IA55_m-mistral-small-24b_sol1_gd0_rs0_bd1_str-mpfair_t00_n1,139,3,1,mistralai/Mistral-Small-24B-Instruct-2501,1,0,1,0,mpfair,0.0,10.5,0.0
2026-08-12 12:46:10,IA55_m-mistral-small-24b_sol1_gd0_rs0_bd1_str-mpfair_t00_n1,140,1,1,mistralai/Mistral-Small-24B-Instruct-2501,1,0,1,0,mpfair,0.0,15.5,0.0
2026-08-12 12:46:24,IA55_m-mistral-small-24b_sol1_gd0_rs0_bd1_str-mpfair_t00_n1,140,2,1,mistralai/Mistral-Small-24B-Instruct-2501,1,0,1,0,mpfair,0.0,10.0,0.0
2026-08-12 12:46:42,IA55_m-mistral-small-24b_sol1_gd0_rs0_bd1_str-mpfair_t00_n1,140,3,1,mistralai/Mistral-Small-24B-Instruct-2501,1,0,1,0,mpfair,0.0,12.5,0.0
2026-08-12 12:47:00,IA55_m-mistral-small-24b_sol1_gd0_rs0_bd1_str-mpfair_t00_n1,141,1,1,mistralai/Mistral-Small-24B-Instruct-2501,1,0,1,0,mpfair,0.0,15.5,0.0
2026-08-12 12:47:20,IA55_m-mistral-small-24b_sol1_gd0_rs0_bd1_str-mpfair_t00_n1,141,2,1,mistralai/Mistral-Small-24B-Instruct-2501,1,0,1,0,mpfair,0.0,10.0,0.0
2026-08-12 12:47:39,IA55_m-mistral-small-24b_sol1_gd0_rs0_bd1_str-mpfair_t00_n1,141,3,1,mistralai/Mistral-Small-24B-Instruct-2501,1,0,1,0,mpfair,0.0,12.0,0.0
2026-08-12 12:47:57,IA55_m-mistral-small-24b_sol1_gd0_rs0_bd1_str-mpfair_t00_n1,142,1,1,mistralai/Mistral-Small-24B-Instruct-2501,1,0,1,0,mpfair,0.0,15.5,0.0
2026-08-12 12:48:11,IA55_m-mistral-small-24b_sol1_gd0_rs0_bd1_str-mpfair_t00_n1,142,2,1,mistralai/Mistral-Small-24B-Instruct-2501,1,0,1,0,mpfair,0.0,10.0,0.0
2026-08-12 12:48:28,IA55_m-mistral-small-24b_sol1_gd0_rs0_bd1_str-mpfair_t00_n1,142,3,1,mistralai/Mistral-Small-24B-Instruct-2501,1,0,1,0,mpfair,0.0,0.0,0.0
2026-08-12 12:48:48,IA55_m-mistral-small-24b_sol1_gd0_rs0_bd1_str-mpfair_t00_n1,143,1,1,mistralai/Mistral-Small-24B-Instruct-2501,1,0,1,0,mpfair,0.0,19.0,0.0
2026-08-12 12:49:02,IA55_m-mistral-small-24b_sol1_gd0_rs0_bd1_str-mpfair_t00_n1,143,2,1,mistralai/Mistral-Small-24B-Instruct-2501,1,0,1,0,mpfair,0.0,10.0,0.0
2026-08-12 12:49:21,IA55_m-mistral-small-24b_sol1_gd0_rs0_bd1_str-mpfair_t00_n1,143,3,1,mistralai/Mistral-Small-24B-Instruct-2501,1,0,1,0,mpfair,0.0,10.5,0.0
2026-08-12 12:49:39,IA55_m-mistral-small-24b_sol1_gd0_rs0_bd1_str-mpfair_t00_n1,144,1,1,mistralai/Mistral-Small-24B-Instruct-2501,1,0,1,0,mpfair,0.0,10.0,0.0
2026-08-12 12:49:50,IA55_m-mistral-small-24b_sol1_gd0_rs0_bd1_str-mpfair_t00_n1,144,2,1,mistralai/Mistral-Small-24B-Instruct-2501,1,0,1,0,mpfair,0.0,0.0,0.0
2026-08-12 12:50:07,IA55_m-mistral-small-24b_sol1_gd0_rs0_bd1_str-mpfair_t00_n1,144,3,1,mistralai/Mistral-Small-24B-Instruct-2501,1,0,1,0,mpfair,0.0,0.0,0.0
2026-08-12 12:50:25,IA55_m-mistral-small-24b_sol1_gd0_rs0_bd1_str-mpfair_t00_n1,145,1,1,mistralai/Mistral-Small-24B-Instruct-2501,1,0,1,0,mpfair,0.0,10.5,0.0
2026-08-12 12:50:36,IA55_m-mistral-small-24b_sol1_gd0_rs0_bd1_str-mpfair_t00_n1,145,2,1,mistralai/Mistral-Small-24B-Instruct-2501,1,0,1,0,mpfair,0.0,0.0,0.0
2026-08-12 12:50:54,IA55_m-mistral-small-24b_sol1_gd0_rs0_bd1_str-mpfair_t00_n1,145,3,1,mistralai/Mistral-Small-24B-Instruct-2501,1,0,1,0,mpfair,0.0,10.5,0.0
2026-08-12 12:51:13,IA55_m-mistral-small-24b_sol1_gd0_rs0_bd1_str-mpfair_t00_n1,146,1,1,mistralai/Mistral-Small-24B-Instruct-2501,1,0,1,0,mpfair,0.0,10.0,0.0
2026-08-12 12:51:24,IA55_m-mistral-small-24b_sol1_gd0_rs0_bd1_str-mpfair_t00_n1,146,2,1,mistralai/Mistral-Small-24B-Instruct-2501,1,0,1,0,mpfair,0.0,0.0,0.0
2026-08-12 12:51:42,IA55_m-mistral-small-24b_sol1_gd0_rs0_bd1_str-mpfair_t00_n1,146,3,1,mistralai/Mistral-Small-24B-Instruct-2501,1,0,1,0,mpfair,0.0,0.0,0.0
2026-08-12 12:52:00,IA55_m-mistral-small-24b_sol1_gd0_rs0_bd1_str-mpfair_t00_n1,147,1,1,mistralai/Mistral-Small-24B-Instruct-2501,1,0,1,0,mpfair,0.0,10.0,0.0
2026-08-12 12:52:13,IA55_m-mistral-small-24b_sol1_gd0_rs0_bd1_str-mpfair_t00_n1,147,2,1,mistralai/Mistral-Small-24B-Instruct-2501,1,0,1,0,mpfair,0.0,10.0,0.0
2026-08-12 12:52:31,IA55_m-mistral-small-24b_sol1_gd0_rs0_bd1_str-mpfair_t00_n1,147,3,1,mistralai/Mistral-Small-24B-Instruct-2501,1,0,1,0,mpfair,0.0,0.0,0.0
2026-08-12 12:52:48,IA55_m-mistral-small-24b_sol1_gd0_rs0_bd1_str-mpfair_t00_n1,148,1,1,mistralai/Mistral-Small-24B-Instruct-2501,1,0,1,0,mpfair,0.0,10.5,0.0
2026-08-12 12:53:02,IA55_m-mistral-small-24b_sol1_gd0_rs0_bd1_str-mpfair_t00_n1,148,2,1,mistralai/Mistral-Small-24B-Instruct-2501,1,0,1,0,mpfair,0.0,0.0,0.0
2026-08-12 12:53:21,IA55_m-mistral-small-24b_sol1_gd0_rs0_bd1_str-mpfair_t00_n1,148,3,1,mistralai/Mistral-Small-24B-Instruct-2501,1,0,1,0,mpfair,0.0,10.5,0.0
2026-08-12 12:53:40,IA55_m-mistral-small-24b_sol1_gd0_rs0_bd1_str-mpfair_t00_n1,149,1,1,mistralai/Mistral-Small-24B-Instruct-2501,1,0,1,0,mpfair,0.0,12.0,0.0
2026-08-12 12:53:52,IA55_m-mistral-small-24b_sol1_gd0_rs0_bd1_str-mpfair_t00_n1,149,2,1,mistralai/Mistral-Small-24B-Instruct-2501,1,0,1,0,mpfair,0.0,0.0,0.0
2026-08-12 12:54:11,IA55_m-mistral-small-24b_sol1_gd0_rs0_bd1_str-mpfair_t00_n1,149,3,1,mistralai/Mistral-Small-24B-Instruct-2501,1,0,1,0,mpfair,0.0,10.5,0.0
2026-08-12 12:54:30,IA55_m-mistral-small-24b_sol1_gd0_rs0_bd1_str-mpfair_t00_n1,150,1,1,mistralai/Mistral-Small-24B-Instruct-2501,1,0,1,0,mpfair,0.0,12.5,0.0
2026-08-12 12:54:44,IA55_m-mistral-small-24b_sol1_gd0_rs0_bd1_str-mpfair_t00_n1,150,2,1,mistralai/Mistral-Small-24B-Instruct-2501,1,0,1,0,mpfair,0.0,0.0,0.0
2026-08-12 12:55:03,IA55_m-mistral-small-24b_sol1_gd0_rs0_bd1_str-mpfair_t00_n1,150,3,1,mistralai/Mistral-Small-24B-Instruct-2501,1,0,1,0,mpfair,0.0,10.5,0.0
2026-08-12 12:55:21,IA55_m-mistral-small-24b_sol1_gd0_rs0_bd1_str-mpfair_t00_n1,151,1,1,mistralai/Mistral-Small-24B-Instruct-2501,1,0,1,0,mpfair,0.0,10.0,0.0
2026-08-12 12:55:35,IA55_m-mistral-small-24b_sol1_gd0_rs0_bd1_str-mpfair_t00_n1,151,2,1,mistralai/Mistral-Small-24B-Instruct-2501,1,0,1,0,mpfair,0.0,10.0,0.0
2026-08-12 12:55:51,IA55_m-mistral-small-24b_sol1_gd0_rs0_bd1_str-mpfair_t00_n1,151,3,1,mistralai/Mistral-Small-24B-Instruct-2501,1,0,1,0,mpfair,0.0,0.0,0.0
2026-08-12 12:56:08,IA55_m-mistral-small-24b_sol1_gd0_rs0_bd1_str-mpfair_t00_n1,152,1,1,mistralai/Mistral-Small-24B-Instruct-2501,1,0,1,0,mpfair,0.0,12.5,0.0
2026-08-12 12:56:22,IA55_m-mistral-small-24b_sol1_gd0_rs0_bd1_str-mpfair_t00_n1,152,2,1,mistralai/Mistral-Small-24B-Instruct-2501,1,0,1,0,mpfair,0.0,10.0,0.0
2026-08-12 12:56:40,IA55_m-mistral-small-24b_sol1_gd0_rs0_bd1_str-mpfair_t00_n1,152,3,1,mistralai/Mistral-Small-24B-Instruct-2501,1,0,1,0,mpfair,0.0,10.0,0.0
2026-08-12 12:56:57,IA55_m-mistral-small-24b_sol1_gd0_rs0_bd1_str-mpfair_t00_n1,153,1,1,mistralai/Mistral-Small-24B-Instruct-2501,1,0,1,0,mpfair,0.0,10.5,0.0
2026-08-12 12:57:10,IA55_m-mistral-small-24b_sol1_gd0_rs0_bd1_str-mpfair_t00_n1,153,2,1,mistralai/Mistral-Small-24B-Instruct-2501,1,0,1,0,mpfair,0.0,0.0,0.0
2026-08-12 12:57:29,IA55_m-mistral-small-24b_sol1_gd0_rs0_bd1_str-mpfair_t00_n1,153,3,1,mistralai/Mistral-Small-24B-Instruct-2501,1,0,1,0,mpfair,0.0,0.0,0.0
2026-08-12 12:57:47,IA55_m-mistral-small-24b_sol1_gd0_rs0_bd1_str-mpfair_t00_n1,154,1,1,mistralai/Mistral-Small-24B-Instruct-2501,1,0,1,0,mpfair,0.0,19.0,3.0
2026-08-12 12:58:02,IA55_m-mistral-small-24b_sol1_gd0_rs0_bd1_str-mpfair_t00_n1,154,2,1,mistralai/Mistral-Small-24B-Instruct-2501,1,0,1,0,mpfair,0.0,10.0,3.0
2026-08-12 12:58:20,IA55_m-mistral-small-24b_sol1_gd0_rs0_bd1_str-mpfair_t00_n1,154,3,1,mistralai/Mistral-Small-24B-Instruct-2501,1,0,1,0,mpfair,0.0,18.0,3.0
2026-08-12 12:58:35,IA55_m-mistral-small-24b_sol1_gd0_rs0_bd1_str-mpfair_t00_n1,155,1,1,mistralai/Mistral-Small-24B-Instruct-2501,1,0,1,0,mpfair,0.0,0.0,0.0
2026-08-12 12:58:47,IA55_m-mistral-small-24b_sol1_gd0_rs0_bd1_str-mpfair_t00_n1,155,2,1,mistralai/Mistral-Small-24B-Instruct-2501,1,0,1,0,mpfair,0.0,0.0,0.0
2026-08-12 12:59:03,IA55_m-mistral-small-24b_sol1_gd0_rs0_bd1_str-mpfair_t00_n1,155,3,1,mistralai/Mistral-Small-24B-Instruct-2501,1,0,1,0,mpfair,0.0,0.0,0.0
2026-08-12 12:59:20,IA55_m-mistral-small-24b_sol1_gd0_rs0_bd1_str-mpfair_t00_n1,156,1,1,mistralai/Mistral-Small-24B-Instruct-2501,1,0,1,0,mpfair,0.0,10.5,0.0
2026-08-12 12:59:33,IA55_m-mistral-small-24b_sol1_gd0_rs0_bd1_str-mpfair_t00_n1,156,2,1,mistralai/Mistral-Small-24B-Instruct-2501,1,0,1,0,mpfair,0.0,0.0,0.0
2026-08-12 12:59:50,IA55_m-mistral-small-24b_sol1_gd0_rs0_bd1_str-mpfair_t00_n1,156,3,1,mistralai/Mistral-Small-24B-Instruct-2501,1,0,1,0,mpfair,0.0,0.0,0.0
2026-08-12 13:00:10,IA55_m-mistral-small-24b_sol1_gd0_rs0_bd1_str-mpfair_t00_n1,157,1,1,mistralai/Mistral-Small-24B-Instruct-2501,1,0,1,0,mpfair,0.0,10.0,0.0
2026-08-12 13:00:22,IA55_m-mistral-small-24b_sol1_gd0_rs0_bd1_str-mpfair_t00_n1,157,2,1,mistralai/Mistral-Small-24B-Instruct-2501,1,0,1,0,mpfair,0.0,0.0,0.0
2026-08-12 13:00:40,IA55_m-mistral-small-24b_sol1_gd0_rs0_bd1_str-mpfair_t00_n1,157,3,1,mistralai/Mistral-Small-24B-Instruct-2501,1,0,1,0,mpfair,0.0,0.0,0.0
2026-08-12 13:00:59,IA55_m-mistral-small-24b_sol1_gd0_rs0_bd1_str-mpfair_t00_n1,158,1,1,mistralai/Mistral-Small-24B-Instruct-2501,1,0,1,0,mpfair,0.0,0.0,0.0
2026-08-12 13:01:12,IA55_m-mistral-small-24b_sol1_gd0_rs0_bd1_str-mpfair_t00_n1,158,2,1,mistralai/Mistral-Small-24B-Instruct-2501,1,0,1,0,mpfair,0.0,0.0,0.0
2026-08-12 13:01:28,IA55_m-mistral-small-24b_sol1_gd0_rs0_bd1_str-mpfair_t00_n1,158,3,1,mistralai/Mistral-Small-24B-Instruct-2501,1,0,1,0,mpfair,0.0,0.0,0.0
2026-08-12 13:01:47,IA55_m-mistral-small-24b_sol1_gd0_rs0_bd1_str-mpfair_t00_n1,159,1,1,mistralai/Mistral-Small-24B-Instruct-2501,1,0,1,0,mpfair,0.0,10.5,0.0
2026-08-12 13:02:01,IA55_m-mistral-small-24b_sol1_gd0_rs0_bd1_str-mpfair_t00_n1,159,2,1,mistralai/Mistral-Small-24B-Instruct-2501,1,0,1,0,mpfair,0.0,0.0,0.0
2026-08-12 13:02:19,IA55_m-mistral-small-24b_sol1_gd0_rs0_bd1_str-mpfair_t00_n1,159,3,1,mistralai/Mistral-Small-24B-Instruct-2501,1,0,1,0,mpfair,0.0,10.0,0.0
2026-08-12 13:02:39,IA55_m-mistral-small-24b_sol1_gd0_rs0_bd1_str-mpfair_t00_n1,160,1,1,mistralai/Mistral-Small-24B-Instruct-2501,1,0,1,0,mpfair,0.0,10.0,0.0
2026-08-12 13:02:51,IA55_m-mistral-small-24b_sol1_gd0_rs0_bd1_str-mpfair_t00_n1,160,2,1,mistralai/Mistral-Small-24B-Instruct-2501,1,0,1,0,mpfair,0.0,0.0,0.0
2026-08-12 13:03:10,IA55_m-mistral-small-24b_sol1_gd0_rs0_bd1_str-mpfair_t00_n1,160,3,1,mistralai/Mistral-Small-24B-Instruct-2501,1,0,1,0,mpfair,0.0,10.5,0.0
2026-08-12 13:03:29,IA55_m-mistral-small-24b_sol1_gd0_rs0_bd1_str-mpfair_t00_n1,161,1,1,mistralai/Mistral-Small-24B-Instruct-2501,1,0,1,0,mpfair,0.0,10.0,0.0
2026-08-12 13:03:42,IA55_m-mistral-small-24b_sol1_gd0_rs0_bd1_str-mpfair_t00_n1,161,2,1,mistralai/Mistral-Small-24B-Instruct-2501,1,0,1,0,mpfair,0.0,0.0,0.0
2026-08-12 13:04:01,IA55_m-mistral-small-24b_sol1_gd0_rs0_bd1_str-mpfair_t00_n1,161,3,1,mistralai/Mistral-Small-24B-Instruct-2501,1,0,1,0,mpfair,0.0,0.0,0.0
2026-08-12 13:04:19,IA55_m-mistral-small-24b_sol1_gd0_rs0_bd1_str-mpfair_t00_n1,162,1,1,mistralai/Mistral-Small-24B-Instruct-2501,1,0,1,0,mpfair,0.0,15.5,0.0
2026-08-12 13:04:34,IA55_m-mistral-small-24b_sol1_gd0_rs0_bd1_str-mpfair_t00_n1,162,2,1,mistralai/Mistral-Small-24B-Instruct-2501,1,0,1,0,mpfair,0.0,10.0,3.0
2026-08-12 13:04:52,IA55_m-mistral-small-24b_sol1_gd0_rs0_bd1_str-mpfair_t00_n1,162,3,1,mistralai/Mistral-Small-24B-Instruct-2501,1,0,1,0,mpfair,0.0,16.5,0.0
2026-08-12 13:05:10,IA55_m-mistral-small-24b_sol1_gd0_rs0_bd1_str-mpfair_t00_n1,163,1,1,mistralai/Mistral-Small-24B-Instruct-2501,1,0,1,0,mpfair,0.0,0.0,0.0
2026-08-12 13:05:24,IA55_m-mistral-small-24b_sol1_gd0_rs0_bd1_str-mpfair_t00_n1,163,2,1,mistralai/Mistral-Small-24B-Instruct-2501,1,0,1,0,mpfair,0.0,10.0,0.0
2026-08-12 13:05:42,IA55_m-mistral-small-24b_sol1_gd0_rs0_bd1_str-mpfair_t00_n1,163,3,1,mistralai/Mistral-Small-24B-Instruct-2501,1,0,1,0,mpfair,0.0,10.5,0.0
2026-08-12 13:06:00,IA55_m-mistral-small-24b_sol1_gd0_rs0_bd1_str-mpfair_t00_n1,164,1,1,mistralai/Mistral-Small-24B-Instruct-2501,1,0,1,0,mpfair,0.0,10.5,0.0
2026-08-12 13:06:15,IA55_m-mistral-small-24b_sol1_gd0_rs0_bd1_str-mpfair_t00_n1,164,2,1,mistralai/Mistral-Small-24B-Instruct-2501,1,0,1,0,mpfair,0.0,10.0,0.0
2026-08-12 13:06:34,IA55_m-mistral-small-24b_sol1_gd0_rs0_bd1_str-mpfair_t00_n1,164,3,1,mistralai/Mistral-Small-24B-Instruct-2501,1,0,1,0,mpfair,0.0,10.0,0.0
2026-08-12 13:06:52,IA55_m-mistral-small-24b_sol1_gd0_rs0_bd1_str-mpfair_t00_n1,165,1,1,mistralai/Mistral-Small-24B-Instruct-2501,1,0,1,0,mpfair,0.0,10.5,0.0
2026-08-12 13:07:05,IA55_m-mistral-small-24b_sol1_gd0_rs0_bd1_str-mpfair_t00_n1,165,2,1,mistralai/Mistral-Small-24B-Instruct-2501,1,0,1,0,mpfair,0.0,0.0,0.0
2026-08-12 13:07:23,IA55_m-mistral-small-24b_sol1_gd0_rs0_bd1_str-mpfair_t00_n1,165,3,1,mistralai/Mistral-Small-24B-Instruct-2501,1,0,1,0,mpfair,0.0,10.5,0.0
2026-08-12 13:07:41,IA55_m-mistral-small-24b_sol1_gd0_rs0_bd1_str-mpfair_t00_n1,166,1,1,mistralai/Mistral-Small-24B-Instruct-2501,1,0,1,0,mpfair,0.0,10.5,0.0
2026-08-12 13:07:54,IA55_m-mistral-small-24b_sol1_gd0_rs0_bd1_str-mpfair_t00_n1,166,2,1,mistralai/Mistral-Small-24B-Instruct-2501,1,0,1,0,mpfair,0.0,0.0,0.0
2026-08-12 13:08:09,IA55_m-mistral-small-24b_sol1_gd0_rs0_bd1_str-mpfair_t00_n1,166,3,1,mistralai/Mistral-Small-24B-Instruct-2501,1,0,1,0,mpfair,0.0,10.5,0.0
2026-08-12 13:08:26,IA55_m-mistral-small-24b_sol1_gd0_rs0_bd1_str-mpfair_t00_n1,167,1,1,mistralai/Mistral-Small-24B-Instruct-2501,1,0,1,0,mpfair,0.0,10.5,0.0
2026-08-12 13:08:40,IA55_m-mistral-small-24b_sol1_gd0_rs0_bd1_str-mpfair_t00_n1,167,2,1,mistralai/Mistral-Small-24B-Instruct-2501,1,0,1,0,mpfair,0.0,0.0,0.0
2026-08-12 13:08:58,IA55_m-mistral-small-24b_sol1_gd0_rs0_bd1_str-mpfair_t00_n1,167,3,1,mistralai/Mistral-Small-24B-Instruct-2501,1,0,1,0,mpfair,0.0,0.0,0.0
2026-08-12 13:09:16,IA55_m-mistral-small-24b_sol1_gd0_rs0_bd1_str-mpfair_t00_n1,168,1,1,mistralai/Mistral-Small-24B-Instruct-2501,1,0,1,0,mpfair,0.0,18.5,0.0
2026-08-12 13:09:29,IA55_m-mistral-small-24b_sol1_gd0_rs0_bd1_str-mpfair_t00_n1,168,2,1,mistralai/Mistral-Small-24B-Instruct-2501,1,0,1,0,mpfair,0.0,10.0,0.0
2026-08-12 13:09:45,IA55_m-mistral-small-24b_sol1_gd0_rs0_bd1_str-mpfair_t00_n1,168,3,1,mistralai/Mistral-Small-24B-Instruct-2501,1,0,1,0,mpfair,0.0,12.5,0.0
2026-08-12 13:10:03,IA55_m-mistral-small-24b_sol1_gd0_rs0_bd1_str-mpfair_t00_n1,169,1,1,mistralai/Mistral-Small-24B-Instruct-2501,1,0,1,0,mpfair,0.0,0.0,0.0
2026-08-12 13:10:15,IA55_m-mistral-small-24b_sol1_gd0_rs0_bd1_str-mpfair_t00_n1,169,2,1,mistralai/Mistral-Small-24B-Instruct-2501,1,0,1,0,mpfair,0.0,0.0,0.0
2026-08-12 13:10:31,IA55_m-mistral-small-24b_sol1_gd0_rs0_bd1_str-mpfair_t00_n1,169,3,1,mistralai/Mistral-Small-24B-Instruct-2501,1,0,1,0,mpfair,0.0,0.0,0.0
2026-08-12 13:10:48,IA55_m-mistral-small-24b_sol1_gd0_rs0_bd1_str-mpfair_t00_n1,170,1,1,mistralai/Mistral-Small-24B-Instruct-2501,1,0,1,0,mpfair,0.0,10.5,0.0
2026-08-12 13:11:06,IA55_m-mistral-small-24b_sol1_gd0_rs0_bd1_str-mpfair_t00_n1,170,3,1,mistralai/Mistral-Small-24B-Instruct-2501,1,0,1,0,mpfair,0.0,10.5,0.0
2026-08-12 13:11:24,IA55_m-mistral-small-24b_sol1_gd0_rs0_bd1_str-mpfair_t00_n1,171,1,1,mistralai/Mistral-Small-24B-Instruct-2501,1,0,1,0,mpfair,0.0,10.5,0.0
2026-08-12 13:11:37,IA55_m-mistral-small-24b_sol1_gd0_rs0_bd1_str-mpfair_t00_n1,171,2,1,mistralai/Mistral-Small-24B-Instruct-2501,1,0,1,0,mpfair,0.0,0.0,0.0
2026-08-12 13:11:54,IA55_m-mistral-small-24b_sol1_gd0_rs0_bd1_str-mpfair_t00_n1,171,3,1,mistralai/Mistral-Small-24B-Instruct-2501,1,0,1,0,mpfair,0.0,0.0,0.0
2026-08-12 13:12:12,IA55_m-mistral-small-24b_sol1_gd0_rs0_bd1_str-mpfair_t00_n1,172,1,1,mistralai/Mistral-Small-24B-Instruct-2501,1,0,1,0,mpfair,0.0,10.5,0.0
2026-08-12 13:12:25,IA55_m-mistral-small-24b_sol1_gd0_rs0_bd1_str-mpfair_t00_n1,172,2,1,mistralai/Mistral-Small-24B-Instruct-2501,1,0,1,0,mpfair,0.0,0.0,0.0
2026-08-12 13:12:43,IA55_m-mistral-small-24b_sol1_gd0_rs0_bd1_str-mpfair_t00_n1,172,3,1,mistralai/Mistral-Small-24B-Instruct-2501,1,0,1,0,mpfair,0.0,0.0,0.0
2026-08-12 13:13:01,IA55_m-mistral-small-24b_sol1_gd0_rs0_bd1_str-mpfair_t00_n1,173,1,1,mistralai/Mistral-Small-24B-Instruct-2501,1,0,1,0,mpfair,0.0,10.0,0.0
2026-08-12 13:13:15,IA55_m-mistral-small-24b_sol1_gd0_rs0_bd1_str-mpfair_t00_n1,173,2,1,mistralai/Mistral-Small-24B-Instruct-2501,1,0,1,0,mpfair,0.0,0.0,0.0
2026-08-12 13:13:32,IA55_m-mistral-small-24b_sol1_gd0_rs0_bd1_str-mpfair_t00_n1,173,3,1,mistralai/Mistral-Small-24B-Instruct-2501,1,0,1,0,mpfair,0.0,10.5,0.0
2026-08-12 13:13:49,IA55_m-mistral-small-24b_sol1_gd0_rs0_bd1_str-mpfair_t00_n1,174,1,1,mistralai/Mistral-Small-24B-Instruct-2501,1,0,1,0,mpfair,0.0,10.0,0.0
2026-08-12 13:14:07,IA55_m-mistral-small-24b_sol1_gd0_rs0_bd1_str-mpfair_t00_n1,174,3,1,mistralai/Mistral-Small-24B-Instruct-2501,1,0,1,0,mpfair,0.0,0.0,0.0
2026-08-12 13:14:25,IA55_m-mistral-small-24b_sol1_gd0_rs0_bd1_str-mpfair_t00_n1,175,1,1,mistralai/Mistral-Small-24B-Instruct-2501,1,0,1,0,mpfair,0.0,13.5,0.0
2026-08-12 13:14:39,IA55_m-mistral-small-24b_sol1_gd0_rs0_bd1_str-mpfair_t00_n1,175,2,1,mistralai/Mistral-Small-24B-Instruct-2501,1,0,1,0,mpfair,0.0,0.0,0.0
2026-08-12 13:14:59,IA55_m-mistral-small-24b_sol1_gd0_rs0_bd1_str-mpfair_t00_n1,175,3,1,mistralai/Mistral-Small-24B-Instruct-2501,1,0,1,0,mpfair,0.0,10.0,0.0
2026-08-12 13:15:17,IA55_m-mistral-small-24b_sol1_gd0_rs0_bd1_str-mpfair_t00_n1,176,1,1,mistralai/Mistral-Small-24B-Instruct-2501,1,0,1,0,mpfair,0.0,14.5,0.0
2026-08-12 13:15:30,IA55_m-mistral-small-24b_sol1_gd0_rs0_bd1_str-mpfair_t00_n1,176,2,1,mistralai/Mistral-Small-24B-Instruct-2501,1,0,1,0,mpfair,0.0,0.0,0.0
2026-08-12 13:15:49,IA55_m-mistral-small-24b_sol1_gd0_rs0_bd1_str-mpfair_t00_n1,176,3,1,mistralai/Mistral-Small-24B-Instruct-2501,1,0,1,0,mpfair,0.0,10.5,0.0
2026-08-12 13:16:09,IA55_m-mistral-small-24b_sol1_gd0_rs0_bd1_str-mpfair_t00_n1,177,1,1,mistralai/Mistral-Small-24B-Instruct-2501,1,0,1,0,mpfair,0.0,12.0,0.0
2026-08-12 13:16:22,IA55_m-mistral-small-24b_sol1_gd0_rs0_bd1_str-mpfair_t00_n1,177,2,1,mistralai/Mistral-Small-24B-Instruct-2501,1,0,1,0,mpfair,0.0,0.0,0.0
2026-08-12 13:16:37,IA55_m-mistral-small-24b_sol1_gd0_rs0_bd1_str-mpfair_t00_n1,177,3,1,mistralai/Mistral-Small-24B-Instruct-2501,1,0,1,0,mpfair,0.0,0.0,0.0
2026-08-12 13:16:56,IA55_m-mistral-small-24b_sol1_gd0_rs0_bd1_str-mpfair_t00_n1,178,1,1,mistralai/Mistral-Small-24B-Instruct-2501,1,0,1,0,mpfair,0.0,12.5,0.0
2026-08-12 13:17:09,IA55_m-mistral-small-24b_sol1_gd0_rs0_bd1_str-mpfair_t00_n1,178,2,1,mistralai/Mistral-Small-24B-Instruct-2501,1,0,1,0,mpfair,0.0,0.0,0.0
2026-08-12 13:17:26,IA55_m-mistral-small-24b_sol1_gd0_rs0_bd1_str-mpfair_t00_n1,178,3,1,mistralai/Mistral-Small-24B-Instruct-2501,1,0,1,0,mpfair,0.0,0.0,0.0
2026-08-12 13:17:44,IA55_m-mistral-small-24b_sol1_gd0_rs0_bd1_str-mpfair_t00_n1,179,1,1,mistralai/Mistral-Small-24B-Instruct-2501,1,0,1,0,mpfair,0.0,0.0,0.0
2026-08-12 13:17:57,IA55_m-mistral-small-24b_sol1_gd0_rs0_bd1_str-mpfair_t00_n1,179,2,1,mistralai/Mistral-Small-24B-Instruct-2501,1,0,1,0,mpfair,0.0,0.0,0.0
2026-08-12 13:18:13,IA55_m-mistral-small-24b_sol1_gd0_rs0_bd1_str-mpfair_t00_n1,179,3,1,mistralai/Mistral-Small-24B-Instruct-2501,1,0,1,0,mpfair,0.0,0.0,0.0
2026-08-12 13:18:30,IA55_m-mistral-small-24b_sol1_gd0_rs0_bd1_str-mpfair_t00_n1,180,1,1,mistralai/Mistral-Small-24B-Instruct-2501,1,0,1,0,mpfair,0.0,10.5,0.0
2026-08-12 13:18:47,IA55_m-mistral-small-24b_sol1_gd0_rs0_bd1_str-mpfair_t00_n1,180,3,1,mistralai/Mistral-Small-24B-Instruct-2501,1,0,1,0,mpfair,0.0,0.0,0.0
2026-08-12 13:19:04,IA55_m-mistral-small-24b_sol1_gd0_rs0_bd1_str-mpfair_t00_n1,181,1,1,mistralai/Mistral-Small-24B-Instruct-2501,1,0,1,0,mpfair,0.0,10.5,0.0
2026-08-12 13:19:18,IA55_m-mistral-small-24b_sol1_gd0_rs0_bd1_str-mpfair_t00_n1,181,2,1,mistralai/Mistral-Small-24B-Instruct-2501,1,0,1,0,mpfair,0.0,10.0,0.0
2026-08-12 13:19:37,IA55_m-mistral-small-24b_sol1_gd0_rs0_bd1_str-mpfair_t00_n1,181,3,1,mistralai/Mistral-Small-24B-Instruct-2501,1,0,1,0,mpfair,0.0,0.0,0.0
2026-08-12 13:19:56,IA55_m-mistral-small-24b_sol1_gd0_rs0_bd1_str-mpfair_t00_n1,182,1,1,mistralai/Mistral-Small-24B-Instruct-2501,1,0,1,0,mpfair,0.0,12.5,0.0
2026-08-12 13:20:10,IA55_m-mistral-small-24b_sol1_gd0_rs0_bd1_str-mpfair_t00_n1,182,2,1,mistralai/Mistral-Small-24B-Instruct-2501,1,0,1,0,mpfair,0.0,10.0,0.0
2026-08-12 13:20:29,IA55_m-mistral-small-24b_sol1_gd0_rs0_bd1_str-mpfair_t00_n1,182,3,1,mistralai/Mistral-Small-24B-Instruct-2501,1,0,1,0,mpfair,0.0,12.5,0.0
2026-08-12 13:20:48,IA55_m-mistral-small-24b_sol1_gd0_rs0_bd1_str-mpfair_t00_n1,183,1,1,mistralai/Mistral-Small-24B-Instruct-2501,1,0,1,0,mpfair,0.0,14.5,0.0
2026-08-12 13:21:01,IA55_m-mistral-small-24b_sol1_gd0_rs0_bd1_str-mpfair_t00_n1,183,2,1,mistralai/Mistral-Small-24B-Instruct-2501,1,0,1,0,mpfair,0.0,0.0,0.0
2026-08-12 13:21:19,IA55_m-mistral-small-24b_sol1_gd0_rs0_bd1_str-mpfair_t00_n1,183,3,1,mistralai/Mistral-Small-24B-Instruct-2501,1,0,1,0,mpfair,0.0,10.5,0.0
2026-08-12 13:21:37,IA55_m-mistral-small-24b_sol1_gd0_rs0_bd1_str-mpfair_t00_n1,184,1,1,mistralai/Mistral-Small-24B-Instruct-2501,1,0,1,0,mpfair,0.0,19.5,3.0
2026-08-12 13:21:50,IA55_m-mistral-small-24b_sol1_gd0_rs0_bd1_str-mpfair_t00_n1,184,2,1,mistralai/Mistral-Small-24B-Instruct-2501,1,0,1,0,mpfair,0.0,14.0,3.0
2026-08-12 13:22:08,IA55_m-mistral-small-24b_sol1_gd0_rs0_bd1_str-mpfair_t00_n1,184,3,1,mistralai/Mistral-Small-24B-Instruct-2501,1,0,1,0,mpfair,0.0,14.0,0.0
2026-08-12 13:22:28,IA55_m-mistral-small-24b_sol1_gd0_rs0_bd1_str-mpfair_t00_n1,185,1,1,mistralai/Mistral-Small-24B-Instruct-2501,1,0,1,0,mpfair,0.0,18.0,0.0
2026-08-12 13:22:41,IA55_m-mistral-small-24b_sol1_gd0_rs0_bd1_str-mpfair_t00_n1,185,2,1,mistralai/Mistral-Small-24B-Instruct-2501,1,0,1,0,mpfair,0.0,0.0,0.0
2026-08-12 13:22:59,IA55_m-mistral-small-24b_sol1_gd0_rs0_bd1_str-mpfair_t00_n1,185,3,1,mistralai/Mistral-Small-24B-Instruct-2501,1,0,1,0,mpfair,0.0,10.5,0.0
2026-08-12 13:23:16,IA55_m-mistral-small-24b_sol1_gd0_rs0_bd1_str-mpfair_t00_n1,186,1,1,mistralai/Mistral-Small-24B-Instruct-2501,1,0,1,0,mpfair,0.0,10.5,0.0
2026-08-12 13:23:28,IA55_m-mistral-small-24b_sol1_gd0_rs0_bd1_str-mpfair_t00_n1,186,2,1,mistralai/Mistral-Small-24B-Instruct-2501,1,0,1,0,mpfair,0.0,0.0,0.0
2026-08-12 13:23:46,IA55_m-mistral-small-24b_sol1_gd0_rs0_bd1_str-mpfair_t00_n1,186,3,1,mistralai/Mistral-Small-24B-Instruct-2501,1,0,1,0,mpfair,0.0,10.5,0.0
2026-08-12 13:24:04,IA55_m-mistral-small-24b_sol1_gd0_rs0_bd1_str-mpfair_t00_n1,187,1,1,mistralai/Mistral-Small-24B-Instruct-2501,1,0,1,0,mpfair,0.0,19.0,3.0
2026-08-12 13:24:19,IA55_m-mistral-small-24b_sol1_gd0_rs0_bd1_str-mpfair_t00_n1,187,2,1,mistralai/Mistral-Small-24B-Instruct-2501,1,0,1,0,mpfair,0.0,10.0,0.0
2026-08-12 13:24:37,IA55_m-mistral-small-24b_sol1_gd0_rs0_bd1_str-mpfair_t00_n1,187,3,1,mistralai/Mistral-Small-24B-Instruct-2501,1,0,1,0,mpfair,0.0,16.0,0.0
2026-08-12 13:24:58,IA55_m-mistral-small-24b_sol1_gd0_rs0_bd1_str-mpfair_t00_n1,188,1,1,mistralai/Mistral-Small-24B-Instruct-2501,1,0,1,0,mpfair,0.0,0.0,0.0
2026-08-12 13:25:11,IA55_m-mistral-small-24b_sol1_gd0_rs0_bd1_str-mpfair_t00_n1,188,2,1,mistralai/Mistral-Small-24B-Instruct-2501,1,0,1,0,mpfair,0.0,0.0,0.0
2026-08-12 13:25:30,IA55_m-mistral-small-24b_sol1_gd0_rs0_bd1_str-mpfair_t00_n1,189,1,1,mistralai/Mistral-Small-24B-Instruct-2501,1,0,1,0,mpfair,0.0,13.5,0.0
2026-08-12 13:25:43,IA55_m-mistral-small-24b_sol1_gd0_rs0_bd1_str-mpfair_t00_n1,189,2,1,mistralai/Mistral-Small-24B-Instruct-2501,1,0,1,0,mpfair,0.0,10.0,3.0
2026-08-12 13:26:00,IA55_m-mistral-small-24b_sol1_gd0_rs0_bd1_str-mpfair_t00_n1,189,3,1,mistralai/Mistral-Small-24B-Instruct-2501,1,0,1,0,mpfair,0.0,10.5,0.0
2026-08-12 13:26:18,IA55_m-mistral-small-24b_sol1_gd0_rs0_bd1_str-mpfair_t00_n1,190,1,1,mistralai/Mistral-Small-24B-Instruct-2501,1,0,1,0,mpfair,0.0,15.5,0.0
2026-08-12 13:26:33,IA55_m-mistral-small-24b_sol1_gd0_rs0_bd1_str-mpfair_t00_n1,190,2,1,mistralai/Mistral-Small-24B-Instruct-2501,1,0,1,0,mpfair,0.0,10.0,0.0
2026-08-12 13:26:50,IA55_m-mistral-small-24b_sol1_gd0_rs0_bd1_str-mpfair_t00_n1,190,3,1,mistralai/Mistral-Small-24B-Instruct-2501,1,0,1,0,mpfair,0.0,10.5,0.0
2026-08-12 13:27:08,IA55_m-mistral-small-24b_sol1_gd0_rs0_bd1_str-mpfair_t00_n1,191,1,1,mistralai/Mistral-Small-24B-Instruct-2501,1,0,1,0,mpfair,0.0,10.0,0.0
2026-08-12 13:27:22,IA55_m-mistral-small-24b_sol1_gd0_rs0_bd1_str-mpfair_t00_n1,191,2,1,mistralai/Mistral-Small-24B-Instruct-2501,1,0,1,0,mpfair,0.0,0.0,0.0
2026-08-12 13:27:41,IA55_m-mistral-small-24b_sol1_gd0_rs0_bd1_str-mpfair_t00_n1,191,3,1,mistralai/Mistral-Small-24B-Instruct-2501,1,0,1,0,mpfair,0.0,10.5,0.0
2026-08-12 13:28:00,IA55_m-mistral-small-24b_sol1_gd0_rs0_bd1_str-mpfair_t00_n1,192,1,1,mistralai/Mistral-Small-24B-Instruct-2501,1,0,1,0,mpfair,0.0,10.0,0.0
2026-08-12 13:28:13,IA55_m-mistral-small-24b_sol1_gd0_rs0_bd1_str-mpfair_t00_n1,192,2,1,mistralai/Mistral-Small-24B-Instruct-2501,1,0,1,0,mpfair,0.0,0.0,0.0
2026-08-12 13:28:31,IA55_m-mistral-small-24b_sol1_gd0_rs0_bd1_str-mpfair_t00_n1,192,3,1,mistralai/Mistral-Small-24B-Instruct-2501,1,0,1,0,mpfair,0.0,10.5,0.0
2026-08-12 13:28:48,IA55_m-mistral-small-24b_sol1_gd0_rs0_bd1_str-mpfair_t00_n1,193,1,1,mistralai/Mistral-Small-24B-Instruct-2501,1,0,1,0,mpfair,0.0,0.0,0.0
2026-08-12 13:29:01,IA55_m-mistral-small-24b_sol1_gd0_rs0_bd1_str-mpfair_t00_n1,193,2,1,mistralai/Mistral-Small-24B-Instruct-2501,1,0,1,0,mpfair,0.0,0.0,0.0
2026-08-12 13:29:19,IA55_m-mistral-small-24b_sol1_gd0_rs0_bd1_str-mpfair_t00_n1,193,3,1,mistralai/Mistral-Small-24B-Instruct-2501,1,0,1,0,mpfair,0.0,10.5,0.0
2026-08-12 13:29:40,IA55_m-mistral-small-24b_sol1_gd0_rs0_bd1_str-mpfair_t00_n1,194,1,1,mistralai/Mistral-Small-24B-Instruct-2501,1,0,1,0,mpfair,0.0,10.0,0.0
2026-08-12 13:29:53,IA55_m-mistral-small-24b_sol1_gd0_rs0_bd1_str-mpfair_t00_n1,194,2,1,mistralai/Mistral-Small-24B-Instruct-2501,1,0,1,0,mpfair,0.0,0.0,0.0
2026-08-12 13:30:09,IA55_m-mistral-small-24b_sol1_gd0_rs0_bd1_str-mpfair_t00_n1,194,3,1,mistralai/Mistral-Small-24B-Instruct-2501,1,0,1,0,mpfair,0.0,0.0,0.0
2026-08-12 13:30:27,IA55_m-mistral-small-24b_sol1_gd0_rs0_bd1_str-mpfair_t00_n1,195,1,1,mistralai/Mistral-Small-24B-Instruct-2501,1,0,1,0,mpfair,0.0,10.0,0.0
2026-08-12 13:30:42,IA55_m-mistral-small-24b_sol1_gd0_rs0_bd1_str-mpfair_t00_n1,195,2,1,mistralai/Mistral-Small-24B-Instruct-2501,1,0,1,0,mpfair,0.0,0.0,0.0
2026-08-12 13:31:00,IA55_m-mistral-small-24b_sol1_gd0_rs0_bd1_str-mpfair_t00_n1,195,3,1,mistralai/Mistral-Small-24B-Instruct-2501,1,0,1,0,mpfair,0.0,0.0,0.0
2026-08-12 13:31:17,IA55_m-mistral-small-24b_sol1_gd0_rs0_bd1_str-mpfair_t00_n1,196,1,1,mistralai/Mistral-Small-24B-Instruct-2501,1,0,1,0,mpfair,0.0,19.5,3.0
2026-08-12 13:31:30,IA55_m-mistral-small-24b_sol1_gd0_rs0_bd1_str-mpfair_t00_n1,196,2,1,mistralai/Mistral-Small-24B-Instruct-2501,1,0,1,0,mpfair,0.0,14.0,3.0
2026-08-12 13:31:47,IA55_m-mistral-small-24b_sol1_gd0_rs0_bd1_str-mpfair_t00_n1,196,3,1,mistralai/Mistral-Small-24B-Instruct-2501,1,0,1,0,mpfair,0.0,18.0,0.0
2026-08-12 13:32:04,IA55_m-mistral-small-24b_sol1_gd0_rs0_bd1_str-mpfair_t00_n1,197,1,1,mistralai/Mistral-Small-24B-Instruct-2501,1,0,1,0,mpfair,0.0,10.5,0.0
2026-08-12 13:32:18,IA55_m-mistral-small-24b_sol1_gd0_rs0_bd1_str-mpfair_t00_n1,197,2,1,mistralai/Mistral-Small-24B-Instruct-2501,1,0,1,0,mpfair,0.0,10.0,0.0
2026-08-12 13:32:36,IA55_m-mistral-small-24b_sol1_gd0_rs0_bd1_str-mpfair_t00_n1,197,3,1,mistralai/Mistral-Small-24B-Instruct-2501,1,0,1,0,mpfair,0.0,10.5,0.0
2026-08-12 13:32:53,IA55_m-mistral-small-24b_sol1_gd0_rs0_bd1_str-mpfair_t00_n1,198,1,1,mistralai/Mistral-Small-24B-Instruct-2501,1,0,1,0,mpfair,0.0,10.5,0.0
2026-08-12 13:33:05,IA55_m-mistral-small-24b_sol1_gd0_rs0_bd1_str-mpfair_t00_n1,198,2,1,mistralai/Mistral-Small-24B-Instruct-2501,1,0,1,0,mpfair,0.0,0.0,0.0
2026-08-12 13:33:25,IA55_m-mistral-small-24b_sol1_gd0_rs0_bd1_str-mpfair_t00_n1,198,3,1,mistralai/Mistral-Small-24B-Instruct-2501,1,0,1,0,mpfair,0.0,10.0,0.0
2026-08-12 13:33:42,IA55_m-mistral-small-24b_sol1_gd0_rs0_bd1_str-mpfair_t00_n1,199,1,1,mistralai/Mistral-Small-24B-Instruct-2501,1,0,1,0,mpfair,0.0,10.5,0.0
2026-08-12 13:33:54,IA55_m-mistral-small-24b_sol1_gd0_rs0_bd1_str-mpfair_t00_n1,199,2,1,mistralai/Mistral-Small-24B-Instruct-2501,1,0,1,0,mpfair,0.0,0.0,0.0
2026-08-12 13:34:12,IA55_m-mistral-small-24b_sol1_gd0_rs0_bd1_str-mpfair_t00_n1,199,3,1,mistralai/Mistral-Small-24B-Instruct-2501,1,0,1,0,mpfair,0.0,0.0,0.0
2026-08-12 13:34:29,IA55_m-mistral-small-24b_sol1_gd0_rs0_bd1_str-mpfair_t00_n1,200,1,1,mistralai/Mistral-Small-24B-Instruct-2501,1,0,1,0,mpfair,0.0,13.5,0.0
2026-08-12 13:34:43,IA55_m-mistral-small-24b_sol1_gd0_rs0_bd1_str-mpfair_t00_n1,200,2,1,mistralai/Mistral-Small-24B-Instruct-2501,1,0,1,0,mpfair,0.0,0.0,0.0
2026-08-12 13:35:00,IA55_m-mistral-small-24b_sol1_gd0_rs0_bd1_str-mpfair_t00_n1,200,3,1,mistralai/Mistral-Small-24B-Instruct-2501,1,0,1,0,mpfair,0.0,10.5,0.0
2026-08-12 13:35:18,IA55_m-mistral-small-24b_sol1_gd0_rs0_bd1_str-mpfair_t00_n1,201,1,1,mistralai/Mistral-Small-24B-Instruct-2501,1,0,1,0,mpfair,0.0,10.5,0.0
2026-08-12 13:35:31,IA55_m-mistral-small-24b_sol1_gd0_rs0_bd1_str-mpfair_t00_n1,201,2,1,mistralai/Mistral-Small-24B-Instruct-2501,1,0,1,0,mpfair,0.0,0.0,0.0
2026-08-12 13:35:50,IA55_m-mistral-small-24b_sol1_gd0_rs0_bd1_str-mpfair_t00_n1,201,3,1,mistralai/Mistral-Small-24B-Instruct-2501,1,0,1,0,mpfair,0.0,10.5,0.0
2026-08-12 13:36:07,IA55_m-mistral-small-24b_sol1_gd0_rs0_bd1_str-mpfair_t00_n1,202,1,1,mistralai/Mistral-Small-24B-Instruct-2501,1,0,1,0,mpfair,0.0,10.5,0.0
2026-08-12 13:36:18,IA55_m-mistral-small-24b_sol1_gd0_rs0_bd1_str-mpfair_t00_n1,202,2,1,mistralai/Mistral-Small-24B-Instruct-2501,1,0,1,0,mpfair,0.0,0.0,0.0
2026-08-12 13:36:35,IA55_m-mistral-small-24b_sol1_gd0_rs0_bd1_str-mpfair_t00_n1,203,1,1,mistralai/Mistral-Small-24B-Instruct-2501,1,0,1,0,mpfair,0.0,10.5,0.0
2026-08-12 13:36:49,IA55_m-mistral-small-24b_sol1_gd0_rs0_bd1_str-mpfair_t00_n1,203,2,1,mistralai/Mistral-Small-24B-Instruct-2501,1,0,1,0,mpfair,0.0,0.0,0.0
2026-08-12 13:37:09,IA55_m-mistral-small-24b_sol1_gd0_rs0_bd1_str-mpfair_t00_n1,203,3,1,mistralai/Mistral-Small-24B-Instruct-2501,1,0,1,0,mpfair,0.0,10.0,0.0
2026-08-12 13:37:27,IA55_m-mistral-small-24b_sol1_gd0_rs0_bd1_str-mpfair_t00_n1,204,1,1,mistralai/Mistral-Small-24B-Instruct-2501,1,0,1,0,mpfair,0.0,10.0,0.0
2026-08-12 13:37:41,IA55_m-mistral-small-24b_sol1_gd0_rs0_bd1_str-mpfair_t00_n1,204,2,1,mistralai/Mistral-Small-24B-Instruct-2501,1,0,1,0,mpfair,0.0,0.0,0.0
2026-08-12 13:37:58,IA55_m-mistral-small-24b_sol1_gd0_rs0_bd1_str-mpfair_t00_n1,204,3,1,mistralai/Mistral-Small-24B-Instruct-2501,1,0,1,0,mpfair,0.0,10.0,0.0
2026-08-12 13:38:17,IA55_m-mistral-small-24b_sol1_gd0_rs0_bd1_str-mpfair_t00_n1,205,1,1,mistralai/Mistral-Small-24B-Instruct-2501,1,0,1,0,mpfair,0.0,10.0,0.0
2026-08-12 13:38:32,IA55_m-mistral-small-24b_sol1_gd0_rs0_bd1_str-mpfair_t00_n1,205,2,1,mistralai/Mistral-Small-24B-Instruct-2501,1,0,1,0,mpfair,0.0,0.0,0.0
2026-08-12 13:38:51,IA55_m-mistral-small-24b_sol1_gd0_rs0_bd1_str-mpfair_t00_n1,205,3,1,mistralai/Mistral-Small-24B-Instruct-2501,1,0,1,0,mpfair,0.0,10.0,0.0
2026-08-12 13:39:08,IA55_m-mistral-small-24b_sol1_gd0_rs0_bd1_str-mpfair_t00_n1,206,1,1,mistralai/Mistral-Small-24B-Instruct-2501,1,0,1,0,mpfair,0.0,18.0,0.0
2026-08-12 13:39:22,IA55_m-mistral-small-24b_sol1_gd0_rs0_bd1_str-mpfair_t00_n1,206,2,1,mistralai/Mistral-Small-24B-Instruct-2501,1,0,1,0,mpfair,0.0,10.0,0.0
2026-08-12 13:39:40,IA55_m-mistral-small-24b_sol1_gd0_rs0_bd1_str-mpfair_t00_n1,206,3,1,mistralai/Mistral-Small-24B-Instruct-2501,1,0,1,0,mpfair,0.0,12.5,0.0
2026-08-12 13:39:55,IA55_m-mistral-small-24b_sol1_gd0_rs0_bd1_str-mpfair_t00_n1,207,1,1,mistralai/Mistral-Small-24B-Instruct-2501,1,0,1,0,mpfair,0.0,0.0,0.0
2026-08-12 13:40:06,IA55_m-mistral-small-24b_sol1_gd0_rs0_bd1_str-mpfair_t00_n1,207,2,1,mistralai/Mistral-Small-24B-Instruct-2501,1,0,1,0,mpfair,0.0,0.0,0.0
2026-08-12 13:40:22,IA55_m-mistral-small-24b_sol1_gd0_rs0_bd1_str-mpfair_t00_n1,207,3,1,mistralai/Mistral-Small-24B-Instruct-2501,1,0,1,0,mpfair,0.0,0.0,0.0
2026-08-12 13:40:38,IA55_m-mistral-small-24b_sol1_gd0_rs0_bd1_str-mpfair_t00_n1,208,1,1,mistralai/Mistral-Small-24B-Instruct-2501,1,0,1,0,mpfair,0.0,10.5,0.0
2026-08-12 13:40:51,IA55_m-mistral-small-24b_sol1_gd0_rs0_bd1_str-mpfair_t00_n1,208,2,1,mistralai/Mistral-Small-24B-Instruct-2501,1,0,1,0,mpfair,0.0,0.0,0.0
2026-08-12 13:41:10,IA55_m-mistral-small-24b_sol1_gd0_rs0_bd1_str-mpfair_t00_n1,208,3,1,mistralai/Mistral-Small-24B-Instruct-2501,1,0,1,0,mpfair,0.0,10.5,0.0
2026-08-12 13:41:29,IA55_m-mistral-small-24b_sol1_gd0_rs0_bd1_str-mpfair_t00_n1,209,1,1,mistralai/Mistral-Small-24B-Instruct-2501,1,0,1,0,mpfair,0.0,19.0,3.0
2026-08-12 13:41:42,IA55_m-mistral-small-24b_sol1_gd0_rs0_bd1_str-mpfair_t00_n1,209,2,1,mistralai/Mistral-Small-24B-Instruct-2501,1,0,1,0,mpfair,0.0,14.0,3.0
2026-08-12 13:42:00,IA55_m-mistral-small-24b_sol1_gd0_rs0_bd1_str-mpfair_t00_n1,209,3,1,mistralai/Mistral-Small-24B-Instruct-2501,1,0,1,0,mpfair,0.0,12.5,0.0
2026-08-12 13:42:18,IA55_m-mistral-small-24b_sol1_gd0_rs0_bd1_str-mpfair_t00_n1,210,1,1,mistralai/Mistral-Small-24B-Instruct-2501,1,0,1,0,mpfair,0.0,18.0,0.0
2026-08-12 13:42:31,IA55_m-mistral-small-24b_sol1_gd0_rs0_bd1_str-mpfair_t00_n1,210,2,1,mistralai/Mistral-Small-24B-Instruct-2501,1,0,1,0,mpfair,0.0,10.0,0.0
2026-08-12 13:42:49,IA55_m-mistral-small-24b_sol1_gd0_rs0_bd1_str-mpfair_t00_n1,210,3,1,mistralai/Mistral-Small-24B-Instruct-2501,1,0,1,0,mpfair,0.0,10.5,0.0
2026-08-12 13:43:07,IA55_m-mistral-small-24b_sol1_gd0_rs0_bd1_str-mpfair_t00_n1,211,1,1,mistralai/Mistral-Small-24B-Instruct-2501,1,0,1,0,mpfair,0.0,10.5,0.0
2026-08-12 13:43:20,IA55_m-mistral-small-24b_sol1_gd0_rs0_bd1_str-mpfair_t00_n1,211,2,1,mistralai/Mistral-Small-24B-Instruct-2501,1,0,1,0,mpfair,0.0,0.0,0.0
2026-08-12 13:43:38,IA55_m-mistral-small-24b_sol1_gd0_rs0_bd1_str-mpfair_t00_n1,211,3,1,mistralai/Mistral-Small-24B-Instruct-2501,1,0,1,0,mpfair,0.0,10.5,0.0
2026-08-12 13:43:56,IA55_m-mistral-small-24b_sol1_gd0_rs0_bd1_str-mpfair_t00_n1,212,1,1,mistralai/Mistral-Small-24B-Instruct-2501,1,0,1,0,mpfair,0.0,10.0,0.0
2026-08-12 13:44:10,IA55_m-mistral-small-24b_sol1_gd0_rs0_bd1_str-mpfair_t00_n1,212,2,1,mistralai/Mistral-Small-24B-Instruct-2501,1,0,1,0,mpfair,0.0,0.0,0.0
2026-08-12 13:44:27,IA55_m-mistral-small-24b_sol1_gd0_rs0_bd1_str-mpfair_t00_n1,212,3,1,mistralai/Mistral-Small-24B-Instruct-2501,1,0,1,0,mpfair,0.0,0.0,0.0
2026-08-12 13:44:45,IA55_m-mistral-small-24b_sol1_gd0_rs0_bd1_str-mpfair_t00_n1,213,1,1,mistralai/Mistral-Small-24B-Instruct-2501,1,0,1,0,mpfair,0.0,12.5,0.0
2026-08-12 13:45:00,IA55_m-mistral-small-24b_sol1_gd0_rs0_bd1_str-mpfair_t00_n1,213,2,1,mistralai/Mistral-Small-24B-Instruct-2501,1,0,1,0,mpfair,0.0,10.0,0.0
2026-08-12 13:45:18,IA55_m-mistral-small-24b_sol1_gd0_rs0_bd1_str-mpfair_t00_n1,213,3,1,mistralai/Mistral-Small-24B-Instruct-2501,1,0,1,0,mpfair,0.0,0.0,0.0
2026-08-12 13:45:35,IA55_m-mistral-small-24b_sol1_gd0_rs0_bd1_str-mpfair_t00_n1,214,1,1,mistralai/Mistral-Small-24B-Instruct-2501,1,0,1,0,mpfair,0.0,10.5,0.0
2026-08-12 13:45:47,IA55_m-mistral-small-24b_sol1_gd0_rs0_bd1_str-mpfair_t00_n1,214,2,1,mistralai/Mistral-Small-24B-Instruct-2501,1,0,1,0,mpfair,0.0,0.0,0.0
2026-08-12 13:46:03,IA55_m-mistral-small-24b_sol1_gd0_rs0_bd1_str-mpfair_t00_n1,214,3,1,mistralai/Mistral-Small-24B-Instruct-2501,1,0,1,0,mpfair,0.0,0.0,0.0
2026-08-12 13:46:21,IA55_m-mistral-small-24b_sol1_gd0_rs0_bd1_str-mpfair_t00_n1,215,1,1,mistralai/Mistral-Small-24B-Instruct-2501,1,0,1,0,mpfair,0.0,15.5,0.0
2026-08-12 13:46:35,IA55_m-mistral-small-24b_sol1_gd0_rs0_bd1_str-mpfair_t00_n1,215,2,1,mistralai/Mistral-Small-24B-Instruct-2501,1,0,1,0,mpfair,0.0,10.0,0.0
2026-08-12 13:46:51,IA55_m-mistral-small-24b_sol1_gd0_rs0_bd1_str-mpfair_t00_n1,215,3,1,mistralai/Mistral-Small-24B-Instruct-2501,1,0,1,0,mpfair,0.0,12.5,0.0
2026-08-12 13:47:09,IA55_m-mistral-small-24b_sol1_gd0_rs0_bd1_str-mpfair_t00_n1,216,1,1,mistralai/Mistral-Small-24B-Instruct-2501,1,0,1,0,mpfair,0.0,18.5,0.0
2026-08-12 13:47:23,IA55_m-mistral-small-24b_sol1_gd0_rs0_bd1_str-mpfair_t00_n1,216,2,1,mistralai/Mistral-Small-24B-Instruct-2501,1,0,1,0,mpfair,0.0,10.0,0.0
2026-08-12 13:47:42,IA55_m-mistral-small-24b_sol1_gd0_rs0_bd1_str-mpfair_t00_n1,216,3,1,mistralai/Mistral-Small-24B-Instruct-2501,1,0,1,0,mpfair,0.0,14.0,0.0
2026-08-12 13:47:59,IA55_m-mistral-small-24b_sol1_gd0_rs0_bd1_str-mpfair_t00_n1,217,1,1,mistralai/Mistral-Small-24B-Instruct-2501,1,0,1,0,mpfair,0.0,12.5,0.0
2026-08-12 13:48:14,IA55_m-mistral-small-24b_sol1_gd0_rs0_bd1_str-mpfair_t00_n1,217,2,1,mistralai/Mistral-Small-24B-Instruct-2501,1,0,1,0,mpfair,0.0,10.0,0.0
2026-08-12 13:48:32,IA55_m-mistral-small-24b_sol1_gd0_rs0_bd1_str-mpfair_t00_n1,217,3,1,mistralai/Mistral-Small-24B-Instruct-2501,1,0,1,0,mpfair,0.0,0.0,0.0
2026-08-12 13:48:50,IA55_m-mistral-small-24b_sol1_gd0_rs0_bd1_str-mpfair_t00_n1,218,1,1,mistralai/Mistral-Small-24B-Instruct-2501,1,0,1,0,mpfair,0.0,10.0,0.0
2026-08-12 13:49:04,IA55_m-mistral-small-24b_sol1_gd0_rs0_bd1_str-mpfair_t00_n1,218,2,1,mistralai/Mistral-Small-24B-Instruct-2501,1,0,1,0,mpfair,0.0,0.0,0.0
2026-08-12 13:49:23,IA55_m-mistral-small-24b_sol1_gd0_rs0_bd1_str-mpfair_t00_n1,218,3,1,mistralai/Mistral-Small-24B-Instruct-2501,1,0,1,0,mpfair,0.0,0.0,0.0
2026-08-12 13:49:40,IA55_m-mistral-small-24b_sol1_gd0_rs0_bd1_str-mpfair_t00_n1,219,1,1,mistralai/Mistral-Small-24B-Instruct-2501,1,0,1,0,mpfair,0.0,18.0,3.0
2026-08-12 13:49:53,IA55_m-mistral-small-24b_sol1_gd0_rs0_bd1_str-mpfair_t00_n1,219,2,1,mistralai/Mistral-Small-24B-Instruct-2501,1,0,1,0,mpfair,0.0,10.0,3.0
2026-08-12 13:50:12,IA55_m-mistral-small-24b_sol1_gd0_rs0_bd1_str-mpfair_t00_n1,219,3,1,mistralai/Mistral-Small-24B-Instruct-2501,1,0,1,0,mpfair,0.0,10.5,0.0
2026-08-12 13:50:31,IA55_m-mistral-small-24b_sol1_gd0_rs0_bd1_str-mpfair_t00_n1,220,1,1,mistralai/Mistral-Small-24B-Instruct-2501,1,0,1,0,mpfair,0.0,14.5,0.0
2026-08-12 13:50:44,IA55_m-mistral-small-24b_sol1_gd0_rs0_bd1_str-mpfair_t00_n1,220,2,1,mistralai/Mistral-Small-24B-Instruct-2501,1,0,1,0,mpfair,0.0,10.0,0.0
2026-08-12 13:51:02,IA55_m-mistral-small-24b_sol1_gd0_rs0_bd1_str-mpfair_t00_n1,220,3,1,mistralai/Mistral-Small-24B-Instruct-2501,1,0,1,0,mpfair,0.0,12.5,0.0
2026-08-12 13:51:22,IA55_m-mistral-small-24b_sol1_gd0_rs0_bd1_str-mpfair_t00_n1,221,1,1,mistralai/Mistral-Small-24B-Instruct-2501,1,0,1,0,mpfair,0.0,10.0,0.0
2026-08-12 13:51:35,IA55_m-mistral-small-24b_sol1_gd0_rs0_bd1_str-mpfair_t00_n1,221,2,1,mistralai/Mistral-Small-24B-Instruct-2501,1,0,1,0,mpfair,0.0,10.0,0.0
2026-08-12 13:51:51,IA55_m-mistral-small-24b_sol1_gd0_rs0_bd1_str-mpfair_t00_n1,221,3,1,mistralai/Mistral-Small-24B-Instruct-2501,1,0,1,0,mpfair,0.0,10.5,0.0
2026-08-12 13:52:09,IA55_m-mistral-small-24b_sol1_gd0_rs0_bd1_str-mpfair_t00_n1,222,1,1,mistralai/Mistral-Small-24B-Instruct-2501,1,0,1,0,mpfair,0.0,13.5,0.0
2026-08-12 13:52:29,IA55_m-mistral-small-24b_sol1_gd0_rs0_bd1_str-mpfair_t00_n1,222,2,1,mistralai/Mistral-Small-24B-Instruct-2501,1,0,1,0,mpfair,0.0,10.0,0.0
2026-08-12 13:52:48,IA55_m-mistral-small-24b_sol1_gd0_rs0_bd1_str-mpfair_t00_n1,222,3,1,mistralai/Mistral-Small-24B-Instruct-2501,1,0,1,0,mpfair,0.0,10.5,0.0
2026-08-12 13:53:08,IA55_m-mistral-small-24b_sol1_gd0_rs0_bd1_str-mpfair_t00_n1,223,1,1,mistralai/Mistral-Small-24B-Instruct-2501,1,0,1,0,mpfair,0.0,10.0,0.0
2026-08-12 13:53:22,IA55_m-mistral-small-24b_sol1_gd0_rs0_bd1_str-mpfair_t00_n1,223,2,1,mistralai/Mistral-Small-24B-Instruct-2501,1,0,1,0,mpfair,0.0,0.0,0.0
2026-08-12 13:53:40,IA55_m-mistral-small-24b_sol1_gd0_rs0_bd1_str-mpfair_t00_n1,223,3,1,mistralai/Mistral-Small-24B-Instruct-2501,1,0,1,0,mpfair,0.0,10.5,0.0
2026-08-12 13:54:00,IA55_m-mistral-small-24b_sol1_gd0_rs0_bd1_str-mpfair_t00_n1,224,1,1,mistralai/Mistral-Small-24B-Instruct-2501,1,0,1,0,mpfair,0.0,10.5,0.0
2026-08-12 13:54:18,IA55_m-mistral-small-24b_sol1_gd0_rs0_bd1_str-mpfair_t00_n1,224,3,1,mistralai/Mistral-Small-24B-Instruct-2501,1,0,1,0,mpfair,0.0,10.5,0.0
2026-08-12 13:54:36,IA55_m-mistral-small-24b_sol1_gd0_rs0_bd1_str-mpfair_t00_n1,225,1,1,mistralai/Mistral-Small-24B-Instruct-2501,1,0,1,0,mpfair,0.0,10.5,0.0
2026-08-12 13:54:49,IA55_m-mistral-small-24b_sol1_gd0_rs0_bd1_str-mpfair_t00_n1,225,2,1,mistralai/Mistral-Small-24B-Instruct-2501,1,0,1,0,mpfair,0.0,0.0,0.0
2026-08-12 13:55:07,IA55_m-mistral-small-24b_sol1_gd0_rs0_bd1_str-mpfair_t00_n1,225,3,1,mistralai/Mistral-Small-24B-Instruct-2501,1,0,1,0,mpfair,0.0,0.0,0.0
2026-08-12 13:55:25,IA55_m-mistral-small-24b_sol1_gd0_rs0_bd1_str-mpfair_t00_n1,226,1,1,mistralai/Mistral-Small-24B-Instruct-2501,1,0,1,0,mpfair,0.0,10.5,0.0
2026-08-12 13:55:39,IA55_m-mistral-small-24b_sol1_gd0_rs0_bd1_str-mpfair_t00_n1,226,2,1,mistralai/Mistral-Small-24B-Instruct-2501,1,0,1,0,mpfair,0.0,0.0,0.0
2026-08-12 13:55:58,IA55_m-mistral-small-24b_sol1_gd0_rs0_bd1_str-mpfair_t00_n1,226,3,1,mistralai/Mistral-Small-24B-Instruct-2501,1,0,1,0,mpfair,0.0,10.5,0.0
2026-08-12 13:56:16,IA55_m-mistral-small-24b_sol1_gd0_rs0_bd1_str-mpfair_t00_n1,227,1,1,mistralai/Mistral-Small-24B-Instruct-2501,1,0,1,0,mpfair,0.0,12.5,0.0
2026-08-12 13:56:29,IA55_m-mistral-small-24b_sol1_gd0_rs0_bd1_str-mpfair_t00_n1,227,2,1,mistralai/Mistral-Small-24B-Instruct-2501,1,0,1,0,mpfair,0.0,0.0,0.0
2026-08-12 13:56:48,IA55_m-mistral-small-24b_sol1_gd0_rs0_bd1_str-mpfair_t00_n1,228,1,1,mistralai/Mistral-Small-24B-Instruct-2501,1,0,1,0,mpfair,0.0,14.5,0.0
2026-08-12 13:57:01,IA55_m-mistral-small-24b_sol1_gd0_rs0_bd1_str-mpfair_t00_n1,228,2,1,mistralai/Mistral-Small-24B-Instruct-2501,1,0,1,0,mpfair,0.0,0.0,0.0
2026-08-12 13:57:19,IA55_m-mistral-small-24b_sol1_gd0_rs0_bd1_str-mpfair_t00_n1,228,3,1,mistralai/Mistral-Small-24B-Instruct-2501,1,0,1,0,mpfair,0.0,10.5,0.0
2026-08-12 13:57:37,IA55_m-mistral-small-24b_sol1_gd0_rs0_bd1_str-mpfair_t00_n1,229,1,1,mistralai/Mistral-Small-24B-Instruct-2501,1,0,1,0,mpfair,0.0,10.5,0.0
2026-08-12 13:57:50,IA55_m-mistral-small-24b_sol1_gd0_rs0_bd1_str-mpfair_t00_n1,229,2,1,mistralai/Mistral-Small-24B-Instruct-2501,1,0,1,0,mpfair,0.0,0.0,0.0
2026-08-12 13:58:09,IA55_m-mistral-small-24b_sol1_gd0_rs0_bd1_str-mpfair_t00_n1,229,3,1,mistralai/Mistral-Small-24B-Instruct-2501,1,0,1,0,mpfair,0.0,10.0,0.0
2026-08-12 13:58:27,IA55_m-mistral-small-24b_sol1_gd0_rs0_bd1_str-mpfair_t00_n1,230,1,1,mistralai/Mistral-Small-24B-Instruct-2501,1,0,1,0,mpfair,0.0,10.5,0.0
2026-08-12 13:58:41,IA55_m-mistral-small-24b_sol1_gd0_rs0_bd1_str-mpfair_t00_n1,230,2,1,mistralai/Mistral-Small-24B-Instruct-2501,1,0,1,0,mpfair,0.0,0.0,0.0
2026-08-12 13:58:59,IA55_m-mistral-small-24b_sol1_gd0_rs0_bd1_str-mpfair_t00_n1,230,3,1,mistralai/Mistral-Small-24B-Instruct-2501,1,0,1,0,mpfair,0.0,0.0,0.0
2026-08-12 13:59:18,IA55_m-mistral-small-24b_sol1_gd0_rs0_bd1_str-mpfair_t00_n1,231,1,1,mistralai/Mistral-Small-24B-Instruct-2501,1,0,1,0,mpfair,0.0,10.5,0.0
2026-08-12 13:59:32,IA55_m-mistral-small-24b_sol1_gd0_rs0_bd1_str-mpfair_t00_n1,231,2,1,mistralai/Mistral-Small-24B-Instruct-2501,1,0,1,0,mpfair,0.0,0.0,0.0
2026-08-12 13:59:49,IA55_m-mistral-small-24b_sol1_gd0_rs0_bd1_str-mpfair_t00_n1,231,3,1,mistralai/Mistral-Small-24B-Instruct-2501,1,0,1,0,mpfair,0.0,10.5,0.0
2026-08-12 14:00:08,IA55_m-mistral-small-24b_sol1_gd0_rs0_bd1_str-mpfair_t00_n1,232,1,1,mistralai/Mistral-Small-24B-Instruct-2501,1,0,1,0,mpfair,0.0,13.5,0.0
2026-08-12 14:00:21,IA55_m-mistral-small-24b_sol1_gd0_rs0_bd1_str-mpfair_t00_n1,232,2,1,mistralai/Mistral-Small-24B-Instruct-2501,1,0,1,0,mpfair,0.0,0.0,0.0
2026-08-12 14:00:39,IA55_m-mistral-small-24b_sol1_gd0_rs0_bd1_str-mpfair_t00_n1,232,3,1,mistralai/Mistral-Small-24B-Instruct-2501,1,0,1,0,mpfair,0.0,10.5,0.0
2026-08-12 14:00:58,IA55_m-mistral-small-24b_sol1_gd0_rs0_bd1_str-mpfair_t00_n1,233,1,1,mistralai/Mistral-Small-24B-Instruct-2501,1,0,1,0,mpfair,0.0,10.0,0.0
2026-08-12 14:01:09,IA55_m-mistral-small-24b_sol1_gd0_rs0_bd1_str-mpfair_t00_n1,233,2,1,mistralai/Mistral-Small-24B-Instruct-2501,1,0,1,0,mpfair,0.0,0.0,0.0
2026-08-12 14:01:27,IA55_m-mistral-small-24b_sol1_gd0_rs0_bd1_str-mpfair_t00_n1,233,3,1,mistralai/Mistral-Small-24B-Instruct-2501,1,0,1,0,mpfair,0.0,10.5,0.0
2026-08-12 14:01:45,IA55_m-mistral-small-24b_sol1_gd0_rs0_bd1_str-mpfair_t00_n1,234,1,1,mistralai/Mistral-Small-24B-Instruct-2501,1,0,1,0,mpfair,0.0,10.5,0.0
2026-08-12 14:01:58,IA55_m-mistral-small-24b_sol1_gd0_rs0_bd1_str-mpfair_t00_n1,234,2,1,mistralai/Mistral-Small-24B-Instruct-2501,1,0,1,0,mpfair,0.0,0.0,0.0
2026-08-12 14:02:15,IA55_m-mistral-small-24b_sol1_gd0_rs0_bd1_str-mpfair_t00_n1,234,3,1,mistralai/Mistral-Small-24B-Instruct-2501,1,0,1,0,mpfair,0.0,10.5,0.0
2026-08-12 14:02:34,IA55_m-mistral-small-24b_sol1_gd0_rs0_bd1_str-mpfair_t00_n1,235,1,1,mistralai/Mistral-Small-24B-Instruct-2501,1,0,1,0,mpfair,0.0,16.5,0.0
2026-08-12 14:02:47,IA55_m-mistral-small-24b_sol1_gd0_rs0_bd1_str-mpfair_t00_n1,235,2,1,mistralai/Mistral-Small-24B-Instruct-2501,1,0,1,0,mpfair,0.0,10.0,0.0
2026-08-12 14:03:05,IA55_m-mistral-small-24b_sol1_gd0_rs0_bd1_str-mpfair_t00_n1,235,3,1,mistralai/Mistral-Small-24B-Instruct-2501,1,0,1,0,mpfair,0.0,10.5,0.0
2026-08-12 14:03:23,IA55_m-mistral-small-24b_sol1_gd0_rs0_bd1_str-mpfair_t00_n1,236,1,1,mistralai/Mistral-Small-24B-Instruct-2501,1,0,1,0,mpfair,0.0,10.5,0.0
2026-08-12 14:03:37,IA55_m-mistral-small-24b_sol1_gd0_rs0_bd1_str-mpfair_t00_n1,236,2,1,mistralai/Mistral-Small-24B-Instruct-2501,1,0,1,0,mpfair,0.0,10.0,0.0
2026-08-12 14:03:54,IA55_m-mistral-small-24b_sol1_gd0_rs0_bd1_str-mpfair_t00_n1,236,3,1,mistralai/Mistral-Small-24B-Instruct-2501,1,0,1,0,mpfair,0.0,10.5,0.0
2026-08-12 14:04:13,IA55_m-mistral-small-24b_sol1_gd0_rs0_bd1_str-mpfair_t00_n1,237,1,1,mistralai/Mistral-Small-24B-Instruct-2501,1,0,1,0,mpfair,0.0,10.0,0.0
2026-08-12 14:04:27,IA55_m-mistral-small-24b_sol1_gd0_rs0_bd1_str-mpfair_t00_n1,237,2,1,mistralai/Mistral-Small-24B-Instruct-2501,1,0,1,0,mpfair,0.0,0.0,0.0
2026-08-12 14:04:47,IA55_m-mistral-small-24b_sol1_gd0_rs0_bd1_str-mpfair_t00_n1,238,1,1,mistralai/Mistral-Small-24B-Instruct-2501,1,0,1,0,mpfair,0.0,10.0,0.0
2026-08-12 14:05:01,IA55_m-mistral-small-24b_sol1_gd0_rs0_bd1_str-mpfair_t00_n1,238,2,1,mistralai/Mistral-Small-24B-Instruct-2501,1,0,1,0,mpfair,0.0,10.0,0.0
2026-08-12 14:05:19,IA55_m-mistral-small-24b_sol1_gd0_rs0_bd1_str-mpfair_t00_n1,238,3,1,mistralai/Mistral-Small-24B-Instruct-2501,1,0,1,0,mpfair,0.0,0.0,0.0
2026-08-12 14:05:38,IA55_m-mistral-small-24b_sol1_gd0_rs0_bd1_str-mpfair_t00_n1,239,1,1,mistralai/Mistral-Small-24B-Instruct-2501,1,0,1,0,mpfair,0.0,10.0,0.0
2026-08-12 14:05:52,IA55_m-mistral-small-24b_sol1_gd0_rs0_bd1_str-mpfair_t00_n1,239,2,1,mistralai/Mistral-Small-24B-Instruct-2501,1,0,1,0,mpfair,0.0,0.0,0.0
2026-08-12 14:06:10,IA55_m-mistral-small-24b_sol1_gd0_rs0_bd1_str-mpfair_t00_n1,239,3,1,mistralai/Mistral-Small-24B-Instruct-2501,1,0,1,0,mpfair,0.0,10.5,0.0
2026-08-12 14:06:29,IA55_m-mistral-small-24b_sol1_gd0_rs0_bd1_str-mpfair_t00_n1,240,1,1,mistralai/Mistral-Small-24B-Instruct-2501,1,0,1,0,mpfair,0.0,12.0,0.0
2026-08-12 14:06:43,IA55_m-mistral-small-24b_sol1_gd0_rs0_bd1_str-mpfair_t00_n1,240,2,1,mistralai/Mistral-Small-24B-Instruct-2501,1,0,1,0,mpfair,0.0,0.0,0.0
2026-08-12 14:07:03,IA55_m-mistral-small-24b_sol1_gd0_rs0_bd1_str-mpfair_t00_n1,240,3,1,mistralai/Mistral-Small-24B-Instruct-2501,1,0,1,0,mpfair,0.0,10.5,0.0
2026-08-12 14:07:20,IA55_m-mistral-small-24b_sol1_gd0_rs0_bd1_str-mpfair_t00_n1,241,1,1,mistralai/Mistral-Small-24B-Instruct-2501,1,0,1,0,mpfair,0.0,13.5,0.0
2026-08-12 14:07:33,IA55_m-mistral-small-24b_sol1_gd0_rs0_bd1_str-mpfair_t00_n1,241,2,1,mistralai/Mistral-Small-24B-Instruct-2501,1,0,1,0,mpfair,0.0,0.0,0.0
2026-08-12 14:07:51,IA55_m-mistral-small-24b_sol1_gd0_rs0_bd1_str-mpfair_t00_n1,241,3,1,mistralai/Mistral-Small-24B-Instruct-2501,1,0,1,0,mpfair,0.0,0.0,0.0
2026-08-12 14:08:08,IA55_m-mistral-small-24b_sol1_gd0_rs0_bd1_str-mpfair_t00_n1,242,1,1,mistralai/Mistral-Small-24B-Instruct-2501,1,0,1,0,mpfair,0.0,19.0,0.0
2026-08-12 14:08:22,IA55_m-mistral-small-24b_sol1_gd0_rs0_bd1_str-mpfair_t00_n1,242,2,1,mistralai/Mistral-Small-24B-Instruct-2501,1,0,1,0,mpfair,0.0,10.0,0.0
2026-08-12 14:08:39,IA55_m-mistral-small-24b_sol1_gd0_rs0_bd1_str-mpfair_t00_n1,242,3,1,mistralai/Mistral-Small-24B-Instruct-2501,1,0,1,0,mpfair,0.0,12.5,0.0
2026-08-12 14:08:58,IA55_m-mistral-small-24b_sol1_gd0_rs0_bd1_str-mpfair_t00_n1,243,1,1,mistralai/Mistral-Small-24B-Instruct-2501,1,0,1,0,mpfair,0.0,10.0,0.0
2026-08-12 14:09:11,IA55_m-mistral-small-24b_sol1_gd0_rs0_bd1_str-mpfair_t00_n1,243,2,1,mistralai/Mistral-Small-24B-Instruct-2501,1,0,1,0,mpfair,0.0,0.0,0.0
2026-08-12 14:09:30,IA55_m-mistral-small-24b_sol1_gd0_rs0_bd1_str-mpfair_t00_n1,243,3,1,mistralai/Mistral-Small-24B-Instruct-2501,1,0,1,0,mpfair,0.0,10.5,0.0
2026-08-12 14:09:49,IA55_m-mistral-small-24b_sol1_gd0_rs0_bd1_str-mpfair_t00_n1,244,1,1,mistralai/Mistral-Small-24B-Instruct-2501,1,0,1,0,mpfair,0.0,19.5,0.0
2026-08-12 14:10:03,IA55_m-mistral-small-24b_sol1_gd0_rs0_bd1_str-mpfair_t00_n1,244,2,1,mistralai/Mistral-Small-24B-Instruct-2501,1,0,1,0,mpfair,0.0,12.0,0.0
2026-08-12 14:10:21,IA55_m-mistral-small-24b_sol1_gd0_rs0_bd1_str-mpfair_t00_n1,244,3,1,mistralai/Mistral-Small-24B-Instruct-2501,1,0,1,0,mpfair,0.0,12.5,0.0
2026-08-12 14:10:38,IA55_m-mistral-small-24b_sol1_gd0_rs0_bd1_str-mpfair_t00_n1,245,1,1,mistralai/Mistral-Small-24B-Instruct-2501,1,0,1,0,mpfair,0.0,10.5,0.0
2026-08-12 14:10:52,IA55_m-mistral-small-24b_sol1_gd0_rs0_bd1_str-mpfair_t00_n1,245,2,1,mistralai/Mistral-Small-24B-Instruct-2501,1,0,1,0,mpfair,0.0,0.0,0.0
2026-08-12 14:11:10,IA55_m-mistral-small-24b_sol1_gd0_rs0_bd1_str-mpfair_t00_n1,245,3,1,mistralai/Mistral-Small-24B-Instruct-2501,1,0,1,0,mpfair,0.0,0.0,0.0
2026-08-12 14:11:30,IA55_m-mistral-small-24b_sol1_gd0_rs0_bd1_str-mpfair_t00_n1,246,1,1,mistralai/Mistral-Small-24B-Instruct-2501,1,0,1,0,mpfair,0.0,10.0,0.0
2026-08-12 14:11:43,IA55_m-mistral-small-24b_sol1_gd0_rs0_bd1_str-mpfair_t00_n1,246,2,1,mistralai/Mistral-Small-24B-Instruct-2501,1,0,1,0,mpfair,0.0,0.0,0.0
2026-08-12 14:12:01,IA55_m-mistral-small-24b_sol1_gd0_rs0_bd1_str-mpfair_t00_n1,246,3,1,mistralai/Mistral-Small-24B-Instruct-2501,1,0,1,0,mpfair,0.0,0.0,0.0
2026-08-12 14:12:22,IA55_m-mistral-small-24b_sol1_gd0_rs0_bd1_str-mpfair_t00_n1,247,1,1,mistralai/Mistral-Small-24B-Instruct-2501,1,0,1,0,mpfair,0.0,10.5,0.0
2026-08-12 14:12:35,IA55_m-mistral-small-24b_sol1_gd0_rs0_bd1_str-mpfair_t00_n1,247,2,1,mistralai/Mistral-Small-24B-Instruct-2501,1,0,1,0,mpfair,0.0,0.0,0.0
2026-08-12 14:12:53,IA55_m-mistral-small-24b_sol1_gd0_rs0_bd1_str-mpfair_t00_n1,247,3,1,mistralai/Mistral-Small-24B-Instruct-2501,1,0,1,0,mpfair,0.0,10.5,0.0
2026-08-12 14:13:11,IA55_m-mistral-small-24b_sol1_gd0_rs0_bd1_str-mpfair_t00_n1,248,1,1,mistralai/Mistral-Small-24B-Instruct-2501,1,0,1,0,mpfair,0.0,10.0,0.0
2026-08-12 14:13:24,IA55_m-mistral-small-24b_sol1_gd0_rs0_bd1_str-mpfair_t00_n1,248,2,1,mistralai/Mistral-Small-24B-Instruct-2501,1,0,1,0,mpfair,0.0,0.0,0.0
2026-08-12 14:13:43,IA55_m-mistral-small-24b_sol1_gd0_rs0_bd1_str-mpfair_t00_n1,248,3,1,mistralai/Mistral-Small-24B-Instruct-2501,1,0,1,0,mpfair,0.0,0.0,0.0
2026-08-12 14:14:00,IA55_m-mistral-small-24b_sol1_gd0_rs0_bd1_str-mpfair_t00_n1,249,1,1,mistralai/Mistral-Small-24B-Instruct-2501,1,0,1,0,mpfair,0.0,10.5,0.0
2026-08-12 14:14:13,IA55_m-mistral-small-24b_sol1_gd0_rs0_bd1_str-mpfair_t00_n1,249,2,1,mistralai/Mistral-Small-24B-Instruct-2501,1,0,1,0,mpfair,0.0,0.0,0.0
2026-08-12 14:14:32,IA55_m-mistral-small-24b_sol1_gd0_rs0_bd1_str-mpfair_t00_n1,249,3,1,mistralai/Mistral-Small-24B-Instruct-2501,1,0,1,0,mpfair,0.0,0.0,0.0
2026-08-12 14:14:50,IA55_m-mistral-small-24b_sol1_gd0_rs0_bd1_str-mpfair_t00_n1,250,1,1,mistralai/Mistral-Small-24B-Instruct-2501,1,0,1,0,mpfair,0.0,0.0,0.0
2026-08-12 14:15:03,IA55_m-mistral-small-24b_sol1_gd0_rs0_bd1_str-mpfair_t00_n1,250,2,1,mistralai/Mistral-Small-24B-Instruct-2501,1,0,1,0,mpfair,0.0,0.0,0.0
2026-08-12 14:15:21,IA55_m-mistral-small-24b_sol1_gd0_rs0_bd1_str-mpfair_t00_n1,250,3,1,mistralai/Mistral-Small-24B-Instruct-2501,1,0,1,0,mpfair,0.0,0.0,0.0
2026-08-12 14:15:40,IA55_m-mistral-small-24b_sol1_gd0_rs0_bd1_str-mpfair_t00_n1,251,1,1,mistralai/Mistral-Small-24B-Instruct-2501,1,0,1,0,mpfair,0.0,10.5,0.0
2026-08-12 14:15:53,IA55_m-mistral-small-24b_sol1_gd0_rs0_bd1_str-mpfair_t00_n1,251,2,1,mistralai/Mistral-Small-24B-Instruct-2501,1,0,1,0,mpfair,0.0,0.0,0.0
2026-08-12 14:16:11,IA55_m-mistral-small-24b_sol1_gd0_rs0_bd1_str-mpfair_t00_n1,251,3,1,mistralai/Mistral-Small-24B-Instruct-2501,1,0,1,0,mpfair,0.0,0.0,0.0
2026-08-12 14:16:30,IA55_m-mistral-small-24b_sol1_gd0_rs0_bd1_str-mpfair_t00_n1,252,1,1,mistralai/Mistral-Small-24B-Instruct-2501,1,0,1,0,mpfair,0.0,10.0,0.0
2026-08-12 14:16:42,IA55_m-mistral-small-24b_sol1_gd0_rs0_bd1_str-mpfair_t00_n1,252,2,1,mistralai/Mistral-Small-24B-Instruct-2501,1,0,1,0,mpfair,0.0,0.0,0.0
2026-08-12 14:17:00,IA55_m-mistral-small-24b_sol1_gd0_rs0_bd1_str-mpfair_t00_n1,252,3,1,mistralai/Mistral-Small-24B-Instruct-2501,1,0,1,0,mpfair,0.0,0.0,0.0
2026-08-12 14:17:17,IA55_m-mistral-small-24b_sol1_gd0_rs0_bd1_str-mpfair_t00_n1,253,1,1,mistralai/Mistral-Small-24B-Instruct-2501,1,0,1,0,mpfair,0.0,10.5,0.0
2026-08-12 14:17:30,IA55_m-mistral-small-24b_sol1_gd0_rs0_bd1_str-mpfair_t00_n1,253,2,1,mistralai/Mistral-Small-24B-Instruct-2501,1,0,1,0,mpfair,0.0,0.0,0.0
2026-08-12 14:17:47,IA55_m-mistral-small-24b_sol1_gd0_rs0_bd1_str-mpfair_t00_n1,253,3,1,mistralai/Mistral-Small-24B-Instruct-2501,1,0,1,0,mpfair,0.0,10.5,0.0
2026-08-12 14:18:07,IA55_m-mistral-small-24b_sol1_gd0_rs0_bd1_str-mpfair_t00_n1,254,1,1,mistralai/Mistral-Small-24B-Instruct-2501,1,0,1,0,mpfair,0.0,10.0,0.0
2026-08-12 14:18:20,IA55_m-mistral-small-24b_sol1_gd0_rs0_bd1_str-mpfair_t00_n1,254,2,1,mistralai/Mistral-Small-24B-Instruct-2501,1,0,1,0,mpfair,0.0,10.0,0.0
2026-08-12 14:18:38,IA55_m-mistral-small-24b_sol1_gd0_rs0_bd1_str-mpfair_t00_n1,254,3,1,mistralai/Mistral-Small-24B-Instruct-2501,1,0,1,0,mpfair,0.0,0.0,0.0
2026-08-12 14:18:58,IA55_m-mistral-small-24b_sol1_gd0_rs0_bd1_str-mpfair_t00_n1,255,1,1,mistralai/Mistral-Small-24B-Instruct-2501,1,0,1,0,mpfair,0.0,10.0,0.0
2026-08-12 14:19:11,IA55_m-mistral-small-24b_sol1_gd0_rs0_bd1_str-mpfair_t00_n1,255,2,1,mistralai/Mistral-Small-24B-Instruct-2501,1,0,1,0,mpfair,0.0,0.0,0.0
2026-08-12 14:19:29,IA55_m-mistral-small-24b_sol1_gd0_rs0_bd1_str-mpfair_t00_n1,255,3,1,mistralai/Mistral-Small-24B-Instruct-2501,1,0,1,0,mpfair,0.0,10.5,0.0
2026-08-12 14:19:47,IA55_m-mistral-small-24b_sol1_gd0_rs0_bd1_str-mpfair_t00_n1,256,1,1,mistralai/Mistral-Small-24B-Instruct-2501,1,0,1,0,mpfair,0.0,10.0,0.0
2026-08-12 14:20:00,IA55_m-mistral-small-24b_sol1_gd0_rs0_bd1_str-mpfair_t00_n1,256,2,1,mistralai/Mistral-Small-24B-Instruct-2501,1,0,1,0,mpfair,0.0,0.0,0.0
2026-08-12 14:20:18,IA55_m-mistral-small-24b_sol1_gd0_rs0_bd1_str-mpfair_t00_n1,256,3,1,mistralai/Mistral-Small-24B-Instruct-2501,1,0,1,0,mpfair,0.0,0.0,0.0
2026-08-12 14:20:34,IA55_m-mistral-small-24b_sol1_gd0_rs0_bd1_str-mpfair_t00_n1,257,1,1,mistralai/Mistral-Small-24B-Instruct-2501,1,0,1,0,mpfair,0.0,0.0,0.0
2026-08-12 14:20:47,IA55_m-mistral-small-24b_sol1_gd0_rs0_bd1_str-mpfair_t00_n1,257,2,1,mistralai/Mistral-Small-24B-Instruct-2501,1,0,1,0,mpfair,0.0,0.0,0.0
2026-08-12 14:21:03,IA55_m-mistral-small-24b_sol1_gd0_rs0_bd1_str-mpfair_t00_n1,257,3,1,mistralai/Mistral-Small-24B-Instruct-2501,1,0,1,0,mpfair,0.0,0.0,0.0
2026-08-12 14:21:24,IA55_m-mistral-small-24b_sol1_gd0_rs0_bd1_str-mpfair_t00_n1,258,1,1,mistralai/Mistral-Small-24B-Instruct-2501,1,0,1,0,mpfair,0.0,10.5,0.0
2026-08-12 14:21:38,IA55_m-mistral-small-24b_sol1_gd0_rs0_bd1_str-mpfair_t00_n1,258,2,1,mistralai/Mistral-Small-24B-Instruct-2501,1,0,1,0,mpfair,0.0,0.0,0.0
2026-08-12 14:21:56,IA55_m-mistral-small-24b_sol1_gd0_rs0_bd1_str-mpfair_t00_n1,259,1,1,mistralai/Mistral-Small-24B-Instruct-2501,1,0,1,0,mpfair,0.0,10.0,0.0
2026-08-12 14:22:09,IA55_m-mistral-small-24b_sol1_gd0_rs0_bd1_str-mpfair_t00_n1,259,2,1,mistralai/Mistral-Small-24B-Instruct-2501,1,0,1,0,mpfair,0.0,0.0,0.0
2026-08-12 14:22:27,IA55_m-mistral-small-24b_sol1_gd0_rs0_bd1_str-mpfair_t00_n1,259,3,1,mistralai/Mistral-Small-24B-Instruct-2501,1,0,1,0,mpfair,0.0,0.0,0.0
2026-08-12 14:22:46,IA55_m-mistral-small-24b_sol1_gd0_rs0_bd1_str-mpfair_t00_n1,260,1,1,mistralai/Mistral-Small-24B-Instruct-2501,1,0,1,0,mpfair,0.0,13.0,0.0
2026-08-12 14:23:04,IA55_m-mistral-small-24b_sol1_gd0_rs0_bd1_str-mpfair_t00_n1,260,3,1,mistralai/Mistral-Small-24B-Instruct-2501,1,0,1,0,mpfair,0.0,10.5,0.0
2026-08-12 14:23:22,IA55_m-mistral-small-24b_sol1_gd0_rs0_bd1_str-mpfair_t00_n1,261,1,1,mistralai/Mistral-Small-24B-Instruct-2501,1,0,1,0,mpfair,0.0,10.5,0.0
2026-08-12 14:23:35,IA55_m-mistral-small-24b_sol1_gd0_rs0_bd1_str-mpfair_t00_n1,261,2,1,mistralai/Mistral-Small-24B-Instruct-2501,1,0,1,0,mpfair,0.0,0.0,0.0
2026-08-12 14:23:53,IA55_m-mistral-small-24b_sol1_gd0_rs0_bd1_str-mpfair_t00_n1,261,3,1,mistralai/Mistral-Small-24B-Instruct-2501,1,0,1,0,mpfair,0.0,0.0,0.0
2026-08-12 14:24:12,IA55_m-mistral-small-24b_sol1_gd0_rs0_bd1_str-mpfair_t00_n1,262,1,1,mistralai/Mistral-Small-24B-Instruct-2501,1,0,1,0,mpfair,0.0,10.0,0.0
2026-08-12 14:24:25,IA55_m-mistral-small-24b_sol1_gd0_rs0_bd1_str-mpfair_t00_n1,262,2,1,mistralai/Mistral-Small-24B-Instruct-2501,1,0,1,0,mpfair,0.0,10.0,0.0
2026-08-12 14:24:43,IA55_m-mistral-small-24b_sol1_gd0_rs0_bd1_str-mpfair_t00_n1,262,3,1,mistralai/Mistral-Small-24B-Instruct-2501,1,0,1,0,mpfair,0.0,0.0,0.0
2026-08-12 14:25:01,IA55_m-mistral-small-24b_sol1_gd0_rs0_bd1_str-mpfair_t00_n1,263,1,1,mistralai/Mistral-Small-24B-Instruct-2501,1,0,1,0,mpfair,0.0,10.5,0.0
2026-08-12 14:25:14,IA55_m-mistral-small-24b_sol1_gd0_rs0_bd1_str-mpfair_t00_n1,263,2,1,mistralai/Mistral-Small-24B-Instruct-2501,1,0,1,0,mpfair,0.0,10.0,0.0
2026-08-12 14:25:31,IA55_m-mistral-small-24b_sol1_gd0_rs0_bd1_str-mpfair_t00_n1,263,3,1,mistralai/Mistral-Small-24B-Instruct-2501,1,0,1,0,mpfair,0.0,0.0,0.0
2026-08-12 14:25:51,IA55_m-mistral-small-24b_sol1_gd0_rs0_bd1_str-mpfair_t00_n1,264,1,1,mistralai/Mistral-Small-24B-Instruct-2501,1,0,1,0,mpfair,0.0,19.0,3.0
2026-08-12 14:26:04,IA55_m-mistral-small-24b_sol1_gd0_rs0_bd1_str-mpfair_t00_n1,264,2,1,mistralai/Mistral-Small-24B-Instruct-2501,1,0,1,0,mpfair,0.0,12.0,3.0
2026-08-12 14:26:24,IA55_m-mistral-small-24b_sol1_gd0_rs0_bd1_str-mpfair_t00_n1,264,3,1,mistralai/Mistral-Small-24B-Instruct-2501,1,0,1,0,mpfair,0.0,14.0,0.0
2026-08-12 14:26:41,IA55_m-mistral-small-24b_sol1_gd0_rs0_bd1_str-mpfair_t00_n1,265,1,1,mistralai/Mistral-Small-24B-Instruct-2501,1,0,1,0,mpfair,0.0,10.5,0.0
2026-08-12 14:26:55,IA55_m-mistral-small-24b_sol1_gd0_rs0_bd1_str-mpfair_t00_n1,265,2,1,mistralai/Mistral-Small-24B-Instruct-2501,1,0,1,0,mpfair,0.0,10.0,0.0
2026-08-12 14:27:14,IA55_m-mistral-small-24b_sol1_gd0_rs0_bd1_str-mpfair_t00_n1,265,3,1,mistralai/Mistral-Small-24B-Instruct-2501,1,0,1,0,mpfair,0.0,10.5,0.0
2026-08-12 14:27:33,IA55_m-mistral-small-24b_sol1_gd0_rs0_bd1_str-mpfair_t00_n1,266,1,1,mistralai/Mistral-Small-24B-Instruct-2501,1,0,1,0,mpfair,0.0,19.0,3.0
2026-08-12 14:27:46,IA55_m-mistral-small-24b_sol1_gd0_rs0_bd1_str-mpfair_t00_n1,266,2,1,mistralai/Mistral-Small-24B-Instruct-2501,1,0,1,0,mpfair,0.0,10.0,3.0
2026-08-12 14:28:05,IA55_m-mistral-small-24b_sol1_gd0_rs0_bd1_str-mpfair_t00_n1,266,3,1,mistralai/Mistral-Small-24B-Instruct-2501,1,0,1,0,mpfair,0.0,18.0,0.0
2026-08-12 14:28:26,IA55_m-mistral-small-24b_sol1_gd0_rs0_bd1_str-mpfair_t00_n1,267,1,1,mistralai/Mistral-Small-24B-Instruct-2501,1,0,1,0,mpfair,0.0,16.0,3.0
2026-08-12 14:28:39,IA55_m-mistral-small-24b_sol1_gd0_rs0_bd1_str-mpfair_t00_n1,267,2,1,mistralai/Mistral-Small-24B-Instruct-2501,1,0,1,0,mpfair,0.0,0.0,0.0
2026-08-12 14:28:58,IA55_m-mistral-small-24b_sol1_gd0_rs0_bd1_str-mpfair_t00_n1,267,3,1,mistralai/Mistral-Small-24B-Instruct-2501,1,0,1,0,mpfair,0.0,13.5,0.0
2026-08-12 14:29:17,IA55_m-mistral-small-24b_sol1_gd0_rs0_bd1_str-mpfair_t00_n1,268,1,1,mistralai/Mistral-Small-24B-Instruct-2501,1,0,1,0,mpfair,0.0,18.0,0.0
2026-08-12 14:29:30,IA55_m-mistral-small-24b_sol1_gd0_rs0_bd1_str-mpfair_t00_n1,268,2,1,mistralai/Mistral-Small-24B-Instruct-2501,1,0,1,0,mpfair,0.0,10.0,0.0
2026-08-12 14:29:48,IA55_m-mistral-small-24b_sol1_gd0_rs0_bd1_str-mpfair_t00_n1,268,3,1,mistralai/Mistral-Small-24B-Instruct-2501,1,0,1,0,mpfair,0.0,12.5,0.0
2026-08-12 14:30:07,IA55_m-mistral-small-24b_sol1_gd0_rs0_bd1_str-mpfair_t00_n1,269,1,1,mistralai/Mistral-Small-24B-Instruct-2501,1,0,1,0,mpfair,0.0,0.0,0.0
2026-08-12 14:30:18,IA55_m-mistral-small-24b_sol1_gd0_rs0_bd1_str-mpfair_t00_n1,269,2,1,mistralai/Mistral-Small-24B-Instruct-2501,1,0,1,0,mpfair,0.0,0.0,0.0
2026-08-12 14:30:34,IA55_m-mistral-small-24b_sol1_gd0_rs0_bd1_str-mpfair_t00_n1,269,3,1,mistralai/Mistral-Small-24B-Instruct-2501,1,0,1,0,mpfair,0.0,0.0,0.0
2026-08-12 14:30:52,IA55_m-mistral-small-24b_sol1_gd0_rs0_bd1_str-mpfair_t00_n1,270,1,1,mistralai/Mistral-Small-24B-Instruct-2501,1,0,1,0,mpfair,0.0,10.5,0.0
2026-08-12 14:31:07,IA55_m-mistral-small-24b_sol1_gd0_rs0_bd1_str-mpfair_t00_n1,270,2,1,mistralai/Mistral-Small-24B-Instruct-2501,1,0,1,0,mpfair,0.0,10.0,0.0
2026-08-12 14:31:25,IA55_m-mistral-small-24b_sol1_gd0_rs0_bd1_str-mpfair_t00_n1,270,3,1,mistralai/Mistral-Small-24B-Instruct-2501,1,0,1,0,mpfair,0.0,10.0,0.0
2026-08-12 14:31:43,IA55_m-mistral-small-24b_sol1_gd0_rs0_bd1_str-mpfair_t00_n1,271,1,1,mistralai/Mistral-Small-24B-Instruct-2501,1,0,1,0,mpfair,0.0,13.0,0.0
2026-08-12 14:31:56,IA55_m-mistral-small-24b_sol1_gd0_rs0_bd1_str-mpfair_t00_n1,271,2,1,mistralai/Mistral-Small-24B-Instruct-2501,1,0,1,0,mpfair,0.0,0.0,0.0
2026-08-12 14:32:15,IA55_m-mistral-small-24b_sol1_gd0_rs0_bd1_str-mpfair_t00_n1,271,3,1,mistralai/Mistral-Small-24B-Instruct-2501,1,0,1,0,mpfair,0.0,0.0,0.0
2026-08-12 14:32:36,IA55_m-mistral-small-24b_sol1_gd0_rs0_bd1_str-mpfair_t00_n1,272,1,1,mistralai/Mistral-Small-24B-Instruct-2501,1,0,1,0,mpfair,0.0,19.0,3.0
2026-08-12 14:32:49,IA55_m-mistral-small-24b_sol1_gd0_rs0_bd1_str-mpfair_t00_n1,272,2,1,mistralai/Mistral-Small-24B-Instruct-2501,1,0,1,0,mpfair,0.0,10.0,3.0
2026-08-12 14:33:07,IA55_m-mistral-small-24b_sol1_gd0_rs0_bd1_str-mpfair_t00_n1,272,3,1,mistralai/Mistral-Small-24B-Instruct-2501,1,0,1,0,mpfair,0.0,14.0,0.0
2026-08-12 14:33:26,IA55_m-mistral-small-24b_sol1_gd0_rs0_bd1_str-mpfair_t00_n1,273,1,1,mistralai/Mistral-Small-24B-Instruct-2501,1,0,1,0,mpfair,0.0,10.5,0.0
2026-08-12 14:33:40,IA55_m-mistral-small-24b_sol1_gd0_rs0_bd1_str-mpfair_t00_n1,273,2,1,mistralai/Mistral-Small-24B-Instruct-2501,1,0,1,0,mpfair,0.0,10.0,0.0
2026-08-12 14:33:57,IA55_m-mistral-small-24b_sol1_gd0_rs0_bd1_str-mpfair_t00_n1,273,3,1,mistralai/Mistral-Small-24B-Instruct-2501,1,0,1,0,mpfair,0.0,10.5,0.0
2026-08-12 14:34:16,IA55_m-mistral-small-24b_sol1_gd0_rs0_bd1_str-mpfair_t00_n1,274,1,1,mistralai/Mistral-Small-24B-Instruct-2501,1,0,1,0,mpfair,0.0,13.5,0.0
2026-08-12 14:34:36,IA55_m-mistral-small-24b_sol1_gd0_rs0_bd1_str-mpfair_t00_n1,274,2,1,mistralai/Mistral-Small-24B-Instruct-2501,1,0,1,0,mpfair,0.0,10.0,0.0
2026-08-12 14:34:55,IA55_m-mistral-small-24b_sol1_gd0_rs0_bd1_str-mpfair_t00_n1,274,3,1,mistralai/Mistral-Small-24B-Instruct-2501,1,0,1,0,mpfair,0.0,18.0,3.0
2026-08-12 14:35:13,IA55_m-mistral-small-24b_sol1_gd0_rs0_bd1_str-mpfair_t00_n1,275,1,1,mistralai/Mistral-Small-24B-Instruct-2501,1,0,1,0,mpfair,0.0,10.5,0.0
2026-08-12 14:35:26,IA55_m-mistral-small-24b_sol1_gd0_rs0_bd1_str-mpfair_t00_n1,275,2,1,mistralai/Mistral-Small-24B-Instruct-2501,1,0,1,0,mpfair,0.0,10.0,0.0
2026-08-12 14:35:45,IA55_m-mistral-small-24b_sol1_gd0_rs0_bd1_str-mpfair_t00_n1,275,3,1,mistralai/Mistral-Small-24B-Instruct-2501,1,0,1,0,mpfair,0.0,10.5,0.0
2026-08-12 14:36:04,IA55_m-mistral-small-24b_sol1_gd0_rs0_bd1_str-mpfair_t00_n1,276,1,1,mistralai/Mistral-Small-24B-Instruct-2501,1,0,1,0,mpfair,0.0,14.5,0.0
2026-08-12 14:36:18,IA55_m-mistral-small-24b_sol1_gd0_rs0_bd1_str-mpfair_t00_n1,276,2,1,mistralai/Mistral-Small-24B-Instruct-2501,1,0,1,0,mpfair,0.0,10.0,0.0
2026-08-12 14:36:34,IA55_m-mistral-small-24b_sol1_gd0_rs0_bd1_str-mpfair_t00_n1,276,3,1,mistralai/Mistral-Small-24B-Instruct-2501,1,0,1,0,mpfair,0.0,0.0,0.0
2026-08-12 14:36:53,IA55_m-mistral-small-24b_sol1_gd0_rs0_bd1_str-mpfair_t00_n1,277,1,1,mistralai/Mistral-Small-24B-Instruct-2501,1,0,1,0,mpfair,0.0,18.5,0.0
2026-08-12 14:37:07,IA55_m-mistral-small-24b_sol1_gd0_rs0_bd1_str-mpfair_t00_n1,277,2,1,mistralai/Mistral-Small-24B-Instruct-2501,1,0,1,0,mpfair,0.0,0.0,0.0
2026-08-12 14:37:25,IA55_m-mistral-small-24b_sol1_gd0_rs0_bd1_str-mpfair_t00_n1,277,3,1,mistralai/Mistral-Small-24B-Instruct-2501,1,0,1,0,mpfair,0.0,10.5,0.0
2026-08-12 14:37:42,IA55_m-mistral-small-24b_sol1_gd0_rs0_bd1_str-mpfair_t00_n1,278,1,1,mistralai/Mistral-Small-24B-Instruct-2501,1,0,1,0,mpfair,0.0,19.5,3.0
2026-08-12 14:37:54,IA55_m-mistral-small-24b_sol1_gd0_rs0_bd1_str-mpfair_t00_n1,278,2,1,mistralai/Mistral-Small-24B-Instruct-2501,1,0,1,0,mpfair,0.0,10.0,3.0
2026-08-12 14:38:13,IA55_m-mistral-small-24b_sol1_gd0_rs0_bd1_str-mpfair_t00_n1,278,3,1,mistralai/Mistral-Small-24B-Instruct-2501,1,0,1,0,mpfair,0.0,16.5,0.0
2026-08-12 14:38:30,IA55_m-mistral-small-24b_sol1_gd0_rs0_bd1_str-mpfair_t00_n1,279,1,1,mistralai/Mistral-Small-24B-Instruct-2501,1,0,1,0,mpfair,0.0,0.0,0.0
2026-08-12 14:38:43,IA55_m-mistral-small-24b_sol1_gd0_rs0_bd1_str-mpfair_t00_n1,279,2,1,mistralai/Mistral-Small-24B-Instruct-2501,1,0,1,0,mpfair,0.0,0.0,0.0
2026-08-12 14:39:01,IA55_m-mistral-small-24b_sol1_gd0_rs0_bd1_str-mpfair_t00_n1,279,3,1,mistralai/Mistral-Small-24B-Instruct-2501,1,0,1,0,mpfair,0.0,0.0,0.0
2026-08-12 14:39:20,IA55_m-mistral-small-24b_sol1_gd0_rs0_bd1_str-mpfair_t00_n1,280,1,1,mistralai/Mistral-Small-24B-Instruct-2501,1,0,1,0,mpfair,0.0,10.0,0.0
2026-08-12 14:39:34,IA55_m-mistral-small-24b_sol1_gd0_rs0_bd1_str-mpfair_t00_n1,280,2,1,mistralai/Mistral-Small-24B-Instruct-2501,1,0,1,0,mpfair,0.0,0.0,0.0
2026-08-12 14:39:51,IA55_m-mistral-small-24b_sol1_gd0_rs0_bd1_str-mpfair_t00_n1,280,3,1,mistralai/Mistral-Small-24B-Instruct-2501,1,0,1,0,mpfair,0.0,0.0,0.0
2026-08-12 14:40:10,IA55_m-mistral-small-24b_sol1_gd0_rs0_bd1_str-mpfair_t00_n1,281,1,1,mistralai/Mistral-Small-24B-Instruct-2501,1,0,1,0,mpfair,0.0,10.0,0.0
2026-08-12 14:40:25,IA55_m-mistral-small-24b_sol1_gd0_rs0_bd1_str-mpfair_t00_n1,281,2,1,mistralai/Mistral-Small-24B-Instruct-2501,1,0,1,0,mpfair,0.0,0.0,0.0
2026-08-12 14:40:44,IA55_m-mistral-small-24b_sol1_gd0_rs0_bd1_str-mpfair_t00_n1,281,3,1,mistralai/Mistral-Small-24B-Instruct-2501,1,0,1,0,mpfair,0.0,0.0,0.0
2026-08-12 14:41:03,IA55_m-mistral-small-24b_sol1_gd0_rs0_bd1_str-mpfair_t00_n1,282,1,1,mistralai/Mistral-Small-24B-Instruct-2501,1,0,1,0,mpfair,0.0,10.0,0.0
2026-08-12 14:41:16,IA55_m-mistral-small-24b_sol1_gd0_rs0_bd1_str-mpfair_t00_n1,282,2,1,mistralai/Mistral-Small-24B-Instruct-2501,1,0,1,0,mpfair,0.0,0.0,0.0
2026-08-12 14:41:35,IA55_m-mistral-small-24b_sol1_gd0_rs0_bd1_str-mpfair_t00_n1,282,3,1,mistralai/Mistral-Small-24B-Instruct-2501,1,0,1,0,mpfair,0.0,10.5,0.0
2026-08-12 14:41:54,IA55_m-mistral-small-24b_sol1_gd0_rs0_bd1_str-mpfair_t00_n1,283,1,1,mistralai/Mistral-Small-24B-Instruct-2501,1,0,1,0,mpfair,0.0,19.0,3.0
2026-08-12 14:42:08,IA55_m-mistral-small-24b_sol1_gd0_rs0_bd1_str-mpfair_t00_n1,283,2,1,mistralai/Mistral-Small-24B-Instruct-2501,1,0,1,0,mpfair,0.0,0.0,0.0
2026-08-12 14:42:25,IA55_m-mistral-small-24b_sol1_gd0_rs0_bd1_str-mpfair_t00_n1,283,3,1,mistralai/Mistral-Small-24B-Instruct-2501,1,0,1,0,mpfair,0.0,14.0,0.0
2026-08-12 14:42:43,IA55_m-mistral-small-24b_sol1_gd0_rs0_bd1_str-mpfair_t00_n1,284,1,1,mistralai/Mistral-Small-24B-Instruct-2501,1,0,1,0,mpfair,0.0,14.5,0.0
2026-08-12 14:42:58,IA55_m-mistral-small-24b_sol1_gd0_rs0_bd1_str-mpfair_t00_n1,284,2,1,mistralai/Mistral-Small-24B-Instruct-2501,1,0,1,0,mpfair,0.0,10.0,0.0
2026-08-12 14:43:19,IA55_m-mistral-small-24b_sol1_gd0_rs0_bd1_str-mpfair_t00_n1,284,3,1,mistralai/Mistral-Small-24B-Instruct-2501,1,0,1,0,mpfair,0.0,10.5,0.0
2026-08-12 14:43:38,IA55_m-mistral-small-24b_sol1_gd0_rs0_bd1_str-mpfair_t00_n1,285,1,1,mistralai/Mistral-Small-24B-Instruct-2501,1,0,1,0,mpfair,0.0,10.0,0.0
2026-08-12 14:43:51,IA55_m-mistral-small-24b_sol1_gd0_rs0_bd1_str-mpfair_t00_n1,285,2,1,mistralai/Mistral-Small-24B-Instruct-2501,1,0,1,0,mpfair,0.0,0.0,0.0
2026-08-12 14:44:08,IA55_m-mistral-small-24b_sol1_gd0_rs0_bd1_str-mpfair_t00_n1,285,3,1,mistralai/Mistral-Small-24B-Instruct-2501,1,0,1,0,mpfair,0.0,0.0,0.0
2026-08-12 14:44:27,IA55_m-mistral-small-24b_sol1_gd0_rs0_bd1_str-mpfair_t00_n1,286,1,1,mistralai/Mistral-Small-24B-Instruct-2501,1,0,1,0,mpfair,0.0,10.0,0.0
2026-08-12 14:44:41,IA55_m-mistral-small-24b_sol1_gd0_rs0_bd1_str-mpfair_t00_n1,286,2,1,mistralai/Mistral-Small-24B-Instruct-2501,1,0,1,0,mpfair,0.0,0.0,0.0
2026-08-12 14:44:59,IA55_m-mistral-small-24b_sol1_gd0_rs0_bd1_str-mpfair_t00_n1,286,3,1,mistralai/Mistral-Small-24B-Instruct-2501,1,0,1,0,mpfair,0.0,0.0,0.0
2026-08-12 14:45:17,IA55_m-mistral-small-24b_sol1_gd0_rs0_bd1_str-mpfair_t00_n1,287,1,1,mistralai/Mistral-Small-24B-Instruct-2501,1,0,1,0,mpfair,0.0,15.5,0.0
2026-08-12 14:45:30,IA55_m-mistral-small-24b_sol1_gd0_rs0_bd1_str-mpfair_t00_n1,287,2,1,mistralai/Mistral-Small-24B-Instruct-2501,1,0,1,0,mpfair,0.0,0.0,0.0
2026-08-12 14:45:48,IA55_m-mistral-small-24b_sol1_gd0_rs0_bd1_str-mpfair_t00_n1,287,3,1,mistralai/Mistral-Small-24B-Instruct-2501,1,0,1,0,mpfair,0.0,14.5,0.0
2026-08-12 14:46:07,IA55_m-mistral-small-24b_sol1_gd0_rs0_bd1_str-mpfair_t00_n1,288,1,1,mistralai/Mistral-Small-24B-Instruct-2501,1,0,1,0,mpfair,0.0,10.0,0.0
2026-08-12 14:46:23,IA55_m-mistral-small-24b_sol1_gd0_rs0_bd1_str-mpfair_t00_n1,288,2,1,mistralai/Mistral-Small-24B-Instruct-2501,1,0,1,0,mpfair,0.0,10.0,0.0
2026-08-12 14:46:40,IA55_m-mistral-small-24b_sol1_gd0_rs0_bd1_str-mpfair_t00_n1,288,3,1,mistralai/Mistral-Small-24B-Instruct-2501,1,0,1,0,mpfair,0.0,10.5,0.0
2026-08-12 14:46:59,IA55_m-mistral-small-24b_sol1_gd0_rs0_bd1_str-mpfair_t00_n1,289,1,1,mistralai/Mistral-Small-24B-Instruct-2501,1,0,1,0,mpfair,0.0,10.0,0.0
2026-08-12 14:47:12,IA55_m-mistral-small-24b_sol1_gd0_rs0_bd1_str-mpfair_t00_n1,289,2,1,mistralai/Mistral-Small-24B-Instruct-2501,1,0,1,0,mpfair,0.0,0.0,0.0
2026-08-12 14:47:28,IA55_m-mistral-small-24b_sol1_gd0_rs0_bd1_str-mpfair_t00_n1,289,3,1,mistralai/Mistral-Small-24B-Instruct-2501,1,0,1,0,mpfair,0.0,10.5,0.0
2026-08-12 14:47:47,IA55_m-mistral-small-24b_sol1_gd0_rs0_bd1_str-mpfair_t00_n1,290,1,1,mistralai/Mistral-Small-24B-Instruct-2501,1,0,1,0,mpfair,0.0,19.5,3.0
2026-08-12 14:48:00,IA55_m-mistral-small-24b_sol1_gd0_rs0_bd1_str-mpfair_t00_n1,290,2,1,mistralai/Mistral-Small-24B-Instruct-2501,1,0,1,0,mpfair,0.0,12.0,3.0
2026-08-12 14:48:18,IA55_m-mistral-small-24b_sol1_gd0_rs0_bd1_str-mpfair_t00_n1,290,3,1,mistralai/Mistral-Small-24B-Instruct-2501,1,0,1,0,mpfair,0.0,14.0,0.0
2026-08-12 14:48:36,IA55_m-mistral-small-24b_sol1_gd0_rs0_bd1_str-mpfair_t00_n1,291,1,1,mistralai/Mistral-Small-24B-Instruct-2501,1,0,1,0,mpfair,0.0,18.0,0.0
2026-08-12 14:48:49,IA55_m-mistral-small-24b_sol1_gd0_rs0_bd1_str-mpfair_t00_n1,291,2,1,mistralai/Mistral-Small-24B-Instruct-2501,1,0,1,0,mpfair,0.0,0.0,0.0
2026-08-12 14:49:08,IA55_m-mistral-small-24b_sol1_gd0_rs0_bd1_str-mpfair_t00_n1,292,1,1,mistralai/Mistral-Small-24B-Instruct-2501,1,0,1,0,mpfair,0.0,10.5,0.0
2026-08-12 14:49:28,IA55_m-mistral-small-24b_sol1_gd0_rs0_bd1_str-mpfair_t00_n1,292,2,1,mistralai/Mistral-Small-24B-Instruct-2501,1,0,1,0,mpfair,0.0,10.0,0.0
2026-08-12 14:49:47,IA55_m-mistral-small-24b_sol1_gd0_rs0_bd1_str-mpfair_t00_n1,292,3,1,mistralai/Mistral-Small-24B-Instruct-2501,1,0,1,0,mpfair,0.0,10.5,0.0
2026-08-12 14:50:05,IA55_m-mistral-small-24b_sol1_gd0_rs0_bd1_str-mpfair_t00_n1,293,1,1,mistralai/Mistral-Small-24B-Instruct-2501,1,0,1,0,mpfair,0.0,10.0,0.0
2026-08-12 14:50:17,IA55_m-mistral-small-24b_sol1_gd0_rs0_bd1_str-mpfair_t00_n1,293,2,1,mistralai/Mistral-Small-24B-Instruct-2501,1,0,1,0,mpfair,0.0,0.0,0.0
2026-08-12 14:50:34,IA55_m-mistral-small-24b_sol1_gd0_rs0_bd1_str-mpfair_t00_n1,293,3,1,mistralai/Mistral-Small-24B-Instruct-2501,1,0,1,0,mpfair,0.0,0.0,0.0
2026-08-12 14:50:53,IA55_m-mistral-small-24b_sol1_gd0_rs0_bd1_str-mpfair_t00_n1,294,1,1,mistralai/Mistral-Small-24B-Instruct-2501,1,0,1,0,mpfair,0.0,10.5,0.0
2026-08-12 14:51:06,IA55_m-mistral-small-24b_sol1_gd0_rs0_bd1_str-mpfair_t00_n1,294,2,1,mistralai/Mistral-Small-24B-Instruct-2501,1,0,1,0,mpfair,0.0,10.0,0.0
2026-08-12 14:51:24,IA55_m-mistral-small-24b_sol1_gd0_rs0_bd1_str-mpfair_t00_n1,294,3,1,mistralai/Mistral-Small-24B-Instruct-2501,1,0,1,0,mpfair,0.0,10.5,0.0
2026-08-12 14:51:43,IA55_m-mistral-small-24b_sol1_gd0_rs0_bd1_str-mpfair_t00_n1,295,1,1,mistralai/Mistral-Small-24B-Instruct-2501,1,0,1,0,mpfair,0.0,10.0,0.0
2026-08-12 14:51:57,IA55_m-mistral-small-24b_sol1_gd0_rs0_bd1_str-mpfair_t00_n1,295,2,1,mistralai/Mistral-Small-24B-Instruct-2501,1,0,1,0,mpfair,0.0,10.0,0.0
2026-08-12 14:52:15,IA55_m-mistral-small-24b_sol1_gd0_rs0_bd1_str-mpfair_t00_n1,295,3,1,mistralai/Mistral-Small-24B-Instruct-2501,1,0,1,0,mpfair,0.0,12.0,0.0
2026-08-12 14:52:35,IA55_m-mistral-small-24b_sol1_gd0_rs0_bd1_str-mpfair_t00_n1,296,1,1,mistralai/Mistral-Small-24B-Instruct-2501,1,0,1,0,mpfair,0.0,18.0,0.0
2026-08-12 14:52:50,IA55_m-mistral-small-24b_sol1_gd0_rs0_bd1_str-mpfair_t00_n1,296,2,1,mistralai/Mistral-Small-24B-Instruct-2501,1,0,1,0,mpfair,0.0,10.0,0.0
2026-08-12 14:53:10,IA55_m-mistral-small-24b_sol1_gd0_rs0_bd1_str-mpfair_t00_n1,296,3,1,mistralai/Mistral-Small-24B-Instruct-2501,1,0,1,0,mpfair,0.0,10.0,0.0
2026-08-12 14:53:28,IA55_m-mistral-small-24b_sol1_gd0_rs0_bd1_str-mpfair_t00_n1,297,1,1,mistralai/Mistral-Small-24B-Instruct-2501,1,0,1,0,mpfair,0.0,15.5,3.0
2026-08-12 14:53:43,IA55_m-mistral-small-24b_sol1_gd0_rs0_bd1_str-mpfair_t00_n1,297,2,1,mistralai/Mistral-Small-24B-Instruct-2501,1,0,1,0,mpfair,0.0,10.0,0.0
2026-08-12 14:54:00,IA55_m-mistral-small-24b_sol1_gd0_rs0_bd1_str-mpfair_t00_n1,297,3,1,mistralai/Mistral-Small-24B-Instruct-2501,1,0,1,0,mpfair,0.0,10.5,0.0
2026-08-12 14:54:18,IA55_m-mistral-small-24b_sol1_gd0_rs0_bd1_str-mpfair_t00_n1,298,1,1,mistralai/Mistral-Small-24B-Instruct-2501,1,0,1,0,mpfair,0.0,10.0,0.0
2026-08-12 14:54:32,IA55_m-mistral-small-24b_sol1_gd0_rs0_bd1_str-mpfair_t00_n1,298,2,1,mistralai/Mistral-Small-24B-Instruct-2501,1,0,1,0,mpfair,0.0,0.0,0.0
2026-08-12 14:54:51,IA55_m-mistral-small-24b_sol1_gd0_rs0_bd1_str-mpfair_t00_n1,298,3,1,mistralai/Mistral-Small-24B-Instruct-2501,1,0,1,0,mpfair,0.0,10.0,0.0
2026-08-12 14:55:08,IA55_m-mistral-small-24b_sol1_gd0_rs0_bd1_str-mpfair_t00_n1,299,1,1,mistralai/Mistral-Small-24B-Instruct-2501,1,0,1,0,mpfair,0.0,12.5,0.0
2026-08-12 14:55:22,IA55_m-mistral-small-24b_sol1_gd0_rs0_bd1_str-mpfair_t00_n1,299,2,1,mistralai/Mistral-Small-24B-Instruct-2501,1,0,1,0,mpfair,0.0,0.0,0.0
2026-08-12 14:55:39,IA55_m-mistral-small-24b_sol1_gd0_rs0_bd1_str-mpfair_t00_n1,299,3,1,mistralai/Mistral-Small-24B-Instruct-2501,1,0,1,0,mpfair,0.0,10.5,0.0
2026-08-12 14:55:56,IA55_m-mistral-small-24b_sol1_gd0_rs0_bd1_str-mpfair_t00_n1,300,1,1,mistralai/Mistral-Small-24B-Instruct-2501,1,0,1,0,mpfair,0.0,10.5,0.0
2026-08-12 14:56:10,IA55_m-mistral-small-24b_sol1_gd0_rs0_bd1_str-mpfair_t00_n1,300,2,1,mistralai/Mistral-Small-24B-Instruct-2501,1,0,1,0,mpfair,0.0,10.0,0.0
2026-08-12 14:56:29,IA55_m-mistral-small-24b_sol1_gd0_rs0_bd1_str-mpfair_t00_n1,300,3,1,mistralai/Mistral-Small-24B-Instruct-2501,1,0,1,0,mpfair,0.0,10.5,0.0
2026-08-12 14:56:47,IA55_m-mistral-small-24b_sol1_gd0_rs0_bd1_str-mpfair_t00_n1,301,1,1,mistralai/Mistral-Small-24B-Instruct-2501,1,0,1,0,mpfair,0.0,10.5,0.0
2026-08-12 14:57:00,IA55_m-mistral-small-24b_sol1_gd0_rs0_bd1_str-mpfair_t00_n1,301,2,1,mistralai/Mistral-Small-24B-Instruct-2501,1,0,1,0,mpfair,0.0,0.0,0.0
2026-08-12 14:57:19,IA55_m-mistral-small-24b_sol1_gd0_rs0_bd1_str-mpfair_t00_n1,301,3,1,mistralai/Mistral-Small-24B-Instruct-2501,1,0,1,0,mpfair,0.0,0.0,0.0
2026-08-12 14:57:37,IA55_m-mistral-small-24b_sol1_gd0_rs0_bd1_str-mpfair_t00_n1,302,1,1,mistralai/Mistral-Small-24B-Instruct-2501,1,0,1,0,mpfair,0.0,10.0,0.0
2026-08-12 14:57:50,IA55_m-mistral-small-24b_sol1_gd0_rs0_bd1_str-mpfair_t00_n1,302,2,1,mistralai/Mistral-Small-24B-Instruct-2501,1,0,1,0,mpfair,0.0,0.0,0.0
2026-08-12 14:58:09,IA55_m-mistral-small-24b_sol1_gd0_rs0_bd1_str-mpfair_t00_n1,302,3,1,mistralai/Mistral-Small-24B-Instruct-2501,1,0,1,0,mpfair,0.0,10.0,0.0
2026-08-12 14:58:28,IA55_m-mistral-small-24b_sol1_gd0_rs0_bd1_str-mpfair_t00_n1,303,1,1,mistralai/Mistral-Small-24B-Instruct-2501,1,0,1,0,mpfair,0.0,15.5,0.0
2026-08-12 14:58:48,IA55_m-mistral-small-24b_sol1_gd0_rs0_bd1_str-mpfair_t00_n1,303,2,1,mistralai/Mistral-Small-24B-Instruct-2501,1,0,1,0,mpfair,0.0,10.0,0.0
2026-08-12 14:59:05,IA55_m-mistral-small-24b_sol1_gd0_rs0_bd1_str-mpfair_t00_n1,303,3,1,mistralai/Mistral-Small-24B-Instruct-2501,1,0,1,0,mpfair,0.0,10.5,0.0
2026-08-12 14:59:23,IA55_m-mistral-small-24b_sol1_gd0_rs0_bd1_str-mpfair_t00_n1,304,1,1,mistralai/Mistral-Small-24B-Instruct-2501,1,0,1,0,mpfair,0.0,10.0,0.0
2026-08-12 14:59:37,IA55_m-mistral-small-24b_sol1_gd0_rs0_bd1_str-mpfair_t00_n1,304,2,1,mistralai/Mistral-Small-24B-Instruct-2501,1,0,1,0,mpfair,0.0,0.0,0.0
2026-08-12 14:59:57,IA55_m-mistral-small-24b_sol1_gd0_rs0_bd1_str-mpfair_t00_n1,304,3,1,mistralai/Mistral-Small-24B-Instruct-2501,1,0,1,0,mpfair,0.0,1.0,0.0
2026-08-12 15:00:15,IA55_m-mistral-small-24b_sol1_gd0_rs0_bd1_str-mpfair_t00_n1,305,1,1,mistralai/Mistral-Small-24B-Instruct-2501,1,0,1,0,mpfair,0.0,10.0,0.0
2026-08-12 15:00:28,IA55_m-mistral-small-24b_sol1_gd0_rs0_bd1_str-mpfair_t00_n1,305,2,1,mistralai/Mistral-Small-24B-Instruct-2501,1,0,1,0,mpfair,0.0,0.0,0.0
2026-08-12 15:00:45,IA55_m-mistral-small-24b_sol1_gd0_rs0_bd1_str-mpfair_t00_n1,305,3,1,mistralai/Mistral-Small-24B-Instruct-2501,1,0,1,0,mpfair,0.0,10.0,0.0
2026-08-12 15:01:02,IA55_m-mistral-small-24b_sol1_gd0_rs0_bd1_str-mpfair_t00_n1,306,1,1,mistralai/Mistral-Small-24B-Instruct-2501,1,0,1,0,mpfair,0.0,10.5,0.0
2026-08-12 15:01:15,IA55_m-mistral-small-24b_sol1_gd0_rs0_bd1_str-mpfair_t00_n1,306,2,1,mistralai/Mistral-Small-24B-Instruct-2501,1,0,1,0,mpfair,0.0,0.0,0.0
2026-08-12 15:01:34,IA55_m-mistral-small-24b_sol1_gd0_rs0_bd1_str-mpfair_t00_n1,306,3,1,mistralai/Mistral-Small-24B-Instruct-2501,1,0,1,0,mpfair,0.0,10.0,0.0
2026-08-12 15:01:50,IA55_m-mistral-small-24b_sol1_gd0_rs0_bd1_str-mpfair_t00_n1,307,1,1,mistralai/Mistral-Small-24B-Instruct-2501,1,0,1,0,mpfair,0.0,0.0,0.0
2026-08-12 15:02:05,IA55_m-mistral-small-24b_sol1_gd0_rs0_bd1_str-mpfair_t00_n1,307,2,1,mistralai/Mistral-Small-24B-Instruct-2501,1,0,1,0,mpfair,0.0,0.0,0.0
2026-08-12 15:02:23,IA55_m-mistral-small-24b_sol1_gd0_rs0_bd1_str-mpfair_t00_n1,307,3,1,mistralai/Mistral-Small-24B-Instruct-2501,1,0,1,0,mpfair,0.0,0.0,0.0
2026-08-12 15:02:41,IA55_m-mistral-small-24b_sol1_gd0_rs0_bd1_str-mpfair_t00_n1,308,1,1,mistralai/Mistral-Small-24B-Instruct-2501,1,0,1,0,mpfair,0.0,10.0,0.0
2026-08-12 15:02:54,IA55_m-mistral-small-24b_sol1_gd0_rs0_bd1_str-mpfair_t00_n1,308,2,1,mistralai/Mistral-Small-24B-Instruct-2501,1,0,1,0,mpfair,0.0,0.0,0.0
2026-08-12 15:03:12,IA55_m-mistral-small-24b_sol1_gd0_rs0_bd1_str-mpfair_t00_n1,308,3,1,mistralai/Mistral-Small-24B-Instruct-2501,1,0,1,0,mpfair,0.0,0.0,0.0
2026-08-12 15:03:29,IA55_m-mistral-small-24b_sol1_gd0_rs0_bd1_str-mpfair_t00_n1,309,1,1,mistralai/Mistral-Small-24B-Instruct-2501,1,0,1,0,mpfair,0.0,0.0,0.0
2026-08-12 15:03:42,IA55_m-mistral-small-24b_sol1_gd0_rs0_bd1_str-mpfair_t00_n1,309,2,1,mistralai/Mistral-Small-24B-Instruct-2501,1,0,1,0,mpfair,0.0,0.0,0.0
2026-08-12 15:03:59,IA55_m-mistral-small-24b_sol1_gd0_rs0_bd1_str-mpfair_t00_n1,309,3,1,mistralai/Mistral-Small-24B-Instruct-2501,1,0,1,0,mpfair,0.0,0.0,0.0
2026-08-12 15:04:17,IA55_m-mistral-small-24b_sol1_gd0_rs0_bd1_str-mpfair_t00_n1,310,1,1,mistralai/Mistral-Small-24B-Instruct-2501,1,0,1,0,mpfair,0.0,0.0,0.0
2026-08-12 15:04:30,IA55_m-mistral-small-24b_sol1_gd0_rs0_bd1_str-mpfair_t00_n1,310,2,1,mistralai/Mistral-Small-24B-Instruct-2501,1,0,1,0,mpfair,0.0,0.0,0.0
2026-08-12 15:04:48,IA55_m-mistral-small-24b_sol1_gd0_rs0_bd1_str-mpfair_t00_n1,310,3,1,mistralai/Mistral-Small-24B-Instruct-2501,1,0,1,0,mpfair,0.0,0.0,0.0
2026-08-12 15:05:06,IA55_m-mistral-small-24b_sol1_gd0_rs0_bd1_str-mpfair_t00_n1,311,1,1,mistralai/Mistral-Small-24B-Instruct-2501,1,0,1,0,mpfair,0.0,12.5,0.0
2026-08-12 15:05:21,IA55_m-mistral-small-24b_sol1_gd0_rs0_bd1_str-mpfair_t00_n1,311,2,1,mistralai/Mistral-Small-24B-Instruct-2501,1,0,1,0,mpfair,0.0,0.0,0.0
2026-08-12 15:05:39,IA55_m-mistral-small-24b_sol1_gd0_rs0_bd1_str-mpfair_t00_n1,311,3,1,mistralai/Mistral-Small-24B-Instruct-2501,1,0,1,0,mpfair,0.0,0.0,0.0
2026-08-12 15:05:57,IA55_m-mistral-small-24b_sol1_gd0_rs0_bd1_str-mpfair_t00_n1,312,1,1,mistralai/Mistral-Small-24B-Instruct-2501,1,0,1,0,mpfair,0.0,0.0,0.0
2026-08-12 15:06:10,IA55_m-mistral-small-24b_sol1_gd0_rs0_bd1_str-mpfair_t00_n1,312,2,1,mistralai/Mistral-Small-24B-Instruct-2501,1,0,1,0,mpfair,0.0,10.0,0.0
2026-08-12 15:06:28,IA55_m-mistral-small-24b_sol1_gd0_rs0_bd1_str-mpfair_t00_n1,312,3,1,mistralai/Mistral-Small-24B-Instruct-2501,1,0,1,0,mpfair,0.0,10.5,0.0
2026-08-12 15:06:47,IA55_m-mistral-small-24b_sol1_gd0_rs0_bd1_str-mpfair_t00_n1,313,1,1,mistralai/Mistral-Small-24B-Instruct-2501,1,0,1,0,mpfair,0.0,12.5,0.0
2026-08-12 15:07:01,IA55_m-mistral-small-24b_sol1_gd0_rs0_bd1_str-mpfair_t00_n1,313,2,1,mistralai/Mistral-Small-24B-Instruct-2501,1,0,1,0,mpfair,0.0,10.0,0.0
2026-08-12 15:07:19,IA55_m-mistral-small-24b_sol1_gd0_rs0_bd1_str-mpfair_t00_n1,313,3,1,mistralai/Mistral-Small-24B-Instruct-2501,1,0,1,0,mpfair,0.0,10.5,0.0
2026-08-12 15:07:37,IA55_m-mistral-small-24b_sol1_gd0_rs0_bd1_str-mpfair_t00_n1,314,1,1,mistralai/Mistral-Small-24B-Instruct-2501,1,0,1,0,mpfair,0.0,14.5,0.0
2026-08-12 15:07:50,IA55_m-mistral-small-24b_sol1_gd0_rs0_bd1_str-mpfair_t00_n1,314,2,1,mistralai/Mistral-Small-24B-Instruct-2501,1,0,1,0,mpfair,0.0,10.0,0.0
2026-08-12 15:08:07,IA55_m-mistral-small-24b_sol1_gd0_rs0_bd1_str-mpfair_t00_n1,314,3,1,mistralai/Mistral-Small-24B-Instruct-2501,1,0,1,0,mpfair,0.0,10.0,0.0
2026-08-12 15:08:25,IA55_m-mistral-small-24b_sol1_gd0_rs0_bd1_str-mpfair_t00_n1,315,1,1,mistralai/Mistral-Small-24B-Instruct-2501,1,0,1,0,mpfair,0.0,12.5,0.0
2026-08-12 15:08:39,IA55_m-mistral-small-24b_sol1_gd0_rs0_bd1_str-mpfair_t00_n1,315,2,1,mistralai/Mistral-Small-24B-Instruct-2501,1,0,1,0,mpfair,0.0,0.0,0.0
2026-08-12 15:08:57,IA55_m-mistral-small-24b_sol1_gd0_rs0_bd1_str-mpfair_t00_n1,315,3,1,mistralai/Mistral-Small-24B-Instruct-2501,1,0,1,0,mpfair,0.0,10.5,0.0
2026-08-12 15:09:16,IA55_m-mistral-small-24b_sol1_gd0_rs0_bd1_str-mpfair_t00_n1,316,1,1,mistralai/Mistral-Small-24B-Instruct-2501,1,0,1,0,mpfair,0.0,18.0,0.0
2026-08-12 15:09:29,IA55_m-mistral-small-24b_sol1_gd0_rs0_bd1_str-mpfair_t00_n1,316,2,1,mistralai/Mistral-Small-24B-Instruct-2501,1,0,1,0,mpfair,0.0,10.0,0.0
2026-08-12 15:09:47,IA55_m-mistral-small-24b_sol1_gd0_rs0_bd1_str-mpfair_t00_n1,316,3,1,mistralai/Mistral-Small-24B-Instruct-2501,1,0,1,0,mpfair,0.0,0.0,0.0
2026-08-12 15:10:06,IA55_m-mistral-small-24b_sol1_gd0_rs0_bd1_str-mpfair_t00_n1,317,1,1,mistralai/Mistral-Small-24B-Instruct-2501,1,0,1,0,mpfair,0.0,10.0,0.0
2026-08-12 15:10:18,IA55_m-mistral-small-24b_sol1_gd0_rs0_bd1_str-mpfair_t00_n1,317,2,1,mistralai/Mistral-Small-24B-Instruct-2501,1,0,1,0,mpfair,0.0,0.0,0.0
2026-08-12 15:10:36,IA55_m-mistral-small-24b_sol1_gd0_rs0_bd1_str-mpfair_t00_n1,317,3,1,mistralai/Mistral-Small-24B-Instruct-2501,1,0,1,0,mpfair,0.0,0.0,0.0
2026-08-12 15:10:54,IA55_m-mistral-small-24b_sol1_gd0_rs0_bd1_str-mpfair_t00_n1,318,1,1,mistralai/Mistral-Small-24B-Instruct-2501,1,0,1,0,mpfair,0.0,14.5,0.0
2026-08-12 15:11:08,IA55_m-mistral-small-24b_sol1_gd0_rs0_bd1_str-mpfair_t00_n1,318,2,1,mistralai/Mistral-Small-24B-Instruct-2501,1,0,1,0,mpfair,0.0,0.0,0.0
2026-08-12 15:11:27,IA55_m-mistral-small-24b_sol1_gd0_rs0_bd1_str-mpfair_t00_n1,318,3,1,mistralai/Mistral-Small-24B-Instruct-2501,1,0,1,0,mpfair,0.0,12.5,0.0
2026-08-12 15:11:47,IA55_m-mistral-small-24b_sol1_gd0_rs0_bd1_str-mpfair_t00_n1,319,1,1,mistralai/Mistral-Small-24B-Instruct-2501,1,0,1,0,mpfair,0.0,10.0,0.0
2026-08-12 15:11:58,IA55_m-mistral-small-24b_sol1_gd0_rs0_bd1_str-mpfair_t00_n1,319,2,1,mistralai/Mistral-Small-24B-Instruct-2501,1,0,1,0,mpfair,0.0,0.0,0.0
2026-08-12 15:12:15,IA55_m-mistral-small-24b_sol1_gd0_rs0_bd1_str-mpfair_t00_n1,319,3,1,mistralai/Mistral-Small-24B-Instruct-2501,1,0,1,0,mpfair,0.0,10.5,0.0
2026-08-12 15:12:34,IA55_m-mistral-small-24b_sol1_gd0_rs0_bd1_str-mpfair_t00_n1,320,1,1,mistralai/Mistral-Small-24B-Instruct-2501,1,0,1,0,mpfair,0.0,10.0,0.0
2026-08-12 15:12:48,IA55_m-mistral-small-24b_sol1_gd0_rs0_bd1_str-mpfair_t00_n1,320,2,1,mistralai/Mistral-Small-24B-Instruct-2501,1,0,1,0,mpfair,0.0,10.0,0.0
2026-08-12 15:13:06,IA55_m-mistral-small-24b_sol1_gd0_rs0_bd1_str-mpfair_t00_n1,320,3,1,mistralai/Mistral-Small-24B-Instruct-2501,1,0,1,0,mpfair,0.0,10.5,0.0
2026-08-12 15:13:25,IA55_m-mistral-small-24b_sol1_gd0_rs0_bd1_str-mpfair_t00_n1,321,1,1,mistralai/Mistral-Small-24B-Instruct-2501,1,0,1,0,mpfair,0.0,13.5,0.0
2026-08-12 15:13:37,IA55_m-mistral-small-24b_sol1_gd0_rs0_bd1_str-mpfair_t00_n1,321,2,1,mistralai/Mistral-Small-24B-Instruct-2501,1,0,1,0,mpfair,0.0,0.0,0.0
2026-08-12 15:13:56,IA55_m-mistral-small-24b_sol1_gd0_rs0_bd1_str-mpfair_t00_n1,321,3,1,mistralai/Mistral-Small-24B-Instruct-2501,1,0,1,0,mpfair,0.0,10.5,0.0
2026-08-12 15:14:15,IA55_m-mistral-small-24b_sol1_gd0_rs0_bd1_str-mpfair_t00_n1,322,1,1,mistralai/Mistral-Small-24B-Instruct-2501,1,0,1,0,mpfair,0.0,13.5,0.0
2026-08-12 15:14:27,IA55_m-mistral-small-24b_sol1_gd0_rs0_bd1_str-mpfair_t00_n1,322,2,1,mistralai/Mistral-Small-24B-Instruct-2501,1,0,1,0,mpfair,0.0,10.0,0.0
2026-08-12 15:14:45,IA55_m-mistral-small-24b_sol1_gd0_rs0_bd1_str-mpfair_t00_n1,322,3,1,mistralai/Mistral-Small-24B-Instruct-2501,1,0,1,0,mpfair,0.0,10.5,0.0
2026-08-12 15:15:03,IA55_m-mistral-small-24b_sol1_gd0_rs0_bd1_str-mpfair_t00_n1,323,1,1,mistralai/Mistral-Small-24B-Instruct-2501,1,0,1,0,mpfair,0.0,19.5,0.0
2026-08-12 15:15:17,IA55_m-mistral-small-24b_sol1_gd0_rs0_bd1_str-mpfair_t00_n1,323,2,1,mistralai/Mistral-Small-24B-Instruct-2501,1,0,1,0,mpfair,0.0,10.0,0.0
2026-08-12 15:15:36,IA55_m-mistral-small-24b_sol1_gd0_rs0_bd1_str-mpfair_t00_n1,323,3,1,mistralai/Mistral-Small-24B-Instruct-2501,1,0,1,0,mpfair,0.0,10.5,0.0
2026-08-12 15:15:54,IA55_m-mistral-small-24b_sol1_gd0_rs0_bd1_str-mpfair_t00_n1,324,1,1,mistralai/Mistral-Small-24B-Instruct-2501,1,0,1,0,mpfair,0.0,13.5,0.0
2026-08-12 15:16:08,IA55_m-mistral-small-24b_sol1_gd0_rs0_bd1_str-mpfair_t00_n1,324,2,1,mistralai/Mistral-Small-24B-Instruct-2501,1,0,1,0,mpfair,0.0,10.0,0.0
2026-08-12 15:16:25,IA55_m-mistral-small-24b_sol1_gd0_rs0_bd1_str-mpfair_t00_n1,324,3,1,mistralai/Mistral-Small-24B-Instruct-2501,1,0,1,0,mpfair,0.0,10.5,0.0
2026-08-12 15:16:43,IA55_m-mistral-small-24b_sol1_gd0_rs0_bd1_str-mpfair_t00_n1,325,1,1,mistralai/Mistral-Small-24B-Instruct-2501,1,0,1,0,mpfair,0.0,10.5,0.0
2026-08-12 15:16:56,IA55_m-mistral-small-24b_sol1_gd0_rs0_bd1_str-mpfair_t00_n1,325,2,1,mistralai/Mistral-Small-24B-Instruct-2501,1,0,1,0,mpfair,0.0,14.0,3.0
2026-08-12 15:17:14,IA55_m-mistral-small-24b_sol1_gd0_rs0_bd1_str-mpfair_t00_n1,325,3,1,mistralai/Mistral-Small-24B-Instruct-2501,1,0,1,0,mpfair,0.0,10.5,0.0
2026-08-12 15:17:34,IA55_m-mistral-small-24b_sol1_gd0_rs0_bd1_str-mpfair_t00_n1,326,1,1,mistralai/Mistral-Small-24B-Instruct-2501,1,0,1,0,mpfair,0.0,10.0,0.0
2026-08-12 15:17:47,IA55_m-mistral-small-24b_sol1_gd0_rs0_bd1_str-mpfair_t00_n1,326,2,1,mistralai/Mistral-Small-24B-Instruct-2501,1,0,1,0,mpfair,0.0,0.0,0.0
2026-08-12 15:18:05,IA55_m-mistral-small-24b_sol1_gd0_rs0_bd1_str-mpfair_t00_n1,326,3,1,mistralai/Mistral-Small-24B-Instruct-2501,1,0,1,0,mpfair,0.0,0.0,0.0
2026-08-12 15:18:22,IA55_m-mistral-small-24b_sol1_gd0_rs0_bd1_str-mpfair_t00_n1,327,1,1,mistralai/Mistral-Small-24B-Instruct-2501,1,0,1,0,mpfair,0.0,0.0,0.0
2026-08-12 15:18:36,IA55_m-mistral-small-24b_sol1_gd0_rs0_bd1_str-mpfair_t00_n1,327,2,1,mistralai/Mistral-Small-24B-Instruct-2501,1,0,1,0,mpfair,0.0,0.0,0.0
2026-08-12 15:18:54,IA55_m-mistral-small-24b_sol1_gd0_rs0_bd1_str-mpfair_t00_n1,327,3,1,mistralai/Mistral-Small-24B-Instruct-2501,1,0,1,0,mpfair,0.0,0.0,0.0
2026-08-12 15:19:11,IA55_m-mistral-small-24b_sol1_gd0_rs0_bd1_str-mpfair_t00_n1,328,1,1,mistralai/Mistral-Small-24B-Instruct-2501,1,0,1,0,mpfair,0.0,0.0,0.0
2026-08-12 15:19:24,IA55_m-mistral-small-24b_sol1_gd0_rs0_bd1_str-mpfair_t00_n1,328,2,1,mistralai/Mistral-Small-24B-Instruct-2501,1,0,1,0,mpfair,0.0,0.0,0.0
2026-08-12 15:19:42,IA55_m-mistral-small-24b_sol1_gd0_rs0_bd1_str-mpfair_t00_n1,328,3,1,mistralai/Mistral-Small-24B-Instruct-2501,1,0,1,0,mpfair,0.0,0.0,0.0
2026-08-12 15:19:58,IA55_m-mistral-small-24b_sol1_gd0_rs0_bd1_str-mpfair_t00_n1,329,1,1,mistralai/Mistral-Small-24B-Instruct-2501,1,0,1,0,mpfair,0.0,10.5,0.0
2026-08-12 15:20:11,IA55_m-mistral-small-24b_sol1_gd0_rs0_bd1_str-mpfair_t00_n1,329,2,1,mistralai/Mistral-Small-24B-Instruct-2501,1,0,1,0,mpfair,0.0,0.0,0.0
2026-08-12 15:20:26,IA55_m-mistral-small-24b_sol1_gd0_rs0_bd1_str-mpfair_t00_n1,329,3,1,mistralai/Mistral-Small-24B-Instruct-2501,1,0,1,0,mpfair,0.0,0.0,0.0
2026-08-12 15:20:45,IA55_m-mistral-small-24b_sol1_gd0_rs0_bd1_str-mpfair_t00_n1,330,1,1,mistralai/Mistral-Small-24B-Instruct-2501,1,0,1,0,mpfair,0.0,14.5,0.0
2026-08-12 15:21:00,IA55_m-mistral-small-24b_sol1_gd0_rs0_bd1_str-mpfair_t00_n1,330,2,1,mistralai/Mistral-Small-24B-Instruct-2501,1,0,1,0,mpfair,0.0,0.0,0.0
2026-08-12 15:21:17,IA55_m-mistral-small-24b_sol1_gd0_rs0_bd1_str-mpfair_t00_n1,330,3,1,mistralai/Mistral-Small-24B-Instruct-2501,1,0,1,0,mpfair,0.0,10.5,0.0
2026-08-12 15:21:36,IA55_m-mistral-small-24b_sol1_gd0_rs0_bd1_str-mpfair_t00_n1,331,1,1,mistralai/Mistral-Small-24B-Instruct-2501,1,0,1,0,mpfair,0.0,18.0,3.0
2026-08-12 15:21:49,IA55_m-mistral-small-24b_sol1_gd0_rs0_bd1_str-mpfair_t00_n1,331,2,1,mistralai/Mistral-Small-24B-Instruct-2501,1,0,1,0,mpfair,0.0,10.0,0.0
2026-08-12 15:22:07,IA55_m-mistral-small-24b_sol1_gd0_rs0_bd1_str-mpfair_t00_n1,331,3,1,mistralai/Mistral-Small-24B-Instruct-2501,1,0,1,0,mpfair,0.0,12.5,0.0
2026-08-12 15:22:28,IA55_m-mistral-small-24b_sol1_gd0_rs0_bd1_str-mpfair_t00_n1,332,1,1,mistralai/Mistral-Small-24B-Instruct-2501,1,0,1,0,mpfair,0.0,10.0,0.0
2026-08-12 15:22:49,IA55_m-mistral-small-24b_sol1_gd0_rs0_bd1_str-mpfair_t00_n1,332,2,1,mistralai/Mistral-Small-24B-Instruct-2501,1,0,1,0,mpfair,0.0,10.0,0.0
2026-08-12 15:23:07,IA55_m-mistral-small-24b_sol1_gd0_rs0_bd1_str-mpfair_t00_n1,332,3,1,mistralai/Mistral-Small-24B-Instruct-2501,1,0,1,0,mpfair,0.0,10.5,0.0
2026-08-12 15:23:25,IA55_m-mistral-small-24b_sol1_gd0_rs0_bd1_str-mpfair_t00_n1,333,1,1,mistralai/Mistral-Small-24B-Instruct-2501,1,0,1,0,mpfair,0.0,12.5,0.0
2026-08-12 15:23:38,IA55_m-mistral-small-24b_sol1_gd0_rs0_bd1_str-mpfair_t00_n1,333,2,1,mistralai/Mistral-Small-24B-Instruct-2501,1,0,1,0,mpfair,0.0,0.0,0.0
2026-08-12 15:23:56,IA55_m-mistral-small-24b_sol1_gd0_rs0_bd1_str-mpfair_t00_n1,333,3,1,mistralai/Mistral-Small-24B-Instruct-2501,1,0,1,0,mpfair,0.0,0.0,0.0
2026-08-12 15:24:16,IA55_m-mistral-small-24b_sol1_gd0_rs0_bd1_str-mpfair_t00_n1,334,1,1,mistralai/Mistral-Small-24B-Instruct-2501,1,0,1,0,mpfair,0.0,10.5,0.0
2026-08-12 15:24:28,IA55_m-mistral-small-24b_sol1_gd0_rs0_bd1_str-mpfair_t00_n1,334,2,1,mistralai/Mistral-Small-24B-Instruct-2501,1,0,1,0,mpfair,0.0,10.0,0.0
2026-08-12 15:24:46,IA55_m-mistral-small-24b_sol1_gd0_rs0_bd1_str-mpfair_t00_n1,334,3,1,mistralai/Mistral-Small-24B-Instruct-2501,1,0,1,0,mpfair,0.0,0.0,0.0
2026-08-12 15:25:04,IA55_m-mistral-small-24b_sol1_gd0_rs0_bd1_str-mpfair_t00_n1,335,1,1,mistralai/Mistral-Small-24B-Instruct-2501,1,0,1,0,mpfair,0.0,10.0,0.0
2026-08-12 15:25:16,IA55_m-mistral-small-24b_sol1_gd0_rs0_bd1_str-mpfair_t00_n1,335,2,1,mistralai/Mistral-Small-24B-Instruct-2501,1,0,1,0,mpfair,0.0,0.0,0.0
2026-08-12 15:25:33,IA55_m-mistral-small-24b_sol1_gd0_rs0_bd1_str-mpfair_t00_n1,335,3,1,mistralai/Mistral-Small-24B-Instruct-2501,1,0,1,0,mpfair,0.0,0.0,0.0
2026-08-12 15:25:51,IA55_m-mistral-small-24b_sol1_gd0_rs0_bd1_str-mpfair_t00_n1,336,1,1,mistralai/Mistral-Small-24B-Instruct-2501,1,0,1,0,mpfair,0.0,19.0,3.0
2026-08-12 15:26:05,IA55_m-mistral-small-24b_sol1_gd0_rs0_bd1_str-mpfair_t00_n1,336,2,1,mistralai/Mistral-Small-24B-Instruct-2501,1,0,1,0,mpfair,0.0,12.0,3.0
2026-08-12 15:26:23,IA55_m-mistral-small-24b_sol1_gd0_rs0_bd1_str-mpfair_t00_n1,336,3,1,mistralai/Mistral-Small-24B-Instruct-2501,1,0,1,0,mpfair,0.0,14.0,0.0
2026-08-12 15:26:42,IA55_m-mistral-small-24b_sol1_gd0_rs0_bd1_str-mpfair_t00_n1,337,1,1,mistralai/Mistral-Small-24B-Instruct-2501,1,0,1,0,mpfair,0.0,1.0,0.0
2026-08-12 15:26:53,IA55_m-mistral-small-24b_sol1_gd0_rs0_bd1_str-mpfair_t00_n1,337,2,1,mistralai/Mistral-Small-24B-Instruct-2501,1,0,1,0,mpfair,0.0,0.0,0.0
2026-08-12 15:27:12,IA55_m-mistral-small-24b_sol1_gd0_rs0_bd1_str-mpfair_t00_n1,337,3,1,mistralai/Mistral-Small-24B-Instruct-2501,1,0,1,0,mpfair,0.0,10.5,0.0
2026-08-12 15:27:30,IA55_m-mistral-small-24b_sol1_gd0_rs0_bd1_str-mpfair_t00_n1,338,1,1,mistralai/Mistral-Small-24B-Instruct-2501,1,0,1,0,mpfair,0.0,13.5,0.0
2026-08-12 15:27:44,IA55_m-mistral-small-24b_sol1_gd0_rs0_bd1_str-mpfair_t00_n1,338,2,1,mistralai/Mistral-Small-24B-Instruct-2501,1,0,1,0,mpfair,0.0,10.0,0.0
2026-08-12 15:28:03,IA55_m-mistral-small-24b_sol1_gd0_rs0_bd1_str-mpfair_t00_n1,338,3,1,mistralai/Mistral-Small-24B-Instruct-2501,1,0,1,0,mpfair,0.0,0.0,0.0
2026-08-12 15:28:23,IA55_m-mistral-small-24b_sol1_gd0_rs0_bd1_str-mpfair_t00_n1,339,1,1,mistralai/Mistral-Small-24B-Instruct-2501,1,0,1,0,mpfair,0.0,10.0,0.0
2026-08-12 15:28:38,IA55_m-mistral-small-24b_sol1_gd0_rs0_bd1_str-mpfair_t00_n1,339,2,1,mistralai/Mistral-Small-24B-Instruct-2501,1,0,1,0,mpfair,0.0,0.0,0.0
2026-08-12 15:28:53,IA55_m-mistral-small-24b_sol1_gd0_rs0_bd1_str-mpfair_t00_n1,339,3,1,mistralai/Mistral-Small-24B-Instruct-2501,1,0,1,0,mpfair,0.0,0.0,0.0
2026-08-12 15:29:10,IA55_m-mistral-small-24b_sol1_gd0_rs0_bd1_str-mpfair_t00_n1,340,1,1,mistralai/Mistral-Small-24B-Instruct-2501,1,0,1,0,mpfair,0.0,10.5,0.0
2026-08-12 15:29:23,IA55_m-mistral-small-24b_sol1_gd0_rs0_bd1_str-mpfair_t00_n1,340,2,1,mistralai/Mistral-Small-24B-Instruct-2501,1,0,1,0,mpfair,0.0,0.0,0.0
2026-08-12 15:29:40,IA55_m-mistral-small-24b_sol1_gd0_rs0_bd1_str-mpfair_t00_n1,340,3,1,mistralai/Mistral-Small-24B-Instruct-2501,1,0,1,0,mpfair,0.0,10.5,0.0
2026-08-12 15:29:59,IA55_m-mistral-small-24b_sol1_gd0_rs0_bd1_str-mpfair_t00_n1,341,1,1,mistralai/Mistral-Small-24B-Instruct-2501,1,0,1,0,mpfair,0.0,12.5,0.0
2026-08-12 15:30:13,IA55_m-mistral-small-24b_sol1_gd0_rs0_bd1_str-mpfair_t00_n1,341,2,1,mistralai/Mistral-Small-24B-Instruct-2501,1,0,1,0,mpfair,0.0,0.0,0.0
2026-08-12 15:30:30,IA55_m-mistral-small-24b_sol1_gd0_rs0_bd1_str-mpfair_t00_n1,341,3,1,mistralai/Mistral-Small-24B-Instruct-2501,1,0,1,0,mpfair,0.0,0.0,0.0
2026-08-12 15:30:48,IA55_m-mistral-small-24b_sol1_gd0_rs0_bd1_str-mpfair_t00_n1,342,1,1,mistralai/Mistral-Small-24B-Instruct-2501,1,0,1,0,mpfair,0.0,10.5,0.0
2026-08-12 15:31:01,IA55_m-mistral-small-24b_sol1_gd0_rs0_bd1_str-mpfair_t00_n1,342,2,1,mistralai/Mistral-Small-24B-Instruct-2501,1,0,1,0,mpfair,0.0,0.0,0.0
2026-08-12 15:31:20,IA55_m-mistral-small-24b_sol1_gd0_rs0_bd1_str-mpfair_t00_n1,342,3,1,mistralai/Mistral-Small-24B-Instruct-2501,1,0,1,0,mpfair,0.0,0.0,0.0
2026-08-12 15:31:38,IA55_m-mistral-small-24b_sol1_gd0_rs0_bd1_str-mpfair_t00_n1,343,1,1,mistralai/Mistral-Small-24B-Instruct-2501,1,0,1,0,mpfair,0.0,18.5,3.0
2026-08-12 15:31:50,IA55_m-mistral-small-24b_sol1_gd0_rs0_bd1_str-mpfair_t00_n1,343,2,1,mistralai/Mistral-Small-24B-Instruct-2501,1,0,1,0,mpfair,0.0,10.0,3.0
2026-08-12 15:32:07,IA55_m-mistral-small-24b_sol1_gd0_rs0_bd1_str-mpfair_t00_n1,343,3,1,mistralai/Mistral-Small-24B-Instruct-2501,1,0,1,0,mpfair,0.0,14.0,0.0
2026-08-12 15:32:24,IA55_m-mistral-small-24b_sol1_gd0_rs0_bd1_str-mpfair_t00_n1,344,1,1,mistralai/Mistral-Small-24B-Instruct-2501,1,0,1,0,mpfair,0.0,10.5,0.0
2026-08-12 15:32:37,IA55_m-mistral-small-24b_sol1_gd0_rs0_bd1_str-mpfair_t00_n1,344,2,1,mistralai/Mistral-Small-24B-Instruct-2501,1,0,1,0,mpfair,0.0,0.0,0.0
2026-08-12 15:32:54,IA55_m-mistral-small-24b_sol1_gd0_rs0_bd1_str-mpfair_t00_n1,344,3,1,mistralai/Mistral-Small-24B-Instruct-2501,1,0,1,0,mpfair,0.0,10.5,0.0
2026-08-12 15:33:12,IA55_m-mistral-small-24b_sol1_gd0_rs0_bd1_str-mpfair_t00_n1,345,1,1,mistralai/Mistral-Small-24B-Instruct-2501,1,0,1,0,mpfair,0.0,10.0,0.0
2026-08-12 15:33:25,IA55_m-mistral-small-24b_sol1_gd0_rs0_bd1_str-mpfair_t00_n1,345,2,1,mistralai/Mistral-Small-24B-Instruct-2501,1,0,1,0,mpfair,0.0,0.0,0.0
2026-08-12 15:33:43,IA55_m-mistral-small-24b_sol1_gd0_rs0_bd1_str-mpfair_t00_n1,345,3,1,mistralai/Mistral-Small-24B-Instruct-2501,1,0,1,0,mpfair,0.0,0.0,0.0
2026-08-12 15:34:01,IA55_m-mistral-small-24b_sol1_gd0_rs0_bd1_str-mpfair_t00_n1,346,1,1,mistralai/Mistral-Small-24B-Instruct-2501,1,0,1,0,mpfair,0.0,0.0,0.0
2026-08-12 15:34:14,IA55_m-mistral-small-24b_sol1_gd0_rs0_bd1_str-mpfair_t00_n1,346,2,1,mistralai/Mistral-Small-24B-Instruct-2501,1,0,1,0,mpfair,0.0,0.0,0.0
2026-08-12 15:34:31,IA55_m-mistral-small-24b_sol1_gd0_rs0_bd1_str-mpfair_t00_n1,346,3,1,mistralai/Mistral-Small-24B-Instruct-2501,1,0,1,0,mpfair,0.0,0.0,0.0
2026-08-12 15:34:49,IA55_m-mistral-small-24b_sol1_gd0_rs0_bd1_str-mpfair_t00_n1,347,1,1,mistralai/Mistral-Small-24B-Instruct-2501,1,0,1,0,mpfair,0.0,13.5,0.0
2026-08-12 15:35:02,IA55_m-mistral-small-24b_sol1_gd0_rs0_bd1_str-mpfair_t00_n1,347,2,1,mistralai/Mistral-Small-24B-Instruct-2501,1,0,1,0,mpfair,0.0,0.0,0.0
2026-08-12 15:35:20,IA55_m-mistral-small-24b_sol1_gd0_rs0_bd1_str-mpfair_t00_n1,347,3,1,mistralai/Mistral-Small-24B-Instruct-2501,1,0,1,0,mpfair,0.0,0.0,0.0
2026-08-12 15:35:37,IA55_m-mistral-small-24b_sol1_gd0_rs0_bd1_str-mpfair_t00_n1,348,1,1,mistralai/Mistral-Small-24B-Instruct-2501,1,0,1,0,mpfair,0.0,19.5,0.0
2026-08-12 15:35:51,IA55_m-mistral-small-24b_sol1_gd0_rs0_bd1_str-mpfair_t00_n1,348,2,1,mistralai/Mistral-Small-24B-Instruct-2501,1,0,1,0,mpfair,0.0,10.0,0.0
2026-08-12 15:36:08,IA55_m-mistral-small-24b_sol1_gd0_rs0_bd1_str-mpfair_t00_n1,348,3,1,mistralai/Mistral-Small-24B-Instruct-2501,1,0,1,0,mpfair,0.0,14.0,0.0
2026-08-12 15:36:25,IA55_m-mistral-small-24b_sol1_gd0_rs0_bd1_str-mpfair_t00_n1,349,1,1,mistralai/Mistral-Small-24B-Instruct-2501,1,0,1,0,mpfair,0.0,10.5,0.0
2026-08-12 15:36:39,IA55_m-mistral-small-24b_sol1_gd0_rs0_bd1_str-mpfair_t00_n1,349,2,1,mistralai/Mistral-Small-24B-Instruct-2501,1,0,1,0,mpfair,0.0,0.0,0.0
2026-08-12 15:36:57,IA55_m-mistral-small-24b_sol1_gd0_rs0_bd1_str-mpfair_t00_n1,349,3,1,mistralai/Mistral-Small-24B-Instruct-2501,1,0,1,0,mpfair,0.0,10.0,0.0
2026-08-12 15:37:14,IA55_m-mistral-small-24b_sol1_gd0_rs0_bd1_str-mpfair_t00_n1,350,1,1,mistralai/Mistral-Small-24B-Instruct-2501,1,0,1,0,mpfair,0.0,10.5,0.0
2026-08-12 15:37:27,IA55_m-mistral-small-24b_sol1_gd0_rs0_bd1_str-mpfair_t00_n1,350,2,1,mistralai/Mistral-Small-24B-Instruct-2501,1,0,1,0,mpfair,0.0,0.0,0.0
2026-08-12 15:37:45,IA55_m-mistral-small-24b_sol1_gd0_rs0_bd1_str-mpfair_t00_n1,350,3,1,mistralai/Mistral-Small-24B-Instruct-2501,1,0,1,0,mpfair,0.0,10.5,0.0
2026-08-12 15:38:03,IA55_m-mistral-small-24b_sol1_gd0_rs0_bd1_str-mpfair_t00_n1,351,1,1,mistralai/Mistral-Small-24B-Instruct-2501,1,0,1,0,mpfair,0.0,15.5,0.0
2026-08-12 15:38:16,IA55_m-mistral-small-24b_sol1_gd0_rs0_bd1_str-mpfair_t00_n1,351,2,1,mistralai/Mistral-Small-24B-Instruct-2501,1,0,1,0,mpfair,0.0,12.0,3.0
2026-08-12 15:38:34,IA55_m-mistral-small-24b_sol1_gd0_rs0_bd1_str-mpfair_t00_n1,351,3,1,mistralai/Mistral-Small-24B-Instruct-2501,1,0,1,0,mpfair,0.0,10.5,0.0
2026-08-12 15:38:53,IA55_m-mistral-small-24b_sol1_gd0_rs0_bd1_str-mpfair_t00_n1,352,1,1,mistralai/Mistral-Small-24B-Instruct-2501,1,0,1,0,mpfair,0.0,10.5,0.0
2026-08-12 15:39:06,IA55_m-mistral-small-24b_sol1_gd0_rs0_bd1_str-mpfair_t00_n1,352,2,1,mistralai/Mistral-Small-24B-Instruct-2501,1,0,1,0,mpfair,0.0,0.0,0.0
2026-08-12 15:39:25,IA55_m-mistral-small-24b_sol1_gd0_rs0_bd1_str-mpfair_t00_n1,352,3,1,mistralai/Mistral-Small-24B-Instruct-2501,1,0,1,0,mpfair,0.0,0.0,0.0
2026-08-12 15:39:46,IA55_m-mistral-small-24b_sol1_gd0_rs0_bd1_str-mpfair_t00_n1,353,1,1,mistralai/Mistral-Small-24B-Instruct-2501,1,0,1,0,mpfair,0.0,19.5,0.0
2026-08-12 15:39:59,IA55_m-mistral-small-24b_sol1_gd0_rs0_bd1_str-mpfair_t00_n1,353,2,1,mistralai/Mistral-Small-24B-Instruct-2501,1,0,1,0,mpfair,0.0,12.0,3.0
2026-08-12 15:40:16,IA55_m-mistral-small-24b_sol1_gd0_rs0_bd1_str-mpfair_t00_n1,353,3,1,mistralai/Mistral-Small-24B-Instruct-2501,1,0,1,0,mpfair,0.0,10.5,0.0
2026-08-12 15:40:34,IA55_m-mistral-small-24b_sol1_gd0_rs0_bd1_str-mpfair_t00_n1,354,1,1,mistralai/Mistral-Small-24B-Instruct-2501,1,0,1,0,mpfair,0.0,13.5,0.0
2026-08-12 15:40:48,IA55_m-mistral-small-24b_sol1_gd0_rs0_bd1_str-mpfair_t00_n1,354,2,1,mistralai/Mistral-Small-24B-Instruct-2501,1,0,1,0,mpfair,0.0,0.0,0.0
2026-08-12 15:41:05,IA55_m-mistral-small-24b_sol1_gd0_rs0_bd1_str-mpfair_t00_n1,354,3,1,mistralai/Mistral-Small-24B-Instruct-2501,1,0,1,0,mpfair,0.0,10.5,0.0
2026-08-12 15:41:22,IA55_m-mistral-small-24b_sol1_gd0_rs0_bd1_str-mpfair_t00_n1,355,1,1,mistralai/Mistral-Small-24B-Instruct-2501,1,0,1,0,mpfair,0.0,10.5,0.0
2026-08-12 15:41:35,IA55_m-mistral-small-24b_sol1_gd0_rs0_bd1_str-mpfair_t00_n1,355,2,1,mistralai/Mistral-Small-24B-Instruct-2501,1,0,1,0,mpfair,0.0,10.0,0.0
2026-08-12 15:41:50,IA55_m-mistral-small-24b_sol1_gd0_rs0_bd1_str-mpfair_t00_n1,355,3,1,mistralai/Mistral-Small-24B-Instruct-2501,1,0,1,0,mpfair,0.0,0.0,0.0
2026-08-12 15:42:11,IA55_m-mistral-small-24b_sol1_gd0_rs0_bd1_str-mpfair_t00_n1,356,1,1,mistralai/Mistral-Small-24B-Instruct-2501,1,0,1,0,mpfair,0.0,1.0,0.0
2026-08-12 15:42:24,IA55_m-mistral-small-24b_sol1_gd0_rs0_bd1_str-mpfair_t00_n1,356,2,1,mistralai/Mistral-Small-24B-Instruct-2501,1,0,1,0,mpfair,0.0,0.0,0.0
2026-08-12 15:42:42,IA55_m-mistral-small-24b_sol1_gd0_rs0_bd1_str-mpfair_t00_n1,356,3,1,mistralai/Mistral-Small-24B-Instruct-2501,1,0,1,0,mpfair,0.0,0.0,0.0
2026-08-12 15:43:02,IA55_m-mistral-small-24b_sol1_gd0_rs0_bd1_str-mpfair_t00_n1,357,1,1,mistralai/Mistral-Small-24B-Instruct-2501,1,0,1,0,mpfair,0.0,13.5,0.0
2026-08-12 15:43:15,IA55_m-mistral-small-24b_sol1_gd0_rs0_bd1_str-mpfair_t00_n1,357,2,1,mistralai/Mistral-Small-24B-Instruct-2501,1,0,1,0,mpfair,0.0,10.0,0.0
2026-08-12 15:43:34,IA55_m-mistral-small-24b_sol1_gd0_rs0_bd1_str-mpfair_t00_n1,357,3,1,mistralai/Mistral-Small-24B-Instruct-2501,1,0,1,0,mpfair,0.0,10.5,0.0
2026-08-12 15:43:51,IA55_m-mistral-small-24b_sol1_gd0_rs0_bd1_str-mpfair_t00_n1,358,1,1,mistralai/Mistral-Small-24B-Instruct-2501,1,0,1,0,mpfair,0.0,13.5,0.0
2026-08-12 15:44:05,IA55_m-mistral-small-24b_sol1_gd0_rs0_bd1_str-mpfair_t00_n1,358,2,1,mistralai/Mistral-Small-24B-Instruct-2501,1,0,1,0,mpfair,0.0,0.0,0.0
2026-08-12 15:44:24,IA55_m-mistral-small-24b_sol1_gd0_rs0_bd1_str-mpfair_t00_n1,358,3,1,mistralai/Mistral-Small-24B-Instruct-2501,1,0,1,0,mpfair,0.0,0.0,0.0
2026-08-12 15:44:43,IA55_m-mistral-small-24b_sol1_gd0_rs0_bd1_str-mpfair_t00_n1,359,1,1,mistralai/Mistral-Small-24B-Instruct-2501,1,0,1,0,mpfair,0.0,10.5,0.0
2026-08-12 15:44:58,IA55_m-mistral-small-24b_sol1_gd0_rs0_bd1_str-mpfair_t00_n1,359,2,1,mistralai/Mistral-Small-24B-Instruct-2501,1,0,1,0,mpfair,0.0,10.0,0.0
2026-08-12 15:45:15,IA55_m-mistral-small-24b_sol1_gd0_rs0_bd1_str-mpfair_t00_n1,359,3,1,mistralai/Mistral-Small-24B-Instruct-2501,1,0,1,0,mpfair,0.0,10.5,0.0
2026-08-12 15:45:32,IA55_m-mistral-small-24b_sol1_gd0_rs0_bd1_str-mpfair_t00_n1,360,1,1,mistralai/Mistral-Small-24B-Instruct-2501,1,0,1,0,mpfair,0.0,12.5,0.0
2026-08-12 15:45:45,IA55_m-mistral-small-24b_sol1_gd0_rs0_bd1_str-mpfair_t00_n1,360,2,1,mistralai/Mistral-Small-24B-Instruct-2501,1,0,1,0,mpfair,0.0,0.0,0.0
2026-08-12 15:46:03,IA55_m-mistral-small-24b_sol1_gd0_rs0_bd1_str-mpfair_t00_n1,360,3,1,mistralai/Mistral-Small-24B-Instruct-2501,1,0,1,0,mpfair,0.0,0.0,0.0
2026-08-12 15:46:20,IA55_m-mistral-small-24b_sol1_gd0_rs0_bd1_str-mpfair_t00_n1,361,1,1,mistralai/Mistral-Small-24B-Instruct-2501,1,0,1,0,mpfair,0.0,10.5,0.0
2026-08-12 15:46:33,IA55_m-mistral-small-24b_sol1_gd0_rs0_bd1_str-mpfair_t00_n1,361,2,1,mistralai/Mistral-Small-24B-Instruct-2501,1,0,1,0,mpfair,0.0,10.0,0.0
2026-08-12 15:46:51,IA55_m-mistral-small-24b_sol1_gd0_rs0_bd1_str-mpfair_t00_n1,361,3,1,mistralai/Mistral-Small-24B-Instruct-2501,1,0,1,0,mpfair,0.0,10.5,0.0
2026-08-12 15:47:09,IA55_m-mistral-small-24b_sol1_gd0_rs0_bd1_str-mpfair_t00_n1,362,1,1,mistralai/Mistral-Small-24B-Instruct-2501,1,0,1,0,mpfair,0.0,13.5,0.0
2026-08-12 15:47:23,IA55_m-mistral-small-24b_sol1_gd0_rs0_bd1_str-mpfair_t00_n1,362,2,1,mistralai/Mistral-Small-24B-Instruct-2501,1,0,1,0,mpfair,0.0,10.0,0.0
2026-08-12 15:47:39,IA55_m-mistral-small-24b_sol1_gd0_rs0_bd1_str-mpfair_t00_n1,362,3,1,mistralai/Mistral-Small-24B-Instruct-2501,1,0,1,0,mpfair,0.0,0.0,0.0
2026-08-12 15:47:57,IA55_m-mistral-small-24b_sol1_gd0_rs0_bd1_str-mpfair_t00_n1,363,1,1,mistralai/Mistral-Small-24B-Instruct-2501,1,0,1,0,mpfair,0.0,10.0,0.0
2026-08-12 15:48:10,IA55_m-mistral-small-24b_sol1_gd0_rs0_bd1_str-mpfair_t00_n1,363,2,1,mistralai/Mistral-Small-24B-Instruct-2501,1,0,1,0,mpfair,0.0,0.0,0.0
2026-08-12 15:48:29,IA55_m-mistral-small-24b_sol1_gd0_rs0_bd1_str-mpfair_t00_n1,364,1,1,mistralai/Mistral-Small-24B-Instruct-2501,1,0,1,0,mpfair,0.0,0.0,0.0
2026-08-12 15:48:42,IA55_m-mistral-small-24b_sol1_gd0_rs0_bd1_str-mpfair_t00_n1,364,2,1,mistralai/Mistral-Small-24B-Instruct-2501,1,0,1,0,mpfair,0.0,0.0,0.0
2026-08-12 15:49:00,IA55_m-mistral-small-24b_sol1_gd0_rs0_bd1_str-mpfair_t00_n1,364,3,1,mistralai/Mistral-Small-24B-Instruct-2501,1,0,1,0,mpfair,0.0,0.0,0.0
2026-08-12 15:49:20,IA55_m-mistral-small-24b_sol1_gd0_rs0_bd1_str-mpfair_t00_n1,365,1,1,mistralai/Mistral-Small-24B-Instruct-2501,1,0,1,0,mpfair,0.0,10.0,0.0
2026-08-12 15:49:33,IA55_m-mistral-small-24b_sol1_gd0_rs0_bd1_str-mpfair_t00_n1,365,2,1,mistralai/Mistral-Small-24B-Instruct-2501,1,0,1,0,mpfair,0.0,0.0,0.0
2026-08-12 15:49:51,IA55_m-mistral-small-24b_sol1_gd0_rs0_bd1_str-mpfair_t00_n1,365,3,1,mistralai/Mistral-Small-24B-Instruct-2501,1,0,1,0,mpfair,0.0,0.0,0.0
2026-08-12 15:50:09,IA55_m-mistral-small-24b_sol1_gd0_rs0_bd1_str-mpfair_t00_n1,366,1,1,mistralai/Mistral-Small-24B-Instruct-2501,1,0,1,0,mpfair,0.0,13.5,0.0
2026-08-12 15:50:22,IA55_m-mistral-small-24b_sol1_gd0_rs0_bd1_str-mpfair_t00_n1,366,2,1,mistralai/Mistral-Small-24B-Instruct-2501,1,0,1,0,mpfair,0.0,0.0,0.0
2026-08-12 15:50:40,IA55_m-mistral-small-24b_sol1_gd0_rs0_bd1_str-mpfair_t00_n1,366,3,1,mistralai/Mistral-Small-24B-Instruct-2501,1,0,1,0,mpfair,0.0,0.0,0.0
2026-08-12 15:50:57,IA55_m-mistral-small-24b_sol1_gd0_rs0_bd1_str-mpfair_t00_n1,367,1,1,mistralai/Mistral-Small-24B-Instruct-2501,1,0,1,0,mpfair,0.0,15.5,0.0
2026-08-12 15:51:10,IA55_m-mistral-small-24b_sol1_gd0_rs0_bd1_str-mpfair_t00_n1,367,2,1,mistralai/Mistral-Small-24B-Instruct-2501,1,0,1,0,mpfair,0.0,10.0,0.0
2026-08-12 15:51:29,IA55_m-mistral-small-24b_sol1_gd0_rs0_bd1_str-mpfair_t00_n1,367,3,1,mistralai/Mistral-Small-24B-Instruct-2501,1,0,1,0,mpfair,0.0,10.5,0.0
2026-08-12 15:51:46,IA55_m-mistral-small-24b_sol1_gd0_rs0_bd1_str-mpfair_t00_n1,368,1,1,mistralai/Mistral-Small-24B-Instruct-2501,1,0,1,0,mpfair,0.0,13.5,0.0
2026-08-12 15:52:00,IA55_m-mistral-small-24b_sol1_gd0_rs0_bd1_str-mpfair_t00_n1,368,2,1,mistralai/Mistral-Small-24B-Instruct-2501,1,0,1,0,mpfair,0.0,10.0,0.0
2026-08-12 15:52:17,IA55_m-mistral-small-24b_sol1_gd0_rs0_bd1_str-mpfair_t00_n1,368,3,1,mistralai/Mistral-Small-24B-Instruct-2501,1,0,1,0,mpfair,0.0,10.5,0.0
2026-08-12 15:52:35,IA55_m-mistral-small-24b_sol1_gd0_rs0_bd1_str-mpfair_t00_n1,369,1,1,mistralai/Mistral-Small-24B-Instruct-2501,1,0,1,0,mpfair,0.0,10.5,0.0
2026-08-12 15:52:47,IA55_m-mistral-small-24b_sol1_gd0_rs0_bd1_str-mpfair_t00_n1,369,2,1,mistralai/Mistral-Small-24B-Instruct-2501,1,0,1,0,mpfair,0.0,0.0,0.0
2026-08-12 15:53:06,IA55_m-mistral-small-24b_sol1_gd0_rs0_bd1_str-mpfair_t00_n1,369,3,1,mistralai/Mistral-Small-24B-Instruct-2501,1,0,1,0,mpfair,0.0,10.5,0.0
2026-08-12 15:53:23,IA55_m-mistral-small-24b_sol1_gd0_rs0_bd1_str-mpfair_t00_n1,370,1,1,mistralai/Mistral-Small-24B-Instruct-2501,1,0,1,0,mpfair,0.0,10.5,0.0
2026-08-12 15:53:36,IA55_m-mistral-small-24b_sol1_gd0_rs0_bd1_str-mpfair_t00_n1,370,2,1,mistralai/Mistral-Small-24B-Instruct-2501,1,0,1,0,mpfair,0.0,10.0,0.0
2026-08-12 15:53:53,IA55_m-mistral-small-24b_sol1_gd0_rs0_bd1_str-mpfair_t00_n1,370,3,1,mistralai/Mistral-Small-24B-Instruct-2501,1,0,1,0,mpfair,0.0,10.5,0.0
2026-08-12 15:54:10,IA55_m-mistral-small-24b_sol1_gd0_rs0_bd1_str-mpfair_t00_n1,371,1,1,mistralai/Mistral-Small-24B-Instruct-2501,1,0,1,0,mpfair,0.0,14.5,0.0
2026-08-12 15:54:21,IA55_m-mistral-small-24b_sol1_gd0_rs0_bd1_str-mpfair_t00_n1,371,2,1,mistralai/Mistral-Small-24B-Instruct-2501,1,0,1,0,mpfair,0.0,0.0,0.0
2026-08-12 15:54:38,IA55_m-mistral-small-24b_sol1_gd0_rs0_bd1_str-mpfair_t00_n1,371,3,1,mistralai/Mistral-Small-24B-Instruct-2501,1,0,1,0,mpfair,0.0,10.5,0.0
2026-08-12 15:54:57,IA55_m-mistral-small-24b_sol1_gd0_rs0_bd1_str-mpfair_t00_n1,372,1,1,mistralai/Mistral-Small-24B-Instruct-2501,1,0,1,0,mpfair,0.0,10.5,0.0
2026-08-12 15:55:14,IA55_m-mistral-small-24b_sol1_gd0_rs0_bd1_str-mpfair_t00_n1,372,3,1,mistralai/Mistral-Small-24B-Instruct-2501,1,0,1,0,mpfair,0.0,10.5,0.0
2026-08-12 15:55:32,IA55_m-mistral-small-24b_sol1_gd0_rs0_bd1_str-mpfair_t00_n1,373,1,1,mistralai/Mistral-Small-24B-Instruct-2501,1,0,1,0,mpfair,0.0,10.5,0.0
2026-08-12 15:55:45,IA55_m-mistral-small-24b_sol1_gd0_rs0_bd1_str-mpfair_t00_n1,373,2,1,mistralai/Mistral-Small-24B-Instruct-2501,1,0,1,0,mpfair,0.0,0.0,0.0
2026-08-12 15:56:03,IA55_m-mistral-small-24b_sol1_gd0_rs0_bd1_str-mpfair_t00_n1,373,3,1,mistralai/Mistral-Small-24B-Instruct-2501,1,0,1,0,mpfair,0.0,10.5,0.0
2026-08-12 15:56:21,IA55_m-mistral-small-24b_sol1_gd0_rs0_bd1_str-mpfair_t00_n1,374,1,1,mistralai/Mistral-Small-24B-Instruct-2501,1,0,1,0,mpfair,0.0,13.5,0.0
2026-08-12 15:56:35,IA55_m-mistral-small-24b_sol1_gd0_rs0_bd1_str-mpfair_t00_n1,374,2,1,mistralai/Mistral-Small-24B-Instruct-2501,1,0,1,0,mpfair,0.0,10.0,0.0
2026-08-12 15:56:53,IA55_m-mistral-small-24b_sol1_gd0_rs0_bd1_str-mpfair_t00_n1,374,3,1,mistralai/Mistral-Small-24B-Instruct-2501,1,0,1,0,mpfair,0.0,10.5,0.0
2026-08-12 15:57:10,IA55_m-mistral-small-24b_sol1_gd0_rs0_bd1_str-mpfair_t00_n1,375,1,1,mistralai/Mistral-Small-24B-Instruct-2501,1,0,1,0,mpfair,0.0,10.5,0.0
2026-08-12 15:57:24,IA55_m-mistral-small-24b_sol1_gd0_rs0_bd1_str-mpfair_t00_n1,375,2,1,mistralai/Mistral-Small-24B-Instruct-2501,1,0,1,0,mpfair,0.0,10.0,0.0
2026-08-12 15:57:43,IA55_m-mistral-small-24b_sol1_gd0_rs0_bd1_str-mpfair_t00_n1,375,3,1,mistralai/Mistral-Small-24B-Instruct-2501,1,0,1,0,mpfair,0.0,10.5,0.0
2026-08-12 15:58:00,IA55_m-mistral-small-24b_sol1_gd0_rs0_bd1_str-mpfair_t00_n1,376,1,1,mistralai/Mistral-Small-24B-Instruct-2501,1,0,1,0,mpfair,0.0,10.5,0.0
2026-08-12 15:58:14,IA55_m-mistral-small-24b_sol1_gd0_rs0_bd1_str-mpfair_t00_n1,376,2,1,mistralai/Mistral-Small-24B-Instruct-2501,1,0,1,0,mpfair,0.0,0.0,0.0
2026-08-12 15:58:32,IA55_m-mistral-small-24b_sol1_gd0_rs0_bd1_str-mpfair_t00_n1,376,3,1,mistralai/Mistral-Small-24B-Instruct-2501,1,0,1,0,mpfair,0.0,0.0,0.0
2026-08-12 15:58:51,IA55_m-mistral-small-24b_sol1_gd0_rs0_bd1_str-mpfair_t00_n1,377,1,1,mistralai/Mistral-Small-24B-Instruct-2501,1,0,1,0,mpfair,0.0,10.5,0.0
2026-08-12 15:59:03,IA55_m-mistral-small-24b_sol1_gd0_rs0_bd1_str-mpfair_t00_n1,377,2,1,mistralai/Mistral-Small-24B-Instruct-2501,1,0,1,0,mpfair,0.0,0.0,0.0
2026-08-12 15:59:19,IA55_m-mistral-small-24b_sol1_gd0_rs0_bd1_str-mpfair_t00_n1,377,3,1,mistralai/Mistral-Small-24B-Instruct-2501,1,0,1,0,mpfair,0.0,0.0,0.0
2026-08-12 15:59:35,IA55_m-mistral-small-24b_sol1_gd0_rs0_bd1_str-mpfair_t00_n1,378,1,1,mistralai/Mistral-Small-24B-Instruct-2501,1,0,1,0,mpfair,0.0,0.0,0.0
2026-08-12 15:59:49,IA55_m-mistral-small-24b_sol1_gd0_rs0_bd1_str-mpfair_t00_n1,378,2,1,mistralai/Mistral-Small-24B-Instruct-2501,1,0,1,0,mpfair,0.0,0.0,0.0
2026-08-12 16:00:07,IA55_m-mistral-small-24b_sol1_gd0_rs0_bd1_str-mpfair_t00_n1,378,3,1,mistralai/Mistral-Small-24B-Instruct-2501,1,0,1,0,mpfair,0.0,0.0,0.0
2026-08-12 16:00:26,IA55_m-mistral-small-24b_sol1_gd0_rs0_bd1_str-mpfair_t00_n1,379,1,1,mistralai/Mistral-Small-24B-Instruct-2501,1,0,1,0,mpfair,0.0,12.5,0.0
2026-08-12 16:00:37,IA55_m-mistral-small-24b_sol1_gd0_rs0_bd1_str-mpfair_t00_n1,379,2,1,mistralai/Mistral-Small-24B-Instruct-2501,1,0,1,0,mpfair,0.0,0.0,0.0
2026-08-12 16:00:53,IA55_m-mistral-small-24b_sol1_gd0_rs0_bd1_str-mpfair_t00_n1,379,3,1,mistralai/Mistral-Small-24B-Instruct-2501,1,0,1,0,mpfair,0.0,0.0,0.0
2026-08-12 16:01:11,IA55_m-mistral-small-24b_sol1_gd0_rs0_bd1_str-mpfair_t00_n1,380,1,1,mistralai/Mistral-Small-24B-Instruct-2501,1,0,1,0,mpfair,0.0,0.0,0.0
2026-08-12 16:01:22,IA55_m-mistral-small-24b_sol1_gd0_rs0_bd1_str-mpfair_t00_n1,380,2,1,mistralai/Mistral-Small-24B-Instruct-2501,1,0,1,0,mpfair,0.0,0.0,0.0
2026-08-12 16:01:41,IA55_m-mistral-small-24b_sol1_gd0_rs0_bd1_str-mpfair_t00_n1,380,3,1,mistralai/Mistral-Small-24B-Instruct-2501,1,0,1,0,mpfair,0.0,0.0,0.0
2026-08-12 16:01:59,IA55_m-mistral-small-24b_sol1_gd0_rs0_bd1_str-mpfair_t00_n1,381,1,1,mistralai/Mistral-Small-24B-Instruct-2501,1,0,1,0,mpfair,0.0,10.0,0.0
2026-08-12 16:02:13,IA55_m-mistral-small-24b_sol1_gd0_rs0_bd1_str-mpfair_t00_n1,381,2,1,mistralai/Mistral-Small-24B-Instruct-2501,1,0,1,0,mpfair,0.0,0.0,0.0
2026-08-12 16:02:30,IA55_m-mistral-small-24b_sol1_gd0_rs0_bd1_str-mpfair_t00_n1,381,3,1,mistralai/Mistral-Small-24B-Instruct-2501,1,0,1,0,mpfair,0.0,0.0,0.0
2026-08-12 16:02:47,IA55_m-mistral-small-24b_sol1_gd0_rs0_bd1_str-mpfair_t00_n1,382,1,1,mistralai/Mistral-Small-24B-Instruct-2501,1,0,1,0,mpfair,0.0,10.5,0.0
2026-08-12 16:03:00,IA55_m-mistral-small-24b_sol1_gd0_rs0_bd1_str-mpfair_t00_n1,382,2,1,mistralai/Mistral-Small-24B-Instruct-2501,1,0,1,0,mpfair,0.0,0.0,0.0
2026-08-12 16:03:18,IA55_m-mistral-small-24b_sol1_gd0_rs0_bd1_str-mpfair_t00_n1,382,3,1,mistralai/Mistral-Small-24B-Instruct-2501,1,0,1,0,mpfair,0.0,10.5,0.0
2026-08-12 16:03:36,IA55_m-mistral-small-24b_sol1_gd0_rs0_bd1_str-mpfair_t00_n1,383,1,1,mistralai/Mistral-Small-24B-Instruct-2501,1,0,1,0,mpfair,0.0,16.5,0.0
2026-08-12 16:03:49,IA55_m-mistral-small-24b_sol1_gd0_rs0_bd1_str-mpfair_t00_n1,383,2,1,mistralai/Mistral-Small-24B-Instruct-2501,1,0,1,0,mpfair,0.0,10.0,0.0
2026-08-12 16:04:07,IA55_m-mistral-small-24b_sol1_gd0_rs0_bd1_str-mpfair_t00_n1,383,3,1,mistralai/Mistral-Small-24B-Instruct-2501,1,0,1,0,mpfair,0.0,10.5,0.0
2026-08-12 16:04:26,IA55_m-mistral-small-24b_sol1_gd0_rs0_bd1_str-mpfair_t00_n1,384,1,1,mistralai/Mistral-Small-24B-Instruct-2501,1,0,1,0,mpfair,0.0,10.0,0.0
2026-08-12 16:04:38,IA55_m-mistral-small-24b_sol1_gd0_rs0_bd1_str-mpfair_t00_n1,384,2,1,mistralai/Mistral-Small-24B-Instruct-2501,1,0,1,0,mpfair,0.0,10.0,0.0
2026-08-12 16:04:57,IA55_m-mistral-small-24b_sol1_gd0_rs0_bd1_str-mpfair_t00_n1,384,3,1,mistralai/Mistral-Small-24B-Instruct-2501,1,0,1,0,mpfair,0.0,10.5,0.0
2026-08-12 16:05:14,IA55_m-mistral-small-24b_sol1_gd0_rs0_bd1_str-mpfair_t00_n1,385,1,1,mistralai/Mistral-Small-24B-Instruct-2501,1,0,1,0,mpfair,0.0,10.5,0.0
2026-08-12 16:05:26,IA55_m-mistral-small-24b_sol1_gd0_rs0_bd1_str-mpfair_t00_n1,385,2,1,mistralai/Mistral-Small-24B-Instruct-2501,1,0,1,0,mpfair,0.0,12.0,0.0
2026-08-12 16:05:45,IA55_m-mistral-small-24b_sol1_gd0_rs0_bd1_str-mpfair_t00_n1,385,3,1,mistralai/Mistral-Small-24B-Instruct-2501,1,0,1,0,mpfair,0.0,12.5,0.0
2026-08-12 16:06:02,IA55_m-mistral-small-24b_sol1_gd0_rs0_bd1_str-mpfair_t00_n1,386,1,1,mistralai/Mistral-Small-24B-Instruct-2501,1,0,1,0,mpfair,0.0,13.5,0.0
2026-08-12 16:06:15,IA55_m-mistral-small-24b_sol1_gd0_rs0_bd1_str-mpfair_t00_n1,386,2,1,mistralai/Mistral-Small-24B-Instruct-2501,1,0,1,0,mpfair,0.0,0.0,0.0
2026-08-12 16:06:34,IA55_m-mistral-small-24b_sol1_gd0_rs0_bd1_str-mpfair_t00_n1,386,3,1,mistralai/Mistral-Small-24B-Instruct-2501,1,0,1,0,mpfair,0.0,10.0,0.0
2026-08-12 16:06:50,IA55_m-mistral-small-24b_sol1_gd0_rs0_bd1_str-mpfair_t00_n1,387,1,1,mistralai/Mistral-Small-24B-Instruct-2501,1,0,1,0,mpfair,0.0,15.5,0.0
2026-08-12 16:07:05,IA55_m-mistral-small-24b_sol1_gd0_rs0_bd1_str-mpfair_t00_n1,387,2,1,mistralai/Mistral-Small-24B-Instruct-2501,1,0,1,0,mpfair,0.0,10.0,0.0
2026-08-12 16:07:22,IA55_m-mistral-small-24b_sol1_gd0_rs0_bd1_str-mpfair_t00_n1,387,3,1,mistralai/Mistral-Small-24B-Instruct-2501,1,0,1,0,mpfair,0.0,10.5,0.0
2026-08-12 16:07:41,IA55_m-mistral-small-24b_sol1_gd0_rs0_bd1_str-mpfair_t00_n1,388,1,1,mistralai/Mistral-Small-24B-Instruct-2501,1,0,1,0,mpfair,0.0,0.0,0.0
2026-08-12 16:07:54,IA55_m-mistral-small-24b_sol1_gd0_rs0_bd1_str-mpfair_t00_n1,388,2,1,mistralai/Mistral-Small-24B-Instruct-2501,1,0,1,0,mpfair,0.0,0.0,0.0
2026-08-12 16:08:12,IA55_m-mistral-small-24b_sol1_gd0_rs0_bd1_str-mpfair_t00_n1,388,3,1,mistralai/Mistral-Small-24B-Instruct-2501,1,0,1,0,mpfair,0.0,0.0,0.0
2026-08-12 16:08:33,IA55_m-mistral-small-24b_sol1_gd0_rs0_bd1_str-mpfair_t00_n1,389,1,1,mistralai/Mistral-Small-24B-Instruct-2501,1,0,1,0,mpfair,0.0,10.0,0.0
2026-08-12 16:08:47,IA55_m-mistral-small-24b_sol1_gd0_rs0_bd1_str-mpfair_t00_n1,389,2,1,mistralai/Mistral-Small-24B-Instruct-2501,1,0,1,0,mpfair,0.0,0.0,0.0
2026-08-12 16:09:05,IA55_m-mistral-small-24b_sol1_gd0_rs0_bd1_str-mpfair_t00_n1,389,3,1,mistralai/Mistral-Small-24B-Instruct-2501,1,0,1,0,mpfair,0.0,10.5,0.0
2026-08-12 16:09:23,IA55_m-mistral-small-24b_sol1_gd0_rs0_bd1_str-mpfair_t00_n1,390,1,1,mistralai/Mistral-Small-24B-Instruct-2501,1,0,1,0,mpfair,0.0,14.5,0.0
2026-08-12 16:09:36,IA55_m-mistral-small-24b_sol1_gd0_rs0_bd1_str-mpfair_t00_n1,390,2,1,mistralai/Mistral-Small-24B-Instruct-2501,1,0,1,0,mpfair,0.0,0.0,0.0
2026-08-12 16:09:54,IA55_m-mistral-small-24b_sol1_gd0_rs0_bd1_str-mpfair_t00_n1,390,3,1,mistralai/Mistral-Small-24B-Instruct-2501,1,0,1,0,mpfair,0.0,0.0,0.0
2026-08-12 16:10:13,IA55_m-mistral-small-24b_sol1_gd0_rs0_bd1_str-mpfair_t00_n1,391,1,1,mistralai/Mistral-Small-24B-Instruct-2501,1,0,1,0,mpfair,0.0,10.0,0.0
2026-08-12 16:10:27,IA55_m-mistral-small-24b_sol1_gd0_rs0_bd1_str-mpfair_t00_n1,391,2,1,mistralai/Mistral-Small-24B-Instruct-2501,1,0,1,0,mpfair,0.0,10.0,0.0
2026-08-12 16:10:44,IA55_m-mistral-small-24b_sol1_gd0_rs0_bd1_str-mpfair_t00_n1,391,3,1,mistralai/Mistral-Small-24B-Instruct-2501,1,0,1,0,mpfair,0.0,0.0,0.0
2026-08-12 16:11:01,IA55_m-mistral-small-24b_sol1_gd0_rs0_bd1_str-mpfair_t00_n1,392,1,1,mistralai/Mistral-Small-24B-Instruct-2501,1,0,1,0,mpfair,0.0,13.5,0.0
2026-08-12 16:11:15,IA55_m-mistral-small-24b_sol1_gd0_rs0_bd1_str-mpfair_t00_n1,392,2,1,mistralai/Mistral-Small-24B-Instruct-2501,1,0,1,0,mpfair,0.0,10.0,0.0
2026-08-12 16:11:33,IA55_m-mistral-small-24b_sol1_gd0_rs0_bd1_str-mpfair_t00_n1,392,3,1,mistralai/Mistral-Small-24B-Instruct-2501,1,0,1,0,mpfair,0.0,10.5,0.0
2026-08-12 16:11:53,IA55_m-mistral-small-24b_sol1_gd0_rs0_bd1_str-mpfair_t00_n1,393,1,1,mistralai/Mistral-Small-24B-Instruct-2501,1,0,1,0,mpfair,0.0,10.0,0.0
2026-08-12 16:12:04,IA55_m-mistral-small-24b_sol1_gd0_rs0_bd1_str-mpfair_t00_n1,393,2,1,mistralai/Mistral-Small-24B-Instruct-2501,1,0,1,0,mpfair,0.0,0.0,0.0
2026-08-12 16:12:21,IA55_m-mistral-small-24b_sol1_gd0_rs0_bd1_str-mpfair_t00_n1,393,3,1,mistralai/Mistral-Small-24B-Instruct-2501,1,0,1,0,mpfair,0.0,10.5,0.0
2026-08-12 16:12:38,IA55_m-mistral-small-24b_sol1_gd0_rs0_bd1_str-mpfair_t00_n1,394,1,1,mistralai/Mistral-Small-24B-Instruct-2501,1,0,1,0,mpfair,0.0,10.5,0.0
2026-08-12 16:12:51,IA55_m-mistral-small-24b_sol1_gd0_rs0_bd1_str-mpfair_t00_n1,394,2,1,mistralai/Mistral-Small-24B-Instruct-2501,1,0,1,0,mpfair,0.0,0.0,0.0
2026-08-12 16:13:08,IA55_m-mistral-small-24b_sol1_gd0_rs0_bd1_str-mpfair_t00_n1,394,3,1,mistralai/Mistral-Small-24B-Instruct-2501,1,0,1,0,mpfair,0.0,0.0,0.0
2026-08-12 16:13:26,IA55_m-mistral-small-24b_sol1_gd0_rs0_bd1_str-mpfair_t00_n1,395,1,1,mistralai/Mistral-Small-24B-Instruct-2501,1,0,1,0,mpfair,0.0,10.5,0.0
2026-08-12 16:13:40,IA55_m-mistral-small-24b_sol1_gd0_rs0_bd1_str-mpfair_t00_n1,395,2,1,mistralai/Mistral-Small-24B-Instruct-2501,1,0,1,0,mpfair,0.0,0.0,0.0
2026-08-12 16:13:57,IA55_m-mistral-small-24b_sol1_gd0_rs0_bd1_str-mpfair_t00_n1,395,3,1,mistralai/Mistral-Small-24B-Instruct-2501,1,0,1,0,mpfair,0.0,0.0,0.0
2026-08-12 16:14:15,IA55_m-mistral-small-24b_sol1_gd0_rs0_bd1_str-mpfair_t00_n1,396,1,1,mistralai/Mistral-Small-24B-Instruct-2501,1,0,1,0,mpfair,0.0,10.5,0.0
2026-08-12 16:14:29,IA55_m-mistral-small-24b_sol1_gd0_rs0_bd1_str-mpfair_t00_n1,396,2,1,mistralai/Mistral-Small-24B-Instruct-2501,1,0,1,0,mpfair,0.0,10.0,0.0
2026-08-12 16:14:47,IA55_m-mistral-small-24b_sol1_gd0_rs0_bd1_str-mpfair_t00_n1,396,3,1,mistralai/Mistral-Small-24B-Instruct-2501,1,0,1,0,mpfair,0.0,0.0,0.0
2026-08-12 16:15:04,IA55_m-mistral-small-24b_sol1_gd0_rs0_bd1_str-mpfair_t00_n1,397,1,1,mistralai/Mistral-Small-24B-Instruct-2501,1,0,1,0,mpfair,0.0,10.5,0.0
2026-08-12 16:15:18,IA55_m-mistral-small-24b_sol1_gd0_rs0_bd1_str-mpfair_t00_n1,397,2,1,mistralai/Mistral-Small-24B-Instruct-2501,1,0,1,0,mpfair,0.0,0.0,0.0
2026-08-12 16:15:35,IA55_m-mistral-small-24b_sol1_gd0_rs0_bd1_str-mpfair_t00_n1,397,3,1,mistralai/Mistral-Small-24B-Instruct-2501,1,0,1,0,mpfair,0.0,10.5,0.0
2026-08-12 16:15:54,IA55_m-mistral-small-24b_sol1_gd0_rs0_bd1_str-mpfair_t00_n1,398,1,1,mistralai/Mistral-Small-24B-Instruct-2501,1,0,1,0,mpfair,0.0,12.5,0.0
2026-08-12 16:16:08,IA55_m-mistral-small-24b_sol1_gd0_rs0_bd1_str-mpfair_t00_n1,398,2,1,mistralai/Mistral-Small-24B-Instruct-2501,1,0,1,0,mpfair,0.0,0.0,0.0
2026-08-12 16:16:26,IA55_m-mistral-small-24b_sol1_gd0_rs0_bd1_str-mpfair_t00_n1,398,3,1,mistralai/Mistral-Small-24B-Instruct-2501,1,0,1,0,mpfair,0.0,0.0,0.0
2026-08-12 16:16:45,IA55_m-mistral-small-24b_sol1_gd0_rs0_bd1_str-mpfair_t00_n1,399,1,1,mistralai/Mistral-Small-24B-Instruct-2501,1,0,1,0,mpfair,0.0,10.5,0.0
2026-08-12 16:16:58,IA55_m-mistral-small-24b_sol1_gd0_rs0_bd1_str-mpfair_t00_n1,399,2,1,mistralai/Mistral-Small-24B-Instruct-2501,1,0,1,0,mpfair,0.0,0.0,0.0
2026-08-12 16:17:16,IA55_m-mistral-small-24b_sol1_gd0_rs0_bd1_str-mpfair_t00_n1,399,3,1,mistralai/Mistral-Small-24B-Instruct-2501,1,0,1,0,mpfair,0.0,0.0,0.0
2026-08-12 16:17:33,IA55_m-mistral-small-24b_sol1_gd0_rs0_bd1_str-mpfair_t00_n1,400,1,1,mistralai/Mistral-Small-24B-Instruct-2501,1,0,1,0,mpfair,0.0,15.5,0.0
2026-08-12 16:17:47,IA55_m-mistral-small-24b_sol1_gd0_rs0_bd1_str-mpfair_t00_n1,400,2,1,mistralai/Mistral-Small-24B-Instruct-2501,1,0,1,0,mpfair,0.0,10.0,0.0
2026-08-12 16:18:03,IA55_m-mistral-small-24b_sol1_gd0_rs0_bd1_str-mpfair_t00_n1,400,3,1,mistralai/Mistral-Small-24B-Instruct-2501,1,0,1,0,mpfair,0.0,10.5,0.0
2026-08-12 16:18:20,IA55_m-mistral-small-24b_sol1_gd0_rs0_bd1_str-mpfair_t00_n1,401,1,1,mistralai/Mistral-Small-24B-Instruct-2501,1,0,1,0,mpfair,0.0,10.0,0.0
2026-08-12 16:18:40,IA55_m-mistral-small-24b_sol1_gd0_rs0_bd1_str-mpfair_t00_n1,402,1,1,mistralai/Mistral-Small-24B-Instruct-2501,1,0,1,0,mpfair,0.0,12.5,0.0
2026-08-12 16:18:54,IA55_m-mistral-small-24b_sol1_gd0_rs0_bd1_str-mpfair_t00_n1,402,2,1,mistralai/Mistral-Small-24B-Instruct-2501,1,0,1,0,mpfair,0.0,10.0,0.0
2026-08-12 16:19:11,IA55_m-mistral-small-24b_sol1_gd0_rs0_bd1_str-mpfair_t00_n1,402,3,1,mistralai/Mistral-Small-24B-Instruct-2501,1,0,1,0,mpfair,0.0,10.5,0.0
2026-08-12 16:19:28,IA55_m-mistral-small-24b_sol1_gd0_rs0_bd1_str-mpfair_t00_n1,403,1,1,mistralai/Mistral-Small-24B-Instruct-2501,1,0,1,0,mpfair,0.0,10.5,0.0
2026-08-12 16:19:42,IA55_m-mistral-small-24b_sol1_gd0_rs0_bd1_str-mpfair_t00_n1,403,2,1,mistralai/Mistral-Small-24B-Instruct-2501,1,0,1,0,mpfair,0.0,0.0,0.0
2026-08-12 16:20:01,IA55_m-mistral-small-24b_sol1_gd0_rs0_bd1_str-mpfair_t00_n1,403,3,1,mistralai/Mistral-Small-24B-Instruct-2501,1,0,1,0,mpfair,0.0,0.0,0.0
2026-08-12 16:20:19,IA55_m-mistral-small-24b_sol1_gd0_rs0_bd1_str-mpfair_t00_n1,404,1,1,mistralai/Mistral-Small-24B-Instruct-2501,1,0,1,0,mpfair,0.0,14.0,0.0
2026-08-12 16:20:31,IA55_m-mistral-small-24b_sol1_gd0_rs0_bd1_str-mpfair_t00_n1,404,2,1,mistralai/Mistral-Small-24B-Instruct-2501,1,0,1,0,mpfair,0.0,12.0,0.0
2026-08-12 16:20:53,IA55_m-mistral-small-24b_sol1_gd0_rs0_bd1_str-mpfair_t00_n1,404,3,1,mistralai/Mistral-Small-24B-Instruct-2501,1,0,1,0,mpfair,0.0,10.5,0.0
2026-08-12 16:21:12,IA55_m-mistral-small-24b_sol1_gd0_rs0_bd1_str-mpfair_t00_n1,405,1,1,mistralai/Mistral-Small-24B-Instruct-2501,1,0,1,0,mpfair,0.0,14.5,0.0
2026-08-12 16:21:25,IA55_m-mistral-small-24b_sol1_gd0_rs0_bd1_str-mpfair_t00_n1,405,2,1,mistralai/Mistral-Small-24B-Instruct-2501,1,0,1,0,mpfair,0.0,10.0,0.0
2026-08-12 16:21:41,IA55_m-mistral-small-24b_sol1_gd0_rs0_bd1_str-mpfair_t00_n1,405,3,1,mistralai/Mistral-Small-24B-Instruct-2501,1,0,1,0,mpfair,0.0,10.5,0.0
2026-08-12 16:22:01,IA55_m-mistral-small-24b_sol1_gd0_rs0_bd1_str-mpfair_t00_n1,406,1,1,mistralai/Mistral-Small-24B-Instruct-2501,1,0,1,0,mpfair,0.0,14.0,0.0
2026-08-12 16:22:14,IA55_m-mistral-small-24b_sol1_gd0_rs0_bd1_str-mpfair_t00_n1,406,2,1,mistralai/Mistral-Small-24B-Instruct-2501,1,0,1,0,mpfair,0.0,10.0,0.0
2026-08-12 16:22:33,IA55_m-mistral-small-24b_sol1_gd0_rs0_bd1_str-mpfair_t00_n1,406,3,1,mistralai/Mistral-Small-24B-Instruct-2501,1,0,1,0,mpfair,0.0,10.5,0.0
2026-08-12 16:22:52,IA55_m-mistral-small-24b_sol1_gd0_rs0_bd1_str-mpfair_t00_n1,407,1,1,mistralai/Mistral-Small-24B-Instruct-2501,1,0,1,0,mpfair,0.0,19.5,3.0
2026-08-12 16:23:05,IA55_m-mistral-small-24b_sol1_gd0_rs0_bd1_str-mpfair_t00_n1,407,2,1,mistralai/Mistral-Small-24B-Instruct-2501,1,0,1,0,mpfair,0.0,10.0,3.0
2026-08-12 16:23:23,IA55_m-mistral-small-24b_sol1_gd0_rs0_bd1_str-mpfair_t00_n1,407,3,1,mistralai/Mistral-Small-24B-Instruct-2501,1,0,1,0,mpfair,0.0,16.5,0.0
2026-08-12 16:23:44,IA55_m-mistral-small-24b_sol1_gd0_rs0_bd1_str-mpfair_t00_n1,408,1,1,mistralai/Mistral-Small-24B-Instruct-2501,1,0,1,0,mpfair,0.0,10.0,0.0
2026-08-12 16:23:57,IA55_m-mistral-small-24b_sol1_gd0_rs0_bd1_str-mpfair_t00_n1,408,2,1,mistralai/Mistral-Small-24B-Instruct-2501,1,0,1,0,mpfair,0.0,10.0,0.0
2026-08-12 16:24:14,IA55_m-mistral-small-24b_sol1_gd0_rs0_bd1_str-mpfair_t00_n1,408,3,1,mistralai/Mistral-Small-24B-Instruct-2501,1,0,1,0,mpfair,0.0,10.5,0.0
2026-08-12 16:24:32,IA55_m-mistral-small-24b_sol1_gd0_rs0_bd1_str-mpfair_t00_n1,409,1,1,mistralai/Mistral-Small-24B-Instruct-2501,1,0,1,0,mpfair,0.0,10.5,0.0
2026-08-12 16:24:45,IA55_m-mistral-small-24b_sol1_gd0_rs0_bd1_str-mpfair_t00_n1,409,2,1,mistralai/Mistral-Small-24B-Instruct-2501,1,0,1,0,mpfair,0.0,10.0,0.0
2026-08-12 16:25:03,IA55_m-mistral-small-24b_sol1_gd0_rs0_bd1_str-mpfair_t00_n1,409,3,1,mistralai/Mistral-Small-24B-Instruct-2501,1,0,1,0,mpfair,0.0,10.5,0.0
2026-08-12 16:25:19,IA55_m-mistral-small-24b_sol1_gd0_rs0_bd1_str-mpfair_t00_n1,410,1,1,mistralai/Mistral-Small-24B-Instruct-2501,1,0,1,0,mpfair,0.0,10.5,0.0
2026-08-12 16:25:33,IA55_m-mistral-small-24b_sol1_gd0_rs0_bd1_str-mpfair_t00_n1,410,2,1,mistralai/Mistral-Small-24B-Instruct-2501,1,0,1,0,mpfair,0.0,0.0,0.0
2026-08-12 16:25:51,IA55_m-mistral-small-24b_sol1_gd0_rs0_bd1_str-mpfair_t00_n1,410,3,1,mistralai/Mistral-Small-24B-Instruct-2501,1,0,1,0,mpfair,0.0,0.0,0.0
2026-08-12 16:26:09,IA55_m-mistral-small-24b_sol1_gd0_rs0_bd1_str-mpfair_t00_n1,411,1,1,mistralai/Mistral-Small-24B-Instruct-2501,1,0,1,0,mpfair,0.0,19.0,3.0
2026-08-12 16:26:23,IA55_m-mistral-small-24b_sol1_gd0_rs0_bd1_str-mpfair_t00_n1,411,2,1,mistralai/Mistral-Small-24B-Instruct-2501,1,0,1,0,mpfair,0.0,10.0,0.0
2026-08-12 16:26:40,IA55_m-mistral-small-24b_sol1_gd0_rs0_bd1_str-mpfair_t00_n1,411,3,1,mistralai/Mistral-Small-24B-Instruct-2501,1,0,1,0,mpfair,0.0,10.5,0.0
2026-08-12 16:27:00,IA55_m-mistral-small-24b_sol1_gd0_rs0_bd1_str-mpfair_t00_n1,412,1,1,mistralai/Mistral-Small-24B-Instruct-2501,1,0,1,0,mpfair,0.0,13.5,0.0
2026-08-12 16:27:20,IA55_m-mistral-small-24b_sol1_gd0_rs0_bd1_str-mpfair_t00_n1,412,3,1,mistralai/Mistral-Small-24B-Instruct-2501,1,0,1,0,mpfair,0.0,10.5,0.0
2026-08-12 16:27:36,IA55_m-mistral-small-24b_sol1_gd0_rs0_bd1_str-mpfair_t00_n1,413,1,1,mistralai/Mistral-Small-24B-Instruct-2501,1,0,1,0,mpfair,0.0,12.5,0.0
2026-08-12 16:27:50,IA55_m-mistral-small-24b_sol1_gd0_rs0_bd1_str-mpfair_t00_n1,413,2,1,mistralai/Mistral-Small-24B-Instruct-2501,1,0,1,0,mpfair,0.0,0.0,0.0
2026-08-12 16:28:08,IA55_m-mistral-small-24b_sol1_gd0_rs0_bd1_str-mpfair_t00_n1,413,3,1,mistralai/Mistral-Small-24B-Instruct-2501,1,0,1,0,mpfair,0.0,10.5,0.0
2026-08-12 16:28:26,IA55_m-mistral-small-24b_sol1_gd0_rs0_bd1_str-mpfair_t00_n1,414,1,1,mistralai/Mistral-Small-24B-Instruct-2501,1,0,1,0,mpfair,0.0,10.0,0.0
2026-08-12 16:28:38,IA55_m-mistral-small-24b_sol1_gd0_rs0_bd1_str-mpfair_t00_n1,414,2,1,mistralai/Mistral-Small-24B-Instruct-2501,1,0,1,0,mpfair,0.0,0.0,0.0
2026-08-12 16:28:57,IA55_m-mistral-small-24b_sol1_gd0_rs0_bd1_str-mpfair_t00_n1,414,3,1,mistralai/Mistral-Small-24B-Instruct-2501,1,0,1,0,mpfair,0.0,10.0,0.0
2026-08-12 16:29:15,IA55_m-mistral-small-24b_sol1_gd0_rs0_bd1_str-mpfair_t00_n1,415,1,1,mistralai/Mistral-Small-24B-Instruct-2501,1,0,1,0,mpfair,0.0,19.5,3.0
2026-08-12 16:29:28,IA55_m-mistral-small-24b_sol1_gd0_rs0_bd1_str-mpfair_t00_n1,415,2,1,mistralai/Mistral-Small-24B-Instruct-2501,1,0,1,0,mpfair,0.0,12.0,3.0
2026-08-12 16:29:45,IA55_m-mistral-small-24b_sol1_gd0_rs0_bd1_str-mpfair_t00_n1,415,3,1,mistralai/Mistral-Small-24B-Instruct-2501,1,0,1,0,mpfair,0.0,16.5,0.0
2026-08-12 16:30:04,IA55_m-mistral-small-24b_sol1_gd0_rs0_bd1_str-mpfair_t00_n1,416,1,1,mistralai/Mistral-Small-24B-Instruct-2501,1,0,1,0,mpfair,0.0,10.0,0.0
2026-08-12 16:30:18,IA55_m-mistral-small-24b_sol1_gd0_rs0_bd1_str-mpfair_t00_n1,416,2,1,mistralai/Mistral-Small-24B-Instruct-2501,1,0,1,0,mpfair,0.0,0.0,0.0
2026-08-12 16:30:37,IA55_m-mistral-small-24b_sol1_gd0_rs0_bd1_str-mpfair_t00_n1,416,3,1,mistralai/Mistral-Small-24B-Instruct-2501,1,0,1,0,mpfair,0.0,10.0,0.0
2026-08-12 16:30:54,IA55_m-mistral-small-24b_sol1_gd0_rs0_bd1_str-mpfair_t00_n1,417,1,1,mistralai/Mistral-Small-24B-Instruct-2501,1,0,1,0,mpfair,0.0,19.5,3.0
2026-08-12 16:31:08,IA55_m-mistral-small-24b_sol1_gd0_rs0_bd1_str-mpfair_t00_n1,417,2,1,mistralai/Mistral-Small-24B-Instruct-2501,1,0,1,0,mpfair,0.0,10.0,0.0
2026-08-12 16:31:27,IA55_m-mistral-small-24b_sol1_gd0_rs0_bd1_str-mpfair_t00_n1,417,3,1,mistralai/Mistral-Small-24B-Instruct-2501,1,0,1,0,mpfair,0.0,10.5,0.0
2026-08-12 16:31:47,IA55_m-mistral-small-24b_sol1_gd0_rs0_bd1_str-mpfair_t00_n1,418,1,1,mistralai/Mistral-Small-24B-Instruct-2501,1,0,1,0,mpfair,0.0,10.0,0.0
2026-08-12 16:32:00,IA55_m-mistral-small-24b_sol1_gd0_rs0_bd1_str-mpfair_t00_n1,418,2,1,mistralai/Mistral-Small-24B-Instruct-2501,1,0,1,0,mpfair,0.0,0.0,0.0
2026-08-12 16:32:19,IA55_m-mistral-small-24b_sol1_gd0_rs0_bd1_str-mpfair_t00_n1,418,3,1,mistralai/Mistral-Small-24B-Instruct-2501,1,0,1,0,mpfair,0.0,10.5,0.0
2026-08-12 16:32:37,IA55_m-mistral-small-24b_sol1_gd0_rs0_bd1_str-mpfair_t00_n1,419,1,1,mistralai/Mistral-Small-24B-Instruct-2501,1,0,1,0,mpfair,0.0,16.5,3.0
2026-08-12 16:32:50,IA55_m-mistral-small-24b_sol1_gd0_rs0_bd1_str-mpfair_t00_n1,419,2,1,mistralai/Mistral-Small-24B-Instruct-2501,1,0,1,0,mpfair,0.0,10.0,0.0
2026-08-12 16:33:09,IA55_m-mistral-small-24b_sol1_gd0_rs0_bd1_str-mpfair_t00_n1,419,3,1,mistralai/Mistral-Small-24B-Instruct-2501,1,0,1,0,mpfair,0.0,10.0,0.0
2026-08-12 16:33:28,IA55_m-mistral-small-24b_sol1_gd0_rs0_bd1_str-mpfair_t00_n1,420,1,1,mistralai/Mistral-Small-24B-Instruct-2501,1,0,1,0,mpfair,0.0,17.5,0.0
2026-08-12 16:33:42,IA55_m-mistral-small-24b_sol1_gd0_rs0_bd1_str-mpfair_t00_n1,420,2,1,mistralai/Mistral-Small-24B-Instruct-2501,1,0,1,0,mpfair,0.0,10.0,0.0
2026-08-12 16:34:02,IA55_m-mistral-small-24b_sol1_gd0_rs0_bd1_str-mpfair_t00_n1,420,3,1,mistralai/Mistral-Small-24B-Instruct-2501,1,0,1,0,mpfair,0.0,12.5,0.0
2026-08-12 16:34:21,IA55_m-mistral-small-24b_sol1_gd0_rs0_bd1_str-mpfair_t00_n1,421,1,1,mistralai/Mistral-Small-24B-Instruct-2501,1,0,1,0,mpfair,0.0,13.5,0.0
2026-08-12 16:34:34,IA55_m-mistral-small-24b_sol1_gd0_rs0_bd1_str-mpfair_t00_n1,421,2,1,mistralai/Mistral-Small-24B-Instruct-2501,1,0,1,0,mpfair,0.0,0.0,0.0
2026-08-12 16:34:52,IA55_m-mistral-small-24b_sol1_gd0_rs0_bd1_str-mpfair_t00_n1,421,3,1,mistralai/Mistral-Small-24B-Instruct-2501,1,0,1,0,mpfair,0.0,0.0,0.0
2026-08-12 16:35:10,IA55_m-mistral-small-24b_sol1_gd0_rs0_bd1_str-mpfair_t00_n1,422,1,1,mistralai/Mistral-Small-24B-Instruct-2501,1,0,1,0,mpfair,0.0,14.5,0.0
2026-08-12 16:35:24,IA55_m-mistral-small-24b_sol1_gd0_rs0_bd1_str-mpfair_t00_n1,422,2,1,mistralai/Mistral-Small-24B-Instruct-2501,1,0,1,0,mpfair,0.0,0.0,0.0
2026-08-12 16:35:42,IA55_m-mistral-small-24b_sol1_gd0_rs0_bd1_str-mpfair_t00_n1,423,1,1,mistralai/Mistral-Small-24B-Instruct-2501,1,0,1,0,mpfair,0.0,10.5,0.0
2026-08-12 16:35:55,IA55_m-mistral-small-24b_sol1_gd0_rs0_bd1_str-mpfair_t00_n1,423,2,1,mistralai/Mistral-Small-24B-Instruct-2501,1,0,1,0,mpfair,0.0,0.0,0.0
2026-08-12 16:36:12,IA55_m-mistral-small-24b_sol1_gd0_rs0_bd1_str-mpfair_t00_n1,423,3,1,mistralai/Mistral-Small-24B-Instruct-2501,1,0,1,0,mpfair,0.0,10.5,0.0
2026-08-12 16:36:32,IA55_m-mistral-small-24b_sol1_gd0_rs0_bd1_str-mpfair_t00_n1,424,1,1,mistralai/Mistral-Small-24B-Instruct-2501,1,0,1,0,mpfair,0.0,10.0,0.0
2026-08-12 16:36:46,IA55_m-mistral-small-24b_sol1_gd0_rs0_bd1_str-mpfair_t00_n1,424,2,1,mistralai/Mistral-Small-24B-Instruct-2501,1,0,1,0,mpfair,0.0,0.0,0.0
2026-08-12 16:37:03,IA55_m-mistral-small-24b_sol1_gd0_rs0_bd1_str-mpfair_t00_n1,424,3,1,mistralai/Mistral-Small-24B-Instruct-2501,1,0,1,0,mpfair,0.0,10.5,0.0
2026-08-12 16:37:20,IA55_m-mistral-small-24b_sol1_gd0_rs0_bd1_str-mpfair_t00_n1,425,1,1,mistralai/Mistral-Small-24B-Instruct-2501,1,0,1,0,mpfair,0.0,10.5,0.0
2026-08-12 16:37:34,IA55_m-mistral-small-24b_sol1_gd0_rs0_bd1_str-mpfair_t00_n1,425,2,1,mistralai/Mistral-Small-24B-Instruct-2501,1,0,1,0,mpfair,0.0,0.0,0.0
2026-08-12 16:37:53,IA55_m-mistral-small-24b_sol1_gd0_rs0_bd1_str-mpfair_t00_n1,425,3,1,mistralai/Mistral-Small-24B-Instruct-2501,1,0,1,0,mpfair,0.0,0.0,0.0
2026-08-12 16:38:10,IA55_m-mistral-small-24b_sol1_gd0_rs0_bd1_str-mpfair_t00_n1,426,1,1,mistralai/Mistral-Small-24B-Instruct-2501,1,0,1,0,mpfair,0.0,10.5,0.0
2026-08-12 16:38:24,IA55_m-mistral-small-24b_sol1_gd0_rs0_bd1_str-mpfair_t00_n1,426,2,1,mistralai/Mistral-Small-24B-Instruct-2501,1,0,1,0,mpfair,0.0,10.0,0.0
2026-08-12 16:38:41,IA55_m-mistral-small-24b_sol1_gd0_rs0_bd1_str-mpfair_t00_n1,426,3,1,mistralai/Mistral-Small-24B-Instruct-2501,1,0,1,0,mpfair,0.0,10.5,0.0
2026-08-12 16:38:59,IA55_m-mistral-small-24b_sol1_gd0_rs0_bd1_str-mpfair_t00_n1,427,1,1,mistralai/Mistral-Small-24B-Instruct-2501,1,0,1,0,mpfair,0.0,0.0,0.0
2026-08-12 16:39:12,IA55_m-mistral-small-24b_sol1_gd0_rs0_bd1_str-mpfair_t00_n1,427,2,1,mistralai/Mistral-Small-24B-Instruct-2501,1,0,1,0,mpfair,0.0,0.0,0.0
2026-08-12 16:39:30,IA55_m-mistral-small-24b_sol1_gd0_rs0_bd1_str-mpfair_t00_n1,427,3,1,mistralai/Mistral-Small-24B-Instruct-2501,1,0,1,0,mpfair,0.0,0.0,0.0
2026-08-12 16:39:49,IA55_m-mistral-small-24b_sol1_gd0_rs0_bd1_str-mpfair_t00_n1,428,1,1,mistralai/Mistral-Small-24B-Instruct-2501,1,0,1,0,mpfair,0.0,0.0,0.0
2026-08-12 16:40:02,IA55_m-mistral-small-24b_sol1_gd0_rs0_bd1_str-mpfair_t00_n1,428,2,1,mistralai/Mistral-Small-24B-Instruct-2501,1,0,1,0,mpfair,0.0,0.0,0.0
2026-08-12 16:40:20,IA55_m-mistral-small-24b_sol1_gd0_rs0_bd1_str-mpfair_t00_n1,429,1,1,mistralai/Mistral-Small-24B-Instruct-2501,1,0,1,0,mpfair,0.0,10.5,0.0
2026-08-12 16:40:33,IA55_m-mistral-small-24b_sol1_gd0_rs0_bd1_str-mpfair_t00_n1,429,2,1,mistralai/Mistral-Small-24B-Instruct-2501,1,0,1,0,mpfair,0.0,0.0,0.0
2026-08-12 16:40:52,IA55_m-mistral-small-24b_sol1_gd0_rs0_bd1_str-mpfair_t00_n1,429,3,1,mistralai/Mistral-Small-24B-Instruct-2501,1,0,1,0,mpfair,0.0,0.0,0.0
2026-08-12 16:41:10,IA55_m-mistral-small-24b_sol1_gd0_rs0_bd1_str-mpfair_t00_n1,430,1,1,mistralai/Mistral-Small-24B-Instruct-2501,1,0,1,0,mpfair,0.0,10.0,0.0
2026-08-12 16:41:22,IA55_m-mistral-small-24b_sol1_gd0_rs0_bd1_str-mpfair_t00_n1,430,2,1,mistralai/Mistral-Small-24B-Instruct-2501,1,0,1,0,mpfair,0.0,0.0,0.0
2026-08-12 16:41:40,IA55_m-mistral-small-24b_sol1_gd0_rs0_bd1_str-mpfair_t00_n1,430,3,1,mistralai/Mistral-Small-24B-Instruct-2501,1,0,1,0,mpfair,0.0,0.0,0.0
2026-08-12 16:41:59,IA55_m-mistral-small-24b_sol1_gd0_rs0_bd1_str-mpfair_t00_n1,431,1,1,mistralai/Mistral-Small-24B-Instruct-2501,1,0,1,0,mpfair,0.0,12.5,0.0
2026-08-12 16:42:12,IA55_m-mistral-small-24b_sol1_gd0_rs0_bd1_str-mpfair_t00_n1,431,2,1,mistralai/Mistral-Small-24B-Instruct-2501,1,0,1,0,mpfair,0.0,10.0,0.0
2026-08-12 16:42:31,IA55_m-mistral-small-24b_sol1_gd0_rs0_bd1_str-mpfair_t00_n1,431,3,1,mistralai/Mistral-Small-24B-Instruct-2501,1,0,1,0,mpfair,0.0,10.0,0.0
2026-08-12 16:42:47,IA55_m-mistral-small-24b_sol1_gd0_rs0_bd1_str-mpfair_t00_n1,432,1,1,mistralai/Mistral-Small-24B-Instruct-2501,1,0,1,0,mpfair,0.0,0.0,0.0
2026-08-12 16:43:00,IA55_m-mistral-small-24b_sol1_gd0_rs0_bd1_str-mpfair_t00_n1,432,2,1,mistralai/Mistral-Small-24B-Instruct-2501,1,0,1,0,mpfair,0.0,0.0,0.0
2026-08-12 16:43:18,IA55_m-mistral-small-24b_sol1_gd0_rs0_bd1_str-mpfair_t00_n1,432,3,1,mistralai/Mistral-Small-24B-Instruct-2501,1,0,1,0,mpfair,0.0,0.0,0.0
2026-08-12 16:43:37,IA55_m-mistral-small-24b_sol1_gd0_rs0_bd1_str-mpfair_t00_n1,433,1,1,mistralai/Mistral-Small-24B-Instruct-2501,1,0,1,0,mpfair,0.0,10.5,0.0
2026-08-12 16:43:51,IA55_m-mistral-small-24b_sol1_gd0_rs0_bd1_str-mpfair_t00_n1,433,2,1,mistralai/Mistral-Small-24B-Instruct-2501,1,0,1,0,mpfair,0.0,10.0,0.0
2026-08-12 16:44:10,IA55_m-mistral-small-24b_sol1_gd0_rs0_bd1_str-mpfair_t00_n1,433,3,1,mistralai/Mistral-Small-24B-Instruct-2501,1,0,1,0,mpfair,0.0,10.5,0.0
2026-08-12 16:44:30,IA55_m-mistral-small-24b_sol1_gd0_rs0_bd1_str-mpfair_t00_n1,434,1,1,mistralai/Mistral-Small-24B-Instruct-2501,1,0,1,0,mpfair,0.0,18.0,0.0
2026-08-12 16:44:43,IA55_m-mistral-small-24b_sol1_gd0_rs0_bd1_str-mpfair_t00_n1,434,2,1,mistralai/Mistral-Small-24B-Instruct-2501,1,0,1,0,mpfair,0.0,13.0,3.0
2026-08-12 16:45:02,IA55_m-mistral-small-24b_sol1_gd0_rs0_bd1_str-mpfair_t00_n1,434,3,1,mistralai/Mistral-Small-24B-Instruct-2501,1,0,1,0,mpfair,0.0,10.0,0.0
2026-08-12 16:45:19,IA55_m-mistral-small-24b_sol1_gd0_rs0_bd1_str-mpfair_t00_n1,435,1,1,mistralai/Mistral-Small-24B-Instruct-2501,1,0,1,0,mpfair,0.0,0.0,0.0
2026-08-12 16:45:32,IA55_m-mistral-small-24b_sol1_gd0_rs0_bd1_str-mpfair_t00_n1,435,2,1,mistralai/Mistral-Small-24B-Instruct-2501,1,0,1,0,mpfair,0.0,0.0,0.0
2026-08-12 16:45:49,IA55_m-mistral-small-24b_sol1_gd0_rs0_bd1_str-mpfair_t00_n1,435,3,1,mistralai/Mistral-Small-24B-Instruct-2501,1,0,1,0,mpfair,0.0,0.0,0.0
2026-08-12 16:46:07,IA55_m-mistral-small-24b_sol1_gd0_rs0_bd1_str-mpfair_t00_n1,436,1,1,mistralai/Mistral-Small-24B-Instruct-2501,1,0,1,0,mpfair,0.0,19.5,3.0
2026-08-12 16:46:20,IA55_m-mistral-small-24b_sol1_gd0_rs0_bd1_str-mpfair_t00_n1,436,2,1,mistralai/Mistral-Small-24B-Instruct-2501,1,0,1,0,mpfair,0.0,10.0,3.0
2026-08-12 16:46:37,IA55_m-mistral-small-24b_sol1_gd0_rs0_bd1_str-mpfair_t00_n1,436,3,1,mistralai/Mistral-Small-24B-Instruct-2501,1,0,1,0,mpfair,0.0,12.0,0.0
2026-08-12 16:46:57,IA55_m-mistral-small-24b_sol1_gd0_rs0_bd1_str-mpfair_t00_n1,437,1,1,mistralai/Mistral-Small-24B-Instruct-2501,1,0,1,0,mpfair,0.0,18.0,0.0
2026-08-12 16:47:10,IA55_m-mistral-small-24b_sol1_gd0_rs0_bd1_str-mpfair_t00_n1,437,2,1,mistralai/Mistral-Small-24B-Instruct-2501,1,0,1,0,mpfair,0.0,10.0,0.0
2026-08-12 16:47:28,IA55_m-mistral-small-24b_sol1_gd0_rs0_bd1_str-mpfair_t00_n1,437,3,1,mistralai/Mistral-Small-24B-Instruct-2501,1,0,1,0,mpfair,0.0,10.5,0.0
2026-08-12 16:47:46,IA55_m-mistral-small-24b_sol1_gd0_rs0_bd1_str-mpfair_t00_n1,438,1,1,mistralai/Mistral-Small-24B-Instruct-2501,1,0,1,0,mpfair,0.0,16.5,3.0
2026-08-12 16:48:00,IA55_m-mistral-small-24b_sol1_gd0_rs0_bd1_str-mpfair_t00_n1,438,2,1,mistralai/Mistral-Small-24B-Instruct-2501,1,0,1,0,mpfair,0.0,10.0,0.0
2026-08-12 16:48:18,IA55_m-mistral-small-24b_sol1_gd0_rs0_bd1_str-mpfair_t00_n1,438,3,1,mistralai/Mistral-Small-24B-Instruct-2501,1,0,1,0,mpfair,0.0,14.0,0.0
2026-08-12 16:48:37,IA55_m-mistral-small-24b_sol1_gd0_rs0_bd1_str-mpfair_t00_n1,439,1,1,mistralai/Mistral-Small-24B-Instruct-2501,1,0,1,0,mpfair,0.0,19.5,3.0
2026-08-12 16:48:51,IA55_m-mistral-small-24b_sol1_gd0_rs0_bd1_str-mpfair_t00_n1,439,2,1,mistralai/Mistral-Small-24B-Instruct-2501,1,0,1,0,mpfair,0.0,13.0,3.0
2026-08-12 16:49:11,IA55_m-mistral-small-24b_sol1_gd0_rs0_bd1_str-mpfair_t00_n1,439,3,1,mistralai/Mistral-Small-24B-Instruct-2501,1,0,1,0,mpfair,0.0,14.0,0.0
2026-08-12 16:49:28,IA55_m-mistral-small-24b_sol1_gd0_rs0_bd1_str-mpfair_t00_n1,440,1,1,mistralai/Mistral-Small-24B-Instruct-2501,1,0,1,0,mpfair,0.0,17.5,0.0
2026-08-12 16:49:46,IA55_m-mistral-small-24b_sol1_gd0_rs0_bd1_str-mpfair_t00_n1,440,3,1,mistralai/Mistral-Small-24B-Instruct-2501,1,0,1,0,mpfair,0.0,10.5,0.0
2026-08-12 16:50:05,IA55_m-mistral-small-24b_sol1_gd0_rs0_bd1_str-mpfair_t00_n1,441,1,1,mistralai/Mistral-Small-24B-Instruct-2501,1,0,1,0,mpfair,0.0,10.0,0.0
2026-08-12 16:50:17,IA55_m-mistral-small-24b_sol1_gd0_rs0_bd1_str-mpfair_t00_n1,441,2,1,mistralai/Mistral-Small-24B-Instruct-2501,1,0,1,0,mpfair,0.0,0.0,0.0
2026-08-12 16:50:36,IA55_m-mistral-small-24b_sol1_gd0_rs0_bd1_str-mpfair_t00_n1,441,3,1,mistralai/Mistral-Small-24B-Instruct-2501,1,0,1,0,mpfair,0.0,10.5,0.0
2026-08-12 16:50:53,IA55_m-mistral-small-24b_sol1_gd0_rs0_bd1_str-mpfair_t00_n1,442,1,1,mistralai/Mistral-Small-24B-Instruct-2501,1,0,1,0,mpfair,0.0,18.0,0.0
2026-08-12 16:51:07,IA55_m-mistral-small-24b_sol1_gd0_rs0_bd1_str-mpfair_t00_n1,442,2,1,mistralai/Mistral-Small-24B-Instruct-2501,1,0,1,0,mpfair,0.0,0.0,0.0
2026-08-12 16:51:23,IA55_m-mistral-small-24b_sol1_gd0_rs0_bd1_str-mpfair_t00_n1,442,3,1,mistralai/Mistral-Small-24B-Instruct-2501,1,0,1,0,mpfair,0.0,10.5,0.0
2026-08-12 16:51:43,IA55_m-mistral-small-24b_sol1_gd0_rs0_bd1_str-mpfair_t00_n1,443,1,1,mistralai/Mistral-Small-24B-Instruct-2501,1,0,1,0,mpfair,0.0,12.0,0.0
2026-08-12 16:51:57,IA55_m-mistral-small-24b_sol1_gd0_rs0_bd1_str-mpfair_t00_n1,443,2,1,mistralai/Mistral-Small-24B-Instruct-2501,1,0,1,0,mpfair,0.0,0.0,0.0
2026-08-12 16:52:15,IA55_m-mistral-small-24b_sol1_gd0_rs0_bd1_str-mpfair_t00_n1,443,3,1,mistralai/Mistral-Small-24B-Instruct-2501,1,0,1,0,mpfair,0.0,0.0,0.0
2026-08-12 16:52:36,IA55_m-mistral-small-24b_sol1_gd0_rs0_bd1_str-mpfair_t00_n1,444,1,1,mistralai/Mistral-Small-24B-Instruct-2501,1,0,1,0,mpfair,0.0,10.0,0.0
2026-08-12 16:52:50,IA55_m-mistral-small-24b_sol1_gd0_rs0_bd1_str-mpfair_t00_n1,444,2,1,mistralai/Mistral-Small-24B-Instruct-2501,1,0,1,0,mpfair,0.0,10.0,0.0
2026-08-12 16:53:09,IA55_m-mistral-small-24b_sol1_gd0_rs0_bd1_str-mpfair_t00_n1,444,3,1,mistralai/Mistral-Small-24B-Instruct-2501,1,0,1,0,mpfair,0.0,10.0,0.0
2026-08-12 16:53:26,IA55_m-mistral-small-24b_sol1_gd0_rs0_bd1_str-mpfair_t00_n1,445,1,1,mistralai/Mistral-Small-24B-Instruct-2501,1,0,1,0,mpfair,0.0,13.5,0.0
2026-08-12 16:53:40,IA55_m-mistral-small-24b_sol1_gd0_rs0_bd1_str-mpfair_t00_n1,445,2,1,mistralai/Mistral-Small-24B-Instruct-2501,1,0,1,0,mpfair,0.0,0.0,0.0
2026-08-12 16:53:59,IA55_m-mistral-small-24b_sol1_gd0_rs0_bd1_str-mpfair_t00_n1,445,3,1,mistralai/Mistral-Small-24B-Instruct-2501,1,0,1,0,mpfair,0.0,10.0,0.0
2026-08-12 16:54:17,IA55_m-mistral-small-24b_sol1_gd0_rs0_bd1_str-mpfair_t00_n1,446,1,1,mistralai/Mistral-Small-24B-Instruct-2501,1,0,1,0,mpfair,0.0,18.0,0.0
2026-08-12 16:54:31,IA55_m-mistral-small-24b_sol1_gd0_rs0_bd1_str-mpfair_t00_n1,446,2,1,mistralai/Mistral-Small-24B-Instruct-2501,1,0,1,0,mpfair,0.0,10.0,0.0
2026-08-12 16:54:49,IA55_m-mistral-small-24b_sol1_gd0_rs0_bd1_str-mpfair_t00_n1,446,3,1,mistralai/Mistral-Small-24B-Instruct-2501,1,0,1,0,mpfair,0.0,10.5,0.0
2026-08-12 16:55:08,IA55_m-mistral-small-24b_sol1_gd0_rs0_bd1_str-mpfair_t00_n1,447,1,1,mistralai/Mistral-Small-24B-Instruct-2501,1,0,1,0,mpfair,0.0,14.5,0.0
2026-08-12 16:55:22,IA55_m-mistral-small-24b_sol1_gd0_rs0_bd1_str-mpfair_t00_n1,447,2,1,mistralai/Mistral-Small-24B-Instruct-2501,1,0,1,0,mpfair,0.0,10.0,0.0
2026-08-12 16:55:40,IA55_m-mistral-small-24b_sol1_gd0_rs0_bd1_str-mpfair_t00_n1,447,3,1,mistralai/Mistral-Small-24B-Instruct-2501,1,0,1,0,mpfair,0.0,0.0,0.0
2026-08-12 16:55:59,IA55_m-mistral-small-24b_sol1_gd0_rs0_bd1_str-mpfair_t00_n1,448,1,1,mistralai/Mistral-Small-24B-Instruct-2501,1,0,1,0,mpfair,0.0,10.0,0.0
2026-08-12 16:56:13,IA55_m-mistral-small-24b_sol1_gd0_rs0_bd1_str-mpfair_t00_n1,448,2,1,mistralai/Mistral-Small-24B-Instruct-2501,1,0,1,0,mpfair,0.0,0.0,0.0
2026-08-12 16:56:31,IA55_m-mistral-small-24b_sol1_gd0_rs0_bd1_str-mpfair_t00_n1,448,3,1,mistralai/Mistral-Small-24B-Instruct-2501,1,0,1,0,mpfair,0.0,10.5,0.0
2026-08-12 16:56:50,IA55_m-mistral-small-24b_sol1_gd0_rs0_bd1_str-mpfair_t00_n1,449,1,1,mistralai/Mistral-Small-24B-Instruct-2501,1,0,1,0,mpfair,0.0,13.5,0.0
2026-08-12 16:57:07,IA55_m-mistral-small-24b_sol1_gd0_rs0_bd1_str-mpfair_t00_n1,449,3,1,mistralai/Mistral-Small-24B-Instruct-2501,1,0,1,0,mpfair,0.0,10.5,0.0
2026-08-12 16:57:28,IA55_m-mistral-small-24b_sol1_gd0_rs0_bd1_str-mpfair_t00_n1,450,1,1,mistralai/Mistral-Small-24B-Instruct-2501,1,0,1,0,mpfair,0.0,10.5,0.0
2026-08-12 16:57:42,IA55_m-mistral-small-24b_sol1_gd0_rs0_bd1_str-mpfair_t00_n1,450,2,1,mistralai/Mistral-Small-24B-Instruct-2501,1,0,1,0,mpfair,0.0,0.0,0.0
2026-08-12 16:57:59,IA55_m-mistral-small-24b_sol1_gd0_rs0_bd1_str-mpfair_t00_n1,451,1,1,mistralai/Mistral-Small-24B-Instruct-2501,1,0,1,0,mpfair,0.0,0.0,0.0
2026-08-12 16:58:12,IA55_m-mistral-small-24b_sol1_gd0_rs0_bd1_str-mpfair_t00_n1,451,2,1,mistralai/Mistral-Small-24B-Instruct-2501,1,0,1,0,mpfair,0.0,0.0,0.0
2026-08-12 16:58:30,IA55_m-mistral-small-24b_sol1_gd0_rs0_bd1_str-mpfair_t00_n1,451,3,1,mistralai/Mistral-Small-24B-Instruct-2501,1,0,1,0,mpfair,0.0,0.0,0.0
2026-08-12 16:58:47,IA55_m-mistral-small-24b_sol1_gd0_rs0_bd1_str-mpfair_t00_n1,452,1,1,mistralai/Mistral-Small-24B-Instruct-2501,1,0,1,0,mpfair,0.0,10.5,0.0
2026-08-12 16:59:01,IA55_m-mistral-small-24b_sol1_gd0_rs0_bd1_str-mpfair_t00_n1,452,2,1,mistralai/Mistral-Small-24B-Instruct-2501,1,0,1,0,mpfair,0.0,10.0,0.0
2026-08-12 16:59:19,IA55_m-mistral-small-24b_sol1_gd0_rs0_bd1_str-mpfair_t00_n1,452,3,1,mistralai/Mistral-Small-24B-Instruct-2501,1,0,1,0,mpfair,0.0,0.0,0.0
2026-08-12 16:59:38,IA55_m-mistral-small-24b_sol1_gd0_rs0_bd1_str-mpfair_t00_n1,453,1,1,mistralai/Mistral-Small-24B-Instruct-2501,1,0,1,0,mpfair,0.0,13.5,0.0
2026-08-12 16:59:51,IA55_m-mistral-small-24b_sol1_gd0_rs0_bd1_str-mpfair_t00_n1,453,2,1,mistralai/Mistral-Small-24B-Instruct-2501,1,0,1,0,mpfair,0.0,10.0,0.0
2026-08-12 17:00:10,IA55_m-mistral-small-24b_sol1_gd0_rs0_bd1_str-mpfair_t00_n1,453,3,1,mistralai/Mistral-Small-24B-Instruct-2501,1,0,1,0,mpfair,0.0,10.5,0.0
2026-08-12 17:00:30,IA55_m-mistral-small-24b_sol1_gd0_rs0_bd1_str-mpfair_t00_n1,454,1,1,mistralai/Mistral-Small-24B-Instruct-2501,1,0,1,0,mpfair,0.0,13.5,0.0
2026-08-12 17:00:44,IA55_m-mistral-small-24b_sol1_gd0_rs0_bd1_str-mpfair_t00_n1,454,2,1,mistralai/Mistral-Small-24B-Instruct-2501,1,0,1,0,mpfair,0.0,10.0,0.0
2026-08-12 17:01:01,IA55_m-mistral-small-24b_sol1_gd0_rs0_bd1_str-mpfair_t00_n1,454,3,1,mistralai/Mistral-Small-24B-Instruct-2501,1,0,1,0,mpfair,0.0,10.5,0.0
2026-08-12 17:01:21,IA55_m-mistral-small-24b_sol1_gd0_rs0_bd1_str-mpfair_t00_n1,455,1,1,mistralai/Mistral-Small-24B-Instruct-2501,1,0,1,0,mpfair,0.0,10.5,0.0
2026-08-12 17:01:41,IA55_m-mistral-small-24b_sol1_gd0_rs0_bd1_str-mpfair_t00_n1,455,2,1,mistralai/Mistral-Small-24B-Instruct-2501,1,0,1,0,mpfair,0.0,10.0,0.0
2026-08-12 17:01:59,IA55_m-mistral-small-24b_sol1_gd0_rs0_bd1_str-mpfair_t00_n1,455,3,1,mistralai/Mistral-Small-24B-Instruct-2501,1,0,1,0,mpfair,0.0,10.5,0.0
2026-08-12 17:02:15,IA55_m-mistral-small-24b_sol1_gd0_rs0_bd1_str-mpfair_t00_n1,456,1,1,mistralai/Mistral-Small-24B-Instruct-2501,1,0,1,0,mpfair,0.0,0.0,0.0
2026-08-12 17:02:27,IA55_m-mistral-small-24b_sol1_gd0_rs0_bd1_str-mpfair_t00_n1,456,2,1,mistralai/Mistral-Small-24B-Instruct-2501,1,0,1,0,mpfair,0.0,0.0,0.0
2026-08-12 17:02:45,IA55_m-mistral-small-24b_sol1_gd0_rs0_bd1_str-mpfair_t00_n1,456,3,1,mistralai/Mistral-Small-24B-Instruct-2501,1,0,1,0,mpfair,0.0,0.0,0.0
2026-08-12 17:03:04,IA55_m-mistral-small-24b_sol1_gd0_rs0_bd1_str-mpfair_t00_n1,457,1,1,mistralai/Mistral-Small-24B-Instruct-2501,1,0,1,0,mpfair,0.0,12.5,0.0
2026-08-12 17:03:17,IA55_m-mistral-small-24b_sol1_gd0_rs0_bd1_str-mpfair_t00_n1,457,2,1,mistralai/Mistral-Small-24B-Instruct-2501,1,0,1,0,mpfair,0.0,10.0,0.0
2026-08-12 17:03:35,IA55_m-mistral-small-24b_sol1_gd0_rs0_bd1_str-mpfair_t00_n1,457,3,1,mistralai/Mistral-Small-24B-Instruct-2501,1,0,1,0,mpfair,0.0,0.0,0.0
2026-08-12 17:03:52,IA55_m-mistral-small-24b_sol1_gd0_rs0_bd1_str-mpfair_t00_n1,458,1,1,mistralai/Mistral-Small-24B-Instruct-2501,1,0,1,0,mpfair,0.0,10.5,0.0
2026-08-12 17:04:05,IA55_m-mistral-small-24b_sol1_gd0_rs0_bd1_str-mpfair_t00_n1,458,2,1,mistralai/Mistral-Small-24B-Instruct-2501,1,0,1,0,mpfair,0.0,0.0,0.0
2026-08-12 17:04:24,IA55_m-mistral-small-24b_sol1_gd0_rs0_bd1_str-mpfair_t00_n1,459,1,1,mistralai/Mistral-Small-24B-Instruct-2501,1,0,1,0,mpfair,0.0,10.5,0.0
2026-08-12 17:04:36,IA55_m-mistral-small-24b_sol1_gd0_rs0_bd1_str-mpfair_t00_n1,459,2,1,mistralai/Mistral-Small-24B-Instruct-2501,1,0,1,0,mpfair,0.0,0.0,0.0
2026-08-12 17:04:55,IA55_m-mistral-small-24b_sol1_gd0_rs0_bd1_str-mpfair_t00_n1,459,3,1,mistralai/Mistral-Small-24B-Instruct-2501,1,0,1,0,mpfair,0.0,10.5,0.0
2026-08-12 17:05:14,IA55_m-mistral-small-24b_sol1_gd0_rs0_bd1_str-mpfair_t00_n1,460,1,1,mistralai/Mistral-Small-24B-Instruct-2501,1,0,1,0,mpfair,0.0,10.0,0.0
2026-08-12 17:05:29,IA55_m-mistral-small-24b_sol1_gd0_rs0_bd1_str-mpfair_t00_n1,460,2,1,mistralai/Mistral-Small-24B-Instruct-2501,1,0,1,0,mpfair,0.0,0.0,0.0
2026-08-12 17:05:48,IA55_m-mistral-small-24b_sol1_gd0_rs0_bd1_str-mpfair_t00_n1,460,3,1,mistralai/Mistral-Small-24B-Instruct-2501,1,0,1,0,mpfair,0.0,10.5,0.0
2026-08-12 17:06:07,IA55_m-mistral-small-24b_sol1_gd0_rs0_bd1_str-mpfair_t00_n1,461,1,1,mistralai/Mistral-Small-24B-Instruct-2501,1,0,1,0,mpfair,0.0,1.0,0.0
2026-08-12 17:06:20,IA55_m-mistral-small-24b_sol1_gd0_rs0_bd1_str-mpfair_t00_n1,461,2,1,mistralai/Mistral-Small-24B-Instruct-2501,1,0,1,0,mpfair,0.0,0.0,0.0
2026-08-12 17:06:36,IA55_m-mistral-small-24b_sol1_gd0_rs0_bd1_str-mpfair_t00_n1,461,3,1,mistralai/Mistral-Small-24B-Instruct-2501,1,0,1,0,mpfair,0.0,0.0,0.0
2026-08-12 17:06:55,IA55_m-mistral-small-24b_sol1_gd0_rs0_bd1_str-mpfair_t00_n1,462,1,1,mistralai/Mistral-Small-24B-Instruct-2501,1,0,1,0,mpfair,0.0,18.0,0.0
2026-08-12 17:07:09,IA55_m-mistral-small-24b_sol1_gd0_rs0_bd1_str-mpfair_t00_n1,462,2,1,mistralai/Mistral-Small-24B-Instruct-2501,1,0,1,0,mpfair,0.0,10.0,3.0
2026-08-12 17:07:28,IA55_m-mistral-small-24b_sol1_gd0_rs0_bd1_str-mpfair_t00_n1,462,3,1,mistralai/Mistral-Small-24B-Instruct-2501,1,0,1,0,mpfair,0.0,12.5,0.0
2026-08-12 17:07:46,IA55_m-mistral-small-24b_sol1_gd0_rs0_bd1_str-mpfair_t00_n1,463,1,1,mistralai/Mistral-Small-24B-Instruct-2501,1,0,1,0,mpfair,0.0,12.5,0.0
2026-08-12 17:08:00,IA55_m-mistral-small-24b_sol1_gd0_rs0_bd1_str-mpfair_t00_n1,463,2,1,mistralai/Mistral-Small-24B-Instruct-2501,1,0,1,0,mpfair,0.0,0.0,0.0
2026-08-12 17:08:18,IA55_m-mistral-small-24b_sol1_gd0_rs0_bd1_str-mpfair_t00_n1,463,3,1,mistralai/Mistral-Small-24B-Instruct-2501,1,0,1,0,mpfair,0.0,10.0,0.0
2026-08-12 17:08:36,IA55_m-mistral-small-24b_sol1_gd0_rs0_bd1_str-mpfair_t00_n1,464,1,1,mistralai/Mistral-Small-24B-Instruct-2501,1,0,1,0,mpfair,0.0,18.0,0.0
2026-08-12 17:08:51,IA55_m-mistral-small-24b_sol1_gd0_rs0_bd1_str-mpfair_t00_n1,464,2,1,mistralai/Mistral-Small-24B-Instruct-2501,1,0,1,0,mpfair,0.0,10.0,0.0
2026-08-12 17:09:08,IA55_m-mistral-small-24b_sol1_gd0_rs0_bd1_str-mpfair_t00_n1,464,3,1,mistralai/Mistral-Small-24B-Instruct-2501,1,0,1,0,mpfair,0.0,10.5,0.0
2026-08-12 17:09:26,IA55_m-mistral-small-24b_sol1_gd0_rs0_bd1_str-mpfair_t00_n1,465,1,1,mistralai/Mistral-Small-24B-Instruct-2501,1,0,1,0,mpfair,0.0,17.5,0.0
2026-08-12 17:09:39,IA55_m-mistral-small-24b_sol1_gd0_rs0_bd1_str-mpfair_t00_n1,465,2,1,mistralai/Mistral-Small-24B-Instruct-2501,1,0,1,0,mpfair,0.0,0.0,0.0
2026-08-12 17:09:58,IA55_m-mistral-small-24b_sol1_gd0_rs0_bd1_str-mpfair_t00_n1,465,3,1,mistralai/Mistral-Small-24B-Instruct-2501,1,0,1,0,mpfair,0.0,10.5,0.0
2026-08-12 17:10:17,IA55_m-mistral-small-24b_sol1_gd0_rs0_bd1_str-mpfair_t00_n1,466,1,1,mistralai/Mistral-Small-24B-Instruct-2501,1,0,1,0,mpfair,0.0,19.0,0.0
2026-08-12 17:10:31,IA55_m-mistral-small-24b_sol1_gd0_rs0_bd1_str-mpfair_t00_n1,466,2,1,mistralai/Mistral-Small-24B-Instruct-2501,1,0,1,0,mpfair,0.0,10.0,0.0
2026-08-12 17:10:47,IA55_m-mistral-small-24b_sol1_gd0_rs0_bd1_str-mpfair_t00_n1,466,3,1,mistralai/Mistral-Small-24B-Instruct-2501,1,0,1,0,mpfair,0.0,10.5,0.0
2026-08-12 17:11:05,IA55_m-mistral-small-24b_sol1_gd0_rs0_bd1_str-mpfair_t00_n1,467,1,1,mistralai/Mistral-Small-24B-Instruct-2501,1,0,1,0,mpfair,0.0,19.0,0.0
2026-08-12 17:11:19,IA55_m-mistral-small-24b_sol1_gd0_rs0_bd1_str-mpfair_t00_n1,467,2,1,mistralai/Mistral-Small-24B-Instruct-2501,1,0,1,0,mpfair,0.0,14.0,3.0
2026-08-12 17:11:37,IA55_m-mistral-small-24b_sol1_gd0_rs0_bd1_str-mpfair_t00_n1,467,3,1,mistralai/Mistral-Small-24B-Instruct-2501,1,0,1,0,mpfair,0.0,12.5,0.0
2026-08-12 17:11:55,IA55_m-mistral-small-24b_sol1_gd0_rs0_bd1_str-mpfair_t00_n1,468,1,1,mistralai/Mistral-Small-24B-Instruct-2501,1,0,1,0,mpfair,0.0,14.5,0.0
2026-08-12 17:12:09,IA55_m-mistral-small-24b_sol1_gd0_rs0_bd1_str-mpfair_t00_n1,468,2,1,mistralai/Mistral-Small-24B-Instruct-2501,1,0,1,0,mpfair,0.0,10.0,0.0
2026-08-12 17:12:27,IA55_m-mistral-small-24b_sol1_gd0_rs0_bd1_str-mpfair_t00_n1,468,3,1,mistralai/Mistral-Small-24B-Instruct-2501,1,0,1,0,mpfair,0.0,10.5,0.0
2026-08-12 17:12:46,IA55_m-mistral-small-24b_sol1_gd0_rs0_bd1_str-mpfair_t00_n1,469,1,1,mistralai/Mistral-Small-24B-Instruct-2501,1,0,1,0,mpfair,0.0,18.0,0.0
2026-08-12 17:13:00,IA55_m-mistral-small-24b_sol1_gd0_rs0_bd1_str-mpfair_t00_n1,469,2,1,mistralai/Mistral-Small-24B-Instruct-2501,1,0,1,0,mpfair,0.0,10.0,0.0
2026-08-12 17:13:19,IA55_m-mistral-small-24b_sol1_gd0_rs0_bd1_str-mpfair_t00_n1,469,3,1,mistralai/Mistral-Small-24B-Instruct-2501,1,0,1,0,mpfair,0.0,10.5,0.0
2026-08-12 17:13:39,IA55_m-mistral-small-24b_sol1_gd0_rs0_bd1_str-mpfair_t00_n1,470,1,1,mistralai/Mistral-Small-24B-Instruct-2501,1,0,1,0,mpfair,0.0,19.0,0.0
2026-08-12 17:13:52,IA55_m-mistral-small-24b_sol1_gd0_rs0_bd1_str-mpfair_t00_n1,470,2,1,mistralai/Mistral-Small-24B-Instruct-2501,1,0,1,0,mpfair,0.0,12.0,3.0
2026-08-12 17:14:10,IA55_m-mistral-small-24b_sol1_gd0_rs0_bd1_str-mpfair_t00_n1,470,3,1,mistralai/Mistral-Small-24B-Instruct-2501,1,0,1,0,mpfair,0.0,14.5,0.0
2026-08-12 17:14:28,IA55_m-mistral-small-24b_sol1_gd0_rs0_bd1_str-mpfair_t00_n1,471,1,1,mistralai/Mistral-Small-24B-Instruct-2501,1,0,1,0,mpfair,0.0,13.5,0.0
2026-08-12 17:14:40,IA55_m-mistral-small-24b_sol1_gd0_rs0_bd1_str-mpfair_t00_n1,471,2,1,mistralai/Mistral-Small-24B-Instruct-2501,1,0,1,0,mpfair,0.0,0.0,0.0
2026-08-12 17:14:57,IA55_m-mistral-small-24b_sol1_gd0_rs0_bd1_str-mpfair_t00_n1,471,3,1,mistralai/Mistral-Small-24B-Instruct-2501,1,0,1,0,mpfair,0.0,12.5,0.0
2026-08-12 17:15:14,IA55_m-mistral-small-24b_sol1_gd0_rs0_bd1_str-mpfair_t00_n1,472,1,1,mistralai/Mistral-Small-24B-Instruct-2501,1,0,1,0,mpfair,0.0,0.0,0.0
2026-08-12 17:15:27,IA55_m-mistral-small-24b_sol1_gd0_rs0_bd1_str-mpfair_t00_n1,472,2,1,mistralai/Mistral-Small-24B-Instruct-2501,1,0,1,0,mpfair,0.0,0.0,0.0
2026-08-12 17:15:46,IA55_m-mistral-small-24b_sol1_gd0_rs0_bd1_str-mpfair_t00_n1,472,3,1,mistralai/Mistral-Small-24B-Instruct-2501,1,0,1,0,mpfair,0.0,0.0,0.0
2026-08-12 17:16:04,IA55_m-mistral-small-24b_sol1_gd0_rs0_bd1_str-mpfair_t00_n1,473,1,1,mistralai/Mistral-Small-24B-Instruct-2501,1,0,1,0,mpfair,0.0,19.0,0.0
2026-08-12 17:16:18,IA55_m-mistral-small-24b_sol1_gd0_rs0_bd1_str-mpfair_t00_n1,473,2,1,mistralai/Mistral-Small-24B-Instruct-2501,1,0,1,0,mpfair,0.0,12.0,0.0
2026-08-12 17:16:37,IA55_m-mistral-small-24b_sol1_gd0_rs0_bd1_str-mpfair_t00_n1,473,3,1,mistralai/Mistral-Small-24B-Instruct-2501,1,0,1,0,mpfair,0.0,12.0,0.0
2026-08-12 17:16:55,IA55_m-mistral-small-24b_sol1_gd0_rs0_bd1_str-mpfair_t00_n1,474,1,1,mistralai/Mistral-Small-24B-Instruct-2501,1,0,1,0,mpfair,0.0,10.5,0.0
2026-08-12 17:17:07,IA55_m-mistral-small-24b_sol1_gd0_rs0_bd1_str-mpfair_t00_n1,474,2,1,mistralai/Mistral-Small-24B-Instruct-2501,1,0,1,0,mpfair,0.0,0.0,0.0
2026-08-12 17:17:25,IA55_m-mistral-small-24b_sol1_gd0_rs0_bd1_str-mpfair_t00_n1,474,3,1,mistralai/Mistral-Small-24B-Instruct-2501,1,0,1,0,mpfair,0.0,0.0,0.0
2026-08-12 17:17:44,IA55_m-mistral-small-24b_sol1_gd0_rs0_bd1_str-mpfair_t00_n1,475,1,1,mistralai/Mistral-Small-24B-Instruct-2501,1,0,1,0,mpfair,0.0,18.0,0.0
2026-08-12 17:17:58,IA55_m-mistral-small-24b_sol1_gd0_rs0_bd1_str-mpfair_t00_n1,475,2,1,mistralai/Mistral-Small-24B-Instruct-2501,1,0,1,0,mpfair,0.0,0.0,0.0
2026-08-12 17:18:14,IA55_m-mistral-small-24b_sol1_gd0_rs0_bd1_str-mpfair_t00_n1,475,3,1,mistralai/Mistral-Small-24B-Instruct-2501,1,0,1,0,mpfair,0.0,10.5,0.0
2026-08-12 17:18:32,IA55_m-mistral-small-24b_sol1_gd0_rs0_bd1_str-mpfair_t00_n1,476,1,1,mistralai/Mistral-Small-24B-Instruct-2501,1,0,1,0,mpfair,0.0,1.0,0.0
2026-08-12 17:18:45,IA55_m-mistral-small-24b_sol1_gd0_rs0_bd1_str-mpfair_t00_n1,476,2,1,mistralai/Mistral-Small-24B-Instruct-2501,1,0,1,0,mpfair,0.0,0.0,0.0
2026-08-12 17:19:03,IA55_m-mistral-small-24b_sol1_gd0_rs0_bd1_str-mpfair_t00_n1,476,3,1,mistralai/Mistral-Small-24B-Instruct-2501,1,0,1,0,mpfair,0.0,10.5,0.0
2026-08-12 17:19:21,IA55_m-mistral-small-24b_sol1_gd0_rs0_bd1_str-mpfair_t00_n1,477,1,1,mistralai/Mistral-Small-24B-Instruct-2501,1,0,1,0,mpfair,0.0,10.0,0.0
2026-08-12 17:19:34,IA55_m-mistral-small-24b_sol1_gd0_rs0_bd1_str-mpfair_t00_n1,477,2,1,mistralai/Mistral-Small-24B-Instruct-2501,1,0,1,0,mpfair,0.0,0.0,0.0
2026-08-12 17:19:54,IA55_m-mistral-small-24b_sol1_gd0_rs0_bd1_str-mpfair_t00_n1,477,3,1,mistralai/Mistral-Small-24B-Instruct-2501,1,0,1,0,mpfair,0.0,10.5,0.0
2026-08-12 17:20:13,IA55_m-mistral-small-24b_sol1_gd0_rs0_bd1_str-mpfair_t00_n1,478,1,1,mistralai/Mistral-Small-24B-Instruct-2501,1,0,1,0,mpfair,0.0,18.0,0.0
2026-08-12 17:20:28,IA55_m-mistral-small-24b_sol1_gd0_rs0_bd1_str-mpfair_t00_n1,478,2,1,mistralai/Mistral-Small-24B-Instruct-2501,1,0,1,0,mpfair,0.0,10.0,0.0
2026-08-12 17:20:45,IA55_m-mistral-small-24b_sol1_gd0_rs0_bd1_str-mpfair_t00_n1,478,3,1,mistralai/Mistral-Small-24B-Instruct-2501,1,0,1,0,mpfair,0.0,10.5,0.0
2026-08-12 17:21:03,IA55_m-mistral-small-24b_sol1_gd0_rs0_bd1_str-mpfair_t00_n1,479,1,1,mistralai/Mistral-Small-24B-Instruct-2501,1,0,1,0,mpfair,0.0,10.0,0.0
2026-08-12 17:21:22,IA55_m-mistral-small-24b_sol1_gd0_rs0_bd1_str-mpfair_t00_n1,479,3,1,mistralai/Mistral-Small-24B-Instruct-2501,1,0,1,0,mpfair,0.0,10.0,0.0
2026-08-12 17:21:41,IA55_m-mistral-small-24b_sol1_gd0_rs0_bd1_str-mpfair_t00_n1,480,3,1,mistralai/Mistral-Small-24B-Instruct-2501,1,0,1,0,mpfair,0.0,10.0,0.0
2026-08-12 17:21:59,IA55_m-mistral-small-24b_sol1_gd0_rs0_bd1_str-mpfair_t00_n1,481,1,1,mistralai/Mistral-Small-24B-Instruct-2501,1,0,1,0,mpfair,0.0,10.5,0.0
2026-08-12 17:22:12,IA55_m-mistral-small-24b_sol1_gd0_rs0_bd1_str-mpfair_t00_n1,481,2,1,mistralai/Mistral-Small-24B-Instruct-2501,1,0,1,0,mpfair,0.0,0.0,0.0
2026-08-12 17:22:29,IA55_m-mistral-small-24b_sol1_gd0_rs0_bd1_str-mpfair_t00_n1,481,3,1,mistralai/Mistral-Small-24B-Instruct-2501,1,0,1,0,mpfair,0.0,0.0,0.0
2026-08-12 17:22:49,IA55_m-mistral-small-24b_sol1_gd0_rs0_bd1_str-mpfair_t00_n1,482,1,1,mistralai/Mistral-Small-24B-Instruct-2501,1,0,1,0,mpfair,0.0,10.0,0.0
2026-08-12 17:23:02,IA55_m-mistral-small-24b_sol1_gd0_rs0_bd1_str-mpfair_t00_n1,482,2,1,mistralai/Mistral-Small-24B-Instruct-2501,1,0,1,0,mpfair,0.0,0.0,0.0
2026-08-12 17:23:21,IA55_m-mistral-small-24b_sol1_gd0_rs0_bd1_str-mpfair_t00_n1,482,3,1,mistralai/Mistral-Small-24B-Instruct-2501,1,0,1,0,mpfair,0.0,0.0,0.0
2026-08-12 17:23:39,IA55_m-mistral-small-24b_sol1_gd0_rs0_bd1_str-mpfair_t00_n1,483,1,1,mistralai/Mistral-Small-24B-Instruct-2501,1,0,1,0,mpfair,0.0,10.5,0.0
2026-08-12 17:23:53,IA55_m-mistral-small-24b_sol1_gd0_rs0_bd1_str-mpfair_t00_n1,483,2,1,mistralai/Mistral-Small-24B-Instruct-2501,1,0,1,0,mpfair,0.0,10.0,0.0
2026-08-12 17:24:12,IA55_m-mistral-small-24b_sol1_gd0_rs0_bd1_str-mpfair_t00_n1,483,3,1,mistralai/Mistral-Small-24B-Instruct-2501,1,0,1,0,mpfair,0.0,10.5,0.0
2026-08-12 17:24:29,IA55_m-mistral-small-24b_sol1_gd0_rs0_bd1_str-mpfair_t00_n1,484,1,1,mistralai/Mistral-Small-24B-Instruct-2501,1,0,1,0,mpfair,0.0,18.5,3.0
2026-08-12 17:24:44,IA55_m-mistral-small-24b_sol1_gd0_rs0_bd1_str-mpfair_t00_n1,484,2,1,mistralai/Mistral-Small-24B-Instruct-2501,1,0,1,0,mpfair,0.0,10.0,3.0
2026-08-12 17:25:00,IA55_m-mistral-small-24b_sol1_gd0_rs0_bd1_str-mpfair_t00_n1,484,3,1,mistralai/Mistral-Small-24B-Instruct-2501,1,0,1,0,mpfair,0.0,16.5,0.0
2026-08-12 17:25:18,IA55_m-mistral-small-24b_sol1_gd0_rs0_bd1_str-mpfair_t00_n1,485,1,1,mistralai/Mistral-Small-24B-Instruct-2501,1,0,1,0,mpfair,0.0,10.5,0.0
2026-08-12 17:25:32,IA55_m-mistral-small-24b_sol1_gd0_rs0_bd1_str-mpfair_t00_n1,485,2,1,mistralai/Mistral-Small-24B-Instruct-2501,1,0,1,0,mpfair,0.0,0.0,0.0
2026-08-12 17:25:50,IA55_m-mistral-small-24b_sol1_gd0_rs0_bd1_str-mpfair_t00_n1,486,1,1,mistralai/Mistral-Small-24B-Instruct-2501,1,0,1,0,mpfair,0.0,10.0,0.0
2026-08-12 17:26:05,IA55_m-mistral-small-24b_sol1_gd0_rs0_bd1_str-mpfair_t00_n1,486,2,1,mistralai/Mistral-Small-24B-Instruct-2501,1,0,1,0,mpfair,0.0,10.0,0.0
2026-08-12 17:26:23,IA55_m-mistral-small-24b_sol1_gd0_rs0_bd1_str-mpfair_t00_n1,486,3,1,mistralai/Mistral-Small-24B-Instruct-2501,1,0,1,0,mpfair,0.0,0.0,0.0
2026-08-12 17:26:42,IA55_m-mistral-small-24b_sol1_gd0_rs0_bd1_str-mpfair_t00_n1,487,1,1,mistralai/Mistral-Small-24B-Instruct-2501,1,0,1,0,mpfair,0.0,10.5,0.0
2026-08-12 17:27:00,IA55_m-mistral-small-24b_sol1_gd0_rs0_bd1_str-mpfair_t00_n1,487,2,1,mistralai/Mistral-Small-24B-Instruct-2501,1,0,1,0,mpfair,0.0,10.0,0.0
2026-08-12 17:27:17,IA55_m-mistral-small-24b_sol1_gd0_rs0_bd1_str-mpfair_t00_n1,487,3,1,mistralai/Mistral-Small-24B-Instruct-2501,1,0,1,0,mpfair,0.0,0.0,0.0
2026-08-12 17:27:35,IA55_m-mistral-small-24b_sol1_gd0_rs0_bd1_str-mpfair_t00_n1,488,1,1,mistralai/Mistral-Small-24B-Instruct-2501,1,0,1,0,mpfair,0.0,18.5,0.0
2026-08-12 17:27:56,IA55_m-mistral-small-24b_sol1_gd0_rs0_bd1_str-mpfair_t00_n1,488,2,1,mistralai/Mistral-Small-24B-Instruct-2501,1,0,1,0,mpfair,0.0,10.0,0.0
2026-08-12 17:28:14,IA55_m-mistral-small-24b_sol1_gd0_rs0_bd1_str-mpfair_t00_n1,488,3,1,mistralai/Mistral-Small-24B-Instruct-2501,1,0,1,0,mpfair,0.0,10.5,0.0
2026-08-12 17:28:34,IA55_m-mistral-small-24b_sol1_gd0_rs0_bd1_str-mpfair_t00_n1,489,1,1,mistralai/Mistral-Small-24B-Instruct-2501,1,0,1,0,mpfair,0.0,10.0,0.0
2026-08-12 17:28:46,IA55_m-mistral-small-24b_sol1_gd0_rs0_bd1_str-mpfair_t00_n1,489,2,1,mistralai/Mistral-Small-24B-Instruct-2501,1,0,1,0,mpfair,0.0,0.0,0.0
2026-08-12 17:29:04,IA55_m-mistral-small-24b_sol1_gd0_rs0_bd1_str-mpfair_t00_n1,489,3,1,mistralai/Mistral-Small-24B-Instruct-2501,1,0,1,0,mpfair,0.0,0.0,0.0
2026-08-12 17:29:21,IA55_m-mistral-small-24b_sol1_gd0_rs0_bd1_str-mpfair_t00_n1,490,1,1,mistralai/Mistral-Small-24B-Instruct-2501,1,0,1,0,mpfair,0.0,10.5,0.0
2026-08-12 17:29:34,IA55_m-mistral-small-24b_sol1_gd0_rs0_bd1_str-mpfair_t00_n1,490,2,1,mistralai/Mistral-Small-24B-Instruct-2501,1,0,1,0,mpfair,0.0,10.0,0.0
2026-08-12 17:29:52,IA55_m-mistral-small-24b_sol1_gd0_rs0_bd1_str-mpfair_t00_n1,490,3,1,mistralai/Mistral-Small-24B-Instruct-2501,1,0,1,0,mpfair,0.0,10.5,0.0
2026-08-12 17:30:11,IA55_m-mistral-small-24b_sol1_gd0_rs0_bd1_str-mpfair_t00_n1,491,1,1,mistralai/Mistral-Small-24B-Instruct-2501,1,0,1,0,mpfair,0.0,12.5,0.0
2026-08-12 17:30:24,IA55_m-mistral-small-24b_sol1_gd0_rs0_bd1_str-mpfair_t00_n1,491,2,1,mistralai/Mistral-Small-24B-Instruct-2501,1,0,1,0,mpfair,0.0,10.0,0.0
2026-08-12 17:30:41,IA55_m-mistral-small-24b_sol1_gd0_rs0_bd1_str-mpfair_t00_n1,491,3,1,mistralai/Mistral-Small-24B-Instruct-2501,1,0,1,0,mpfair,0.0,10.5,0.0
2026-08-12 17:30:58,IA55_m-mistral-small-24b_sol1_gd0_rs0_bd1_str-mpfair_t00_n1,492,1,1,mistralai/Mistral-Small-24B-Instruct-2501,1,0,1,0,mpfair,0.0,10.5,0.0
2026-08-12 17:31:11,IA55_m-mistral-small-24b_sol1_gd0_rs0_bd1_str-mpfair_t00_n1,492,2,1,mistralai/Mistral-Small-24B-Instruct-2501,1,0,1,0,mpfair,0.0,0.0,0.0
2026-08-12 17:31:29,IA55_m-mistral-small-24b_sol1_gd0_rs0_bd1_str-mpfair_t00_n1,492,3,1,mistralai/Mistral-Small-24B-Instruct-2501,1,0,1,0,mpfair,0.0,10.5,0.0
2026-08-12 17:31:47,IA55_m-mistral-small-24b_sol1_gd0_rs0_bd1_str-mpfair_t00_n1,493,1,1,mistralai/Mistral-Small-24B-Instruct-2501,1,0,1,0,mpfair,0.0,12.5,0.0
2026-08-12 17:32:01,IA55_m-mistral-small-24b_sol1_gd0_rs0_bd1_str-mpfair_t00_n1,493,2,1,mistralai/Mistral-Small-24B-Instruct-2501,1,0,1,0,mpfair,0.0,10.0,0.0
2026-08-12 17:32:20,IA55_m-mistral-small-24b_sol1_gd0_rs0_bd1_str-mpfair_t00_n1,493,3,1,mistralai/Mistral-Small-24B-Instruct-2501,1,0,1,0,mpfair,0.0,10.5,0.0
2026-08-12 17:32:37,IA55_m-mistral-small-24b_sol1_gd0_rs0_bd1_str-mpfair_t00_n1,494,1,1,mistralai/Mistral-Small-24B-Instruct-2501,1,0,1,0,mpfair,0.0,0.0,0.0
2026-08-12 17:32:51,IA55_m-mistral-small-24b_sol1_gd0_rs0_bd1_str-mpfair_t00_n1,494,2,1,mistralai/Mistral-Small-24B-Instruct-2501,1,0,1,0,mpfair,0.0,0.0,0.0
2026-08-12 17:33:08,IA55_m-mistral-small-24b_sol1_gd0_rs0_bd1_str-mpfair_t00_n1,494,3,1,mistralai/Mistral-Small-24B-Instruct-2501,1,0,1,0,mpfair,0.0,10.5,0.0
2026-08-12 17:33:27,IA55_m-mistral-small-24b_sol1_gd0_rs0_bd1_str-mpfair_t00_n1,495,1,1,mistralai/Mistral-Small-24B-Instruct-2501,1,0,1,0,mpfair,0.0,10.0,0.0
2026-08-12 17:33:40,IA55_m-mistral-small-24b_sol1_gd0_rs0_bd1_str-mpfair_t00_n1,495,2,1,mistralai/Mistral-Small-24B-Instruct-2501,1,0,1,0,mpfair,0.0,0.0,0.0
2026-08-12 17:33:57,IA55_m-mistral-small-24b_sol1_gd0_rs0_bd1_str-mpfair_t00_n1,495,3,1,mistralai/Mistral-Small-24B-Instruct-2501,1,0,1,0,mpfair,0.0,10.5,0.0
2026-08-12 17:34:15,IA55_m-mistral-small-24b_sol1_gd0_rs0_bd1_str-mpfair_t00_n1,496,1,1,mistralai/Mistral-Small-24B-Instruct-2501,1,0,1,0,mpfair,0.0,10.0,0.0
2026-08-12 17:34:28,IA55_m-mistral-small-24b_sol1_gd0_rs0_bd1_str-mpfair_t00_n1,496,2,1,mistralai/Mistral-Small-24B-Instruct-2501,1,0,1,0,mpfair,0.0,10.0,0.0
2026-08-12 17:34:47,IA55_m-mistral-small-24b_sol1_gd0_rs0_bd1_str-mpfair_t00_n1,496,3,1,mistralai/Mistral-Small-24B-Instruct-2501,1,0,1,0,mpfair,0.0,10.5,0.0
2026-08-12 17:35:09,IA55_m-mistral-small-24b_sol1_gd0_rs0_bd1_str-mpfair_t00_n1,497,1,1,mistralai/Mistral-Small-24B-Instruct-2501,1,0,1,0,mpfair,0.0,10.0,0.0
2026-08-12 17:35:22,IA55_m-mistral-small-24b_sol1_gd0_rs0_bd1_str-mpfair_t00_n1,497,2,1,mistralai/Mistral-Small-24B-Instruct-2501,1,0,1,0,mpfair,0.0,10.0,0.0
2026-08-12 17:35:40,IA55_m-mistral-small-24b_sol1_gd0_rs0_bd1_str-mpfair_t00_n1,497,3,1,mistralai/Mistral-Small-24B-Instruct-2501,1,0,1,0,mpfair,0.0,0.0,0.0
2026-08-12 17:35:58,IA55_m-mistral-small-24b_sol1_gd0_rs0_bd1_str-mpfair_t00_n1,498,1,1,mistralai/Mistral-Small-24B-Instruct-2501,1,0,1,0,mpfair,0.0,10.5,0.0
2026-08-12 17:36:11,IA55_m-mistral-small-24b_sol1_gd0_rs0_bd1_str-mpfair_t00_n1,498,2,1,mistralai/Mistral-Small-24B-Instruct-2501,1,0,1,0,mpfair,0.0,10.0,0.0
2026-08-12 17:36:30,IA55_m-mistral-small-24b_sol1_gd0_rs0_bd1_str-mpfair_t00_n1,498,3,1,mistralai/Mistral-Small-24B-Instruct-2501,1,0,1,0,mpfair,0.0,0.0,0.0
2026-08-12 17:36:48,IA55_m-mistral-small-24b_sol1_gd0_rs0_bd1_str-mpfair_t00_n1,499,1,1,mistralai/Mistral-Small-24B-Instruct-2501,1,0,1,0,mpfair,0.0,0.0,0.0
2026-08-12 17:37:01,IA55_m-mistral-small-24b_sol1_gd0_rs0_bd1_str-mpfair_t00_n1,499,2,1,mistralai/Mistral-Small-24B-Instruct-2501,1,0,1,0,mpfair,0.0,0.0,0.0
2026-08-12 17:37:19,IA55_m-mistral-small-24b_sol1_gd0_rs0_bd1_str-mpfair_t00_n1,499,3,1,mistralai/Mistral-Small-24B-Instruct-2501,1,0,1,0,mpfair,0.0,10.5,0.0
2026-08-12 17:37:38,IA55_m-mistral-small-24b_sol1_gd0_rs0_bd1_str-mpfair_t00_n1,500,1,1,mistralai/Mistral-Small-24B-Instruct-2501,1,0,1,0,mpfair,0.0,10.5,0.0
2026-08-12 17:37:52,IA55_m-mistral-small-24b_sol1_gd0_rs0_bd1_str-mpfair_t00_n1,500,2,1,mistralai/Mistral-Small-24B-Instruct-2501,1,0,1,0,mpfair,0.0,0.0,0.0
2026-08-12 17:38:09,IA55_m-mistral-small-24b_sol1_gd0_rs0_bd1_str-mpfair_t00_n1,500,3,1,mistralai/Mistral-Small-24B-Instruct-2501,1,0,1,0,mpfair,0.0,0.0,0.0
2026-08-12 17:38:26,IA55_m-mistral-small-24b_sol1_gd0_rs0_bd1_str-mpfair_t00_n1,501,1,1,mistralai/Mistral-Small-24B-Instruct-2501,1,0,1,0,mpfair,0.0,12.5,0.0
2026-08-12 17:38:39,IA55_m-mistral-small-24b_sol1_gd0_rs0_bd1_str-mpfair_t00_n1,501,2,1,mistralai/Mistral-Small-24B-Instruct-2501,1,0,1,0,mpfair,0.0,0.0,0.0
2026-08-12 17:38:57,IA55_m-mistral-small-24b_sol1_gd0_rs0_bd1_str-mpfair_t00_n1,501,3,1,mistralai/Mistral-Small-24B-Instruct-2501,1,0,1,0,mpfair,0.0,0.0,0.0
2026-08-12 17:39:16,IA55_m-mistral-small-24b_sol1_gd0_rs0_bd1_str-mpfair_t00_n1,502,1,1,mistralai/Mistral-Small-24B-Instruct-2501,1,0,1,0,mpfair,0.0,10.0,0.0
2026-08-12 17:39:30,IA55_m-mistral-small-24b_sol1_gd0_rs0_bd1_str-mpfair_t00_n1,502,2,1,mistralai/Mistral-Small-24B-Instruct-2501,1,0,1,0,mpfair,0.0,0.0,0.0
2026-08-12 17:39:49,IA55_m-mistral-small-24b_sol1_gd0_rs0_bd1_str-mpfair_t00_n1,502,3,1,mistralai/Mistral-Small-24B-Instruct-2501,1,0,1,0,mpfair,0.0,10.5,0.0
2026-08-12 17:40:09,IA55_m-mistral-small-24b_sol1_gd0_rs0_bd1_str-mpfair_t00_n1,503,1,1,mistralai/Mistral-Small-24B-Instruct-2501,1,0,1,0,mpfair,0.0,13.0,0.0
2026-08-12 17:40:24,IA55_m-mistral-small-24b_sol1_gd0_rs0_bd1_str-mpfair_t00_n1,503,2,1,mistralai/Mistral-Small-24B-Instruct-2501,1,0,1,0,mpfair,0.0,10.0,0.0
2026-08-12 17:40:44,IA55_m-mistral-small-24b_sol1_gd0_rs0_bd1_str-mpfair_t00_n1,503,3,1,mistralai/Mistral-Small-24B-Instruct-2501,1,0,1,0,mpfair,0.0,10.0,0.0
2026-08-12 17:41:00,IA55_m-mistral-small-24b_sol1_gd0_rs0_bd1_str-mpfair_t00_n1,504,1,1,mistralai/Mistral-Small-24B-Instruct-2501,1,0,1,0,mpfair,0.0,10.0,0.0
2026-08-12 17:41:14,IA55_m-mistral-small-24b_sol1_gd0_rs0_bd1_str-mpfair_t00_n1,504,2,1,mistralai/Mistral-Small-24B-Instruct-2501,1,0,1,0,mpfair,0.0,0.0,0.0
2026-08-12 17:41:31,IA55_m-mistral-small-24b_sol1_gd0_rs0_bd1_str-mpfair_t00_n1,504,3,1,mistralai/Mistral-Small-24B-Instruct-2501,1,0,1,0,mpfair,0.0,0.0,0.0
2026-08-12 17:41:51,IA55_m-mistral-small-24b_sol1_gd0_rs0_bd1_str-mpfair_t00_n1,505,1,1,mistralai/Mistral-Small-24B-Instruct-2501,1,0,1,0,mpfair,0.0,10.0,0.0
2026-08-12 17:42:04,IA55_m-mistral-small-24b_sol1_gd0_rs0_bd1_str-mpfair_t00_n1,505,2,1,mistralai/Mistral-Small-24B-Instruct-2501,1,0,1,0,mpfair,0.0,10.0,0.0
2026-08-12 17:42:21,IA55_m-mistral-small-24b_sol1_gd0_rs0_bd1_str-mpfair_t00_n1,505,3,1,mistralai/Mistral-Small-24B-Instruct-2501,1,0,1,0,mpfair,0.0,0.0,0.0
2026-08-12 17:42:41,IA55_m-mistral-small-24b_sol1_gd0_rs0_bd1_str-mpfair_t00_n1,506,1,1,mistralai/Mistral-Small-24B-Instruct-2501,1,0,1,0,mpfair,0.0,10.0,0.0
2026-08-12 17:43:02,IA55_m-mistral-small-24b_sol1_gd0_rs0_bd1_str-mpfair_t00_n1,506,2,1,mistralai/Mistral-Small-24B-Instruct-2501,1,0,1,0,mpfair,0.0,10.0,0.0
2026-08-12 17:43:19,IA55_m-mistral-small-24b_sol1_gd0_rs0_bd1_str-mpfair_t00_n1,506,3,1,mistralai/Mistral-Small-24B-Instruct-2501,1,0,1,0,mpfair,0.0,10.5,0.0
2026-08-12 17:43:38,IA55_m-mistral-small-24b_sol1_gd0_rs0_bd1_str-mpfair_t00_n1,507,1,1,mistralai/Mistral-Small-24B-Instruct-2501,1,0,1,0,mpfair,0.0,18.0,0.0
2026-08-12 17:43:51,IA55_m-mistral-small-24b_sol1_gd0_rs0_bd1_str-mpfair_t00_n1,507,2,1,mistralai/Mistral-Small-24B-Instruct-2501,1,0,1,0,mpfair,0.0,10.0,0.0
2026-08-12 17:44:09,IA55_m-mistral-small-24b_sol1_gd0_rs0_bd1_str-mpfair_t00_n1,507,3,1,mistralai/Mistral-Small-24B-Instruct-2501,1,0,1,0,mpfair,0.0,10.5,0.0
2026-08-12 17:44:26,IA55_m-mistral-small-24b_sol1_gd0_rs0_bd1_str-mpfair_t00_n1,508,1,1,mistralai/Mistral-Small-24B-Instruct-2501,1,0,1,0,mpfair,0.0,10.5,3.0
2026-08-12 17:44:39,IA55_m-mistral-small-24b_sol1_gd0_rs0_bd1_str-mpfair_t00_n1,508,2,1,mistralai/Mistral-Small-24B-Instruct-2501,1,0,1,0,mpfair,0.0,0.0,0.0
2026-08-12 17:44:57,IA55_m-mistral-small-24b_sol1_gd0_rs0_bd1_str-mpfair_t00_n1,508,3,1,mistralai/Mistral-Small-24B-Instruct-2501,1,0,1,0,mpfair,0.0,0.0,0.0
2026-08-12 17:45:16,IA55_m-mistral-small-24b_sol1_gd0_rs0_bd1_str-mpfair_t00_n1,509,1,1,mistralai/Mistral-Small-24B-Instruct-2501,1,0,1,0,mpfair,0.0,13.5,0.0
2026-08-12 17:45:30,IA55_m-mistral-small-24b_sol1_gd0_rs0_bd1_str-mpfair_t00_n1,509,2,1,mistralai/Mistral-Small-24B-Instruct-2501,1,0,1,0,mpfair,0.0,10.0,0.0
2026-08-12 17:45:47,IA55_m-mistral-small-24b_sol1_gd0_rs0_bd1_str-mpfair_t00_n1,509,3,1,mistralai/Mistral-Small-24B-Instruct-2501,1,0,1,0,mpfair,0.0,0.0,0.0
2026-08-12 17:46:06,IA55_m-mistral-small-24b_sol1_gd0_rs0_bd1_str-mpfair_t00_n1,510,1,1,mistralai/Mistral-Small-24B-Instruct-2501,1,0,1,0,mpfair,0.0,10.5,0.0
2026-08-12 17:46:20,IA55_m-mistral-small-24b_sol1_gd0_rs0_bd1_str-mpfair_t00_n1,510,2,1,mistralai/Mistral-Small-24B-Instruct-2501,1,0,1,0,mpfair,0.0,10.0,0.0
2026-08-12 17:46:38,IA55_m-mistral-small-24b_sol1_gd0_rs0_bd1_str-mpfair_t00_n1,510,3,1,mistralai/Mistral-Small-24B-Instruct-2501,1,0,1,0,mpfair,0.0,10.5,0.0
2026-08-12 17:46:56,IA55_m-mistral-small-24b_sol1_gd0_rs0_bd1_str-mpfair_t00_n1,511,1,1,mistralai/Mistral-Small-24B-Instruct-2501,1,0,1,0,mpfair,0.0,10.5,0.0
2026-08-12 17:47:10,IA55_m-mistral-small-24b_sol1_gd0_rs0_bd1_str-mpfair_t00_n1,511,2,1,mistralai/Mistral-Small-24B-Instruct-2501,1,0,1,0,mpfair,0.0,0.0,0.0
2026-08-12 17:47:27,IA55_m-mistral-small-24b_sol1_gd0_rs0_bd1_str-mpfair_t00_n1,511,3,1,mistralai/Mistral-Small-24B-Instruct-2501,1,0,1,0,mpfair,0.0,10.5,0.0
2026-08-12 17:47:47,IA55_m-mistral-small-24b_sol1_gd0_rs0_bd1_str-mpfair_t00_n1,512,1,1,mistralai/Mistral-Small-24B-Instruct-2501,1,0,1,0,mpfair,0.0,10.0,0.0
2026-08-12 17:48:02,IA55_m-mistral-small-24b_sol1_gd0_rs0_bd1_str-mpfair_t00_n1,512,2,1,mistralai/Mistral-Small-24B-Instruct-2501,1,0,1,0,mpfair,0.0,10.0,0.0
2026-08-12 17:48:20,IA55_m-mistral-small-24b_sol1_gd0_rs0_bd1_str-mpfair_t00_n1,512,3,1,mistralai/Mistral-Small-24B-Instruct-2501,1,0,1,0,mpfair,0.0,10.5,0.0
2026-08-12 17:48:39,IA55_m-mistral-small-24b_sol1_gd0_rs0_bd1_str-mpfair_t00_n1,513,1,1,mistralai/Mistral-Small-24B-Instruct-2501,1,0,1,0,mpfair,0.0,19.0,0.0
2026-08-12 17:48:54,IA55_m-mistral-small-24b_sol1_gd0_rs0_bd1_str-mpfair_t00_n1,513,2,1,mistralai/Mistral-Small-24B-Instruct-2501,1,0,1,0,mpfair,0.0,10.0,0.0
2026-08-12 17:49:10,IA55_m-mistral-small-24b_sol1_gd0_rs0_bd1_str-mpfair_t00_n1,513,3,1,mistralai/Mistral-Small-24B-Instruct-2501,1,0,1,0,mpfair,0.0,12.5,0.0
2026-08-12 17:49:31,IA55_m-mistral-small-24b_sol1_gd0_rs0_bd1_str-mpfair_t00_n1,514,1,1,mistralai/Mistral-Small-24B-Instruct-2501,1,0,1,0,mpfair,0.0,10.0,0.0
2026-08-12 17:49:45,IA55_m-mistral-small-24b_sol1_gd0_rs0_bd1_str-mpfair_t00_n1,514,2,1,mistralai/Mistral-Small-24B-Instruct-2501,1,0,1,0,mpfair,0.0,0.0,0.0
2026-08-12 17:50:03,IA55_m-mistral-small-24b_sol1_gd0_rs0_bd1_str-mpfair_t00_n1,514,3,1,mistralai/Mistral-Small-24B-Instruct-2501,1,0,1,0,mpfair,0.0,0.0,0.0
2026-08-12 17:50:23,IA55_m-mistral-small-24b_sol1_gd0_rs0_bd1_str-mpfair_t00_n1,515,1,1,mistralai/Mistral-Small-24B-Instruct-2501,1,0,1,0,mpfair,0.0,21.0,3.0
2026-08-12 17:50:38,IA55_m-mistral-small-24b_sol1_gd0_rs0_bd1_str-mpfair_t00_n1,515,2,1,mistralai/Mistral-Small-24B-Instruct-2501,1,0,1,0,mpfair,0.0,12.0,3.0
2026-08-12 17:50:57,IA55_m-mistral-small-24b_sol1_gd0_rs0_bd1_str-mpfair_t00_n1,515,3,1,mistralai/Mistral-Small-24B-Instruct-2501,1,0,1,0,mpfair,0.0,18.0,3.0
2026-08-12 17:51:16,IA55_m-mistral-small-24b_sol1_gd0_rs0_bd1_str-mpfair_t00_n1,516,1,1,mistralai/Mistral-Small-24B-Instruct-2501,1,0,1,0,mpfair,0.0,19.0,0.0
2026-08-12 17:51:30,IA55_m-mistral-small-24b_sol1_gd0_rs0_bd1_str-mpfair_t00_n1,516,2,1,mistralai/Mistral-Small-24B-Instruct-2501,1,0,1,0,mpfair,0.0,10.0,3.0
2026-08-12 17:51:50,IA55_m-mistral-small-24b_sol1_gd0_rs0_bd1_str-mpfair_t00_n1,516,3,1,mistralai/Mistral-Small-24B-Instruct-2501,1,0,1,0,mpfair,0.0,16.0,0.0
2026-08-12 17:52:08,IA55_m-mistral-small-24b_sol1_gd0_rs0_bd1_str-mpfair_t00_n1,517,1,1,mistralai/Mistral-Small-24B-Instruct-2501,1,0,1,0,mpfair,0.0,16.0,0.0
2026-08-12 17:52:22,IA55_m-mistral-small-24b_sol1_gd0_rs0_bd1_str-mpfair_t00_n1,517,2,1,mistralai/Mistral-Small-24B-Instruct-2501,1,0,1,0,mpfair,0.0,0.0,0.0
2026-08-12 17:52:40,IA55_m-mistral-small-24b_sol1_gd0_rs0_bd1_str-mpfair_t00_n1,517,3,1,mistralai/Mistral-Small-24B-Instruct-2501,1,0,1,0,mpfair,0.0,10.5,0.0
2026-08-12 17:53:00,IA55_m-mistral-small-24b_sol1_gd0_rs0_bd1_str-mpfair_t00_n1,518,1,1,mistralai/Mistral-Small-24B-Instruct-2501,1,0,1,0,mpfair,0.0,10.0,0.0
2026-08-12 17:53:13,IA55_m-mistral-small-24b_sol1_gd0_rs0_bd1_str-mpfair_t00_n1,518,2,1,mistralai/Mistral-Small-24B-Instruct-2501,1,0,1,0,mpfair,0.0,0.0,0.0
2026-08-12 17:53:32,IA55_m-mistral-small-24b_sol1_gd0_rs0_bd1_str-mpfair_t00_n1,518,3,1,mistralai/Mistral-Small-24B-Instruct-2501,1,0,1,0,mpfair,0.0,10.5,0.0
2026-08-12 17:53:49,IA55_m-mistral-small-24b_sol1_gd0_rs0_bd1_str-mpfair_t00_n1,519,1,1,mistralai/Mistral-Small-24B-Instruct-2501,1,0,1,0,mpfair,0.0,19.5,3.0
2026-08-12 17:54:02,IA55_m-mistral-small-24b_sol1_gd0_rs0_bd1_str-mpfair_t00_n1,519,2,1,mistralai/Mistral-Small-24B-Instruct-2501,1,0,1,0,mpfair,0.0,0.0,0.0
2026-08-12 17:54:20,IA55_m-mistral-small-24b_sol1_gd0_rs0_bd1_str-mpfair_t00_n1,519,3,1,mistralai/Mistral-Small-24B-Instruct-2501,1,0,1,0,mpfair,0.0,16.5,0.0
2026-08-12 17:54:41,IA55_m-mistral-small-24b_sol1_gd0_rs0_bd1_str-mpfair_t00_n1,520,1,1,mistralai/Mistral-Small-24B-Instruct-2501,1,0,1,0,mpfair,0.0,14.0,0.0
2026-08-12 17:54:56,IA55_m-mistral-small-24b_sol1_gd0_rs0_bd1_str-mpfair_t00_n1,520,2,1,mistralai/Mistral-Small-24B-Instruct-2501,1,0,1,0,mpfair,0.0,10.0,3.0
2026-08-12 17:55:14,IA55_m-mistral-small-24b_sol1_gd0_rs0_bd1_str-mpfair_t00_n1,520,3,1,mistralai/Mistral-Small-24B-Instruct-2501,1,0,1,0,mpfair,0.0,12.5,0.0
2026-08-12 17:55:33,IA55_m-mistral-small-24b_sol1_gd0_rs0_bd1_str-mpfair_t00_n1,521,1,1,mistralai/Mistral-Small-24B-Instruct-2501,1,0,1,0,mpfair,0.0,14.5,0.0
2026-08-12 17:55:46,IA55_m-mistral-small-24b_sol1_gd0_rs0_bd1_str-mpfair_t00_n1,521,2,1,mistralai/Mistral-Small-24B-Instruct-2501,1,0,1,0,mpfair,0.0,10.0,0.0
2026-08-12 17:56:04,IA55_m-mistral-small-24b_sol1_gd0_rs0_bd1_str-mpfair_t00_n1,521,3,1,mistralai/Mistral-Small-24B-Instruct-2501,1,0,1,0,mpfair,0.0,0.0,0.0
2026-08-12 17:56:23,IA55_m-mistral-small-24b_sol1_gd0_rs0_bd1_str-mpfair_t00_n1,522,1,1,mistralai/Mistral-Small-24B-Instruct-2501,1,0,1,0,mpfair,0.0,19.0,3.0
2026-08-12 17:56:38,IA55_m-mistral-small-24b_sol1_gd0_rs0_bd1_str-mpfair_t00_n1,522,2,1,mistralai/Mistral-Small-24B-Instruct-2501,1,0,1,0,mpfair,0.0,10.0,3.0
2026-08-12 17:56:56,IA55_m-mistral-small-24b_sol1_gd0_rs0_bd1_str-mpfair_t00_n1,522,3,1,mistralai/Mistral-Small-24B-Instruct-2501,1,0,1,0,mpfair,0.0,18.0,3.0
2026-08-12 17:57:13,IA55_m-mistral-small-24b_sol1_gd0_rs0_bd1_str-mpfair_t00_n1,523,1,1,mistralai/Mistral-Small-24B-Instruct-2501,1,0,1,0,mpfair,0.0,10.5,0.0
2026-08-12 17:57:26,IA55_m-mistral-small-24b_sol1_gd0_rs0_bd1_str-mpfair_t00_n1,523,2,1,mistralai/Mistral-Small-24B-Instruct-2501,1,0,1,0,mpfair,0.0,0.0,0.0
2026-08-12 17:57:46,IA55_m-mistral-small-24b_sol1_gd0_rs0_bd1_str-mpfair_t00_n1,523,3,1,mistralai/Mistral-Small-24B-Instruct-2501,1,0,1,0,mpfair,0.0,10.5,0.0
2026-08-12 17:58:02,IA55_m-mistral-small-24b_sol1_gd0_rs0_bd1_str-mpfair_t00_n1,524,1,1,mistralai/Mistral-Small-24B-Instruct-2501,1,0,1,0,mpfair,0.0,10.5,0.0
2026-08-12 17:58:24,IA55_m-mistral-small-24b_sol1_gd0_rs0_bd1_str-mpfair_t00_n1,524,2,1,mistralai/Mistral-Small-24B-Instruct-2501,1,0,1,0,mpfair,0.0,10.0,0.0
2026-08-12 17:58:43,IA55_m-mistral-small-24b_sol1_gd0_rs0_bd1_str-mpfair_t00_n1,524,3,1,mistralai/Mistral-Small-24B-Instruct-2501,1,0,1,0,mpfair,0.0,16.0,0.0
2026-08-12 17:59:04,IA55_m-mistral-small-24b_sol1_gd0_rs0_bd1_str-mpfair_t00_n1,525,1,1,mistralai/Mistral-Small-24B-Instruct-2501,1,0,1,0,mpfair,0.0,10.5,0.0
2026-08-12 17:59:17,IA55_m-mistral-small-24b_sol1_gd0_rs0_bd1_str-mpfair_t00_n1,525,2,1,mistralai/Mistral-Small-24B-Instruct-2501,1,0,1,0,mpfair,0.0,10.0,0.0
2026-08-12 17:59:34,IA55_m-mistral-small-24b_sol1_gd0_rs0_bd1_str-mpfair_t00_n1,525,3,1,mistralai/Mistral-Small-24B-Instruct-2501,1,0,1,0,mpfair,0.0,0.0,0.0
2026-08-12 17:59:51,IA55_m-mistral-small-24b_sol1_gd0_rs0_bd1_str-mpfair_t00_n1,526,1,1,mistralai/Mistral-Small-24B-Instruct-2501,1,0,1,0,mpfair,0.0,10.5,0.0
2026-08-12 18:00:05,IA55_m-mistral-small-24b_sol1_gd0_rs0_bd1_str-mpfair_t00_n1,526,2,1,mistralai/Mistral-Small-24B-Instruct-2501,1,0,1,0,mpfair,0.0,0.0,0.0
2026-08-12 18:00:23,IA55_m-mistral-small-24b_sol1_gd0_rs0_bd1_str-mpfair_t00_n1,526,3,1,mistralai/Mistral-Small-24B-Instruct-2501,1,0,1,0,mpfair,0.0,10.0,0.0
2026-08-12 18:00:42,IA55_m-mistral-small-24b_sol1_gd0_rs0_bd1_str-mpfair_t00_n1,527,1,1,mistralai/Mistral-Small-24B-Instruct-2501,1,0,1,0,mpfair,0.0,10.5,0.0
2026-08-12 18:00:56,IA55_m-mistral-small-24b_sol1_gd0_rs0_bd1_str-mpfair_t00_n1,527,2,1,mistralai/Mistral-Small-24B-Instruct-2501,1,0,1,0,mpfair,0.0,0.0,0.0
2026-08-12 18:01:13,IA55_m-mistral-small-24b_sol1_gd0_rs0_bd1_str-mpfair_t00_n1,527,3,1,mistralai/Mistral-Small-24B-Instruct-2501,1,0,1,0,mpfair,0.0,0.0,0.0
2026-08-12 18:01:31,IA55_m-mistral-small-24b_sol1_gd0_rs0_bd1_str-mpfair_t00_n1,528,1,1,mistralai/Mistral-Small-24B-Instruct-2501,1,0,1,0,mpfair,0.0,0.0,0.0
2026-08-12 18:01:44,IA55_m-mistral-small-24b_sol1_gd0_rs0_bd1_str-mpfair_t00_n1,528,2,1,mistralai/Mistral-Small-24B-Instruct-2501,1,0,1,0,mpfair,0.0,0.0,0.0
2026-08-12 18:02:03,IA55_m-mistral-small-24b_sol1_gd0_rs0_bd1_str-mpfair_t00_n1,528,3,1,mistralai/Mistral-Small-24B-Instruct-2501,1,0,1,0,mpfair,0.0,0.0,0.0
2026-08-12 18:02:20,IA55_m-mistral-small-24b_sol1_gd0_rs0_bd1_str-mpfair_t00_n1,529,1,1,mistralai/Mistral-Small-24B-Instruct-2501,1,0,1,0,mpfair,0.0,17.5,0.0
2026-08-12 18:02:34,IA55_m-mistral-small-24b_sol1_gd0_rs0_bd1_str-mpfair_t00_n1,529,2,1,mistralai/Mistral-Small-24B-Instruct-2501,1,0,1,0,mpfair,0.0,10.0,0.0
2026-08-12 18:02:51,IA55_m-mistral-small-24b_sol1_gd0_rs0_bd1_str-mpfair_t00_n1,529,3,1,mistralai/Mistral-Small-24B-Instruct-2501,1,0,1,0,mpfair,0.0,14.5,0.0
2026-08-12 18:03:10,IA55_m-mistral-small-24b_sol1_gd0_rs0_bd1_str-mpfair_t00_n1,530,1,1,mistralai/Mistral-Small-24B-Instruct-2501,1,0,1,0,mpfair,0.0,19.0,0.0
2026-08-12 18:03:24,IA55_m-mistral-small-24b_sol1_gd0_rs0_bd1_str-mpfair_t00_n1,530,2,1,mistralai/Mistral-Small-24B-Instruct-2501,1,0,1,0,mpfair,0.0,12.0,0.0
2026-08-12 18:03:41,IA55_m-mistral-small-24b_sol1_gd0_rs0_bd1_str-mpfair_t00_n1,530,3,1,mistralai/Mistral-Small-24B-Instruct-2501,1,0,1,0,mpfair,0.0,12.5,0.0
2026-08-12 18:04:01,IA55_m-mistral-small-24b_sol1_gd0_rs0_bd1_str-mpfair_t00_n1,531,1,1,mistralai/Mistral-Small-24B-Instruct-2501,1,0,1,0,mpfair,0.0,10.0,0.0
2026-08-12 18:04:23,IA55_m-mistral-small-24b_sol1_gd0_rs0_bd1_str-mpfair_t00_n1,531,2,1,mistralai/Mistral-Small-24B-Instruct-2501,1,0,1,0,mpfair,0.0,10.0,0.0
2026-08-12 18:04:41,IA55_m-mistral-small-24b_sol1_gd0_rs0_bd1_str-mpfair_t00_n1,531,3,1,mistralai/Mistral-Small-24B-Instruct-2501,1,0,1,0,mpfair,0.0,10.5,0.0
2026-08-12 18:04:59,IA55_m-mistral-small-24b_sol1_gd0_rs0_bd1_str-mpfair_t00_n1,532,1,1,mistralai/Mistral-Small-24B-Instruct-2501,1,0,1,0,mpfair,0.0,17.5,0.0
2026-08-12 18:05:12,IA55_m-mistral-small-24b_sol1_gd0_rs0_bd1_str-mpfair_t00_n1,532,2,1,mistralai/Mistral-Small-24B-Instruct-2501,1,0,1,0,mpfair,0.0,0.0,0.0
2026-08-12 18:05:27,IA55_m-mistral-small-24b_sol1_gd0_rs0_bd1_str-mpfair_t00_n1,532,3,1,mistralai/Mistral-Small-24B-Instruct-2501,1,0,1,0,mpfair,0.0,0.0,0.0
2026-08-12 18:05:45,IA55_m-mistral-small-24b_sol1_gd0_rs0_bd1_str-mpfair_t00_n1,533,1,1,mistralai/Mistral-Small-24B-Instruct-2501,1,0,1,0,mpfair,0.0,12.5,0.0
2026-08-12 18:05:58,IA55_m-mistral-small-24b_sol1_gd0_rs0_bd1_str-mpfair_t00_n1,533,2,1,mistralai/Mistral-Small-24B-Instruct-2501,1,0,1,0,mpfair,0.0,10.0,0.0
2026-08-12 18:06:16,IA55_m-mistral-small-24b_sol1_gd0_rs0_bd1_str-mpfair_t00_n1,533,3,1,mistralai/Mistral-Small-24B-Instruct-2501,1,0,1,0,mpfair,0.0,0.0,0.0
2026-08-12 18:06:34,IA55_m-mistral-small-24b_sol1_gd0_rs0_bd1_str-mpfair_t00_n1,534,1,1,mistralai/Mistral-Small-24B-Instruct-2501,1,0,1,0,mpfair,0.0,10.5,0.0
2026-08-12 18:06:46,IA55_m-mistral-small-24b_sol1_gd0_rs0_bd1_str-mpfair_t00_n1,534,2,1,mistralai/Mistral-Small-24B-Instruct-2501,1,0,1,0,mpfair,0.0,10.0,0.0
2026-08-12 18:07:04,IA55_m-mistral-small-24b_sol1_gd0_rs0_bd1_str-mpfair_t00_n1,534,3,1,mistralai/Mistral-Small-24B-Instruct-2501,1,0,1,0,mpfair,0.0,10.0,0.0
2026-08-12 18:07:22,IA55_m-mistral-small-24b_sol1_gd0_rs0_bd1_str-mpfair_t00_n1,535,1,1,mistralai/Mistral-Small-24B-Instruct-2501,1,0,1,0,mpfair,0.0,10.5,0.0
2026-08-12 18:07:36,IA55_m-mistral-small-24b_sol1_gd0_rs0_bd1_str-mpfair_t00_n1,535,2,1,mistralai/Mistral-Small-24B-Instruct-2501,1,0,1,0,mpfair,0.0,10.0,0.0
2026-08-12 18:07:55,IA55_m-mistral-small-24b_sol1_gd0_rs0_bd1_str-mpfair_t00_n1,535,3,1,mistralai/Mistral-Small-24B-Instruct-2501,1,0,1,0,mpfair,0.0,0.0,0.0
2026-08-12 18:08:14,IA55_m-mistral-small-24b_sol1_gd0_rs0_bd1_str-mpfair_t00_n1,536,1,1,mistralai/Mistral-Small-24B-Instruct-2501,1,0,1,0,mpfair,0.0,15.5,0.0
2026-08-12 18:08:27,IA55_m-mistral-small-24b_sol1_gd0_rs0_bd1_str-mpfair_t00_n1,536,2,1,mistralai/Mistral-Small-24B-Instruct-2501,1,0,1,0,mpfair,0.0,0.0,0.0
2026-08-12 18:08:45,IA55_m-mistral-small-24b_sol1_gd0_rs0_bd1_str-mpfair_t00_n1,536,3,1,mistralai/Mistral-Small-24B-Instruct-2501,1,0,1,0,mpfair,0.0,0.0,0.0
2026-08-12 18:09:03,IA55_m-mistral-small-24b_sol1_gd0_rs0_bd1_str-mpfair_t00_n1,537,1,1,mistralai/Mistral-Small-24B-Instruct-2501,1,0,1,0,mpfair,0.0,10.5,0.0
2026-08-12 18:09:16,IA55_m-mistral-small-24b_sol1_gd0_rs0_bd1_str-mpfair_t00_n1,537,2,1,mistralai/Mistral-Small-24B-Instruct-2501,1,0,1,0,mpfair,0.0,0.0,0.0
2026-08-12 18:09:33,IA55_m-mistral-small-24b_sol1_gd0_rs0_bd1_str-mpfair_t00_n1,537,3,1,mistralai/Mistral-Small-24B-Instruct-2501,1,0,1,0,mpfair,0.0,10.0,0.0
2026-08-12 18:09:52,IA55_m-mistral-small-24b_sol1_gd0_rs0_bd1_str-mpfair_t00_n1,538,1,1,mistralai/Mistral-Small-24B-Instruct-2501,1,0,1,0,mpfair,0.0,10.5,0.0
2026-08-12 18:10:05,IA55_m-mistral-small-24b_sol1_gd0_rs0_bd1_str-mpfair_t00_n1,538,2,1,mistralai/Mistral-Small-24B-Instruct-2501,1,0,1,0,mpfair,0.0,10.0,0.0
2026-08-12 18:10:23,IA55_m-mistral-small-24b_sol1_gd0_rs0_bd1_str-mpfair_t00_n1,538,3,1,mistralai/Mistral-Small-24B-Instruct-2501,1,0,1,0,mpfair,0.0,10.5,0.0
2026-08-12 18:10:44,IA55_m-mistral-small-24b_sol1_gd0_rs0_bd1_str-mpfair_t00_n1,539,1,1,mistralai/Mistral-Small-24B-Instruct-2501,1,0,1,0,mpfair,0.0,10.0,0.0
2026-08-12 18:10:57,IA55_m-mistral-small-24b_sol1_gd0_rs0_bd1_str-mpfair_t00_n1,539,2,1,mistralai/Mistral-Small-24B-Instruct-2501,1,0,1,0,mpfair,0.0,10.0,0.0
2026-08-12 18:11:14,IA55_m-mistral-small-24b_sol1_gd0_rs0_bd1_str-mpfair_t00_n1,539,3,1,mistralai/Mistral-Small-24B-Instruct-2501,1,0,1,0,mpfair,0.0,10.5,0.0
2026-08-12 18:11:32,IA55_m-mistral-small-24b_sol1_gd0_rs0_bd1_str-mpfair_t00_n1,540,1,1,mistralai/Mistral-Small-24B-Instruct-2501,1,0,1,0,mpfair,0.0,12.5,0.0
2026-08-12 18:11:45,IA55_m-mistral-small-24b_sol1_gd0_rs0_bd1_str-mpfair_t00_n1,540,2,1,mistralai/Mistral-Small-24B-Instruct-2501,1,0,1,0,mpfair,0.0,0.0,0.0
2026-08-12 18:12:02,IA55_m-mistral-small-24b_sol1_gd0_rs0_bd1_str-mpfair_t00_n1,540,3,1,mistralai/Mistral-Small-24B-Instruct-2501,1,0,1,0,mpfair,0.0,10.5,0.0
2026-08-12 18:12:21,IA55_m-mistral-small-24b_sol1_gd0_rs0_bd1_str-mpfair_t00_n1,541,1,1,mistralai/Mistral-Small-24B-Instruct-2501,1,0,1,0,mpfair,0.0,10.0,0.0
2026-08-12 18:12:35,IA55_m-mistral-small-24b_sol1_gd0_rs0_bd1_str-mpfair_t00_n1,541,2,1,mistralai/Mistral-Small-24B-Instruct-2501,1,0,1,0,mpfair,0.0,0.0,0.0
2026-08-12 18:12:53,IA55_m-mistral-small-24b_sol1_gd0_rs0_bd1_str-mpfair_t00_n1,541,3,1,mistralai/Mistral-Small-24B-Instruct-2501,1,0,1,0,mpfair,0.0,10.5,0.0
2026-08-12 18:13:13,IA55_m-mistral-small-24b_sol1_gd0_rs0_bd1_str-mpfair_t00_n1,542,1,1,mistralai/Mistral-Small-24B-Instruct-2501,1,0,1,0,mpfair,0.0,13.5,0.0
2026-08-12 18:13:27,IA55_m-mistral-small-24b_sol1_gd0_rs0_bd1_str-mpfair_t00_n1,542,2,1,mistralai/Mistral-Small-24B-Instruct-2501,1,0,1,0,mpfair,0.0,0.0,0.0
2026-08-12 18:13:45,IA55_m-mistral-small-24b_sol1_gd0_rs0_bd1_str-mpfair_t00_n1,542,3,1,mistralai/Mistral-Small-24B-Instruct-2501,1,0,1,0,mpfair,0.0,10.5,0.0
2026-08-12 18:14:01,IA55_m-mistral-small-24b_sol1_gd0_rs0_bd1_str-mpfair_t00_n1,543,1,1,mistralai/Mistral-Small-24B-Instruct-2501,1,0,1,0,mpfair,0.0,10.5,0.0
2026-08-12 18:14:14,IA55_m-mistral-small-24b_sol1_gd0_rs0_bd1_str-mpfair_t00_n1,543,2,1,mistralai/Mistral-Small-24B-Instruct-2501,1,0,1,0,mpfair,0.0,0.0,0.0
2026-08-12 18:14:30,IA55_m-mistral-small-24b_sol1_gd0_rs0_bd1_str-mpfair_t00_n1,543,3,1,mistralai/Mistral-Small-24B-Instruct-2501,1,0,1,0,mpfair,0.0,0.0,0.0
2026-08-12 18:14:50,IA55_m-mistral-small-24b_sol1_gd0_rs0_bd1_str-mpfair_t00_n1,544,1,1,mistralai/Mistral-Small-24B-Instruct-2501,1,0,1,0,mpfair,0.0,12.5,0.0
2026-08-12 18:15:11,IA55_m-mistral-small-24b_sol1_gd0_rs0_bd1_str-mpfair_t00_n1,544,2,1,mistralai/Mistral-Small-24B-Instruct-2501,1,0,1,0,mpfair,0.0,10.0,0.0
2026-08-12 18:15:28,IA55_m-mistral-small-24b_sol1_gd0_rs0_bd1_str-mpfair_t00_n1,544,3,1,mistralai/Mistral-Small-24B-Instruct-2501,1,0,1,0,mpfair,0.0,10.5,0.0
2026-08-12 18:15:47,IA55_m-mistral-small-24b_sol1_gd0_rs0_bd1_str-mpfair_t00_n1,545,1,1,mistralai/Mistral-Small-24B-Instruct-2501,1,0,1,0,mpfair,0.0,16.5,0.0
2026-08-12 18:16:01,IA55_m-mistral-small-24b_sol1_gd0_rs0_bd1_str-mpfair_t00_n1,545,2,1,mistralai/Mistral-Small-24B-Instruct-2501,1,0,1,0,mpfair,0.0,10.0,0.0
2026-08-12 18:16:19,IA55_m-mistral-small-24b_sol1_gd0_rs0_bd1_str-mpfair_t00_n1,545,3,1,mistralai/Mistral-Small-24B-Instruct-2501,1,0,1,0,mpfair,0.0,0.0,0.0
2026-08-12 18:16:37,IA55_m-mistral-small-24b_sol1_gd0_rs0_bd1_str-mpfair_t00_n1,546,1,1,mistralai/Mistral-Small-24B-Instruct-2501,1,0,1,0,mpfair,0.0,17.5,0.0
2026-08-12 18:16:50,IA55_m-mistral-small-24b_sol1_gd0_rs0_bd1_str-mpfair_t00_n1,546,2,1,mistralai/Mistral-Small-24B-Instruct-2501,1,0,1,0,mpfair,0.0,10.0,0.0
2026-08-12 18:17:07,IA55_m-mistral-small-24b_sol1_gd0_rs0_bd1_str-mpfair_t00_n1,546,3,1,mistralai/Mistral-Small-24B-Instruct-2501,1,0,1,0,mpfair,0.0,10.5,0.0
2026-08-12 18:17:24,IA55_m-mistral-small-24b_sol1_gd0_rs0_bd1_str-mpfair_t00_n1,547,1,1,mistralai/Mistral-Small-24B-Instruct-2501,1,0,1,0,mpfair,0.0,0.0,0.0
2026-08-12 18:17:37,IA55_m-mistral-small-24b_sol1_gd0_rs0_bd1_str-mpfair_t00_n1,547,2,1,mistralai/Mistral-Small-24B-Instruct-2501,1,0,1,0,mpfair,0.0,0.0,0.0
2026-08-12 18:17:55,IA55_m-mistral-small-24b_sol1_gd0_rs0_bd1_str-mpfair_t00_n1,547,3,1,mistralai/Mistral-Small-24B-Instruct-2501,1,0,1,0,mpfair,0.0,0.0,0.0
2026-08-12 18:18:13,IA55_m-mistral-small-24b_sol1_gd0_rs0_bd1_str-mpfair_t00_n1,548,1,1,mistralai/Mistral-Small-24B-Instruct-2501,1,0,1,0,mpfair,0.0,10.0,0.0
2026-08-12 18:18:26,IA55_m-mistral-small-24b_sol1_gd0_rs0_bd1_str-mpfair_t00_n1,548,2,1,mistralai/Mistral-Small-24B-Instruct-2501,1,0,1,0,mpfair,0.0,0.0,0.0
2026-08-12 18:18:42,IA55_m-mistral-small-24b_sol1_gd0_rs0_bd1_str-mpfair_t00_n1,548,3,1,mistralai/Mistral-Small-24B-Instruct-2501,1,0,1,0,mpfair,0.0,0.0,0.0
2026-08-12 18:19:00,IA55_m-mistral-small-24b_sol1_gd0_rs0_bd1_str-mpfair_t00_n1,549,1,1,mistralai/Mistral-Small-24B-Instruct-2501,1,0,1,0,mpfair,0.0,0.0,0.0
2026-08-12 18:19:13,IA55_m-mistral-small-24b_sol1_gd0_rs0_bd1_str-mpfair_t00_n1,549,2,1,mistralai/Mistral-Small-24B-Instruct-2501,1,0,1,0,mpfair,0.0,0.0,0.0
2026-08-12 18:19:31,IA55_m-mistral-small-24b_sol1_gd0_rs0_bd1_str-mpfair_t00_n1,549,3,1,mistralai/Mistral-Small-24B-Instruct-2501,1,0,1,0,mpfair,0.0,0.0,0.0
2026-08-12 18:19:50,IA55_m-mistral-small-24b_sol1_gd0_rs0_bd1_str-mpfair_t00_n1,550,1,1,mistralai/Mistral-Small-24B-Instruct-2501,1,0,1,0,mpfair,0.0,13.5,0.0
2026-08-12 18:20:04,IA55_m-mistral-small-24b_sol1_gd0_rs0_bd1_str-mpfair_t00_n1,550,2,1,mistralai/Mistral-Small-24B-Instruct-2501,1,0,1,0,mpfair,0.0,0.0,0.0
2026-08-12 18:20:23,IA55_m-mistral-small-24b_sol1_gd0_rs0_bd1_str-mpfair_t00_n1,550,3,1,mistralai/Mistral-Small-24B-Instruct-2501,1,0,1,0,mpfair,0.0,10.5,0.0
2026-08-12 18:20:41,IA55_m-mistral-small-24b_sol1_gd0_rs0_bd1_str-mpfair_t00_n1,551,1,1,mistralai/Mistral-Small-24B-Instruct-2501,1,0,1,0,mpfair,0.0,0.0,0.0
2026-08-12 18:20:54,IA55_m-mistral-small-24b_sol1_gd0_rs0_bd1_str-mpfair_t00_n1,551,2,1,mistralai/Mistral-Small-24B-Instruct-2501,1,0,1,0,mpfair,0.0,0.0,0.0
2026-08-12 18:21:12,IA55_m-mistral-small-24b_sol1_gd0_rs0_bd1_str-mpfair_t00_n1,551,3,1,mistralai/Mistral-Small-24B-Instruct-2501,1,0,1,0,mpfair,0.0,0.0,0.0
2026-08-12 18:21:31,IA55_m-mistral-small-24b_sol1_gd0_rs0_bd1_str-mpfair_t00_n1,552,1,1,mistralai/Mistral-Small-24B-Instruct-2501,1,0,1,0,mpfair,0.0,14.5,0.0
2026-08-12 18:21:44,IA55_m-mistral-small-24b_sol1_gd0_rs0_bd1_str-mpfair_t00_n1,552,2,1,mistralai/Mistral-Small-24B-Instruct-2501,1,0,1,0,mpfair,0.0,10.0,0.0
2026-08-12 18:22:03,IA55_m-mistral-small-24b_sol1_gd0_rs0_bd1_str-mpfair_t00_n1,552,3,1,mistralai/Mistral-Small-24B-Instruct-2501,1,0,1,0,mpfair,0.0,10.5,0.0
2026-08-12 18:22:19,IA55_m-mistral-small-24b_sol1_gd0_rs0_bd1_str-mpfair_t00_n1,553,1,1,mistralai/Mistral-Small-24B-Instruct-2501,1,0,1,0,mpfair,0.0,10.5,0.0
2026-08-12 18:22:32,IA55_m-mistral-small-24b_sol1_gd0_rs0_bd1_str-mpfair_t00_n1,553,2,1,mistralai/Mistral-Small-24B-Instruct-2501,1,0,1,0,mpfair,0.0,10.0,0.0
2026-08-12 18:22:50,IA55_m-mistral-small-24b_sol1_gd0_rs0_bd1_str-mpfair_t00_n1,553,3,1,mistralai/Mistral-Small-24B-Instruct-2501,1,0,1,0,mpfair,0.0,0.0,0.0
2026-08-12 18:23:10,IA55_m-mistral-small-24b_sol1_gd0_rs0_bd1_str-mpfair_t00_n1,554,1,1,mistralai/Mistral-Small-24B-Instruct-2501,1,0,1,0,mpfair,0.0,12.5,0.0
2026-08-12 18:23:23,IA55_m-mistral-small-24b_sol1_gd0_rs0_bd1_str-mpfair_t00_n1,554,2,1,mistralai/Mistral-Small-24B-Instruct-2501,1,0,1,0,mpfair,0.0,0.0,0.0
2026-08-12 18:23:39,IA55_m-mistral-small-24b_sol1_gd0_rs0_bd1_str-mpfair_t00_n1,554,3,1,mistralai/Mistral-Small-24B-Instruct-2501,1,0,1,0,mpfair,0.0,0.0,0.0
2026-08-12 18:23:56,IA55_m-mistral-small-24b_sol1_gd0_rs0_bd1_str-mpfair_t00_n1,555,1,1,mistralai/Mistral-Small-24B-Instruct-2501,1,0,1,0,mpfair,0.0,10.5,0.0
2026-08-12 18:24:10,IA55_m-mistral-small-24b_sol1_gd0_rs0_bd1_str-mpfair_t00_n1,555,2,1,mistralai/Mistral-Small-24B-Instruct-2501,1,0,1,0,mpfair,0.0,0.0,0.0
2026-08-12 18:24:28,IA55_m-mistral-small-24b_sol1_gd0_rs0_bd1_str-mpfair_t00_n1,555,3,1,mistralai/Mistral-Small-24B-Instruct-2501,1,0,1,0,mpfair,0.0,0.0,0.0
2026-08-12 18:24:48,IA55_m-mistral-small-24b_sol1_gd0_rs0_bd1_str-mpfair_t00_n1,556,1,1,mistralai/Mistral-Small-24B-Instruct-2501,1,0,1,0,mpfair,0.0,15.5,0.0
2026-08-12 18:25:02,IA55_m-mistral-small-24b_sol1_gd0_rs0_bd1_str-mpfair_t00_n1,556,2,1,mistralai/Mistral-Small-24B-Instruct-2501,1,0,1,0,mpfair,0.0,10.0,0.0
2026-08-12 18:25:19,IA55_m-mistral-small-24b_sol1_gd0_rs0_bd1_str-mpfair_t00_n1,556,3,1,mistralai/Mistral-Small-24B-Instruct-2501,1,0,1,0,mpfair,0.0,0.0,0.0
2026-08-12 18:25:37,IA55_m-mistral-small-24b_sol1_gd0_rs0_bd1_str-mpfair_t00_n1,557,1,1,mistralai/Mistral-Small-24B-Instruct-2501,1,0,1,0,mpfair,0.0,15.5,0.0
2026-08-12 18:25:51,IA55_m-mistral-small-24b_sol1_gd0_rs0_bd1_str-mpfair_t00_n1,557,2,1,mistralai/Mistral-Small-24B-Instruct-2501,1,0,1,0,mpfair,0.0,10.0,0.0
2026-08-12 18:26:10,IA55_m-mistral-small-24b_sol1_gd0_rs0_bd1_str-mpfair_t00_n1,557,3,1,mistralai/Mistral-Small-24B-Instruct-2501,1,0,1,0,mpfair,0.0,10.0,0.0
2026-08-12 18:26:26,IA55_m-mistral-small-24b_sol1_gd0_rs0_bd1_str-mpfair_t00_n1,558,1,1,mistralai/Mistral-Small-24B-Instruct-2501,1,0,1,0,mpfair,0.0,10.5,0.0
2026-08-12 18:26:40,IA55_m-mistral-small-24b_sol1_gd0_rs0_bd1_str-mpfair_t00_n1,558,2,1,mistralai/Mistral-Small-24B-Instruct-2501,1,0,1,0,mpfair,0.0,0.0,0.0
2026-08-12 18:26:59,IA55_m-mistral-small-24b_sol1_gd0_rs0_bd1_str-mpfair_t00_n1,558,3,1,mistralai/Mistral-Small-24B-Instruct-2501,1,0,1,0,mpfair,0.0,10.5,0.0
2026-08-12 18:27:17,IA55_m-mistral-small-24b_sol1_gd0_rs0_bd1_str-mpfair_t00_n1,559,1,1,mistralai/Mistral-Small-24B-Instruct-2501,1,0,1,0,mpfair,0.0,10.5,0.0
2026-08-12 18:27:38,IA55_m-mistral-small-24b_sol1_gd0_rs0_bd1_str-mpfair_t00_n1,559,2,1,mistralai/Mistral-Small-24B-Instruct-2501,1,0,1,0,mpfair,0.0,10.0,0.0
2026-08-12 18:27:56,IA55_m-mistral-small-24b_sol1_gd0_rs0_bd1_str-mpfair_t00_n1,559,3,1,mistralai/Mistral-Small-24B-Instruct-2501,1,0,1,0,mpfair,0.0,10.5,0.0
2026-08-12 18:28:15,IA55_m-mistral-small-24b_sol1_gd0_rs0_bd1_str-mpfair_t00_n1,560,1,1,mistralai/Mistral-Small-24B-Instruct-2501,1,0,1,0,mpfair,0.0,13.5,0.0
2026-08-12 18:28:26,IA55_m-mistral-small-24b_sol1_gd0_rs0_bd1_str-mpfair_t00_n1,560,2,1,mistralai/Mistral-Small-24B-Instruct-2501,1,0,1,0,mpfair,0.0,0.0,0.0
2026-08-12 18:28:44,IA55_m-mistral-small-24b_sol1_gd0_rs0_bd1_str-mpfair_t00_n1,560,3,1,mistralai/Mistral-Small-24B-Instruct-2501,1,0,1,0,mpfair,0.0,14.0,0.0
2026-08-12 18:29:04,IA55_m-mistral-small-24b_sol1_gd0_rs0_bd1_str-mpfair_t00_n1,561,1,1,mistralai/Mistral-Small-24B-Instruct-2501,1,0,1,0,mpfair,0.0,14.5,0.0
2026-08-12 18:29:17,IA55_m-mistral-small-24b_sol1_gd0_rs0_bd1_str-mpfair_t00_n1,561,2,1,mistralai/Mistral-Small-24B-Instruct-2501,1,0,1,0,mpfair,0.0,12.0,0.0
2026-08-12 18:29:36,IA55_m-mistral-small-24b_sol1_gd0_rs0_bd1_str-mpfair_t00_n1,561,3,1,mistralai/Mistral-Small-24B-Instruct-2501,1,0,1,0,mpfair,0.0,10.5,0.0
2026-08-12 18:29:54,IA55_m-mistral-small-24b_sol1_gd0_rs0_bd1_str-mpfair_t00_n1,562,1,1,mistralai/Mistral-Small-24B-Instruct-2501,1,0,1,0,mpfair,0.0,10.5,0.0
2026-08-12 18:30:07,IA55_m-mistral-small-24b_sol1_gd0_rs0_bd1_str-mpfair_t00_n1,562,2,1,mistralai/Mistral-Small-24B-Instruct-2501,1,0,1,0,mpfair,0.0,10.0,0.0
2026-08-12 18:30:26,IA55_m-mistral-small-24b_sol1_gd0_rs0_bd1_str-mpfair_t00_n1,562,3,1,mistralai/Mistral-Small-24B-Instruct-2501,1,0,1,0,mpfair,0.0,12.5,0.0
2026-08-12 18:30:44,IA55_m-mistral-small-24b_sol1_gd0_rs0_bd1_str-mpfair_t00_n1,563,1,1,mistralai/Mistral-Small-24B-Instruct-2501,1,0,1,0,mpfair,0.0,18.0,0.0
2026-08-12 18:30:57,IA55_m-mistral-small-24b_sol1_gd0_rs0_bd1_str-mpfair_t00_n1,563,2,1,mistralai/Mistral-Small-24B-Instruct-2501,1,0,1,0,mpfair,0.0,10.0,0.0
2026-08-12 18:31:14,IA55_m-mistral-small-24b_sol1_gd0_rs0_bd1_str-mpfair_t00_n1,563,3,1,mistralai/Mistral-Small-24B-Instruct-2501,1,0,1,0,mpfair,0.0,10.5,0.0
2026-08-12 18:31:32,IA55_m-mistral-small-24b_sol1_gd0_rs0_bd1_str-mpfair_t00_n1,564,1,1,mistralai/Mistral-Small-24B-Instruct-2501,1,0,1,0,mpfair,0.0,10.5,0.0
2026-08-12 18:31:45,IA55_m-mistral-small-24b_sol1_gd0_rs0_bd1_str-mpfair_t00_n1,564,2,1,mistralai/Mistral-Small-24B-Instruct-2501,1,0,1,0,mpfair,0.0,0.0,0.0
2026-08-12 18:32:03,IA55_m-mistral-small-24b_sol1_gd0_rs0_bd1_str-mpfair_t00_n1,564,3,1,mistralai/Mistral-Small-24B-Instruct-2501,1,0,1,0,mpfair,0.0,10.5,0.0
2026-08-12 18:32:21,IA55_m-mistral-small-24b_sol1_gd0_rs0_bd1_str-mpfair_t00_n1,565,1,1,mistralai/Mistral-Small-24B-Instruct-2501,1,0,1,0,mpfair,0.0,18.0,0.0
2026-08-12 18:32:34,IA55_m-mistral-small-24b_sol1_gd0_rs0_bd1_str-mpfair_t00_n1,565,2,1,mistralai/Mistral-Small-24B-Instruct-2501,1,0,1,0,mpfair,0.0,10.0,0.0
2026-08-12 18:32:51,IA55_m-mistral-small-24b_sol1_gd0_rs0_bd1_str-mpfair_t00_n1,565,3,1,mistralai/Mistral-Small-24B-Instruct-2501,1,0,1,0,mpfair,0.0,10.5,0.0
2026-08-12 18:33:12,IA55_m-mistral-small-24b_sol1_gd0_rs0_bd1_str-mpfair_t00_n1,566,1,1,mistralai/Mistral-Small-24B-Instruct-2501,1,0,1,0,mpfair,0.0,10.0,0.0
2026-08-12 18:33:26,IA55_m-mistral-small-24b_sol1_gd0_rs0_bd1_str-mpfair_t00_n1,566,2,1,mistralai/Mistral-Small-24B-Instruct-2501,1,0,1,0,mpfair,0.0,0.0,0.0
2026-08-12 18:33:42,IA55_m-mistral-small-24b_sol1_gd0_rs0_bd1_str-mpfair_t00_n1,566,3,1,mistralai/Mistral-Small-24B-Instruct-2501,1,0,1,0,mpfair,0.0,1.5,0.0
2026-08-12 18:34:00,IA55_m-mistral-small-24b_sol1_gd0_rs0_bd1_str-mpfair_t00_n1,567,1,1,mistralai/Mistral-Small-24B-Instruct-2501,1,0,1,0,mpfair,0.0,12.5,0.0
2026-08-12 18:34:14,IA55_m-mistral-small-24b_sol1_gd0_rs0_bd1_str-mpfair_t00_n1,567,2,1,mistralai/Mistral-Small-24B-Instruct-2501,1,0,1,0,mpfair,0.0,10.0,0.0
2026-08-12 18:34:30,IA55_m-mistral-small-24b_sol1_gd0_rs0_bd1_str-mpfair_t00_n1,567,3,1,mistralai/Mistral-Small-24B-Instruct-2501,1,0,1,0,mpfair,0.0,10.5,0.0
2026-08-12 18:34:47,IA55_m-mistral-small-24b_sol1_gd0_rs0_bd1_str-mpfair_t00_n1,568,1,1,mistralai/Mistral-Small-24B-Instruct-2501,1,0,1,0,mpfair,0.0,10.5,0.0
2026-08-12 18:35:01,IA55_m-mistral-small-24b_sol1_gd0_rs0_bd1_str-mpfair_t00_n1,568,2,1,mistralai/Mistral-Small-24B-Instruct-2501,1,0,1,0,mpfair,0.0,0.0,0.0
2026-08-12 18:35:19,IA55_m-mistral-small-24b_sol1_gd0_rs0_bd1_str-mpfair_t00_n1,568,3,1,mistralai/Mistral-Small-24B-Instruct-2501,1,0,1,0,mpfair,0.0,10.5,0.0
2026-08-12 18:35:39,IA55_m-mistral-small-24b_sol1_gd0_rs0_bd1_str-mpfair_t00_n1,569,1,1,mistralai/Mistral-Small-24B-Instruct-2501,1,0,1,0,mpfair,0.0,12.5,0.0
2026-08-12 18:35:51,IA55_m-mistral-small-24b_sol1_gd0_rs0_bd1_str-mpfair_t00_n1,569,2,1,mistralai/Mistral-Small-24B-Instruct-2501,1,0,1,0,mpfair,0.0,10.0,0.0
2026-08-12 18:36:09,IA55_m-mistral-small-24b_sol1_gd0_rs0_bd1_str-mpfair_t00_n1,569,3,1,mistralai/Mistral-Small-24B-Instruct-2501,1,0,1,0,mpfair,0.0,10.5,0.0
2026-08-12 18:36:28,IA55_m-mistral-small-24b_sol1_gd0_rs0_bd1_str-mpfair_t00_n1,570,1,1,mistralai/Mistral-Small-24B-Instruct-2501,1,0,1,0,mpfair,0.0,10.5,0.0
2026-08-12 18:36:43,IA55_m-mistral-small-24b_sol1_gd0_rs0_bd1_str-mpfair_t00_n1,570,2,1,mistralai/Mistral-Small-24B-Instruct-2501,1,0,1,0,mpfair,0.0,10.0,0.0
2026-08-12 18:37:00,IA55_m-mistral-small-24b_sol1_gd0_rs0_bd1_str-mpfair_t00_n1,570,3,1,mistralai/Mistral-Small-24B-Instruct-2501,1,0,1,0,mpfair,0.0,10.5,0.0
2026-08-12 18:37:17,IA55_m-mistral-small-24b_sol1_gd0_rs0_bd1_str-mpfair_t00_n1,571,1,1,mistralai/Mistral-Small-24B-Instruct-2501,1,0,1,0,mpfair,0.0,10.5,0.0
2026-08-12 18:37:29,IA55_m-mistral-small-24b_sol1_gd0_rs0_bd1_str-mpfair_t00_n1,571,2,1,mistralai/Mistral-Small-24B-Instruct-2501,1,0,1,0,mpfair,0.0,0.0,0.0
2026-08-12 18:37:47,IA55_m-mistral-small-24b_sol1_gd0_rs0_bd1_str-mpfair_t00_n1,571,3,1,mistralai/Mistral-Small-24B-Instruct-2501,1,0,1,0,mpfair,0.0,0.0,0.0
2026-08-12 18:38:06,IA55_m-mistral-small-24b_sol1_gd0_rs0_bd1_str-mpfair_t00_n1,572,1,1,mistralai/Mistral-Small-24B-Instruct-2501,1,0,1,0,mpfair,0.0,19.5,3.0
2026-08-12 18:38:19,IA55_m-mistral-small-24b_sol1_gd0_rs0_bd1_str-mpfair_t00_n1,572,2,1,mistralai/Mistral-Small-24B-Instruct-2501,1,0,1,0,mpfair,0.0,10.0,0.0
2026-08-12 18:38:37,IA55_m-mistral-small-24b_sol1_gd0_rs0_bd1_str-mpfair_t00_n1,573,1,1,mistralai/Mistral-Small-24B-Instruct-2501,1,0,1,0,mpfair,0.0,0.0,0.0
2026-08-12 18:38:50,IA55_m-mistral-small-24b_sol1_gd0_rs0_bd1_str-mpfair_t00_n1,573,2,1,mistralai/Mistral-Small-24B-Instruct-2501,1,0,1,0,mpfair,0.0,10.0,3.0
2026-08-12 18:39:08,IA55_m-mistral-small-24b_sol1_gd0_rs0_bd1_str-mpfair_t00_n1,574,1,1,mistralai/Mistral-Small-24B-Instruct-2501,1,0,1,0,mpfair,0.0,14.5,0.0
2026-08-12 18:39:21,IA55_m-mistral-small-24b_sol1_gd0_rs0_bd1_str-mpfair_t00_n1,574,2,1,mistralai/Mistral-Small-24B-Instruct-2501,1,0,1,0,mpfair,0.0,10.0,3.0
2026-08-12 18:39:40,IA55_m-mistral-small-24b_sol1_gd0_rs0_bd1_str-mpfair_t00_n1,574,3,1,mistralai/Mistral-Small-24B-Instruct-2501,1,0,1,0,mpfair,0.0,13.5,0.0
2026-08-12 18:39:59,IA55_m-mistral-small-24b_sol1_gd0_rs0_bd1_str-mpfair_t00_n1,575,1,1,mistralai/Mistral-Small-24B-Instruct-2501,1,0,1,0,mpfair,0.0,18.0,0.0
2026-08-12 18:40:13,IA55_m-mistral-small-24b_sol1_gd0_rs0_bd1_str-mpfair_t00_n1,575,2,1,mistralai/Mistral-Small-24B-Instruct-2501,1,0,1,0,mpfair,0.0,10.0,0.0
2026-08-12 18:40:32,IA55_m-mistral-small-24b_sol1_gd0_rs0_bd1_str-mpfair_t00_n1,575,3,1,mistralai/Mistral-Small-24B-Instruct-2501,1,0,1,0,mpfair,0.0,10.5,0.0
2026-08-12 18:40:52,IA55_m-mistral-small-24b_sol1_gd0_rs0_bd1_str-mpfair_t00_n1,576,1,1,mistralai/Mistral-Small-24B-Instruct-2501,1,0,1,0,mpfair,0.0,10.5,0.0
2026-08-12 18:41:04,IA55_m-mistral-small-24b_sol1_gd0_rs0_bd1_str-mpfair_t00_n1,576,2,1,mistralai/Mistral-Small-24B-Instruct-2501,1,0,1,0,mpfair,0.0,0.0,0.0
2026-08-12 18:41:23,IA55_m-mistral-small-24b_sol1_gd0_rs0_bd1_str-mpfair_t00_n1,576,3,1,mistralai/Mistral-Small-24B-Instruct-2501,1,0,1,0,mpfair,0.0,10.0,0.0
2026-08-12 18:41:41,IA55_m-mistral-small-24b_sol1_gd0_rs0_bd1_str-mpfair_t00_n1,577,1,1,mistralai/Mistral-Small-24B-Instruct-2501,1,0,1,0,mpfair,0.0,13.5,0.0
2026-08-12 18:41:55,IA55_m-mistral-small-24b_sol1_gd0_rs0_bd1_str-mpfair_t00_n1,577,2,1,mistralai/Mistral-Small-24B-Instruct-2501,1,0,1,0,mpfair,0.0,10.0,0.0
2026-08-12 18:42:15,IA55_m-mistral-small-24b_sol1_gd0_rs0_bd1_str-mpfair_t00_n1,577,3,1,mistralai/Mistral-Small-24B-Instruct-2501,1,0,1,0,mpfair,0.0,14.0,0.0
2026-08-12 18:42:35,IA55_m-mistral-small-24b_sol1_gd0_rs0_bd1_str-mpfair_t00_n1,578,1,1,mistralai/Mistral-Small-24B-Instruct-2501,1,0,1,0,mpfair,0.0,0.0,0.0
2026-08-12 18:42:48,IA55_m-mistral-small-24b_sol1_gd0_rs0_bd1_str-mpfair_t00_n1,578,2,1,mistralai/Mistral-Small-24B-Instruct-2501,1,0,1,0,mpfair,0.0,10.0,0.0
2026-08-12 18:43:06,IA55_m-mistral-small-24b_sol1_gd0_rs0_bd1_str-mpfair_t00_n1,578,3,1,mistralai/Mistral-Small-24B-Instruct-2501,1,0,1,0,mpfair,0.0,0.0,0.0
2026-08-12 18:43:26,IA55_m-mistral-small-24b_sol1_gd0_rs0_bd1_str-mpfair_t00_n1,579,1,1,mistralai/Mistral-Small-24B-Instruct-2501,1,0,1,0,mpfair,0.0,12.5,0.0
2026-08-12 18:43:40,IA55_m-mistral-small-24b_sol1_gd0_rs0_bd1_str-mpfair_t00_n1,579,2,1,mistralai/Mistral-Small-24B-Instruct-2501,1,0,1,0,mpfair,0.0,10.0,0.0
2026-08-12 18:43:59,IA55_m-mistral-small-24b_sol1_gd0_rs0_bd1_str-mpfair_t00_n1,579,3,1,mistralai/Mistral-Small-24B-Instruct-2501,1,0,1,0,mpfair,0.0,10.0,0.0
2026-08-12 18:44:18,IA55_m-mistral-small-24b_sol1_gd0_rs0_bd1_str-mpfair_t00_n1,580,1,1,mistralai/Mistral-Small-24B-Instruct-2501,1,0,1,0,mpfair,0.0,18.0,0.0
2026-08-12 18:44:31,IA55_m-mistral-small-24b_sol1_gd0_rs0_bd1_str-mpfair_t00_n1,580,2,1,mistralai/Mistral-Small-24B-Instruct-2501,1,0,1,0,mpfair,0.0,10.0,0.0
2026-08-12 18:44:50,IA55_m-mistral-small-24b_sol1_gd0_rs0_bd1_str-mpfair_t00_n1,580,3,1,mistralai/Mistral-Small-24B-Instruct-2501,1,0,1,0,mpfair,0.0,10.5,0.0
2026-08-12 18:45:11,IA55_m-mistral-small-24b_sol1_gd0_rs0_bd1_str-mpfair_t00_n1,581,1,1,mistralai/Mistral-Small-24B-Instruct-2501,1,0,1,0,mpfair,0.0,10.0,0.0
2026-08-12 18:45:23,IA55_m-mistral-small-24b_sol1_gd0_rs0_bd1_str-mpfair_t00_n1,581,2,1,mistralai/Mistral-Small-24B-Instruct-2501,1,0,1,0,mpfair,0.0,0.0,0.0
2026-08-12 18:45:41,IA55_m-mistral-small-24b_sol1_gd0_rs0_bd1_str-mpfair_t00_n1,581,3,1,mistralai/Mistral-Small-24B-Instruct-2501,1,0,1,0,mpfair,0.0,0.0,0.0
2026-08-12 18:45:59,IA55_m-mistral-small-24b_sol1_gd0_rs0_bd1_str-mpfair_t00_n1,582,1,1,mistralai/Mistral-Small-24B-Instruct-2501,1,0,1,0,mpfair,0.0,19.5,3.0
2026-08-12 18:46:12,IA55_m-mistral-small-24b_sol1_gd0_rs0_bd1_str-mpfair_t00_n1,582,2,1,mistralai/Mistral-Small-24B-Instruct-2501,1,0,1,0,mpfair,0.0,10.0,0.0
2026-08-12 18:46:30,IA55_m-mistral-small-24b_sol1_gd0_rs0_bd1_str-mpfair_t00_n1,582,3,1,mistralai/Mistral-Small-24B-Instruct-2501,1,0,1,0,mpfair,0.0,12.5,0.0
2026-08-12 18:46:50,IA55_m-mistral-small-24b_sol1_gd0_rs0_bd1_str-mpfair_t00_n1,583,1,1,mistralai/Mistral-Small-24B-Instruct-2501,1,0,1,0,mpfair,0.0,10.0,0.0
2026-08-12 18:47:03,IA55_m-mistral-small-24b_sol1_gd0_rs0_bd1_str-mpfair_t00_n1,583,2,1,mistralai/Mistral-Small-24B-Instruct-2501,1,0,1,0,mpfair,0.0,0.0,0.0
2026-08-12 18:47:21,IA55_m-mistral-small-24b_sol1_gd0_rs0_bd1_str-mpfair_t00_n1,583,3,1,mistralai/Mistral-Small-24B-Instruct-2501,1,0,1,0,mpfair,0.0,10.5,0.0
2026-08-12 18:47:40,IA55_m-mistral-small-24b_sol1_gd0_rs0_bd1_str-mpfair_t00_n1,584,1,1,mistralai/Mistral-Small-24B-Instruct-2501,1,0,1,0,mpfair,0.0,15.5,0.0
2026-08-12 18:47:54,IA55_m-mistral-small-24b_sol1_gd0_rs0_bd1_str-mpfair_t00_n1,584,2,1,mistralai/Mistral-Small-24B-Instruct-2501,1,0,1,0,mpfair,0.0,10.0,0.0
2026-08-12 18:48:15,IA55_m-mistral-small-24b_sol1_gd0_rs0_bd1_str-mpfair_t00_n1,584,3,1,mistralai/Mistral-Small-24B-Instruct-2501,1,0,1,0,mpfair,0.0,10.0,0.0
2026-08-12 18:48:32,IA55_m-mistral-small-24b_sol1_gd0_rs0_bd1_str-mpfair_t00_n1,585,1,1,mistralai/Mistral-Small-24B-Instruct-2501,1,0,1,0,mpfair,0.0,10.5,0.0
2026-08-12 18:48:45,IA55_m-mistral-small-24b_sol1_gd0_rs0_bd1_str-mpfair_t00_n1,585,2,1,mistralai/Mistral-Small-24B-Instruct-2501,1,0,1,0,mpfair,0.0,0.0,0.0
2026-08-12 18:49:01,IA55_m-mistral-small-24b_sol1_gd0_rs0_bd1_str-mpfair_t00_n1,585,3,1,mistralai/Mistral-Small-24B-Instruct-2501,1,0,1,0,mpfair,0.0,10.5,0.0
2026-08-12 18:49:20,IA55_m-mistral-small-24b_sol1_gd0_rs0_bd1_str-mpfair_t00_n1,586,1,1,mistralai/Mistral-Small-24B-Instruct-2501,1,0,1,0,mpfair,0.0,10.5,0.0
2026-08-12 18:49:34,IA55_m-mistral-small-24b_sol1_gd0_rs0_bd1_str-mpfair_t00_n1,586,2,1,mistralai/Mistral-Small-24B-Instruct-2501,1,0,1,0,mpfair,0.0,0.0,0.0
2026-08-12 18:49:52,IA55_m-mistral-small-24b_sol1_gd0_rs0_bd1_str-mpfair_t00_n1,586,3,1,mistralai/Mistral-Small-24B-Instruct-2501,1,0,1,0,mpfair,0.0,10.5,0.0
2026-08-12 18:50:11,IA55_m-mistral-small-24b_sol1_gd0_rs0_bd1_str-mpfair_t00_n1,587,1,1,mistralai/Mistral-Small-24B-Instruct-2501,1,0,1,0,mpfair,0.0,13.5,0.0
2026-08-12 18:50:26,IA55_m-mistral-small-24b_sol1_gd0_rs0_bd1_str-mpfair_t00_n1,587,2,1,mistralai/Mistral-Small-24B-Instruct-2501,1,0,1,0,mpfair,0.0,10.0,0.0
2026-08-12 18:50:44,IA55_m-mistral-small-24b_sol1_gd0_rs0_bd1_str-mpfair_t00_n1,587,3,1,mistralai/Mistral-Small-24B-Instruct-2501,1,0,1,0,mpfair,0.0,12.5,0.0
2026-08-12 18:51:01,IA55_m-mistral-small-24b_sol1_gd0_rs0_bd1_str-mpfair_t00_n1,588,1,1,mistralai/Mistral-Small-24B-Instruct-2501,1,0,1,0,mpfair,0.0,10.0,0.0
2026-08-12 18:51:14,IA55_m-mistral-small-24b_sol1_gd0_rs0_bd1_str-mpfair_t00_n1,588,2,1,mistralai/Mistral-Small-24B-Instruct-2501,1,0,1,0,mpfair,0.0,0.0,0.0
2026-08-12 18:51:32,IA55_m-mistral-small-24b_sol1_gd0_rs0_bd1_str-mpfair_t00_n1,588,3,1,mistralai/Mistral-Small-24B-Instruct-2501,1,0,1,0,mpfair,0.0,10.0,0.0
2026-08-12 18:51:51,IA55_m-mistral-small-24b_sol1_gd0_rs0_bd1_str-mpfair_t00_n1,589,1,1,mistralai/Mistral-Small-24B-Instruct-2501,1,0,1,0,mpfair,0.0,19.5,0.0
2026-08-12 18:52:05,IA55_m-mistral-small-24b_sol1_gd0_rs0_bd1_str-mpfair_t00_n1,589,2,1,mistralai/Mistral-Small-24B-Instruct-2501,1,0,1,0,mpfair,0.0,10.0,0.0
2026-08-12 18:52:24,IA55_m-mistral-small-24b_sol1_gd0_rs0_bd1_str-mpfair_t00_n1,589,3,1,mistralai/Mistral-Small-24B-Instruct-2501,1,0,1,0,mpfair,0.0,16.0,0.0
2026-08-12 18:52:41,IA55_m-mistral-small-24b_sol1_gd0_rs0_bd1_str-mpfair_t00_n1,590,1,1,mistralai/Mistral-Small-24B-Instruct-2501,1,0,1,0,mpfair,0.0,10.5,0.0
2026-08-12 18:52:54,IA55_m-mistral-small-24b_sol1_gd0_rs0_bd1_str-mpfair_t00_n1,590,2,1,mistralai/Mistral-Small-24B-Instruct-2501,1,0,1,0,mpfair,0.0,0.0,0.0
2026-08-12 18:53:11,IA55_m-mistral-small-24b_sol1_gd0_rs0_bd1_str-mpfair_t00_n1,590,3,1,mistralai/Mistral-Small-24B-Instruct-2501,1,0,1,0,mpfair,0.0,0.0,0.0
2026-08-12 18:53:29,IA55_m-mistral-small-24b_sol1_gd0_rs0_bd1_str-mpfair_t00_n1,591,1,1,mistralai/Mistral-Small-24B-Instruct-2501,1,0,1,0,mpfair,0.0,15.5,0.0
2026-08-12 18:53:43,IA55_m-mistral-small-24b_sol1_gd0_rs0_bd1_str-mpfair_t00_n1,591,2,1,mistralai/Mistral-Small-24B-Instruct-2501,1,0,1,0,mpfair,0.0,10.0,0.0
2026-08-12 18:54:03,IA55_m-mistral-small-24b_sol1_gd0_rs0_bd1_str-mpfair_t00_n1,591,3,1,mistralai/Mistral-Small-24B-Instruct-2501,1,0,1,0,mpfair,0.0,10.5,0.0
2026-08-12 18:54:22,IA55_m-mistral-small-24b_sol1_gd0_rs0_bd1_str-mpfair_t00_n1,592,1,1,mistralai/Mistral-Small-24B-Instruct-2501,1,0,1,0,mpfair,0.0,12.0,0.0
2026-08-12 18:54:36,IA55_m-mistral-small-24b_sol1_gd0_rs0_bd1_str-mpfair_t00_n1,592,2,1,mistralai/Mistral-Small-24B-Instruct-2501,1,0,1,0,mpfair,0.0,10.0,0.0
2026-08-12 18:54:54,IA55_m-mistral-small-24b_sol1_gd0_rs0_bd1_str-mpfair_t00_n1,592,3,1,mistralai/Mistral-Small-24B-Instruct-2501,1,0,1,0,mpfair,0.0,10.5,0.0
2026-08-12 18:55:14,IA55_m-mistral-small-24b_sol1_gd0_rs0_bd1_str-mpfair_t00_n1,593,1,1,mistralai/Mistral-Small-24B-Instruct-2501,1,0,1,0,mpfair,0.0,13.5,0.0
2026-08-12 18:55:27,IA55_m-mistral-small-24b_sol1_gd0_rs0_bd1_str-mpfair_t00_n1,593,2,1,mistralai/Mistral-Small-24B-Instruct-2501,1,0,1,0,mpfair,0.0,12.0,0.0
2026-08-12 18:55:45,IA55_m-mistral-small-24b_sol1_gd0_rs0_bd1_str-mpfair_t00_n1,593,3,1,mistralai/Mistral-Small-24B-Instruct-2501,1,0,1,0,mpfair,0.0,10.5,0.0
2026-08-12 18:56:03,IA55_m-mistral-small-24b_sol1_gd0_rs0_bd1_str-mpfair_t00_n1,594,1,1,mistralai/Mistral-Small-24B-Instruct-2501,1,0,1,0,mpfair,0.0,16.0,0.0
2026-08-12 18:56:16,IA55_m-mistral-small-24b_sol1_gd0_rs0_bd1_str-mpfair_t00_n1,594,2,1,mistralai/Mistral-Small-24B-Instruct-2501,1,0,1,0,mpfair,0.0,0.0,0.0
2026-08-12 18:56:34,IA55_m-mistral-small-24b_sol1_gd0_rs0_bd1_str-mpfair_t00_n1,594,3,1,mistralai/Mistral-Small-24B-Instruct-2501,1,0,1,0,mpfair,0.0,10.5,0.0
2026-08-12 18:56:52,IA55_m-mistral-small-24b_sol1_gd0_rs0_bd1_str-mpfair_t00_n1,595,1,1,mistralai/Mistral-Small-24B-Instruct-2501,1,0,1,0,mpfair,0.0,12.5,0.0
2026-08-12 18:57:06,IA55_m-mistral-small-24b_sol1_gd0_rs0_bd1_str-mpfair_t00_n1,595,2,1,mistralai/Mistral-Small-24B-Instruct-2501,1,0,1,0,mpfair,0.0,10.0,0.0
2026-08-12 18:57:24,IA55_m-mistral-small-24b_sol1_gd0_rs0_bd1_str-mpfair_t00_n1,595,3,1,mistralai/Mistral-Small-24B-Instruct-2501,1,0,1,0,mpfair,0.0,10.5,0.0
2026-08-12 18:57:42,IA55_m-mistral-small-24b_sol1_gd0_rs0_bd1_str-mpfair_t00_n1,596,1,1,mistralai/Mistral-Small-24B-Instruct-2501,1,0,1,0,mpfair,0.0,10.5,0.0
2026-08-12 18:57:55,IA55_m-mistral-small-24b_sol1_gd0_rs0_bd1_str-mpfair_t00_n1,596,2,1,mistralai/Mistral-Small-24B-Instruct-2501,1,0,1,0,mpfair,0.0,0.0,0.0
2026-08-12 18:58:13,IA55_m-mistral-small-24b_sol1_gd0_rs0_bd1_str-mpfair_t00_n1,596,3,1,mistralai/Mistral-Small-24B-Instruct-2501,1,0,1,0,mpfair,0.0,0.0,0.0
2026-08-12 18:58:31,IA55_m-mistral-small-24b_sol1_gd0_rs0_bd1_str-mpfair_t00_n1,597,1,1,mistralai/Mistral-Small-24B-Instruct-2501,1,0,1,0,mpfair,0.0,1.0,0.0
2026-08-12 18:58:43,IA55_m-mistral-small-24b_sol1_gd0_rs0_bd1_str-mpfair_t00_n1,597,2,1,mistralai/Mistral-Small-24B-Instruct-2501,1,0,1,0,mpfair,0.0,0.0,0.0
2026-08-12 18:58:58,IA55_m-mistral-small-24b_sol1_gd0_rs0_bd1_str-mpfair_t00_n1,597,3,1,mistralai/Mistral-Small-24B-Instruct-2501,1,0,1,0,mpfair,0.0,0.0,0.0
2026-08-12 18:59:18,IA55_m-mistral-small-24b_sol1_gd0_rs0_bd1_str-mpfair_t00_n1,598,1,1,mistralai/Mistral-Small-24B-Instruct-2501,1,0,1,0,mpfair,0.0,10.0,0.0
2026-08-12 18:59:31,IA55_m-mistral-small-24b_sol1_gd0_rs0_bd1_str-mpfair_t00_n1,598,2,1,mistralai/Mistral-Small-24B-Instruct-2501,1,0,1,0,mpfair,0.0,10.0,0.0
2026-08-12 18:59:50,IA55_m-mistral-small-24b_sol1_gd0_rs0_bd1_str-mpfair_t00_n1,598,3,1,mistralai/Mistral-Small-24B-Instruct-2501,1,0,1,0,mpfair,0.0,10.5,0.0
2026-08-12 19:00:08,IA55_m-mistral-small-24b_sol1_gd0_rs0_bd1_str-mpfair_t00_n1,599,1,1,mistralai/Mistral-Small-24B-Instruct-2501,1,0,1,0,mpfair,0.0,14.5,0.0
2026-08-12 19:00:21,IA55_m-mistral-small-24b_sol1_gd0_rs0_bd1_str-mpfair_t00_n1,599,2,1,mistralai/Mistral-Small-24B-Instruct-2501,1,0,1,0,mpfair,0.0,10.0,0.0
2026-08-12 19:00:39,IA55_m-mistral-small-24b_sol1_gd0_rs0_bd1_str-mpfair_t00_n1,599,3,1,mistralai/Mistral-Small-24B-Instruct-2501,1,0,1,0,mpfair,0.0,0.0,0.0
2026-08-12 19:00:56,IA55_m-mistral-small-24b_sol1_gd0_rs0_bd1_str-mpfair_t00_n1,600,1,1,mistralai/Mistral-Small-24B-Instruct-2501,1,0,1,0,mpfair,0.0,17.5,0.0
2026-08-12 19:01:09,IA55_m-mistral-small-24b_sol1_gd0_rs0_bd1_str-mpfair_t00_n1,600,2,1,mistralai/Mistral-Small-24B-Instruct-2501,1,0,1,0,mpfair,0.0,10.0,0.0
2026-08-12 19:01:27,IA55_m-mistral-small-24b_sol1_gd0_rs0_bd1_str-mpfair_t00_n1,600,3,1,mistralai/Mistral-Small-24B-Instruct-2501,1,0,1,0,mpfair,0.0,10.5,0.0
2026-08-12 19:01:45,IA55_m-mistral-small-24b_sol1_gd0_rs0_bd1_str-mpfair_t00_n1,601,1,1,mistralai/Mistral-Small-24B-Instruct-2501,1,0,1,0,mpfair,0.0,13.5,0.0
2026-08-12 19:01:59,IA55_m-mistral-small-24b_sol1_gd0_rs0_bd1_str-mpfair_t00_n1,601,2,1,mistralai/Mistral-Small-24B-Instruct-2501,1,0,1,0,mpfair,0.0,0.0,0.0
2026-08-12 19:02:14,IA55_m-mistral-small-24b_sol1_gd0_rs0_bd1_str-mpfair_t00_n1,601,3,1,mistralai/Mistral-Small-24B-Instruct-2501,1,0,1,0,mpfair,0.0,0.0,0.0
2026-08-12 19:02:32,IA55_m-mistral-small-24b_sol1_gd0_rs0_bd1_str-mpfair_t00_n1,602,1,1,mistralai/Mistral-Small-24B-Instruct-2501,1,0,1,0,mpfair,0.0,14.5,0.0
2026-08-12 19:02:45,IA55_m-mistral-small-24b_sol1_gd0_rs0_bd1_str-mpfair_t00_n1,602,2,1,mistralai/Mistral-Small-24B-Instruct-2501,1,0,1,0,mpfair,0.0,10.0,0.0
2026-08-12 19:03:03,IA55_m-mistral-small-24b_sol1_gd0_rs0_bd1_str-mpfair_t00_n1,602,3,1,mistralai/Mistral-Small-24B-Instruct-2501,1,0,1,0,mpfair,0.0,0.0,0.0
2026-08-12 19:03:21,IA55_m-mistral-small-24b_sol1_gd0_rs0_bd1_str-mpfair_t00_n1,603,1,1,mistralai/Mistral-Small-24B-Instruct-2501,1,0,1,0,mpfair,0.0,14.5,0.0
2026-08-12 19:03:35,IA55_m-mistral-small-24b_sol1_gd0_rs0_bd1_str-mpfair_t00_n1,603,2,1,mistralai/Mistral-Small-24B-Instruct-2501,1,0,1,0,mpfair,0.0,10.0,0.0
2026-08-12 19:03:53,IA55_m-mistral-small-24b_sol1_gd0_rs0_bd1_str-mpfair_t00_n1,603,3,1,mistralai/Mistral-Small-24B-Instruct-2501,1,0,1,0,mpfair,0.0,10.5,0.0
2026-08-12 19:04:12,IA55_m-mistral-small-24b_sol1_gd0_rs0_bd1_str-mpfair_t00_n1,604,1,1,mistralai/Mistral-Small-24B-Instruct-2501,1,0,1,0,mpfair,0.0,14.5,0.0
2026-08-12 19:04:25,IA55_m-mistral-small-24b_sol1_gd0_rs0_bd1_str-mpfair_t00_n1,604,2,1,mistralai/Mistral-Small-24B-Instruct-2501,1,0,1,0,mpfair,0.0,10.0,0.0
2026-08-12 19:04:40,IA55_m-mistral-small-24b_sol1_gd0_rs0_bd1_str-mpfair_t00_n1,604,3,1,mistralai/Mistral-Small-24B-Instruct-2501,1,0,1,0,mpfair,0.0,0.0,0.0
2026-08-12 19:04:59,IA55_m-mistral-small-24b_sol1_gd0_rs0_bd1_str-mpfair_t00_n1,605,1,1,mistralai/Mistral-Small-24B-Instruct-2501,1,0,1,0,mpfair,0.0,10.0,0.0
2026-08-12 19:05:13,IA55_m-mistral-small-24b_sol1_gd0_rs0_bd1_str-mpfair_t00_n1,605,2,1,mistralai/Mistral-Small-24B-Instruct-2501,1,0,1,0,mpfair,0.0,10.0,0.0
2026-08-12 19:05:28,IA55_m-mistral-small-24b_sol1_gd0_rs0_bd1_str-mpfair_t00_n1,605,3,1,mistralai/Mistral-Small-24B-Instruct-2501,1,0,1,0,mpfair,0.0,0.0,0.0
2026-08-12 19:05:46,IA55_m-mistral-small-24b_sol1_gd0_rs0_bd1_str-mpfair_t00_n1,606,1,1,mistralai/Mistral-Small-24B-Instruct-2501,1,0,1,0,mpfair,0.0,0.0,0.0
2026-08-12 19:05:58,IA55_m-mistral-small-24b_sol1_gd0_rs0_bd1_str-mpfair_t00_n1,606,2,1,mistralai/Mistral-Small-24B-Instruct-2501,1,0,1,0,mpfair,0.0,0.0,0.0
2026-08-12 19:06:16,IA55_m-mistral-small-24b_sol1_gd0_rs0_bd1_str-mpfair_t00_n1,606,3,1,mistralai/Mistral-Small-24B-Instruct-2501,1,0,1,0,mpfair,0.0,0.0,0.0
2026-08-12 19:06:37,IA55_m-mistral-small-24b_sol1_gd0_rs0_bd1_str-mpfair_t00_n1,607,1,1,mistralai/Mistral-Small-24B-Instruct-2501,1,0,1,0,mpfair,0.0,10.0,0.0
2026-08-12 19:06:50,IA55_m-mistral-small-24b_sol1_gd0_rs0_bd1_str-mpfair_t00_n1,607,2,1,mistralai/Mistral-Small-24B-Instruct-2501,1,0,1,0,mpfair,0.0,10.0,0.0
2026-08-12 19:07:08,IA55_m-mistral-small-24b_sol1_gd0_rs0_bd1_str-mpfair_t00_n1,607,3,1,mistralai/Mistral-Small-24B-Instruct-2501,1,0,1,0,mpfair,0.0,10.5,0.0
2026-08-12 19:07:28,IA55_m-mistral-small-24b_sol1_gd0_rs0_bd1_str-mpfair_t00_n1,608,1,1,mistralai/Mistral-Small-24B-Instruct-2501,1,0,1,0,mpfair,0.0,10.0,0.0
2026-08-12 19:07:41,IA55_m-mistral-small-24b_sol1_gd0_rs0_bd1_str-mpfair_t00_n1,608,2,1,mistralai/Mistral-Small-24B-Instruct-2501,1,0,1,0,mpfair,0.0,0.0,0.0
2026-08-12 19:07:59,IA55_m-mistral-small-24b_sol1_gd0_rs0_bd1_str-mpfair_t00_n1,608,3,1,mistralai/Mistral-Small-24B-Instruct-2501,1,0,1,0,mpfair,0.0,0.0,0.0
2026-08-12 19:08:17,IA55_m-mistral-small-24b_sol1_gd0_rs0_bd1_str-mpfair_t00_n1,609,1,1,mistralai/Mistral-Small-24B-Instruct-2501,1,0,1,0,mpfair,0.0,14.0,0.0
2026-08-12 19:08:31,IA55_m-mistral-small-24b_sol1_gd0_rs0_bd1_str-mpfair_t00_n1,609,2,1,mistralai/Mistral-Small-24B-Instruct-2501,1,0,1,0,mpfair,0.0,0.0,0.0
2026-08-12 19:08:48,IA55_m-mistral-small-24b_sol1_gd0_rs0_bd1_str-mpfair_t00_n1,609,3,1,mistralai/Mistral-Small-24B-Instruct-2501,1,0,1,0,mpfair,0.0,10.5,0.0
2026-08-12 19:09:07,IA55_m-mistral-small-24b_sol1_gd0_rs0_bd1_str-mpfair_t00_n1,610,1,1,mistralai/Mistral-Small-24B-Instruct-2501,1,0,1,0,mpfair,0.0,10.0,0.0
2026-08-12 19:09:20,IA55_m-mistral-small-24b_sol1_gd0_rs0_bd1_str-mpfair_t00_n1,610,2,1,mistralai/Mistral-Small-24B-Instruct-2501,1,0,1,0,mpfair,0.0,10.0,0.0
2026-08-12 19:09:38,IA55_m-mistral-small-24b_sol1_gd0_rs0_bd1_str-mpfair_t00_n1,610,3,1,mistralai/Mistral-Small-24B-Instruct-2501,1,0,1,0,mpfair,0.0,0.0,0.0
2026-08-12 19:09:55,IA55_m-mistral-small-24b_sol1_gd0_rs0_bd1_str-mpfair_t00_n1,611,1,1,mistralai/Mistral-Small-24B-Instruct-2501,1,0,1,0,mpfair,0.0,10.5,0.0
2026-08-12 19:10:08,IA55_m-mistral-small-24b_sol1_gd0_rs0_bd1_str-mpfair_t00_n1,611,2,1,mistralai/Mistral-Small-24B-Instruct-2501,1,0,1,0,mpfair,0.0,0.0,0.0
2026-08-12 19:10:27,IA55_m-mistral-small-24b_sol1_gd0_rs0_bd1_str-mpfair_t00_n1,611,3,1,mistralai/Mistral-Small-24B-Instruct-2501,1,0,1,0,mpfair,0.0,0.0,0.0
2026-08-12 19:10:45,IA55_m-mistral-small-24b_sol1_gd0_rs0_bd1_str-mpfair_t00_n1,612,1,1,mistralai/Mistral-Small-24B-Instruct-2501,1,0,1,0,mpfair,0.0,10.5,0.0
2026-08-12 19:10:59,IA55_m-mistral-small-24b_sol1_gd0_rs0_bd1_str-mpfair_t00_n1,612,2,1,mistralai/Mistral-Small-24B-Instruct-2501,1,0,1,0,mpfair,0.0,10.0,0.0
2026-08-12 19:11:18,IA55_m-mistral-small-24b_sol1_gd0_rs0_bd1_str-mpfair_t00_n1,612,3,1,mistralai/Mistral-Small-24B-Instruct-2501,1,0,1,0,mpfair,0.0,10.5,0.0
2026-08-12 19:11:37,IA55_m-mistral-small-24b_sol1_gd0_rs0_bd1_str-mpfair_t00_n1,613,1,1,mistralai/Mistral-Small-24B-Instruct-2501,1,0,1,0,mpfair,0.0,16.0,0.0
2026-08-12 19:11:50,IA55_m-mistral-small-24b_sol1_gd0_rs0_bd1_str-mpfair_t00_n1,613,2,1,mistralai/Mistral-Small-24B-Instruct-2501,1,0,1,0,mpfair,0.0,10.0,0.0
2026-08-12 19:12:10,IA55_m-mistral-small-24b_sol1_gd0_rs0_bd1_str-mpfair_t00_n1,613,3,1,mistralai/Mistral-Small-24B-Instruct-2501,1,0,1,0,mpfair,0.0,10.5,0.0
2026-08-12 19:12:29,IA55_m-mistral-small-24b_sol1_gd0_rs0_bd1_str-mpfair_t00_n1,614,1,1,mistralai/Mistral-Small-24B-Instruct-2501,1,0,1,0,mpfair,0.0,10.0,0.0
2026-08-12 19:12:44,IA55_m-mistral-small-24b_sol1_gd0_rs0_bd1_str-mpfair_t00_n1,614,2,1,mistralai/Mistral-Small-24B-Instruct-2501,1,0,1,0,mpfair,0.0,10.0,0.0
2026-08-12 19:13:01,IA55_m-mistral-small-24b_sol1_gd0_rs0_bd1_str-mpfair_t00_n1,614,3,1,mistralai/Mistral-Small-24B-Instruct-2501,1,0,1,0,mpfair,0.0,12.0,0.0
2026-08-12 19:13:19,IA55_m-mistral-small-24b_sol1_gd0_rs0_bd1_str-mpfair_t00_n1,615,1,1,mistralai/Mistral-Small-24B-Instruct-2501,1,0,1,0,mpfair,0.0,18.0,0.0
2026-08-12 19:13:37,IA55_m-mistral-small-24b_sol1_gd0_rs0_bd1_str-mpfair_t00_n1,615,3,1,mistralai/Mistral-Small-24B-Instruct-2501,1,0,1,0,mpfair,0.0,0.0,0.0
2026-08-12 19:13:58,IA55_m-mistral-small-24b_sol1_gd0_rs0_bd1_str-mpfair_t00_n1,616,1,1,mistralai/Mistral-Small-24B-Instruct-2501,1,0,1,0,mpfair,0.0,10.0,0.0
2026-08-12 19:14:12,IA55_m-mistral-small-24b_sol1_gd0_rs0_bd1_str-mpfair_t00_n1,616,2,1,mistralai/Mistral-Small-24B-Instruct-2501,1,0,1,0,mpfair,0.0,14.0,3.0
2026-08-12 19:14:27,IA55_m-mistral-small-24b_sol1_gd0_rs0_bd1_str-mpfair_t00_n1,616,3,1,mistralai/Mistral-Small-24B-Instruct-2501,1,0,1,0,mpfair,0.0,0.0,0.0
2026-08-12 19:14:45,IA55_m-mistral-small-24b_sol1_gd0_rs0_bd1_str-mpfair_t00_n1,617,1,1,mistralai/Mistral-Small-24B-Instruct-2501,1,0,1,0,mpfair,0.0,10.5,0.0
2026-08-12 19:14:59,IA55_m-mistral-small-24b_sol1_gd0_rs0_bd1_str-mpfair_t00_n1,617,2,1,mistralai/Mistral-Small-24B-Instruct-2501,1,0,1,0,mpfair,0.0,10.0,0.0
2026-08-12 19:15:16,IA55_m-mistral-small-24b_sol1_gd0_rs0_bd1_str-mpfair_t00_n1,617,3,1,mistralai/Mistral-Small-24B-Instruct-2501,1,0,1,0,mpfair,0.0,10.5,0.0
2026-08-12 19:15:34,IA55_m-mistral-small-24b_sol1_gd0_rs0_bd1_str-mpfair_t00_n1,618,1,1,mistralai/Mistral-Small-24B-Instruct-2501,1,0,1,0,mpfair,0.0,14.5,0.0
2026-08-12 19:15:47,IA55_m-mistral-small-24b_sol1_gd0_rs0_bd1_str-mpfair_t00_n1,618,2,1,mistralai/Mistral-Small-24B-Instruct-2501,1,0,1,0,mpfair,0.0,10.0,0.0
2026-08-12 19:16:06,IA55_m-mistral-small-24b_sol1_gd0_rs0_bd1_str-mpfair_t00_n1,618,3,1,mistralai/Mistral-Small-24B-Instruct-2501,1,0,1,0,mpfair,0.0,14.5,0.0
2026-08-12 19:16:25,IA55_m-mistral-small-24b_sol1_gd0_rs0_bd1_str-mpfair_t00_n1,619,1,1,mistralai/Mistral-Small-24B-Instruct-2501,1,0,1,0,mpfair,0.0,18.0,0.0
2026-08-12 19:16:40,IA55_m-mistral-small-24b_sol1_gd0_rs0_bd1_str-mpfair_t00_n1,619,2,1,mistralai/Mistral-Small-24B-Instruct-2501,1,0,1,0,mpfair,0.0,10.0,3.0
2026-08-12 19:17:00,IA55_m-mistral-small-24b_sol1_gd0_rs0_bd1_str-mpfair_t00_n1,619,3,1,mistralai/Mistral-Small-24B-Instruct-2501,1,0,1,0,mpfair,0.0,14.0,0.0
2026-08-12 19:17:18,IA55_m-mistral-small-24b_sol1_gd0_rs0_bd1_str-mpfair_t00_n1,620,1,1,mistralai/Mistral-Small-24B-Instruct-2501,1,0,1,0,mpfair,0.0,12.5,0.0
2026-08-12 19:17:31,IA55_m-mistral-small-24b_sol1_gd0_rs0_bd1_str-mpfair_t00_n1,620,2,1,mistralai/Mistral-Small-24B-Instruct-2501,1,0,1,0,mpfair,0.0,0.0,0.0
2026-08-12 19:17:48,IA55_m-mistral-small-24b_sol1_gd0_rs0_bd1_str-mpfair_t00_n1,620,3,1,mistralai/Mistral-Small-24B-Instruct-2501,1,0,1,0,mpfair,0.0,10.5,0.0
2026-08-12 19:18:07,IA55_m-mistral-small-24b_sol1_gd0_rs0_bd1_str-mpfair_t00_n1,621,1,1,mistralai/Mistral-Small-24B-Instruct-2501,1,0,1,0,mpfair,0.0,10.0,0.0
2026-08-12 19:18:21,IA55_m-mistral-small-24b_sol1_gd0_rs0_bd1_str-mpfair_t00_n1,621,2,1,mistralai/Mistral-Small-24B-Instruct-2501,1,0,1,0,mpfair,0.0,0.0,0.0
2026-08-12 19:18:40,IA55_m-mistral-small-24b_sol1_gd0_rs0_bd1_str-mpfair_t00_n1,621,3,1,mistralai/Mistral-Small-24B-Instruct-2501,1,0,1,0,mpfair,0.0,10.5,0.0
2026-08-12 19:19:00,IA55_m-mistral-small-24b_sol1_gd0_rs0_bd1_str-mpfair_t00_n1,622,1,1,mistralai/Mistral-Small-24B-Instruct-2501,1,0,1,0,mpfair,0.0,13.5,0.0
2026-08-12 19:19:13,IA55_m-mistral-small-24b_sol1_gd0_rs0_bd1_str-mpfair_t00_n1,622,2,1,mistralai/Mistral-Small-24B-Instruct-2501,1,0,1,0,mpfair,0.0,10.0,0.0
2026-08-12 19:19:33,IA55_m-mistral-small-24b_sol1_gd0_rs0_bd1_str-mpfair_t00_n1,622,3,1,mistralai/Mistral-Small-24B-Instruct-2501,1,0,1,0,mpfair,0.0,10.5,0.0
2026-08-12 19:19:50,IA55_m-mistral-small-24b_sol1_gd0_rs0_bd1_str-mpfair_t00_n1,623,1,1,mistralai/Mistral-Small-24B-Instruct-2501,1,0,1,0,mpfair,0.0,10.5,0.0
2026-08-12 19:20:05,IA55_m-mistral-small-24b_sol1_gd0_rs0_bd1_str-mpfair_t00_n1,623,2,1,mistralai/Mistral-Small-24B-Instruct-2501,1,0,1,0,mpfair,0.0,10.0,0.0
2026-08-12 19:20:23,IA55_m-mistral-small-24b_sol1_gd0_rs0_bd1_str-mpfair_t00_n1,623,3,1,mistralai/Mistral-Small-24B-Instruct-2501,1,0,1,0,mpfair,0.0,10.0,0.0
2026-08-12 19:20:40,IA55_m-mistral-small-24b_sol1_gd0_rs0_bd1_str-mpfair_t00_n1,624,1,1,mistralai/Mistral-Small-24B-Instruct-2501,1,0,1,0,mpfair,0.0,13.5,0.0
2026-08-12 19:20:54,IA55_m-mistral-small-24b_sol1_gd0_rs0_bd1_str-mpfair_t00_n1,624,2,1,mistralai/Mistral-Small-24B-Instruct-2501,1,0,1,0,mpfair,0.0,10.0,0.0
2026-08-12 19:21:12,IA55_m-mistral-small-24b_sol1_gd0_rs0_bd1_str-mpfair_t00_n1,624,3,1,mistralai/Mistral-Small-24B-Instruct-2501,1,0,1,0,mpfair,0.0,1.5,0.0
2026-08-12 19:21:29,IA55_m-mistral-small-24b_sol1_gd0_rs0_bd1_str-mpfair_t00_n1,625,1,1,mistralai/Mistral-Small-24B-Instruct-2501,1,0,1,0,mpfair,0.0,12.5,0.0
2026-08-12 19:21:43,IA55_m-mistral-small-24b_sol1_gd0_rs0_bd1_str-mpfair_t00_n1,625,2,1,mistralai/Mistral-Small-24B-Instruct-2501,1,0,1,0,mpfair,0.0,0.0,0.0
2026-08-12 19:22:01,IA55_m-mistral-small-24b_sol1_gd0_rs0_bd1_str-mpfair_t00_n1,625,3,1,mistralai/Mistral-Small-24B-Instruct-2501,1,0,1,0,mpfair,0.0,10.5,0.0
2026-08-12 19:22:20,IA55_m-mistral-small-24b_sol1_gd0_rs0_bd1_str-mpfair_t00_n1,626,1,1,mistralai/Mistral-Small-24B-Instruct-2501,1,0,1,0,mpfair,0.0,13.5,0.0
2026-08-12 19:22:32,IA55_m-mistral-small-24b_sol1_gd0_rs0_bd1_str-mpfair_t00_n1,626,2,1,mistralai/Mistral-Small-24B-Instruct-2501,1,0,1,0,mpfair,0.0,0.0,0.0
2026-08-12 19:22:52,IA55_m-mistral-small-24b_sol1_gd0_rs0_bd1_str-mpfair_t00_n1,627,1,1,mistralai/Mistral-Small-24B-Instruct-2501,1,0,1,0,mpfair,0.0,12.5,0.0
2026-08-12 19:23:06,IA55_m-mistral-small-24b_sol1_gd0_rs0_bd1_str-mpfair_t00_n1,627,2,1,mistralai/Mistral-Small-24B-Instruct-2501,1,0,1,0,mpfair,0.0,10.0,0.0
2026-08-12 19:23:25,IA55_m-mistral-small-24b_sol1_gd0_rs0_bd1_str-mpfair_t00_n1,627,3,1,mistralai/Mistral-Small-24B-Instruct-2501,1,0,1,0,mpfair,0.0,0.0,0.0
2026-08-12 19:23:41,IA55_m-mistral-small-24b_sol1_gd0_rs0_bd1_str-mpfair_t00_n1,628,1,1,mistralai/Mistral-Small-24B-Instruct-2501,1,0,1,0,mpfair,0.0,10.5,0.0
2026-08-12 19:23:54,IA55_m-mistral-small-24b_sol1_gd0_rs0_bd1_str-mpfair_t00_n1,628,2,1,mistralai/Mistral-Small-24B-Instruct-2501,1,0,1,0,mpfair,0.0,10.0,0.0
2026-08-12 19:24:13,IA55_m-mistral-small-24b_sol1_gd0_rs0_bd1_str-mpfair_t00_n1,628,3,1,mistralai/Mistral-Small-24B-Instruct-2501,1,0,1,0,mpfair,0.0,0.0,0.0
2026-08-12 19:24:32,IA55_m-mistral-small-24b_sol1_gd0_rs0_bd1_str-mpfair_t00_n1,629,1,1,mistralai/Mistral-Small-24B-Instruct-2501,1,0,1,0,mpfair,0.0,10.5,0.0
2026-08-12 19:24:45,IA55_m-mistral-small-24b_sol1_gd0_rs0_bd1_str-mpfair_t00_n1,629,2,1,mistralai/Mistral-Small-24B-Instruct-2501,1,0,1,0,mpfair,0.0,0.0,0.0
2026-08-12 19:25:03,IA55_m-mistral-small-24b_sol1_gd0_rs0_bd1_str-mpfair_t00_n1,629,3,1,mistralai/Mistral-Small-24B-Instruct-2501,1,0,1,0,mpfair,0.0,10.5,0.0
2026-08-12 19:25:22,IA55_m-mistral-small-24b_sol1_gd0_rs0_bd1_str-mpfair_t00_n1,630,1,1,mistralai/Mistral-Small-24B-Instruct-2501,1,0,1,0,mpfair,0.0,0.0,0.0
2026-08-12 19:25:33,IA55_m-mistral-small-24b_sol1_gd0_rs0_bd1_str-mpfair_t00_n1,630,2,1,mistralai/Mistral-Small-24B-Instruct-2501,1,0,1,0,mpfair,0.0,0.0,0.0
2026-08-12 19:25:49,IA55_m-mistral-small-24b_sol1_gd0_rs0_bd1_str-mpfair_t00_n1,630,3,1,mistralai/Mistral-Small-24B-Instruct-2501,1,0,1,0,mpfair,0.0,0.0,0.0
2026-08-12 19:26:07,IA55_m-mistral-small-24b_sol1_gd0_rs0_bd1_str-mpfair_t00_n1,631,1,1,mistralai/Mistral-Small-24B-Instruct-2501,1,0,1,0,mpfair,0.0,10.5,0.0
2026-08-12 19:26:22,IA55_m-mistral-small-24b_sol1_gd0_rs0_bd1_str-mpfair_t00_n1,631,2,1,mistralai/Mistral-Small-24B-Instruct-2501,1,0,1,0,mpfair,0.0,0.0,0.0
2026-08-12 19:26:38,IA55_m-mistral-small-24b_sol1_gd0_rs0_bd1_str-mpfair_t00_n1,631,3,1,mistralai/Mistral-Small-24B-Instruct-2501,1,0,1,0,mpfair,0.0,0.0,0.0
2026-08-12 19:26:57,IA55_m-mistral-small-24b_sol1_gd0_rs0_bd1_str-mpfair_t00_n1,632,1,1,mistralai/Mistral-Small-24B-Instruct-2501,1,0,1,0,mpfair,0.0,10.5,0.0
2026-08-12 19:27:11,IA55_m-mistral-small-24b_sol1_gd0_rs0_bd1_str-mpfair_t00_n1,632,2,1,mistralai/Mistral-Small-24B-Instruct-2501,1,0,1,0,mpfair,0.0,10.0,0.0
2026-08-12 19:27:29,IA55_m-mistral-small-24b_sol1_gd0_rs0_bd1_str-mpfair_t00_n1,632,3,1,mistralai/Mistral-Small-24B-Instruct-2501,1,0,1,0,mpfair,0.0,10.0,0.0
2026-08-12 19:27:47,IA55_m-mistral-small-24b_sol1_gd0_rs0_bd1_str-mpfair_t00_n1,633,1,1,mistralai/Mistral-Small-24B-Instruct-2501,1,0,1,0,mpfair,0.0,15.5,0.0
2026-08-12 19:28:02,IA55_m-mistral-small-24b_sol1_gd0_rs0_bd1_str-mpfair_t00_n1,633,2,1,mistralai/Mistral-Small-24B-Instruct-2501,1,0,1,0,mpfair,0.0,10.0,0.0
2026-08-12 19:28:19,IA55_m-mistral-small-24b_sol1_gd0_rs0_bd1_str-mpfair_t00_n1,633,3,1,mistralai/Mistral-Small-24B-Instruct-2501,1,0,1,0,mpfair,0.0,10.5,0.0
2026-08-12 19:28:38,IA55_m-mistral-small-24b_sol1_gd0_rs0_bd1_str-mpfair_t00_n1,634,1,1,mistralai/Mistral-Small-24B-Instruct-2501,1,0,1,0,mpfair,0.0,15.5,0.0
2026-08-12 19:28:52,IA55_m-mistral-small-24b_sol1_gd0_rs0_bd1_str-mpfair_t00_n1,634,2,1,mistralai/Mistral-Small-24B-Instruct-2501,1,0,1,0,mpfair,0.0,10.0,0.0
2026-08-12 19:29:12,IA55_m-mistral-small-24b_sol1_gd0_rs0_bd1_str-mpfair_t00_n1,634,3,1,mistralai/Mistral-Small-24B-Instruct-2501,1,0,1,0,mpfair,0.0,10.5,0.0
2026-08-12 19:29:29,IA55_m-mistral-small-24b_sol1_gd0_rs0_bd1_str-mpfair_t00_n1,635,1,1,mistralai/Mistral-Small-24B-Instruct-2501,1,0,1,0,mpfair,0.0,10.5,0.0
2026-08-12 19:29:43,IA55_m-mistral-small-24b_sol1_gd0_rs0_bd1_str-mpfair_t00_n1,635,2,1,mistralai/Mistral-Small-24B-Instruct-2501,1,0,1,0,mpfair,0.0,0.0,0.0
2026-08-12 19:30:01,IA55_m-mistral-small-24b_sol1_gd0_rs0_bd1_str-mpfair_t00_n1,635,3,1,mistralai/Mistral-Small-24B-Instruct-2501,1,0,1,0,mpfair,0.0,0.0,0.0
2026-08-12 19:30:19,IA55_m-mistral-small-24b_sol1_gd0_rs0_bd1_str-mpfair_t00_n1,636,1,1,mistralai/Mistral-Small-24B-Instruct-2501,1,0,1,0,mpfair,0.0,13.5,0.0
2026-08-12 19:30:32,IA55_m-mistral-small-24b_sol1_gd0_rs0_bd1_str-mpfair_t00_n1,636,2,1,mistralai/Mistral-Small-24B-Instruct-2501,1,0,1,0,mpfair,0.0,10.0,3.0
2026-08-12 19:30:51,IA55_m-mistral-small-24b_sol1_gd0_rs0_bd1_str-mpfair_t00_n1,636,3,1,mistralai/Mistral-Small-24B-Instruct-2501,1,0,1,0,mpfair,0.0,10.5,0.0
2026-08-12 19:31:09,IA55_m-mistral-small-24b_sol1_gd0_rs0_bd1_str-mpfair_t00_n1,637,1,1,mistralai/Mistral-Small-24B-Instruct-2501,1,0,1,0,mpfair,0.0,18.0,0.0
2026-08-12 19:31:23,IA55_m-mistral-small-24b_sol1_gd0_rs0_bd1_str-mpfair_t00_n1,637,2,1,mistralai/Mistral-Small-24B-Instruct-2501,1,0,1,0,mpfair,0.0,10.0,0.0
2026-08-12 19:31:43,IA55_m-mistral-small-24b_sol1_gd0_rs0_bd1_str-mpfair_t00_n1,637,3,1,mistralai/Mistral-Small-24B-Instruct-2501,1,0,1,0,mpfair,0.0,12.5,0.0
2026-08-12 19:32:02,IA55_m-mistral-small-24b_sol1_gd0_rs0_bd1_str-mpfair_t00_n1,638,1,1,mistralai/Mistral-Small-24B-Instruct-2501,1,0,1,0,mpfair,0.0,14.5,0.0
2026-08-12 19:32:15,IA55_m-mistral-small-24b_sol1_gd0_rs0_bd1_str-mpfair_t00_n1,638,2,1,mistralai/Mistral-Small-24B-Instruct-2501,1,0,1,0,mpfair,0.0,10.0,0.0
2026-08-12 19:32:33,IA55_m-mistral-small-24b_sol1_gd0_rs0_bd1_str-mpfair_t00_n1,638,3,1,mistralai/Mistral-Small-24B-Instruct-2501,1,0,1,0,mpfair,0.0,10.5,0.0
2026-08-12 19:32:52,IA55_m-mistral-small-24b_sol1_gd0_rs0_bd1_str-mpfair_t00_n1,639,1,1,mistralai/Mistral-Small-24B-Instruct-2501,1,0,1,0,mpfair,0.0,15.5,0.0
2026-08-12 19:33:05,IA55_m-mistral-small-24b_sol1_gd0_rs0_bd1_str-mpfair_t00_n1,639,2,1,mistralai/Mistral-Small-24B-Instruct-2501,1,0,1,0,mpfair,0.0,10.0,0.0
2026-08-12 19:33:21,IA55_m-mistral-small-24b_sol1_gd0_rs0_bd1_str-mpfair_t00_n1,639,3,1,mistralai/Mistral-Small-24B-Instruct-2501,1,0,1,0,mpfair,0.0,10.5,0.0
2026-08-12 19:33:40,IA55_m-mistral-small-24b_sol1_gd0_rs0_bd1_str-mpfair_t00_n1,640,1,1,mistralai/Mistral-Small-24B-Instruct-2501,1,0,1,0,mpfair,0.0,10.5,0.0
2026-08-12 19:33:52,IA55_m-mistral-small-24b_sol1_gd0_rs0_bd1_str-mpfair_t00_n1,640,2,1,mistralai/Mistral-Small-24B-Instruct-2501,1,0,1,0,mpfair,0.0,0.0,0.0
2026-08-12 19:34:12,IA55_m-mistral-small-24b_sol1_gd0_rs0_bd1_str-mpfair_t00_n1,640,3,1,mistralai/Mistral-Small-24B-Instruct-2501,1,0,1,0,mpfair,0.0,10.0,0.0
2026-08-12 19:34:29,IA55_m-mistral-small-24b_sol1_gd0_rs0_bd1_str-mpfair_t00_n1,641,1,1,mistralai/Mistral-Small-24B-Instruct-2501,1,0,1,0,mpfair,0.0,12.5,0.0
2026-08-12 19:34:42,IA55_m-mistral-small-24b_sol1_gd0_rs0_bd1_str-mpfair_t00_n1,641,2,1,mistralai/Mistral-Small-24B-Instruct-2501,1,0,1,0,mpfair,0.0,10.0,0.0
2026-08-12 19:35:00,IA55_m-mistral-small-24b_sol1_gd0_rs0_bd1_str-mpfair_t00_n1,641,3,1,mistralai/Mistral-Small-24B-Instruct-2501,1,0,1,0,mpfair,0.0,10.5,0.0
2026-08-12 19:35:17,IA55_m-mistral-small-24b_sol1_gd0_rs0_bd1_str-mpfair_t00_n1,642,1,1,mistralai/Mistral-Small-24B-Instruct-2501,1,0,1,0,mpfair,0.0,12.5,0.0
2026-08-12 19:35:29,IA55_m-mistral-small-24b_sol1_gd0_rs0_bd1_str-mpfair_t00_n1,642,2,1,mistralai/Mistral-Small-24B-Instruct-2501,1,0,1,0,mpfair,0.0,0.0,0.0
2026-08-12 19:35:48,IA55_m-mistral-small-24b_sol1_gd0_rs0_bd1_str-mpfair_t00_n1,642,3,1,mistralai/Mistral-Small-24B-Instruct-2501,1,0,1,0,mpfair,0.0,10.5,0.0
2026-08-12 19:36:06,IA55_m-mistral-small-24b_sol1_gd0_rs0_bd1_str-mpfair_t00_n1,643,1,1,mistralai/Mistral-Small-24B-Instruct-2501,1,0,1,0,mpfair,0.0,19.5,3.0
2026-08-12 19:36:19,IA55_m-mistral-small-24b_sol1_gd0_rs0_bd1_str-mpfair_t00_n1,643,2,1,mistralai/Mistral-Small-24B-Instruct-2501,1,0,1,0,mpfair,0.0,13.0,0.0
2026-08-12 19:36:38,IA55_m-mistral-small-24b_sol1_gd0_rs0_bd1_str-mpfair_t00_n1,643,3,1,mistralai/Mistral-Small-24B-Instruct-2501,1,0,1,0,mpfair,0.0,10.0,0.0
2026-08-12 19:36:56,IA55_m-mistral-small-24b_sol1_gd0_rs0_bd1_str-mpfair_t00_n1,644,1,1,mistralai/Mistral-Small-24B-Instruct-2501,1,0,1,0,mpfair,0.0,10.5,0.0
2026-08-12 19:37:09,IA55_m-mistral-small-24b_sol1_gd0_rs0_bd1_str-mpfair_t00_n1,644,2,1,mistralai/Mistral-Small-24B-Instruct-2501,1,0,1,0,mpfair,0.0,0.0,0.0
2026-08-12 19:37:26,IA55_m-mistral-small-24b_sol1_gd0_rs0_bd1_str-mpfair_t00_n1,644,3,1,mistralai/Mistral-Small-24B-Instruct-2501,1,0,1,0,mpfair,0.0,0.0,0.0
2026-08-12 19:37:45,IA55_m-mistral-small-24b_sol1_gd0_rs0_bd1_str-mpfair_t00_n1,645,1,1,mistralai/Mistral-Small-24B-Instruct-2501,1,0,1,0,mpfair,0.0,13.0,0.0
2026-08-12 19:37:58,IA55_m-mistral-small-24b_sol1_gd0_rs0_bd1_str-mpfair_t00_n1,645,2,1,mistralai/Mistral-Small-24B-Instruct-2501,1,0,1,0,mpfair,0.0,0.0,0.0
2026-08-12 19:38:17,IA55_m-mistral-small-24b_sol1_gd0_rs0_bd1_str-mpfair_t00_n1,645,3,1,mistralai/Mistral-Small-24B-Instruct-2501,1,0,1,0,mpfair,0.0,0.0,0.0
2026-08-12 19:38:36,IA55_m-mistral-small-24b_sol1_gd0_rs0_bd1_str-mpfair_t00_n1,646,1,1,mistralai/Mistral-Small-24B-Instruct-2501,1,0,1,0,mpfair,0.0,10.5,0.0
2026-08-12 19:38:49,IA55_m-mistral-small-24b_sol1_gd0_rs0_bd1_str-mpfair_t00_n1,646,2,1,mistralai/Mistral-Small-24B-Instruct-2501,1,0,1,0,mpfair,0.0,0.0,0.0
2026-08-12 19:39:09,IA55_m-mistral-small-24b_sol1_gd0_rs0_bd1_str-mpfair_t00_n1,646,3,1,mistralai/Mistral-Small-24B-Instruct-2501,1,0,1,0,mpfair,0.0,10.5,0.0
2026-08-12 19:39:26,IA55_m-mistral-small-24b_sol1_gd0_rs0_bd1_str-mpfair_t00_n1,647,1,1,mistralai/Mistral-Small-24B-Instruct-2501,1,0,1,0,mpfair,0.0,18.0,0.0
2026-08-12 19:39:40,IA55_m-mistral-small-24b_sol1_gd0_rs0_bd1_str-mpfair_t00_n1,647,2,1,mistralai/Mistral-Small-24B-Instruct-2501,1,0,1,0,mpfair,0.0,10.0,0.0
2026-08-12 19:39:58,IA55_m-mistral-small-24b_sol1_gd0_rs0_bd1_str-mpfair_t00_n1,647,3,1,mistralai/Mistral-Small-24B-Instruct-2501,1,0,1,0,mpfair,0.0,0.0,0.0
2026-08-12 19:40:16,IA55_m-mistral-small-24b_sol1_gd0_rs0_bd1_str-mpfair_t00_n1,648,1,1,mistralai/Mistral-Small-24B-Instruct-2501,1,0,1,0,mpfair,0.0,15.5,0.0
2026-08-12 19:40:30,IA55_m-mistral-small-24b_sol1_gd0_rs0_bd1_str-mpfair_t00_n1,648,2,1,mistralai/Mistral-Small-24B-Instruct-2501,1,0,1,0,mpfair,0.0,0.0,0.0
2026-08-12 19:40:50,IA55_m-mistral-small-24b_sol1_gd0_rs0_bd1_str-mpfair_t00_n1,648,3,1,mistralai/Mistral-Small-24B-Instruct-2501,1,0,1,0,mpfair,0.0,10.5,0.0
2026-08-12 19:41:08,IA55_m-mistral-small-24b_sol1_gd0_rs0_bd1_str-mpfair_t00_n1,649,1,1,mistralai/Mistral-Small-24B-Instruct-2501,1,0,1,0,mpfair,0.0,0.0,0.0
2026-08-12 19:41:21,IA55_m-mistral-small-24b_sol1_gd0_rs0_bd1_str-mpfair_t00_n1,649,2,1,mistralai/Mistral-Small-24B-Instruct-2501,1,0,1,0,mpfair,0.0,0.0,0.0
2026-08-12 19:41:36,IA55_m-mistral-small-24b_sol1_gd0_rs0_bd1_str-mpfair_t00_n1,649,3,1,mistralai/Mistral-Small-24B-Instruct-2501,1,0,1,0,mpfair,0.0,0.0,0.0
2026-08-12 19:41:55,IA55_m-mistral-small-24b_sol1_gd0_rs0_bd1_str-mpfair_t00_n1,650,1,1,mistralai/Mistral-Small-24B-Instruct-2501,1,0,1,0,mpfair,0.0,10.5,0.0
2026-08-12 19:42:08,IA55_m-mistral-small-24b_sol1_gd0_rs0_bd1_str-mpfair_t00_n1,650,2,1,mistralai/Mistral-Small-24B-Instruct-2501,1,0,1,0,mpfair,0.0,0.0,0.0
2026-08-12 19:42:26,IA55_m-mistral-small-24b_sol1_gd0_rs0_bd1_str-mpfair_t00_n1,650,3,1,mistralai/Mistral-Small-24B-Instruct-2501,1,0,1,0,mpfair,0.0,0.0,0.0
2026-08-12 19:42:45,IA55_m-mistral-small-24b_sol1_gd0_rs0_bd1_str-mpfair_t00_n1,651,1,1,mistralai/Mistral-Small-24B-Instruct-2501,1,0,1,0,mpfair,0.0,16.0,3.0
2026-08-12 19:42:58,IA55_m-mistral-small-24b_sol1_gd0_rs0_bd1_str-mpfair_t00_n1,651,2,1,mistralai/Mistral-Small-24B-Instruct-2501,1,0,1,0,mpfair,0.0,10.0,0.0
2026-08-12 19:43:16,IA55_m-mistral-small-24b_sol1_gd0_rs0_bd1_str-mpfair_t00_n1,651,3,1,mistralai/Mistral-Small-24B-Instruct-2501,1,0,1,0,mpfair,0.0,10.5,0.0
2026-08-12 19:43:35,IA55_m-mistral-small-24b_sol1_gd0_rs0_bd1_str-mpfair_t00_n1,652,1,1,mistralai/Mistral-Small-24B-Instruct-2501,1,0,1,0,mpfair,0.0,19.0,3.0
2026-08-12 19:43:48,IA55_m-mistral-small-24b_sol1_gd0_rs0_bd1_str-mpfair_t00_n1,652,2,1,mistralai/Mistral-Small-24B-Instruct-2501,1,0,1,0,mpfair,0.0,12.0,3.0
2026-08-12 19:44:07,IA55_m-mistral-small-24b_sol1_gd0_rs0_bd1_str-mpfair_t00_n1,652,3,1,mistralai/Mistral-Small-24B-Instruct-2501,1,0,1,0,mpfair,0.0,15.5,0.0
2026-08-12 19:44:24,IA55_m-mistral-small-24b_sol1_gd0_rs0_bd1_str-mpfair_t00_n1,653,1,1,mistralai/Mistral-Small-24B-Instruct-2501,1,0,1,0,mpfair,0.0,14.5,0.0
2026-08-12 19:44:37,IA55_m-mistral-small-24b_sol1_gd0_rs0_bd1_str-mpfair_t00_n1,653,2,1,mistralai/Mistral-Small-24B-Instruct-2501,1,0,1,0,mpfair,0.0,0.0,0.0
2026-08-12 19:44:55,IA55_m-mistral-small-24b_sol1_gd0_rs0_bd1_str-mpfair_t00_n1,653,3,1,mistralai/Mistral-Small-24B-Instruct-2501,1,0,1,0,mpfair,0.0,0.0,0.0
2026-08-12 19:45:14,IA55_m-mistral-small-24b_sol1_gd0_rs0_bd1_str-mpfair_t00_n1,654,1,1,mistralai/Mistral-Small-24B-Instruct-2501,1,0,1,0,mpfair,0.0,12.5,0.0
2026-08-12 19:45:27,IA55_m-mistral-small-24b_sol1_gd0_rs0_bd1_str-mpfair_t00_n1,654,2,1,mistralai/Mistral-Small-24B-Instruct-2501,1,0,1,0,mpfair,0.0,0.0,0.0
2026-08-12 19:45:46,IA55_m-mistral-small-24b_sol1_gd0_rs0_bd1_str-mpfair_t00_n1,655,1,1,mistralai/Mistral-Small-24B-Instruct-2501,1,0,1,0,mpfair,0.0,12.5,0.0
2026-08-12 19:45:59,IA55_m-mistral-small-24b_sol1_gd0_rs0_bd1_str-mpfair_t00_n1,655,2,1,mistralai/Mistral-Small-24B-Instruct-2501,1,0,1,0,mpfair,0.0,0.0,0.0
2026-08-12 19:46:18,IA55_m-mistral-small-24b_sol1_gd0_rs0_bd1_str-mpfair_t00_n1,655,3,1,mistralai/Mistral-Small-24B-Instruct-2501,1,0,1,0,mpfair,0.0,0.0,0.0
2026-08-12 19:46:37,IA55_m-mistral-small-24b_sol1_gd0_rs0_bd1_str-mpfair_t00_n1,656,1,1,mistralai/Mistral-Small-24B-Instruct-2501,1,0,1,0,mpfair,0.0,12.5,0.0
2026-08-12 19:46:50,IA55_m-mistral-small-24b_sol1_gd0_rs0_bd1_str-mpfair_t00_n1,656,2,1,mistralai/Mistral-Small-24B-Instruct-2501,1,0,1,0,mpfair,0.0,10.0,0.0
2026-08-12 19:47:08,IA55_m-mistral-small-24b_sol1_gd0_rs0_bd1_str-mpfair_t00_n1,656,3,1,mistralai/Mistral-Small-24B-Instruct-2501,1,0,1,0,mpfair,0.0,0.0,0.0
2026-08-12 19:47:26,IA55_m-mistral-small-24b_sol1_gd0_rs0_bd1_str-mpfair_t00_n1,657,1,1,mistralai/Mistral-Small-24B-Instruct-2501,1,0,1,0,mpfair,0.0,14.5,0.0
2026-08-12 19:47:40,IA55_m-mistral-small-24b_sol1_gd0_rs0_bd1_str-mpfair_t00_n1,657,2,1,mistralai/Mistral-Small-24B-Instruct-2501,1,0,1,0,mpfair,0.0,0.0,0.0
2026-08-12 19:47:58,IA55_m-mistral-small-24b_sol1_gd0_rs0_bd1_str-mpfair_t00_n1,657,3,1,mistralai/Mistral-Small-24B-Instruct-2501,1,0,1,0,mpfair,0.0,0.0,0.0
2026-08-12 19:48:17,IA55_m-mistral-small-24b_sol1_gd0_rs0_bd1_str-mpfair_t00_n1,658,1,1,mistralai/Mistral-Small-24B-Instruct-2501,1,0,1,0,mpfair,0.0,10.0,0.0
2026-08-12 19:48:31,IA55_m-mistral-small-24b_sol1_gd0_rs0_bd1_str-mpfair_t00_n1,658,2,1,mistralai/Mistral-Small-24B-Instruct-2501,1,0,1,0,mpfair,0.0,0.0,0.0
2026-08-12 19:48:49,IA55_m-mistral-small-24b_sol1_gd0_rs0_bd1_str-mpfair_t00_n1,658,3,1,mistralai/Mistral-Small-24B-Instruct-2501,1,0,1,0,mpfair,0.0,10.5,0.0
2026-08-12 19:49:07,IA55_m-mistral-small-24b_sol1_gd0_rs0_bd1_str-mpfair_t00_n1,659,1,1,mistralai/Mistral-Small-24B-Instruct-2501,1,0,1,0,mpfair,0.0,10.5,0.0
2026-08-12 19:49:22,IA55_m-mistral-small-24b_sol1_gd0_rs0_bd1_str-mpfair_t00_n1,659,2,1,mistralai/Mistral-Small-24B-Instruct-2501,1,0,1,0,mpfair,0.0,0.0,0.0
2026-08-12 19:49:39,IA55_m-mistral-small-24b_sol1_gd0_rs0_bd1_str-mpfair_t00_n1,659,3,1,mistralai/Mistral-Small-24B-Instruct-2501,1,0,1,0,mpfair,0.0,10.5,0.0
2026-08-12 19:49:57,IA55_m-mistral-small-24b_sol1_gd0_rs0_bd1_str-mpfair_t00_n1,660,1,1,mistralai/Mistral-Small-24B-Instruct-2501,1,0,1,0,mpfair,0.0,10.5,0.0
2026-08-12 19:50:11,IA55_m-mistral-small-24b_sol1_gd0_rs0_bd1_str-mpfair_t00_n1,660,2,1,mistralai/Mistral-Small-24B-Instruct-2501,1,0,1,0,mpfair,0.0,10.0,0.0
2026-08-12 19:50:30,IA55_m-mistral-small-24b_sol1_gd0_rs0_bd1_str-mpfair_t00_n1,660,3,1,mistralai/Mistral-Small-24B-Instruct-2501,1,0,1,0,mpfair,0.0,10.0,0.0
2026-08-12 19:50:50,IA55_m-mistral-small-24b_sol1_gd0_rs0_bd1_str-mpfair_t00_n1,661,1,1,mistralai/Mistral-Small-24B-Instruct-2501,1,0,1,0,mpfair,0.0,10.0,0.0
2026-08-12 19:51:03,IA55_m-mistral-small-24b_sol1_gd0_rs0_bd1_str-mpfair_t00_n1,661,2,1,mistralai/Mistral-Small-24B-Instruct-2501,1,0,1,0,mpfair,0.0,0.0,0.0
2026-08-12 19:51:21,IA55_m-mistral-small-24b_sol1_gd0_rs0_bd1_str-mpfair_t00_n1,661,3,1,mistralai/Mistral-Small-24B-Instruct-2501,1,0,1,0,mpfair,0.0,0.0,0.0
2026-08-12 19:51:40,IA55_m-mistral-small-24b_sol1_gd0_rs0_bd1_str-mpfair_t00_n1,662,1,1,mistralai/Mistral-Small-24B-Instruct-2501,1,0,1,0,mpfair,0.0,12.0,0.0
2026-08-12 19:51:54,IA55_m-mistral-small-24b_sol1_gd0_rs0_bd1_str-mpfair_t00_n1,662,2,1,mistralai/Mistral-Small-24B-Instruct-2501,1,0,1,0,mpfair,0.0,10.0,0.0
2026-08-12 19:52:13,IA55_m-mistral-small-24b_sol1_gd0_rs0_bd1_str-mpfair_t00_n1,662,3,1,mistralai/Mistral-Small-24B-Instruct-2501,1,0,1,0,mpfair,0.0,10.5,0.0
2026-08-12 19:52:31,IA55_m-mistral-small-24b_sol1_gd0_rs0_bd1_str-mpfair_t00_n1,663,1,1,mistralai/Mistral-Small-24B-Instruct-2501,1,0,1,0,mpfair,0.0,15.5,0.0
2026-08-12 19:52:44,IA55_m-mistral-small-24b_sol1_gd0_rs0_bd1_str-mpfair_t00_n1,663,2,1,mistralai/Mistral-Small-24B-Instruct-2501,1,0,1,0,mpfair,0.0,10.0,0.0
2026-08-12 19:53:02,IA55_m-mistral-small-24b_sol1_gd0_rs0_bd1_str-mpfair_t00_n1,663,3,1,mistralai/Mistral-Small-24B-Instruct-2501,1,0,1,0,mpfair,0.0,12.5,0.0
2026-08-12 19:53:19,IA55_m-mistral-small-24b_sol1_gd0_rs0_bd1_str-mpfair_t00_n1,664,1,1,mistralai/Mistral-Small-24B-Instruct-2501,1,0,1,0,mpfair,0.0,18.0,0.0
2026-08-12 19:53:32,IA55_m-mistral-small-24b_sol1_gd0_rs0_bd1_str-mpfair_t00_n1,664,2,1,mistralai/Mistral-Small-24B-Instruct-2501,1,0,1,0,mpfair,0.0,10.0,0.0
2026-08-12 19:53:52,IA55_m-mistral-small-24b_sol1_gd0_rs0_bd1_str-mpfair_t00_n1,664,3,1,mistralai/Mistral-Small-24B-Instruct-2501,1,0,1,0,mpfair,0.0,10.5,0.0
2026-08-12 19:54:10,IA55_m-mistral-small-24b_sol1_gd0_rs0_bd1_str-mpfair_t00_n1,665,1,1,mistralai/Mistral-Small-24B-Instruct-2501,1,0,1,0,mpfair,0.0,10.5,0.0
2026-08-12 19:54:25,IA55_m-mistral-small-24b_sol1_gd0_rs0_bd1_str-mpfair_t00_n1,665,2,1,mistralai/Mistral-Small-24B-Instruct-2501,1,0,1,0,mpfair,0.0,0.0,0.0
2026-08-12 19:54:42,IA55_m-mistral-small-24b_sol1_gd0_rs0_bd1_str-mpfair_t00_n1,665,3,1,mistralai/Mistral-Small-24B-Instruct-2501,1,0,1,0,mpfair,0.0,10.5,0.0
2026-08-12 19:55:01,IA55_m-mistral-small-24b_sol1_gd0_rs0_bd1_str-mpfair_t00_n1,666,1,1,mistralai/Mistral-Small-24B-Instruct-2501,1,0,1,0,mpfair,0.0,10.5,0.0
2026-08-12 19:55:15,IA55_m-mistral-small-24b_sol1_gd0_rs0_bd1_str-mpfair_t00_n1,666,2,1,mistralai/Mistral-Small-24B-Instruct-2501,1,0,1,0,mpfair,0.0,10.0,0.0
2026-08-12 19:55:31,IA55_m-mistral-small-24b_sol1_gd0_rs0_bd1_str-mpfair_t00_n1,666,3,1,mistralai/Mistral-Small-24B-Instruct-2501,1,0,1,0,mpfair,0.0,10.5,0.0
2026-08-12 19:55:49,IA55_m-mistral-small-24b_sol1_gd0_rs0_bd1_str-mpfair_t00_n1,667,1,1,mistralai/Mistral-Small-24B-Instruct-2501,1,0,1,0,mpfair,0.0,0.0,0.0
2026-08-12 19:56:02,IA55_m-mistral-small-24b_sol1_gd0_rs0_bd1_str-mpfair_t00_n1,667,2,1,mistralai/Mistral-Small-24B-Instruct-2501,1,0,1,0,mpfair,0.0,0.0,0.0
2026-08-12 19:56:20,IA55_m-mistral-small-24b_sol1_gd0_rs0_bd1_str-mpfair_t00_n1,667,3,1,mistralai/Mistral-Small-24B-Instruct-2501,1,0,1,0,mpfair,0.0,0.0,0.0
2026-08-12 19:56:38,IA55_m-mistral-small-24b_sol1_gd0_rs0_bd1_str-mpfair_t00_n1,668,1,1,mistralai/Mistral-Small-24B-Instruct-2501,1,0,1,0,mpfair,0.0,10.5,0.0
2026-08-12 19:56:57,IA55_m-mistral-small-24b_sol1_gd0_rs0_bd1_str-mpfair_t00_n1,669,1,1,mistralai/Mistral-Small-24B-Instruct-2501,1,0,1,0,mpfair,0.0,16.5,0.0
2026-08-12 19:57:10,IA55_m-mistral-small-24b_sol1_gd0_rs0_bd1_str-mpfair_t00_n1,669,2,1,mistralai/Mistral-Small-24B-Instruct-2501,1,0,1,0,mpfair,0.0,10.0,0.0
2026-08-12 19:57:28,IA55_m-mistral-small-24b_sol1_gd0_rs0_bd1_str-mpfair_t00_n1,669,3,1,mistralai/Mistral-Small-24B-Instruct-2501,1,0,1,0,mpfair,0.0,10.5,0.0
2026-08-12 19:57:47,IA55_m-mistral-small-24b_sol1_gd0_rs0_bd1_str-mpfair_t00_n1,670,1,1,mistralai/Mistral-Small-24B-Instruct-2501,1,0,1,0,mpfair,0.0,16.0,3.0
2026-08-12 19:58:00,IA55_m-mistral-small-24b_sol1_gd0_rs0_bd1_str-mpfair_t00_n1,670,2,1,mistralai/Mistral-Small-24B-Instruct-2501,1,0,1,0,mpfair,0.0,0.0,0.0
2026-08-12 19:58:18,IA55_m-mistral-small-24b_sol1_gd0_rs0_bd1_str-mpfair_t00_n1,670,3,1,mistralai/Mistral-Small-24B-Instruct-2501,1,0,1,0,mpfair,0.0,15.5,0.0
2026-08-12 19:58:34,IA55_m-mistral-small-24b_sol1_gd0_rs0_bd1_str-mpfair_t00_n1,671,1,1,mistralai/Mistral-Small-24B-Instruct-2501,1,0,1,0,mpfair,0.0,10.5,0.0
2026-08-12 19:58:49,IA55_m-mistral-small-24b_sol1_gd0_rs0_bd1_str-mpfair_t00_n1,671,2,1,mistralai/Mistral-Small-24B-Instruct-2501,1,0,1,0,mpfair,0.0,10.0,0.0
2026-08-12 19:59:08,IA55_m-mistral-small-24b_sol1_gd0_rs0_bd1_str-mpfair_t00_n1,671,3,1,mistralai/Mistral-Small-24B-Instruct-2501,1,0,1,0,mpfair,0.0,10.5,0.0
2026-08-12 19:59:25,IA55_m-mistral-small-24b_sol1_gd0_rs0_bd1_str-mpfair_t00_n1,672,1,1,mistralai/Mistral-Small-24B-Instruct-2501,1,0,1,0,mpfair,0.0,18.0,0.0
2026-08-12 19:59:38,IA55_m-mistral-small-24b_sol1_gd0_rs0_bd1_str-mpfair_t00_n1,672,2,1,mistralai/Mistral-Small-24B-Instruct-2501,1,0,1,0,mpfair,0.0,10.0,0.0
2026-08-12 19:59:58,IA55_m-mistral-small-24b_sol1_gd0_rs0_bd1_str-mpfair_t00_n1,672,3,1,mistralai/Mistral-Small-24B-Instruct-2501,1,0,1,0,mpfair,0.0,10.0,0.0
2026-08-12 20:00:15,IA55_m-mistral-small-24b_sol1_gd0_rs0_bd1_str-mpfair_t00_n1,673,1,1,mistralai/Mistral-Small-24B-Instruct-2501,1,0,1,0,mpfair,0.0,10.5,0.0
2026-08-12 20:00:29,IA55_m-mistral-small-24b_sol1_gd0_rs0_bd1_str-mpfair_t00_n1,673,2,1,mistralai/Mistral-Small-24B-Instruct-2501,1,0,1,0,mpfair,0.0,0.0,0.0
2026-08-12 20:00:46,IA55_m-mistral-small-24b_sol1_gd0_rs0_bd1_str-mpfair_t00_n1,673,3,1,mistralai/Mistral-Small-24B-Instruct-2501,1,0,1,0,mpfair,0.0,0.0,0.0
2026-08-12 20:01:05,IA55_m-mistral-small-24b_sol1_gd0_rs0_bd1_str-mpfair_t00_n1,674,1,1,mistralai/Mistral-Small-24B-Instruct-2501,1,0,1,0,mpfair,0.0,14.5,0.0
2026-08-12 20:01:18,IA55_m-mistral-small-24b_sol1_gd0_rs0_bd1_str-mpfair_t00_n1,674,2,1,mistralai/Mistral-Small-24B-Instruct-2501,1,0,1,0,mpfair,0.0,0.0,0.0
2026-08-12 20:01:37,IA55_m-mistral-small-24b_sol1_gd0_rs0_bd1_str-mpfair_t00_n1,674,3,1,mistralai/Mistral-Small-24B-Instruct-2501,1,0,1,0,mpfair,0.0,10.5,0.0
2026-08-12 20:01:57,IA55_m-mistral-small-24b_sol1_gd0_rs0_bd1_str-mpfair_t00_n1,675,1,1,mistralai/Mistral-Small-24B-Instruct-2501,1,0,1,0,mpfair,0.0,14.5,0.0
2026-08-12 20:02:11,IA55_m-mistral-small-24b_sol1_gd0_rs0_bd1_str-mpfair_t00_n1,675,2,1,mistralai/Mistral-Small-24B-Instruct-2501,1,0,1,0,mpfair,0.0,12.0,3.0
2026-08-12 20:02:29,IA55_m-mistral-small-24b_sol1_gd0_rs0_bd1_str-mpfair_t00_n1,675,3,1,mistralai/Mistral-Small-24B-Instruct-2501,1,0,1,0,mpfair,0.0,14.5,0.0
2026-08-12 20:02:46,IA55_m-mistral-small-24b_sol1_gd0_rs0_bd1_str-mpfair_t00_n1,676,1,1,mistralai/Mistral-Small-24B-Instruct-2501,1,0,1,0,mpfair,0.0,18.0,0.0
2026-08-12 20:03:00,IA55_m-mistral-small-24b_sol1_gd0_rs0_bd1_str-mpfair_t00_n1,676,2,1,mistralai/Mistral-Small-24B-Instruct-2501,1,0,1,0,mpfair,0.0,10.0,0.0
2026-08-12 20:03:17,IA55_m-mistral-small-24b_sol1_gd0_rs0_bd1_str-mpfair_t00_n1,676,3,1,mistralai/Mistral-Small-24B-Instruct-2501,1,0,1,0,mpfair,0.0,10.5,0.0
2026-08-12 20:03:34,IA55_m-mistral-small-24b_sol1_gd0_rs0_bd1_str-mpfair_t00_n1,677,1,1,mistralai/Mistral-Small-24B-Instruct-2501,1,0,1,0,mpfair,0.0,10.5,0.0
2026-08-12 20:03:48,IA55_m-mistral-small-24b_sol1_gd0_rs0_bd1_str-mpfair_t00_n1,677,2,1,mistralai/Mistral-Small-24B-Instruct-2501,1,0,1,0,mpfair,0.0,10.0,0.0
2026-08-12 20:04:08,IA55_m-mistral-small-24b_sol1_gd0_rs0_bd1_str-mpfair_t00_n1,678,1,1,mistralai/Mistral-Small-24B-Instruct-2501,1,0,1,0,mpfair,0.0,10.0,0.0
2026-08-12 20:04:27,IA55_m-mistral-small-24b_sol1_gd0_rs0_bd1_str-mpfair_t00_n1,679,1,1,mistralai/Mistral-Small-24B-Instruct-2501,1,0,1,0,mpfair,0.0,10.0,0.0
2026-08-12 20:04:42,IA55_m-mistral-small-24b_sol1_gd0_rs0_bd1_str-mpfair_t00_n1,679,2,1,mistralai/Mistral-Small-24B-Instruct-2501,1,0,1,0,mpfair,0.0,10.0,0.0
2026-08-12 20:05:00,IA55_m-mistral-small-24b_sol1_gd0_rs0_bd1_str-mpfair_t00_n1,680,1,1,mistralai/Mistral-Small-24B-Instruct-2501,1,0,1,0,mpfair,0.0,10.0,0.0
2026-08-12 20:05:15,IA55_m-mistral-small-24b_sol1_gd0_rs0_bd1_str-mpfair_t00_n1,680,2,1,mistralai/Mistral-Small-24B-Instruct-2501,1,0,1,0,mpfair,0.0,0.0,0.0
2026-08-12 20:05:33,IA55_m-mistral-small-24b_sol1_gd0_rs0_bd1_str-mpfair_t00_n1,680,3,1,mistralai/Mistral-Small-24B-Instruct-2501,1,0,1,0,mpfair,0.0,0.0,0.0
2026-08-12 20:05:50,IA55_m-mistral-small-24b_sol1_gd0_rs0_bd1_str-mpfair_t00_n1,681,1,1,mistralai/Mistral-Small-24B-Instruct-2501,1,0,1,0,mpfair,0.0,12.5,0.0
2026-08-12 20:06:03,IA55_m-mistral-small-24b_sol1_gd0_rs0_bd1_str-mpfair_t00_n1,681,2,1,mistralai/Mistral-Small-24B-Instruct-2501,1,0,1,0,mpfair,0.0,10.0,0.0
2026-08-12 20:06:20,IA55_m-mistral-small-24b_sol1_gd0_rs0_bd1_str-mpfair_t00_n1,681,3,1,mistralai/Mistral-Small-24B-Instruct-2501,1,0,1,0,mpfair,0.0,0.0,0.0
2026-08-12 20:06:37,IA55_m-mistral-small-24b_sol1_gd0_rs0_bd1_str-mpfair_t00_n1,682,1,1,mistralai/Mistral-Small-24B-Instruct-2501,1,0,1,0,mpfair,0.0,10.5,0.0
2026-08-12 20:06:51,IA55_m-mistral-small-24b_sol1_gd0_rs0_bd1_str-mpfair_t00_n1,682,2,1,mistralai/Mistral-Small-24B-Instruct-2501,1,0,1,0,mpfair,0.0,10.0,0.0
2026-08-12 20:07:09,IA55_m-mistral-small-24b_sol1_gd0_rs0_bd1_str-mpfair_t00_n1,682,3,1,mistralai/Mistral-Small-24B-Instruct-2501,1,0,1,0,mpfair,0.0,10.5,0.0
2026-08-12 20:07:26,IA55_m-mistral-small-24b_sol1_gd0_rs0_bd1_str-mpfair_t00_n1,683,1,1,mistralai/Mistral-Small-24B-Instruct-2501,1,0,1,0,mpfair,0.0,15.5,0.0
2026-08-12 20:07:40,IA55_m-mistral-small-24b_sol1_gd0_rs0_bd1_str-mpfair_t00_n1,683,2,1,mistralai/Mistral-Small-24B-Instruct-2501,1,0,1,0,mpfair,0.0,10.0,0.0
2026-08-12 20:07:59,IA55_m-mistral-small-24b_sol1_gd0_rs0_bd1_str-mpfair_t00_n1,683,3,1,mistralai/Mistral-Small-24B-Instruct-2501,1,0,1,0,mpfair,0.0,10.5,0.0
2026-08-12 20:08:16,IA55_m-mistral-small-24b_sol1_gd0_rs0_bd1_str-mpfair_t00_n1,684,1,1,mistralai/Mistral-Small-24B-Instruct-2501,1,0,1,0,mpfair,0.0,10.5,0.0
2026-08-12 20:08:30,IA55_m-mistral-small-24b_sol1_gd0_rs0_bd1_str-mpfair_t00_n1,684,2,1,mistralai/Mistral-Small-24B-Instruct-2501,1,0,1,0,mpfair,0.0,0.0,0.0
2026-08-12 20:08:47,IA55_m-mistral-small-24b_sol1_gd0_rs0_bd1_str-mpfair_t00_n1,684,3,1,mistralai/Mistral-Small-24B-Instruct-2501,1,0,1,0,mpfair,0.0,10.5,0.0
2026-08-12 20:09:06,IA55_m-mistral-small-24b_sol1_gd0_rs0_bd1_str-mpfair_t00_n1,685,1,1,mistralai/Mistral-Small-24B-Instruct-2501,1,0,1,0,mpfair,0.0,1.0,0.0
2026-08-12 20:09:19,IA55_m-mistral-small-24b_sol1_gd0_rs0_bd1_str-mpfair_t00_n1,685,2,1,mistralai/Mistral-Small-24B-Instruct-2501,1,0,1,0,mpfair,0.0,0.0,0.0
2026-08-12 20:09:37,IA55_m-mistral-small-24b_sol1_gd0_rs0_bd1_str-mpfair_t00_n1,685,3,1,mistralai/Mistral-Small-24B-Instruct-2501,1,0,1,0,mpfair,0.0,0.0,0.0
2026-08-12 20:09:58,IA55_m-mistral-small-24b_sol1_gd0_rs0_bd1_str-mpfair_t00_n1,686,1,1,mistralai/Mistral-Small-24B-Instruct-2501,1,0,1,0,mpfair,0.0,19.5,0.0
2026-08-12 20:10:11,IA55_m-mistral-small-24b_sol1_gd0_rs0_bd1_str-mpfair_t00_n1,686,2,1,mistralai/Mistral-Small-24B-Instruct-2501,1,0,1,0,mpfair,0.0,12.0,0.0
2026-08-12 20:10:29,IA55_m-mistral-small-24b_sol1_gd0_rs0_bd1_str-mpfair_t00_n1,686,3,1,mistralai/Mistral-Small-24B-Instruct-2501,1,0,1,0,mpfair,0.0,14.0,0.0
2026-08-12 20:10:46,IA55_m-mistral-small-24b_sol1_gd0_rs0_bd1_str-mpfair_t00_n1,687,1,1,mistralai/Mistral-Small-24B-Instruct-2501,1,0,1,0,mpfair,0.0,10.5,0.0
2026-08-12 20:11:00,IA55_m-mistral-small-24b_sol1_gd0_rs0_bd1_str-mpfair_t00_n1,687,2,1,mistralai/Mistral-Small-24B-Instruct-2501,1,0,1,0,mpfair,0.0,10.0,0.0
2026-08-12 20:11:16,IA55_m-mistral-small-24b_sol1_gd0_rs0_bd1_str-mpfair_t00_n1,687,3,1,mistralai/Mistral-Small-24B-Instruct-2501,1,0,1,0,mpfair,0.0,10.5,0.0
2026-08-12 20:11:34,IA55_m-mistral-small-24b_sol1_gd0_rs0_bd1_str-mpfair_t00_n1,688,1,1,mistralai/Mistral-Small-24B-Instruct-2501,1,0,1,0,mpfair,0.0,12.5,0.0
2026-08-12 20:11:48,IA55_m-mistral-small-24b_sol1_gd0_rs0_bd1_str-mpfair_t00_n1,688,2,1,mistralai/Mistral-Small-24B-Instruct-2501,1,0,1,0,mpfair,0.0,10.0,0.0
2026-08-12 20:12:05,IA55_m-mistral-small-24b_sol1_gd0_rs0_bd1_str-mpfair_t00_n1,688,3,1,mistralai/Mistral-Small-24B-Instruct-2501,1,0,1,0,mpfair,0.0,10.5,0.0
2026-08-12 20:12:24,IA55_m-mistral-small-24b_sol1_gd0_rs0_bd1_str-mpfair_t00_n1,689,1,1,mistralai/Mistral-Small-24B-Instruct-2501,1,0,1,0,mpfair,0.0,13.5,0.0
2026-08-12 20:12:37,IA55_m-mistral-small-24b_sol1_gd0_rs0_bd1_str-mpfair_t00_n1,689,2,1,mistralai/Mistral-Small-24B-Instruct-2501,1,0,1,0,mpfair,0.0,10.0,0.0
2026-08-12 20:12:57,IA55_m-mistral-small-24b_sol1_gd0_rs0_bd1_str-mpfair_t00_n1,689,3,1,mistralai/Mistral-Small-24B-Instruct-2501,1,0,1,0,mpfair,0.0,12.0,0.0
2026-08-12 20:13:16,IA55_m-mistral-small-24b_sol1_gd0_rs0_bd1_str-mpfair_t00_n1,690,1,1,mistralai/Mistral-Small-24B-Instruct-2501,1,0,1,0,mpfair,0.0,16.0,0.0
2026-08-12 20:13:29,IA55_m-mistral-small-24b_sol1_gd0_rs0_bd1_str-mpfair_t00_n1,690,2,1,mistralai/Mistral-Small-24B-Instruct-2501,1,0,1,0,mpfair,0.0,10.0,0.0
2026-08-12 20:13:47,IA55_m-mistral-small-24b_sol1_gd0_rs0_bd1_str-mpfair_t00_n1,690,3,1,mistralai/Mistral-Small-24B-Instruct-2501,1,0,1,0,mpfair,0.0,16.5,0.0
2026-08-12 20:14:05,IA55_m-mistral-small-24b_sol1_gd0_rs0_bd1_str-mpfair_t00_n1,691,1,1,mistralai/Mistral-Small-24B-Instruct-2501,1,0,1,0,mpfair,0.0,12.5,0.0
2026-08-12 20:14:30,IA55_m-mistral-small-24b_sol1_gd0_rs0_bd1_str-mpfair_t00_n1,691,2,1,mistralai/Mistral-Small-24B-Instruct-2501,1,0,1,0,mpfair,0.0,10.0,0.0
2026-08-12 20:14:47,IA55_m-mistral-small-24b_sol1_gd0_rs0_bd1_str-mpfair_t00_n1,691,3,1,mistralai/Mistral-Small-24B-Instruct-2501,1,0,1,0,mpfair,0.0,10.5,0.0
2026-08-12 20:15:06,IA55_m-mistral-small-24b_sol1_gd0_rs0_bd1_str-mpfair_t00_n1,692,1,1,mistralai/Mistral-Small-24B-Instruct-2501,1,0,1,0,mpfair,0.0,16.5,0.0
2026-08-12 20:15:19,IA55_m-mistral-small-24b_sol1_gd0_rs0_bd1_str-mpfair_t00_n1,692,2,1,mistralai/Mistral-Small-24B-Instruct-2501,1,0,1,0,mpfair,0.0,10.0,0.0
2026-08-12 20:15:37,IA55_m-mistral-small-24b_sol1_gd0_rs0_bd1_str-mpfair_t00_n1,692,3,1,mistralai/Mistral-Small-24B-Instruct-2501,1,0,1,0,mpfair,0.0,10.5,0.0
2026-08-12 20:15:54,IA55_m-mistral-small-24b_sol1_gd0_rs0_bd1_str-mpfair_t00_n1,693,1,1,mistralai/Mistral-Small-24B-Instruct-2501,1,0,1,0,mpfair,0.0,10.0,0.0
2026-08-12 20:16:07,IA55_m-mistral-small-24b_sol1_gd0_rs0_bd1_str-mpfair_t00_n1,693,2,1,mistralai/Mistral-Small-24B-Instruct-2501,1,0,1,0,mpfair,0.0,0.0,0.0
2026-08-12 20:16:25,IA55_m-mistral-small-24b_sol1_gd0_rs0_bd1_str-mpfair_t00_n1,693,3,1,mistralai/Mistral-Small-24B-Instruct-2501,1,0,1,0,mpfair,0.0,10.5,0.0
2026-08-12 20:16:43,IA55_m-mistral-small-24b_sol1_gd0_rs0_bd1_str-mpfair_t00_n1,694,1,1,mistralai/Mistral-Small-24B-Instruct-2501,1,0,1,0,mpfair,0.0,14.5,0.0
2026-08-12 20:16:56,IA55_m-mistral-small-24b_sol1_gd0_rs0_bd1_str-mpfair_t00_n1,694,2,1,mistralai/Mistral-Small-24B-Instruct-2501,1,0,1,0,mpfair,0.0,10.0,0.0
2026-08-12 20:17:15,IA55_m-mistral-small-24b_sol1_gd0_rs0_bd1_str-mpfair_t00_n1,694,3,1,mistralai/Mistral-Small-24B-Instruct-2501,1,0,1,0,mpfair,0.0,10.5,0.0
2026-08-12 20:17:34,IA55_m-mistral-small-24b_sol1_gd0_rs0_bd1_str-mpfair_t00_n1,695,1,1,mistralai/Mistral-Small-24B-Instruct-2501,1,0,1,0,mpfair,0.0,10.0,0.0
2026-08-12 20:17:47,IA55_m-mistral-small-24b_sol1_gd0_rs0_bd1_str-mpfair_t00_n1,695,2,1,mistralai/Mistral-Small-24B-Instruct-2501,1,0,1,0,mpfair,0.0,0.0,0.0
2026-08-12 20:18:05,IA55_m-mistral-small-24b_sol1_gd0_rs0_bd1_str-mpfair_t00_n1,695,3,1,mistralai/Mistral-Small-24B-Instruct-2501,1,0,1,0,mpfair,0.0,10.0,0.0
2026-08-12 20:18:23,IA55_m-mistral-small-24b_sol1_gd0_rs0_bd1_str-mpfair_t00_n1,696,1,1,mistralai/Mistral-Small-24B-Instruct-2501,1,0,1,0,mpfair,0.0,10.5,0.0
2026-08-12 20:18:35,IA55_m-mistral-small-24b_sol1_gd0_rs0_bd1_str-mpfair_t00_n1,696,2,1,mistralai/Mistral-Small-24B-Instruct-2501,1,0,1,0,mpfair,0.0,0.0,0.0
2026-08-12 20:18:53,IA55_m-mistral-small-24b_sol1_gd0_rs0_bd1_str-mpfair_t00_n1,696,3,1,mistralai/Mistral-Small-24B-Instruct-2501,1,0,1,0,mpfair,0.0,0.0,0.0
2026-08-12 20:19:11,IA55_m-mistral-small-24b_sol1_gd0_rs0_bd1_str-mpfair_t00_n1,697,1,1,mistralai/Mistral-Small-24B-Instruct-2501,1,0,1,0,mpfair,0.0,10.0,0.0
2026-08-12 20:19:31,IA55_m-mistral-small-24b_sol1_gd0_rs0_bd1_str-mpfair_t00_n1,697,3,1,mistralai/Mistral-Small-24B-Instruct-2501,1,0,1,0,mpfair,0.0,10.5,0.0
2026-08-12 20:19:49,IA55_m-mistral-small-24b_sol1_gd0_rs0_bd1_str-mpfair_t00_n1,698,1,1,mistralai/Mistral-Small-24B-Instruct-2501,1,0,1,0,mpfair,0.0,10.5,0.0
2026-08-12 20:20:03,IA55_m-mistral-small-24b_sol1_gd0_rs0_bd1_str-mpfair_t00_n1,698,2,1,mistralai/Mistral-Small-24B-Instruct-2501,1,0,1,0,mpfair,0.0,10.0,0.0
2026-08-12 20:20:20,IA55_m-mistral-small-24b_sol1_gd0_rs0_bd1_str-mpfair_t00_n1,698,3,1,mistralai/Mistral-Small-24B-Instruct-2501,1,0,1,0,mpfair,0.0,10.5,0.0
2026-08-12 20:20:40,IA55_m-mistral-small-24b_sol1_gd0_rs0_bd1_str-mpfair_t00_n1,699,1,1,mistralai/Mistral-Small-24B-Instruct-2501,1,0,1,0,mpfair,0.0,13.5,0.0
2026-08-12 20:20:53,IA55_m-mistral-small-24b_sol1_gd0_rs0_bd1_str-mpfair_t00_n1,699,2,1,mistralai/Mistral-Small-24B-Instruct-2501,1,0,1,0,mpfair,0.0,0.0,0.0
2026-08-12 20:21:12,IA55_m-mistral-small-24b_sol1_gd0_rs0_bd1_str-mpfair_t00_n1,699,3,1,mistralai/Mistral-Small-24B-Instruct-2501,1,0,1,0,mpfair,0.0,10.5,0.0
2026-08-12 20:21:31,IA55_m-mistral-small-24b_sol1_gd0_rs0_bd1_str-mpfair_t00_n1,700,1,1,mistralai/Mistral-Small-24B-Instruct-2501,1,0,1,0,mpfair,0.0,10.5,0.0
2026-08-12 20:21:44,IA55_m-mistral-small-24b_sol1_gd0_rs0_bd1_str-mpfair_t00_n1,700,2,1,mistralai/Mistral-Small-24B-Instruct-2501,1,0,1,0,mpfair,0.0,0.0,0.0
2026-08-12 20:22:04,IA55_m-mistral-small-24b_sol1_gd0_rs0_bd1_str-mpfair_t00_n1,700,3,1,mistralai/Mistral-Small-24B-Instruct-2501,1,0,1,0,mpfair,0.0,10.5,0.0
2026-08-12 20:22:21,IA55_m-mistral-small-24b_sol1_gd0_rs0_bd1_str-mpfair_t00_n1,701,1,1,mistralai/Mistral-Small-24B-Instruct-2501,1,0,1,0,mpfair,0.0,10.5,0.0
2026-08-12 20:22:36,IA55_m-mistral-small-24b_sol1_gd0_rs0_bd1_str-mpfair_t00_n1,701,2,1,mistralai/Mistral-Small-24B-Instruct-2501,1,0,1,0,mpfair,0.0,10.0,3.0
2026-08-12 20:22:54,IA55_m-mistral-small-24b_sol1_gd0_rs0_bd1_str-mpfair_t00_n1,701,3,1,mistralai/Mistral-Small-24B-Instruct-2501,1,0,1,0,mpfair,0.0,10.5,0.0
2026-08-12 20:23:13,IA55_m-mistral-small-24b_sol1_gd0_rs0_bd1_str-mpfair_t00_n1,702,1,1,mistralai/Mistral-Small-24B-Instruct-2501,1,0,1,0,mpfair,0.0,14.5,0.0
2026-08-12 20:23:27,IA55_m-mistral-small-24b_sol1_gd0_rs0_bd1_str-mpfair_t00_n1,702,2,1,mistralai/Mistral-Small-24B-Instruct-2501,1,0,1,0,mpfair,0.0,10.0,0.0
2026-08-12 20:23:45,IA55_m-mistral-small-24b_sol1_gd0_rs0_bd1_str-mpfair_t00_n1,702,3,1,mistralai/Mistral-Small-24B-Instruct-2501,1,0,1,0,mpfair,0.0,12.5,0.0
2026-08-12 20:24:02,IA55_m-mistral-small-24b_sol1_gd0_rs0_bd1_str-mpfair_t00_n1,703,1,1,mistralai/Mistral-Small-24B-Instruct-2501,1,0,1,0,mpfair,0.0,12.5,0.0
2026-08-12 20:24:16,IA55_m-mistral-small-24b_sol1_gd0_rs0_bd1_str-mpfair_t00_n1,703,2,1,mistralai/Mistral-Small-24B-Instruct-2501,1,0,1,0,mpfair,0.0,0.0,0.0
2026-08-12 20:24:34,IA55_m-mistral-small-24b_sol1_gd0_rs0_bd1_str-mpfair_t00_n1,703,3,1,mistralai/Mistral-Small-24B-Instruct-2501,1,0,1,0,mpfair,0.0,0.0,0.0
2026-08-12 20:24:53,IA55_m-mistral-small-24b_sol1_gd0_rs0_bd1_str-mpfair_t00_n1,704,1,1,mistralai/Mistral-Small-24B-Instruct-2501,1,0,1,0,mpfair,0.0,14.5,0.0
2026-08-12 20:25:06,IA55_m-mistral-small-24b_sol1_gd0_rs0_bd1_str-mpfair_t00_n1,704,2,1,mistralai/Mistral-Small-24B-Instruct-2501,1,0,1,0,mpfair,0.0,0.0,0.0
2026-08-12 20:25:24,IA55_m-mistral-small-24b_sol1_gd0_rs0_bd1_str-mpfair_t00_n1,704,3,1,mistralai/Mistral-Small-24B-Instruct-2501,1,0,1,0,mpfair,0.0,0.0,0.0
2026-08-12 20:25:42,IA55_m-mistral-small-24b_sol1_gd0_rs0_bd1_str-mpfair_t00_n1,705,1,1,mistralai/Mistral-Small-24B-Instruct-2501,1,0,1,0,mpfair,0.0,0.0,0.0
2026-08-12 20:25:53,IA55_m-mistral-small-24b_sol1_gd0_rs0_bd1_str-mpfair_t00_n1,705,2,1,mistralai/Mistral-Small-24B-Instruct-2501,1,0,1,0,mpfair,0.0,0.0,0.0
2026-08-12 20:26:09,IA55_m-mistral-small-24b_sol1_gd0_rs0_bd1_str-mpfair_t00_n1,705,3,1,mistralai/Mistral-Small-24B-Instruct-2501,1,0,1,0,mpfair,0.0,0.0,0.0
2026-08-12 20:26:29,IA55_m-mistral-small-24b_sol1_gd0_rs0_bd1_str-mpfair_t00_n1,706,1,1,mistralai/Mistral-Small-24B-Instruct-2501,1,0,1,0,mpfair,0.0,14.5,3.0
2026-08-12 20:26:43,IA55_m-mistral-small-24b_sol1_gd0_rs0_bd1_str-mpfair_t00_n1,706,2,1,mistralai/Mistral-Small-24B-Instruct-2501,1,0,1,0,mpfair,0.0,10.0,0.0
2026-08-12 20:27:01,IA55_m-mistral-small-24b_sol1_gd0_rs0_bd1_str-mpfair_t00_n1,706,3,1,mistralai/Mistral-Small-24B-Instruct-2501,1,0,1,0,mpfair,0.0,10.5,0.0
2026-08-12 20:27:18,IA55_m-mistral-small-24b_sol1_gd0_rs0_bd1_str-mpfair_t00_n1,707,1,1,mistralai/Mistral-Small-24B-Instruct-2501,1,0,1,0,mpfair,0.0,10.5,0.0
2026-08-12 20:27:32,IA55_m-mistral-small-24b_sol1_gd0_rs0_bd1_str-mpfair_t00_n1,707,2,1,mistralai/Mistral-Small-24B-Instruct-2501,1,0,1,0,mpfair,0.0,0.0,0.0
2026-08-12 20:27:49,IA55_m-mistral-small-24b_sol1_gd0_rs0_bd1_str-mpfair_t00_n1,707,3,1,mistralai/Mistral-Small-24B-Instruct-2501,1,0,1,0,mpfair,0.0,10.5,0.0
2026-08-12 20:28:08,IA55_m-mistral-small-24b_sol1_gd0_rs0_bd1_str-mpfair_t00_n1,708,1,1,mistralai/Mistral-Small-24B-Instruct-2501,1,0,1,0,mpfair,0.0,10.5,0.0
2026-08-12 20:28:21,IA55_m-mistral-small-24b_sol1_gd0_rs0_bd1_str-mpfair_t00_n1,708,2,1,mistralai/Mistral-Small-24B-Instruct-2501,1,0,1,0,mpfair,0.0,10.0,0.0
2026-08-12 20:28:40,IA55_m-mistral-small-24b_sol1_gd0_rs0_bd1_str-mpfair_t00_n1,708,3,1,mistralai/Mistral-Small-24B-Instruct-2501,1,0,1,0,mpfair,0.0,10.5,0.0
2026-08-12 20:28:59,IA55_m-mistral-small-24b_sol1_gd0_rs0_bd1_str-mpfair_t00_n1,709,1,1,mistralai/Mistral-Small-24B-Instruct-2501,1,0,1,0,mpfair,0.0,10.0,0.0
2026-08-12 20:29:12,IA55_m-mistral-small-24b_sol1_gd0_rs0_bd1_str-mpfair_t00_n1,709,2,1,mistralai/Mistral-Small-24B-Instruct-2501,1,0,1,0,mpfair,0.0,0.0,0.0
2026-08-12 20:29:31,IA55_m-mistral-small-24b_sol1_gd0_rs0_bd1_str-mpfair_t00_n1,709,3,1,mistralai/Mistral-Small-24B-Instruct-2501,1,0,1,0,mpfair,0.0,0.0,0.0
2026-08-12 20:29:50,IA55_m-mistral-small-24b_sol1_gd0_rs0_bd1_str-mpfair_t00_n1,710,1,1,mistralai/Mistral-Small-24B-Instruct-2501,1,0,1,0,mpfair,0.0,10.0,0.0
2026-08-12 20:30:04,IA55_m-mistral-small-24b_sol1_gd0_rs0_bd1_str-mpfair_t00_n1,710,2,1,mistralai/Mistral-Small-24B-Instruct-2501,1,0,1,0,mpfair,0.0,10.0,0.0
2026-08-12 20:30:23,IA55_m-mistral-small-24b_sol1_gd0_rs0_bd1_str-mpfair_t00_n1,710,3,1,mistralai/Mistral-Small-24B-Instruct-2501,1,0,1,0,mpfair,0.0,10.5,0.0
2026-08-12 20:30:41,IA55_m-mistral-small-24b_sol1_gd0_rs0_bd1_str-mpfair_t00_n1,711,1,1,mistralai/Mistral-Small-24B-Instruct-2501,1,0,1,0,mpfair,0.0,10.5,0.0
2026-08-12 20:30:55,IA55_m-mistral-small-24b_sol1_gd0_rs0_bd1_str-mpfair_t00_n1,711,2,1,mistralai/Mistral-Small-24B-Instruct-2501,1,0,1,0,mpfair,0.0,0.0,0.0
2026-08-12 20:31:11,IA55_m-mistral-small-24b_sol1_gd0_rs0_bd1_str-mpfair_t00_n1,711,3,1,mistralai/Mistral-Small-24B-Instruct-2501,1,0,1,0,mpfair,0.0,0.0,0.0
2026-08-12 20:31:28,IA55_m-mistral-small-24b_sol1_gd0_rs0_bd1_str-mpfair_t00_n1,712,1,1,mistralai/Mistral-Small-24B-Instruct-2501,1,0,1,0,mpfair,0.0,10.5,0.0
2026-08-12 20:31:41,IA55_m-mistral-small-24b_sol1_gd0_rs0_bd1_str-mpfair_t00_n1,712,2,1,mistralai/Mistral-Small-24B-Instruct-2501,1,0,1,0,mpfair,0.0,0.0,0.0
2026-08-12 20:31:59,IA55_m-mistral-small-24b_sol1_gd0_rs0_bd1_str-mpfair_t00_n1,712,3,1,mistralai/Mistral-Small-24B-Instruct-2501,1,0,1,0,mpfair,0.0,0.0,0.0
2026-08-12 20:32:17,IA55_m-mistral-small-24b_sol1_gd0_rs0_bd1_str-mpfair_t00_n1,713,1,1,mistralai/Mistral-Small-24B-Instruct-2501,1,0,1,0,mpfair,0.0,10.5,0.0
2026-08-12 20:32:29,IA55_m-mistral-small-24b_sol1_gd0_rs0_bd1_str-mpfair_t00_n1,713,2,1,mistralai/Mistral-Small-24B-Instruct-2501,1,0,1,0,mpfair,0.0,0.0,0.0
2026-08-12 20:32:47,IA55_m-mistral-small-24b_sol1_gd0_rs0_bd1_str-mpfair_t00_n1,713,3,1,mistralai/Mistral-Small-24B-Instruct-2501,1,0,1,0,mpfair,0.0,0.0,0.0
2026-08-12 20:33:07,IA55_m-mistral-small-24b_sol1_gd0_rs0_bd1_str-mpfair_t00_n1,714,1,1,mistralai/Mistral-Small-24B-Instruct-2501,1,0,1,0,mpfair,0.0,12.0,0.0
2026-08-12 20:33:20,IA55_m-mistral-small-24b_sol1_gd0_rs0_bd1_str-mpfair_t00_n1,714,2,1,mistralai/Mistral-Small-24B-Instruct-2501,1,0,1,0,mpfair,0.0,0.0,0.0
2026-08-12 20:33:37,IA55_m-mistral-small-24b_sol1_gd0_rs0_bd1_str-mpfair_t00_n1,714,3,1,mistralai/Mistral-Small-24B-Instruct-2501,1,0,1,0,mpfair,0.0,10.5,0.0
2026-08-12 20:33:56,IA55_m-mistral-small-24b_sol1_gd0_rs0_bd1_str-mpfair_t00_n1,715,1,1,mistralai/Mistral-Small-24B-Instruct-2501,1,0,1,0,mpfair,0.0,0.0,0.0
2026-08-12 20:34:09,IA55_m-mistral-small-24b_sol1_gd0_rs0_bd1_str-mpfair_t00_n1,715,2,1,mistralai/Mistral-Small-24B-Instruct-2501,1,0,1,0,mpfair,0.0,0.0,0.0
2026-08-12 20:34:26,IA55_m-mistral-small-24b_sol1_gd0_rs0_bd1_str-mpfair_t00_n1,715,3,1,mistralai/Mistral-Small-24B-Instruct-2501,1,0,1,0,mpfair,0.0,10.5,0.0
2026-08-12 20:34:43,IA55_m-mistral-small-24b_sol1_gd0_rs0_bd1_str-mpfair_t00_n1,716,1,1,mistralai/Mistral-Small-24B-Instruct-2501,1,0,1,0,mpfair,0.0,10.5,0.0
2026-08-12 20:34:56,IA55_m-mistral-small-24b_sol1_gd0_rs0_bd1_str-mpfair_t00_n1,716,2,1,mistralai/Mistral-Small-24B-Instruct-2501,1,0,1,0,mpfair,0.0,0.0,0.0
2026-08-12 20:35:15,IA55_m-mistral-small-24b_sol1_gd0_rs0_bd1_str-mpfair_t00_n1,716,3,1,mistralai/Mistral-Small-24B-Instruct-2501,1,0,1,0,mpfair,0.0,0.0,0.0
2026-08-12 20:35:32,IA55_m-mistral-small-24b_sol1_gd0_rs0_bd1_str-mpfair_t00_n1,717,1,1,mistralai/Mistral-Small-24B-Instruct-2501,1,0,1,0,mpfair,0.0,10.5,0.0
2026-08-12 20:35:46,IA55_m-mistral-small-24b_sol1_gd0_rs0_bd1_str-mpfair_t00_n1,717,2,1,mistralai/Mistral-Small-24B-Instruct-2501,1,0,1,0,mpfair,0.0,0.0,0.0
2026-08-12 20:36:04,IA55_m-mistral-small-24b_sol1_gd0_rs0_bd1_str-mpfair_t00_n1,717,3,1,mistralai/Mistral-Small-24B-Instruct-2501,1,0,1,0,mpfair,0.0,10.5,0.0
2026-08-12 20:36:24,IA55_m-mistral-small-24b_sol1_gd0_rs0_bd1_str-mpfair_t00_n1,718,1,1,mistralai/Mistral-Small-24B-Instruct-2501,1,0,1,0,mpfair,0.0,14.0,0.0
2026-08-12 20:36:38,IA55_m-mistral-small-24b_sol1_gd0_rs0_bd1_str-mpfair_t00_n1,718,2,1,mistralai/Mistral-Small-24B-Instruct-2501,1,0,1,0,mpfair,0.0,10.0,0.0
2026-08-12 20:36:58,IA55_m-mistral-small-24b_sol1_gd0_rs0_bd1_str-mpfair_t00_n1,718,3,1,mistralai/Mistral-Small-24B-Instruct-2501,1,0,1,0,mpfair,0.0,10.5,0.0
2026-08-12 20:37:16,IA55_m-mistral-small-24b_sol1_gd0_rs0_bd1_str-mpfair_t00_n1,719,1,1,mistralai/Mistral-Small-24B-Instruct-2501,1,0,1,0,mpfair,0.0,14.5,0.0
2026-08-12 20:37:30,IA55_m-mistral-small-24b_sol1_gd0_rs0_bd1_str-mpfair_t00_n1,719,2,1,mistralai/Mistral-Small-24B-Instruct-2501,1,0,1,0,mpfair,0.0,0.0,0.0
2026-08-12 20:37:48,IA55_m-mistral-small-24b_sol1_gd0_rs0_bd1_str-mpfair_t00_n1,719,3,1,mistralai/Mistral-Small-24B-Instruct-2501,1,0,1,0,mpfair,0.0,10.5,0.0
2026-08-12 20:38:05,IA55_m-mistral-small-24b_sol1_gd0_rs0_bd1_str-mpfair_t00_n1,720,1,1,mistralai/Mistral-Small-24B-Instruct-2501,1,0,1,0,mpfair,0.0,10.5,0.0
2026-08-12 20:38:21,IA55_m-mistral-small-24b_sol1_gd0_rs0_bd1_str-mpfair_t00_n1,720,2,1,mistralai/Mistral-Small-24B-Instruct-2501,1,0,1,0,mpfair,0.0,10.0,0.0
2026-08-12 20:38:38,IA55_m-mistral-small-24b_sol1_gd0_rs0_bd1_str-mpfair_t00_n1,720,3,1,mistralai/Mistral-Small-24B-Instruct-2501,1,0,1,0,mpfair,0.0,10.5,0.0
2026-08-12 20:38:56,IA55_m-mistral-small-24b_sol1_gd0_rs0_bd1_str-mpfair_t00_n1,721,1,1,mistralai/Mistral-Small-24B-Instruct-2501,1,0,1,0,mpfair,0.0,10.0,0.0
2026-08-12 20:39:10,IA55_m-mistral-small-24b_sol1_gd0_rs0_bd1_str-mpfair_t00_n1,721,2,1,mistralai/Mistral-Small-24B-Instruct-2501,1,0,1,0,mpfair,0.0,0.0,0.0
2026-08-12 20:39:27,IA55_m-mistral-small-24b_sol1_gd0_rs0_bd1_str-mpfair_t00_n1,721,3,1,mistralai/Mistral-Small-24B-Instruct-2501,1,0,1,0,mpfair,0.0,10.5,0.0
2026-08-12 20:39:44,IA55_m-mistral-small-24b_sol1_gd0_rs0_bd1_str-mpfair_t00_n1,722,1,1,mistralai/Mistral-Small-24B-Instruct-2501,1,0,1,0,mpfair,0.0,10.5,0.0
2026-08-12 20:40:03,IA55_m-mistral-small-24b_sol1_gd0_rs0_bd1_str-mpfair_t00_n1,722,3,1,mistralai/Mistral-Small-24B-Instruct-2501,1,0,1,0,mpfair,0.0,0.0,0.0
2026-08-12 20:40:19,IA55_m-mistral-small-24b_sol1_gd0_rs0_bd1_str-mpfair_t00_n1,723,1,1,mistralai/Mistral-Small-24B-Instruct-2501,1,0,1,0,mpfair,0.0,10.5,0.0
2026-08-12 20:40:33,IA55_m-mistral-small-24b_sol1_gd0_rs0_bd1_str-mpfair_t00_n1,723,2,1,mistralai/Mistral-Small-24B-Instruct-2501,1,0,1,0,mpfair,0.0,10.0,0.0
2026-08-12 20:40:51,IA55_m-mistral-small-24b_sol1_gd0_rs0_bd1_str-mpfair_t00_n1,723,3,1,mistralai/Mistral-Small-24B-Instruct-2501,1,0,1,0,mpfair,0.0,10.5,0.0
2026-08-12 20:41:09,IA55_m-mistral-small-24b_sol1_gd0_rs0_bd1_str-mpfair_t00_n1,724,1,1,mistralai/Mistral-Small-24B-Instruct-2501,1,0,1,0,mpfair,0.0,10.5,0.0
2026-08-12 20:41:21,IA55_m-mistral-small-24b_sol1_gd0_rs0_bd1_str-mpfair_t00_n1,724,2,1,mistralai/Mistral-Small-24B-Instruct-2501,1,0,1,0,mpfair,0.0,0.0,0.0
2026-08-12 20:41:38,IA55_m-mistral-small-24b_sol1_gd0_rs0_bd1_str-mpfair_t00_n1,724,3,1,mistralai/Mistral-Small-24B-Instruct-2501,1,0,1,0,mpfair,0.0,10.5,0.0
2026-08-12 20:41:56,IA55_m-mistral-small-24b_sol1_gd0_rs0_bd1_str-mpfair_t00_n1,725,1,1,mistralai/Mistral-Small-24B-Instruct-2501,1,0,1,0,mpfair,0.0,12.5,0.0
2026-08-12 20:42:15,IA55_m-mistral-small-24b_sol1_gd0_rs0_bd1_str-mpfair_t00_n1,725,3,1,mistralai/Mistral-Small-24B-Instruct-2501,1,0,1,0,mpfair,0.0,0.0,0.0
2026-08-12 20:42:33,IA55_m-mistral-small-24b_sol1_gd0_rs0_bd1_str-mpfair_t00_n1,726,1,1,mistralai/Mistral-Small-24B-Instruct-2501,1,0,1,0,mpfair,0.0,13.5,0.0
2026-08-12 20:42:47,IA55_m-mistral-small-24b_sol1_gd0_rs0_bd1_str-mpfair_t00_n1,726,2,1,mistralai/Mistral-Small-24B-Instruct-2501,1,0,1,0,mpfair,0.0,0.0,0.0
2026-08-12 20:43:05,IA55_m-mistral-small-24b_sol1_gd0_rs0_bd1_str-mpfair_t00_n1,726,3,1,mistralai/Mistral-Small-24B-Instruct-2501,1,0,1,0,mpfair,0.0,10.5,0.0
2026-08-12 20:43:24,IA55_m-mistral-small-24b_sol1_gd0_rs0_bd1_str-mpfair_t00_n1,727,1,1,mistralai/Mistral-Small-24B-Instruct-2501,1,0,1,0,mpfair,0.0,10.0,0.0
2026-08-12 20:43:38,IA55_m-mistral-small-24b_sol1_gd0_rs0_bd1_str-mpfair_t00_n1,727,2,1,mistralai/Mistral-Small-24B-Instruct-2501,1,0,1,0,mpfair,0.0,10.0,0.0
2026-08-12 20:43:56,IA55_m-mistral-small-24b_sol1_gd0_rs0_bd1_str-mpfair_t00_n1,727,3,1,mistralai/Mistral-Small-24B-Instruct-2501,1,0,1,0,mpfair,0.0,0.0,0.0
2026-08-12 20:44:15,IA55_m-mistral-small-24b_sol1_gd0_rs0_bd1_str-mpfair_t00_n1,728,1,1,mistralai/Mistral-Small-24B-Instruct-2501,1,0,1,0,mpfair,0.0,1.0,0.0
2026-08-12 20:44:29,IA55_m-mistral-small-24b_sol1_gd0_rs0_bd1_str-mpfair_t00_n1,728,2,1,mistralai/Mistral-Small-24B-Instruct-2501,1,0,1,0,mpfair,0.0,0.0,0.0
2026-08-12 20:44:48,IA55_m-mistral-small-24b_sol1_gd0_rs0_bd1_str-mpfair_t00_n1,728,3,1,mistralai/Mistral-Small-24B-Instruct-2501,1,0,1,0,mpfair,0.0,0.0,0.0
2026-08-12 20:45:06,IA55_m-mistral-small-24b_sol1_gd0_rs0_bd1_str-mpfair_t00_n1,729,1,1,mistralai/Mistral-Small-24B-Instruct-2501,1,0,1,0,mpfair,0.0,14.5,0.0
2026-08-12 20:45:21,IA55_m-mistral-small-24b_sol1_gd0_rs0_bd1_str-mpfair_t00_n1,729,2,1,mistralai/Mistral-Small-24B-Instruct-2501,1,0,1,0,mpfair,0.0,0.0,0.0
2026-08-12 20:45:39,IA55_m-mistral-small-24b_sol1_gd0_rs0_bd1_str-mpfair_t00_n1,729,3,1,mistralai/Mistral-Small-24B-Instruct-2501,1,0,1,0,mpfair,0.0,10.5,0.0
2026-08-12 20:45:59,IA55_m-mistral-small-24b_sol1_gd0_rs0_bd1_str-mpfair_t00_n1,730,1,1,mistralai/Mistral-Small-24B-Instruct-2501,1,0,1,0,mpfair,0.0,18.0,0.0
2026-08-12 20:46:13,IA55_m-mistral-small-24b_sol1_gd0_rs0_bd1_str-mpfair_t00_n1,730,2,1,mistralai/Mistral-Small-24B-Instruct-2501,1,0,1,0,mpfair,0.0,0.0,0.0
2026-08-12 20:46:31,IA55_m-mistral-small-24b_sol1_gd0_rs0_bd1_str-mpfair_t00_n1,730,3,1,mistralai/Mistral-Small-24B-Instruct-2501,1,0,1,0,mpfair,0.0,10.5,0.0
2026-08-12 20:46:50,IA55_m-mistral-small-24b_sol1_gd0_rs0_bd1_str-mpfair_t00_n1,731,1,1,mistralai/Mistral-Small-24B-Instruct-2501,1,0,1,0,mpfair,0.0,12.0,0.0
2026-08-12 20:47:11,IA55_m-mistral-small-24b_sol1_gd0_rs0_bd1_str-mpfair_t00_n1,731,2,1,mistralai/Mistral-Small-24B-Instruct-2501,1,0,1,0,mpfair,0.0,10.0,0.0
2026-08-12 20:47:28,IA55_m-mistral-small-24b_sol1_gd0_rs0_bd1_str-mpfair_t00_n1,731,3,1,mistralai/Mistral-Small-24B-Instruct-2501,1,0,1,0,mpfair,0.0,10.5,0.0
2026-08-12 20:47:44,IA55_m-mistral-small-24b_sol1_gd0_rs0_bd1_str-mpfair_t00_n1,732,1,1,mistralai/Mistral-Small-24B-Instruct-2501,1,0,1,0,mpfair,0.0,10.5,0.0
2026-08-12 20:47:57,IA55_m-mistral-small-24b_sol1_gd0_rs0_bd1_str-mpfair_t00_n1,732,2,1,mistralai/Mistral-Small-24B-Instruct-2501,1,0,1,0,mpfair,0.0,0.0,0.0
2026-08-12 20:48:16,IA55_m-mistral-small-24b_sol1_gd0_rs0_bd1_str-mpfair_t00_n1,732,3,1,mistralai/Mistral-Small-24B-Instruct-2501,1,0,1,0,mpfair,0.0,0.0,0.0
2026-08-12 20:48:35,IA55_m-mistral-small-24b_sol1_gd0_rs0_bd1_str-mpfair_t00_n1,733,1,1,mistralai/Mistral-Small-24B-Instruct-2501,1,0,1,0,mpfair,0.0,12.5,0.0
2026-08-12 20:48:49,IA55_m-mistral-small-24b_sol1_gd0_rs0_bd1_str-mpfair_t00_n1,733,2,1,mistralai/Mistral-Small-24B-Instruct-2501,1,0,1,0,mpfair,0.0,10.0,0.0
2026-08-12 20:49:07,IA55_m-mistral-small-24b_sol1_gd0_rs0_bd1_str-mpfair_t00_n1,733,3,1,mistralai/Mistral-Small-24B-Instruct-2501,1,0,1,0,mpfair,0.0,10.5,0.0
2026-08-12 20:49:26,IA55_m-mistral-small-24b_sol1_gd0_rs0_bd1_str-mpfair_t00_n1,734,1,1,mistralai/Mistral-Small-24B-Instruct-2501,1,0,1,0,mpfair,0.0,10.5,0.0
2026-08-12 20:49:48,IA55_m-mistral-small-24b_sol1_gd0_rs0_bd1_str-mpfair_t00_n1,734,2,1,mistralai/Mistral-Small-24B-Instruct-2501,1,0,1,0,mpfair,0.0,10.0,0.0
2026-08-12 20:50:07,IA55_m-mistral-small-24b_sol1_gd0_rs0_bd1_str-mpfair_t00_n1,734,3,1,mistralai/Mistral-Small-24B-Instruct-2501,1,0,1,0,mpfair,0.0,1.0,0.0
2026-08-12 20:50:26,IA55_m-mistral-small-24b_sol1_gd0_rs0_bd1_str-mpfair_t00_n1,735,1,1,mistralai/Mistral-Small-24B-Instruct-2501,1,0,1,0,mpfair,0.0,13.5,0.0
2026-08-12 20:50:39,IA55_m-mistral-small-24b_sol1_gd0_rs0_bd1_str-mpfair_t00_n1,735,2,1,mistralai/Mistral-Small-24B-Instruct-2501,1,0,1,0,mpfair,0.0,10.0,0.0
2026-08-12 20:50:57,IA55_m-mistral-small-24b_sol1_gd0_rs0_bd1_str-mpfair_t00_n1,735,3,1,mistralai/Mistral-Small-24B-Instruct-2501,1,0,1,0,mpfair,0.0,10.5,0.0
2026-08-12 20:51:16,IA55_m-mistral-small-24b_sol1_gd0_rs0_bd1_str-mpfair_t00_n1,736,1,1,mistralai/Mistral-Small-24B-Instruct-2501,1,0,1,0,mpfair,0.0,10.5,0.0
2026-08-12 20:51:30,IA55_m-mistral-small-24b_sol1_gd0_rs0_bd1_str-mpfair_t00_n1,736,2,1,mistralai/Mistral-Small-24B-Instruct-2501,1,0,1,0,mpfair,0.0,0.0,0.0
2026-08-12 20:51:48,IA55_m-mistral-small-24b_sol1_gd0_rs0_bd1_str-mpfair_t00_n1,736,3,1,mistralai/Mistral-Small-24B-Instruct-2501,1,0,1,0,mpfair,0.0,0.0,0.0
2026-08-12 20:52:04,IA55_m-mistral-small-24b_sol1_gd0_rs0_bd1_str-mpfair_t00_n1,737,1,1,mistralai/Mistral-Small-24B-Instruct-2501,1,0,1,0,mpfair,0.0,0.0,0.0
2026-08-12 20:52:17,IA55_m-mistral-small-24b_sol1_gd0_rs0_bd1_str-mpfair_t00_n1,737,2,1,mistralai/Mistral-Small-24B-Instruct-2501,1,0,1,0,mpfair,0.0,0.0,0.0
2026-08-12 20:52:37,IA55_m-mistral-small-24b_sol1_gd0_rs0_bd1_str-mpfair_t00_n1,737,3,1,mistralai/Mistral-Small-24B-Instruct-2501,1,0,1,0,mpfair,0.0,0.0,0.0
2026-08-12 20:52:55,IA55_m-mistral-small-24b_sol1_gd0_rs0_bd1_str-mpfair_t00_n1,738,1,1,mistralai/Mistral-Small-24B-Instruct-2501,1,0,1,0,mpfair,0.0,13.5,0.0
2026-08-12 20:53:09,IA55_m-mistral-small-24b_sol1_gd0_rs0_bd1_str-mpfair_t00_n1,738,2,1,mistralai/Mistral-Small-24B-Instruct-2501,1,0,1,0,mpfair,0.0,10.0,0.0
2026-08-12 20:53:28,IA55_m-mistral-small-24b_sol1_gd0_rs0_bd1_str-mpfair_t00_n1,738,3,1,mistralai/Mistral-Small-24B-Instruct-2501,1,0,1,0,mpfair,0.0,10.5,0.0
2026-08-12 20:53:48,IA55_m-mistral-small-24b_sol1_gd0_rs0_bd1_str-mpfair_t00_n1,739,1,1,mistralai/Mistral-Small-24B-Instruct-2501,1,0,1,0,mpfair,0.0,10.0,0.0
2026-08-12 20:54:02,IA55_m-mistral-small-24b_sol1_gd0_rs0_bd1_str-mpfair_t00_n1,739,2,1,mistralai/Mistral-Small-24B-Instruct-2501,1,0,1,0,mpfair,0.0,0.0,0.0
2026-08-12 20:54:19,IA55_m-mistral-small-24b_sol1_gd0_rs0_bd1_str-mpfair_t00_n1,739,3,1,mistralai/Mistral-Small-24B-Instruct-2501,1,0,1,0,mpfair,0.0,10.5,0.0
2026-08-12 20:54:36,IA55_m-mistral-small-24b_sol1_gd0_rs0_bd1_str-mpfair_t00_n1,740,1,1,mistralai/Mistral-Small-24B-Instruct-2501,1,0,1,0,mpfair,0.0,10.5,0.0
2026-08-12 20:54:50,IA55_m-mistral-small-24b_sol1_gd0_rs0_bd1_str-mpfair_t00_n1,740,2,1,mistralai/Mistral-Small-24B-Instruct-2501,1,0,1,0,mpfair,0.0,0.0,0.0
2026-08-12 20:55:08,IA55_m-mistral-small-24b_sol1_gd0_rs0_bd1_str-mpfair_t00_n1,740,3,1,mistralai/Mistral-Small-24B-Instruct-2501,1,0,1,0,mpfair,0.0,0.0,0.0
2026-08-12 20:55:28,IA55_m-mistral-small-24b_sol1_gd0_rs0_bd1_str-mpfair_t00_n1,741,3,1,mistralai/Mistral-Small-24B-Instruct-2501,1,0,1,0,mpfair,0.0,10.5,0.0
2026-08-12 20:55:46,IA55_m-mistral-small-24b_sol1_gd0_rs0_bd1_str-mpfair_t00_n1,742,1,1,mistralai/Mistral-Small-24B-Instruct-2501,1,0,1,0,mpfair,0.0,10.5,0.0
2026-08-12 20:56:00,IA55_m-mistral-small-24b_sol1_gd0_rs0_bd1_str-mpfair_t00_n1,742,2,1,mistralai/Mistral-Small-24B-Instruct-2501,1,0,1,0,mpfair,0.0,0.0,0.0
2026-08-12 20:56:18,IA55_m-mistral-small-24b_sol1_gd0_rs0_bd1_str-mpfair_t00_n1,742,3,1,mistralai/Mistral-Small-24B-Instruct-2501,1,0,1,0,mpfair,0.0,10.5,0.0
2026-08-12 20:56:36,IA55_m-mistral-small-24b_sol1_gd0_rs0_bd1_str-mpfair_t00_n1,743,1,1,mistralai/Mistral-Small-24B-Instruct-2501,1,0,1,0,mpfair,0.0,13.0,0.0
2026-08-12 20:56:50,IA55_m-mistral-small-24b_sol1_gd0_rs0_bd1_str-mpfair_t00_n1,743,2,1,mistralai/Mistral-Small-24B-Instruct-2501,1,0,1,0,mpfair,0.0,10.0,0.0
2026-08-12 20:57:08,IA55_m-mistral-small-24b_sol1_gd0_rs0_bd1_str-mpfair_t00_n1,743,3,1,mistralai/Mistral-Small-24B-Instruct-2501,1,0,1,0,mpfair,0.0,0.0,0.0
2026-08-12 20:57:27,IA55_m-mistral-small-24b_sol1_gd0_rs0_bd1_str-mpfair_t00_n1,744,1,1,mistralai/Mistral-Small-24B-Instruct-2501,1,0,1,0,mpfair,0.0,1.0,0.0
2026-08-12 20:57:40,IA55_m-mistral-small-24b_sol1_gd0_rs0_bd1_str-mpfair_t00_n1,744,2,1,mistralai/Mistral-Small-24B-Instruct-2501,1,0,1,0,mpfair,0.0,0.0,0.0
2026-08-12 20:57:58,IA55_m-mistral-small-24b_sol1_gd0_rs0_bd1_str-mpfair_t00_n1,744,3,1,mistralai/Mistral-Small-24B-Instruct-2501,1,0,1,0,mpfair,0.0,0.0,0.0
2026-08-12 20:58:15,IA55_m-mistral-small-24b_sol1_gd0_rs0_bd1_str-mpfair_t00_n1,745,1,1,mistralai/Mistral-Small-24B-Instruct-2501,1,0,1,0,mpfair,0.0,10.5,0.0
2026-08-12 20:58:29,IA55_m-mistral-small-24b_sol1_gd0_rs0_bd1_str-mpfair_t00_n1,745,2,1,mistralai/Mistral-Small-24B-Instruct-2501,1,0,1,0,mpfair,0.0,0.0,0.0
2026-08-12 20:58:48,IA55_m-mistral-small-24b_sol1_gd0_rs0_bd1_str-mpfair_t00_n1,745,3,1,mistralai/Mistral-Small-24B-Instruct-2501,1,0,1,0,mpfair,0.0,10.0,0.0
2026-08-12 20:59:07,IA55_m-mistral-small-24b_sol1_gd0_rs0_bd1_str-mpfair_t00_n1,746,1,1,mistralai/Mistral-Small-24B-Instruct-2501,1,0,1,0,mpfair,0.0,15.5,0.0
2026-08-12 20:59:22,IA55_m-mistral-small-24b_sol1_gd0_rs0_bd1_str-mpfair_t00_n1,746,2,1,mistralai/Mistral-Small-24B-Instruct-2501,1,0,1,0,mpfair,0.0,0.0,0.0
2026-08-12 20:59:41,IA55_m-mistral-small-24b_sol1_gd0_rs0_bd1_str-mpfair_t00_n1,746,3,1,mistralai/Mistral-Small-24B-Instruct-2501,1,0,1,0,mpfair,0.0,10.5,0.0
2026-08-12 20:59:58,IA55_m-mistral-small-24b_sol1_gd0_rs0_bd1_str-mpfair_t00_n1,747,1,1,mistralai/Mistral-Small-24B-Instruct-2501,1,0,1,0,mpfair,0.0,10.5,0.0
2026-08-12 21:00:12,IA55_m-mistral-small-24b_sol1_gd0_rs0_bd1_str-mpfair_t00_n1,747,2,1,mistralai/Mistral-Small-24B-Instruct-2501,1,0,1,0,mpfair,0.0,10.0,0.0
2026-08-12 21:00:30,IA55_m-mistral-small-24b_sol1_gd0_rs0_bd1_str-mpfair_t00_n1,747,3,1,mistralai/Mistral-Small-24B-Instruct-2501,1,0,1,0,mpfair,0.0,10.5,0.0
2026-08-12 21:00:47,IA55_m-mistral-small-24b_sol1_gd0_rs0_bd1_str-mpfair_t00_n1,748,1,1,mistralai/Mistral-Small-24B-Instruct-2501,1,0,1,0,mpfair,0.0,19.5,3.0
2026-08-12 21:01:00,IA55_m-mistral-small-24b_sol1_gd0_rs0_bd1_str-mpfair_t00_n1,748,2,1,mistralai/Mistral-Small-24B-Instruct-2501,1,0,1,0,mpfair,0.0,12.0,3.0
2026-08-12 21:01:19,IA55_m-mistral-small-24b_sol1_gd0_rs0_bd1_str-mpfair_t00_n1,748,3,1,mistralai/Mistral-Small-24B-Instruct-2501,1,0,1,0,mpfair,0.0,12.5,0.0
2026-08-12 21:01:38,IA55_m-mistral-small-24b_sol1_gd0_rs0_bd1_str-mpfair_t00_n1,749,1,1,mistralai/Mistral-Small-24B-Instruct-2501,1,0,1,0,mpfair,0.0,10.0,0.0
2026-08-12 21:01:52,IA55_m-mistral-small-24b_sol1_gd0_rs0_bd1_str-mpfair_t00_n1,749,2,1,mistralai/Mistral-Small-24B-Instruct-2501,1,0,1,0,mpfair,0.0,10.0,0.0
2026-08-12 21:02:09,IA55_m-mistral-small-24b_sol1_gd0_rs0_bd1_str-mpfair_t00_n1,749,3,1,mistralai/Mistral-Small-24B-Instruct-2501,1,0,1,0,mpfair,0.0,0.0,0.0
2026-08-12 21:02:28,IA55_m-mistral-small-24b_sol1_gd0_rs0_bd1_str-mpfair_t00_n1,750,1,1,mistralai/Mistral-Small-24B-Instruct-2501,1,0,1,0,mpfair,0.0,10.5,0.0
2026-08-12 21:02:42,IA55_m-mistral-small-24b_sol1_gd0_rs0_bd1_str-mpfair_t00_n1,750,2,1,mistralai/Mistral-Small-24B-Instruct-2501,1,0,1,0,mpfair,0.0,10.0,0.0
2026-08-12 21:03:01,IA55_m-mistral-small-24b_sol1_gd0_rs0_bd1_str-mpfair_t00_n1,750,3,1,mistralai/Mistral-Small-24B-Instruct-2501,1,0,1,0,mpfair,0.0,10.5,0.0
2026-08-12 21:03:20,IA55_m-mistral-small-24b_sol1_gd0_rs0_bd1_str-mpfair_t00_n1,751,1,1,mistralai/Mistral-Small-24B-Instruct-2501,1,0,1,0,mpfair,0.0,18.5,0.0
2026-08-12 21:03:34,IA55_m-mistral-small-24b_sol1_gd0_rs0_bd1_str-mpfair_t00_n1,751,2,1,mistralai/Mistral-Small-24B-Instruct-2501,1,0,1,0,mpfair,0.0,10.0,0.0
2026-08-12 21:03:53,IA55_m-mistral-small-24b_sol1_gd0_rs0_bd1_str-mpfair_t00_n1,751,3,1,mistralai/Mistral-Small-24B-Instruct-2501,1,0,1,0,mpfair,0.0,18.0,3.0
2026-08-12 21:04:14,IA55_m-mistral-small-24b_sol1_gd0_rs0_bd1_str-mpfair_t00_n1,752,1,1,mistralai/Mistral-Small-24B-Instruct-2501,1,0,1,0,mpfair,0.0,12.5,0.0
2026-08-12 21:04:27,IA55_m-mistral-small-24b_sol1_gd0_rs0_bd1_str-mpfair_t00_n1,752,2,1,mistralai/Mistral-Small-24B-Instruct-2501,1,0,1,0,mpfair,0.0,10.0,0.0
2026-08-12 21:04:45,IA55_m-mistral-small-24b_sol1_gd0_rs0_bd1_str-mpfair_t00_n1,752,3,1,mistralai/Mistral-Small-24B-Instruct-2501,1,0,1,0,mpfair,0.0,10.5,0.0
2026-08-12 21:05:03,IA55_m-mistral-small-24b_sol1_gd0_rs0_bd1_str-mpfair_t00_n1,753,1,1,mistralai/Mistral-Small-24B-Instruct-2501,1,0,1,0,mpfair,0.0,10.0,0.0
2026-08-12 21:05:17,IA55_m-mistral-small-24b_sol1_gd0_rs0_bd1_str-mpfair_t00_n1,753,2,1,mistralai/Mistral-Small-24B-Instruct-2501,1,0,1,0,mpfair,0.0,10.0,0.0
2026-08-12 21:05:36,IA55_m-mistral-small-24b_sol1_gd0_rs0_bd1_str-mpfair_t00_n1,753,3,1,mistralai/Mistral-Small-24B-Instruct-2501,1,0,1,0,mpfair,0.0,10.5,0.0
2026-08-12 21:05:55,IA55_m-mistral-small-24b_sol1_gd0_rs0_bd1_str-mpfair_t00_n1,754,1,1,mistralai/Mistral-Small-24B-Instruct-2501,1,0,1,0,mpfair,0.0,10.0,0.0
2026-08-12 21:06:13,IA55_m-mistral-small-24b_sol1_gd0_rs0_bd1_str-mpfair_t00_n1,754,3,1,mistralai/Mistral-Small-24B-Instruct-2501,1,0,1,0,mpfair,0.0,0.0,0.0
2026-08-12 21:06:30,IA55_m-mistral-small-24b_sol1_gd0_rs0_bd1_str-mpfair_t00_n1,755,1,1,mistralai/Mistral-Small-24B-Instruct-2501,1,0,1,0,mpfair,0.0,10.5,0.0
2026-08-12 21:06:43,IA55_m-mistral-small-24b_sol1_gd0_rs0_bd1_str-mpfair_t00_n1,755,2,1,mistralai/Mistral-Small-24B-Instruct-2501,1,0,1,0,mpfair,0.0,0.0,0.0
2026-08-12 21:07:01,IA55_m-mistral-small-24b_sol1_gd0_rs0_bd1_str-mpfair_t00_n1,755,3,1,mistralai/Mistral-Small-24B-Instruct-2501,1,0,1,0,mpfair,0.0,0.0,0.0
2026-08-12 21:07:19,IA55_m-mistral-small-24b_sol1_gd0_rs0_bd1_str-mpfair_t00_n1,756,1,1,mistralai/Mistral-Small-24B-Instruct-2501,1,0,1,0,mpfair,0.0,12.5,0.0
2026-08-12 21:07:33,IA55_m-mistral-small-24b_sol1_gd0_rs0_bd1_str-mpfair_t00_n1,756,2,1,mistralai/Mistral-Small-24B-Instruct-2501,1,0,1,0,mpfair,0.0,0.0,0.0
2026-08-12 21:07:51,IA55_m-mistral-small-24b_sol1_gd0_rs0_bd1_str-mpfair_t00_n1,756,3,1,mistralai/Mistral-Small-24B-Instruct-2501,1,0,1,0,mpfair,0.0,10.5,0.0
2026-08-12 21:08:10,IA55_m-mistral-small-24b_sol1_gd0_rs0_bd1_str-mpfair_t00_n1,757,1,1,mistralai/Mistral-Small-24B-Instruct-2501,1,0,1,0,mpfair,0.0,10.0,0.0
2026-08-12 21:08:23,IA55_m-mistral-small-24b_sol1_gd0_rs0_bd1_str-mpfair_t00_n1,757,2,1,mistralai/Mistral-Small-24B-Instruct-2501,1,0,1,0,mpfair,0.0,0.0,0.0
2026-08-12 21:08:43,IA55_m-mistral-small-24b_sol1_gd0_rs0_bd1_str-mpfair_t00_n1,757,3,1,mistralai/Mistral-Small-24B-Instruct-2501,1,0,1,0,mpfair,0.0,10.0,0.0
2026-08-12 21:09:05,IA55_m-mistral-small-24b_sol1_gd0_rs0_bd1_str-mpfair_t00_n1,758,1,1,mistralai/Mistral-Small-24B-Instruct-2501,1,0,1,0,mpfair,0.0,10.0,0.0
2026-08-12 21:09:18,IA55_m-mistral-small-24b_sol1_gd0_rs0_bd1_str-mpfair_t00_n1,758,2,1,mistralai/Mistral-Small-24B-Instruct-2501,1,0,1,0,mpfair,0.0,0.0,0.0
2026-08-12 21:09:36,IA55_m-mistral-small-24b_sol1_gd0_rs0_bd1_str-mpfair_t00_n1,758,3,1,mistralai/Mistral-Small-24B-Instruct-2501,1,0,1,0,mpfair,0.0,10.5,0.0
2026-08-12 21:09:56,IA55_m-mistral-small-24b_sol1_gd0_rs0_bd1_str-mpfair_t00_n1,759,1,1,mistralai/Mistral-Small-24B-Instruct-2501,1,0,1,0,mpfair,0.0,16.5,0.0
2026-08-12 21:10:09,IA55_m-mistral-small-24b_sol1_gd0_rs0_bd1_str-mpfair_t00_n1,759,2,1,mistralai/Mistral-Small-24B-Instruct-2501,1,0,1,0,mpfair,0.0,0.0,0.0
2026-08-12 21:10:28,IA55_m-mistral-small-24b_sol1_gd0_rs0_bd1_str-mpfair_t00_n1,759,3,1,mistralai/Mistral-Small-24B-Instruct-2501,1,0,1,0,mpfair,0.0,10.0,0.0
2026-08-12 21:10:46,IA55_m-mistral-small-24b_sol1_gd0_rs0_bd1_str-mpfair_t00_n1,760,1,1,mistralai/Mistral-Small-24B-Instruct-2501,1,0,1,0,mpfair,0.0,10.5,0.0
2026-08-12 21:10:59,IA55_m-mistral-small-24b_sol1_gd0_rs0_bd1_str-mpfair_t00_n1,760,2,1,mistralai/Mistral-Small-24B-Instruct-2501,1,0,1,0,mpfair,0.0,10.0,0.0
2026-08-12 21:11:17,IA55_m-mistral-small-24b_sol1_gd0_rs0_bd1_str-mpfair_t00_n1,760,3,1,mistralai/Mistral-Small-24B-Instruct-2501,1,0,1,0,mpfair,0.0,0.0,0.0
2026-08-12 21:11:34,IA55_m-mistral-small-24b_sol1_gd0_rs0_bd1_str-mpfair_t00_n1,761,1,1,mistralai/Mistral-Small-24B-Instruct-2501,1,0,1,0,mpfair,0.0,10.5,0.0
2026-08-12 21:11:48,IA55_m-mistral-small-24b_sol1_gd0_rs0_bd1_str-mpfair_t00_n1,761,2,1,mistralai/Mistral-Small-24B-Instruct-2501,1,0,1,0,mpfair,0.0,10.0,0.0
2026-08-12 21:12:07,IA55_m-mistral-small-24b_sol1_gd0_rs0_bd1_str-mpfair_t00_n1,761,3,1,mistralai/Mistral-Small-24B-Instruct-2501,1,0,1,0,mpfair,0.0,10.5,0.0
2026-08-12 21:12:24,IA55_m-mistral-small-24b_sol1_gd0_rs0_bd1_str-mpfair_t00_n1,762,1,1,mistralai/Mistral-Small-24B-Instruct-2501,1,0,1,0,mpfair,0.0,10.5,0.0
2026-08-12 21:12:37,IA55_m-mistral-small-24b_sol1_gd0_rs0_bd1_str-mpfair_t00_n1,762,2,1,mistralai/Mistral-Small-24B-Instruct-2501,1,0,1,0,mpfair,0.0,0.0,0.0
2026-08-12 21:12:55,IA55_m-mistral-small-24b_sol1_gd0_rs0_bd1_str-mpfair_t00_n1,762,3,1,mistralai/Mistral-Small-24B-Instruct-2501,1,0,1,0,mpfair,0.0,10.5,0.0
2026-08-12 21:13:13,IA55_m-mistral-small-24b_sol1_gd0_rs0_bd1_str-mpfair_t00_n1,763,1,1,mistralai/Mistral-Small-24B-Instruct-2501,1,0,1,0,mpfair,0.0,10.5,0.0
2026-08-12 21:13:26,IA55_m-mistral-small-24b_sol1_gd0_rs0_bd1_str-mpfair_t00_n1,763,2,1,mistralai/Mistral-Small-24B-Instruct-2501,1,0,1,0,mpfair,0.0,0.0,0.0
2026-08-12 21:13:45,IA55_m-mistral-small-24b_sol1_gd0_rs0_bd1_str-mpfair_t00_n1,763,3,1,mistralai/Mistral-Small-24B-Instruct-2501,1,0,1,0,mpfair,0.0,0.0,0.0
2026-08-12 21:14:03,IA55_m-mistral-small-24b_sol1_gd0_rs0_bd1_str-mpfair_t00_n1,764,1,1,mistralai/Mistral-Small-24B-Instruct-2501,1,0,1,0,mpfair,0.0,15.5,0.0
2026-08-12 21:14:16,IA55_m-mistral-small-24b_sol1_gd0_rs0_bd1_str-mpfair_t00_n1,764,2,1,mistralai/Mistral-Small-24B-Instruct-2501,1,0,1,0,mpfair,0.0,10.0,0.0
2026-08-12 21:14:33,IA55_m-mistral-small-24b_sol1_gd0_rs0_bd1_str-mpfair_t00_n1,764,3,1,mistralai/Mistral-Small-24B-Instruct-2501,1,0,1,0,mpfair,0.0,10.5,0.0
2026-08-12 21:14:49,IA55_m-mistral-small-24b_sol1_gd0_rs0_bd1_str-mpfair_t00_n1,765,1,1,mistralai/Mistral-Small-24B-Instruct-2501,1,0,1,0,mpfair,0.0,12.5,0.0
2026-08-12 21:15:02,IA55_m-mistral-small-24b_sol1_gd0_rs0_bd1_str-mpfair_t00_n1,765,2,1,mistralai/Mistral-Small-24B-Instruct-2501,1,0,1,0,mpfair,0.0,10.0,0.0
2026-08-12 21:15:21,IA55_m-mistral-small-24b_sol1_gd0_rs0_bd1_str-mpfair_t00_n1,765,3,1,mistralai/Mistral-Small-24B-Instruct-2501,1,0,1,0,mpfair,0.0,10.5,0.0
2026-08-12 21:15:39,IA55_m-mistral-small-24b_sol1_gd0_rs0_bd1_str-mpfair_t00_n1,766,1,1,mistralai/Mistral-Small-24B-Instruct-2501,1,0,1,0,mpfair,0.0,10.5,0.0
2026-08-12 21:15:52,IA55_m-mistral-small-24b_sol1_gd0_rs0_bd1_str-mpfair_t00_n1,766,2,1,mistralai/Mistral-Small-24B-Instruct-2501,1,0,1,0,mpfair,0.0,0.0,0.0
2026-08-12 21:16:11,IA55_m-mistral-small-24b_sol1_gd0_rs0_bd1_str-mpfair_t00_n1,766,3,1,mistralai/Mistral-Small-24B-Instruct-2501,1,0,1,0,mpfair,0.0,0.0,0.0
2026-08-12 21:16:29,IA55_m-mistral-small-24b_sol1_gd0_rs0_bd1_str-mpfair_t00_n1,767,1,1,mistralai/Mistral-Small-24B-Instruct-2501,1,0,1,0,mpfair,0.0,15.5,0.0
2026-08-12 21:16:43,IA55_m-mistral-small-24b_sol1_gd0_rs0_bd1_str-mpfair_t00_n1,767,2,1,mistralai/Mistral-Small-24B-Instruct-2501,1,0,1,0,mpfair,0.0,10.0,0.0
2026-08-12 21:17:03,IA55_m-mistral-small-24b_sol1_gd0_rs0_bd1_str-mpfair_t00_n1,767,3,1,mistralai/Mistral-Small-24B-Instruct-2501,1,0,1,0,mpfair,0.0,10.5,0.0
2026-08-12 21:17:21,IA55_m-mistral-small-24b_sol1_gd0_rs0_bd1_str-mpfair_t00_n1,768,1,1,mistralai/Mistral-Small-24B-Instruct-2501,1,0,1,0,mpfair,0.0,10.5,0.0
2026-08-12 21:17:35,IA55_m-mistral-small-24b_sol1_gd0_rs0_bd1_str-mpfair_t00_n1,768,2,1,mistralai/Mistral-Small-24B-Instruct-2501,1,0,1,0,mpfair,0.0,0.0,0.0
2026-08-12 21:17:52,IA55_m-mistral-small-24b_sol1_gd0_rs0_bd1_str-mpfair_t00_n1,768,3,1,mistralai/Mistral-Small-24B-Instruct-2501,1,0,1,0,mpfair,0.0,10.5,0.0
2026-08-12 21:18:10,IA55_m-mistral-small-24b_sol1_gd0_rs0_bd1_str-mpfair_t00_n1,769,1,1,mistralai/Mistral-Small-24B-Instruct-2501,1,0,1,0,mpfair,0.0,10.5,0.0
2026-08-12 21:18:25,IA55_m-mistral-small-24b_sol1_gd0_rs0_bd1_str-mpfair_t00_n1,769,2,1,mistralai/Mistral-Small-24B-Instruct-2501,1,0,1,0,mpfair,0.0,0.0,0.0
2026-08-12 21:18:44,IA55_m-mistral-small-24b_sol1_gd0_rs0_bd1_str-mpfair_t00_n1,769,3,1,mistralai/Mistral-Small-24B-Instruct-2501,1,0,1,0,mpfair,0.0,10.5,0.0
2026-08-12 21:19:02,IA55_m-mistral-small-24b_sol1_gd0_rs0_bd1_str-mpfair_t00_n1,770,1,1,mistralai/Mistral-Small-24B-Instruct-2501,1,0,1,0,mpfair,0.0,13.5,0.0
2026-08-12 21:19:16,IA55_m-mistral-small-24b_sol1_gd0_rs0_bd1_str-mpfair_t00_n1,770,2,1,mistralai/Mistral-Small-24B-Instruct-2501,1,0,1,0,mpfair,0.0,0.0,0.0
2026-08-12 21:19:34,IA55_m-mistral-small-24b_sol1_gd0_rs0_bd1_str-mpfair_t00_n1,770,3,1,mistralai/Mistral-Small-24B-Instruct-2501,1,0,1,0,mpfair,0.0,10.5,0.0
2026-08-12 21:19:53,IA55_m-mistral-small-24b_sol1_gd0_rs0_bd1_str-mpfair_t00_n1,771,1,1,mistralai/Mistral-Small-24B-Instruct-2501,1,0,1,0,mpfair,0.0,12.5,0.0
2026-08-12 21:20:06,IA55_m-mistral-small-24b_sol1_gd0_rs0_bd1_str-mpfair_t00_n1,771,2,1,mistralai/Mistral-Small-24B-Instruct-2501,1,0,1,0,mpfair,0.0,10.0,0.0
2026-08-12 21:20:24,IA55_m-mistral-small-24b_sol1_gd0_rs0_bd1_str-mpfair_t00_n1,771,3,1,mistralai/Mistral-Small-24B-Instruct-2501,1,0,1,0,mpfair,0.0,0.0,0.0
2026-08-12 21:20:43,IA55_m-mistral-small-24b_sol1_gd0_rs0_bd1_str-mpfair_t00_n1,772,1,1,mistralai/Mistral-Small-24B-Instruct-2501,1,0,1,0,mpfair,0.0,10.0,0.0
2026-08-12 21:20:56,IA55_m-mistral-small-24b_sol1_gd0_rs0_bd1_str-mpfair_t00_n1,772,2,1,mistralai/Mistral-Small-24B-Instruct-2501,1,0,1,0,mpfair,0.0,0.0,0.0
2026-08-12 21:21:14,IA55_m-mistral-small-24b_sol1_gd0_rs0_bd1_str-mpfair_t00_n1,772,3,1,mistralai/Mistral-Small-24B-Instruct-2501,1,0,1,0,mpfair,0.0,10.5,0.0
2026-08-12 21:21:32,IA55_m-mistral-small-24b_sol1_gd0_rs0_bd1_str-mpfair_t00_n1,773,1,1,mistralai/Mistral-Small-24B-Instruct-2501,1,0,1,0,mpfair,0.0,15.5,0.0
2026-08-12 21:21:46,IA55_m-mistral-small-24b_sol1_gd0_rs0_bd1_str-mpfair_t00_n1,773,2,1,mistralai/Mistral-Small-24B-Instruct-2501,1,0,1,0,mpfair,0.0,0.0,0.0
2026-08-12 21:22:05,IA55_m-mistral-small-24b_sol1_gd0_rs0_bd1_str-mpfair_t00_n1,773,3,1,mistralai/Mistral-Small-24B-Instruct-2501,1,0,1,0,mpfair,0.0,10.0,0.0
2026-08-12 21:22:24,IA55_m-mistral-small-24b_sol1_gd0_rs0_bd1_str-mpfair_t00_n1,774,1,1,mistralai/Mistral-Small-24B-Instruct-2501,1,0,1,0,mpfair,0.0,16.5,0.0
2026-08-12 21:22:37,IA55_m-mistral-small-24b_sol1_gd0_rs0_bd1_str-mpfair_t00_n1,774,2,1,mistralai/Mistral-Small-24B-Instruct-2501,1,0,1,0,mpfair,0.0,10.0,0.0
2026-08-12 21:22:55,IA55_m-mistral-small-24b_sol1_gd0_rs0_bd1_str-mpfair_t00_n1,774,3,1,mistralai/Mistral-Small-24B-Instruct-2501,1,0,1,0,mpfair,0.0,10.5,0.0
2026-08-12 21:23:15,IA55_m-mistral-small-24b_sol1_gd0_rs0_bd1_str-mpfair_t00_n1,775,1,1,mistralai/Mistral-Small-24B-Instruct-2501,1,0,1,0,mpfair,0.0,10.0,0.0
2026-08-12 21:23:28,IA55_m-mistral-small-24b_sol1_gd0_rs0_bd1_str-mpfair_t00_n1,775,2,1,mistralai/Mistral-Small-24B-Instruct-2501,1,0,1,0,mpfair,0.0,10.0,0.0
2026-08-12 21:23:47,IA55_m-mistral-small-24b_sol1_gd0_rs0_bd1_str-mpfair_t00_n1,775,3,1,mistralai/Mistral-Small-24B-Instruct-2501,1,0,1,0,mpfair,0.0,0.0,0.0
2026-08-12 21:24:07,IA55_m-mistral-small-24b_sol1_gd0_rs0_bd1_str-mpfair_t00_n1,776,1,1,mistralai/Mistral-Small-24B-Instruct-2501,1,0,1,0,mpfair,0.0,10.0,0.0
2026-08-12 21:24:22,IA55_m-mistral-small-24b_sol1_gd0_rs0_bd1_str-mpfair_t00_n1,776,2,1,mistralai/Mistral-Small-24B-Instruct-2501,1,0,1,0,mpfair,0.0,10.0,0.0
2026-08-12 21:24:41,IA55_m-mistral-small-24b_sol1_gd0_rs0_bd1_str-mpfair_t00_n1,776,3,1,mistralai/Mistral-Small-24B-Instruct-2501,1,0,1,0,mpfair,0.0,10.5,0.0
2026-08-12 21:25:00,IA55_m-mistral-small-24b_sol1_gd0_rs0_bd1_str-mpfair_t00_n1,777,1,1,mistralai/Mistral-Small-24B-Instruct-2501,1,0,1,0,mpfair,0.0,10.5,0.0
2026-08-12 21:25:14,IA55_m-mistral-small-24b_sol1_gd0_rs0_bd1_str-mpfair_t00_n1,777,2,1,mistralai/Mistral-Small-24B-Instruct-2501,1,0,1,0,mpfair,0.0,10.0,0.0
2026-08-12 21:25:31,IA55_m-mistral-small-24b_sol1_gd0_rs0_bd1_str-mpfair_t00_n1,777,3,1,mistralai/Mistral-Small-24B-Instruct-2501,1,0,1,0,mpfair,0.0,0.0,0.0
2026-08-12 21:25:48,IA55_m-mistral-small-24b_sol1_gd0_rs0_bd1_str-mpfair_t00_n1,778,1,1,mistralai/Mistral-Small-24B-Instruct-2501,1,0,1,0,mpfair,0.0,13.5,0.0
2026-08-12 21:26:01,IA55_m-mistral-small-24b_sol1_gd0_rs0_bd1_str-mpfair_t00_n1,778,2,1,mistralai/Mistral-Small-24B-Instruct-2501,1,0,1,0,mpfair,0.0,10.0,0.0
2026-08-12 21:26:21,IA55_m-mistral-small-24b_sol1_gd0_rs0_bd1_str-mpfair_t00_n1,778,3,1,mistralai/Mistral-Small-24B-Instruct-2501,1,0,1,0,mpfair,0.0,10.5,0.0
2026-08-12 21:26:40,IA55_m-mistral-small-24b_sol1_gd0_rs0_bd1_str-mpfair_t00_n1,779,1,1,mistralai/Mistral-Small-24B-Instruct-2501,1,0,1,0,mpfair,0.0,14.5,0.0
2026-08-12 21:26:53,IA55_m-mistral-small-24b_sol1_gd0_rs0_bd1_str-mpfair_t00_n1,779,2,1,mistralai/Mistral-Small-24B-Instruct-2501,1,0,1,0,mpfair,0.0,10.0,0.0
2026-08-12 21:27:12,IA55_m-mistral-small-24b_sol1_gd0_rs0_bd1_str-mpfair_t00_n1,779,3,1,mistralai/Mistral-Small-24B-Instruct-2501,1,0,1,0,mpfair,0.0,12.0,0.0
2026-08-12 21:27:30,IA55_m-mistral-small-24b_sol1_gd0_rs0_bd1_str-mpfair_t00_n1,780,1,1,mistralai/Mistral-Small-24B-Instruct-2501,1,0,1,0,mpfair,0.0,10.0,0.0
2026-08-12 21:27:44,IA55_m-mistral-small-24b_sol1_gd0_rs0_bd1_str-mpfair_t00_n1,780,2,1,mistralai/Mistral-Small-24B-Instruct-2501,1,0,1,0,mpfair,0.0,10.0,0.0
2026-08-12 21:28:02,IA55_m-mistral-small-24b_sol1_gd0_rs0_bd1_str-mpfair_t00_n1,780,3,1,mistralai/Mistral-Small-24B-Instruct-2501,1,0,1,0,mpfair,0.0,0.0,0.0
2026-08-12 21:28:21,IA55_m-mistral-small-24b_sol1_gd0_rs0_bd1_str-mpfair_t00_n1,781,1,1,mistralai/Mistral-Small-24B-Instruct-2501,1,0,1,0,mpfair,0.0,13.5,0.0
2026-08-12 21:28:35,IA55_m-mistral-small-24b_sol1_gd0_rs0_bd1_str-mpfair_t00_n1,781,2,1,mistralai/Mistral-Small-24B-Instruct-2501,1,0,1,0,mpfair,0.0,0.0,0.0
2026-08-12 21:28:52,IA55_m-mistral-small-24b_sol1_gd0_rs0_bd1_str-mpfair_t00_n1,781,3,1,mistralai/Mistral-Small-24B-Instruct-2501,1,0,1,0,mpfair,0.0,10.5,0.0
2026-08-12 21:29:10,IA55_m-mistral-small-24b_sol1_gd0_rs0_bd1_str-mpfair_t00_n1,782,1,1,mistralai/Mistral-Small-24B-Instruct-2501,1,0,1,0,mpfair,0.0,13.5,0.0
2026-08-12 21:29:22,IA55_m-mistral-small-24b_sol1_gd0_rs0_bd1_str-mpfair_t00_n1,782,2,1,mistralai/Mistral-Small-24B-Instruct-2501,1,0,1,0,mpfair,0.0,10.0,0.0
2026-08-12 21:29:40,IA55_m-mistral-small-24b_sol1_gd0_rs0_bd1_str-mpfair_t00_n1,782,3,1,mistralai/Mistral-Small-24B-Instruct-2501,1,0,1,0,mpfair,0.0,10.5,0.0
2026-08-12 21:29:59,IA55_m-mistral-small-24b_sol1_gd0_rs0_bd1_str-mpfair_t00_n1,783,1,1,mistralai/Mistral-Small-24B-Instruct-2501,1,0,1,0,mpfair,0.0,18.0,0.0
2026-08-12 21:30:13,IA55_m-mistral-small-24b_sol1_gd0_rs0_bd1_str-mpfair_t00_n1,783,2,1,mistralai/Mistral-Small-24B-Instruct-2501,1,0,1,0,mpfair,0.0,10.0,3.0
2026-08-12 21:30:30,IA55_m-mistral-small-24b_sol1_gd0_rs0_bd1_str-mpfair_t00_n1,783,3,1,mistralai/Mistral-Small-24B-Instruct-2501,1,0,1,0,mpfair,0.0,10.5,0.0
2026-08-12 21:30:51,IA55_m-mistral-small-24b_sol1_gd0_rs0_bd1_str-mpfair_t00_n1,784,1,1,mistralai/Mistral-Small-24B-Instruct-2501,1,0,1,0,mpfair,0.0,18.0,0.0
2026-08-12 21:31:04,IA55_m-mistral-small-24b_sol1_gd0_rs0_bd1_str-mpfair_t00_n1,784,2,1,mistralai/Mistral-Small-24B-Instruct-2501,1,0,1,0,mpfair,0.0,10.0,0.0
2026-08-12 21:31:21,IA55_m-mistral-small-24b_sol1_gd0_rs0_bd1_str-mpfair_t00_n1,784,3,1,mistralai/Mistral-Small-24B-Instruct-2501,1,0,1,0,mpfair,0.0,10.5,0.0
2026-08-12 21:31:40,IA55_m-mistral-small-24b_sol1_gd0_rs0_bd1_str-mpfair_t00_n1,785,1,1,mistralai/Mistral-Small-24B-Instruct-2501,1,0,1,0,mpfair,0.0,10.0,0.0
2026-08-12 21:32:00,IA55_m-mistral-small-24b_sol1_gd0_rs0_bd1_str-mpfair_t00_n1,785,2,1,mistralai/Mistral-Small-24B-Instruct-2501,1,0,1,0,mpfair,0.0,10.0,0.0
2026-08-12 21:32:19,IA55_m-mistral-small-24b_sol1_gd0_rs0_bd1_str-mpfair_t00_n1,785,3,1,mistralai/Mistral-Small-24B-Instruct-2501,1,0,1,0,mpfair,0.0,10.0,0.0
2026-08-12 21:32:38,IA55_m-mistral-small-24b_sol1_gd0_rs0_bd1_str-mpfair_t00_n1,786,1,1,mistralai/Mistral-Small-24B-Instruct-2501,1,0,1,0,mpfair,0.0,16.5,0.0
2026-08-12 21:32:51,IA55_m-mistral-small-24b_sol1_gd0_rs0_bd1_str-mpfair_t00_n1,786,2,1,mistralai/Mistral-Small-24B-Instruct-2501,1,0,1,0,mpfair,0.0,10.0,0.0
2026-08-12 21:33:10,IA55_m-mistral-small-24b_sol1_gd0_rs0_bd1_str-mpfair_t00_n1,786,3,1,mistralai/Mistral-Small-24B-Instruct-2501,1,0,1,0,mpfair,0.0,12.5,0.0
2026-08-12 21:33:31,IA55_m-mistral-small-24b_sol1_gd0_rs0_bd1_str-mpfair_t00_n1,787,1,1,mistralai/Mistral-Small-24B-Instruct-2501,1,0,1,0,mpfair,0.0,18.0,0.0
2026-08-12 21:33:44,IA55_m-mistral-small-24b_sol1_gd0_rs0_bd1_str-mpfair_t00_n1,787,2,1,mistralai/Mistral-Small-24B-Instruct-2501,1,0,1,0,mpfair,0.0,0.0,0.0
2026-08-12 21:34:02,IA55_m-mistral-small-24b_sol1_gd0_rs0_bd1_str-mpfair_t00_n1,787,3,1,mistralai/Mistral-Small-24B-Instruct-2501,1,0,1,0,mpfair,0.0,10.0,0.0
2026-08-12 21:34:19,IA55_m-mistral-small-24b_sol1_gd0_rs0_bd1_str-mpfair_t00_n1,788,1,1,mistralai/Mistral-Small-24B-Instruct-2501,1,0,1,0,mpfair,0.0,17.5,0.0
2026-08-12 21:34:32,IA55_m-mistral-small-24b_sol1_gd0_rs0_bd1_str-mpfair_t00_n1,788,2,1,mistralai/Mistral-Small-24B-Instruct-2501,1,0,1,0,mpfair,0.0,13.0,0.0
2026-08-12 21:34:51,IA55_m-mistral-small-24b_sol1_gd0_rs0_bd1_str-mpfair_t00_n1,788,3,1,mistralai/Mistral-Small-24B-Instruct-2501,1,0,1,0,mpfair,0.0,12.0,0.0
2026-08-12 21:35:09,IA55_m-mistral-small-24b_sol1_gd0_rs0_bd1_str-mpfair_t00_n1,789,1,1,mistralai/Mistral-Small-24B-Instruct-2501,1,0,1,0,mpfair,0.0,12.5,0.0
2026-08-12 21:35:23,IA55_m-mistral-small-24b_sol1_gd0_rs0_bd1_str-mpfair_t00_n1,789,2,1,mistralai/Mistral-Small-24B-Instruct-2501,1,0,1,0,mpfair,0.0,10.0,0.0
2026-08-12 21:35:41,IA55_m-mistral-small-24b_sol1_gd0_rs0_bd1_str-mpfair_t00_n1,789,3,1,mistralai/Mistral-Small-24B-Instruct-2501,1,0,1,0,mpfair,0.0,10.5,0.0
2026-08-12 21:36:01,IA55_m-mistral-small-24b_sol1_gd0_rs0_bd1_str-mpfair_t00_n1,790,1,1,mistralai/Mistral-Small-24B-Instruct-2501,1,0,1,0,mpfair,0.0,19.5,3.0
2026-08-12 21:36:14,IA55_m-mistral-small-24b_sol1_gd0_rs0_bd1_str-mpfair_t00_n1,790,2,1,mistralai/Mistral-Small-24B-Instruct-2501,1,0,1,0,mpfair,0.0,10.0,3.0
2026-08-12 21:36:34,IA55_m-mistral-small-24b_sol1_gd0_rs0_bd1_str-mpfair_t00_n1,790,3,1,mistralai/Mistral-Small-24B-Instruct-2501,1,0,1,0,mpfair,0.0,15.5,0.0
2026-08-12 21:36:52,IA55_m-mistral-small-24b_sol1_gd0_rs0_bd1_str-mpfair_t00_n1,791,1,1,mistralai/Mistral-Small-24B-Instruct-2501,1,0,1,0,mpfair,0.0,10.5,0.0
2026-08-12 21:37:06,IA55_m-mistral-small-24b_sol1_gd0_rs0_bd1_str-mpfair_t00_n1,791,2,1,mistralai/Mistral-Small-24B-Instruct-2501,1,0,1,0,mpfair,0.0,0.0,0.0
2026-08-12 21:37:24,IA55_m-mistral-small-24b_sol1_gd0_rs0_bd1_str-mpfair_t00_n1,791,3,1,mistralai/Mistral-Small-24B-Instruct-2501,1,0,1,0,mpfair,0.0,0.0,0.0
2026-08-12 21:37:43,IA55_m-mistral-small-24b_sol1_gd0_rs0_bd1_str-mpfair_t00_n1,792,1,1,mistralai/Mistral-Small-24B-Instruct-2501,1,0,1,0,mpfair,0.0,10.0,0.0
2026-08-12 21:37:56,IA55_m-mistral-small-24b_sol1_gd0_rs0_bd1_str-mpfair_t00_n1,792,2,1,mistralai/Mistral-Small-24B-Instruct-2501,1,0,1,0,mpfair,0.0,0.0,0.0
2026-08-12 21:38:15,IA55_m-mistral-small-24b_sol1_gd0_rs0_bd1_str-mpfair_t00_n1,792,3,1,mistralai/Mistral-Small-24B-Instruct-2501,1,0,1,0,mpfair,0.0,0.0,0.0
2026-08-12 21:38:34,IA55_m-mistral-small-24b_sol1_gd0_rs0_bd1_str-mpfair_t00_n1,793,1,1,mistralai/Mistral-Small-24B-Instruct-2501,1,0,1,0,mpfair,0.0,10.0,0.0
2026-08-12 21:38:47,IA55_m-mistral-small-24b_sol1_gd0_rs0_bd1_str-mpfair_t00_n1,793,2,1,mistralai/Mistral-Small-24B-Instruct-2501,1,0,1,0,mpfair,0.0,0.0,0.0
2026-08-12 21:39:05,IA55_m-mistral-small-24b_sol1_gd0_rs0_bd1_str-mpfair_t00_n1,793,3,1,mistralai/Mistral-Small-24B-Instruct-2501,1,0,1,0,mpfair,0.0,10.5,0.0
2026-08-12 21:39:23,IA55_m-mistral-small-24b_sol1_gd0_rs0_bd1_str-mpfair_t00_n1,794,1,1,mistralai/Mistral-Small-24B-Instruct-2501,1,0,1,0,mpfair,0.0,10.5,0.0
2026-08-12 21:39:36,IA55_m-mistral-small-24b_sol1_gd0_rs0_bd1_str-mpfair_t00_n1,794,2,1,mistralai/Mistral-Small-24B-Instruct-2501,1,0,1,0,mpfair,0.0,0.0,0.0
2026-08-12 21:39:54,IA55_m-mistral-small-24b_sol1_gd0_rs0_bd1_str-mpfair_t00_n1,794,3,1,mistralai/Mistral-Small-24B-Instruct-2501,1,0,1,0,mpfair,0.0,10.5,0.0
2026-08-12 21:40:10,IA55_m-mistral-small-24b_sol1_gd0_rs0_bd1_str-mpfair_t00_n1,795,1,1,mistralai/Mistral-Small-24B-Instruct-2501,1,0,1,0,mpfair,0.0,10.5,0.0
2026-08-12 21:40:23,IA55_m-mistral-small-24b_sol1_gd0_rs0_bd1_str-mpfair_t00_n1,795,2,1,mistralai/Mistral-Small-24B-Instruct-2501,1,0,1,0,mpfair,0.0,0.0,0.0
2026-08-12 21:40:41,IA55_m-mistral-small-24b_sol1_gd0_rs0_bd1_str-mpfair_t00_n1,795,3,1,mistralai/Mistral-Small-24B-Instruct-2501,1,0,1,0,mpfair,0.0,10.5,0.0
2026-08-12 21:40:58,IA55_m-mistral-small-24b_sol1_gd0_rs0_bd1_str-mpfair_t00_n1,796,1,1,mistralai/Mistral-Small-24B-Instruct-2501,1,0,1,0,mpfair,0.0,13.5,0.0
2026-08-12 21:41:10,IA55_m-mistral-small-24b_sol1_gd0_rs0_bd1_str-mpfair_t00_n1,796,2,1,mistralai/Mistral-Small-24B-Instruct-2501,1,0,1,0,mpfair,0.0,0.0,0.0
2026-08-12 21:41:26,IA55_m-mistral-small-24b_sol1_gd0_rs0_bd1_str-mpfair_t00_n1,796,3,1,mistralai/Mistral-Small-24B-Instruct-2501,1,0,1,0,mpfair,0.0,0.0,0.0
2026-08-12 21:41:44,IA55_m-mistral-small-24b_sol1_gd0_rs0_bd1_str-mpfair_t00_n1,797,1,1,mistralai/Mistral-Small-24B-Instruct-2501,1,0,1,0,mpfair,0.0,10.5,0.0
2026-08-12 21:41:57,IA55_m-mistral-small-24b_sol1_gd0_rs0_bd1_str-mpfair_t00_n1,797,2,1,mistralai/Mistral-Small-24B-Instruct-2501,1,0,1,0,mpfair,0.0,0.0,0.0
2026-08-12 21:42:17,IA55_m-mistral-small-24b_sol1_gd0_rs0_bd1_str-mpfair_t00_n1,797,3,1,mistralai/Mistral-Small-24B-Instruct-2501,1,0,1,0,mpfair,0.0,10.5,0.0
2026-08-12 21:42:35,IA55_m-mistral-small-24b_sol1_gd0_rs0_bd1_str-mpfair_t00_n1,798,1,1,mistralai/Mistral-Small-24B-Instruct-2501,1,0,1,0,mpfair,0.0,0.0,0.0
2026-08-12 21:42:47,IA55_m-mistral-small-24b_sol1_gd0_rs0_bd1_str-mpfair_t00_n1,798,2,1,mistralai/Mistral-Small-24B-Instruct-2501,1,0,1,0,mpfair,0.0,0.0,0.0
2026-08-12 21:43:05,IA55_m-mistral-small-24b_sol1_gd0_rs0_bd1_str-mpfair_t00_n1,798,3,1,mistralai/Mistral-Small-24B-Instruct-2501,1,0,1,0,mpfair,0.0,0.0,0.0
2026-08-12 21:43:23,IA55_m-mistral-small-24b_sol1_gd0_rs0_bd1_str-mpfair_t00_n1,799,1,1,mistralai/Mistral-Small-24B-Instruct-2501,1,0,1,0,mpfair,0.0,10.5,0.0
2026-08-12 21:43:37,IA55_m-mistral-small-24b_sol1_gd0_rs0_bd1_str-mpfair_t00_n1,799,2,1,mistralai/Mistral-Small-24B-Instruct-2501,1,0,1,0,mpfair,0.0,10.0,0.0
2026-08-12 21:43:55,IA55_m-mistral-small-24b_sol1_gd0_rs0_bd1_str-mpfair_t00_n1,799,3,1,mistralai/Mistral-Small-24B-Instruct-2501,1,0,1,0,mpfair,0.0,0.0,0.0
2026-08-12 21:44:13,IA55_m-mistral-small-24b_sol1_gd0_rs0_bd1_str-mpfair_t00_n1,800,1,1,mistralai/Mistral-Small-24B-Instruct-2501,1,0,1,0,mpfair,0.0,12.5,0.0
2026-08-12 21:44:26,IA55_m-mistral-small-24b_sol1_gd0_rs0_bd1_str-mpfair_t00_n1,800,2,1,mistralai/Mistral-Small-24B-Instruct-2501,1,0,1,0,mpfair,0.0,0.0,0.0
2026-08-12 21:44:45,IA55_m-mistral-small-24b_sol1_gd0_rs0_bd1_str-mpfair_t00_n1,800,3,1,mistralai/Mistral-Small-24B-Instruct-2501,1,0,1,0,mpfair,0.0,10.0,0.0
2026-08-12 21:45:04,IA55_m-mistral-small-24b_sol1_gd0_rs0_bd1_str-mpfair_t00_n1,801,1,1,mistralai/Mistral-Small-24B-Instruct-2501,1,0,1,0,mpfair,0.0,19.5,0.0
2026-08-12 21:45:18,IA55_m-mistral-small-24b_sol1_gd0_rs0_bd1_str-mpfair_t00_n1,801,2,1,mistralai/Mistral-Small-24B-Instruct-2501,1,0,1,0,mpfair,0.0,10.0,0.0
2026-08-12 21:45:36,IA55_m-mistral-small-24b_sol1_gd0_rs0_bd1_str-mpfair_t00_n1,801,3,1,mistralai/Mistral-Small-24B-Instruct-2501,1,0,1,0,mpfair,0.0,10.5,0.0
2026-08-12 21:45:54,IA55_m-mistral-small-24b_sol1_gd0_rs0_bd1_str-mpfair_t00_n1,802,1,1,mistralai/Mistral-Small-24B-Instruct-2501,1,0,1,0,mpfair,0.0,16.5,0.0
2026-08-12 21:46:08,IA55_m-mistral-small-24b_sol1_gd0_rs0_bd1_str-mpfair_t00_n1,802,2,1,mistralai/Mistral-Small-24B-Instruct-2501,1,0,1,0,mpfair,0.0,10.0,0.0
2026-08-12 21:46:27,IA55_m-mistral-small-24b_sol1_gd0_rs0_bd1_str-mpfair_t00_n1,802,3,1,mistralai/Mistral-Small-24B-Instruct-2501,1,0,1,0,mpfair,0.0,12.5,0.0
2026-08-12 21:46:44,IA55_m-mistral-small-24b_sol1_gd0_rs0_bd1_str-mpfair_t00_n1,803,1,1,mistralai/Mistral-Small-24B-Instruct-2501,1,0,1,0,mpfair,0.0,0.0,0.0
2026-08-12 21:46:57,IA55_m-mistral-small-24b_sol1_gd0_rs0_bd1_str-mpfair_t00_n1,803,2,1,mistralai/Mistral-Small-24B-Instruct-2501,1,0,1,0,mpfair,0.0,0.0,0.0
2026-08-12 21:47:13,IA55_m-mistral-small-24b_sol1_gd0_rs0_bd1_str-mpfair_t00_n1,803,3,1,mistralai/Mistral-Small-24B-Instruct-2501,1,0,1,0,mpfair,0.0,0.0,0.0
2026-08-12 21:47:33,IA55_m-mistral-small-24b_sol1_gd0_rs0_bd1_str-mpfair_t00_n1,804,1,1,mistralai/Mistral-Small-24B-Instruct-2501,1,0,1,0,mpfair,0.0,14.5,0.0
2026-08-12 21:47:46,IA55_m-mistral-small-24b_sol1_gd0_rs0_bd1_str-mpfair_t00_n1,804,2,1,mistralai/Mistral-Small-24B-Instruct-2501,1,0,1,0,mpfair,0.0,10.0,0.0
2026-08-12 21:48:06,IA55_m-mistral-small-24b_sol1_gd0_rs0_bd1_str-mpfair_t00_n1,804,3,1,mistralai/Mistral-Small-24B-Instruct-2501,1,0,1,0,mpfair,0.0,10.0,0.0
2026-08-12 21:48:24,IA55_m-mistral-small-24b_sol1_gd0_rs0_bd1_str-mpfair_t00_n1,805,1,1,mistralai/Mistral-Small-24B-Instruct-2501,1,0,1,0,mpfair,0.0,12.5,0.0
2026-08-12 21:48:47,IA55_m-mistral-small-24b_sol1_gd0_rs0_bd1_str-mpfair_t00_n1,805,2,1,mistralai/Mistral-Small-24B-Instruct-2501,1,0,1,0,mpfair,0.0,10.0,0.0
2026-08-12 21:49:06,IA55_m-mistral-small-24b_sol1_gd0_rs0_bd1_str-mpfair_t00_n1,805,3,1,mistralai/Mistral-Small-24B-Instruct-2501,1,0,1,0,mpfair,0.0,10.5,0.0
2026-08-12 21:49:24,IA55_m-mistral-small-24b_sol1_gd0_rs0_bd1_str-mpfair_t00_n1,806,1,1,mistralai/Mistral-Small-24B-Instruct-2501,1,0,1,0,mpfair,0.0,13.5,0.0
2026-08-12 21:49:38,IA55_m-mistral-small-24b_sol1_gd0_rs0_bd1_str-mpfair_t00_n1,806,2,1,mistralai/Mistral-Small-24B-Instruct-2501,1,0,1,0,mpfair,0.0,0.0,0.0
2026-08-12 21:49:57,IA55_m-mistral-small-24b_sol1_gd0_rs0_bd1_str-mpfair_t00_n1,806,3,1,mistralai/Mistral-Small-24B-Instruct-2501,1,0,1,0,mpfair,0.0,12.5,0.0
2026-08-12 21:50:15,IA55_m-mistral-small-24b_sol1_gd0_rs0_bd1_str-mpfair_t00_n1,807,1,1,mistralai/Mistral-Small-24B-Instruct-2501,1,0,1,0,mpfair,0.0,16.0,0.0
2026-08-12 21:50:29,IA55_m-mistral-small-24b_sol1_gd0_rs0_bd1_str-mpfair_t00_n1,807,2,1,mistralai/Mistral-Small-24B-Instruct-2501,1,0,1,0,mpfair,0.0,10.0,0.0
2026-08-12 21:50:48,IA55_m-mistral-small-24b_sol1_gd0_rs0_bd1_str-mpfair_t00_n1,807,3,1,mistralai/Mistral-Small-24B-Instruct-2501,1,0,1,0,mpfair,0.0,0.0,0.0
2026-08-12 21:51:05,IA55_m-mistral-small-24b_sol1_gd0_rs0_bd1_str-mpfair_t00_n1,808,1,1,mistralai/Mistral-Small-24B-Instruct-2501,1,0,1,0,mpfair,0.0,12.5,0.0
2026-08-12 21:51:17,IA55_m-mistral-small-24b_sol1_gd0_rs0_bd1_str-mpfair_t00_n1,808,2,1,mistralai/Mistral-Small-24B-Instruct-2501,1,0,1,0,mpfair,0.0,0.0,0.0
2026-08-12 21:51:36,IA55_m-mistral-small-24b_sol1_gd0_rs0_bd1_str-mpfair_t00_n1,808,3,1,mistralai/Mistral-Small-24B-Instruct-2501,1,0,1,0,mpfair,0.0,10.5,0.0
2026-08-12 21:51:53,IA55_m-mistral-small-24b_sol1_gd0_rs0_bd1_str-mpfair_t00_n1,809,1,1,mistralai/Mistral-Small-24B-Instruct-2501,1,0,1,0,mpfair,0.0,10.5,0.0
2026-08-12 21:52:07,IA55_m-mistral-small-24b_sol1_gd0_rs0_bd1_str-mpfair_t00_n1,809,2,1,mistralai/Mistral-Small-24B-Instruct-2501,1,0,1,0,mpfair,0.0,0.0,0.0
2026-08-12 21:52:26,IA55_m-mistral-small-24b_sol1_gd0_rs0_bd1_str-mpfair_t00_n1,809,3,1,mistralai/Mistral-Small-24B-Instruct-2501,1,0,1,0,mpfair,0.0,0.0,0.0
2026-08-12 21:52:43,IA55_m-mistral-small-24b_sol1_gd0_rs0_bd1_str-mpfair_t00_n1,810,1,1,mistralai/Mistral-Small-24B-Instruct-2501,1,0,1,0,mpfair,0.0,18.0,0.0
2026-08-12 21:52:56,IA55_m-mistral-small-24b_sol1_gd0_rs0_bd1_str-mpfair_t00_n1,810,2,1,mistralai/Mistral-Small-24B-Instruct-2501,1,0,1,0,mpfair,0.0,10.0,0.0
2026-08-12 21:53:14,IA55_m-mistral-small-24b_sol1_gd0_rs0_bd1_str-mpfair_t00_n1,810,3,1,mistralai/Mistral-Small-24B-Instruct-2501,1,0,1,0,mpfair,0.0,0.0,0.0
2026-08-12 21:53:32,IA55_m-mistral-small-24b_sol1_gd0_rs0_bd1_str-mpfair_t00_n1,811,1,1,mistralai/Mistral-Small-24B-Instruct-2501,1,0,1,0,mpfair,0.0,10.0,0.0
2026-08-12 21:53:45,IA55_m-mistral-small-24b_sol1_gd0_rs0_bd1_str-mpfair_t00_n1,811,2,1,mistralai/Mistral-Small-24B-Instruct-2501,1,0,1,0,mpfair,0.0,10.0,0.0
2026-08-12 21:54:03,IA55_m-mistral-small-24b_sol1_gd0_rs0_bd1_str-mpfair_t00_n1,812,1,1,mistralai/Mistral-Small-24B-Instruct-2501,1,0,1,0,mpfair,0.0,10.5,0.0
2026-08-12 21:54:16,IA55_m-mistral-small-24b_sol1_gd0_rs0_bd1_str-mpfair_t00_n1,812,2,1,mistralai/Mistral-Small-24B-Instruct-2501,1,0,1,0,mpfair,0.0,0.0,0.0
2026-08-12 21:54:34,IA55_m-mistral-small-24b_sol1_gd0_rs0_bd1_str-mpfair_t00_n1,813,1,1,mistralai/Mistral-Small-24B-Instruct-2501,1,0,1,0,mpfair,0.0,10.5,0.0
2026-08-12 21:54:54,IA55_m-mistral-small-24b_sol1_gd0_rs0_bd1_str-mpfair_t00_n1,814,1,1,mistralai/Mistral-Small-24B-Instruct-2501,1,0,1,0,mpfair,0.0,10.0,0.0
2026-08-12 21:55:08,IA55_m-mistral-small-24b_sol1_gd0_rs0_bd1_str-mpfair_t00_n1,814,2,1,mistralai/Mistral-Small-24B-Instruct-2501,1,0,1,0,mpfair,0.0,0.0,0.0
2026-08-12 21:55:27,IA55_m-mistral-small-24b_sol1_gd0_rs0_bd1_str-mpfair_t00_n1,814,3,1,mistralai/Mistral-Small-24B-Instruct-2501,1,0,1,0,mpfair,0.0,0.0,0.0
2026-08-12 21:55:44,IA55_m-mistral-small-24b_sol1_gd0_rs0_bd1_str-mpfair_t00_n1,815,1,1,mistralai/Mistral-Small-24B-Instruct-2501,1,0,1,0,mpfair,0.0,18.0,0.0
2026-08-12 21:55:58,IA55_m-mistral-small-24b_sol1_gd0_rs0_bd1_str-mpfair_t00_n1,815,2,1,mistralai/Mistral-Small-24B-Instruct-2501,1,0,1,0,mpfair,0.0,10.0,3.0
2026-08-12 21:56:15,IA55_m-mistral-small-24b_sol1_gd0_rs0_bd1_str-mpfair_t00_n1,815,3,1,mistralai/Mistral-Small-24B-Instruct-2501,1,0,1,0,mpfair,0.0,10.5,0.0
2026-08-12 21:56:34,IA55_m-mistral-small-24b_sol1_gd0_rs0_bd1_str-mpfair_t00_n1,816,1,1,mistralai/Mistral-Small-24B-Instruct-2501,1,0,1,0,mpfair,0.0,12.5,0.0
2026-08-12 21:56:48,IA55_m-mistral-small-24b_sol1_gd0_rs0_bd1_str-mpfair_t00_n1,816,2,1,mistralai/Mistral-Small-24B-Instruct-2501,1,0,1,0,mpfair,0.0,0.0,0.0
2026-08-12 21:57:06,IA55_m-mistral-small-24b_sol1_gd0_rs0_bd1_str-mpfair_t00_n1,816,3,1,mistralai/Mistral-Small-24B-Instruct-2501,1,0,1,0,mpfair,0.0,10.5,0.0
2026-08-12 21:57:24,IA55_m-mistral-small-24b_sol1_gd0_rs0_bd1_str-mpfair_t00_n1,817,1,1,mistralai/Mistral-Small-24B-Instruct-2501,1,0,1,0,mpfair,0.0,13.5,0.0
2026-08-12 21:57:36,IA55_m-mistral-small-24b_sol1_gd0_rs0_bd1_str-mpfair_t00_n1,817,2,1,mistralai/Mistral-Small-24B-Instruct-2501,1,0,1,0,mpfair,0.0,0.0,0.0
2026-08-12 21:57:54,IA55_m-mistral-small-24b_sol1_gd0_rs0_bd1_str-mpfair_t00_n1,817,3,1,mistralai/Mistral-Small-24B-Instruct-2501,1,0,1,0,mpfair,0.0,0.0,0.0
2026-08-12 21:58:12,IA55_m-mistral-small-24b_sol1_gd0_rs0_bd1_str-mpfair_t00_n1,818,1,1,mistralai/Mistral-Small-24B-Instruct-2501,1,0,1,0,mpfair,0.0,10.5,0.0
2026-08-12 21:58:26,IA55_m-mistral-small-24b_sol1_gd0_rs0_bd1_str-mpfair_t00_n1,818,2,1,mistralai/Mistral-Small-24B-Instruct-2501,1,0,1,0,mpfair,0.0,12.0,0.0
2026-08-12 21:58:43,IA55_m-mistral-small-24b_sol1_gd0_rs0_bd1_str-mpfair_t00_n1,818,3,1,mistralai/Mistral-Small-24B-Instruct-2501,1,0,1,0,mpfair,0.0,10.5,0.0
2026-08-12 21:59:01,IA55_m-mistral-small-24b_sol1_gd0_rs0_bd1_str-mpfair_t00_n1,819,1,1,mistralai/Mistral-Small-24B-Instruct-2501,1,0,1,0,mpfair,0.0,17.0,0.0
2026-08-12 21:59:14,IA55_m-mistral-small-24b_sol1_gd0_rs0_bd1_str-mpfair_t00_n1,819,2,1,mistralai/Mistral-Small-24B-Instruct-2501,1,0,1,0,mpfair,0.0,0.0,0.0
2026-08-12 21:59:33,IA55_m-mistral-small-24b_sol1_gd0_rs0_bd1_str-mpfair_t00_n1,819,3,1,mistralai/Mistral-Small-24B-Instruct-2501,1,0,1,0,mpfair,0.0,12.0,0.0
2026-08-12 21:59:53,IA55_m-mistral-small-24b_sol1_gd0_rs0_bd1_str-mpfair_t00_n1,820,1,1,mistralai/Mistral-Small-24B-Instruct-2501,1,0,1,0,mpfair,0.0,10.0,0.0
2026-08-12 22:00:08,IA55_m-mistral-small-24b_sol1_gd0_rs0_bd1_str-mpfair_t00_n1,820,2,1,mistralai/Mistral-Small-24B-Instruct-2501,1,0,1,0,mpfair,0.0,0.0,0.0
2026-08-12 22:00:25,IA55_m-mistral-small-24b_sol1_gd0_rs0_bd1_str-mpfair_t00_n1,820,3,1,mistralai/Mistral-Small-24B-Instruct-2501,1,0,1,0,mpfair,0.0,10.5,0.0
2026-08-12 22:00:42,IA55_m-mistral-small-24b_sol1_gd0_rs0_bd1_str-mpfair_t00_n1,821,1,1,mistralai/Mistral-Small-24B-Instruct-2501,1,0,1,0,mpfair,0.0,10.5,0.0
2026-08-12 22:00:56,IA55_m-mistral-small-24b_sol1_gd0_rs0_bd1_str-mpfair_t00_n1,821,2,1,mistralai/Mistral-Small-24B-Instruct-2501,1,0,1,0,mpfair,0.0,10.0,0.0
2026-08-12 22:01:13,IA55_m-mistral-small-24b_sol1_gd0_rs0_bd1_str-mpfair_t00_n1,821,3,1,mistralai/Mistral-Small-24B-Instruct-2501,1,0,1,0,mpfair,0.0,0.0,0.0
2026-08-12 22:01:31,IA55_m-mistral-small-24b_sol1_gd0_rs0_bd1_str-mpfair_t00_n1,822,1,1,mistralai/Mistral-Small-24B-Instruct-2501,1,0,1,0,mpfair,0.0,10.5,0.0
2026-08-12 22:01:44,IA55_m-mistral-small-24b_sol1_gd0_rs0_bd1_str-mpfair_t00_n1,822,2,1,mistralai/Mistral-Small-24B-Instruct-2501,1,0,1,0,mpfair,0.0,0.0,0.0
2026-08-12 22:02:03,IA55_m-mistral-small-24b_sol1_gd0_rs0_bd1_str-mpfair_t00_n1,822,3,1,mistralai/Mistral-Small-24B-Instruct-2501,1,0,1,0,mpfair,0.0,10.0,0.0
2026-08-12 22:02:22,IA55_m-mistral-small-24b_sol1_gd0_rs0_bd1_str-mpfair_t00_n1,823,1,1,mistralai/Mistral-Small-24B-Instruct-2501,1,0,1,0,mpfair,0.0,10.5,0.0
2026-08-12 22:02:36,IA55_m-mistral-small-24b_sol1_gd0_rs0_bd1_str-mpfair_t00_n1,823,2,1,mistralai/Mistral-Small-24B-Instruct-2501,1,0,1,0,mpfair,0.0,10.0,0.0
2026-08-12 22:02:55,IA55_m-mistral-small-24b_sol1_gd0_rs0_bd1_str-mpfair_t00_n1,823,3,1,mistralai/Mistral-Small-24B-Instruct-2501,1,0,1,0,mpfair,0.0,10.5,0.0
2026-08-12 22:03:15,IA55_m-mistral-small-24b_sol1_gd0_rs0_bd1_str-mpfair_t00_n1,824,1,1,mistralai/Mistral-Small-24B-Instruct-2501,1,0,1,0,mpfair,0.0,10.5,0.0
2026-08-12 22:03:27,IA55_m-mistral-small-24b_sol1_gd0_rs0_bd1_str-mpfair_t00_n1,824,2,1,mistralai/Mistral-Small-24B-Instruct-2501,1,0,1,0,mpfair,0.0,0.0,0.0
2026-08-12 22:03:45,IA55_m-mistral-small-24b_sol1_gd0_rs0_bd1_str-mpfair_t00_n1,824,3,1,mistralai/Mistral-Small-24B-Instruct-2501,1,0,1,0,mpfair,0.0,0.0,0.0
2026-08-12 22:04:03,IA55_m-mistral-small-24b_sol1_gd0_rs0_bd1_str-mpfair_t00_n1,825,1,1,mistralai/Mistral-Small-24B-Instruct-2501,1,0,1,0,mpfair,0.0,15.0,0.0
2026-08-12 22:04:17,IA55_m-mistral-small-24b_sol1_gd0_rs0_bd1_str-mpfair_t00_n1,825,2,1,mistralai/Mistral-Small-24B-Instruct-2501,1,0,1,0,mpfair,0.0,10.0,0.0
2026-08-12 22:04:35,IA55_m-mistral-small-24b_sol1_gd0_rs0_bd1_str-mpfair_t00_n1,825,3,1,mistralai/Mistral-Small-24B-Instruct-2501,1,0,1,0,mpfair,0.0,10.5,0.0
2026-08-12 22:04:53,IA55_m-mistral-small-24b_sol1_gd0_rs0_bd1_str-mpfair_t00_n1,826,1,1,mistralai/Mistral-Small-24B-Instruct-2501,1,0,1,0,mpfair,0.0,15.5,0.0
2026-08-12 22:05:08,IA55_m-mistral-small-24b_sol1_gd0_rs0_bd1_str-mpfair_t00_n1,826,2,1,mistralai/Mistral-Small-24B-Instruct-2501,1,0,1,0,mpfair,0.0,10.0,0.0
2026-08-12 22:05:27,IA55_m-mistral-small-24b_sol1_gd0_rs0_bd1_str-mpfair_t00_n1,826,3,1,mistralai/Mistral-Small-24B-Instruct-2501,1,0,1,0,mpfair,0.0,10.5,0.0
2026-08-12 22:05:46,IA55_m-mistral-small-24b_sol1_gd0_rs0_bd1_str-mpfair_t00_n1,827,1,1,mistralai/Mistral-Small-24B-Instruct-2501,1,0,1,0,mpfair,0.0,18.0,0.0
2026-08-12 22:06:00,IA55_m-mistral-small-24b_sol1_gd0_rs0_bd1_str-mpfair_t00_n1,827,2,1,mistralai/Mistral-Small-24B-Instruct-2501,1,0,1,0,mpfair,0.0,10.0,0.0
2026-08-12 22:06:17,IA55_m-mistral-small-24b_sol1_gd0_rs0_bd1_str-mpfair_t00_n1,827,3,1,mistralai/Mistral-Small-24B-Instruct-2501,1,0,1,0,mpfair,0.0,0.0,0.0
2026-08-12 22:06:36,IA55_m-mistral-small-24b_sol1_gd0_rs0_bd1_str-mpfair_t00_n1,828,1,1,mistralai/Mistral-Small-24B-Instruct-2501,1,0,1,0,mpfair,0.0,13.5,0.0
2026-08-12 22:06:49,IA55_m-mistral-small-24b_sol1_gd0_rs0_bd1_str-mpfair_t00_n1,828,2,1,mistralai/Mistral-Small-24B-Instruct-2501,1,0,1,0,mpfair,0.0,10.0,3.0
2026-08-12 22:07:07,IA55_m-mistral-small-24b_sol1_gd0_rs0_bd1_str-mpfair_t00_n1,828,3,1,mistralai/Mistral-Small-24B-Instruct-2501,1,0,1,0,mpfair,0.0,12.5,0.0
2026-08-12 22:07:27,IA55_m-mistral-small-24b_sol1_gd0_rs0_bd1_str-mpfair_t00_n1,829,1,1,mistralai/Mistral-Small-24B-Instruct-2501,1,0,1,0,mpfair,0.0,19.5,0.0
2026-08-12 22:07:41,IA55_m-mistral-small-24b_sol1_gd0_rs0_bd1_str-mpfair_t00_n1,829,2,1,mistralai/Mistral-Small-24B-Instruct-2501,1,0,1,0,mpfair,0.0,0.0,0.0
2026-08-12 22:07:58,IA55_m-mistral-small-24b_sol1_gd0_rs0_bd1_str-mpfair_t00_n1,829,3,1,mistralai/Mistral-Small-24B-Instruct-2501,1,0,1,0,mpfair,0.0,10.5,0.0
2026-08-12 22:08:16,IA55_m-mistral-small-24b_sol1_gd0_rs0_bd1_str-mpfair_t00_n1,830,1,1,mistralai/Mistral-Small-24B-Instruct-2501,1,0,1,0,mpfair,0.0,12.5,0.0
2026-08-12 22:08:29,IA55_m-mistral-small-24b_sol1_gd0_rs0_bd1_str-mpfair_t00_n1,830,2,1,mistralai/Mistral-Small-24B-Instruct-2501,1,0,1,0,mpfair,0.0,0.0,0.0
2026-08-12 22:08:46,IA55_m-mistral-small-24b_sol1_gd0_rs0_bd1_str-mpfair_t00_n1,830,3,1,mistralai/Mistral-Small-24B-Instruct-2501,1,0,1,0,mpfair,0.0,0.0,0.0
2026-08-12 22:09:04,IA55_m-mistral-small-24b_sol1_gd0_rs0_bd1_str-mpfair_t00_n1,831,1,1,mistralai/Mistral-Small-24B-Instruct-2501,1,0,1,0,mpfair,0.0,10.5,0.0
2026-08-12 22:09:18,IA55_m-mistral-small-24b_sol1_gd0_rs0_bd1_str-mpfair_t00_n1,831,2,1,mistralai/Mistral-Small-24B-Instruct-2501,1,0,1,0,mpfair,0.0,10.0,0.0
2026-08-12 22:09:35,IA55_m-mistral-small-24b_sol1_gd0_rs0_bd1_str-mpfair_t00_n1,831,3,1,mistralai/Mistral-Small-24B-Instruct-2501,1,0,1,0,mpfair,0.0,0.0,0.0
2026-08-12 22:09:54,IA55_m-mistral-small-24b_sol1_gd0_rs0_bd1_str-mpfair_t00_n1,832,1,1,mistralai/Mistral-Small-24B-Instruct-2501,1,0,1,0,mpfair,0.0,10.0,0.0
2026-08-12 22:10:07,IA55_m-mistral-small-24b_sol1_gd0_rs0_bd1_str-mpfair_t00_n1,832,2,1,mistralai/Mistral-Small-24B-Instruct-2501,1,0,1,0,mpfair,0.0,0.0,0.0
2026-08-12 22:10:24,IA55_m-mistral-small-24b_sol1_gd0_rs0_bd1_str-mpfair_t00_n1,832,3,1,mistralai/Mistral-Small-24B-Instruct-2501,1,0,1,0,mpfair,0.0,0.0,0.0
2026-08-12 22:10:43,IA55_m-mistral-small-24b_sol1_gd0_rs0_bd1_str-mpfair_t00_n1,833,1,1,mistralai/Mistral-Small-24B-Instruct-2501,1,0,1,0,mpfair,0.0,10.5,0.0
2026-08-12 22:10:56,IA55_m-mistral-small-24b_sol1_gd0_rs0_bd1_str-mpfair_t00_n1,833,2,1,mistralai/Mistral-Small-24B-Instruct-2501,1,0,1,0,mpfair,0.0,0.0,0.0
2026-08-12 22:11:13,IA55_m-mistral-small-24b_sol1_gd0_rs0_bd1_str-mpfair_t00_n1,833,3,1,mistralai/Mistral-Small-24B-Instruct-2501,1,0,1,0,mpfair,0.0,0.0,0.0
2026-08-12 22:11:30,IA55_m-mistral-small-24b_sol1_gd0_rs0_bd1_str-mpfair_t00_n1,834,1,1,mistralai/Mistral-Small-24B-Instruct-2501,1,0,1,0,mpfair,0.0,10.5,0.0
2026-08-12 22:11:44,IA55_m-mistral-small-24b_sol1_gd0_rs0_bd1_str-mpfair_t00_n1,834,2,1,mistralai/Mistral-Small-24B-Instruct-2501,1,0,1,0,mpfair,0.0,10.0,0.0
2026-08-12 22:12:02,IA55_m-mistral-small-24b_sol1_gd0_rs0_bd1_str-mpfair_t00_n1,834,3,1,mistralai/Mistral-Small-24B-Instruct-2501,1,0,1,0,mpfair,0.0,10.5,0.0
2026-08-12 22:12:20,IA55_m-mistral-small-24b_sol1_gd0_rs0_bd1_str-mpfair_t00_n1,835,1,1,mistralai/Mistral-Small-24B-Instruct-2501,1,0,1,0,mpfair,0.0,13.5,0.0
2026-08-12 22:12:33,IA55_m-mistral-small-24b_sol1_gd0_rs0_bd1_str-mpfair_t00_n1,835,2,1,mistralai/Mistral-Small-24B-Instruct-2501,1,0,1,0,mpfair,0.0,10.0,0.0
2026-08-12 22:12:52,IA55_m-mistral-small-24b_sol1_gd0_rs0_bd1_str-mpfair_t00_n1,835,3,1,mistralai/Mistral-Small-24B-Instruct-2501,1,0,1,0,mpfair,0.0,0.0,0.0
2026-08-12 22:13:11,IA55_m-mistral-small-24b_sol1_gd0_rs0_bd1_str-mpfair_t00_n1,836,1,1,mistralai/Mistral-Small-24B-Instruct-2501,1,0,1,0,mpfair,0.0,15.5,0.0
2026-08-12 22:13:30,IA55_m-mistral-small-24b_sol1_gd0_rs0_bd1_str-mpfair_t00_n1,837,1,1,mistralai/Mistral-Small-24B-Instruct-2501,1,0,1,0,mpfair,0.0,10.5,0.0
2026-08-12 22:13:43,IA55_m-mistral-small-24b_sol1_gd0_rs0_bd1_str-mpfair_t00_n1,837,2,1,mistralai/Mistral-Small-24B-Instruct-2501,1,0,1,0,mpfair,0.0,0.0,0.0
2026-08-12 22:13:59,IA55_m-mistral-small-24b_sol1_gd0_rs0_bd1_str-mpfair_t00_n1,837,3,1,mistralai/Mistral-Small-24B-Instruct-2501,1,0,1,0,mpfair,0.0,10.5,0.0
2026-08-12 22:14:18,IA55_m-mistral-small-24b_sol1_gd0_rs0_bd1_str-mpfair_t00_n1,838,1,1,mistralai/Mistral-Small-24B-Instruct-2501,1,0,1,0,mpfair,0.0,16.5,0.0
2026-08-12 22:14:32,IA55_m-mistral-small-24b_sol1_gd0_rs0_bd1_str-mpfair_t00_n1,838,2,1,mistralai/Mistral-Small-24B-Instruct-2501,1,0,1,0,mpfair,0.0,10.0,0.0
2026-08-12 22:14:50,IA55_m-mistral-small-24b_sol1_gd0_rs0_bd1_str-mpfair_t00_n1,838,3,1,mistralai/Mistral-Small-24B-Instruct-2501,1,0,1,0,mpfair,0.0,10.5,0.0
2026-08-12 22:15:07,IA55_m-mistral-small-24b_sol1_gd0_rs0_bd1_str-mpfair_t00_n1,839,1,1,mistralai/Mistral-Small-24B-Instruct-2501,1,0,1,0,mpfair,0.0,18.0,0.0
2026-08-12 22:15:21,IA55_m-mistral-small-24b_sol1_gd0_rs0_bd1_str-mpfair_t00_n1,839,2,1,mistralai/Mistral-Small-24B-Instruct-2501,1,0,1,0,mpfair,0.0,10.0,0.0
2026-08-12 22:15:39,IA55_m-mistral-small-24b_sol1_gd0_rs0_bd1_str-mpfair_t00_n1,839,3,1,mistralai/Mistral-Small-24B-Instruct-2501,1,0,1,0,mpfair,0.0,10.5,0.0
2026-08-12 22:16:00,IA55_m-mistral-small-24b_sol1_gd0_rs0_bd1_str-mpfair_t00_n1,840,1,1,mistralai/Mistral-Small-24B-Instruct-2501,1,0,1,0,mpfair,0.0,15.5,0.0
2026-08-12 22:16:14,IA55_m-mistral-small-24b_sol1_gd0_rs0_bd1_str-mpfair_t00_n1,840,2,1,mistralai/Mistral-Small-24B-Instruct-2501,1,0,1,0,mpfair,0.0,0.0,0.0
2026-08-12 22:16:31,IA55_m-mistral-small-24b_sol1_gd0_rs0_bd1_str-mpfair_t00_n1,840,3,1,mistralai/Mistral-Small-24B-Instruct-2501,1,0,1,0,mpfair,0.0,10.5,0.0
2026-08-12 22:16:51,IA55_m-mistral-small-24b_sol1_gd0_rs0_bd1_str-mpfair_t00_n1,841,1,1,mistralai/Mistral-Small-24B-Instruct-2501,1,0,1,0,mpfair,0.0,10.5,0.0
2026-08-12 22:17:04,IA55_m-mistral-small-24b_sol1_gd0_rs0_bd1_str-mpfair_t00_n1,841,2,1,mistralai/Mistral-Small-24B-Instruct-2501,1,0,1,0,mpfair,0.0,10.0,0.0
2026-08-12 22:17:23,IA55_m-mistral-small-24b_sol1_gd0_rs0_bd1_str-mpfair_t00_n1,841,3,1,mistralai/Mistral-Small-24B-Instruct-2501,1,0,1,0,mpfair,0.0,10.0,0.0
2026-08-12 22:17:43,IA55_m-mistral-small-24b_sol1_gd0_rs0_bd1_str-mpfair_t00_n1,842,1,1,mistralai/Mistral-Small-24B-Instruct-2501,1,0,1,0,mpfair,0.0,1.0,0.0
2026-08-12 22:17:54,IA55_m-mistral-small-24b_sol1_gd0_rs0_bd1_str-mpfair_t00_n1,842,2,1,mistralai/Mistral-Small-24B-Instruct-2501,1,0,1,0,mpfair,0.0,0.0,0.0
2026-08-12 22:18:12,IA55_m-mistral-small-24b_sol1_gd0_rs0_bd1_str-mpfair_t00_n1,842,3,1,mistralai/Mistral-Small-24B-Instruct-2501,1,0,1,0,mpfair,0.0,0.0,0.0
2026-08-12 22:18:29,IA55_m-mistral-small-24b_sol1_gd0_rs0_bd1_str-mpfair_t00_n1,843,1,1,mistralai/Mistral-Small-24B-Instruct-2501,1,0,1,0,mpfair,0.0,10.5,0.0
2026-08-12 22:18:42,IA55_m-mistral-small-24b_sol1_gd0_rs0_bd1_str-mpfair_t00_n1,843,2,1,mistralai/Mistral-Small-24B-Instruct-2501,1,0,1,0,mpfair,0.0,0.0,0.0
2026-08-12 22:19:00,IA55_m-mistral-small-24b_sol1_gd0_rs0_bd1_str-mpfair_t00_n1,843,3,1,mistralai/Mistral-Small-24B-Instruct-2501,1,0,1,0,mpfair,0.0,0.0,0.0
2026-08-12 22:19:19,IA55_m-mistral-small-24b_sol1_gd0_rs0_bd1_str-mpfair_t00_n1,844,1,1,mistralai/Mistral-Small-24B-Instruct-2501,1,0,1,0,mpfair,0.0,13.5,0.0
2026-08-12 22:19:32,IA55_m-mistral-small-24b_sol1_gd0_rs0_bd1_str-mpfair_t00_n1,844,2,1,mistralai/Mistral-Small-24B-Instruct-2501,1,0,1,0,mpfair,0.0,10.0,0.0
2026-08-12 22:19:51,IA55_m-mistral-small-24b_sol1_gd0_rs0_bd1_str-mpfair_t00_n1,844,3,1,mistralai/Mistral-Small-24B-Instruct-2501,1,0,1,0,mpfair,0.0,10.5,0.0
2026-08-12 22:20:09,IA55_m-mistral-small-24b_sol1_gd0_rs0_bd1_str-mpfair_t00_n1,845,1,1,mistralai/Mistral-Small-24B-Instruct-2501,1,0,1,0,mpfair,0.0,10.5,0.0
2026-08-12 22:20:21,IA55_m-mistral-small-24b_sol1_gd0_rs0_bd1_str-mpfair_t00_n1,845,2,1,mistralai/Mistral-Small-24B-Instruct-2501,1,0,1,0,mpfair,0.0,13.0,0.0
2026-08-12 22:20:39,IA55_m-mistral-small-24b_sol1_gd0_rs0_bd1_str-mpfair_t00_n1,845,3,1,mistralai/Mistral-Small-24B-Instruct-2501,1,0,1,0,mpfair,0.0,0.0,0.0
2026-08-12 22:20:58,IA55_m-mistral-small-24b_sol1_gd0_rs0_bd1_str-mpfair_t00_n1,846,1,1,mistralai/Mistral-Small-24B-Instruct-2501,1,0,1,0,mpfair,0.0,10.0,0.0
2026-08-12 22:21:16,IA55_m-mistral-small-24b_sol1_gd0_rs0_bd1_str-mpfair_t00_n1,846,3,1,mistralai/Mistral-Small-24B-Instruct-2501,1,0,1,0,mpfair,0.0,0.0,0.0
2026-08-12 22:21:34,IA55_m-mistral-small-24b_sol1_gd0_rs0_bd1_str-mpfair_t00_n1,847,1,1,mistralai/Mistral-Small-24B-Instruct-2501,1,0,1,0,mpfair,0.0,0.0,0.0
2026-08-12 22:21:47,IA55_m-mistral-small-24b_sol1_gd0_rs0_bd1_str-mpfair_t00_n1,847,2,1,mistralai/Mistral-Small-24B-Instruct-2501,1,0,1,0,mpfair,0.0,0.0,0.0
2026-08-12 22:22:05,IA55_m-mistral-small-24b_sol1_gd0_rs0_bd1_str-mpfair_t00_n1,847,3,1,mistralai/Mistral-Small-24B-Instruct-2501,1,0,1,0,mpfair,0.0,0.0,0.0
2026-08-12 22:22:24,IA55_m-mistral-small-24b_sol1_gd0_rs0_bd1_str-mpfair_t00_n1,848,1,1,mistralai/Mistral-Small-24B-Instruct-2501,1,0,1,0,mpfair,0.0,12.5,0.0
2026-08-12 22:22:37,IA55_m-mistral-small-24b_sol1_gd0_rs0_bd1_str-mpfair_t00_n1,848,2,1,mistralai/Mistral-Small-24B-Instruct-2501,1,0,1,0,mpfair,0.0,0.0,0.0
2026-08-12 22:22:54,IA55_m-mistral-small-24b_sol1_gd0_rs0_bd1_str-mpfair_t00_n1,848,3,1,mistralai/Mistral-Small-24B-Instruct-2501,1,0,1,0,mpfair,0.0,10.5,0.0
2026-08-12 22:23:11,IA55_m-mistral-small-24b_sol1_gd0_rs0_bd1_str-mpfair_t00_n1,849,1,1,mistralai/Mistral-Small-24B-Instruct-2501,1,0,1,0,mpfair,0.0,14.0,0.0
2026-08-12 22:23:24,IA55_m-mistral-small-24b_sol1_gd0_rs0_bd1_str-mpfair_t00_n1,849,2,1,mistralai/Mistral-Small-24B-Instruct-2501,1,0,1,0,mpfair,0.0,10.0,0.0
2026-08-12 22:23:42,IA55_m-mistral-small-24b_sol1_gd0_rs0_bd1_str-mpfair_t00_n1,849,3,1,mistralai/Mistral-Small-24B-Instruct-2501,1,0,1,0,mpfair,0.0,0.0,0.0
2026-08-12 22:24:00,IA55_m-mistral-small-24b_sol1_gd0_rs0_bd1_str-mpfair_t00_n1,850,1,1,mistralai/Mistral-Small-24B-Instruct-2501,1,0,1,0,mpfair,0.0,13.5,0.0
2026-08-12 22:24:13,IA55_m-mistral-small-24b_sol1_gd0_rs0_bd1_str-mpfair_t00_n1,850,2,1,mistralai/Mistral-Small-24B-Instruct-2501,1,0,1,0,mpfair,0.0,0.0,0.0
2026-08-12 22:24:30,IA55_m-mistral-small-24b_sol1_gd0_rs0_bd1_str-mpfair_t00_n1,850,3,1,mistralai/Mistral-Small-24B-Instruct-2501,1,0,1,0,mpfair,0.0,10.5,0.0
2026-08-12 22:24:48,IA55_m-mistral-small-24b_sol1_gd0_rs0_bd1_str-mpfair_t00_n1,851,1,1,mistralai/Mistral-Small-24B-Instruct-2501,1,0,1,0,mpfair,0.0,19.5,3.0
2026-08-12 22:24:59,IA55_m-mistral-small-24b_sol1_gd0_rs0_bd1_str-mpfair_t00_n1,851,2,1,mistralai/Mistral-Small-24B-Instruct-2501,1,0,1,0,mpfair,0.0,0.0,0.0
2026-08-12 22:25:17,IA55_m-mistral-small-24b_sol1_gd0_rs0_bd1_str-mpfair_t00_n1,851,3,1,mistralai/Mistral-Small-24B-Instruct-2501,1,0,1,0,mpfair,0.0,12.5,0.0
2026-08-12 22:25:34,IA55_m-mistral-small-24b_sol1_gd0_rs0_bd1_str-mpfair_t00_n1,852,1,1,mistralai/Mistral-Small-24B-Instruct-2501,1,0,1,0,mpfair,0.0,10.5,0.0
2026-08-12 22:25:48,IA55_m-mistral-small-24b_sol1_gd0_rs0_bd1_str-mpfair_t00_n1,852,2,1,mistralai/Mistral-Small-24B-Instruct-2501,1,0,1,0,mpfair,0.0,10.0,0.0
2026-08-12 22:26:06,IA55_m-mistral-small-24b_sol1_gd0_rs0_bd1_str-mpfair_t00_n1,852,3,1,mistralai/Mistral-Small-24B-Instruct-2501,1,0,1,0,mpfair,0.0,10.5,0.0
2026-08-12 22:26:24,IA55_m-mistral-small-24b_sol1_gd0_rs0_bd1_str-mpfair_t00_n1,853,1,1,mistralai/Mistral-Small-24B-Instruct-2501,1,0,1,0,mpfair,0.0,10.0,0.0
2026-08-12 22:26:45,IA55_m-mistral-small-24b_sol1_gd0_rs0_bd1_str-mpfair_t00_n1,853,2,1,mistralai/Mistral-Small-24B-Instruct-2501,1,0,1,0,mpfair,0.0,10.0,0.0
2026-08-12 22:27:03,IA55_m-mistral-small-24b_sol1_gd0_rs0_bd1_str-mpfair_t00_n1,853,3,1,mistralai/Mistral-Small-24B-Instruct-2501,1,0,1,0,mpfair,0.0,0.0,0.0
2026-08-12 22:27:20,IA55_m-mistral-small-24b_sol1_gd0_rs0_bd1_str-mpfair_t00_n1,854,1,1,mistralai/Mistral-Small-24B-Instruct-2501,1,0,1,0,mpfair,0.0,17.5,0.0
2026-08-12 22:27:34,IA55_m-mistral-small-24b_sol1_gd0_rs0_bd1_str-mpfair_t00_n1,854,2,1,mistralai/Mistral-Small-24B-Instruct-2501,1,0,1,0,mpfair,0.0,0.0,0.0
2026-08-12 22:27:52,IA55_m-mistral-small-24b_sol1_gd0_rs0_bd1_str-mpfair_t00_n1,854,3,1,mistralai/Mistral-Small-24B-Instruct-2501,1,0,1,0,mpfair,0.0,10.5,0.0
2026-08-12 22:28:06,IA55_m-mistral-small-24b_sol1_gd0_rs0_bd1_str-mpfair_t00_n1,855,2,1,mistralai/Mistral-Small-24B-Instruct-2501,1,0,1,0,mpfair,0.0,0.0,0.0
2026-08-12 22:28:25,IA55_m-mistral-small-24b_sol1_gd0_rs0_bd1_str-mpfair_t00_n1,855,3,1,mistralai/Mistral-Small-24B-Instruct-2501,1,0,1,0,mpfair,0.0,10.0,0.0
2026-08-12 22:28:43,IA55_m-mistral-small-24b_sol1_gd0_rs0_bd1_str-mpfair_t00_n1,856,1,1,mistralai/Mistral-Small-24B-Instruct-2501,1,0,1,0,mpfair,0.0,10.5,0.0
2026-08-12 22:28:54,IA55_m-mistral-small-24b_sol1_gd0_rs0_bd1_str-mpfair_t00_n1,856,2,1,mistralai/Mistral-Small-24B-Instruct-2501,1,0,1,0,mpfair,0.0,0.0,0.0
2026-08-12 22:29:12,IA55_m-mistral-small-24b_sol1_gd0_rs0_bd1_str-mpfair_t00_n1,856,3,1,mistralai/Mistral-Small-24B-Instruct-2501,1,0,1,0,mpfair,0.0,0.0,0.0
2026-08-12 22:29:32,IA55_m-mistral-small-24b_sol1_gd0_rs0_bd1_str-mpfair_t00_n1,857,1,1,mistralai/Mistral-Small-24B-Instruct-2501,1,0,1,0,mpfair,0.0,10.0,0.0
2026-08-12 22:29:46,IA55_m-mistral-small-24b_sol1_gd0_rs0_bd1_str-mpfair_t00_n1,857,2,1,mistralai/Mistral-Small-24B-Instruct-2501,1,0,1,0,mpfair,0.0,0.0,0.0
2026-08-12 22:30:03,IA55_m-mistral-small-24b_sol1_gd0_rs0_bd1_str-mpfair_t00_n1,857,3,1,mistralai/Mistral-Small-24B-Instruct-2501,1,0,1,0,mpfair,0.0,10.5,0.0
2026-08-12 22:30:21,IA55_m-mistral-small-24b_sol1_gd0_rs0_bd1_str-mpfair_t00_n1,858,1,1,mistralai/Mistral-Small-24B-Instruct-2501,1,0,1,0,mpfair,0.0,14.5,0.0
2026-08-12 22:30:34,IA55_m-mistral-small-24b_sol1_gd0_rs0_bd1_str-mpfair_t00_n1,858,2,1,mistralai/Mistral-Small-24B-Instruct-2501,1,0,1,0,mpfair,0.0,10.0,0.0
2026-08-12 22:30:52,IA55_m-mistral-small-24b_sol1_gd0_rs0_bd1_str-mpfair_t00_n1,858,3,1,mistralai/Mistral-Small-24B-Instruct-2501,1,0,1,0,mpfair,0.0,10.5,0.0
2026-08-12 22:31:10,IA55_m-mistral-small-24b_sol1_gd0_rs0_bd1_str-mpfair_t00_n1,859,1,1,mistralai/Mistral-Small-24B-Instruct-2501,1,0,1,0,mpfair,0.0,10.0,0.0
2026-08-12 22:31:24,IA55_m-mistral-small-24b_sol1_gd0_rs0_bd1_str-mpfair_t00_n1,859,2,1,mistralai/Mistral-Small-24B-Instruct-2501,1,0,1,0,mpfair,0.0,0.0,0.0
2026-08-12 22:31:42,IA55_m-mistral-small-24b_sol1_gd0_rs0_bd1_str-mpfair_t00_n1,859,3,1,mistralai/Mistral-Small-24B-Instruct-2501,1,0,1,0,mpfair,0.0,10.5,0.0
2026-08-12 22:32:02,IA55_m-mistral-small-24b_sol1_gd0_rs0_bd1_str-mpfair_t00_n1,860,1,1,mistralai/Mistral-Small-24B-Instruct-2501,1,0,1,0,mpfair,0.0,10.5,0.0
2026-08-12 22:32:15,IA55_m-mistral-small-24b_sol1_gd0_rs0_bd1_str-mpfair_t00_n1,860,2,1,mistralai/Mistral-Small-24B-Instruct-2501,1,0,1,0,mpfair,0.0,10.0,0.0
2026-08-12 22:32:35,IA55_m-mistral-small-24b_sol1_gd0_rs0_bd1_str-mpfair_t00_n1,860,3,1,mistralai/Mistral-Small-24B-Instruct-2501,1,0,1,0,mpfair,0.0,10.5,0.0
2026-08-12 22:32:53,IA55_m-mistral-small-24b_sol1_gd0_rs0_bd1_str-mpfair_t00_n1,861,1,1,mistralai/Mistral-Small-24B-Instruct-2501,1,0,1,0,mpfair,0.0,19.5,0.0
2026-08-12 22:33:07,IA55_m-mistral-small-24b_sol1_gd0_rs0_bd1_str-mpfair_t00_n1,861,2,1,mistralai/Mistral-Small-24B-Instruct-2501,1,0,1,0,mpfair,0.0,0.0,0.0
2026-08-12 22:33:24,IA55_m-mistral-small-24b_sol1_gd0_rs0_bd1_str-mpfair_t00_n1,861,3,1,mistralai/Mistral-Small-24B-Instruct-2501,1,0,1,0,mpfair,0.0,12.5,0.0
2026-08-12 22:33:41,IA55_m-mistral-small-24b_sol1_gd0_rs0_bd1_str-mpfair_t00_n1,862,1,1,mistralai/Mistral-Small-24B-Instruct-2501,1,0,1,0,mpfair,0.0,19.0,0.0
2026-08-12 22:33:54,IA55_m-mistral-small-24b_sol1_gd0_rs0_bd1_str-mpfair_t00_n1,862,2,1,mistralai/Mistral-Small-24B-Instruct-2501,1,0,1,0,mpfair,0.0,13.0,0.0
2026-08-12 22:34:11,IA55_m-mistral-small-24b_sol1_gd0_rs0_bd1_str-mpfair_t00_n1,862,3,1,mistralai/Mistral-Small-24B-Instruct-2501,1,0,1,0,mpfair,0.0,12.5,0.0
2026-08-12 22:34:29,IA55_m-mistral-small-24b_sol1_gd0_rs0_bd1_str-mpfair_t00_n1,863,1,1,mistralai/Mistral-Small-24B-Instruct-2501,1,0,1,0,mpfair,0.0,10.5,0.0
2026-08-12 22:34:43,IA55_m-mistral-small-24b_sol1_gd0_rs0_bd1_str-mpfair_t00_n1,863,2,1,mistralai/Mistral-Small-24B-Instruct-2501,1,0,1,0,mpfair,0.0,10.0,0.0
2026-08-12 22:35:00,IA55_m-mistral-small-24b_sol1_gd0_rs0_bd1_str-mpfair_t00_n1,863,3,1,mistralai/Mistral-Small-24B-Instruct-2501,1,0,1,0,mpfair,0.0,0.0,0.0
2026-08-12 22:35:19,IA55_m-mistral-small-24b_sol1_gd0_rs0_bd1_str-mpfair_t00_n1,864,1,1,mistralai/Mistral-Small-24B-Instruct-2501,1,0,1,0,mpfair,0.0,12.0,0.0
2026-08-12 22:35:33,IA55_m-mistral-small-24b_sol1_gd0_rs0_bd1_str-mpfair_t00_n1,864,2,1,mistralai/Mistral-Small-24B-Instruct-2501,1,0,1,0,mpfair,0.0,0.0,0.0
2026-08-12 22:35:51,IA55_m-mistral-small-24b_sol1_gd0_rs0_bd1_str-mpfair_t00_n1,864,3,1,mistralai/Mistral-Small-24B-Instruct-2501,1,0,1,0,mpfair,0.0,10.5,0.0
2026-08-12 22:36:08,IA55_m-mistral-small-24b_sol1_gd0_rs0_bd1_str-mpfair_t00_n1,865,1,1,mistralai/Mistral-Small-24B-Instruct-2501,1,0,1,0,mpfair,0.0,14.5,0.0
2026-08-12 22:36:22,IA55_m-mistral-small-24b_sol1_gd0_rs0_bd1_str-mpfair_t00_n1,865,2,1,mistralai/Mistral-Small-24B-Instruct-2501,1,0,1,0,mpfair,0.0,0.0,0.0
2026-08-12 22:36:39,IA55_m-mistral-small-24b_sol1_gd0_rs0_bd1_str-mpfair_t00_n1,865,3,1,mistralai/Mistral-Small-24B-Instruct-2501,1,0,1,0,mpfair,0.0,10.5,0.0
2026-08-12 22:36:58,IA55_m-mistral-small-24b_sol1_gd0_rs0_bd1_str-mpfair_t00_n1,866,1,1,mistralai/Mistral-Small-24B-Instruct-2501,1,0,1,0,mpfair,0.0,10.5,0.0
2026-08-12 22:37:12,IA55_m-mistral-small-24b_sol1_gd0_rs0_bd1_str-mpfair_t00_n1,866,2,1,mistralai/Mistral-Small-24B-Instruct-2501,1,0,1,0,mpfair,0.0,0.0,0.0
2026-08-12 22:37:30,IA55_m-mistral-small-24b_sol1_gd0_rs0_bd1_str-mpfair_t00_n1,866,3,1,mistralai/Mistral-Small-24B-Instruct-2501,1,0,1,0,mpfair,0.0,10.5,0.0
2026-08-12 22:37:47,IA55_m-mistral-small-24b_sol1_gd0_rs0_bd1_str-mpfair_t00_n1,867,1,1,mistralai/Mistral-Small-24B-Instruct-2501,1,0,1,0,mpfair,0.0,13.5,0.0
2026-08-12 22:38:00,IA55_m-mistral-small-24b_sol1_gd0_rs0_bd1_str-mpfair_t00_n1,867,2,1,mistralai/Mistral-Small-24B-Instruct-2501,1,0,1,0,mpfair,0.0,0.0,0.0
2026-08-12 22:38:19,IA55_m-mistral-small-24b_sol1_gd0_rs0_bd1_str-mpfair_t00_n1,867,3,1,mistralai/Mistral-Small-24B-Instruct-2501,1,0,1,0,mpfair,0.0,0.0,0.0
2026-08-12 22:38:39,IA55_m-mistral-small-24b_sol1_gd0_rs0_bd1_str-mpfair_t00_n1,868,1,1,mistralai/Mistral-Small-24B-Instruct-2501,1,0,1,0,mpfair,0.0,12.5,0.0
2026-08-12 22:38:53,IA55_m-mistral-small-24b_sol1_gd0_rs0_bd1_str-mpfair_t00_n1,868,2,1,mistralai/Mistral-Small-24B-Instruct-2501,1,0,1,0,mpfair,0.0,10.0,0.0
2026-08-12 22:39:10,IA55_m-mistral-small-24b_sol1_gd0_rs0_bd1_str-mpfair_t00_n1,868,3,1,mistralai/Mistral-Small-24B-Instruct-2501,1,0,1,0,mpfair,0.0,10.0,0.0
2026-08-12 22:39:29,IA55_m-mistral-small-24b_sol1_gd0_rs0_bd1_str-mpfair_t00_n1,869,1,1,mistralai/Mistral-Small-24B-Instruct-2501,1,0,1,0,mpfair,0.0,12.0,0.0
2026-08-12 22:39:42,IA55_m-mistral-small-24b_sol1_gd0_rs0_bd1_str-mpfair_t00_n1,869,2,1,mistralai/Mistral-Small-24B-Instruct-2501,1,0,1,0,mpfair,0.0,10.0,0.0
2026-08-12 22:40:00,IA55_m-mistral-small-24b_sol1_gd0_rs0_bd1_str-mpfair_t00_n1,869,3,1,mistralai/Mistral-Small-24B-Instruct-2501,1,0,1,0,mpfair,0.0,0.0,0.0
2026-08-12 22:40:19,IA55_m-mistral-small-24b_sol1_gd0_rs0_bd1_str-mpfair_t00_n1,870,1,1,mistralai/Mistral-Small-24B-Instruct-2501,1,0,1,0,mpfair,0.0,16.0,0.0
2026-08-12 22:40:34,IA55_m-mistral-small-24b_sol1_gd0_rs0_bd1_str-mpfair_t00_n1,870,2,1,mistralai/Mistral-Small-24B-Instruct-2501,1,0,1,0,mpfair,0.0,0.0,0.0
2026-08-12 22:40:53,IA55_m-mistral-small-24b_sol1_gd0_rs0_bd1_str-mpfair_t00_n1,870,3,1,mistralai/Mistral-Small-24B-Instruct-2501,1,0,1,0,mpfair,0.0,10.5,0.0
2026-08-12 22:41:11,IA55_m-mistral-small-24b_sol1_gd0_rs0_bd1_str-mpfair_t00_n1,871,1,1,mistralai/Mistral-Small-24B-Instruct-2501,1,0,1,0,mpfair,0.0,12.5,0.0
2026-08-12 22:41:26,IA55_m-mistral-small-24b_sol1_gd0_rs0_bd1_str-mpfair_t00_n1,871,2,1,mistralai/Mistral-Small-24B-Instruct-2501,1,0,1,0,mpfair,0.0,0.0,0.0
2026-08-12 22:41:44,IA55_m-mistral-small-24b_sol1_gd0_rs0_bd1_str-mpfair_t00_n1,871,3,1,mistralai/Mistral-Small-24B-Instruct-2501,1,0,1,0,mpfair,0.0,0.0,0.0
2026-08-12 22:42:02,IA55_m-mistral-small-24b_sol1_gd0_rs0_bd1_str-mpfair_t00_n1,872,1,1,mistralai/Mistral-Small-24B-Instruct-2501,1,0,1,0,mpfair,0.0,13.5,0.0
2026-08-12 22:42:23,IA55_m-mistral-small-24b_sol1_gd0_rs0_bd1_str-mpfair_t00_n1,872,2,1,mistralai/Mistral-Small-24B-Instruct-2501,1,0,1,0,mpfair,0.0,10.0,0.0
2026-08-12 22:42:42,IA55_m-mistral-small-24b_sol1_gd0_rs0_bd1_str-mpfair_t00_n1,872,3,1,mistralai/Mistral-Small-24B-Instruct-2501,1,0,1,0,mpfair,0.0,10.5,0.0
2026-08-12 22:43:03,IA55_m-mistral-small-24b_sol1_gd0_rs0_bd1_str-mpfair_t00_n1,873,1,1,mistralai/Mistral-Small-24B-Instruct-2501,1,0,1,0,mpfair,0.0,13.5,0.0
2026-08-12 22:43:17,IA55_m-mistral-small-24b_sol1_gd0_rs0_bd1_str-mpfair_t00_n1,873,2,1,mistralai/Mistral-Small-24B-Instruct-2501,1,0,1,0,mpfair,0.0,0.0,0.0
2026-08-12 22:43:32,IA55_m-mistral-small-24b_sol1_gd0_rs0_bd1_str-mpfair_t00_n1,873,3,1,mistralai/Mistral-Small-24B-Instruct-2501,1,0,1,0,mpfair,0.0,0.0,0.0
2026-08-12 22:43:51,IA55_m-mistral-small-24b_sol1_gd0_rs0_bd1_str-mpfair_t00_n1,874,1,1,mistralai/Mistral-Small-24B-Instruct-2501,1,0,1,0,mpfair,0.0,15.5,0.0
2026-08-12 22:44:05,IA55_m-mistral-small-24b_sol1_gd0_rs0_bd1_str-mpfair_t00_n1,874,2,1,mistralai/Mistral-Small-24B-Instruct-2501,1,0,1,0,mpfair,0.0,10.0,0.0
2026-08-12 22:44:24,IA55_m-mistral-small-24b_sol1_gd0_rs0_bd1_str-mpfair_t00_n1,874,3,1,mistralai/Mistral-Small-24B-Instruct-2501,1,0,1,0,mpfair,0.0,10.5,0.0
2026-08-12 22:44:43,IA55_m-mistral-small-24b_sol1_gd0_rs0_bd1_str-mpfair_t00_n1,875,1,1,mistralai/Mistral-Small-24B-Instruct-2501,1,0,1,0,mpfair,0.0,10.0,0.0
2026-08-12 22:44:56,IA55_m-mistral-small-24b_sol1_gd0_rs0_bd1_str-mpfair_t00_n1,875,2,1,mistralai/Mistral-Small-24B-Instruct-2501,1,0,1,0,mpfair,0.0,0.0,0.0
2026-08-12 22:45:15,IA55_m-mistral-small-24b_sol1_gd0_rs0_bd1_str-mpfair_t00_n1,875,3,1,mistralai/Mistral-Small-24B-Instruct-2501,1,0,1,0,mpfair,0.0,0.0,0.0
2026-08-12 22:45:33,IA55_m-mistral-small-24b_sol1_gd0_rs0_bd1_str-mpfair_t00_n1,876,1,1,mistralai/Mistral-Small-24B-Instruct-2501,1,0,1,0,mpfair,0.0,10.5,0.0
2026-08-12 22:45:46,IA55_m-mistral-small-24b_sol1_gd0_rs0_bd1_str-mpfair_t00_n1,876,2,1,mistralai/Mistral-Small-24B-Instruct-2501,1,0,1,0,mpfair,0.0,10.0,0.0
2026-08-12 22:46:05,IA55_m-mistral-small-24b_sol1_gd0_rs0_bd1_str-mpfair_t00_n1,876,3,1,mistralai/Mistral-Small-24B-Instruct-2501,1,0,1,0,mpfair,0.0,10.5,0.0
2026-08-12 22:46:22,IA55_m-mistral-small-24b_sol1_gd0_rs0_bd1_str-mpfair_t00_n1,877,1,1,mistralai/Mistral-Small-24B-Instruct-2501,1,0,1,0,mpfair,0.0,19.0,0.0
2026-08-12 22:46:35,IA55_m-mistral-small-24b_sol1_gd0_rs0_bd1_str-mpfair_t00_n1,877,2,1,mistralai/Mistral-Small-24B-Instruct-2501,1,0,1,0,mpfair,0.0,10.0,0.0
2026-08-12 22:46:54,IA55_m-mistral-small-24b_sol1_gd0_rs0_bd1_str-mpfair_t00_n1,877,3,1,mistralai/Mistral-Small-24B-Instruct-2501,1,0,1,0,mpfair,0.0,10.5,0.0
2026-08-12 22:47:12,IA55_m-mistral-small-24b_sol1_gd0_rs0_bd1_str-mpfair_t00_n1,878,1,1,mistralai/Mistral-Small-24B-Instruct-2501,1,0,1,0,mpfair,0.0,10.5,0.0
2026-08-12 22:47:26,IA55_m-mistral-small-24b_sol1_gd0_rs0_bd1_str-mpfair_t00_n1,878,2,1,mistralai/Mistral-Small-24B-Instruct-2501,1,0,1,0,mpfair,0.0,10.0,0.0
2026-08-12 22:47:44,IA55_m-mistral-small-24b_sol1_gd0_rs0_bd1_str-mpfair_t00_n1,878,3,1,mistralai/Mistral-Small-24B-Instruct-2501,1,0,1,0,mpfair,0.0,10.0,0.0
2026-08-12 22:48:03,IA55_m-mistral-small-24b_sol1_gd0_rs0_bd1_str-mpfair_t00_n1,879,1,1,mistralai/Mistral-Small-24B-Instruct-2501,1,0,1,0,mpfair,0.0,13.5,0.0
2026-08-12 22:48:17,IA55_m-mistral-small-24b_sol1_gd0_rs0_bd1_str-mpfair_t00_n1,879,2,1,mistralai/Mistral-Small-24B-Instruct-2501,1,0,1,0,mpfair,0.0,10.0,0.0
2026-08-12 22:48:36,IA55_m-mistral-small-24b_sol1_gd0_rs0_bd1_str-mpfair_t00_n1,879,3,1,mistralai/Mistral-Small-24B-Instruct-2501,1,0,1,0,mpfair,0.0,14.0,0.0
2026-08-12 22:48:54,IA55_m-mistral-small-24b_sol1_gd0_rs0_bd1_str-mpfair_t00_n1,880,1,1,mistralai/Mistral-Small-24B-Instruct-2501,1,0,1,0,mpfair,0.0,10.5,0.0
2026-08-12 22:49:08,IA55_m-mistral-small-24b_sol1_gd0_rs0_bd1_str-mpfair_t00_n1,880,2,1,mistralai/Mistral-Small-24B-Instruct-2501,1,0,1,0,mpfair,0.0,0.0,0.0
2026-08-12 22:49:29,IA55_m-mistral-small-24b_sol1_gd0_rs0_bd1_str-mpfair_t00_n1,880,3,1,mistralai/Mistral-Small-24B-Instruct-2501,1,0,1,0,mpfair,0.0,14.5,0.0
2026-08-12 22:49:48,IA55_m-mistral-small-24b_sol1_gd0_rs0_bd1_str-mpfair_t00_n1,881,1,1,mistralai/Mistral-Small-24B-Instruct-2501,1,0,1,0,mpfair,0.0,10.0,0.0
2026-08-12 22:50:03,IA55_m-mistral-small-24b_sol1_gd0_rs0_bd1_str-mpfair_t00_n1,881,2,1,mistralai/Mistral-Small-24B-Instruct-2501,1,0,1,0,mpfair,0.0,0.0,0.0
2026-08-12 22:50:22,IA55_m-mistral-small-24b_sol1_gd0_rs0_bd1_str-mpfair_t00_n1,881,3,1,mistralai/Mistral-Small-24B-Instruct-2501,1,0,1,0,mpfair,0.0,0.0,0.0
2026-08-12 22:50:40,IA55_m-mistral-small-24b_sol1_gd0_rs0_bd1_str-mpfair_t00_n1,882,1,1,mistralai/Mistral-Small-24B-Instruct-2501,1,0,1,0,mpfair,0.0,13.5,0.0
2026-08-12 22:50:55,IA55_m-mistral-small-24b_sol1_gd0_rs0_bd1_str-mpfair_t00_n1,882,2,1,mistralai/Mistral-Small-24B-Instruct-2501,1,0,1,0,mpfair,0.0,10.0,0.0
2026-08-12 22:51:12,IA55_m-mistral-small-24b_sol1_gd0_rs0_bd1_str-mpfair_t00_n1,882,3,1,mistralai/Mistral-Small-24B-Instruct-2501,1,0,1,0,mpfair,0.0,10.5,0.0
2026-08-12 22:51:30,IA55_m-mistral-small-24b_sol1_gd0_rs0_bd1_str-mpfair_t00_n1,883,1,1,mistralai/Mistral-Small-24B-Instruct-2501,1,0,1,0,mpfair,0.0,12.5,0.0
2026-08-12 22:51:50,IA55_m-mistral-small-24b_sol1_gd0_rs0_bd1_str-mpfair_t00_n1,883,2,1,mistralai/Mistral-Small-24B-Instruct-2501,1,0,1,0,mpfair,0.0,10.0,0.0
2026-08-12 22:52:08,IA55_m-mistral-small-24b_sol1_gd0_rs0_bd1_str-mpfair_t00_n1,883,3,1,mistralai/Mistral-Small-24B-Instruct-2501,1,0,1,0,mpfair,0.0,10.5,0.0
2026-08-12 22:52:27,IA55_m-mistral-small-24b_sol1_gd0_rs0_bd1_str-mpfair_t00_n1,884,1,1,mistralai/Mistral-Small-24B-Instruct-2501,1,0,1,0,mpfair,0.0,14.5,0.0
2026-08-12 22:52:40,IA55_m-mistral-small-24b_sol1_gd0_rs0_bd1_str-mpfair_t00_n1,884,2,1,mistralai/Mistral-Small-24B-Instruct-2501,1,0,1,0,mpfair,0.0,10.0,0.0
2026-08-12 22:52:57,IA55_m-mistral-small-24b_sol1_gd0_rs0_bd1_str-mpfair_t00_n1,884,3,1,mistralai/Mistral-Small-24B-Instruct-2501,1,0,1,0,mpfair,0.0,12.5,0.0
2026-08-12 22:53:16,IA55_m-mistral-small-24b_sol1_gd0_rs0_bd1_str-mpfair_t00_n1,885,1,1,mistralai/Mistral-Small-24B-Instruct-2501,1,0,1,0,mpfair,0.0,15.5,0.0
2026-08-12 22:53:30,IA55_m-mistral-small-24b_sol1_gd0_rs0_bd1_str-mpfair_t00_n1,885,2,1,mistralai/Mistral-Small-24B-Instruct-2501,1,0,1,0,mpfair,0.0,10.0,0.0
2026-08-12 22:53:48,IA55_m-mistral-small-24b_sol1_gd0_rs0_bd1_str-mpfair_t00_n1,885,3,1,mistralai/Mistral-Small-24B-Instruct-2501,1,0,1,0,mpfair,0.0,0.0,0.0
2026-08-12 22:54:07,IA55_m-mistral-small-24b_sol1_gd0_rs0_bd1_str-mpfair_t00_n1,886,1,1,mistralai/Mistral-Small-24B-Instruct-2501,1,0,1,0,mpfair,0.0,10.0,0.0
2026-08-12 22:54:21,IA55_m-mistral-small-24b_sol1_gd0_rs0_bd1_str-mpfair_t00_n1,886,2,1,mistralai/Mistral-Small-24B-Instruct-2501,1,0,1,0,mpfair,0.0,0.0,0.0
2026-08-12 22:54:40,IA55_m-mistral-small-24b_sol1_gd0_rs0_bd1_str-mpfair_t00_n1,886,3,1,mistralai/Mistral-Small-24B-Instruct-2501,1,0,1,0,mpfair,0.0,0.0,0.0
2026-08-12 22:54:58,IA55_m-mistral-small-24b_sol1_gd0_rs0_bd1_str-mpfair_t00_n1,887,1,1,mistralai/Mistral-Small-24B-Instruct-2501,1,0,1,0,mpfair,0.0,18.0,0.0
2026-08-12 22:55:12,IA55_m-mistral-small-24b_sol1_gd0_rs0_bd1_str-mpfair_t00_n1,887,2,1,mistralai/Mistral-Small-24B-Instruct-2501,1,0,1,0,mpfair,0.0,14.0,3.0
2026-08-12 22:55:30,IA55_m-mistral-small-24b_sol1_gd0_rs0_bd1_str-mpfair_t00_n1,887,3,1,mistralai/Mistral-Small-24B-Instruct-2501,1,0,1,0,mpfair,0.0,10.5,0.0
2026-08-12 22:55:48,IA55_m-mistral-small-24b_sol1_gd0_rs0_bd1_str-mpfair_t00_n1,888,1,1,mistralai/Mistral-Small-24B-Instruct-2501,1,0,1,0,mpfair,0.0,0.0,0.0
2026-08-12 22:56:01,IA55_m-mistral-small-24b_sol1_gd0_rs0_bd1_str-mpfair_t00_n1,888,2,1,mistralai/Mistral-Small-24B-Instruct-2501,1,0,1,0,mpfair,0.0,0.0,0.0
2026-08-12 22:56:19,IA55_m-mistral-small-24b_sol1_gd0_rs0_bd1_str-mpfair_t00_n1,888,3,1,mistralai/Mistral-Small-24B-Instruct-2501,1,0,1,0,mpfair,0.0,0.0,0.0
2026-08-12 22:56:38,IA55_m-mistral-small-24b_sol1_gd0_rs0_bd1_str-mpfair_t00_n1,889,1,1,mistralai/Mistral-Small-24B-Instruct-2501,1,0,1,0,mpfair,0.0,10.0,0.0
2026-08-12 22:56:56,IA55_m-mistral-small-24b_sol1_gd0_rs0_bd1_str-mpfair_t00_n1,889,3,1,mistralai/Mistral-Small-24B-Instruct-2501,1,0,1,0,mpfair,0.0,12.5,0.0
2026-08-12 22:57:15,IA55_m-mistral-small-24b_sol1_gd0_rs0_bd1_str-mpfair_t00_n1,890,1,1,mistralai/Mistral-Small-24B-Instruct-2501,1,0,1,0,mpfair,0.0,16.5,0.0
2026-08-12 22:57:29,IA55_m-mistral-small-24b_sol1_gd0_rs0_bd1_str-mpfair_t00_n1,890,2,1,mistralai/Mistral-Small-24B-Instruct-2501,1,0,1,0,mpfair,0.0,0.0,0.0
2026-08-12 22:57:47,IA55_m-mistral-small-24b_sol1_gd0_rs0_bd1_str-mpfair_t00_n1,890,3,1,mistralai/Mistral-Small-24B-Instruct-2501,1,0,1,0,mpfair,0.0,0.0,0.0
2026-08-12 22:58:04,IA55_m-mistral-small-24b_sol1_gd0_rs0_bd1_str-mpfair_t00_n1,891,1,1,mistralai/Mistral-Small-24B-Instruct-2501,1,0,1,0,mpfair,0.0,10.5,0.0
2026-08-12 22:58:17,IA55_m-mistral-small-24b_sol1_gd0_rs0_bd1_str-mpfair_t00_n1,891,2,1,mistralai/Mistral-Small-24B-Instruct-2501,1,0,1,0,mpfair,0.0,0.0,0.0
2026-08-12 22:58:33,IA55_m-mistral-small-24b_sol1_gd0_rs0_bd1_str-mpfair_t00_n1,891,3,1,mistralai/Mistral-Small-24B-Instruct-2501,1,0,1,0,mpfair,0.0,0.0,0.0
2026-08-12 22:58:52,IA55_m-mistral-small-24b_sol1_gd0_rs0_bd1_str-mpfair_t00_n1,892,1,1,mistralai/Mistral-Small-24B-Instruct-2501,1,0,1,0,mpfair,0.0,19.5,3.0
2026-08-12 22:59:05,IA55_m-mistral-small-24b_sol1_gd0_rs0_bd1_str-mpfair_t00_n1,892,2,1,mistralai/Mistral-Small-24B-Instruct-2501,1,0,1,0,mpfair,0.0,14.0,3.0
2026-08-12 22:59:23,IA55_m-mistral-small-24b_sol1_gd0_rs0_bd1_str-mpfair_t00_n1,892,3,1,mistralai/Mistral-Small-24B-Instruct-2501,1,0,1,0,mpfair,0.0,10.5,0.0
2026-08-12 22:59:41,IA55_m-mistral-small-24b_sol1_gd0_rs0_bd1_str-mpfair_t00_n1,893,1,1,mistralai/Mistral-Small-24B-Instruct-2501,1,0,1,0,mpfair,0.0,10.5,0.0
2026-08-12 22:59:54,IA55_m-mistral-small-24b_sol1_gd0_rs0_bd1_str-mpfair_t00_n1,893,2,1,mistralai/Mistral-Small-24B-Instruct-2501,1,0,1,0,mpfair,0.0,0.0,0.0
2026-08-12 23:00:10,IA55_m-mistral-small-24b_sol1_gd0_rs0_bd1_str-mpfair_t00_n1,893,3,1,mistralai/Mistral-Small-24B-Instruct-2501,1,0,1,0,mpfair,0.0,0.0,0.0
2026-08-12 23:00:30,IA55_m-mistral-small-24b_sol1_gd0_rs0_bd1_str-mpfair_t00_n1,894,1,1,mistralai/Mistral-Small-24B-Instruct-2501,1,0,1,0,mpfair,0.0,19.0,3.0
2026-08-12 23:00:43,IA55_m-mistral-small-24b_sol1_gd0_rs0_bd1_str-mpfair_t00_n1,894,2,1,mistralai/Mistral-Small-24B-Instruct-2501,1,0,1,0,mpfair,0.0,10.0,3.0
2026-08-12 23:01:02,IA55_m-mistral-small-24b_sol1_gd0_rs0_bd1_str-mpfair_t00_n1,894,3,1,mistralai/Mistral-Small-24B-Instruct-2501,1,0,1,0,mpfair,0.0,10.5,0.0
2026-08-12 23:01:21,IA55_m-mistral-small-24b_sol1_gd0_rs0_bd1_str-mpfair_t00_n1,895,1,1,mistralai/Mistral-Small-24B-Instruct-2501,1,0,1,0,mpfair,0.0,13.5,0.0
2026-08-12 23:01:34,IA55_m-mistral-small-24b_sol1_gd0_rs0_bd1_str-mpfair_t00_n1,895,2,1,mistralai/Mistral-Small-24B-Instruct-2501,1,0,1,0,mpfair,0.0,10.0,0.0
2026-08-12 23:01:52,IA55_m-mistral-small-24b_sol1_gd0_rs0_bd1_str-mpfair_t00_n1,895,3,1,mistralai/Mistral-Small-24B-Instruct-2501,1,0,1,0,mpfair,0.0,12.0,0.0
2026-08-12 23:02:10,IA55_m-mistral-small-24b_sol1_gd0_rs0_bd1_str-mpfair_t00_n1,896,1,1,mistralai/Mistral-Small-24B-Instruct-2501,1,0,1,0,mpfair,0.0,18.0,3.0
2026-08-12 23:02:22,IA55_m-mistral-small-24b_sol1_gd0_rs0_bd1_str-mpfair_t00_n1,896,2,1,mistralai/Mistral-Small-24B-Instruct-2501,1,0,1,0,mpfair,0.0,13.0,0.0
2026-08-12 23:02:39,IA55_m-mistral-small-24b_sol1_gd0_rs0_bd1_str-mpfair_t00_n1,896,3,1,mistralai/Mistral-Small-24B-Instruct-2501,1,0,1,0,mpfair,0.0,13.5,0.0
2026-08-12 23:02:59,IA55_m-mistral-small-24b_sol1_gd0_rs0_bd1_str-mpfair_t00_n1,897,1,1,mistralai/Mistral-Small-24B-Instruct-2501,1,0,1,0,mpfair,0.0,12.5,0.0
2026-08-12 23:03:13,IA55_m-mistral-small-24b_sol1_gd0_rs0_bd1_str-mpfair_t00_n1,897,2,1,mistralai/Mistral-Small-24B-Instruct-2501,1,0,1,0,mpfair,0.0,0.0,0.0
2026-08-12 23:03:31,IA55_m-mistral-small-24b_sol1_gd0_rs0_bd1_str-mpfair_t00_n1,897,3,1,mistralai/Mistral-Small-24B-Instruct-2501,1,0,1,0,mpfair,0.0,10.5,0.0
2026-08-12 23:03:50,IA55_m-mistral-small-24b_sol1_gd0_rs0_bd1_str-mpfair_t00_n1,898,1,1,mistralai/Mistral-Small-24B-Instruct-2501,1,0,1,0,mpfair,0.0,10.5,0.0
2026-08-12 23:04:04,IA55_m-mistral-small-24b_sol1_gd0_rs0_bd1_str-mpfair_t00_n1,898,2,1,mistralai/Mistral-Small-24B-Instruct-2501,1,0,1,0,mpfair,0.0,10.0,0.0
2026-08-12 23:04:21,IA55_m-mistral-small-24b_sol1_gd0_rs0_bd1_str-mpfair_t00_n1,898,3,1,mistralai/Mistral-Small-24B-Instruct-2501,1,0,1,0,mpfair,0.0,0.0,0.0
2026-08-12 23:04:39,IA55_m-mistral-small-24b_sol1_gd0_rs0_bd1_str-mpfair_t00_n1,899,1,1,mistralai/Mistral-Small-24B-Instruct-2501,1,0,1,0,mpfair,0.0,16.0,0.0
2026-08-12 23:04:53,IA55_m-mistral-small-24b_sol1_gd0_rs0_bd1_str-mpfair_t00_n1,899,2,1,mistralai/Mistral-Small-24B-Instruct-2501,1,0,1,0,mpfair,0.0,0.0,0.0
2026-08-12 23:05:11,IA55_m-mistral-small-24b_sol1_gd0_rs0_bd1_str-mpfair_t00_n1,899,3,1,mistralai/Mistral-Small-24B-Instruct-2501,1,0,1,0,mpfair,0.0,12.5,0.0
2026-08-12 23:05:32,IA55_m-mistral-small-24b_sol1_gd0_rs0_bd1_str-mpfair_t00_n1,900,1,1,mistralai/Mistral-Small-24B-Instruct-2501,1,0,1,0,mpfair,0.0,10.0,0.0
2026-08-12 23:05:46,IA55_m-mistral-small-24b_sol1_gd0_rs0_bd1_str-mpfair_t00_n1,900,2,1,mistralai/Mistral-Small-24B-Instruct-2501,1,0,1,0,mpfair,0.0,0.0,0.0
2026-08-12 23:06:03,IA55_m-mistral-small-24b_sol1_gd0_rs0_bd1_str-mpfair_t00_n1,900,3,1,mistralai/Mistral-Small-24B-Instruct-2501,1,0,1,0,mpfair,0.0,0.0,0.0
2026-08-12 23:06:22,IA55_m-mistral-small-24b_sol1_gd0_rs0_bd1_str-mpfair_t00_n1,901,1,1,mistralai/Mistral-Small-24B-Instruct-2501,1,0,1,0,mpfair,0.0,10.5,0.0
2026-08-12 23:06:40,IA55_m-mistral-small-24b_sol1_gd0_rs0_bd1_str-mpfair_t00_n1,901,3,1,mistralai/Mistral-Small-24B-Instruct-2501,1,0,1,0,mpfair,0.0,10.5,0.0
2026-08-12 23:06:59,IA55_m-mistral-small-24b_sol1_gd0_rs0_bd1_str-mpfair_t00_n1,902,1,1,mistralai/Mistral-Small-24B-Instruct-2501,1,0,1,0,mpfair,0.0,13.5,0.0
2026-08-12 23:07:13,IA55_m-mistral-small-24b_sol1_gd0_rs0_bd1_str-mpfair_t00_n1,902,2,1,mistralai/Mistral-Small-24B-Instruct-2501,1,0,1,0,mpfair,0.0,10.0,0.0
2026-08-12 23:07:31,IA55_m-mistral-small-24b_sol1_gd0_rs0_bd1_str-mpfair_t00_n1,902,3,1,mistralai/Mistral-Small-24B-Instruct-2501,1,0,1,0,mpfair,0.0,10.5,0.0
2026-08-12 23:07:49,IA55_m-mistral-small-24b_sol1_gd0_rs0_bd1_str-mpfair_t00_n1,903,1,1,mistralai/Mistral-Small-24B-Instruct-2501,1,0,1,0,mpfair,0.0,10.5,0.0
2026-08-12 23:08:02,IA55_m-mistral-small-24b_sol1_gd0_rs0_bd1_str-mpfair_t00_n1,903,2,1,mistralai/Mistral-Small-24B-Instruct-2501,1,0,1,0,mpfair,0.0,0.0,0.0
2026-08-12 23:08:21,IA55_m-mistral-small-24b_sol1_gd0_rs0_bd1_str-mpfair_t00_n1,903,3,1,mistralai/Mistral-Small-24B-Instruct-2501,1,0,1,0,mpfair,0.0,0.0,0.0
2026-08-12 23:08:40,IA55_m-mistral-small-24b_sol1_gd0_rs0_bd1_str-mpfair_t00_n1,904,1,1,mistralai/Mistral-Small-24B-Instruct-2501,1,0,1,0,mpfair,0.0,12.5,0.0
2026-08-12 23:08:53,IA55_m-mistral-small-24b_sol1_gd0_rs0_bd1_str-mpfair_t00_n1,904,2,1,mistralai/Mistral-Small-24B-Instruct-2501,1,0,1,0,mpfair,0.0,0.0,0.0
2026-08-12 23:09:12,IA55_m-mistral-small-24b_sol1_gd0_rs0_bd1_str-mpfair_t00_n1,904,3,1,mistralai/Mistral-Small-24B-Instruct-2501,1,0,1,0,mpfair,0.0,0.0,0.0
2026-08-12 23:09:28,IA55_m-mistral-small-24b_sol1_gd0_rs0_bd1_str-mpfair_t00_n1,905,1,1,mistralai/Mistral-Small-24B-Instruct-2501,1,0,1,0,mpfair,0.0,10.5,0.0
2026-08-12 23:09:43,IA55_m-mistral-small-24b_sol1_gd0_rs0_bd1_str-mpfair_t00_n1,905,2,1,mistralai/Mistral-Small-24B-Instruct-2501,1,0,1,0,mpfair,0.0,0.0,0.0
2026-08-12 23:09:59,IA55_m-mistral-small-24b_sol1_gd0_rs0_bd1_str-mpfair_t00_n1,905,3,1,mistralai/Mistral-Small-24B-Instruct-2501,1,0,1,0,mpfair,0.0,10.0,0.0
2026-08-12 23:10:18,IA55_m-mistral-small-24b_sol1_gd0_rs0_bd1_str-mpfair_t00_n1,906,1,1,mistralai/Mistral-Small-24B-Instruct-2501,1,0,1,0,mpfair,0.0,15.5,0.0
2026-08-12 23:10:32,IA55_m-mistral-small-24b_sol1_gd0_rs0_bd1_str-mpfair_t00_n1,906,2,1,mistralai/Mistral-Small-24B-Instruct-2501,1,0,1,0,mpfair,0.0,0.0,0.0
2026-08-12 23:10:49,IA55_m-mistral-small-24b_sol1_gd0_rs0_bd1_str-mpfair_t00_n1,906,3,1,mistralai/Mistral-Small-24B-Instruct-2501,1,0,1,0,mpfair,0.0,10.5,0.0
2026-08-12 23:11:08,IA55_m-mistral-small-24b_sol1_gd0_rs0_bd1_str-mpfair_t00_n1,907,1,1,mistralai/Mistral-Small-24B-Instruct-2501,1,0,1,0,mpfair,0.0,13.5,0.0
2026-08-12 23:11:22,IA55_m-mistral-small-24b_sol1_gd0_rs0_bd1_str-mpfair_t00_n1,907,2,1,mistralai/Mistral-Small-24B-Instruct-2501,1,0,1,0,mpfair,0.0,10.0,0.0
2026-08-12 23:11:39,IA55_m-mistral-small-24b_sol1_gd0_rs0_bd1_str-mpfair_t00_n1,907,3,1,mistralai/Mistral-Small-24B-Instruct-2501,1,0,1,0,mpfair,0.0,12.5,0.0
2026-08-12 23:11:57,IA55_m-mistral-small-24b_sol1_gd0_rs0_bd1_str-mpfair_t00_n1,908,1,1,mistralai/Mistral-Small-24B-Instruct-2501,1,0,1,0,mpfair,0.0,10.0,0.0
2026-08-12 23:12:11,IA55_m-mistral-small-24b_sol1_gd0_rs0_bd1_str-mpfair_t00_n1,908,2,1,mistralai/Mistral-Small-24B-Instruct-2501,1,0,1,0,mpfair,0.0,10.0,0.0
2026-08-12 23:12:30,IA55_m-mistral-small-24b_sol1_gd0_rs0_bd1_str-mpfair_t00_n1,908,3,1,mistralai/Mistral-Small-24B-Instruct-2501,1,0,1,0,mpfair,0.0,10.0,0.0
2026-08-12 23:12:48,IA55_m-mistral-small-24b_sol1_gd0_rs0_bd1_str-mpfair_t00_n1,909,1,1,mistralai/Mistral-Small-24B-Instruct-2501,1,0,1,0,mpfair,0.0,14.5,0.0
2026-08-12 23:13:02,IA55_m-mistral-small-24b_sol1_gd0_rs0_bd1_str-mpfair_t00_n1,909,2,1,mistralai/Mistral-Small-24B-Instruct-2501,1,0,1,0,mpfair,0.0,10.0,0.0
2026-08-12 23:13:19,IA55_m-mistral-small-24b_sol1_gd0_rs0_bd1_str-mpfair_t00_n1,909,3,1,mistralai/Mistral-Small-24B-Instruct-2501,1,0,1,0,mpfair,0.0,10.5,0.0
2026-08-12 23:13:38,IA55_m-mistral-small-24b_sol1_gd0_rs0_bd1_str-mpfair_t00_n1,910,1,1,mistralai/Mistral-Small-24B-Instruct-2501,1,0,1,0,mpfair,0.0,10.0,0.0
2026-08-12 23:13:51,IA55_m-mistral-small-24b_sol1_gd0_rs0_bd1_str-mpfair_t00_n1,910,2,1,mistralai/Mistral-Small-24B-Instruct-2501,1,0,1,0,mpfair,0.0,10.0,0.0
2026-08-12 23:14:09,IA55_m-mistral-small-24b_sol1_gd0_rs0_bd1_str-mpfair_t00_n1,910,3,1,mistralai/Mistral-Small-24B-Instruct-2501,1,0,1,0,mpfair,0.0,0.0,0.0
2026-08-12 23:14:28,IA55_m-mistral-small-24b_sol1_gd0_rs0_bd1_str-mpfair_t00_n1,911,1,1,mistralai/Mistral-Small-24B-Instruct-2501,1,0,1,0,mpfair,0.0,10.5,0.0
2026-08-12 23:14:43,IA55_m-mistral-small-24b_sol1_gd0_rs0_bd1_str-mpfair_t00_n1,911,2,1,mistralai/Mistral-Small-24B-Instruct-2501,1,0,1,0,mpfair,0.0,10.0,0.0
2026-08-12 23:15:01,IA55_m-mistral-small-24b_sol1_gd0_rs0_bd1_str-mpfair_t00_n1,911,3,1,mistralai/Mistral-Small-24B-Instruct-2501,1,0,1,0,mpfair,0.0,10.5,0.0
2026-08-12 23:15:17,IA55_m-mistral-small-24b_sol1_gd0_rs0_bd1_str-mpfair_t00_n1,912,1,1,mistralai/Mistral-Small-24B-Instruct-2501,1,0,1,0,mpfair,0.0,12.5,0.0
2026-08-12 23:15:31,IA55_m-mistral-small-24b_sol1_gd0_rs0_bd1_str-mpfair_t00_n1,912,2,1,mistralai/Mistral-Small-24B-Instruct-2501,1,0,1,0,mpfair,0.0,0.0,0.0
2026-08-12 23:15:49,IA55_m-mistral-small-24b_sol1_gd0_rs0_bd1_str-mpfair_t00_n1,912,3,1,mistralai/Mistral-Small-24B-Instruct-2501,1,0,1,0,mpfair,0.0,0.0,0.0
2026-08-12 23:16:07,IA55_m-mistral-small-24b_sol1_gd0_rs0_bd1_str-mpfair_t00_n1,913,1,1,mistralai/Mistral-Small-24B-Instruct-2501,1,0,1,0,mpfair,0.0,10.5,0.0
2026-08-12 23:16:22,IA55_m-mistral-small-24b_sol1_gd0_rs0_bd1_str-mpfair_t00_n1,913,2,1,mistralai/Mistral-Small-24B-Instruct-2501,1,0,1,0,mpfair,0.0,0.0,0.0
2026-08-12 23:16:40,IA55_m-mistral-small-24b_sol1_gd0_rs0_bd1_str-mpfair_t00_n1,913,3,1,mistralai/Mistral-Small-24B-Instruct-2501,1,0,1,0,mpfair,0.0,0.0,0.0
2026-08-12 23:16:57,IA55_m-mistral-small-24b_sol1_gd0_rs0_bd1_str-mpfair_t00_n1,914,1,1,mistralai/Mistral-Small-24B-Instruct-2501,1,0,1,0,mpfair,0.0,10.5,0.0
2026-08-12 23:17:10,IA55_m-mistral-small-24b_sol1_gd0_rs0_bd1_str-mpfair_t00_n1,914,2,1,mistralai/Mistral-Small-24B-Instruct-2501,1,0,1,0,mpfair,0.0,5.0,0.0
2026-08-12 23:17:29,IA55_m-mistral-small-24b_sol1_gd0_rs0_bd1_str-mpfair_t00_n1,914,3,1,mistralai/Mistral-Small-24B-Instruct-2501,1,0,1,0,mpfair,0.0,10.5,0.0
2026-08-12 23:17:47,IA55_m-mistral-small-24b_sol1_gd0_rs0_bd1_str-mpfair_t00_n1,915,1,1,mistralai/Mistral-Small-24B-Instruct-2501,1,0,1,0,mpfair,0.0,10.5,0.0
2026-08-12 23:18:01,IA55_m-mistral-small-24b_sol1_gd0_rs0_bd1_str-mpfair_t00_n1,915,2,1,mistralai/Mistral-Small-24B-Instruct-2501,1,0,1,0,mpfair,0.0,10.0,0.0
2026-08-12 23:18:20,IA55_m-mistral-small-24b_sol1_gd0_rs0_bd1_str-mpfair_t00_n1,915,3,1,mistralai/Mistral-Small-24B-Instruct-2501,1,0,1,0,mpfair,0.0,10.5,0.0
2026-08-12 23:18:38,IA55_m-mistral-small-24b_sol1_gd0_rs0_bd1_str-mpfair_t00_n1,916,1,1,mistralai/Mistral-Small-24B-Instruct-2501,1,0,1,0,mpfair,0.0,0.0,0.0
2026-08-12 23:18:52,IA55_m-mistral-small-24b_sol1_gd0_rs0_bd1_str-mpfair_t00_n1,916,2,1,mistralai/Mistral-Small-24B-Instruct-2501,1,0,1,0,mpfair,0.0,0.0,0.0
2026-08-12 23:19:09,IA55_m-mistral-small-24b_sol1_gd0_rs0_bd1_str-mpfair_t00_n1,916,3,1,mistralai/Mistral-Small-24B-Instruct-2501,1,0,1,0,mpfair,0.0,0.0,0.0
2026-08-12 23:19:27,IA55_m-mistral-small-24b_sol1_gd0_rs0_bd1_str-mpfair_t00_n1,917,1,1,mistralai/Mistral-Small-24B-Instruct-2501,1,0,1,0,mpfair,0.0,10.5,0.0
2026-08-12 23:19:40,IA55_m-mistral-small-24b_sol1_gd0_rs0_bd1_str-mpfair_t00_n1,917,2,1,mistralai/Mistral-Small-24B-Instruct-2501,1,0,1,0,mpfair,0.0,0.0,0.0
2026-08-12 23:19:59,IA55_m-mistral-small-24b_sol1_gd0_rs0_bd1_str-mpfair_t00_n1,917,3,1,mistralai/Mistral-Small-24B-Instruct-2501,1,0,1,0,mpfair,0.0,10.5,0.0
2026-08-12 23:20:17,IA55_m-mistral-small-24b_sol1_gd0_rs0_bd1_str-mpfair_t00_n1,918,1,1,mistralai/Mistral-Small-24B-Instruct-2501,1,0,1,0,mpfair,0.0,15.5,0.0
2026-08-12 23:20:31,IA55_m-mistral-small-24b_sol1_gd0_rs0_bd1_str-mpfair_t00_n1,918,2,1,mistralai/Mistral-Small-24B-Instruct-2501,1,0,1,0,mpfair,0.0,10.0,0.0
2026-08-12 23:20:49,IA55_m-mistral-small-24b_sol1_gd0_rs0_bd1_str-mpfair_t00_n1,918,3,1,mistralai/Mistral-Small-24B-Instruct-2501,1,0,1,0,mpfair,0.0,10.0,0.0
2026-08-12 23:21:09,IA55_m-mistral-small-24b_sol1_gd0_rs0_bd1_str-mpfair_t00_n1,919,1,1,mistralai/Mistral-Small-24B-Instruct-2501,1,0,1,0,mpfair,0.0,10.0,0.0
2026-08-12 23:21:23,IA55_m-mistral-small-24b_sol1_gd0_rs0_bd1_str-mpfair_t00_n1,919,2,1,mistralai/Mistral-Small-24B-Instruct-2501,1,0,1,0,mpfair,0.0,12.0,0.0
2026-08-12 23:21:42,IA55_m-mistral-small-24b_sol1_gd0_rs0_bd1_str-mpfair_t00_n1,919,3,1,mistralai/Mistral-Small-24B-Instruct-2501,1,0,1,0,mpfair,0.0,10.5,0.0
2026-08-12 23:22:01,IA55_m-mistral-small-24b_sol1_gd0_rs0_bd1_str-mpfair_t00_n1,920,1,1,mistralai/Mistral-Small-24B-Instruct-2501,1,0,1,0,mpfair,0.0,18.0,0.0
2026-08-12 23:22:15,IA55_m-mistral-small-24b_sol1_gd0_rs0_bd1_str-mpfair_t00_n1,920,2,1,mistralai/Mistral-Small-24B-Instruct-2501,1,0,1,0,mpfair,0.0,10.0,0.0
2026-08-12 23:22:32,IA55_m-mistral-small-24b_sol1_gd0_rs0_bd1_str-mpfair_t00_n1,920,3,1,mistralai/Mistral-Small-24B-Instruct-2501,1,0,1,0,mpfair,0.0,10.5,0.0
2026-08-12 23:22:48,IA55_m-mistral-small-24b_sol1_gd0_rs0_bd1_str-mpfair_t00_n1,921,1,1,mistralai/Mistral-Small-24B-Instruct-2501,1,0,1,0,mpfair,0.0,19.5,0.0
2026-08-12 23:23:03,IA55_m-mistral-small-24b_sol1_gd0_rs0_bd1_str-mpfair_t00_n1,921,2,1,mistralai/Mistral-Small-24B-Instruct-2501,1,0,1,0,mpfair,0.0,10.0,0.0
2026-08-12 23:23:21,IA55_m-mistral-small-24b_sol1_gd0_rs0_bd1_str-mpfair_t00_n1,921,3,1,mistralai/Mistral-Small-24B-Instruct-2501,1,0,1,0,mpfair,0.0,10.5,0.0
2026-08-12 23:23:38,IA55_m-mistral-small-24b_sol1_gd0_rs0_bd1_str-mpfair_t00_n1,922,1,1,mistralai/Mistral-Small-24B-Instruct-2501,1,0,1,0,mpfair,0.0,18.0,0.0
2026-08-12 23:23:52,IA55_m-mistral-small-24b_sol1_gd0_rs0_bd1_str-mpfair_t00_n1,922,2,1,mistralai/Mistral-Small-24B-Instruct-2501,1,0,1,0,mpfair,0.0,13.0,3.0
2026-08-12 23:24:12,IA55_m-mistral-small-24b_sol1_gd0_rs0_bd1_str-mpfair_t00_n1,922,3,1,mistralai/Mistral-Small-24B-Instruct-2501,1,0,1,0,mpfair,0.0,12.0,0.0
2026-08-12 23:24:31,IA55_m-mistral-small-24b_sol1_gd0_rs0_bd1_str-mpfair_t00_n1,923,1,1,mistralai/Mistral-Small-24B-Instruct-2501,1,0,1,0,mpfair,0.0,10.0,0.0
2026-08-12 23:24:44,IA55_m-mistral-small-24b_sol1_gd0_rs0_bd1_str-mpfair_t00_n1,923,2,1,mistralai/Mistral-Small-24B-Instruct-2501,1,0,1,0,mpfair,0.0,0.0,0.0
2026-08-12 23:25:03,IA55_m-mistral-small-24b_sol1_gd0_rs0_bd1_str-mpfair_t00_n1,923,3,1,mistralai/Mistral-Small-24B-Instruct-2501,1,0,1,0,mpfair,0.0,10.0,0.0
2026-08-12 23:25:20,IA55_m-mistral-small-24b_sol1_gd0_rs0_bd1_str-mpfair_t00_n1,924,1,1,mistralai/Mistral-Small-24B-Instruct-2501,1,0,1,0,mpfair,0.0,10.5,0.0
2026-08-12 23:25:33,IA55_m-mistral-small-24b_sol1_gd0_rs0_bd1_str-mpfair_t00_n1,924,2,1,mistralai/Mistral-Small-24B-Instruct-2501,1,0,1,0,mpfair,0.0,0.0,0.0
2026-08-12 23:25:51,IA55_m-mistral-small-24b_sol1_gd0_rs0_bd1_str-mpfair_t00_n1,924,3,1,mistralai/Mistral-Small-24B-Instruct-2501,1,0,1,0,mpfair,0.0,0.0,0.0
2026-08-12 23:26:10,IA55_m-mistral-small-24b_sol1_gd0_rs0_bd1_str-mpfair_t00_n1,925,1,1,mistralai/Mistral-Small-24B-Instruct-2501,1,0,1,0,mpfair,0.0,10.5,0.0
2026-08-12 23:26:24,IA55_m-mistral-small-24b_sol1_gd0_rs0_bd1_str-mpfair_t00_n1,925,2,1,mistralai/Mistral-Small-24B-Instruct-2501,1,0,1,0,mpfair,0.0,0.0,0.0
2026-08-12 23:26:43,IA55_m-mistral-small-24b_sol1_gd0_rs0_bd1_str-mpfair_t00_n1,925,3,1,mistralai/Mistral-Small-24B-Instruct-2501,1,0,1,0,mpfair,0.0,10.5,0.0
2026-08-12 23:27:00,IA55_m-mistral-small-24b_sol1_gd0_rs0_bd1_str-mpfair_t00_n1,926,1,1,mistralai/Mistral-Small-24B-Instruct-2501,1,0,1,0,mpfair,0.0,13.0,0.0
2026-08-12 23:27:14,IA55_m-mistral-small-24b_sol1_gd0_rs0_bd1_str-mpfair_t00_n1,926,2,1,mistralai/Mistral-Small-24B-Instruct-2501,1,0,1,0,mpfair,0.0,10.0,0.0
2026-08-12 23:27:31,IA55_m-mistral-small-24b_sol1_gd0_rs0_bd1_str-mpfair_t00_n1,926,3,1,mistralai/Mistral-Small-24B-Instruct-2501,1,0,1,0,mpfair,0.0,12.5,0.0
2026-08-12 23:27:50,IA55_m-mistral-small-24b_sol1_gd0_rs0_bd1_str-mpfair_t00_n1,927,1,1,mistralai/Mistral-Small-24B-Instruct-2501,1,0,1,0,mpfair,0.0,10.0,0.0
2026-08-12 23:28:04,IA55_m-mistral-small-24b_sol1_gd0_rs0_bd1_str-mpfair_t00_n1,927,2,1,mistralai/Mistral-Small-24B-Instruct-2501,1,0,1,0,mpfair,0.0,0.0,0.0
2026-08-12 23:28:23,IA55_m-mistral-small-24b_sol1_gd0_rs0_bd1_str-mpfair_t00_n1,927,3,1,mistralai/Mistral-Small-24B-Instruct-2501,1,0,1,0,mpfair,0.0,10.0,0.0
2026-08-12 23:28:41,IA55_m-mistral-small-24b_sol1_gd0_rs0_bd1_str-mpfair_t00_n1,928,1,1,mistralai/Mistral-Small-24B-Instruct-2501,1,0,1,0,mpfair,0.0,14.5,0.0
2026-08-12 23:28:54,IA55_m-mistral-small-24b_sol1_gd0_rs0_bd1_str-mpfair_t00_n1,928,2,1,mistralai/Mistral-Small-24B-Instruct-2501,1,0,1,0,mpfair,0.0,12.0,0.0
2026-08-12 23:29:12,IA55_m-mistral-small-24b_sol1_gd0_rs0_bd1_str-mpfair_t00_n1,928,3,1,mistralai/Mistral-Small-24B-Instruct-2501,1,0,1,0,mpfair,0.0,10.5,0.0
2026-08-12 23:29:29,IA55_m-mistral-small-24b_sol1_gd0_rs0_bd1_str-mpfair_t00_n1,929,1,1,mistralai/Mistral-Small-24B-Instruct-2501,1,0,1,0,mpfair,0.0,10.5,0.0
2026-08-12 23:29:41,IA55_m-mistral-small-24b_sol1_gd0_rs0_bd1_str-mpfair_t00_n1,929,2,1,mistralai/Mistral-Small-24B-Instruct-2501,1,0,1,0,mpfair,0.0,0.0,0.0
2026-08-12 23:29:56,IA55_m-mistral-small-24b_sol1_gd0_rs0_bd1_str-mpfair_t00_n1,929,3,1,mistralai/Mistral-Small-24B-Instruct-2501,1,0,1,0,mpfair,0.0,0.0,0.0
2026-08-12 23:30:16,IA55_m-mistral-small-24b_sol1_gd0_rs0_bd1_str-mpfair_t00_n1,930,1,1,mistralai/Mistral-Small-24B-Instruct-2501,1,0,1,0,mpfair,0.0,14.5,0.0
2026-08-12 23:30:30,IA55_m-mistral-small-24b_sol1_gd0_rs0_bd1_str-mpfair_t00_n1,930,2,1,mistralai/Mistral-Small-24B-Instruct-2501,1,0,1,0,mpfair,0.0,10.0,0.0
2026-08-12 23:30:50,IA55_m-mistral-small-24b_sol1_gd0_rs0_bd1_str-mpfair_t00_n1,930,3,1,mistralai/Mistral-Small-24B-Instruct-2501,1,0,1,0,mpfair,0.0,10.5,0.0
2026-08-12 23:31:09,IA55_m-mistral-small-24b_sol1_gd0_rs0_bd1_str-mpfair_t00_n1,931,1,1,mistralai/Mistral-Small-24B-Instruct-2501,1,0,1,0,mpfair,0.0,14.0,0.0
2026-08-12 23:31:23,IA55_m-mistral-small-24b_sol1_gd0_rs0_bd1_str-mpfair_t00_n1,931,2,1,mistralai/Mistral-Small-24B-Instruct-2501,1,0,1,0,mpfair,0.0,10.0,0.0
2026-08-12 23:31:41,IA55_m-mistral-small-24b_sol1_gd0_rs0_bd1_str-mpfair_t00_n1,931,3,1,mistralai/Mistral-Small-24B-Instruct-2501,1,0,1,0,mpfair,0.0,10.0,0.0
2026-08-12 23:31:59,IA55_m-mistral-small-24b_sol1_gd0_rs0_bd1_str-mpfair_t00_n1,932,1,1,mistralai/Mistral-Small-24B-Instruct-2501,1,0,1,0,mpfair,0.0,10.5,0.0
2026-08-12 23:32:13,IA55_m-mistral-small-24b_sol1_gd0_rs0_bd1_str-mpfair_t00_n1,932,2,1,mistralai/Mistral-Small-24B-Instruct-2501,1,0,1,0,mpfair,0.0,10.0,0.0
2026-08-12 23:32:33,IA55_m-mistral-small-24b_sol1_gd0_rs0_bd1_str-mpfair_t00_n1,932,3,1,mistralai/Mistral-Small-24B-Instruct-2501,1,0,1,0,mpfair,0.0,10.5,0.0
2026-08-12 23:32:51,IA55_m-mistral-small-24b_sol1_gd0_rs0_bd1_str-mpfair_t00_n1,933,1,1,mistralai/Mistral-Small-24B-Instruct-2501,1,0,1,0,mpfair,0.0,0.0,0.0
2026-08-12 23:33:03,IA55_m-mistral-small-24b_sol1_gd0_rs0_bd1_str-mpfair_t00_n1,933,2,1,mistralai/Mistral-Small-24B-Instruct-2501,1,0,1,0,mpfair,0.0,0.0,0.0
2026-08-12 23:33:18,IA55_m-mistral-small-24b_sol1_gd0_rs0_bd1_str-mpfair_t00_n1,933,3,1,mistralai/Mistral-Small-24B-Instruct-2501,1,0,1,0,mpfair,0.0,0.0,0.0
2026-08-12 23:33:37,IA55_m-mistral-small-24b_sol1_gd0_rs0_bd1_str-mpfair_t00_n1,934,1,1,mistralai/Mistral-Small-24B-Instruct-2501,1,0,1,0,mpfair,0.0,1.0,0.0
2026-08-12 23:33:50,IA55_m-mistral-small-24b_sol1_gd0_rs0_bd1_str-mpfair_t00_n1,934,2,1,mistralai/Mistral-Small-24B-Instruct-2501,1,0,1,0,mpfair,0.0,0.0,0.0
2026-08-12 23:34:07,IA55_m-mistral-small-24b_sol1_gd0_rs0_bd1_str-mpfair_t00_n1,934,3,1,mistralai/Mistral-Small-24B-Instruct-2501,1,0,1,0,mpfair,0.0,0.0,0.0
2026-08-12 23:34:26,IA55_m-mistral-small-24b_sol1_gd0_rs0_bd1_str-mpfair_t00_n1,935,1,1,mistralai/Mistral-Small-24B-Instruct-2501,1,0,1,0,mpfair,0.0,10.0,0.0
2026-08-12 23:34:39,IA55_m-mistral-small-24b_sol1_gd0_rs0_bd1_str-mpfair_t00_n1,935,2,1,mistralai/Mistral-Small-24B-Instruct-2501,1,0,1,0,mpfair,0.0,0.0,0.0
2026-08-12 23:34:57,IA55_m-mistral-small-24b_sol1_gd0_rs0_bd1_str-mpfair_t00_n1,935,3,1,mistralai/Mistral-Small-24B-Instruct-2501,1,0,1,0,mpfair,0.0,0.0,0.0
2026-08-12 23:35:15,IA55_m-mistral-small-24b_sol1_gd0_rs0_bd1_str-mpfair_t00_n1,936,1,1,mistralai/Mistral-Small-24B-Instruct-2501,1,0,1,0,mpfair,0.0,10.0,0.0
2026-08-12 23:35:29,IA55_m-mistral-small-24b_sol1_gd0_rs0_bd1_str-mpfair_t00_n1,936,2,1,mistralai/Mistral-Small-24B-Instruct-2501,1,0,1,0,mpfair,0.0,0.0,0.0
2026-08-12 23:35:47,IA55_m-mistral-small-24b_sol1_gd0_rs0_bd1_str-mpfair_t00_n1,936,3,1,mistralai/Mistral-Small-24B-Instruct-2501,1,0,1,0,mpfair,0.0,0.0,0.0
2026-08-12 23:36:04,IA55_m-mistral-small-24b_sol1_gd0_rs0_bd1_str-mpfair_t00_n1,937,1,1,mistralai/Mistral-Small-24B-Instruct-2501,1,0,1,0,mpfair,0.0,10.5,0.0
2026-08-12 23:36:17,IA55_m-mistral-small-24b_sol1_gd0_rs0_bd1_str-mpfair_t00_n1,937,2,1,mistralai/Mistral-Small-24B-Instruct-2501,1,0,1,0,mpfair,0.0,0.0,0.0
2026-08-12 23:36:36,IA55_m-mistral-small-24b_sol1_gd0_rs0_bd1_str-mpfair_t00_n1,937,3,1,mistralai/Mistral-Small-24B-Instruct-2501,1,0,1,0,mpfair,0.0,10.0,0.0
2026-08-12 23:36:55,IA55_m-mistral-small-24b_sol1_gd0_rs0_bd1_str-mpfair_t00_n1,938,1,1,mistralai/Mistral-Small-24B-Instruct-2501,1,0,1,0,mpfair,0.0,10.5,0.0
2026-08-12 23:37:10,IA55_m-mistral-small-24b_sol1_gd0_rs0_bd1_str-mpfair_t00_n1,938,2,1,mistralai/Mistral-Small-24B-Instruct-2501,1,0,1,0,mpfair,0.0,10.0,0.0
2026-08-12 23:37:29,IA55_m-mistral-small-24b_sol1_gd0_rs0_bd1_str-mpfair_t00_n1,938,3,1,mistralai/Mistral-Small-24B-Instruct-2501,1,0,1,0,mpfair,0.0,10.5,0.0
2026-08-12 23:37:48,IA55_m-mistral-small-24b_sol1_gd0_rs0_bd1_str-mpfair_t00_n1,939,1,1,mistralai/Mistral-Small-24B-Instruct-2501,1,0,1,0,mpfair,0.0,10.5,0.0
2026-08-12 23:38:02,IA55_m-mistral-small-24b_sol1_gd0_rs0_bd1_str-mpfair_t00_n1,939,2,1,mistralai/Mistral-Small-24B-Instruct-2501,1,0,1,0,mpfair,0.0,0.0,0.0
2026-08-12 23:38:22,IA55_m-mistral-small-24b_sol1_gd0_rs0_bd1_str-mpfair_t00_n1,939,3,1,mistralai/Mistral-Small-24B-Instruct-2501,1,0,1,0,mpfair,0.0,10.0,0.0
2026-08-12 23:38:39,IA55_m-mistral-small-24b_sol1_gd0_rs0_bd1_str-mpfair_t00_n1,940,1,1,mistralai/Mistral-Small-24B-Instruct-2501,1,0,1,0,mpfair,0.0,10.5,0.0
2026-08-12 23:38:53,IA55_m-mistral-small-24b_sol1_gd0_rs0_bd1_str-mpfair_t00_n1,940,2,1,mistralai/Mistral-Small-24B-Instruct-2501,1,0,1,0,mpfair,0.0,10.0,0.0
2026-08-12 23:39:11,IA55_m-mistral-small-24b_sol1_gd0_rs0_bd1_str-mpfair_t00_n1,941,1,1,mistralai/Mistral-Small-24B-Instruct-2501,1,0,1,0,mpfair,0.0,16.0,3.0
2026-08-12 23:39:27,IA55_m-mistral-small-24b_sol1_gd0_rs0_bd1_str-mpfair_t00_n1,941,2,1,mistralai/Mistral-Small-24B-Instruct-2501,1,0,1,0,mpfair,0.0,13.0,3.0
2026-08-12 23:39:46,IA55_m-mistral-small-24b_sol1_gd0_rs0_bd1_str-mpfair_t00_n1,941,3,1,mistralai/Mistral-Small-24B-Instruct-2501,1,0,1,0,mpfair,0.0,10.5,0.0
2026-08-12 23:40:05,IA55_m-mistral-small-24b_sol1_gd0_rs0_bd1_str-mpfair_t00_n1,942,1,1,mistralai/Mistral-Small-24B-Instruct-2501,1,0,1,0,mpfair,0.0,10.0,0.0
2026-08-12 23:40:19,IA55_m-mistral-small-24b_sol1_gd0_rs0_bd1_str-mpfair_t00_n1,942,2,1,mistralai/Mistral-Small-24B-Instruct-2501,1,0,1,0,mpfair,0.0,10.0,0.0
2026-08-12 23:40:37,IA55_m-mistral-small-24b_sol1_gd0_rs0_bd1_str-mpfair_t00_n1,942,3,1,mistralai/Mistral-Small-24B-Instruct-2501,1,0,1,0,mpfair,0.0,10.5,0.0
2026-08-12 23:40:55,IA55_m-mistral-small-24b_sol1_gd0_rs0_bd1_str-mpfair_t00_n1,943,1,1,mistralai/Mistral-Small-24B-Instruct-2501,1,0,1,0,mpfair,0.0,10.5,0.0
2026-08-12 23:41:07,IA55_m-mistral-small-24b_sol1_gd0_rs0_bd1_str-mpfair_t00_n1,943,2,1,mistralai/Mistral-Small-24B-Instruct-2501,1,0,1,0,mpfair,0.0,0.0,0.0
2026-08-12 23:41:26,IA55_m-mistral-small-24b_sol1_gd0_rs0_bd1_str-mpfair_t00_n1,943,3,1,mistralai/Mistral-Small-24B-Instruct-2501,1,0,1,0,mpfair,0.0,0.0,0.0
2026-08-12 23:41:45,IA55_m-mistral-small-24b_sol1_gd0_rs0_bd1_str-mpfair_t00_n1,944,1,1,mistralai/Mistral-Small-24B-Instruct-2501,1,0,1,0,mpfair,0.0,1.0,0.0
2026-08-12 23:41:58,IA55_m-mistral-small-24b_sol1_gd0_rs0_bd1_str-mpfair_t00_n1,944,2,1,mistralai/Mistral-Small-24B-Instruct-2501,1,0,1,0,mpfair,0.0,0.0,0.0
2026-08-12 23:42:14,IA55_m-mistral-small-24b_sol1_gd0_rs0_bd1_str-mpfair_t00_n1,944,3,1,mistralai/Mistral-Small-24B-Instruct-2501,1,0,1,0,mpfair,0.0,0.0,0.0
2026-08-12 23:42:31,IA55_m-mistral-small-24b_sol1_gd0_rs0_bd1_str-mpfair_t00_n1,945,1,1,mistralai/Mistral-Small-24B-Instruct-2501,1,0,1,0,mpfair,0.0,0.0,0.0
2026-08-12 23:42:44,IA55_m-mistral-small-24b_sol1_gd0_rs0_bd1_str-mpfair_t00_n1,945,2,1,mistralai/Mistral-Small-24B-Instruct-2501,1,0,1,0,mpfair,0.0,0.0,0.0
2026-08-12 23:43:00,IA55_m-mistral-small-24b_sol1_gd0_rs0_bd1_str-mpfair_t00_n1,945,3,1,mistralai/Mistral-Small-24B-Instruct-2501,1,0,1,0,mpfair,0.0,0.0,0.0
2026-08-12 23:43:19,IA55_m-mistral-small-24b_sol1_gd0_rs0_bd1_str-mpfair_t00_n1,946,1,1,mistralai/Mistral-Small-24B-Instruct-2501,1,0,1,0,mpfair,0.0,10.0,0.0
2026-08-12 23:43:33,IA55_m-mistral-small-24b_sol1_gd0_rs0_bd1_str-mpfair_t00_n1,946,2,1,mistralai/Mistral-Small-24B-Instruct-2501,1,0,1,0,mpfair,0.0,0.0,0.0
2026-08-12 23:43:54,IA55_m-mistral-small-24b_sol1_gd0_rs0_bd1_str-mpfair_t00_n1,947,1,1,mistralai/Mistral-Small-24B-Instruct-2501,1,0,1,0,mpfair,0.0,10.5,0.0
2026-08-12 23:44:08,IA55_m-mistral-small-24b_sol1_gd0_rs0_bd1_str-mpfair_t00_n1,947,2,1,mistralai/Mistral-Small-24B-Instruct-2501,1,0,1,0,mpfair,0.0,0.0,0.0
2026-08-12 23:44:26,IA55_m-mistral-small-24b_sol1_gd0_rs0_bd1_str-mpfair_t00_n1,947,3,1,mistralai/Mistral-Small-24B-Instruct-2501,1,0,1,0,mpfair,0.0,10.5,0.0
2026-08-12 23:44:44,IA55_m-mistral-small-24b_sol1_gd0_rs0_bd1_str-mpfair_t00_n1,948,1,1,mistralai/Mistral-Small-24B-Instruct-2501,1,0,1,0,mpfair,0.0,10.5,0.0
2026-08-12 23:44:56,IA55_m-mistral-small-24b_sol1_gd0_rs0_bd1_str-mpfair_t00_n1,948,2,1,mistralai/Mistral-Small-24B-Instruct-2501,1,0,1,0,mpfair,0.0,0.0,0.0
2026-08-12 23:45:14,IA55_m-mistral-small-24b_sol1_gd0_rs0_bd1_str-mpfair_t00_n1,948,3,1,mistralai/Mistral-Small-24B-Instruct-2501,1,0,1,0,mpfair,0.0,16.5,0.0
2026-08-12 23:45:33,IA55_m-mistral-small-24b_sol1_gd0_rs0_bd1_str-mpfair_t00_n1,949,1,1,mistralai/Mistral-Small-24B-Instruct-2501,1,0,1,0,mpfair,0.0,10.5,0.0
2026-08-12 23:45:46,IA55_m-mistral-small-24b_sol1_gd0_rs0_bd1_str-mpfair_t00_n1,949,2,1,mistralai/Mistral-Small-24B-Instruct-2501,1,0,1,0,mpfair,0.0,0.0,0.0
2026-08-12 23:46:04,IA55_m-mistral-small-24b_sol1_gd0_rs0_bd1_str-mpfair_t00_n1,949,3,1,mistralai/Mistral-Small-24B-Instruct-2501,1,0,1,0,mpfair,0.0,10.5,0.0
2026-08-12 23:46:22,IA55_m-mistral-small-24b_sol1_gd0_rs0_bd1_str-mpfair_t00_n1,950,1,1,mistralai/Mistral-Small-24B-Instruct-2501,1,0,1,0,mpfair,0.0,10.5,0.0
2026-08-12 23:46:35,IA55_m-mistral-small-24b_sol1_gd0_rs0_bd1_str-mpfair_t00_n1,950,2,1,mistralai/Mistral-Small-24B-Instruct-2501,1,0,1,0,mpfair,0.0,0.0,0.0
2026-08-12 23:46:52,IA55_m-mistral-small-24b_sol1_gd0_rs0_bd1_str-mpfair_t00_n1,950,3,1,mistralai/Mistral-Small-24B-Instruct-2501,1,0,1,0,mpfair,0.0,0.0,0.0
2026-08-12 23:47:09,IA55_m-mistral-small-24b_sol1_gd0_rs0_bd1_str-mpfair_t00_n1,951,1,1,mistralai/Mistral-Small-24B-Instruct-2501,1,0,1,0,mpfair,0.0,0.0,0.0
2026-08-12 23:47:23,IA55_m-mistral-small-24b_sol1_gd0_rs0_bd1_str-mpfair_t00_n1,951,2,1,mistralai/Mistral-Small-24B-Instruct-2501,1,0,1,0,mpfair,0.0,0.0,0.0
2026-08-12 23:47:40,IA55_m-mistral-small-24b_sol1_gd0_rs0_bd1_str-mpfair_t00_n1,951,3,1,mistralai/Mistral-Small-24B-Instruct-2501,1,0,1,0,mpfair,0.0,0.0,0.0
2026-08-12 23:47:57,IA55_m-mistral-small-24b_sol1_gd0_rs0_bd1_str-mpfair_t00_n1,952,1,1,mistralai/Mistral-Small-24B-Instruct-2501,1,0,1,0,mpfair,0.0,1.0,0.0
2026-08-12 23:48:10,IA55_m-mistral-small-24b_sol1_gd0_rs0_bd1_str-mpfair_t00_n1,952,2,1,mistralai/Mistral-Small-24B-Instruct-2501,1,0,1,0,mpfair,0.0,0.0,0.0
2026-08-12 23:48:26,IA55_m-mistral-small-24b_sol1_gd0_rs0_bd1_str-mpfair_t00_n1,952,3,1,mistralai/Mistral-Small-24B-Instruct-2501,1,0,1,0,mpfair,0.0,0.0,0.0
2026-08-12 23:48:45,IA55_m-mistral-small-24b_sol1_gd0_rs0_bd1_str-mpfair_t00_n1,953,1,1,mistralai/Mistral-Small-24B-Instruct-2501,1,0,1,0,mpfair,0.0,13.5,0.0
2026-08-12 23:48:59,IA55_m-mistral-small-24b_sol1_gd0_rs0_bd1_str-mpfair_t00_n1,953,2,1,mistralai/Mistral-Small-24B-Instruct-2501,1,0,1,0,mpfair,0.0,10.0,0.0
2026-08-12 23:49:17,IA55_m-mistral-small-24b_sol1_gd0_rs0_bd1_str-mpfair_t00_n1,953,3,1,mistralai/Mistral-Small-24B-Instruct-2501,1,0,1,0,mpfair,0.0,12.5,0.0
2026-08-12 23:49:36,IA55_m-mistral-small-24b_sol1_gd0_rs0_bd1_str-mpfair_t00_n1,954,1,1,mistralai/Mistral-Small-24B-Instruct-2501,1,0,1,0,mpfair,0.0,15.5,0.0
2026-08-12 23:49:48,IA55_m-mistral-small-24b_sol1_gd0_rs0_bd1_str-mpfair_t00_n1,954,2,1,mistralai/Mistral-Small-24B-Instruct-2501,1,0,1,0,mpfair,0.0,0.0,0.0
2026-08-12 23:50:05,IA55_m-mistral-small-24b_sol1_gd0_rs0_bd1_str-mpfair_t00_n1,954,3,1,mistralai/Mistral-Small-24B-Instruct-2501,1,0,1,0,mpfair,0.0,0.0,0.0
2026-08-12 23:50:24,IA55_m-mistral-small-24b_sol1_gd0_rs0_bd1_str-mpfair_t00_n1,955,1,1,mistralai/Mistral-Small-24B-Instruct-2501,1,0,1,0,mpfair,0.0,13.5,0.0
2026-08-12 23:50:38,IA55_m-mistral-small-24b_sol1_gd0_rs0_bd1_str-mpfair_t00_n1,955,2,1,mistralai/Mistral-Small-24B-Instruct-2501,1,0,1,0,mpfair,0.0,10.0,0.0
2026-08-12 23:50:53,IA55_m-mistral-small-24b_sol1_gd0_rs0_bd1_str-mpfair_t00_n1,955,3,1,mistralai/Mistral-Small-24B-Instruct-2501,1,0,1,0,mpfair,0.0,0.0,0.0
2026-08-12 23:51:12,IA55_m-mistral-small-24b_sol1_gd0_rs0_bd1_str-mpfair_t00_n1,956,1,1,mistralai/Mistral-Small-24B-Instruct-2501,1,0,1,0,mpfair,0.0,12.5,0.0
2026-08-12 23:51:26,IA55_m-mistral-small-24b_sol1_gd0_rs0_bd1_str-mpfair_t00_n1,956,2,1,mistralai/Mistral-Small-24B-Instruct-2501,1,0,1,0,mpfair,0.0,10.0,0.0
2026-08-12 23:51:45,IA55_m-mistral-small-24b_sol1_gd0_rs0_bd1_str-mpfair_t00_n1,956,3,1,mistralai/Mistral-Small-24B-Instruct-2501,1,0,1,0,mpfair,0.0,10.0,0.0
2026-08-12 23:52:03,IA55_m-mistral-small-24b_sol1_gd0_rs0_bd1_str-mpfair_t00_n1,957,1,1,mistralai/Mistral-Small-24B-Instruct-2501,1,0,1,0,mpfair,0.0,15.5,0.0
2026-08-12 23:52:15,IA55_m-mistral-small-24b_sol1_gd0_rs0_bd1_str-mpfair_t00_n1,957,2,1,mistralai/Mistral-Small-24B-Instruct-2501,1,0,1,0,mpfair,0.0,10.0,0.0
2026-08-12 23:52:33,IA55_m-mistral-small-24b_sol1_gd0_rs0_bd1_str-mpfair_t00_n1,957,3,1,mistralai/Mistral-Small-24B-Instruct-2501,1,0,1,0,mpfair,0.0,10.5,0.0
2026-08-12 23:52:51,IA55_m-mistral-small-24b_sol1_gd0_rs0_bd1_str-mpfair_t00_n1,958,1,1,mistralai/Mistral-Small-24B-Instruct-2501,1,0,1,0,mpfair,0.0,10.5,0.0
2026-08-12 23:53:04,IA55_m-mistral-small-24b_sol1_gd0_rs0_bd1_str-mpfair_t00_n1,958,2,1,mistralai/Mistral-Small-24B-Instruct-2501,1,0,1,0,mpfair,0.0,10.0,0.0
2026-08-12 23:53:22,IA55_m-mistral-small-24b_sol1_gd0_rs0_bd1_str-mpfair_t00_n1,958,3,1,mistralai/Mistral-Small-24B-Instruct-2501,1,0,1,0,mpfair,0.0,10.5,0.0
2026-08-12 23:53:41,IA55_m-mistral-small-24b_sol1_gd0_rs0_bd1_str-mpfair_t00_n1,959,1,1,mistralai/Mistral-Small-24B-Instruct-2501,1,0,1,0,mpfair,0.0,10.0,0.0
2026-08-12 23:53:55,IA55_m-mistral-small-24b_sol1_gd0_rs0_bd1_str-mpfair_t00_n1,959,2,1,mistralai/Mistral-Small-24B-Instruct-2501,1,0,1,0,mpfair,0.0,10.0,0.0
2026-08-12 23:54:12,IA55_m-mistral-small-24b_sol1_gd0_rs0_bd1_str-mpfair_t00_n1,959,3,1,mistralai/Mistral-Small-24B-Instruct-2501,1,0,1,0,mpfair,0.0,10.5,0.0
2026-08-12 23:54:32,IA55_m-mistral-small-24b_sol1_gd0_rs0_bd1_str-mpfair_t00_n1,960,1,1,mistralai/Mistral-Small-24B-Instruct-2501,1,0,1,0,mpfair,0.0,10.0,0.0
2026-08-12 23:54:45,IA55_m-mistral-small-24b_sol1_gd0_rs0_bd1_str-mpfair_t00_n1,960,2,1,mistralai/Mistral-Small-24B-Instruct-2501,1,0,1,0,mpfair,0.0,0.0,0.0
2026-08-12 23:55:02,IA55_m-mistral-small-24b_sol1_gd0_rs0_bd1_str-mpfair_t00_n1,960,3,1,mistralai/Mistral-Small-24B-Instruct-2501,1,0,1,0,mpfair,0.0,0.0,0.0
2026-08-12 23:55:21,IA55_m-mistral-small-24b_sol1_gd0_rs0_bd1_str-mpfair_t00_n1,961,1,1,mistralai/Mistral-Small-24B-Instruct-2501,1,0,1,0,mpfair,0.0,10.0,3.0
2026-08-12 23:55:35,IA55_m-mistral-small-24b_sol1_gd0_rs0_bd1_str-mpfair_t00_n1,961,2,1,mistralai/Mistral-Small-24B-Instruct-2501,1,0,1,0,mpfair,0.0,10.0,3.0
2026-08-12 23:55:54,IA55_m-mistral-small-24b_sol1_gd0_rs0_bd1_str-mpfair_t00_n1,961,3,1,mistralai/Mistral-Small-24B-Instruct-2501,1,0,1,0,mpfair,0.0,18.0,3.0
2026-08-12 23:56:11,IA55_m-mistral-small-24b_sol1_gd0_rs0_bd1_str-mpfair_t00_n1,962,1,1,mistralai/Mistral-Small-24B-Instruct-2501,1,0,1,0,mpfair,0.0,10.0,0.0
2026-08-12 23:56:23,IA55_m-mistral-small-24b_sol1_gd0_rs0_bd1_str-mpfair_t00_n1,962,2,1,mistralai/Mistral-Small-24B-Instruct-2501,1,0,1,0,mpfair,0.0,0.0,0.0
2026-08-12 23:56:42,IA55_m-mistral-small-24b_sol1_gd0_rs0_bd1_str-mpfair_t00_n1,962,3,1,mistralai/Mistral-Small-24B-Instruct-2501,1,0,1,0,mpfair,0.0,10.5,0.0
2026-08-12 23:56:59,IA55_m-mistral-small-24b_sol1_gd0_rs0_bd1_str-mpfair_t00_n1,963,1,1,mistralai/Mistral-Small-24B-Instruct-2501,1,0,1,0,mpfair,0.0,12.5,0.0
2026-08-12 23:57:13,IA55_m-mistral-small-24b_sol1_gd0_rs0_bd1_str-mpfair_t00_n1,963,2,1,mistralai/Mistral-Small-24B-Instruct-2501,1,0,1,0,mpfair,0.0,10.0,0.0
2026-08-12 23:57:31,IA55_m-mistral-small-24b_sol1_gd0_rs0_bd1_str-mpfair_t00_n1,963,3,1,mistralai/Mistral-Small-24B-Instruct-2501,1,0,1,0,mpfair,0.0,12.5,0.0
2026-08-12 23:57:48,IA55_m-mistral-small-24b_sol1_gd0_rs0_bd1_str-mpfair_t00_n1,964,1,1,mistralai/Mistral-Small-24B-Instruct-2501,1,0,1,0,mpfair,0.0,10.5,0.0
2026-08-12 23:58:02,IA55_m-mistral-small-24b_sol1_gd0_rs0_bd1_str-mpfair_t00_n1,964,2,1,mistralai/Mistral-Small-24B-Instruct-2501,1,0,1,0,mpfair,0.0,12.0,0.0
2026-08-12 23:58:19,IA55_m-mistral-small-24b_sol1_gd0_rs0_bd1_str-mpfair_t00_n1,964,3,1,mistralai/Mistral-Small-24B-Instruct-2501,1,0,1,0,mpfair,0.0,0.0,0.0
2026-08-12 23:58:41,IA55_m-mistral-small-24b_sol1_gd0_rs0_bd1_str-mpfair_t00_n1,965,1,1,mistralai/Mistral-Small-24B-Instruct-2501,1,0,1,0,mpfair,0.0,10.0,0.0
2026-08-12 23:58:55,IA55_m-mistral-small-24b_sol1_gd0_rs0_bd1_str-mpfair_t00_n1,965,2,1,mistralai/Mistral-Small-24B-Instruct-2501,1,0,1,0,mpfair,0.0,0.0,0.0
2026-08-12 23:59:13,IA55_m-mistral-small-24b_sol1_gd0_rs0_bd1_str-mpfair_t00_n1,965,3,1,mistralai/Mistral-Small-24B-Instruct-2501,1,0,1,0,mpfair,0.0,0.0,0.0
2026-08-12 23:59:31,IA55_m-mistral-small-24b_sol1_gd0_rs0_bd1_str-mpfair_t00_n1,966,1,1,mistralai/Mistral-Small-24B-Instruct-2501,1,0,1,0,mpfair,0.0,10.0,0.0
2026-08-12 23:59:45,IA55_m-mistral-small-24b_sol1_gd0_rs0_bd1_str-mpfair_t00_n1,966,2,1,mistralai/Mistral-Small-24B-Instruct-2501,1,0,1,0,mpfair,0.0,10.0,0.0
2026-08-13 00:00:02,IA55_m-mistral-small-24b_sol1_gd0_rs0_bd1_str-mpfair_t00_n1,966,3,1,mistralai/Mistral-Small-24B-Instruct-2501,1,0,1,0,mpfair,0.0,10.5,0.0
2026-08-13 00:00:22,IA55_m-mistral-small-24b_sol1_gd0_rs0_bd1_str-mpfair_t00_n1,967,1,1,mistralai/Mistral-Small-24B-Instruct-2501,1,0,1,0,mpfair,0.0,19.5,0.0
2026-08-13 00:00:37,IA55_m-mistral-small-24b_sol1_gd0_rs0_bd1_str-mpfair_t00_n1,967,2,1,mistralai/Mistral-Small-24B-Instruct-2501,1,0,1,0,mpfair,0.0,10.0,0.0
2026-08-13 00:00:54,IA55_m-mistral-small-24b_sol1_gd0_rs0_bd1_str-mpfair_t00_n1,967,3,1,mistralai/Mistral-Small-24B-Instruct-2501,1,0,1,0,mpfair,0.0,10.5,0.0
2026-08-13 00:01:13,IA55_m-mistral-small-24b_sol1_gd0_rs0_bd1_str-mpfair_t00_n1,968,1,1,mistralai/Mistral-Small-24B-Instruct-2501,1,0,1,0,mpfair,0.0,10.5,0.0
2026-08-13 00:01:31,IA55_m-mistral-small-24b_sol1_gd0_rs0_bd1_str-mpfair_t00_n1,968,3,1,mistralai/Mistral-Small-24B-Instruct-2501,1,0,1,0,mpfair,0.0,0.0,0.0
2026-08-13 00:01:51,IA55_m-mistral-small-24b_sol1_gd0_rs0_bd1_str-mpfair_t00_n1,969,1,1,mistralai/Mistral-Small-24B-Instruct-2501,1,0,1,0,mpfair,0.0,17.0,0.0
2026-08-13 00:02:06,IA55_m-mistral-small-24b_sol1_gd0_rs0_bd1_str-mpfair_t00_n1,969,2,1,mistralai/Mistral-Small-24B-Instruct-2501,1,0,1,0,mpfair,0.0,10.0,3.0
2026-08-13 00:02:22,IA55_m-mistral-small-24b_sol1_gd0_rs0_bd1_str-mpfair_t00_n1,969,3,1,mistralai/Mistral-Small-24B-Instruct-2501,1,0,1,0,mpfair,0.0,10.5,0.0
2026-08-13 00:02:42,IA55_m-mistral-small-24b_sol1_gd0_rs0_bd1_str-mpfair_t00_n1,970,1,1,mistralai/Mistral-Small-24B-Instruct-2501,1,0,1,0,mpfair,0.0,12.0,0.0
2026-08-13 00:02:56,IA55_m-mistral-small-24b_sol1_gd0_rs0_bd1_str-mpfair_t00_n1,970,2,1,mistralai/Mistral-Small-24B-Instruct-2501,1,0,1,0,mpfair,0.0,10.0,0.0
2026-08-13 00:03:14,IA55_m-mistral-small-24b_sol1_gd0_rs0_bd1_str-mpfair_t00_n1,970,3,1,mistralai/Mistral-Small-24B-Instruct-2501,1,0,1,0,mpfair,0.0,10.5,0.0
2026-08-13 00:03:33,IA55_m-mistral-small-24b_sol1_gd0_rs0_bd1_str-mpfair_t00_n1,971,1,1,mistralai/Mistral-Small-24B-Instruct-2501,1,0,1,0,mpfair,0.0,0.0,0.0
2026-08-13 00:03:46,IA55_m-mistral-small-24b_sol1_gd0_rs0_bd1_str-mpfair_t00_n1,971,2,1,mistralai/Mistral-Small-24B-Instruct-2501,1,0,1,0,mpfair,0.0,0.0,0.0
2026-08-13 00:04:03,IA55_m-mistral-small-24b_sol1_gd0_rs0_bd1_str-mpfair_t00_n1,971,3,1,mistralai/Mistral-Small-24B-Instruct-2501,1,0,1,0,mpfair,0.0,0.0,0.0
2026-08-13 00:04:22,IA55_m-mistral-small-24b_sol1_gd0_rs0_bd1_str-mpfair_t00_n1,972,1,1,mistralai/Mistral-Small-24B-Instruct-2501,1,0,1,0,mpfair,0.0,10.0,0.0
2026-08-13 00:04:36,IA55_m-mistral-small-24b_sol1_gd0_rs0_bd1_str-mpfair_t00_n1,972,2,1,mistralai/Mistral-Small-24B-Instruct-2501,1,0,1,0,mpfair,0.0,0.0,0.0
2026-08-13 00:04:54,IA55_m-mistral-small-24b_sol1_gd0_rs0_bd1_str-mpfair_t00_n1,972,3,1,mistralai/Mistral-Small-24B-Instruct-2501,1,0,1,0,mpfair,0.0,2.0,0.0
2026-08-13 00:05:13,IA55_m-mistral-small-24b_sol1_gd0_rs0_bd1_str-mpfair_t00_n1,973,1,1,mistralai/Mistral-Small-24B-Instruct-2501,1,0,1,0,mpfair,0.0,18.0,0.0
2026-08-13 00:05:25,IA55_m-mistral-small-24b_sol1_gd0_rs0_bd1_str-mpfair_t00_n1,973,2,1,mistralai/Mistral-Small-24B-Instruct-2501,1,0,1,0,mpfair,0.0,10.0,0.0
2026-08-13 00:05:43,IA55_m-mistral-small-24b_sol1_gd0_rs0_bd1_str-mpfair_t00_n1,973,3,1,mistralai/Mistral-Small-24B-Instruct-2501,1,0,1,0,mpfair,0.0,10.5,0.0
2026-08-13 00:06:00,IA55_m-mistral-small-24b_sol1_gd0_rs0_bd1_str-mpfair_t00_n1,974,1,1,mistralai/Mistral-Small-24B-Instruct-2501,1,0,1,0,mpfair,0.0,10.5,0.0
2026-08-13 00:06:14,IA55_m-mistral-small-24b_sol1_gd0_rs0_bd1_str-mpfair_t00_n1,974,2,1,mistralai/Mistral-Small-24B-Instruct-2501,1,0,1,0,mpfair,0.0,0.0,0.0
2026-08-13 00:06:31,IA55_m-mistral-small-24b_sol1_gd0_rs0_bd1_str-mpfair_t00_n1,974,3,1,mistralai/Mistral-Small-24B-Instruct-2501,1,0,1,0,mpfair,0.0,0.0,0.0
2026-08-13 00:06:49,IA55_m-mistral-small-24b_sol1_gd0_rs0_bd1_str-mpfair_t00_n1,975,1,1,mistralai/Mistral-Small-24B-Instruct-2501,1,0,1,0,mpfair,0.0,10.5,0.0
2026-08-13 00:07:02,IA55_m-mistral-small-24b_sol1_gd0_rs0_bd1_str-mpfair_t00_n1,975,2,1,mistralai/Mistral-Small-24B-Instruct-2501,1,0,1,0,mpfair,0.0,0.0,0.0
2026-08-13 00:07:21,IA55_m-mistral-small-24b_sol1_gd0_rs0_bd1_str-mpfair_t00_n1,975,3,1,mistralai/Mistral-Small-24B-Instruct-2501,1,0,1,0,mpfair,0.0,10.5,0.0
2026-08-13 00:07:40,IA55_m-mistral-small-24b_sol1_gd0_rs0_bd1_str-mpfair_t00_n1,976,1,1,mistralai/Mistral-Small-24B-Instruct-2501,1,0,1,0,mpfair,0.0,10.0,0.0
2026-08-13 00:07:58,IA55_m-mistral-small-24b_sol1_gd0_rs0_bd1_str-mpfair_t00_n1,977,1,1,mistralai/Mistral-Small-24B-Instruct-2501,1,0,1,0,mpfair,0.0,10.5,0.0
2026-08-13 00:08:10,IA55_m-mistral-small-24b_sol1_gd0_rs0_bd1_str-mpfair_t00_n1,977,2,1,mistralai/Mistral-Small-24B-Instruct-2501,1,0,1,0,mpfair,0.0,0.0,0.0
2026-08-13 00:08:29,IA55_m-mistral-small-24b_sol1_gd0_rs0_bd1_str-mpfair_t00_n1,977,3,1,mistralai/Mistral-Small-24B-Instruct-2501,1,0,1,0,mpfair,0.0,0.0,0.0
2026-08-13 00:08:47,IA55_m-mistral-small-24b_sol1_gd0_rs0_bd1_str-mpfair_t00_n1,978,1,1,mistralai/Mistral-Small-24B-Instruct-2501,1,0,1,0,mpfair,0.0,10.5,0.0
2026-08-13 00:08:59,IA55_m-mistral-small-24b_sol1_gd0_rs0_bd1_str-mpfair_t00_n1,978,2,1,mistralai/Mistral-Small-24B-Instruct-2501,1,0,1,0,mpfair,0.0,0.0,0.0
2026-08-13 00:09:16,IA55_m-mistral-small-24b_sol1_gd0_rs0_bd1_str-mpfair_t00_n1,978,3,1,mistralai/Mistral-Small-24B-Instruct-2501,1,0,1,0,mpfair,0.0,10.5,0.0
2026-08-13 00:09:34,IA55_m-mistral-small-24b_sol1_gd0_rs0_bd1_str-mpfair_t00_n1,979,1,1,mistralai/Mistral-Small-24B-Instruct-2501,1,0,1,0,mpfair,0.0,10.0,0.0
2026-08-13 00:09:47,IA55_m-mistral-small-24b_sol1_gd0_rs0_bd1_str-mpfair_t00_n1,979,2,1,mistralai/Mistral-Small-24B-Instruct-2501,1,0,1,0,mpfair,0.0,0.0,0.0
2026-08-13 00:10:06,IA55_m-mistral-small-24b_sol1_gd0_rs0_bd1_str-mpfair_t00_n1,979,3,1,mistralai/Mistral-Small-24B-Instruct-2501,1,0,1,0,mpfair,0.0,10.5,0.0
2026-08-13 00:10:23,IA55_m-mistral-small-24b_sol1_gd0_rs0_bd1_str-mpfair_t00_n1,980,1,1,mistralai/Mistral-Small-24B-Instruct-2501,1,0,1,0,mpfair,0.0,14.5,0.0
2026-08-13 00:10:41,IA55_m-mistral-small-24b_sol1_gd0_rs0_bd1_str-mpfair_t00_n1,981,1,1,mistralai/Mistral-Small-24B-Instruct-2501,1,0,1,0,mpfair,0.0,12.5,0.0
2026-08-13 00:10:55,IA55_m-mistral-small-24b_sol1_gd0_rs0_bd1_str-mpfair_t00_n1,981,2,1,mistralai/Mistral-Small-24B-Instruct-2501,1,0,1,0,mpfair,0.0,10.0,0.0
2026-08-13 00:11:12,IA55_m-mistral-small-24b_sol1_gd0_rs0_bd1_str-mpfair_t00_n1,981,3,1,mistralai/Mistral-Small-24B-Instruct-2501,1,0,1,0,mpfair,0.0,12.5,0.0
2026-08-13 00:11:31,IA55_m-mistral-small-24b_sol1_gd0_rs0_bd1_str-mpfair_t00_n1,982,1,1,mistralai/Mistral-Small-24B-Instruct-2501,1,0,1,0,mpfair,0.0,0.0,0.0
2026-08-13 00:11:44,IA55_m-mistral-small-24b_sol1_gd0_rs0_bd1_str-mpfair_t00_n1,982,2,1,mistralai/Mistral-Small-24B-Instruct-2501,1,0,1,0,mpfair,0.0,0.0,0.0
2026-08-13 00:12:02,IA55_m-mistral-small-24b_sol1_gd0_rs0_bd1_str-mpfair_t00_n1,982,3,1,mistralai/Mistral-Small-24B-Instruct-2501,1,0,1,0,mpfair,0.0,0.0,0.0
2026-08-13 00:12:21,IA55_m-mistral-small-24b_sol1_gd0_rs0_bd1_str-mpfair_t00_n1,983,1,1,mistralai/Mistral-Small-24B-Instruct-2501,1,0,1,0,mpfair,0.0,12.5,0.0
2026-08-13 00:12:35,IA55_m-mistral-small-24b_sol1_gd0_rs0_bd1_str-mpfair_t00_n1,983,2,1,mistralai/Mistral-Small-24B-Instruct-2501,1,0,1,0,mpfair,0.0,10.0,0.0
2026-08-13 00:12:53,IA55_m-mistral-small-24b_sol1_gd0_rs0_bd1_str-mpfair_t00_n1,983,3,1,mistralai/Mistral-Small-24B-Instruct-2501,1,0,1,0,mpfair,0.0,10.5,0.0
2026-08-13 00:13:11,IA55_m-mistral-small-24b_sol1_gd0_rs0_bd1_str-mpfair_t00_n1,984,1,1,mistralai/Mistral-Small-24B-Instruct-2501,1,0,1,0,mpfair,0.0,10.5,0.0
2026-08-13 00:13:25,IA55_m-mistral-small-24b_sol1_gd0_rs0_bd1_str-mpfair_t00_n1,984,2,1,mistralai/Mistral-Small-24B-Instruct-2501,1,0,1,0,mpfair,0.0,10.0,0.0
2026-08-13 00:13:42,IA55_m-mistral-small-24b_sol1_gd0_rs0_bd1_str-mpfair_t00_n1,984,3,1,mistralai/Mistral-Small-24B-Instruct-2501,1,0,1,0,mpfair,0.0,10.5,0.0
2026-08-13 00:14:00,IA55_m-mistral-small-24b_sol1_gd0_rs0_bd1_str-mpfair_t00_n1,985,1,1,mistralai/Mistral-Small-24B-Instruct-2501,1,0,1,0,mpfair,0.0,13.5,0.0
2026-08-13 00:14:15,IA55_m-mistral-small-24b_sol1_gd0_rs0_bd1_str-mpfair_t00_n1,985,2,1,mistralai/Mistral-Small-24B-Instruct-2501,1,0,1,0,mpfair,0.0,10.0,0.0
2026-08-13 00:14:34,IA55_m-mistral-small-24b_sol1_gd0_rs0_bd1_str-mpfair_t00_n1,985,3,1,mistralai/Mistral-Small-24B-Instruct-2501,1,0,1,0,mpfair,0.0,10.5,0.0
2026-08-13 00:14:52,IA55_m-mistral-small-24b_sol1_gd0_rs0_bd1_str-mpfair_t00_n1,986,1,1,mistralai/Mistral-Small-24B-Instruct-2501,1,0,1,0,mpfair,0.0,10.0,0.0
2026-08-13 00:15:06,IA55_m-mistral-small-24b_sol1_gd0_rs0_bd1_str-mpfair_t00_n1,986,2,1,mistralai/Mistral-Small-24B-Instruct-2501,1,0,1,0,mpfair,0.0,0.0,0.0
2026-08-13 00:15:23,IA55_m-mistral-small-24b_sol1_gd0_rs0_bd1_str-mpfair_t00_n1,986,3,1,mistralai/Mistral-Small-24B-Instruct-2501,1,0,1,0,mpfair,0.0,10.5,0.0
2026-08-13 00:15:42,IA55_m-mistral-small-24b_sol1_gd0_rs0_bd1_str-mpfair_t00_n1,987,1,1,mistralai/Mistral-Small-24B-Instruct-2501,1,0,1,0,mpfair,0.0,12.5,0.0
2026-08-13 00:15:56,IA55_m-mistral-small-24b_sol1_gd0_rs0_bd1_str-mpfair_t00_n1,987,2,1,mistralai/Mistral-Small-24B-Instruct-2501,1,0,1,0,mpfair,0.0,0.0,0.0
2026-08-13 00:16:15,IA55_m-mistral-small-24b_sol1_gd0_rs0_bd1_str-mpfair_t00_n1,987,3,1,mistralai/Mistral-Small-24B-Instruct-2501,1,0,1,0,mpfair,0.0,10.5,0.0
2026-08-13 00:16:33,IA55_m-mistral-small-24b_sol1_gd0_rs0_bd1_str-mpfair_t00_n1,988,1,1,mistralai/Mistral-Small-24B-Instruct-2501,1,0,1,0,mpfair,0.0,13.5,0.0
2026-08-13 00:16:47,IA55_m-mistral-small-24b_sol1_gd0_rs0_bd1_str-mpfair_t00_n1,988,2,1,mistralai/Mistral-Small-24B-Instruct-2501,1,0,1,0,mpfair,0.0,10.0,0.0
2026-08-13 00:17:05,IA55_m-mistral-small-24b_sol1_gd0_rs0_bd1_str-mpfair_t00_n1,989,1,1,mistralai/Mistral-Small-24B-Instruct-2501,1,0,1,0,mpfair,0.0,14.5,0.0
2026-08-13 00:17:19,IA55_m-mistral-small-24b_sol1_gd0_rs0_bd1_str-mpfair_t00_n1,989,2,1,mistralai/Mistral-Small-24B-Instruct-2501,1,0,1,0,mpfair,0.0,0.0,0.0
2026-08-13 00:17:35,IA55_m-mistral-small-24b_sol1_gd0_rs0_bd1_str-mpfair_t00_n1,989,3,1,mistralai/Mistral-Small-24B-Instruct-2501,1,0,1,0,mpfair,0.0,0.0,0.0
2026-08-13 00:17:51,IA55_m-mistral-small-24b_sol1_gd0_rs0_bd1_str-mpfair_t00_n1,990,1,1,mistralai/Mistral-Small-24B-Instruct-2501,1,0,1,0,mpfair,0.0,10.5,0.0
2026-08-13 00:18:05,IA55_m-mistral-small-24b_sol1_gd0_rs0_bd1_str-mpfair_t00_n1,990,2,1,mistralai/Mistral-Small-24B-Instruct-2501,1,0,1,0,mpfair,0.0,0.0,0.0
2026-08-13 00:18:22,IA55_m-mistral-small-24b_sol1_gd0_rs0_bd1_str-mpfair_t00_n1,990,3,1,mistralai/Mistral-Small-24B-Instruct-2501,1,0,1,0,mpfair,0.0,10.5,0.0
2026-08-13 00:18:41,IA55_m-mistral-small-24b_sol1_gd0_rs0_bd1_str-mpfair_t00_n1,991,1,1,mistralai/Mistral-Small-24B-Instruct-2501,1,0,1,0,mpfair,0.0,10.0,0.0
2026-08-13 00:18:55,IA55_m-mistral-small-24b_sol1_gd0_rs0_bd1_str-mpfair_t00_n1,991,2,1,mistralai/Mistral-Small-24B-Instruct-2501,1,0,1,0,mpfair,0.0,0.0,0.0
2026-08-13 00:19:12,IA55_m-mistral-small-24b_sol1_gd0_rs0_bd1_str-mpfair_t00_n1,991,3,1,mistralai/Mistral-Small-24B-Instruct-2501,1,0,1,0,mpfair,0.0,0.0,0.0
2026-08-13 00:19:31,IA55_m-mistral-small-24b_sol1_gd0_rs0_bd1_str-mpfair_t00_n1,992,1,1,mistralai/Mistral-Small-24B-Instruct-2501,1,0,1,0,mpfair,0.0,14.5,0.0
2026-08-13 00:19:44,IA55_m-mistral-small-24b_sol1_gd0_rs0_bd1_str-mpfair_t00_n1,992,2,1,mistralai/Mistral-Small-24B-Instruct-2501,1,0,1,0,mpfair,0.0,10.0,3.0
2026-08-13 00:20:02,IA55_m-mistral-small-24b_sol1_gd0_rs0_bd1_str-mpfair_t00_n1,992,3,1,mistralai/Mistral-Small-24B-Instruct-2501,1,0,1,0,mpfair,0.0,10.5,0.0
2026-08-13 00:20:21,IA55_m-mistral-small-24b_sol1_gd0_rs0_bd1_str-mpfair_t00_n1,993,1,1,mistralai/Mistral-Small-24B-Instruct-2501,1,0,1,0,mpfair,0.0,1.0,0.0
2026-08-13 00:20:35,IA55_m-mistral-small-24b_sol1_gd0_rs0_bd1_str-mpfair_t00_n1,993,2,1,mistralai/Mistral-Small-24B-Instruct-2501,1,0,1,0,mpfair,0.0,0.0,0.0
2026-08-13 00:20:53,IA55_m-mistral-small-24b_sol1_gd0_rs0_bd1_str-mpfair_t00_n1,993,3,1,mistralai/Mistral-Small-24B-Instruct-2501,1,0,1,0,mpfair,0.0,0.0,0.0
2026-08-13 00:21:12,IA55_m-mistral-small-24b_sol1_gd0_rs0_bd1_str-mpfair_t00_n1,994,1,1,mistralai/Mistral-Small-24B-Instruct-2501,1,0,1,0,mpfair,0.0,19.0,3.0
2026-08-13 00:21:26,IA55_m-mistral-small-24b_sol1_gd0_rs0_bd1_str-mpfair_t00_n1,994,2,1,mistralai/Mistral-Small-24B-Instruct-2501,1,0,1,0,mpfair,0.0,10.0,0.0
2026-08-13 00:21:43,IA55_m-mistral-small-24b_sol1_gd0_rs0_bd1_str-mpfair_t00_n1,994,3,1,mistralai/Mistral-Small-24B-Instruct-2501,1,0,1,0,mpfair,0.0,12.5,0.0
2026-08-13 00:22:01,IA55_m-mistral-small-24b_sol1_gd0_rs0_bd1_str-mpfair_t00_n1,995,1,1,mistralai/Mistral-Small-24B-Instruct-2501,1,0,1,0,mpfair,0.0,18.0,0.0
2026-08-13 00:22:15,IA55_m-mistral-small-24b_sol1_gd0_rs0_bd1_str-mpfair_t00_n1,995,2,1,mistralai/Mistral-Small-24B-Instruct-2501,1,0,1,0,mpfair,0.0,10.0,0.0
2026-08-13 00:22:33,IA55_m-mistral-small-24b_sol1_gd0_rs0_bd1_str-mpfair_t00_n1,995,3,1,mistralai/Mistral-Small-24B-Instruct-2501,1,0,1,0,mpfair,0.0,10.5,0.0
2026-08-13 00:22:50,IA55_m-mistral-small-24b_sol1_gd0_rs0_bd1_str-mpfair_t00_n1,996,1,1,mistralai/Mistral-Small-24B-Instruct-2501,1,0,1,0,mpfair,0.0,10.5,0.0
2026-08-13 00:23:03,IA55_m-mistral-small-24b_sol1_gd0_rs0_bd1_str-mpfair_t00_n1,996,2,1,mistralai/Mistral-Small-24B-Instruct-2501,1,0,1,0,mpfair,0.0,10.0,0.0
2026-08-13 00:23:20,IA55_m-mistral-small-24b_sol1_gd0_rs0_bd1_str-mpfair_t00_n1,996,3,1,mistralai/Mistral-Small-24B-Instruct-2501,1,0,1,0,mpfair,0.0,10.5,0.0
2026-08-13 00:23:40,IA55_m-mistral-small-24b_sol1_gd0_rs0_bd1_str-mpfair_t00_n1,997,1,1,mistralai/Mistral-Small-24B-Instruct-2501,1,0,1,0,mpfair,0.0,13.5,0.0
2026-08-13 00:23:53,IA55_m-mistral-small-24b_sol1_gd0_rs0_bd1_str-mpfair_t00_n1,997,2,1,mistralai/Mistral-Small-24B-Instruct-2501,1,0,1,0,mpfair,0.0,10.0,0.0
2026-08-13 00:24:11,IA55_m-mistral-small-24b_sol1_gd0_rs0_bd1_str-mpfair_t00_n1,997,3,1,mistralai/Mistral-Small-24B-Instruct-2501,1,0,1,0,mpfair,0.0,0.0,0.0
2026-08-13 00:24:31,IA55_m-mistral-small-24b_sol1_gd0_rs0_bd1_str-mpfair_t00_n1,998,1,1,mistralai/Mistral-Small-24B-Instruct-2501,1,0,1,0,mpfair,0.0,10.0,0.0
2026-08-13 00:24:44,IA55_m-mistral-small-24b_sol1_gd0_rs0_bd1_str-mpfair_t00_n1,998,2,1,mistralai/Mistral-Small-24B-Instruct-2501,1,0,1,0,mpfair,0.0,10.0,0.0
2026-08-13 00:25:02,IA55_m-mistral-small-24b_sol1_gd0_rs0_bd1_str-mpfair_t00_n1,998,3,1,mistralai/Mistral-Small-24B-Instruct-2501,1,0,1,0,mpfair,0.0,10.5,0.0
2026-08-13 00:25:18,IA55_m-mistral-small-24b_sol1_gd0_rs0_bd1_str-mpfair_t00_n1,999,1,1,mistralai/Mistral-Small-24B-Instruct-2501,1,0,1,0,mpfair,0.0,0.0,0.0
2026-08-13 00:25:36,IA55_m-mistral-small-24b_sol1_gd0_rs0_bd1_str-mpfair_t00_n1,1000,1,1,mistralai/Mistral-Small-24B-Instruct-2501,1,0,1,0,mpfair,0.0,10.5,0.0
2026-08-13 00:25:51,IA55_m-mistral-small-24b_sol1_gd0_rs0_bd1_str-mpfair_t00_n1,1000,2,1,mistralai/Mistral-Small-24B-Instruct-2501,1,0,1,0,mpfair,0.0,10.0,0.0
2026-08-13 00:26:09,IA55_m-mistral-small-24b_sol1_gd0_rs0_bd1_str-mpfair_t00_n1,1000,3,1,mistralai/Mistral-Small-24B-Instruct-2501,1,0,1,0,mpfair,0.0,10.5,0.0
2026-08-13 00:26:25,IA55_m-mistral-small-24b_sol1_gd0_rs0_bd1_str-mpfair_t00_n1,1001,1,1,mistralai/Mistral-Small-24B-Instruct-2501,1,0,1,0,mpfair,0.0,0.0,0.0
2026-08-13 00:26:38,IA55_m-mistral-small-24b_sol1_gd0_rs0_bd1_str-mpfair_t00_n1,1001,2,1,mistralai/Mistral-Small-24B-Instruct-2501,1,0,1,0,mpfair,0.0,0.0,0.0
2026-08-13 00:26:53,IA55_m-mistral-small-24b_sol1_gd0_rs0_bd1_str-mpfair_t00_n1,1001,3,1,mistralai/Mistral-Small-24B-Instruct-2501,1,0,1,0,mpfair,0.0,0.0,0.0
2026-08-13 00:27:12,IA55_m-mistral-small-24b_sol1_gd0_rs0_bd1_str-mpfair_t00_n1,1002,1,1,mistralai/Mistral-Small-24B-Instruct-2501,1,0,1,0,mpfair,0.0,10.0,0.0
2026-08-13 00:27:25,IA55_m-mistral-small-24b_sol1_gd0_rs0_bd1_str-mpfair_t00_n1,1002,2,1,mistralai/Mistral-Small-24B-Instruct-2501,1,0,1,0,mpfair,0.0,0.0,0.0
2026-08-13 00:27:43,IA55_m-mistral-small-24b_sol1_gd0_rs0_bd1_str-mpfair_t00_n1,1002,3,1,mistralai/Mistral-Small-24B-Instruct-2501,1,0,1,0,mpfair,0.0,0.0,0.0
2026-08-13 00:28:02,IA55_m-mistral-small-24b_sol1_gd0_rs0_bd1_str-mpfair_t00_n1,1003,1,1,mistralai/Mistral-Small-24B-Instruct-2501,1,0,1,0,mpfair,0.0,10.0,0.0
2026-08-13 00:28:23,IA55_m-mistral-small-24b_sol1_gd0_rs0_bd1_str-mpfair_t00_n1,1004,1,1,mistralai/Mistral-Small-24B-Instruct-2501,1,0,1,0,mpfair,0.0,18.0,3.0
2026-08-13 00:28:37,IA55_m-mistral-small-24b_sol1_gd0_rs0_bd1_str-mpfair_t00_n1,1004,2,1,mistralai/Mistral-Small-24B-Instruct-2501,1,0,1,0,mpfair,0.0,13.0,3.0
2026-08-13 00:28:55,IA55_m-mistral-small-24b_sol1_gd0_rs0_bd1_str-mpfair_t00_n1,1004,3,1,mistralai/Mistral-Small-24B-Instruct-2501,1,0,1,0,mpfair,0.0,10.5,0.0
2026-08-13 00:29:14,IA55_m-mistral-small-24b_sol1_gd0_rs0_bd1_str-mpfair_t00_n1,1005,1,1,mistralai/Mistral-Small-24B-Instruct-2501,1,0,1,0,mpfair,0.0,10.0,0.0
2026-08-13 00:29:28,IA55_m-mistral-small-24b_sol1_gd0_rs0_bd1_str-mpfair_t00_n1,1005,2,1,mistralai/Mistral-Small-24B-Instruct-2501,1,0,1,0,mpfair,0.0,0.0,0.0
2026-08-13 00:29:47,IA55_m-mistral-small-24b_sol1_gd0_rs0_bd1_str-mpfair_t00_n1,1006,1,1,mistralai/Mistral-Small-24B-Instruct-2501,1,0,1,0,mpfair,0.0,10.0,0.0
2026-08-13 00:29:59,IA55_m-mistral-small-24b_sol1_gd0_rs0_bd1_str-mpfair_t00_n1,1006,2,1,mistralai/Mistral-Small-24B-Instruct-2501,1,0,1,0,mpfair,0.0,0.0,0.0
2026-08-13 00:30:18,IA55_m-mistral-small-24b_sol1_gd0_rs0_bd1_str-mpfair_t00_n1,1006,3,1,mistralai/Mistral-Small-24B-Instruct-2501,1,0,1,0,mpfair,0.0,0.0,0.0
2026-08-13 00:30:37,IA55_m-mistral-small-24b_sol1_gd0_rs0_bd1_str-mpfair_t00_n1,1007,1,1,mistralai/Mistral-Small-24B-Instruct-2501,1,0,1,0,mpfair,0.0,10.5,0.0
2026-08-13 00:30:51,IA55_m-mistral-small-24b_sol1_gd0_rs0_bd1_str-mpfair_t00_n1,1007,2,1,mistralai/Mistral-Small-24B-Instruct-2501,1,0,1,0,mpfair,0.0,0.0,0.0
2026-08-13 00:31:08,IA55_m-mistral-small-24b_sol1_gd0_rs0_bd1_str-mpfair_t00_n1,1007,3,1,mistralai/Mistral-Small-24B-Instruct-2501,1,0,1,0,mpfair,0.0,12.5,0.0
2026-08-13 00:31:25,IA55_m-mistral-small-24b_sol1_gd0_rs0_bd1_str-mpfair_t00_n1,1008,1,1,mistralai/Mistral-Small-24B-Instruct-2501,1,0,1,0,mpfair,0.0,12.5,0.0
2026-08-13 00:31:43,IA55_m-mistral-small-24b_sol1_gd0_rs0_bd1_str-mpfair_t00_n1,1008,3,1,mistralai/Mistral-Small-24B-Instruct-2501,1,0,1,0,mpfair,0.0,0.0,0.0
2026-08-13 00:32:01,IA55_m-mistral-small-24b_sol1_gd0_rs0_bd1_str-mpfair_t00_n1,1009,1,1,mistralai/Mistral-Small-24B-Instruct-2501,1,0,1,0,mpfair,0.0,10.0,0.0
2026-08-13 00:32:20,IA55_m-mistral-small-24b_sol1_gd0_rs0_bd1_str-mpfair_t00_n1,1010,1,1,mistralai/Mistral-Small-24B-Instruct-2501,1,0,1,0,mpfair,0.0,12.0,0.0
2026-08-13 00:32:34,IA55_m-mistral-small-24b_sol1_gd0_rs0_bd1_str-mpfair_t00_n1,1010,2,1,mistralai/Mistral-Small-24B-Instruct-2501,1,0,1,0,mpfair,0.0,13.0,3.0
2026-08-13 00:32:50,IA55_m-mistral-small-24b_sol1_gd0_rs0_bd1_str-mpfair_t00_n1,1010,3,1,mistralai/Mistral-Small-24B-Instruct-2501,1,0,1,0,mpfair,0.0,10.5,0.0
2026-08-13 00:33:07,IA55_m-mistral-small-24b_sol1_gd0_rs0_bd1_str-mpfair_t00_n1,1011,1,1,mistralai/Mistral-Small-24B-Instruct-2501,1,0,1,0,mpfair,0.0,10.5,0.0
2026-08-13 00:33:21,IA55_m-mistral-small-24b_sol1_gd0_rs0_bd1_str-mpfair_t00_n1,1011,2,1,mistralai/Mistral-Small-24B-Instruct-2501,1,0,1,0,mpfair,0.0,0.0,0.0
2026-08-13 00:33:40,IA55_m-mistral-small-24b_sol1_gd0_rs0_bd1_str-mpfair_t00_n1,1011,3,1,mistralai/Mistral-Small-24B-Instruct-2501,1,0,1,0,mpfair,0.0,0.0,0.0
2026-08-13 00:33:58,IA55_m-mistral-small-24b_sol1_gd0_rs0_bd1_str-mpfair_t00_n1,1012,1,1,mistralai/Mistral-Small-24B-Instruct-2501,1,0,1,0,mpfair,0.0,16.0,0.0
2026-08-13 00:34:11,IA55_m-mistral-small-24b_sol1_gd0_rs0_bd1_str-mpfair_t00_n1,1012,2,1,mistralai/Mistral-Small-24B-Instruct-2501,1,0,1,0,mpfair,0.0,10.0,0.0
2026-08-13 00:34:30,IA55_m-mistral-small-24b_sol1_gd0_rs0_bd1_str-mpfair_t00_n1,1012,3,1,mistralai/Mistral-Small-24B-Instruct-2501,1,0,1,0,mpfair,0.0,10.0,0.0
2026-08-13 00:34:48,IA55_m-mistral-small-24b_sol1_gd0_rs0_bd1_str-mpfair_t00_n1,1013,1,1,mistralai/Mistral-Small-24B-Instruct-2501,1,0,1,0,mpfair,0.0,10.0,0.0
2026-08-13 00:35:01,IA55_m-mistral-small-24b_sol1_gd0_rs0_bd1_str-mpfair_t00_n1,1013,2,1,mistralai/Mistral-Small-24B-Instruct-2501,1,0,1,0,mpfair,0.0,0.0,0.0
2026-08-13 00:35:22,IA55_m-mistral-small-24b_sol1_gd0_rs0_bd1_str-mpfair_t00_n1,1014,1,1,mistralai/Mistral-Small-24B-Instruct-2501,1,0,1,0,mpfair,0.0,13.0,0.0
2026-08-13 00:35:36,IA55_m-mistral-small-24b_sol1_gd0_rs0_bd1_str-mpfair_t00_n1,1014,2,1,mistralai/Mistral-Small-24B-Instruct-2501,1,0,1,0,mpfair,0.0,10.0,0.0
2026-08-13 00:35:55,IA55_m-mistral-small-24b_sol1_gd0_rs0_bd1_str-mpfair_t00_n1,1014,3,1,mistralai/Mistral-Small-24B-Instruct-2501,1,0,1,0,mpfair,0.0,10.5,0.0
2026-08-13 00:36:15,IA55_m-mistral-small-24b_sol1_gd0_rs0_bd1_str-mpfair_t00_n1,1015,1,1,mistralai/Mistral-Small-24B-Instruct-2501,1,0,1,0,mpfair,0.0,10.5,0.0
2026-08-13 00:36:29,IA55_m-mistral-small-24b_sol1_gd0_rs0_bd1_str-mpfair_t00_n1,1015,2,1,mistralai/Mistral-Small-24B-Instruct-2501,1,0,1,0,mpfair,0.0,0.0,0.0
2026-08-13 00:36:48,IA55_m-mistral-small-24b_sol1_gd0_rs0_bd1_str-mpfair_t00_n1,1015,3,1,mistralai/Mistral-Small-24B-Instruct-2501,1,0,1,0,mpfair,0.0,10.0,0.0
2026-08-13 00:37:07,IA55_m-mistral-small-24b_sol1_gd0_rs0_bd1_str-mpfair_t00_n1,1016,1,1,mistralai/Mistral-Small-24B-Instruct-2501,1,0,1,0,mpfair,0.0,18.0,0.0
2026-08-13 00:37:20,IA55_m-mistral-small-24b_sol1_gd0_rs0_bd1_str-mpfair_t00_n1,1016,2,1,mistralai/Mistral-Small-24B-Instruct-2501,1,0,1,0,mpfair,0.0,12.0,3.0
2026-08-13 00:37:38,IA55_m-mistral-small-24b_sol1_gd0_rs0_bd1_str-mpfair_t00_n1,1016,3,1,mistralai/Mistral-Small-24B-Instruct-2501,1,0,1,0,mpfair,0.0,14.0,0.0
2026-08-13 00:37:55,IA55_m-mistral-small-24b_sol1_gd0_rs0_bd1_str-mpfair_t00_n1,1017,1,1,mistralai/Mistral-Small-24B-Instruct-2501,1,0,1,0,mpfair,0.0,18.0,0.0
2026-08-13 00:38:09,IA55_m-mistral-small-24b_sol1_gd0_rs0_bd1_str-mpfair_t00_n1,1017,2,1,mistralai/Mistral-Small-24B-Instruct-2501,1,0,1,0,mpfair,0.0,12.0,3.0
2026-08-13 00:38:29,IA55_m-mistral-small-24b_sol1_gd0_rs0_bd1_str-mpfair_t00_n1,1017,3,1,mistralai/Mistral-Small-24B-Instruct-2501,1,0,1,0,mpfair,0.0,12.0,0.0
2026-08-13 00:38:47,IA55_m-mistral-small-24b_sol1_gd0_rs0_bd1_str-mpfair_t00_n1,1018,1,1,mistralai/Mistral-Small-24B-Instruct-2501,1,0,1,0,mpfair,0.0,19.5,3.0
2026-08-13 00:39:00,IA55_m-mistral-small-24b_sol1_gd0_rs0_bd1_str-mpfair_t00_n1,1018,2,1,mistralai/Mistral-Small-24B-Instruct-2501,1,0,1,0,mpfair,0.0,12.0,3.0
2026-08-13 00:39:17,IA55_m-mistral-small-24b_sol1_gd0_rs0_bd1_str-mpfair_t00_n1,1018,3,1,mistralai/Mistral-Small-24B-Instruct-2501,1,0,1,0,mpfair,0.0,12.5,0.0
2026-08-13 00:39:37,IA55_m-mistral-small-24b_sol1_gd0_rs0_bd1_str-mpfair_t00_n1,1019,1,1,mistralai/Mistral-Small-24B-Instruct-2501,1,0,1,0,mpfair,0.0,10.0,0.0
2026-08-13 00:39:51,IA55_m-mistral-small-24b_sol1_gd0_rs0_bd1_str-mpfair_t00_n1,1019,2,1,mistralai/Mistral-Small-24B-Instruct-2501,1,0,1,0,mpfair,0.0,0.0,0.0
2026-08-13 00:40:09,IA55_m-mistral-small-24b_sol1_gd0_rs0_bd1_str-mpfair_t00_n1,1019,3,1,mistralai/Mistral-Small-24B-Instruct-2501,1,0,1,0,mpfair,0.0,0.0,0.0
2026-08-13 00:40:28,IA55_m-mistral-small-24b_sol1_gd0_rs0_bd1_str-mpfair_t00_n1,1020,1,1,mistralai/Mistral-Small-24B-Instruct-2501,1,0,1,0,mpfair,0.0,12.0,0.0
2026-08-13 00:40:42,IA55_m-mistral-small-24b_sol1_gd0_rs0_bd1_str-mpfair_t00_n1,1020,2,1,mistralai/Mistral-Small-24B-Instruct-2501,1,0,1,0,mpfair,0.0,10.0,0.0
2026-08-13 00:40:57,IA55_m-mistral-small-24b_sol1_gd0_rs0_bd1_str-mpfair_t00_n1,1020,3,1,mistralai/Mistral-Small-24B-Instruct-2501,1,0,1,0,mpfair,0.0,0.0,0.0
2026-08-13 00:41:15,IA55_m-mistral-small-24b_sol1_gd0_rs0_bd1_str-mpfair_t00_n1,1021,1,1,mistralai/Mistral-Small-24B-Instruct-2501,1,0,1,0,mpfair,0.0,0.0,0.0
2026-08-13 00:41:27,IA55_m-mistral-small-24b_sol1_gd0_rs0_bd1_str-mpfair_t00_n1,1021,2,1,mistralai/Mistral-Small-24B-Instruct-2501,1,0,1,0,mpfair,0.0,0.0,0.0
2026-08-13 00:41:42,IA55_m-mistral-small-24b_sol1_gd0_rs0_bd1_str-mpfair_t00_n1,1021,3,1,mistralai/Mistral-Small-24B-Instruct-2501,1,0,1,0,mpfair,0.0,0.0,0.0
2026-08-13 00:41:59,IA55_m-mistral-small-24b_sol1_gd0_rs0_bd1_str-mpfair_t00_n1,1022,1,1,mistralai/Mistral-Small-24B-Instruct-2501,1,0,1,0,mpfair,0.0,13.5,0.0
2026-08-13 00:42:13,IA55_m-mistral-small-24b_sol1_gd0_rs0_bd1_str-mpfair_t00_n1,1022,2,1,mistralai/Mistral-Small-24B-Instruct-2501,1,0,1,0,mpfair,0.0,10.0,0.0
2026-08-13 00:42:31,IA55_m-mistral-small-24b_sol1_gd0_rs0_bd1_str-mpfair_t00_n1,1022,3,1,mistralai/Mistral-Small-24B-Instruct-2501,1,0,1,0,mpfair,0.0,0.0,0.0
2026-08-13 00:42:50,IA55_m-mistral-small-24b_sol1_gd0_rs0_bd1_str-mpfair_t00_n1,1023,1,1,mistralai/Mistral-Small-24B-Instruct-2501,1,0,1,0,mpfair,0.0,10.0,0.0
2026-08-13 00:43:02,IA55_m-mistral-small-24b_sol1_gd0_rs0_bd1_str-mpfair_t00_n1,1023,2,1,mistralai/Mistral-Small-24B-Instruct-2501,1,0,1,0,mpfair,0.0,0.0,0.0
2026-08-13 00:43:19,IA55_m-mistral-small-24b_sol1_gd0_rs0_bd1_str-mpfair_t00_n1,1023,3,1,mistralai/Mistral-Small-24B-Instruct-2501,1,0,1,0,mpfair,0.0,10.5,0.0
2026-08-13 00:43:37,IA55_m-mistral-small-24b_sol1_gd0_rs0_bd1_str-mpfair_t00_n1,1024,1,1,mistralai/Mistral-Small-24B-Instruct-2501,1,0,1,0,mpfair,0.0,10.0,0.0
2026-08-13 00:43:49,IA55_m-mistral-small-24b_sol1_gd0_rs0_bd1_str-mpfair_t00_n1,1024,2,1,mistralai/Mistral-Small-24B-Instruct-2501,1,0,1,0,mpfair,0.0,0.0,0.0
2026-08-13 00:44:07,IA55_m-mistral-small-24b_sol1_gd0_rs0_bd1_str-mpfair_t00_n1,1024,3,1,mistralai/Mistral-Small-24B-Instruct-2501,1,0,1,0,mpfair,0.0,0.0,0.0
2026-08-13 00:44:26,IA55_m-mistral-small-24b_sol1_gd0_rs0_bd1_str-mpfair_t00_n1,1025,1,1,mistralai/Mistral-Small-24B-Instruct-2501,1,0,1,0,mpfair,0.0,18.0,0.0
2026-08-13 00:44:39,IA55_m-mistral-small-24b_sol1_gd0_rs0_bd1_str-mpfair_t00_n1,1025,2,1,mistralai/Mistral-Small-24B-Instruct-2501,1,0,1,0,mpfair,0.0,0.0,0.0
2026-08-13 00:44:57,IA55_m-mistral-small-24b_sol1_gd0_rs0_bd1_str-mpfair_t00_n1,1025,3,1,mistralai/Mistral-Small-24B-Instruct-2501,1,0,1,0,mpfair,0.0,0.0,0.0
2026-08-13 00:45:14,IA55_m-mistral-small-24b_sol1_gd0_rs0_bd1_str-mpfair_t00_n1,1026,1,1,mistralai/Mistral-Small-24B-Instruct-2501,1,0,1,0,mpfair,0.0,10.5,0.0
2026-08-13 00:45:27,IA55_m-mistral-small-24b_sol1_gd0_rs0_bd1_str-mpfair_t00_n1,1026,2,1,mistralai/Mistral-Small-24B-Instruct-2501,1,0,1,0,mpfair,0.0,10.0,0.0
2026-08-13 00:45:45,IA55_m-mistral-small-24b_sol1_gd0_rs0_bd1_str-mpfair_t00_n1,1026,3,1,mistralai/Mistral-Small-24B-Instruct-2501,1,0,1,0,mpfair,0.0,0.0,0.0
2026-08-13 00:46:05,IA55_m-mistral-small-24b_sol1_gd0_rs0_bd1_str-mpfair_t00_n1,1027,1,1,mistralai/Mistral-Small-24B-Instruct-2501,1,0,1,0,mpfair,0.0,10.0,0.0
2026-08-13 00:46:19,IA55_m-mistral-small-24b_sol1_gd0_rs0_bd1_str-mpfair_t00_n1,1027,2,1,mistralai/Mistral-Small-24B-Instruct-2501,1,0,1,0,mpfair,0.0,0.0,0.0
2026-08-13 00:46:35,IA55_m-mistral-small-24b_sol1_gd0_rs0_bd1_str-mpfair_t00_n1,1027,3,1,mistralai/Mistral-Small-24B-Instruct-2501,1,0,1,0,mpfair,0.0,10.5,0.0
2026-08-13 00:46:54,IA55_m-mistral-small-24b_sol1_gd0_rs0_bd1_str-mpfair_t00_n1,1028,1,1,mistralai/Mistral-Small-24B-Instruct-2501,1,0,1,0,mpfair,0.0,0.0,0.0
2026-08-13 00:47:08,IA55_m-mistral-small-24b_sol1_gd0_rs0_bd1_str-mpfair_t00_n1,1028,2,1,mistralai/Mistral-Small-24B-Instruct-2501,1,0,1,0,mpfair,0.0,0.0,0.0
2026-08-13 00:47:27,IA55_m-mistral-small-24b_sol1_gd0_rs0_bd1_str-mpfair_t00_n1,1028,3,1,mistralai/Mistral-Small-24B-Instruct-2501,1,0,1,0,mpfair,0.0,0.0,0.0
2026-08-13 00:47:45,IA55_m-mistral-small-24b_sol1_gd0_rs0_bd1_str-mpfair_t00_n1,1029,1,1,mistralai/Mistral-Small-24B-Instruct-2501,1,0,1,0,mpfair,0.0,13.5,0.0
2026-08-13 00:47:59,IA55_m-mistral-small-24b_sol1_gd0_rs0_bd1_str-mpfair_t00_n1,1029,2,1,mistralai/Mistral-Small-24B-Instruct-2501,1,0,1,0,mpfair,0.0,0.0,0.0
2026-08-13 00:48:18,IA55_m-mistral-small-24b_sol1_gd0_rs0_bd1_str-mpfair_t00_n1,1029,3,1,mistralai/Mistral-Small-24B-Instruct-2501,1,0,1,0,mpfair,0.0,0.0,0.0
2026-08-13 00:48:36,IA55_m-mistral-small-24b_sol1_gd0_rs0_bd1_str-mpfair_t00_n1,1030,1,1,mistralai/Mistral-Small-24B-Instruct-2501,1,0,1,0,mpfair,0.0,10.0,0.0
2026-08-13 00:48:50,IA55_m-mistral-small-24b_sol1_gd0_rs0_bd1_str-mpfair_t00_n1,1030,2,1,mistralai/Mistral-Small-24B-Instruct-2501,1,0,1,0,mpfair,0.0,0.0,0.0
2026-08-13 00:49:09,IA55_m-mistral-small-24b_sol1_gd0_rs0_bd1_str-mpfair_t00_n1,1030,3,1,mistralai/Mistral-Small-24B-Instruct-2501,1,0,1,0,mpfair,0.0,10.0,0.0
2026-08-13 00:49:27,IA55_m-mistral-small-24b_sol1_gd0_rs0_bd1_str-mpfair_t00_n1,1031,1,1,mistralai/Mistral-Small-24B-Instruct-2501,1,0,1,0,mpfair,0.0,10.5,0.0
2026-08-13 00:49:42,IA55_m-mistral-small-24b_sol1_gd0_rs0_bd1_str-mpfair_t00_n1,1031,2,1,mistralai/Mistral-Small-24B-Instruct-2501,1,0,1,0,mpfair,0.0,10.0,0.0
2026-08-13 00:50:01,IA55_m-mistral-small-24b_sol1_gd0_rs0_bd1_str-mpfair_t00_n1,1031,3,1,mistralai/Mistral-Small-24B-Instruct-2501,1,0,1,0,mpfair,0.0,10.0,0.0
2026-08-13 00:50:20,IA55_m-mistral-small-24b_sol1_gd0_rs0_bd1_str-mpfair_t00_n1,1032,1,1,mistralai/Mistral-Small-24B-Instruct-2501,1,0,1,0,mpfair,0.0,10.0,0.0
2026-08-13 00:50:38,IA55_m-mistral-small-24b_sol1_gd0_rs0_bd1_str-mpfair_t00_n1,1032,3,1,mistralai/Mistral-Small-24B-Instruct-2501,1,0,1,0,mpfair,0.0,0.0,0.0
2026-08-13 00:50:56,IA55_m-mistral-small-24b_sol1_gd0_rs0_bd1_str-mpfair_t00_n1,1033,1,1,mistralai/Mistral-Small-24B-Instruct-2501,1,0,1,0,mpfair,0.0,18.0,0.0
2026-08-13 00:51:09,IA55_m-mistral-small-24b_sol1_gd0_rs0_bd1_str-mpfair_t00_n1,1033,2,1,mistralai/Mistral-Small-24B-Instruct-2501,1,0,1,0,mpfair,0.0,13.0,0.0
2026-08-13 00:51:26,IA55_m-mistral-small-24b_sol1_gd0_rs0_bd1_str-mpfair_t00_n1,1033,3,1,mistralai/Mistral-Small-24B-Instruct-2501,1,0,1,0,mpfair,0.0,12.5,0.0
2026-08-13 00:51:45,IA55_m-mistral-small-24b_sol1_gd0_rs0_bd1_str-mpfair_t00_n1,1034,1,1,mistralai/Mistral-Small-24B-Instruct-2501,1,0,1,0,mpfair,0.0,18.0,0.0
2026-08-13 00:51:58,IA55_m-mistral-small-24b_sol1_gd0_rs0_bd1_str-mpfair_t00_n1,1034,2,1,mistralai/Mistral-Small-24B-Instruct-2501,1,0,1,0,mpfair,0.0,10.0,0.0
2026-08-13 00:52:16,IA55_m-mistral-small-24b_sol1_gd0_rs0_bd1_str-mpfair_t00_n1,1034,3,1,mistralai/Mistral-Small-24B-Instruct-2501,1,0,1,0,mpfair,0.0,12.0,0.0
2026-08-13 00:52:36,IA55_m-mistral-small-24b_sol1_gd0_rs0_bd1_str-mpfair_t00_n1,1035,1,1,mistralai/Mistral-Small-24B-Instruct-2501,1,0,1,0,mpfair,0.0,16.0,0.0
2026-08-13 00:52:50,IA55_m-mistral-small-24b_sol1_gd0_rs0_bd1_str-mpfair_t00_n1,1035,2,1,mistralai/Mistral-Small-24B-Instruct-2501,1,0,1,0,mpfair,0.0,0.0,0.0
2026-08-13 00:53:09,IA55_m-mistral-small-24b_sol1_gd0_rs0_bd1_str-mpfair_t00_n1,1035,3,1,mistralai/Mistral-Small-24B-Instruct-2501,1,0,1,0,mpfair,0.0,10.5,0.0
2026-08-13 00:53:28,IA55_m-mistral-small-24b_sol1_gd0_rs0_bd1_str-mpfair_t00_n1,1036,1,1,mistralai/Mistral-Small-24B-Instruct-2501,1,0,1,0,mpfair,0.0,12.5,0.0
2026-08-13 00:53:41,IA55_m-mistral-small-24b_sol1_gd0_rs0_bd1_str-mpfair_t00_n1,1036,2,1,mistralai/Mistral-Small-24B-Instruct-2501,1,0,1,0,mpfair,0.0,0.0,0.0
2026-08-13 00:54:00,IA55_m-mistral-small-24b_sol1_gd0_rs0_bd1_str-mpfair_t00_n1,1036,3,1,mistralai/Mistral-Small-24B-Instruct-2501,1,0,1,0,mpfair,0.0,10.0,0.0
2026-08-13 00:54:20,IA55_m-mistral-small-24b_sol1_gd0_rs0_bd1_str-mpfair_t00_n1,1037,1,1,mistralai/Mistral-Small-24B-Instruct-2501,1,0,1,0,mpfair,0.0,14.5,0.0
2026-08-13 00:54:33,IA55_m-mistral-small-24b_sol1_gd0_rs0_bd1_str-mpfair_t00_n1,1037,2,1,mistralai/Mistral-Small-24B-Instruct-2501,1,0,1,0,mpfair,0.0,0.0,0.0
2026-08-13 00:54:52,IA55_m-mistral-small-24b_sol1_gd0_rs0_bd1_str-mpfair_t00_n1,1037,3,1,mistralai/Mistral-Small-24B-Instruct-2501,1,0,1,0,mpfair,0.0,10.5,0.0
2026-08-13 00:55:09,IA55_m-mistral-small-24b_sol1_gd0_rs0_bd1_str-mpfair_t00_n1,1038,1,1,mistralai/Mistral-Small-24B-Instruct-2501,1,0,1,0,mpfair,0.0,10.5,0.0
2026-08-13 00:55:23,IA55_m-mistral-small-24b_sol1_gd0_rs0_bd1_str-mpfair_t00_n1,1038,2,1,mistralai/Mistral-Small-24B-Instruct-2501,1,0,1,0,mpfair,0.0,0.0,0.0
2026-08-13 00:55:43,IA55_m-mistral-small-24b_sol1_gd0_rs0_bd1_str-mpfair_t00_n1,1038,3,1,mistralai/Mistral-Small-24B-Instruct-2501,1,0,1,0,mpfair,0.0,10.0,0.0
